1783099952822 1.3880670070648193 0
1783099952827 1.372080683708191 1
1783099952832 1.358221173286438 2
1783099952837 1.350832223892212 3
1783099952842 1.351435899734497 4
1783099952847 1.3381192684173584 5
1783099952853 1.3311712741851807 6
1783099952858 1.3064008951187134 7
1783099952863 1.3131760358810425 8
1783099952869 1.2984545230865479 9
1783099952874 1.2856497764587402 10
1783099952880 1.2795240879058838 11
1783099952885 1.2782914638519287 12
1783099952889 1.2779333591461182 13
1783099952894 1.263150691986084 14
1783099952900 1.2505178451538086 15
1783099952905 1.2432515621185303 16
1783099952910 1.2359957695007324 17
1783099952915 1.229578971862793 18
1783099952920 1.219365119934082 19
1783099952924 1.221848487854004 20
1783099952929 1.2070497274398804 21
1783099952933 1.199619174003601 22
1783099952938 1.2017600536346436 23
1783099952943 1.1822344064712524 24
1783099952947 1.19268000125885 25
1783099952952 1.1749428510665894 26
1783099952958 1.1737104654312134 27
1783099952964 1.1735460758209229 28
1783099952970 1.1691324710845947 29
1783099952975 1.1589288711547852 30
1783099952979 1.1582973003387451 31
1783099952984 1.1413217782974243 32
1783099952988 1.146121621131897 33
1783099952992 1.1459864377975464 34
1783099952998 1.1254074573516846 35
1783099953003 1.1196486949920654 36
1783099953007 1.1167631149291992 37
1783099953011 1.1153154373168945 38
1783099953016 1.1095247268676758 39
1783099953021 1.1047487258911133 40
1783099953026 1.0928016901016235 41
1783099953030 1.092175006866455 42
1783099953035 1.0958640575408936 43
1783099953039 1.079027771949768 44
1783099953043 1.0768203735351562 45
1783099953048 1.0764964818954468 46
1783099953052 1.0740240812301636 47
1783099953056 1.061720848083496 48
1783099953060 1.0661959648132324 49
1783099953064 1.0451197624206543 50
1783099953068 1.0525438785552979 51
1783099953073 1.0406824350357056 52
1783099953078 1.041184663772583 53
1783099953082 1.0354068279266357 54
1783099953086 1.0399703979492188 55
1783099953090 1.0220638513565063 56
1783099953094 1.027441382408142 57
1783099953098 1.0272393226623535 58
1783099953102 1.0254701375961304 59
1783099953105 1.0144203901290894 60
1783099953109 1.0121753215789795 61
1783099953112 1.0063486099243164 62
1783099953116 1.0105972290039062 63
1783099953120 1.0051612854003906 64
1783099953125 1.0081496238708496 65
1783099953129 1.0002143383026123 66
1783099953133 0.9881465435028076 67
1783099953136 0.9891564846038818 68
1783099953141 0.9951661229133606 69
1783099953146 0.9920405149459839 70
1783099953150 0.9815589189529419 71
1783099953154 0.9797458648681641 72
1783099953158 0.9815952181816101 73
1783099953162 0.977638840675354 74
1783099953167 0.9797759056091309 75
1783099953171 0.9842893481254578 76
1783099953175 0.9688135981559753 77
1783099953179 0.976158618927002 78
1783099953183 0.9703860282897949 79
1783099953187 0.9639659523963928 80
1783099953191 0.9623637199401855 81
1783099953196 0.9584283828735352 82
1783099953200 0.9625720977783203 83
1783099953204 0.960608959197998 84
1783099953208 0.9584134817123413 85
1783099953212 0.9511679410934448 86
1783099953216 0.9521362781524658 87
1783099953221 0.9585391879081726 88
1783099953226 0.9490833282470703 89
1783099953230 0.9426254034042358 90
1783099953234 0.9408168792724609 91
1783099953238 0.960265040397644 92
1783099953242 0.9472752809524536 93
1783099953247 0.931759238243103 94
1783099953251 0.9433178305625916 95
1783099953255 0.936095118522644 96
1783099953259 0.9433741569519043 97
1783099953263 0.929607629776001 98
1783099953267 0.9397806525230408 99
1783099953272 0.9421871900558472 100
1783099953276 0.9382439851760864 101
1783099953281 0.9345443248748779 102
1783099953284 0.9282465577125549 103
1783099953289 0.9374498724937439 104
1783099953293 0.9339041113853455 105
1783099953297 0.935502290725708 106
1783099953301 0.9377700686454773 107
1783099953305 0.9256993532180786 108
1783099953309 0.9390919208526611 109
1783099953313 0.9267765283584595 110
1783099953317 0.9237851500511169 111
1783099953321 0.9289528131484985 112
1783099953324 0.9405693411827087 113
1783099953328 0.9243592619895935 114
1783099953332 0.9331315755844116 115
1783099953336 0.9387480020523071 116
1783099953341 0.9296213388442993 117
1783099953346 0.9283785223960876 118
1783099953350 0.9311338663101196 119
1783099953354 0.9276803135871887 120
1783099953357 0.9248038530349731 121
1783099953361 0.9303890466690063 122
1783099953365 0.9369764924049377 123
1783099953369 0.9343653917312622 124
1783099953373 0.9383571147918701 125
1783099953377 0.9338862895965576 126
1783099953381 0.9294952154159546 127
1783099953385 0.9348685145378113 128
1783099953389 0.9296866655349731 129
1783099953393 0.9342688322067261 130
1783099953398 0.9388817548751831 131
1783099953402 0.9310615062713623 132
1783099953406 0.9291056394577026 133
1783099953411 0.9280146956443787 134
1783099953415 0.9341332316398621 135
1783099953419 0.9283717274665833 136
1783099953423 0.9262382984161377 137
1783099953427 0.9270471930503845 138
1783099953431 0.9310413599014282 139
1783099953435 0.9367730617523193 140
1783099953438 0.9269194602966309 141
1783099953442 0.9281759262084961 142
1783099953446 0.9260295629501343 143
1783099953451 0.9278987646102905 144
1783099953454 0.9356232285499573 145
1783099953457 0.9213688373565674 146
1783099953461 0.9280139207839966 147
1783099953464 0.9382969737052917 148
1783099953467 0.9340024590492249 149
1783099953469 0.9387013912200928 150
1783099953472 0.9425621032714844 151
1783099953475 0.9318299293518066 152
1783099953478 0.9374175071716309 153
1783099953481 0.9407705664634705 154
1783099953484 0.9181488156318665 155
1783099953487 0.9318277835845947 156
1783099953490 0.9298593997955322 157
1783099953493 0.9306344389915466 158
1783099953496 0.9313435554504395 159
1783099953501 0.9366490840911865 160
1783099953505 0.9420307278633118 161
1783099953509 0.9298677444458008 162
1783099953513 0.9323477149009705 163
1783099953516 0.9265475869178772 164
1783099953519 0.9374287128448486 165
1783099953523 0.9438585638999939 166
1783099953526 0.9328407645225525 167
1783099953529 0.9311617016792297 168
1783099953532 0.9220640063285828 169
1783099953535 0.934429407119751 170
1783099953538 0.9369439482688904 171
1783099953542 0.9371591210365295 172
1783099953545 0.9405533075332642 173
1783099953548 0.9235705733299255 174
1783099953552 0.9384040832519531 175
1783099953557 0.9377337694168091 176
1783099953561 0.9428538680076599 177
1783099953564 0.9422304034233093 178
1783099953568 0.9425302743911743 179
1783099953571 0.9429001212120056 180
1783099953574 0.9426929354667664 181
1783099953578 0.9384897351264954 182
1783099953581 0.938408374786377 183
1783099953585 0.9378464818000793 184
1783099953588 0.9428657293319702 185
1783099953591 0.9336139559745789 186
1783099953594 0.9386496543884277 187
1783099953598 0.9371894598007202 188
1783099953601 0.9286775588989258 189
1783099953604 0.9424924850463867 190
1783099953607 0.9327214360237122 191
1783099953611 0.9414226412773132 192
1783099953615 0.942078709602356 193
1783099953619 0.9297510385513306 194
1783099953624 0.9468457102775574 195
1783099953628 0.9418205618858337 196
1783099953632 0.9393681287765503 197
1783099953637 0.9327230453491211 198
1783099953641 0.9304566383361816 199
1783099953645 0.9396827220916748 200
1783099953649 0.9434491395950317 201
1783099953654 0.9364064335823059 202
1783099953658 0.9454737305641174 203
1783099953663 0.9400979280471802 204
1783099953667 0.9272425770759583 205
1783099953671 0.943169116973877 206
1783099953676 0.9404866099357605 207
1783099953680 0.93208909034729 208
1783099953684 0.9412285685539246 209
1783099953688 0.9387396574020386 210
1783099953693 0.9351416230201721 211
1783099953697 0.9359709024429321 212
1783099953701 0.9321476221084595 213
1783099953705 0.9393080472946167 214
1783099953709 0.9340893626213074 215
1783099953713 0.9419853091239929 216
1783099953717 0.9313819408416748 217
1783099953720 0.9344881772994995 218
1783099953724 0.9344634413719177 219
1783099953728 0.9365805387496948 220
1783099953732 0.9281617403030396 221
1783099953736 0.9319827556610107 222
1783099953740 0.9291554689407349 223
1783099953744 0.9315332174301147 224
1783099953749 0.9420861005783081 225
1783099953753 0.9334390163421631 226
1783099953757 0.9265073537826538 227
1783099953761 0.9319764375686646 228
1783099953765 0.9320314526557922 229
1783099953769 0.9400324821472168 230
1783099953773 0.9272815585136414 231
1783099953777 0.9294887185096741 232
1783099953781 0.9368603229522705 233
1783099953785 0.9319226145744324 234
1783099953788 0.9135531187057495 235
1783099953793 0.939542293548584 236
1783099953797 0.9276605248451233 237
1783099953802 0.9295727610588074 238
1783099953806 0.9332587718963623 239
1783099953810 0.9279391765594482 240
1783099953814 0.9293376207351685 241
1783099953818 0.9298726320266724 242
1783099953822 0.9311756491661072 243
1783099953826 0.9248420596122742 244
1783099953830 0.9175373911857605 245
1783099953834 0.9289970397949219 246
1783099953838 0.9335745573043823 247
1783099953842 0.9237905740737915 248
1783099953847 0.9262750148773193 249
1783099953851 0.9234240651130676 250
1783099953855 0.9323469400405884 251
1783099953859 0.9347057342529297 252
1783099953864 0.9295454025268555 253
1783099953868 0.9295719861984253 254
1783099953877 0.9263219833374023 255
1783099953881 0.9228054285049438 256
1783099953886 0.923761248588562 257
1783099953890 0.9200659990310669 258
1783099953894 0.9218891859054565 259
1783099953899 0.9176622629165649 260
1783099953903 0.9204506874084473 261
1783099953907 0.9244343042373657 262
1783099953912 0.92353755235672 263
1783099953916 0.9266612529754639 264
1783099953920 0.9165269732475281 265
1783099953924 0.9237804412841797 266
1783099953928 0.913780927658081 267
1783099953932 0.9146996736526489 268
1783099953936 0.916388750076294 269
1783099953940 0.9193097352981567 270
1783099953944 0.9235846996307373 271
1783099953949 0.9151903390884399 272
1783099953952 0.9149375557899475 273
1783099953956 0.9176223278045654 274
1783099953960 0.9189974069595337 275
1783099953964 0.9229046106338501 276
1783099953968 0.9176226854324341 277
1783099953972 0.9013710021972656 278
1783099953976 0.9153313040733337 279
1783099953980 0.919549822807312 280
1783099953984 0.9006619453430176 281
1783099953988 0.9163641333580017 282
1783099953992 0.9129336476325989 283
1783099953997 0.9036204814910889 284
1783099954002 0.9144332408905029 285
1783099954005 0.9116151332855225 286
1783099954009 0.9125093221664429 287
1783099954012 0.9134268760681152 288
1783099954015 0.9137958288192749 289
1783099954019 0.9098753333091736 290
1783099954022 0.9058709144592285 291
1783099954025 0.9078918099403381 292
1783099954028 0.9143693447113037 293
1783099954031 0.9127796292304993 294
1783099954034 0.9124048352241516 295
1783099954037 0.9070260524749756 296
1783099954040 0.9132872819900513 297
1783099954043 0.9160506129264832 298
1783099954048 0.90078204870224 299
1783099954051 0.9111152291297913 300
1783099954056 0.9131126403808594 301
1783099954061 0.9099748134613037 302
1783099954065 0.9053305387496948 303
1783099954068 0.9009025692939758 304
1783099954072 0.906355619430542 305
1783099954076 0.9082412719726562 306
1783099954079 0.9106802940368652 307
1783099954082 0.9141942858695984 308
1783099954085 0.9154207706451416 309
1783099954089 0.9109063148498535 310
1783099954093 0.9043569564819336 311
1783099954097 0.9049221277236938 312
1783099954100 0.9032207727432251 313
1783099954104 0.911739706993103 314
1783099954108 0.9076970219612122 315
1783099954112 0.9034820795059204 316
1783099954117 0.9052335619926453 317
1783099954121 0.9126831889152527 318
1783099954126 0.9111776351928711 319
1783099954129 0.9141623973846436 320
1783099954134 0.9109299182891846 321
1783099954138 0.8976709246635437 322
1783099954141 0.9137487411499023 323
1783099954146 0.9023303389549255 324
1783099954149 0.9085705280303955 325
1783099954153 0.9060214161872864 326
1783099954157 0.9023094177246094 327
1783099954160 0.9029080867767334 328
1783099954165 0.8992631435394287 329
1783099954169 0.9133052229881287 330
1783099954173 0.9084035158157349 331
1783099954177 0.9046818017959595 332
1783099954182 0.8949270844459534 333
1783099954186 0.9042171239852905 334
1783099954190 0.9141969680786133 335
1783099954193 0.9016970992088318 336
1783099954198 0.9051573872566223 337
1783099954202 0.9062090516090393 338
1783099954206 0.9163638353347778 339
1783099954210 0.9066451787948608 340
1783099954214 0.8956095576286316 341
1783099954218 0.9085624814033508 342
1783099954223 0.9027954936027527 343
1783099954227 0.9064450263977051 344
1783099954231 0.9069551229476929 345
1783099954235 0.9015763401985168 346
1783099954239 0.9036481976509094 347
1783099954243 0.9022590517997742 348
1783099954247 0.9101951122283936 349
1783099954251 0.9125509262084961 350
1783099954255 0.9040979146957397 351
1783099954259 0.9107344150543213 352
1783099954263 0.9124792218208313 353
1783099954267 0.9083431959152222 354
1783099954272 0.9206184148788452 355
1783099954276 0.9070369601249695 356
1783099954280 0.9077700972557068 357
1783099954284 0.9131779670715332 358
1783099954288 0.91657954454422 359
1783099954292 0.920174241065979 360
1783099954296 0.9110499620437622 361
1783099954300 0.911809504032135 362
1783099954304 0.9101108908653259 363
1783099954308 0.9092804789543152 364
1783099954312 0.9091777801513672 365
1783099954317 0.9075109958648682 366
1783099954322 0.9105799794197083 367
1783099954326 0.9169735908508301 368
1783099954330 0.9091942310333252 369
1783099954334 0.9135752320289612 370
1783099954337 0.9149789214134216 371
1783099954340 0.9236297011375427 372
1783099954342 0.9105204343795776 373
1783099954345 0.9155920743942261 374
1783099954348 0.9070656299591064 375
1783099954351 0.9125577211380005 376
1783099954354 0.9270434975624084 377
1783099954358 0.9221358895301819 378
1783099954361 0.924548864364624 379
1783099954364 0.9120043516159058 380
1783099954368 0.9206516146659851 381
1783099954373 0.9288172721862793 382
1783099954377 0.9191920757293701 383
1783099954382 0.9193347692489624 384
1783099954386 0.9214701652526855 385
1783099954389 0.9348694086074829 386
1783099954392 0.9194299578666687 387
1783099954396 0.9121118187904358 388
1783099954399 0.9248825311660767 389
1783099954402 0.924140453338623 390
1783099954406 0.919527530670166 391
1783099954409 0.9290730357170105 392
1783099954412 0.9226526021957397 393
1783099954415 0.9268753528594971 394
1783099954418 0.9260121583938599 395
1783099954421 0.9231315851211548 396
1783099954424 0.9284535646438599 397
1783099954428 0.9267942309379578 398
1783099954432 0.92547208070755 399
1783099954436 0.9266148805618286 400
1783099954441 0.9254992008209229 401
1783099954445 0.9205111265182495 402
1783099954449 0.9343830347061157 403
1783099954454 0.9365863800048828 404
1783099954458 0.9344600439071655 405
1783099954462 0.9325777292251587 406
1783099954466 0.9386479258537292 407
1783099954470 0.9363570809364319 408
1783099954474 0.9394636154174805 409
1783099954479 0.9374802112579346 410
1783099954483 0.9290754199028015 411
1783099954487 0.9413227438926697 412
1783099954491 0.9414861798286438 413
1783099954495 0.930173397064209 414
1783099954499 0.937859058380127 415
1783099954503 0.9349522590637207 416
1783099954508 0.9325421452522278 417
1783099954512 0.9417474865913391 418
1783099954516 0.9419148564338684 419
1783099954520 0.9496714472770691 420
1783099954525 0.9420874118804932 421
1783099954529 0.9457544088363647 422
1783099954533 0.9493898749351501 423
1783099954537 0.9459596872329712 424
1783099954542 0.9498381614685059 425
1783099954546 0.948775053024292 426
1783099954551 0.95013827085495 427
1783099954555 0.9462900161743164 428
1783099954560 0.9481274485588074 429
1783099954565 0.9481573104858398 430
1783099954570 0.9500279426574707 431
1783099954575 0.9537307024002075 432
1783099954580 0.9430358409881592 433
1783099954589 0.9601888656616211 434
1783099954597 0.9531407356262207 435
1783099954603 0.9605975151062012 436
1783099954609 0.9594176411628723 437
1783099954614 0.9573190808296204 438
1783099954620 0.9645866751670837 439
1783099954626 0.9613304138183594 440
1783099954631 0.9760450720787048 441
1783099954637 0.9611341953277588 442
1783099954642 0.9679301381111145 443
1783099954650 0.9644566178321838 444
1783099954657 0.9683064222335815 445
1783099954664 0.9588159322738647 446
1783099954671 0.9654696583747864 447
1783099954678 0.9686384797096252 448
1783099954687 0.9667192101478577 449
1783099954694 0.9744510054588318 450
1783099954704 0.9715793132781982 451
1783099954712 0.9622710943222046 452
1783099954717 0.9692796468734741 453
1783099954723 0.9766578674316406 454
1783099954728 0.9645488858222961 455
1783099954735 0.9700793027877808 456
1783099954740 0.9765878915786743 457
1783099954746 0.9723542928695679 458
1783099954750 0.9651384949684143 459
1783099954756 0.9869319796562195 460
1783099954760 0.9795517921447754 461
1783099954764 0.9899592995643616 462
1783099954770 0.9767247438430786 463
1783099954776 0.9774246215820312 464
1783099954782 0.9950355887413025 465
1783099954790 0.9767381548881531 466
1783099954796 0.978428840637207 467
1783099954802 0.9861322641372681 468
1783099954809 0.985520601272583 469
1783099954815 0.9953145384788513 470
1783099954824 0.9823595881462097 471
1783099954830 0.9893015027046204 472
1783099954838 0.9885903000831604 473
1783099954845 0.9929066896438599 474
1783099954853 0.9784212708473206 475
1783099954858 0.9823620319366455 476
1783099954865 0.9850432872772217 477
1783099954872 0.9970438480377197 478
1783099954879 0.985701858997345 479
1783099954886 0.9849293231964111 480
1783099954891 0.9951975345611572 481
1783099954899 0.99385005235672 482
1783099954905 0.9904659390449524 483
1783099954913 0.9985703825950623 484
1783099954918 1.000697374343872 485
1783099954923 0.9901844263076782 486
1783099954927 1.003387212753296 487
1783099954932 0.9941762089729309 488
1783099954936 0.9921975135803223 489
1783099954941 1.003256916999817 490
1783099954946 1.0114457607269287 491
1783099954952 1.0057878494262695 492
1783099954957 0.9948041439056396 493
1783099954961 1.0097224712371826 494
1783099954966 1.0056490898132324 495
1783099954971 1.005576729774475 496
1783099954975 1.0104660987854004 497
1783099954980 1.0150936841964722 498
1783099954985 1.0012940168380737 499
1783099954989 1.012034296989441 500
1783099954995 1.002228021621704 501
1783099955001 0.9953258633613586 502
1783099955007 1.0149259567260742 503
1783099955013 1.0073102712631226 504
1783099955018 1.0135849714279175 505
1783099955024 1.0122863054275513 506
1783099955030 1.023634910583496 507
1783099955035 1.0101897716522217 508
1783099955040 1.0121650695800781 509
1783099955046 1.0255155563354492 510
1783099955051 1.0167946815490723 511
1783099955056 1.0133259296417236 512
1783099955062 1.0092883110046387 513
1783099955067 1.0377161502838135 514
1783099955074 1.0107083320617676 515
1783099955079 1.0291047096252441 516
1783099955084 1.0334203243255615 517
1783099955089 1.0211429595947266 518
1783099955095 1.0096044540405273 519
1783099955101 1.0258527994155884 520
1783099955106 1.0296862125396729 521
1783099955112 1.0303150415420532 522
1783099955118 1.0412976741790771 523
1783099955126 1.02773118019104 524
1783099955134 1.0358089208602905 525
1783099955145 1.0337998867034912 526
1783099955153 1.0402510166168213 527
1783099955157 1.03134286403656 528
1783099955163 1.0231600999832153 529
1783099955169 1.036216378211975 530
1783099955174 1.0347007513046265 531
1783099955178 1.029650330543518 532
1783099955183 1.039494276046753 533
1783099955187 1.0343159437179565 534
1783099955191 1.0475069284439087 535
1783099955196 1.0343610048294067 536
1783099955202 1.0509135723114014 537
1783099955207 1.0318900346755981 538
1783099955212 1.0274031162261963 539
1783099955217 1.0361709594726562 540
1783099955221 1.0344500541687012 541
1783099955226 1.0439536571502686 542
1783099955230 1.0460964441299438 543
1783099955234 1.0522392988204956 544
1783099955239 1.0497527122497559 545
1783099955243 1.040332555770874 546
1783099955247 1.042163610458374 547
1783099955251 1.0567827224731445 548
1783099955259 1.0462987422943115 549
1783099955264 1.0412780046463013 550
1783099955270 1.0462968349456787 551
1783099955276 1.0536558628082275 552
1783099955283 1.0619858503341675 553
1783099955288 1.0508893728256226 554
1783099955294 1.0373992919921875 555
1783099955299 1.036787748336792 556
1783099955305 1.0470906496047974 557
1783099955310 1.0575109720230103 558
1783099955314 1.0575188398361206 559
1783099955324 1.0429710149765015 560
1783099955330 1.0663883686065674 561
1783099955334 1.0652625560760498 562
1783099955338 1.059240460395813 563
1783099955343 1.055829405784607 564
1783099955347 1.0692254304885864 565
1783099955351 1.0573675632476807 566
1783099955356 1.0602232217788696 567
1783099955360 1.0638121366500854 568
1783099955363 1.0520480871200562 569
1783099955367 1.0665909051895142 570
1783099955371 1.0608526468276978 571
1783099955374 1.0438106060028076 572
1783099955378 1.0588090419769287 573
1783099955382 1.0676836967468262 574
1783099955385 1.0692391395568848 575
1783099955389 1.0749560594558716 576
1783099955393 1.0639152526855469 577
1783099955398 1.068971872329712 578
1783099955402 1.0653879642486572 579
1783099955406 1.0620577335357666 580
1783099955411 1.0585126876831055 581
1783099955415 1.0583446025848389 582
1783099955419 1.0725150108337402 583
1783099955423 1.0832308530807495 584
1783099955428 1.081672191619873 585
1783099955432 1.0691932439804077 586
1783099955436 1.083022117614746 587
1783099955439 1.0839604139328003 588
1783099955443 1.0845394134521484 589
1783099955449 1.083133339881897 590
1783099955457 1.084418773651123 591
1783099955462 1.06742262840271 592
1783099955467 1.0785932540893555 593
1783099955471 1.0790481567382812 594
1783099955476 1.1030508279800415 595
1783099955480 1.0683157444000244 596
1783099955483 1.0786045789718628 597
1783099955487 1.0929455757141113 598
1783099955492 1.0971320867538452 599
1783099955496 1.0811738967895508 600
1783099955500 1.0895228385925293 601
1783099955504 1.0867116451263428 602
1783099955508 1.089023232460022 603
1783099955513 1.0866215229034424 604
1783099955518 1.0831962823867798 605
1783099955523 1.0912126302719116 606
1783099955527 1.09922456741333 607
1783099955532 1.090416669845581 608
1783099955537 1.0945943593978882 609
1783099955542 1.0889832973480225 610
1783099955548 1.0944364070892334 611
1783099955553 1.0922152996063232 612
1783099955558 1.1029257774353027 613
1783099955562 1.0998317003250122 614
1783099955568 1.0979448556900024 615
1783099955574 1.105255365371704 616
1783099955579 1.105405330657959 617
1783099955586 1.0867397785186768 618
1783099955590 1.1003589630126953 619
1783099955595 1.0973143577575684 620
1783099955599 1.0843150615692139 621
1783099955604 1.1019163131713867 622
1783099955609 1.1155850887298584 623
1783099955614 1.0991185903549194 624
1783099955618 1.0951048135757446 625
1783099955624 1.101818561553955 626
1783099955628 1.0996158123016357 627
1783099955632 1.1070809364318848 628
1783099955635 1.1092529296875 629
1783099955639 1.1063182353973389 630
1783099955642 1.0977399349212646 631
1783099955646 1.096496343612671 632
1783099955649 1.1128127574920654 633
1783099955653 1.1065863370895386 634
1783099955656 1.1030844449996948 635
1783099955660 1.1042449474334717 636
1783099955664 1.1142935752868652 637
1783099955667 1.1119369268417358 638
1783099955671 1.1056667566299438 639
1783099955678 1.1141209602355957 640
1783099955682 1.108337640762329 641
1783099955686 1.1101363897323608 642
1783099955690 1.111435890197754 643
1783099955694 1.1006280183792114 644
1783099955697 1.1099860668182373 645
1783099955701 1.1174914836883545 646
1783099955705 1.1277059316635132 647
1783099955708 1.1147254705429077 648
1783099955712 1.103621482849121 649
1783099955716 1.1134474277496338 650
1783099955720 1.1119294166564941 651
1783099955724 1.1165289878845215 652
1783099955728 1.1086934804916382 653
1783099955733 1.0849450826644897 654
1783099955737 1.1281384229660034 655
1783099955742 1.1274943351745605 656
1783099955746 1.1177716255187988 657
1783099955750 1.1384555101394653 658
1783099955754 1.1173192262649536 659
1783099955759 1.1295634508132935 660
1783099955763 1.1102027893066406 661
1783099955767 1.1169074773788452 662
1783099955771 1.1215327978134155 663
1783099955775 1.114313006401062 664
1783099955781 1.1263296604156494 665
1783099955787 1.1144672632217407 666
1783099955791 1.1198242902755737 667
1783099955795 1.1161080598831177 668
1783099955800 1.12003755569458 669
1783099955804 1.1257119178771973 670
1783099955808 1.129027247428894 671
1783099955813 1.1124719381332397 672
1783099955819 1.1238887310028076 673
1783099955824 1.1149605512619019 674
1783099955829 1.1172692775726318 675
1783099955835 1.118358850479126 676
1783099955839 1.1354429721832275 677
1783099955843 1.1268810033798218 678
1783099955847 1.128222942352295 679
1783099955851 1.1195083856582642 680
1783099955855 1.1108225584030151 681
1783099955859 1.116692066192627 682
1783099955863 1.1378202438354492 683
1783099955868 1.1312724351882935 684
1783099955873 1.1279820203781128 685
1783099955878 1.125211238861084 686
1783099955882 1.127604365348816 687
1783099955887 1.1312713623046875 688
1783099955891 1.133254885673523 689
1783099955895 1.119486689567566 690
1783099955899 1.1202293634414673 691
1783099955903 1.1279606819152832 692
1783099955907 1.119063377380371 693
1783099955912 1.1342451572418213 694
1783099955917 1.1230753660202026 695
1783099955921 1.1205167770385742 696
1783099955926 1.11162269115448 697
1783099955932 1.1318864822387695 698
1783099955937 1.1180535554885864 699
1783099955941 1.128677487373352 700
1783099955946 1.122674822807312 701
1783099955950 1.130143404006958 702
1783099955955 1.1285877227783203 703
1783099955959 1.1333932876586914 704
1783099955964 1.150743842124939 705
1783099955968 1.1173617839813232 706
1783099955972 1.1341389417648315 707
1783099955975 1.1269336938858032 708
1783099955981 1.1312516927719116 709
1783099955986 1.1221238374710083 710
1783099955990 1.1316239833831787 711
1783099955994 1.1381535530090332 712
1783099955999 1.1318961381912231 713
1783099956003 1.1275445222854614 714
1783099956007 1.1356518268585205 715
1783099956011 1.122530221939087 716
1783099956016 1.127184510231018 717
1783099956020 1.128174901008606 718
1783099956024 1.1269629001617432 719
1783099956028 1.1448616981506348 720
1783099956032 1.1256287097930908 721
1783099956037 1.1310744285583496 722
1783099956041 1.121315598487854 723
1783099956045 1.145459532737732 724
1783099956049 1.1254476308822632 725
1783099956053 1.1316380500793457 726
1783099956057 1.1266847848892212 727
1783099956061 1.1157505512237549 728
1783099956064 1.1277518272399902 729
1783099956068 1.1195590496063232 730
1783099956072 1.1222699880599976 731
1783099956075 1.1303298473358154 732
1783099956080 1.1312401294708252 733
1783099956085 1.1164231300354004 734
1783099956091 1.1103525161743164 735
1783099956096 1.137815237045288 736
1783099956101 1.1036608219146729 737
1783099956106 1.126672625541687 738
1783099956110 1.126314640045166 739
1783099956114 1.1050636768341064 740
1783099956118 1.1266534328460693 741
1783099956122 1.1276148557662964 742
1783099956126 1.122552514076233 743
1783099956131 1.1247646808624268 744
1783099956136 1.123368263244629 745
1783099956140 1.1237983703613281 746
1783099956145 1.1210999488830566 747
1783099956149 1.1207044124603271 748
1783099956154 1.1162577867507935 749
1783099956158 1.1329656839370728 750
1783099956162 1.119407296180725 751
1783099956166 1.1314377784729004 752
1783099956170 1.1117324829101562 753
1783099956174 1.1228346824645996 754
1783099956186 1.1387836933135986 755
1783099956190 1.1133146286010742 756
1783099956195 1.1116456985473633 757
1783099956199 1.1153032779693604 758
1783099956203 1.1072744131088257 759
1783099956207 1.1369435787200928 760
1783099956211 1.1200019121170044 761
1783099956215 1.11992347240448 762
1783099956219 1.1273777484893799 763
1783099956223 1.1193984746932983 764
1783099956227 1.1271443367004395 765
1783099956231 1.119341254234314 766
1783099956236 1.101150631904602 767
1783099956242 1.1145031452178955 768
1783099956246 1.1102983951568604 769
1783099956250 1.1139726638793945 770
1783099956254 1.1287368535995483 771
1783099956258 1.1080963611602783 772
1783099956262 1.1146866083145142 773
1783099956266 1.1249885559082031 774
1783099956269 1.117303729057312 775
1783099956272 1.1126686334609985 776
1783099956276 1.116797924041748 777
1783099956279 1.1117157936096191 778
1783099956282 1.1036741733551025 779
1783099956286 1.1210625171661377 780
1783099956292 1.099355936050415 781
1783099956296 1.1275405883789062 782
1783099956300 1.1118860244750977 783
1783099956303 1.1170568466186523 784
1783099956307 1.099911093711853 785
1783099956310 1.1221730709075928 786
1783099956314 1.112544059753418 787
1783099956317 1.1079347133636475 788
1783099956321 1.1184215545654297 789
1783099956324 1.1288448572158813 790
1783099956328 1.112367868423462 791
1783099956332 1.1015061140060425 792
1783099956335 1.1164681911468506 793
1783099956340 1.102259874343872 794
1783099956345 1.1136587858200073 795
1783099956350 1.1156396865844727 796
1783099956354 1.1248600482940674 797
1783099956358 1.1024129390716553 798
1783099956362 1.114600658416748 799
1783099956367 1.1059672832489014 800
1783099956371 1.1179628372192383 801
1783099956376 1.095565676689148 802
1783099956380 1.111541986465454 803
1783099956383 1.1108615398406982 804
1783099956387 1.1107497215270996 805
1783099956391 1.1112021207809448 806
1783099956397 1.118303656578064 807
1783099956402 1.1220630407333374 808
1783099956406 1.1228270530700684 809
1783099956410 1.1109693050384521 810
1783099956413 1.100860834121704 811
1783099956416 1.1212608814239502 812
1783099956420 1.1020599603652954 813
1783099956424 1.1023929119110107 814
1783099956427 1.125713586807251 815
1783099956431 1.0929265022277832 816
1783099956435 1.1117874383926392 817
1783099956439 1.110388159751892 818
1783099956442 1.1018973588943481 819
1783099956446 1.0985257625579834 820
1783099956451 1.1194130182266235 821
1783099956456 1.1271135807037354 822
1783099956461 1.112073302268982 823
1783099956466 1.1094508171081543 824
1783099956471 1.1165428161621094 825
1783099956475 1.1133317947387695 826
1783099956480 1.1198687553405762 827
1783099956484 1.1055002212524414 828
1783099956488 1.1220753192901611 829
1783099956492 1.0976805686950684 830
1783099956497 1.104079008102417 831
1783099956502 1.1077101230621338 832
1783099956507 1.1235302686691284 833
1783099956512 1.1105225086212158 834
1783099956517 1.1207914352416992 835
1783099956523 1.1033591032028198 836
1783099956527 1.1029996871948242 837
1783099956532 1.1134841442108154 838
1783099956537 1.1087162494659424 839
1783099956542 1.1111195087432861 840
1783099956547 1.1174869537353516 841
1783099956551 1.12186598777771 842
1783099956556 1.119194746017456 843
1783099956561 1.1145741939544678 844
1783099956565 1.1173125505447388 845
1783099956569 1.0912846326828003 846
1783099956573 1.1075433492660522 847
1783099956577 1.1168583631515503 848
1783099956582 1.1077584028244019 849
1783099956586 1.1216201782226562 850
1783099956591 1.1058464050292969 851
1783099956595 1.1101058721542358 852
1783099956599 1.0960118770599365 853
1783099956603 1.1274055242538452 854
1783099956609 1.1278398036956787 855
1783099956613 1.1145789623260498 856
1783099956618 1.1036701202392578 857
1783099956621 1.125139594078064 858
1783099956625 1.1200910806655884 859
1783099956628 1.1111143827438354 860
1783099956631 1.1087219715118408 861
1783099956635 1.1233494281768799 862
1783099956639 1.106838345527649 863
1783099956642 1.1077358722686768 864
1783099956645 1.1127797365188599 865
1783099956649 1.1091047525405884 866
1783099956653 1.1129965782165527 867
1783099956658 1.1222217082977295 868
1783099956663 1.1069953441619873 869
1783099956666 1.1242101192474365 870
1783099956670 1.1243301630020142 871
1783099956674 1.1179101467132568 872
1783099956678 1.1269779205322266 873
1783099956682 1.1205953359603882 874
1783099956686 1.1181975603103638 875
1783099956690 1.1279940605163574 876
1783099956694 1.1298072338104248 877
1783099956698 1.1194348335266113 878
1783099956703 1.1202579736709595 879
1783099956707 1.1252657175064087 880
1783099956713 1.1270949840545654 881
1783099956718 1.1081514358520508 882
1783099956724 1.125199317932129 883
1783099956729 1.1089744567871094 884
1783099956733 1.1275343894958496 885
1783099956739 1.1157490015029907 886
1783099956743 1.123093843460083 887
1783099956748 1.124190092086792 888
1783099956753 1.1211539506912231 889
1783099956758 1.1151553392410278 890
1783099956763 1.11927330493927 891
1783099956768 1.125227451324463 892
1783099956774 1.1445319652557373 893
1783099956781 1.1234805583953857 894
1783099956787 1.1279094219207764 895
1783099956794 1.1297142505645752 896
1783099956800 1.1412220001220703 897
1783099956807 1.117598533630371 898
1783099956812 1.1460814476013184 899
1783099956817 1.1263190507888794 900
1783099956822 1.135032057762146 901
1783099956827 1.1330993175506592 902
1783099956832 1.1338536739349365 903
1783099956836 1.1324379444122314 904
1783099956841 1.147568941116333 905
1783099956845 1.1399251222610474 906
1783099956849 1.136623740196228 907
1783099956853 1.1281286478042603 908
1783099956856 1.1419497728347778 909
1783099956860 1.1433496475219727 910
1783099956865 1.1382150650024414 911
1783099956870 1.137434482574463 912
1783099956875 1.1404385566711426 913
1783099956880 1.1393141746520996 914
1783099956885 1.1511270999908447 915
1783099956890 1.1531873941421509 916
1783099956895 1.1453442573547363 917
1783099956899 1.148136019706726 918
1783099956903 1.139633059501648 919
1783099956907 1.1335614919662476 920
1783099956911 1.1598246097564697 921
1783099956914 1.1441158056259155 922
1783099956918 1.1503217220306396 923
1783099956922 1.139078140258789 924
1783099956926 1.1575744152069092 925
1783099956931 1.1414425373077393 926
1783099956936 1.1427940130233765 927
1783099956940 1.1535539627075195 928
1783099956944 1.158901572227478 929
1783099956947 1.1461029052734375 930
1783099956951 1.1554287672042847 931
1783099956955 1.1653929948806763 932
1783099956958 1.153491735458374 933
1783099956962 1.1527533531188965 934
1783099956965 1.1415746212005615 935
1783099956969 1.1612575054168701 936
1783099957229 1.1646952629089355 937
1783099957236 1.1508774757385254 938
1783099957242 1.1571617126464844 939
1783099957247 1.1468915939331055 940
1783099957252 1.1635870933532715 941
1783099957256 1.149897813796997 942
1783099957260 1.1634018421173096 943
1783099957265 1.1717758178710938 944
1783099957270 1.1561287641525269 945
1783099957274 1.1520943641662598 946
1783099957278 1.1639845371246338 947
1783099957283 1.1602134704589844 948
1783099957289 1.1643176078796387 949
1783099957294 1.1662293672561646 950
1783099957299 1.1834220886230469 951
1783099957305 1.1634818315505981 952
1783099957308 1.1775171756744385 953
1783099957311 1.1529293060302734 954
1783099957315 1.1801626682281494 955
1783099957318 1.1711993217468262 956
1783099957321 1.181134819984436 957
1783099957325 1.171135425567627 958
1783099957328 1.1680115461349487 959
1783099957332 1.1637189388275146 960
1783099957335 1.1635406017303467 961
1783099957338 1.184248685836792 962
1783099957341 1.1809800863265991 963
1783099957345 1.184445858001709 964
1783099957349 1.1726469993591309 965
1783099957354 1.1819181442260742 966
1783099957358 1.177571415901184 967
1783099957362 1.1752572059631348 968
1783099957366 1.1805174350738525 969
1783099957370 1.196854591369629 970
1783099957375 1.1850128173828125 971
1783099957380 1.190058708190918 972
1783099957384 1.1762032508850098 973
1783099957388 1.1741830110549927 974
1783099957393 1.1710011959075928 975
1783099957397 1.1773892641067505 976
1783099957403 1.1689817905426025 977
1783099957408 1.1984354257583618 978
1783099957413 1.1637396812438965 979
1783099957417 1.178185224533081 980
1783099957422 1.1926138401031494 981
1783099957427 1.183732509613037 982
1783099957432 1.1912949085235596 983
1783099957437 1.1793925762176514 984
1783099957442 1.1898317337036133 985
1783099957447 1.1959093809127808 986
1783099957452 1.195089340209961 987
1783099957457 1.1881544589996338 988
1783099957462 1.2210426330566406 989
1783099957466 1.197710394859314 990
1783099957471 1.20443594455719 991
1783099957476 1.191199779510498 992
1783099957480 1.2119470834732056 993
1783099957485 1.1922862529754639 994
1783099957490 1.1790193319320679 995
1783099957495 1.1893579959869385 996
1783099957499 1.2110989093780518 997
1783099957504 1.2051233053207397 998
1783099957508 1.2123653888702393 999
1783099957513 1.1994798183441162 1000
1783099957517 1.211897850036621 1001
1783099957521 1.214505672454834 1002
1783099957526 1.1997708082199097 1003
1783099957530 1.1989033222198486 1004
1783099957534 1.191286563873291 1005
1783099957539 1.1935365200042725 1006
1783099957543 1.2082509994506836 1007
1783099957548 1.1978627443313599 1008
1783099957552 1.207556128501892 1009
1783099957557 1.2272218465805054 1010
1783099957561 1.2294563055038452 1011
1783099957564 1.2059032917022705 1012
1783099957568 1.1971213817596436 1013
1783099957571 1.2111830711364746 1014
1783099957574 1.2039802074432373 1015
1783099957578 1.2019257545471191 1016
1783099957581 1.2097957134246826 1017
1783099957585 1.1980681419372559 1018
1783099957588 1.2072408199310303 1019
1783099957591 1.2102731466293335 1020
1783099957595 1.204297423362732 1021
1783099957598 1.2380911111831665 1022
1783099957601 1.2033573389053345 1023
1783099957605 1.22528874874115 1024
1783099957611 1.2236088514328003 1025
1783099957615 1.2264113426208496 1026
1783099957620 1.2131779193878174 1027
1783099957624 1.2191417217254639 1028
1783099957629 1.225864291191101 1029
1783099957633 1.2164099216461182 1030
1783099957638 1.2190858125686646 1031
1783099957642 1.2134058475494385 1032
1783099957646 1.2144920825958252 1033
1783099957650 1.2480428218841553 1034
1783099957654 1.2164686918258667 1035
1783099957657 1.2124570608139038 1036
1783099957662 1.2259628772735596 1037
1783099957666 1.1992706060409546 1038
1783099957671 1.2286524772644043 1039
1783099957676 1.2101287841796875 1040
1783099957680 1.2386972904205322 1041
1783099957685 1.225319743156433 1042
1783099957690 1.209686279296875 1043
1783099957694 1.2212395668029785 1044
1783099957699 1.2548775672912598 1045
1783099957704 1.2251505851745605 1046
1783099957709 1.2203936576843262 1047
1783099957714 1.2132976055145264 1048
1783099957718 1.2192046642303467 1049
1783099957723 1.2200201749801636 1050
1783099957727 1.2282986640930176 1051
1783099957732 1.21280038356781 1052
1783099957737 1.2077326774597168 1053
1783099957743 1.2323839664459229 1054
1783099957748 1.238492727279663 1055
1783099957752 1.2150425910949707 1056
1783099957757 1.2355507612228394 1057
1783099957762 1.2164918184280396 1058
1783099957767 1.2394641637802124 1059
1783099957772 1.2156379222869873 1060
1783099957777 1.2235627174377441 1061
1783099957782 1.2259776592254639 1062
1783099957787 1.2189146280288696 1063
1783099957792 1.2028371095657349 1064
1783099957797 1.2121872901916504 1065
1783099957802 1.2152905464172363 1066
1783099957808 1.2151787281036377 1067
1783099957814 1.220931887626648 1068
1783099957819 1.2120575904846191 1069
1783099957824 1.2166540622711182 1070
1783099957830 1.21938955783844 1071
1783099957835 1.2128125429153442 1072
1783099957840 1.22981858253479 1073
1783099957845 1.2230128049850464 1074
1783099957850 1.2159703969955444 1075
1783099957855 1.2250561714172363 1076
1783099957862 1.227130651473999 1077
1783099957867 1.194334626197815 1078
1783099957874 1.2139487266540527 1079
1783099957880 1.2352750301361084 1080
1783099957886 1.2177653312683105 1081
1783099957892 1.2236262559890747 1082
1783099957897 1.2177748680114746 1083
1783099957902 1.208054542541504 1084
1783099957907 1.2155792713165283 1085
1783099957913 1.2195274829864502 1086
1783099957917 1.1991138458251953 1087
1783099957921 1.2139198780059814 1088
1783099957926 1.1993956565856934 1089
1783099957930 1.232180118560791 1090
1783099957934 1.225932002067566 1091
1783099957939 1.2152223587036133 1092
1783099957943 1.2243174314498901 1093
1783099957947 1.2292526960372925 1094
1783099957952 1.2269846200942993 1095
1783099957956 1.2054229974746704 1096
1783099957961 1.2208497524261475 1097
1783099957966 1.2141472101211548 1098
1783099957970 1.2313302755355835 1099
1783099957974 1.2223725318908691 1100
1783099957979 1.2267448902130127 1101
1783099957983 1.2274094820022583 1102
1783099957987 1.2191507816314697 1103
1783099957991 1.222754716873169 1104
1783099957996 1.2001333236694336 1105
1783099958000 1.2172479629516602 1106
1783099958005 1.2093461751937866 1107
1783099958009 1.2259138822555542 1108
1783099958014 1.206660270690918 1109
1783099958019 1.2125747203826904 1110
1783099958023 1.208951711654663 1111
1783099958028 1.218064308166504 1112
1783099958033 1.2066915035247803 1113
1783099958037 1.2114968299865723 1114
1783099958041 1.2091381549835205 1115
1783099958044 1.2097620964050293 1116
1783099958048 1.215793251991272 1117
1783099958052 1.2136212587356567 1118
1783099958056 1.213628888130188 1119
1783099958060 1.2043609619140625 1120
1783099958065 1.2074981927871704 1121
1783099958069 1.207306146621704 1122
1783099958073 1.2047538757324219 1123
1783099958077 1.207015037536621 1124
1783099958082 1.1964056491851807 1125
1783099958086 1.220320701599121 1126
1783099958090 1.1913044452667236 1127
1783099958094 1.1999571323394775 1128
1783099958097 1.2110264301300049 1129
1783099958101 1.2061254978179932 1130
1783099958105 1.2093541622161865 1131
1783099958109 1.1946909427642822 1132
1783099958113 1.2040841579437256 1133
1783099958118 1.2081667184829712 1134
1783099958122 1.2132548093795776 1135
1783099958126 1.2059895992279053 1136
1783099958130 1.1866110563278198 1137
1783099958135 1.1902391910552979 1138
1783099958139 1.1961849927902222 1139
1783099958143 1.1928927898406982 1140
1783099958147 1.1873698234558105 1141
1783099958152 1.192291498184204 1142
1783099958156 1.1929856538772583 1143
1783099958160 1.1877113580703735 1144
1783099958165 1.1861423254013062 1145
1783099958170 1.1835696697235107 1146
1783099958175 1.1946444511413574 1147
1783099958181 1.192121982574463 1148
1783099958185 1.1784306764602661 1149
1783099958189 1.188706398010254 1150
1783099958194 1.1832598447799683 1151
1783099958198 1.186118483543396 1152
1783099958202 1.188199758529663 1153
1783099958207 1.1759920120239258 1154
1783099958212 1.1822028160095215 1155
1783099958216 1.180478572845459 1156
1783099958222 1.1826399564743042 1157
1783099958226 1.190202236175537 1158
1783099958230 1.1782422065734863 1159
1783099958233 1.1738954782485962 1160
1783099958237 1.1780067682266235 1161
1783099958240 1.1938376426696777 1162
1783099958243 1.1769672632217407 1163
1783099958246 1.1920666694641113 1164
1783099958250 1.1730725765228271 1165
1783099958253 1.1719433069229126 1166
1783099958256 1.1751104593276978 1167
1783099958259 1.1738078594207764 1168
1783099958263 1.1697402000427246 1169
1783099958268 1.1836135387420654 1170
1783099958273 1.1808090209960938 1171
1783099958277 1.1722991466522217 1172
1783099958280 1.179324746131897 1173
1783099958284 1.157267689704895 1174
1783099958287 1.1646878719329834 1175
1783099958290 1.178199052810669 1176
1783099958294 1.1815730333328247 1177
1783099958297 1.1540353298187256 1178
1783099958300 1.1800709962844849 1179
1783099958304 1.1569703817367554 1180
1783099958307 1.1656346321105957 1181
1783099958310 1.1536710262298584 1182
1783099958313 1.1719244718551636 1183
1783099958318 1.1636343002319336 1184
1783099958323 1.1619281768798828 1185
1783099958327 1.163398265838623 1186
1783099958330 1.1686983108520508 1187
1783099958334 1.1527760028839111 1188
1783099958338 1.1521921157836914 1189
1783099958342 1.1610596179962158 1190
1783099958346 1.1741563081741333 1191
1783099958350 1.1632766723632812 1192
1783099958354 1.1579233407974243 1193
1783099958358 1.1584094762802124 1194
1783099958361 1.1632070541381836 1195
1783099958366 1.1767184734344482 1196
1783099958371 1.1533381938934326 1197
1783099958375 1.1517457962036133 1198
1783099958380 1.1571300029754639 1199
1783099958384 1.1478233337402344 1200
1783099958388 1.1575238704681396 1201
1783099958392 1.161445140838623 1202
1783099958396 1.1622554063796997 1203
1783099958400 1.16350519657135 1204
1783099958404 1.150913953781128 1205
1783099958408 1.1655380725860596 1206
1783099958412 1.160687804222107 1207
1783099958416 1.147756814956665 1208
1783099958420 1.1517763137817383 1209
1783099958425 1.1487178802490234 1210
1783099958429 1.1515687704086304 1211
1783099958433 1.1570593118667603 1212
1783099958437 1.148583173751831 1213
1783099958441 1.1457020044326782 1214
1783099958445 1.134711503982544 1215
1783099958449 1.1402864456176758 1216
1783099958453 1.1442466974258423 1217
1783099958457 1.1281001567840576 1218
1783099958461 1.1435461044311523 1219
1783099958465 1.1556105613708496 1220
1783099958470 1.1472172737121582 1221
1783099958475 1.1357120275497437 1222
1783099958479 1.1481704711914062 1223
1783099958483 1.1481611728668213 1224
1783099958487 1.1384708881378174 1225
1783099958492 1.1510217189788818 1226
1783099958496 1.1474112272262573 1227
1783099958500 1.1418911218643188 1228
1783099958504 1.1474356651306152 1229
1783099958508 1.1331616640090942 1230
1783099958512 1.1573277711868286 1231
1783099958516 1.1499085426330566 1232
1783099958521 1.146376609802246 1233
1783099958526 1.1485965251922607 1234
1783099958530 1.1343692541122437 1235
1783099958535 1.1511967182159424 1236
1783099958539 1.1457829475402832 1237
1783099958543 1.1332274675369263 1238
1783099958547 1.135465145111084 1239
1783099958551 1.1482341289520264 1240
1783099958555 1.1409845352172852 1241
1783099958559 1.1340668201446533 1242
1783099958564 1.1603971719741821 1243
1783099958568 1.1504480838775635 1244
1783099958572 1.1670758724212646 1245
1783099958576 1.1433966159820557 1246
1783099958581 1.1581993103027344 1247
1783099958584 1.156497836112976 1248
1783099958588 1.1492670774459839 1249
1783099958592 1.1397291421890259 1250
1783099958600 1.1456677913665771 1251
1783099958604 1.1474288702011108 1252
1783099958608 1.1549032926559448 1253
1783099958613 1.1514397859573364 1254
1783099958617 1.14230215549469 1255
1783099958620 1.1490428447723389 1256
1783099958624 1.1477237939834595 1257
1783099958629 1.1441171169281006 1258
1783099958633 1.1453920602798462 1259
1783099958637 1.163193941116333 1260
1783099958641 1.135410189628601 1261
1783099958645 1.1347708702087402 1262
1783099958649 1.143525242805481 1263
1783099958653 1.1469502449035645 1264
1783099958657 1.153706431388855 1265
1783099958661 1.16098153591156 1266
1783099958665 1.1432429552078247 1267
1783099958669 1.1344462633132935 1268
1783099958673 1.147085189819336 1269
1783099958677 1.1428470611572266 1270
1783099958682 1.1456024646759033 1271
1783099958686 1.1498973369598389 1272
1783099958690 1.1538996696472168 1273
1783099958694 1.148668885231018 1274
1783099958698 1.1497162580490112 1275
1783099958702 1.150924801826477 1276
1783099958706 1.1451072692871094 1277
1783099958710 1.1461215019226074 1278
1783099958714 1.1567788124084473 1279
1783099958718 1.1571160554885864 1280
1783099958721 1.155842900276184 1281
1783099958726 1.1586666107177734 1282
1783099958730 1.1500625610351562 1283
1783099958734 1.1583181619644165 1284
1783099958738 1.174113154411316 1285
1783099958743 1.1596910953521729 1286
1783099958747 1.1736400127410889 1287
1783099958751 1.1551424264907837 1288
1783099958755 1.150400996208191 1289
1783099958759 1.1619575023651123 1290
1783099958763 1.1442346572875977 1291
1783099958767 1.1595022678375244 1292
1783099958772 1.1621519327163696 1293
1783099958779 1.1434375047683716 1294
1783099958785 1.1499507427215576 1295
1783099958790 1.1695572137832642 1296
1783099958795 1.1685128211975098 1297
1783099958800 1.1562424898147583 1298
1783099958805 1.1538509130477905 1299
1783099958809 1.1500649452209473 1300
1783099958814 1.1712892055511475 1301
1783099958818 1.1538721323013306 1302
1783099958822 1.1601948738098145 1303
1783099958826 1.1859896183013916 1304
1783099958830 1.1474716663360596 1305
1783099958834 1.1673009395599365 1306
1783099958839 1.1640137434005737 1307
1783099958844 1.1683509349822998 1308
1783099958848 1.164414882659912 1309
1783099958852 1.171388864517212 1310
1783099958856 1.172863245010376 1311
1783099958860 1.16267728805542 1312
1783099958865 1.1570417881011963 1313
1783099958870 1.1671559810638428 1314
1783099958874 1.1608061790466309 1315
1783099958879 1.1780545711517334 1316
1783099958883 1.1663917303085327 1317
1783099958888 1.1665998697280884 1318
1783099958893 1.1678111553192139 1319
1783099958898 1.179057240486145 1320
1783099958903 1.1691551208496094 1321
1783099958907 1.1689404249191284 1322
1783099958911 1.1740012168884277 1323
1783099958916 1.1677839756011963 1324
1783099958920 1.1754188537597656 1325
1783099958924 1.1667793989181519 1326
1783099958928 1.1733160018920898 1327
1783099958932 1.1701165437698364 1328
1783099958937 1.189319372177124 1329
1783099958942 1.1961246728897095 1330
1783099958946 1.1956955194473267 1331
1783099958950 1.1781764030456543 1332
1783099958954 1.2019014358520508 1333
1783099958959 1.170714259147644 1334
1783099958963 1.1836860179901123 1335
1783099958967 1.1852498054504395 1336
1783099958972 1.1768217086791992 1337
1783099958976 1.1732666492462158 1338
1783099958980 1.1893727779388428 1339
1783099958984 1.1883394718170166 1340
1783099958990 1.1820731163024902 1341
1783099958994 1.164164423942566 1342
1783099958998 1.1874189376831055 1343
1783099959001 1.1710399389266968 1344
1783099959005 1.2014671564102173 1345
1783099959009 1.1915030479431152 1346
1783099959013 1.1895112991333008 1347
1783099959017 1.185455560684204 1348
1783099959022 1.18649160861969 1349
1783099959026 1.180746078491211 1350
1783099959030 1.1900687217712402 1351
1783099959035 1.2042044401168823 1352
1783099959040 1.1766356229782104 1353
1783099959044 1.1984493732452393 1354
1783099959047 1.2009962797164917 1355
1783099959051 1.1885955333709717 1356
1783099959055 1.1989986896514893 1357
1783099959058 1.1827449798583984 1358
1783099959061 1.2015528678894043 1359
1783099959064 1.18197500705719 1360
1783099959068 1.1879140138626099 1361
1783099959071 1.1840906143188477 1362
1783099959074 1.1983897686004639 1363
1783099959078 1.2020585536956787 1364
1783099959081 1.1947585344314575 1365
1783099959086 1.2203960418701172 1366
1783099959090 1.1963694095611572 1367
1783099959094 1.187095046043396 1368
1783099959099 1.1934592723846436 1369
1783099959103 1.1935608386993408 1370
1783099959107 1.1877280473709106 1371
1783099959112 1.2057929039001465 1372
1783099959116 1.2095344066619873 1373
1783099959120 1.195462942123413 1374
1783099959124 1.2005294561386108 1375
1783099959129 1.1910641193389893 1376
1783099959133 1.1917047500610352 1377
1783099959138 1.1968660354614258 1378
1783099959143 1.19973623752594 1379
1783099959147 1.2002365589141846 1380
1783099959152 1.2119245529174805 1381
1783099959156 1.2002665996551514 1382
1783099959161 1.195015549659729 1383
1783099959165 1.195284366607666 1384
1783099959169 1.2161751985549927 1385
1783099959173 1.2093472480773926 1386
1783099959177 1.2030134201049805 1387
1783099959181 1.2010747194290161 1388
1783099959186 1.2142975330352783 1389
1783099959191 1.2153096199035645 1390
1783099959195 1.2023190259933472 1391
1783099959199 1.2095470428466797 1392
1783099959204 1.1973663568496704 1393
1783099959208 1.2051259279251099 1394
1783099959212 1.2083957195281982 1395
1783099959216 1.2025439739227295 1396
1783099959221 1.210618495941162 1397
1783099959225 1.2172183990478516 1398
1783099959230 1.207926869392395 1399
1783099959234 1.1897282600402832 1400
1783099959239 1.2236809730529785 1401
1783099959243 1.2188340425491333 1402
1783099959247 1.1999932527542114 1403
1783099959251 1.200150728225708 1404
1783099959255 1.200859785079956 1405
1783099959259 1.216989517211914 1406
1783099959263 1.2206676006317139 1407
1783099959267 1.2052347660064697 1408
1783099959271 1.2082219123840332 1409
1783099959275 1.226000428199768 1410
1783099959280 1.2193875312805176 1411
1783099959285 1.2160358428955078 1412
1783099959289 1.2130773067474365 1413
1783099959293 1.2220392227172852 1414
1783099959298 1.1962624788284302 1415
1783099959302 1.21161687374115 1416
1783099959306 1.2165707349777222 1417
1783099959310 1.2023284435272217 1418
1783099959315 1.2068040370941162 1419
1783099959319 1.2127866744995117 1420
1783099959322 1.224007248878479 1421
1783099959326 1.2188130617141724 1422
1783099959331 1.2103902101516724 1423
1783099959335 1.2106317281723022 1424
1783099959339 1.222137451171875 1425
1783099959343 1.2059924602508545 1426
1783099959347 1.2222154140472412 1427
1783099959351 1.216148018836975 1428
1783099959355 1.2259085178375244 1429
1783099959359 1.2199983596801758 1430
1783099959363 1.2129011154174805 1431
1783099959368 1.2250382900238037 1432
1783099959372 1.2233209609985352 1433
1783099959376 1.232964277267456 1434
1783099959380 1.1997482776641846 1435
1783099959385 1.2134983539581299 1436
1783099959390 1.204716444015503 1437
1783099959395 1.2292485237121582 1438
1783099959400 1.2207967042922974 1439
1783099959405 1.21746826171875 1440
1783099959409 1.19073486328125 1441
1783099959413 1.219246745109558 1442
1783099959418 1.1987111568450928 1443
1783099959422 1.201889991760254 1444
1783099959426 1.2229771614074707 1445
1783099959431 1.2132577896118164 1446
1783099959436 1.2102386951446533 1447
1783099959440 1.213021993637085 1448
1783099959444 1.2153087854385376 1449
1783099959448 1.2149748802185059 1450
1783099959452 1.2184762954711914 1451
1783099959456 1.2023565769195557 1452
1783099959460 1.2207481861114502 1453
1783099959464 1.2031359672546387 1454
1783099959468 1.2047638893127441 1455
1783099959472 1.1781237125396729 1456
1783099959475 1.2124629020690918 1457
1783099959479 1.2169855833053589 1458
1783099959484 1.2183700799942017 1459
1783099959488 1.2121963500976562 1460
1783099959493 1.2311084270477295 1461
1783099959497 1.2155287265777588 1462
1783099959501 1.220496416091919 1463
1783099959504 1.2274973392486572 1464
1783099959508 1.20802640914917 1465
1783099959512 1.2048016786575317 1466
1783099959516 1.2209622859954834 1467
1783099959520 1.1999905109405518 1468
1783099959524 1.214007019996643 1469
1783099959528 1.1968810558319092 1470
1783099959532 1.1893926858901978 1471
1783099959536 1.209262728691101 1472
1783099959541 1.2148935794830322 1473
1783099959545 1.1935653686523438 1474
1783099959549 1.2127058506011963 1475
1783099959553 1.2125232219696045 1476
1783099959557 1.2148058414459229 1477
1783099959560 1.2083404064178467 1478
1783099959564 1.2131893634796143 1479
1783099959568 1.1832594871520996 1480
1783099959572 1.219374418258667 1481
1783099959576 1.2112534046173096 1482
1783099959580 1.2026872634887695 1483
1783099959584 1.1983710527420044 1484
1783099959588 1.2123841047286987 1485
1783099959592 1.207992672920227 1486
1783099959595 1.1935336589813232 1487
1783099959598 1.2056419849395752 1488
1783099959601 1.2102060317993164 1489
1783099959605 1.1998047828674316 1490
1783099959608 1.1982030868530273 1491
1783099959611 1.1998927593231201 1492
1783099959614 1.197461724281311 1493
1783099959617 1.195749282836914 1494
1783099959620 1.1925054788589478 1495
1783099959623 1.1969678401947021 1496
1783099959626 1.2096362113952637 1497
1783099959629 1.1805732250213623 1498
1783099959633 1.1997637748718262 1499
1783099959638 1.2086045742034912 1500
1783099959643 1.1997630596160889 1501
1783099959647 1.2050819396972656 1502
1783099959651 1.183797836303711 1503
1783099959655 1.2058547735214233 1504
1783099959659 1.196616530418396 1505
1783099959663 1.198871374130249 1506
1783099959667 1.1947053670883179 1507
1783099959671 1.1994972229003906 1508
1783099959675 1.2005953788757324 1509
1783099959679 1.1981627941131592 1510
1783099959683 1.2142210006713867 1511
1783099959687 1.2160108089447021 1512
1783099959692 1.18930983543396 1513
1783099959696 1.1946254968643188 1514
1783099959700 1.1983349323272705 1515
1783099959704 1.1940237283706665 1516
1783099959708 1.2025742530822754 1517
1783099959712 1.1961417198181152 1518
1783099959717 1.1948091983795166 1519
1783099959720 1.1822147369384766 1520
1783099959725 1.1948935985565186 1521
1783099959728 1.1829628944396973 1522
1783099959733 1.1843605041503906 1523
1783099959737 1.2055121660232544 1524
1783099959742 1.2024650573730469 1525
1783099959746 1.167403221130371 1526
1783099959750 1.1821544170379639 1527
1783099959754 1.1958699226379395 1528
1783099959758 1.1934221982955933 1529
1783099959762 1.1956225633621216 1530
1783099959766 1.2048954963684082 1531
1783099959770 1.183417797088623 1532
1783099959774 1.1842193603515625 1533
1783099959778 1.1975263357162476 1534
1783099959782 1.1959381103515625 1535
1783099959787 1.191543698310852 1536
1783099959792 1.1870601177215576 1537
1783099959797 1.1985349655151367 1538
1783099959802 1.1857092380523682 1539
1783099959806 1.202148675918579 1540
1783099959810 1.1782829761505127 1541
1783099959814 1.1825754642486572 1542
1783099959818 1.188197374343872 1543
1783099959822 1.194504976272583 1544
1783099959826 1.1950020790100098 1545
1783099959830 1.1728429794311523 1546
1783099959834 1.1936380863189697 1547
1783099959839 1.1900043487548828 1548
1783099959843 1.1904085874557495 1549
1783099959847 1.1655285358428955 1550
1783099959851 1.171482801437378 1551
1783099959855 1.1805368661880493 1552
1783099959859 1.2012627124786377 1553
1783099959863 1.1711210012435913 1554
1783099959868 1.1878719329833984 1555
1783099959872 1.1878339052200317 1556
1783099959877 1.172582983970642 1557
1783099959881 1.1935005187988281 1558
1783099959886 1.1920512914657593 1559
1783099959891 1.1810905933380127 1560
1783099959895 1.1688742637634277 1561
1783099959899 1.1742446422576904 1562
1783099959903 1.1801977157592773 1563
1783099959907 1.159756064414978 1564
1783099959911 1.1934521198272705 1565
1783099959915 1.1895394325256348 1566
1783099959919 1.1863960027694702 1567
1783099959923 1.1860883235931396 1568
1783099959927 1.1568392515182495 1569
1783099959931 1.17107093334198 1570
1783099959936 1.1711256504058838 1571
1783099959941 1.1615971326828003 1572
1783099959946 1.1748449802398682 1573
1783099959951 1.178309440612793 1574
1783099959957 1.185271978378296 1575
1783099959962 1.1905416250228882 1576
1783099959967 1.1722280979156494 1577
1783099959972 1.1743055582046509 1578
1783099959976 1.197471022605896 1579
1783099959981 1.1764261722564697 1580
1783099959986 1.173711895942688 1581
1783099959990 1.182250738143921 1582
1783099959995 1.175581693649292 1583
1783099959999 1.1709747314453125 1584
1783099960004 1.187576413154602 1585
1783099960008 1.1871528625488281 1586
1783099960013 1.1771034002304077 1587
1783099960018 1.1806509494781494 1588
1783099960023 1.1884777545928955 1589
1783099960028 1.1765178442001343 1590
1783099960032 1.1755558252334595 1591
1783099960037 1.1661626100540161 1592
1783099960041 1.1724711656570435 1593
1783099960045 1.1572047472000122 1594
1783099960050 1.17319917678833 1595
1783099960054 1.1780047416687012 1596
1783099960058 1.1726468801498413 1597
1783099960062 1.1916507482528687 1598
1783099960067 1.172175407409668 1599
1783099960071 1.1638200283050537 1600
1783099960075 1.1515254974365234 1601
1783099960080 1.1876983642578125 1602
1783099960085 1.1784707307815552 1603
1783099960089 1.1624095439910889 1604
1783099960094 1.1604928970336914 1605
1783099960098 1.1852649450302124 1606
1783099960102 1.1671342849731445 1607
1783099960106 1.19171142578125 1608
1783099960109 1.165724515914917 1609
1783099960112 1.1497992277145386 1610
1783099960116 1.159940242767334 1611
1783099960119 1.1655360460281372 1612
1783099960123 1.175016164779663 1613
1783099960127 1.1614874601364136 1614
1783099960132 1.1720972061157227 1615
1783099960138 1.1666285991668701 1616
1783099960142 1.161755084991455 1617
1783099960147 1.1642870903015137 1618
1783099960151 1.1800048351287842 1619
1783099960155 1.1652772426605225 1620
1783099960160 1.1587855815887451 1621
1783099960164 1.1681911945343018 1622
1783099960168 1.1777268648147583 1623
1783099960172 1.1772103309631348 1624
1783099960177 1.1622706651687622 1625
1783099960182 1.186830997467041 1626
1783099960186 1.1635453701019287 1627
1783099960190 1.1629008054733276 1628
1783099960194 1.1748018264770508 1629
1783099960198 1.1608717441558838 1630
1783099960203 1.17512047290802 1631
1783099960207 1.1668977737426758 1632
1783099960211 1.1754519939422607 1633
1783099960216 1.1786082983016968 1634
1783099960220 1.1704342365264893 1635
1783099960224 1.1622482538223267 1636
1783099960228 1.1819127798080444 1637
1783099960233 1.1655150651931763 1638
1783099960238 1.1750980615615845 1639
1783099960243 1.168338418006897 1640
1783099960249 1.1625301837921143 1641
1783099960253 1.169243335723877 1642
1783099960258 1.1713193655014038 1643
1783099960262 1.1723679304122925 1644
1783099960266 1.1836020946502686 1645
1783099960270 1.187500238418579 1646
1783099960275 1.1822811365127563 1647
1783099960279 1.1773065328598022 1648
1783099960284 1.1739599704742432 1649
1783099960288 1.1794089078903198 1650
1783099960293 1.159609079360962 1651
1783099960297 1.167122721672058 1652
1783099960301 1.1701222658157349 1653
1783099960305 1.1708755493164062 1654
1783099960309 1.1593656539916992 1655
1783099960314 1.1554226875305176 1656
1783099960318 1.1754279136657715 1657
1783099960322 1.1627768278121948 1658
1783099960326 1.1711031198501587 1659
1783099960330 1.1481412649154663 1660
1783099960335 1.170945644378662 1661
1783099960339 1.1664602756500244 1662
1783099960343 1.1708409786224365 1663
1783099960347 1.1679648160934448 1664
1783099960351 1.1780157089233398 1665
1783099960355 1.1921441555023193 1666
1783099960359 1.1856962442398071 1667
1783099960364 1.1714752912521362 1668
1783099960368 1.174161672592163 1669
1783099960373 1.1716485023498535 1670
1783099960377 1.1645026206970215 1671
1783099960383 1.1801905632019043 1672
1783099960388 1.1771782636642456 1673
1783099960392 1.1972118616104126 1674
1783099960397 1.178173303604126 1675
1783099960401 1.195041298866272 1676
1783099960406 1.187257170677185 1677
1783099960411 1.1706520318984985 1678
1783099960415 1.1899292469024658 1679
1783099960420 1.170118808746338 1680
1783099960424 1.1684269905090332 1681
1783099960428 1.1867144107818604 1682
1783099960433 1.1824653148651123 1683
1783099960437 1.1744368076324463 1684
1783099960441 1.175947904586792 1685
1783099960446 1.1864562034606934 1686
1783099960450 1.1845355033874512 1687
1783099960454 1.191490650177002 1688
1783099960458 1.1764596700668335 1689
1783099960462 1.1675432920455933 1690
1783099960467 1.1912976503372192 1691
1783099960471 1.1806401014328003 1692
1783099960476 1.1793369054794312 1693
1783099960481 1.1870219707489014 1694
1783099960485 1.1865663528442383 1695
1783099960490 1.2018228769302368 1696
1783099960494 1.180719017982483 1697
1783099960499 1.177444577217102 1698
1783099960503 1.1978764533996582 1699
1783099960507 1.1730144023895264 1700
1783099960512 1.1801828145980835 1701
1783099960516 1.1913543939590454 1702
1783099960520 1.177952527999878 1703
1783099960525 1.1862010955810547 1704
1783099960530 1.1987971067428589 1705
1783099960535 1.169954538345337 1706
1783099960539 1.1935293674468994 1707
1783099960544 1.1873658895492554 1708
1783099960548 1.2023671865463257 1709
1783099960553 1.2024736404418945 1710
1783099960557 1.2080693244934082 1711
1783099960561 1.2034580707550049 1712
1783099960566 1.1800971031188965 1713
1783099960570 1.1891751289367676 1714
1783099960574 1.197026014328003 1715
1783099960580 1.2226157188415527 1716
1783099960585 1.176912784576416 1717
1783099960590 1.2019598484039307 1718
1783099960595 1.1759644746780396 1719
1783099960599 1.1969308853149414 1720
1783099960603 1.2001967430114746 1721
1783099960608 1.197372317314148 1722
1783099960613 1.1910477876663208 1723
1783099960617 1.1897159814834595 1724
1783099960621 1.1838397979736328 1725
1783099960626 1.2010512351989746 1726
1783099960631 1.2083479166030884 1727
1783099960636 1.1928566694259644 1728
1783099960641 1.2071013450622559 1729
1783099960645 1.1989636421203613 1730
1783099960649 1.1946278810501099 1731
1783099960653 1.1927639245986938 1732
1783099960658 1.2038898468017578 1733
1783099960662 1.2037147283554077 1734
1783099960666 1.200788140296936 1735
1783099960670 1.193939447402954 1736
1783099960674 1.185564637184143 1737
1783099960678 1.2109179496765137 1738
1783099960682 1.2007989883422852 1739
1783099960687 1.2063902616500854 1740
1783099960691 1.2122565507888794 1741
1783099960695 1.2141995429992676 1742
1783099960699 1.190885305404663 1743
1783099960703 1.187612533569336 1744
1783099960707 1.1981987953186035 1745
1783099960711 1.2029300928115845 1746
1783099960715 1.1995999813079834 1747
1783099960719 1.1995911598205566 1748
1783099960723 1.1922804117202759 1749
1783099960727 1.2070395946502686 1750
1783099960737 1.2141988277435303 1751
1783099960741 1.208536148071289 1752
1783099960745 1.2010776996612549 1753
1783099960749 1.1956360340118408 1754
1783099960753 1.1874537467956543 1755
1783099960757 1.1945464611053467 1756
1783099960761 1.1847909688949585 1757
1783099960765 1.2056130170822144 1758
1783099960768 1.21027410030365 1759
1783099960772 1.2076470851898193 1760
1783099960777 1.202653408050537 1761
1783099960781 1.1850193738937378 1762
1783099960785 1.2111173868179321 1763
1783099960789 1.1980605125427246 1764
1783099960793 1.1923730373382568 1765
1783099960797 1.20621919631958 1766
1783099960801 1.2110238075256348 1767
1783099960805 1.2015162706375122 1768
1783099960809 1.212350845336914 1769
1783099960814 1.203635573387146 1770
1783099960818 1.2020448446273804 1771
1783099960822 1.205436110496521 1772
1783099960827 1.2115519046783447 1773
1783099960832 1.1944246292114258 1774
1783099960837 1.1826276779174805 1775
1783099960843 1.2119812965393066 1776
1783099960848 1.201356053352356 1777
1783099960853 1.188781499862671 1778
1783099960858 1.1907813549041748 1779
1783099960863 1.2206718921661377 1780
1783099960868 1.1991361379623413 1781
1783099960874 1.1946728229522705 1782
1783099960880 1.1925950050354004 1783
1783099960886 1.206918716430664 1784
1783099960892 1.231687307357788 1785
1783099960897 1.203775405883789 1786
1783099960902 1.1824439764022827 1787
1783099960907 1.2084770202636719 1788
1783099960911 1.208794116973877 1789
1783099960916 1.2062411308288574 1790
1783099960920 1.2032170295715332 1791
1783099960925 1.2050280570983887 1792
1783099960929 1.1827588081359863 1793
1783099960934 1.1815329790115356 1794
1783099960939 1.1932450532913208 1795
1783099960943 1.182293176651001 1796
1783099960948 1.1850340366363525 1797
1783099960953 1.2072423696517944 1798
1783099960958 1.1978201866149902 1799
1783099960962 1.2103989124298096 1800
1783099960967 1.2040143013000488 1801
1783099960971 1.2024551630020142 1802
1783099960976 1.187973141670227 1803
1783099960981 1.1988434791564941 1804
1783099960987 1.1742560863494873 1805
1783099960992 1.1899861097335815 1806
1783099960997 1.1962721347808838 1807
1783099961002 1.2076294422149658 1808
1783099961006 1.1904385089874268 1809
1783099961010 1.1759870052337646 1810
1783099961016 1.2058483362197876 1811
1783099961020 1.1985337734222412 1812
1783099961024 1.1892573833465576 1813
1783099961029 1.1739742755889893 1814
1783099961034 1.1822150945663452 1815
1783099961038 1.1724470853805542 1816
1783099961042 1.2051070928573608 1817
1783099961046 1.1901311874389648 1818
1783099961050 1.2032021284103394 1819
1783099961054 1.176365613937378 1820
1783099961058 1.2059088945388794 1821
1783099961062 1.1936752796173096 1822
1783099961067 1.1787275075912476 1823
1783099961072 1.1665377616882324 1824
1783099961076 1.2004443407058716 1825
1783099961082 1.2010688781738281 1826
1783099961087 1.1843037605285645 1827
1783099961093 1.1951526403427124 1828
1783099961098 1.193681001663208 1829
1783099961103 1.1739952564239502 1830
1783099961108 1.1936731338500977 1831
1783099961113 1.1841976642608643 1832
1783099961117 1.17800772190094 1833
1783099961122 1.17515230178833 1834
1783099961127 1.1847667694091797 1835
1783099961132 1.1827505826950073 1836
1783099961136 1.1611484289169312 1837
1783099961141 1.1828657388687134 1838
1783099961145 1.1803452968597412 1839
1783099961149 1.198676347732544 1840
1783099961153 1.16863214969635 1841
1783099961157 1.1548562049865723 1842
1783099961162 1.1667358875274658 1843
1783099961166 1.1676559448242188 1844
1783099961170 1.1642200946807861 1845
1783099961174 1.1706312894821167 1846
1783099961178 1.1761431694030762 1847
1783099961183 1.182064414024353 1848
1783099961188 1.1676270961761475 1849
1783099961192 1.188008189201355 1850
1783099961196 1.174215316772461 1851
1783099961200 1.1703063249588013 1852
1783099961204 1.1567540168762207 1853
1783099961208 1.1805956363677979 1854
1783099961212 1.1752482652664185 1855
1783099961216 1.1727749109268188 1856
1783099961220 1.1531494855880737 1857
1783099961224 1.164668083190918 1858
1783099961228 1.166907787322998 1859
1783099961232 1.171325922012329 1860
1783099961237 1.1685317754745483 1861
1783099961241 1.1960865259170532 1862
1783099961245 1.1564003229141235 1863
1783099961249 1.1647160053253174 1864
1783099961253 1.1803531646728516 1865
1783099961257 1.1661267280578613 1866
1783099961260 1.1836516857147217 1867
1783099961264 1.167584776878357 1868
1783099961268 1.1665074825286865 1869
1783099961272 1.1437177658081055 1870
1783099961276 1.187633752822876 1871
1783099961281 1.1771659851074219 1872
1783099961285 1.1568701267242432 1873
1783099961530 1.1446435451507568 1874
1783099961534 1.1535731554031372 1875
1783099961539 1.1718777418136597 1876
1783099961543 1.1617239713668823 1877
1783099961547 1.1760920286178589 1878
1783099961551 1.1410335302352905 1879
1783099961555 1.1759757995605469 1880
1783099961559 1.176971435546875 1881
1783099961563 1.1513909101486206 1882
1783099961567 1.1488158702850342 1883
1783099961571 1.1722800731658936 1884
1783099961575 1.1439212560653687 1885
1783099961579 1.1534559726715088 1886
1783099961584 1.1613956689834595 1887
1783099961588 1.1354750394821167 1888
1783099961592 1.157968521118164 1889
1783099961596 1.1622376441955566 1890
1783099961600 1.1606862545013428 1891
1783099961604 1.1781061887741089 1892
1783099961609 1.177420735359192 1893
1783099961613 1.142305850982666 1894
1783099961617 1.1647133827209473 1895
1783099961621 1.1597119569778442 1896
1783099961625 1.1301114559173584 1897
1783099961629 1.156843662261963 1898
1783099961633 1.1662371158599854 1899
1783099961636 1.140853762626648 1900
1783099961640 1.171578288078308 1901
1783099961644 1.1417490243911743 1902
1783099961648 1.1758460998535156 1903
1783099961653 1.1470701694488525 1904
1783099961657 1.1465569734573364 1905
1783099961661 1.1420202255249023 1906
1783099961665 1.1539306640625 1907
1783099961669 1.1462563276290894 1908
1783099961673 1.1513773202896118 1909
1783099961677 1.1402469873428345 1910
1783099961682 1.1670622825622559 1911
1783099961686 1.1459134817123413 1912
1783099961690 1.155033826828003 1913
1783099961694 1.1469039916992188 1914
1783099961699 1.1401311159133911 1915
1783099961704 1.1512410640716553 1916
1783099961709 1.14128577709198 1917
1783099961714 1.1687347888946533 1918
1783099961718 1.151113748550415 1919
1783099961723 1.164323091506958 1920
1783099961727 1.1320152282714844 1921
1783099961731 1.1541354656219482 1922
1783099961735 1.1437621116638184 1923
1783099961740 1.1390479803085327 1924
1783099961744 1.1460161209106445 1925
1783099961749 1.154597520828247 1926
1783099961754 1.1639273166656494 1927
1783099961759 1.1516218185424805 1928
1783099961764 1.1577003002166748 1929
1783099961768 1.155537724494934 1930
1783099961772 1.1440180540084839 1931
1783099961777 1.1471600532531738 1932
1783099961781 1.1566725969314575 1933
1783099961785 1.1534128189086914 1934
1783099961790 1.149824619293213 1935
1783099961794 1.1385010480880737 1936
1783099961798 1.1432712078094482 1937
1783099961802 1.1273198127746582 1938
1783099961806 1.1382492780685425 1939
1783099961809 1.1364383697509766 1940
1783099961812 1.1379225254058838 1941
1783099961815 1.1454319953918457 1942
1783099961818 1.1455392837524414 1943
1783099961822 1.1425495147705078 1944
1783099961825 1.159031629562378 1945
1783099961828 1.1499149799346924 1946
1783099961831 1.1489770412445068 1947
1783099961834 1.1322760581970215 1948
1783099961837 1.1393157243728638 1949
1783099961840 1.1559193134307861 1950
1783099961843 1.1394085884094238 1951
1783099961847 1.160029649734497 1952
1783099961853 1.127356767654419 1953
1783099961858 1.1539368629455566 1954
1783099961866 1.1450976133346558 1955
1783099961872 1.1373871564865112 1956
1783099961880 1.1408518552780151 1957
1783099961893 1.1451010704040527 1958
1783099961898 1.1565970182418823 1959
1783099961907 1.1481192111968994 1960
1783099961912 1.1324397325515747 1961
1783099961917 1.145809292793274 1962
1783099961922 1.14345383644104 1963
1783099961927 1.1549394130706787 1964
1783099961932 1.148988127708435 1965
1783099961938 1.1036136150360107 1966
1783099961942 1.1456308364868164 1967
1783099961945 1.1400337219238281 1968
1783099961949 1.139023780822754 1969
1783099961952 1.1274981498718262 1970
1783099961956 1.1143059730529785 1971
1783099961959 1.160086750984192 1972
1783099961963 1.1428922414779663 1973
1783099961966 1.1287872791290283 1974
1783099961970 1.153878927230835 1975
1783099961973 1.130525827407837 1976
1783099961977 1.1447525024414062 1977
1783099961983 1.1685996055603027 1978
1783099961988 1.1513924598693848 1979
1783099961993 1.1442607641220093 1980
1783099961998 1.1357858180999756 1981
1783099962004 1.1613696813583374 1982
1783099962010 1.1469666957855225 1983
1783099962015 1.1465768814086914 1984
1783099962019 1.1509591341018677 1985
1783099962024 1.1376696825027466 1986
1783099962029 1.1441407203674316 1987
1783099962034 1.1569381952285767 1988
1783099962039 1.1323318481445312 1989
1783099962043 1.1449451446533203 1990
1783099962047 1.1610112190246582 1991
1783099962050 1.1597884893417358 1992
1783099962054 1.1666619777679443 1993
1783099962058 1.1235827207565308 1994
1783099962062 1.1579577922821045 1995
1783099962065 1.1458590030670166 1996
1783099962069 1.1349860429763794 1997
1783099962073 1.1351948976516724 1998
1783099962077 1.1476149559020996 1999
1783099962082 1.1369966268539429 2000
1783099962087 1.1346406936645508 2001
1783099962091 1.1418383121490479 2002
1783099962095 1.1546472311019897 2003
1783099962099 1.134530782699585 2004
1783099962103 1.1418286561965942 2005
1783099962107 1.1363835334777832 2006
1783099962111 1.1491920948028564 2007
1783099962115 1.1443406343460083 2008
1783099962119 1.1472957134246826 2009
1783099962123 1.156506896018982 2010
1783099962126 1.1428414583206177 2011
1783099962130 1.1428465843200684 2012
1783099962136 1.1366349458694458 2013
1783099962141 1.1361751556396484 2014
1783099962146 1.1304724216461182 2015
1783099962150 1.1328065395355225 2016
1783099962155 1.1325032711029053 2017
1783099962159 1.1307318210601807 2018
1783099962163 1.1311473846435547 2019
1783099962167 1.154595136642456 2020
1783099962171 1.1356016397476196 2021
1783099962175 1.126638650894165 2022
1783099962179 1.1219086647033691 2023
1783099962183 1.1394352912902832 2024
1783099962187 1.1232243776321411 2025
1783099962191 1.1221458911895752 2026
1783099962196 1.145573616027832 2027
1783099962200 1.1384198665618896 2028
1783099962204 1.1202722787857056 2029
1783099962208 1.1479138135910034 2030
1783099962211 1.1405214071273804 2031
1783099962214 1.1151622533798218 2032
1783099962218 1.1395450830459595 2033
1783099962221 1.126424789428711 2034
1783099962225 1.1280689239501953 2035
1783099962228 1.1446568965911865 2036
1783099962232 1.1256400346755981 2037
1783099962235 1.1351499557495117 2038
1783099962239 1.1242649555206299 2039
1783099962242 1.1451646089553833 2040
1783099962247 1.146916151046753 2041
1783099962252 1.1156123876571655 2042
1783099962256 1.127027988433838 2043
1783099962260 1.1325796842575073 2044
1783099962264 1.1521167755126953 2045
1783099962267 1.1350399255752563 2046
1783099962271 1.102363109588623 2047
1783099962274 1.1298036575317383 2048
1783099962278 1.134028434753418 2049
1783099962282 1.1254868507385254 2050
1783099962285 1.1191455125808716 2051
1783099962289 1.1473546028137207 2052
1783099962292 1.1268407106399536 2053
1783099962297 1.133852481842041 2054
1783099962301 1.1223866939544678 2055
1783099962305 1.122575044631958 2056
1783099962309 1.1451586484909058 2057
1783099962312 1.1285096406936646 2058
1783099962315 1.125934362411499 2059
1783099962319 1.1025662422180176 2060
1783099962322 1.1270231008529663 2061
1783099962326 1.1155022382736206 2062
1783099962329 1.1354398727416992 2063
1783099962332 1.1342788934707642 2064
1783099962336 1.1317269802093506 2065
1783099962340 1.1327917575836182 2066
1783099962344 1.103325605392456 2067
1783099962349 1.1193124055862427 2068
1783099962354 1.1306262016296387 2069
1783099962358 1.0983455181121826 2070
1783099962363 1.135367512702942 2071
1783099962369 1.1125226020812988 2072
1783099962374 1.116555094718933 2073
1783099962378 1.1261779069900513 2074
1783099962383 1.099219799041748 2075
1783099962388 1.13957941532135 2076
1783099962393 1.0952011346817017 2077
1783099962397 1.103553295135498 2078
1783099962402 1.1201117038726807 2079
1783099962407 1.1099915504455566 2080
1783099962412 1.1103217601776123 2081
1783099962417 1.112879991531372 2082
1783099962421 1.1133065223693848 2083
1783099962425 1.0851263999938965 2084
1783099962430 1.1026641130447388 2085
1783099962435 1.1336660385131836 2086
1783099962439 1.1035144329071045 2087
1783099962444 1.1064189672470093 2088
1783099962449 1.0969843864440918 2089
1783099962455 1.1224740743637085 2090
1783099962459 1.1231074333190918 2091
1783099962463 1.0877705812454224 2092
1783099962467 1.1232846975326538 2093
1783099962471 1.118388295173645 2094
1783099962475 1.0964595079421997 2095
1783099962478 1.1204068660736084 2096
1783099962482 1.126756191253662 2097
1783099962486 1.13240385055542 2098
1783099962490 1.1082091331481934 2099
1783099962495 1.112868309020996 2100
1783099962499 1.1052403450012207 2101
1783099962504 1.0963938236236572 2102
1783099962509 1.0970510244369507 2103
1783099962513 1.087621808052063 2104
1783099962517 1.090983271598816 2105
1783099962521 1.0953941345214844 2106
1783099962524 1.1189504861831665 2107
1783099962528 1.1404693126678467 2108
1783099962532 1.1085741519927979 2109
1783099962535 1.1248987913131714 2110
1783099962538 1.0999603271484375 2111
1783099962542 1.114661455154419 2112
1783099962545 1.1044013500213623 2113
1783099962549 1.1129815578460693 2114
1783099962553 1.1232752799987793 2115
1783099962558 1.0991263389587402 2116
1783099962562 1.1272727251052856 2117
1783099962566 1.0990023612976074 2118
1783099962570 1.1109803915023804 2119
1783099962574 1.1134443283081055 2120
1783099962578 1.1075489521026611 2121
1783099962582 1.109032392501831 2122
1783099962586 1.1020468473434448 2123
1783099962591 1.1178383827209473 2124
1783099962595 1.0910338163375854 2125
1783099962599 1.0837185382843018 2126
1783099962603 1.1206767559051514 2127
1783099962608 1.095848798751831 2128
1783099962611 1.095514178276062 2129
1783099962615 1.1233034133911133 2130
1783099962618 1.1150134801864624 2131
1783099962622 1.1164023876190186 2132
1783099962626 1.1058592796325684 2133
1783099962630 1.0993801355361938 2134
1783099962634 1.1100155115127563 2135
1783099962638 1.1109517812728882 2136
1783099962642 1.0938676595687866 2137
1783099962645 1.1021411418914795 2138
1783099962649 1.100085973739624 2139
1783099962653 1.121696949005127 2140
1783099962658 1.1231069564819336 2141
1783099962663 1.119161605834961 2142
1783099962667 1.1194568872451782 2143
1783099962671 1.1170094013214111 2144
1783099962675 1.139238953590393 2145
1783099962679 1.0908281803131104 2146
1783099962683 1.095353603363037 2147
1783099962687 1.105337381362915 2148
1783099962692 1.1135258674621582 2149
1783099962696 1.1156009435653687 2150
1783099962701 1.0799169540405273 2151
1783099962706 1.1002763509750366 2152
1783099962710 1.0976192951202393 2153
1783099962715 1.1266798973083496 2154
1783099962720 1.1386733055114746 2155
1783099962724 1.0988295078277588 2156
1783099962728 1.087528109550476 2157
1783099962733 1.100653886795044 2158
1783099962737 1.1369987726211548 2159
1783099962741 1.0871704816818237 2160
1783099962744 1.087648630142212 2161
1783099962748 1.1053650379180908 2162
1783099962753 1.1083952188491821 2163
1783099962758 1.0994566679000854 2164
1783099962765 1.1169846057891846 2165
1783099962770 1.1158840656280518 2166
1783099962774 1.103983998298645 2167
1783099962778 1.111943006515503 2168
1783099962782 1.1110361814498901 2169
1783099962786 1.1221860647201538 2170
1783099962790 1.1197470426559448 2171
1783099962795 1.117098331451416 2172
1783099962799 1.09744131565094 2173
1783099962804 1.1231794357299805 2174
1783099962809 1.125807762145996 2175
1783099962814 1.124065637588501 2176
1783099962818 1.1085110902786255 2177
1783099962823 1.110274076461792 2178
1783099962827 1.122929573059082 2179
1783099962831 1.1159892082214355 2180
1783099962836 1.1020194292068481 2181
1783099962840 1.120430588722229 2182
1783099962844 1.1221345663070679 2183
1783099962848 1.1189839839935303 2184
1783099962853 1.097983956336975 2185
1783099962858 1.1199979782104492 2186
1783099962864 1.1441490650177002 2187
1783099962870 1.1276171207427979 2188
1783099962875 1.1386847496032715 2189
1783099962880 1.1357927322387695 2190
1783099962885 1.1187784671783447 2191
1783099962889 1.1176668405532837 2192
1783099962893 1.1377019882202148 2193
1783099962897 1.1443389654159546 2194
1783099962901 1.1240068674087524 2195
1783099962904 1.1224716901779175 2196
1783099962908 1.1415749788284302 2197
1783099962912 1.116804599761963 2198
1783099962915 1.1231954097747803 2199
1783099962919 1.1252517700195312 2200
1783099962922 1.1339123249053955 2201
1783099962926 1.1313235759735107 2202
1783099962930 1.1142492294311523 2203
1783099962934 1.1165740489959717 2204
1783099962938 1.133897066116333 2205
1783099962942 1.1407192945480347 2206
1783099962945 1.1213959455490112 2207
1783099962949 1.1170252561569214 2208
1783099962952 1.1398216485977173 2209
1783099962955 1.1175553798675537 2210
1783099962959 1.1302090883255005 2211
1783099962962 1.1251838207244873 2212
1783099962965 1.147465705871582 2213
1783099962968 1.1307052373886108 2214
1783099962972 1.1304947137832642 2215
1783099962975 1.1391246318817139 2216
1783099962978 1.1267619132995605 2217
1783099962983 1.132526159286499 2218
1783099962988 1.1438263654708862 2219
1783099962992 1.1456518173217773 2220
1783099962996 1.132649540901184 2221
1783099963000 1.125171422958374 2222
1783099963004 1.1438063383102417 2223
1783099963009 1.1520438194274902 2224
1783099963014 1.1605212688446045 2225
1783099963018 1.1502231359481812 2226
1783099963022 1.1570460796356201 2227
1783099963027 1.1466805934906006 2228
1783099963033 1.1180518865585327 2229
1783099963038 1.1463780403137207 2230
1783099963042 1.1494619846343994 2231
1783099963047 1.1420543193817139 2232
1783099963051 1.134730339050293 2233
1783099963055 1.1453913450241089 2234
1783099963059 1.1250356435775757 2235
1783099963063 1.151740550994873 2236
1783099963067 1.1109918355941772 2237
1783099963071 1.1439464092254639 2238
1783099963075 1.1421674489974976 2239
1783099963078 1.1620361804962158 2240
1783099963082 1.1468778848648071 2241
1783099963086 1.1194461584091187 2242
1783099963091 1.1416682004928589 2243
1783099963096 1.1234803199768066 2244
1783099963101 1.115710735321045 2245
1783099963105 1.1382102966308594 2246
1783099963109 1.1202448606491089 2247
1783099963112 1.1389858722686768 2248
1783099963116 1.1319137811660767 2249
1783099963119 1.1427985429763794 2250
1783099963123 1.1472699642181396 2251
1783099963126 1.1345515251159668 2252
1783099963130 1.1285386085510254 2253
1783099963134 1.1424411535263062 2254
1783099963138 1.1372883319854736 2255
1783099963143 1.112464189529419 2256
1783099963148 1.1181527376174927 2257
1783099963153 1.1395936012268066 2258
1783099963157 1.117309808731079 2259
1783099963160 1.1225159168243408 2260
1783099963164 1.0885547399520874 2261
1783099963167 1.109992504119873 2262
1783099963170 1.100409746170044 2263
1783099963174 1.1084301471710205 2264
1783099963177 1.1309207677841187 2265
1783099963180 1.130711317062378 2266
1783099963184 1.1287870407104492 2267
1783099963188 1.1163997650146484 2268
1783099963193 1.1103252172470093 2269
1783099963197 1.1327083110809326 2270
1783099963201 1.1210129261016846 2271
1783099963204 1.1093674898147583 2272
1783099963208 1.1312570571899414 2273
1783099963211 1.1179823875427246 2274
1783099963215 1.125544786453247 2275
1783099963218 1.1309882402420044 2276
1783099963221 1.1090052127838135 2277
1783099963224 1.1022322177886963 2278
1783099963228 1.1086713075637817 2279
1783099963231 1.1059447526931763 2280
1783099963235 1.1135451793670654 2281
1783099963240 1.0989229679107666 2282
1783099963245 1.095884084701538 2283
1783099963249 1.1168339252471924 2284
1783099963253 1.109041690826416 2285
1783099963256 1.1243609189987183 2286
1783099963260 1.1252845525741577 2287
1783099963264 1.1222245693206787 2288
1783099963268 1.1233537197113037 2289
1783099963272 1.153723120689392 2290
1783099963276 1.0661990642547607 2291
1783099963281 1.0885438919067383 2292
1783099963286 1.1176555156707764 2293
1783099963291 1.1132062673568726 2294
1783099963297 1.1159541606903076 2295
1783099963302 1.1160919666290283 2296
1783099963307 1.0967317819595337 2297
1783099963312 1.1301535367965698 2298
1783099963316 1.112291932106018 2299
1783099963321 1.1225700378417969 2300
1783099963325 1.0967638492584229 2301
1783099963330 1.093653917312622 2302
1783099963333 1.0884082317352295 2303
1783099963337 1.1145331859588623 2304
1783099963342 1.0991350412368774 2305
1783099963347 1.0928096771240234 2306
1783099963350 1.10326087474823 2307
1783099963354 1.0837708711624146 2308
1783099963358 1.097959280014038 2309
1783099963365 1.0957016944885254 2310
1783099963370 1.1049792766571045 2311
1783099963374 1.1078824996948242 2312
1783099963380 1.0849858522415161 2313
1783099963385 1.0944147109985352 2314
1783099963391 1.094080924987793 2315
1783099963396 1.0840933322906494 2316
1783099963401 1.0822480916976929 2317
1783099963405 1.091158151626587 2318
1783099963409 1.0755527019500732 2319
1783099963414 1.0864773988723755 2320
1783099963418 1.0971839427947998 2321
1783099963423 1.0862797498703003 2322
1783099963427 1.0809756517410278 2323
1783099963431 1.0868866443634033 2324
1783099963435 1.0848995447158813 2325
1783099963440 1.073971152305603 2326
1783099963444 1.0808755159378052 2327
1783099963449 1.0977542400360107 2328
1783099963453 1.097071647644043 2329
1783099963458 1.0925720930099487 2330
1783099963462 1.0695953369140625 2331
1783099963467 1.0845973491668701 2332
1783099963472 1.078101396560669 2333
1783099963476 1.0582232475280762 2334
1783099963481 1.0760812759399414 2335
1783099963485 1.0507920980453491 2336
1783099963490 1.0681202411651611 2337
1783099963495 1.0478160381317139 2338
1783099963500 1.0740665197372437 2339
1783099963504 1.0647538900375366 2340
1783099963509 1.0720150470733643 2341
1783099963513 1.0651451349258423 2342
1783099963517 1.054187297821045 2343
1783099963522 1.0786423683166504 2344
1783099963527 1.0593643188476562 2345
1783099963531 1.06527578830719 2346
1783099963536 1.0650286674499512 2347
1783099963541 1.0712172985076904 2348
1783099963545 1.0612640380859375 2349
1783099963550 1.0714974403381348 2350
1783099963555 1.063663125038147 2351
1783099963559 1.073141098022461 2352
1783099963563 1.0820854902267456 2353
1783099963567 1.0656375885009766 2354
1783099963571 1.0596104860305786 2355
1783099963576 1.0386476516723633 2356
1783099963580 1.0486419200897217 2357
1783099963585 1.0626602172851562 2358
1783099963589 1.0545059442520142 2359
1783099963594 1.0479676723480225 2360
1783099963598 1.0683565139770508 2361
1783099963602 1.0488797426223755 2362
1783099963606 1.0633634328842163 2363
1783099963610 1.0497859716415405 2364
1783099963614 1.0564815998077393 2365
1783099963618 1.0320584774017334 2366
1783099963622 1.0522921085357666 2367
1783099963626 1.0388474464416504 2368
1783099963630 1.0578234195709229 2369
1783099963634 1.0777173042297363 2370
1783099963639 1.0468745231628418 2371
1783099963644 1.0183277130126953 2372
1783099963649 1.043223261833191 2373
1783099963653 1.0463778972625732 2374
1783099963658 1.0514758825302124 2375
1783099963663 1.0327260494232178 2376
1783099963667 1.0325905084609985 2377
1783099963672 1.0313544273376465 2378
1783099963676 1.0476620197296143 2379
1783099963680 1.0713672637939453 2380
1783099963685 1.0346401929855347 2381
1783099963690 1.0268926620483398 2382
1783099963695 1.0441710948944092 2383
1783099963699 1.0502851009368896 2384
1783099963704 1.0333861112594604 2385
1783099963708 1.02570378780365 2386
1783099963713 1.0287832021713257 2387
1783099963717 1.0200707912445068 2388
1783099963721 1.0403074026107788 2389
1783099963726 1.0313751697540283 2390
1783099963730 1.0378458499908447 2391
1783099963734 1.037580132484436 2392
1783099963738 1.0144951343536377 2393
1783099963743 1.0315618515014648 2394
1783099963747 1.0246326923370361 2395
1783099963751 1.0180528163909912 2396
1783099963755 1.014521837234497 2397
1783099963759 1.027590036392212 2398
1783099963763 1.025030493736267 2399
1783099963767 1.026483178138733 2400
1783099963771 1.0252853631973267 2401
1783099963775 1.0357306003570557 2402
1783099963780 1.0116026401519775 2403
1783099963784 1.004054069519043 2404
1783099963788 1.014868974685669 2405
1783099963793 1.0277609825134277 2406
1783099963797 0.9889531135559082 2407
1783099963802 1.0091700553894043 2408
1783099963806 1.0032488107681274 2409
1783099963810 1.0164837837219238 2410
1783099963814 1.01399827003479 2411
1783099963818 1.0293173789978027 2412
1783099963822 1.00518798828125 2413
1783099963826 1.0449775457382202 2414
1783099963830 0.9852553606033325 2415
1783099963834 1.0420889854431152 2416
1783099963839 1.0082393884658813 2417
1783099963845 1.0247166156768799 2418
1783099963850 1.017397165298462 2419
1783099963855 1.0057176351547241 2420
1783099963859 0.998744785785675 2421
1783099963865 1.0031813383102417 2422
1783099963870 1.0292096138000488 2423
1783099963875 1.009010672569275 2424
1783099963880 1.0221199989318848 2425
1783099963885 1.0050485134124756 2426
1783099963890 1.0146920680999756 2427
1783099963895 1.0056443214416504 2428
1783099963900 1.0188093185424805 2429
1783099963905 1.0009655952453613 2430
1783099963910 1.0275781154632568 2431
1783099963915 1.0232832431793213 2432
1783099963920 1.0017881393432617 2433
1783099963924 1.0350252389907837 2434
1783099963928 1.0086750984191895 2435
1783099963933 1.0203008651733398 2436
1783099963937 1.0055358409881592 2437
1783099963941 1.0161882638931274 2438
1783099963945 0.986085057258606 2439
1783099963949 1.0245143175125122 2440
1783099963954 1.0250816345214844 2441
1783099963959 1.013687014579773 2442
1783099963962 1.0330586433410645 2443
1783099963966 1.015139102935791 2444
1783099963970 1.0159246921539307 2445
1783099963973 1.012718915939331 2446
1783099963976 1.0107643604278564 2447
1783099963980 1.0118377208709717 2448
1783099963983 1.0201054811477661 2449
1783099963987 1.0041075944900513 2450
1783099963991 1.008029580116272 2451
1783099963996 0.9807388186454773 2452
1783099964001 1.019803524017334 2453
1783099964006 1.0287114381790161 2454
1783099964011 1.0133026838302612 2455
1783099964016 1.0011423826217651 2456
1783099964021 1.0083985328674316 2457
1783099964026 1.0160244703292847 2458
1783099964031 1.0122849941253662 2459
1783099964035 1.0084943771362305 2460
1783099964040 1.0357038974761963 2461
1783099964045 1.0154184103012085 2462
1783099964049 1.010980486869812 2463
1783099964054 1.0552809238433838 2464
1783099964058 0.9915763139724731 2465
1783099964063 1.0438716411590576 2466
1783099964067 1.0184664726257324 2467
1783099964072 1.0178214311599731 2468
1783099964076 1.0024375915527344 2469
1783099964080 1.0272109508514404 2470
1783099964084 1.0145659446716309 2471
1783099964089 1.017905831336975 2472
1783099964093 0.9944660663604736 2473
1783099964097 1.0246431827545166 2474
1783099964101 1.0116755962371826 2475
1783099964105 1.006911277770996 2476
1783099964110 1.022548794746399 2477
1783099964115 1.0306153297424316 2478
1783099964119 0.9908952713012695 2479
1783099964123 1.0214498043060303 2480
1783099964128 1.011263132095337 2481
1783099964132 1.0481327772140503 2482
1783099964136 1.0150407552719116 2483
1783099964140 1.0243628025054932 2484
1783099964145 1.0306107997894287 2485
1783099964149 1.0297142267227173 2486
1783099964154 1.0356794595718384 2487
1783099964158 1.0307602882385254 2488
1783099964163 1.0081013441085815 2489
1783099964167 0.9954986572265625 2490
1783099964171 1.0390024185180664 2491
1783099964175 1.0445067882537842 2492
1783099964180 1.0416085720062256 2493
1783099964184 1.01615309715271 2494
1783099964188 1.025414228439331 2495
1783099964192 1.0405559539794922 2496
1783099964196 1.0403773784637451 2497
1783099964201 1.043373942375183 2498
1783099964205 1.0034376382827759 2499
1783099964209 1.035551905632019 2500
1783099964214 1.0111446380615234 2501
1783099964218 1.0220568180084229 2502
1783099964222 1.03258216381073 2503
1783099964226 1.039253830909729 2504
1783099964230 1.0346007347106934 2505
1783099964235 1.0440245866775513 2506
1783099964239 1.0153367519378662 2507
1783099964243 1.035109281539917 2508
1783099964247 1.0120633840560913 2509
1783099964251 1.0275065898895264 2510
1783099964256 1.032497763633728 2511
1783099964260 1.0288749933242798 2512
1783099964263 1.0396370887756348 2513
1783099964268 1.024006724357605 2514
1783099964272 1.0485730171203613 2515
1783099964277 0.9989290237426758 2516
1783099964281 1.0251259803771973 2517
1783099964286 1.0405738353729248 2518
1783099964290 1.0414228439331055 2519
1783099964295 1.0673182010650635 2520
1783099964299 1.044835090637207 2521
1783099964304 1.034670352935791 2522
1783099964308 0.9998018741607666 2523
1783099964312 1.0307925939559937 2524
1783099964316 1.0218815803527832 2525
1783099964320 1.0337212085723877 2526
1783099964324 1.0169236660003662 2527
1783099964328 1.037564992904663 2528
1783099964333 1.0372238159179688 2529
1783099964337 1.0589295625686646 2530
1783099964341 1.032123327255249 2531
1783099964346 1.02393639087677 2532
1783099964350 1.0526578426361084 2533
1783099964355 1.047389268875122 2534
1783099964360 1.0324784517288208 2535
1783099964365 1.0183141231536865 2536
1783099964369 1.042338490486145 2537
1783099964374 1.056311845779419 2538
1783099964377 1.0238568782806396 2539
1783099964380 1.063036561012268 2540
1783099964384 1.0354480743408203 2541
1783099964387 1.055363416671753 2542
1783099964390 1.0410919189453125 2543
1783099964393 1.0237654447555542 2544
1783099964397 1.0558428764343262 2545
1783099964400 1.0600327253341675 2546
1783099964405 1.0685780048370361 2547
1783099964409 1.0659873485565186 2548
1783099964414 1.0493433475494385 2549
1783099964418 1.0781524181365967 2550
1783099964422 1.0598535537719727 2551
1783099964426 1.0647075176239014 2552
1783099964431 1.049507975578308 2553
1783099964435 1.045917272567749 2554
1783099964439 1.0472033023834229 2555
1783099964443 1.037398099899292 2556
1783099964447 1.0670571327209473 2557
1783099964451 1.024080753326416 2558
1783099964456 1.0566493272781372 2559
1783099964460 1.05064058303833 2560
1783099964464 1.037621259689331 2561
1783099964468 1.0618704557418823 2562
1783099964472 1.0467408895492554 2563
1783099964476 1.035710096359253 2564
1783099964480 1.055406928062439 2565
1783099964484 1.044551134109497 2566
1783099964488 1.0488026142120361 2567
1783099964492 1.072237253189087 2568
1783099964495 1.029505729675293 2569
1783099964500 1.0453318357467651 2570
1783099964504 1.0569584369659424 2571
1783099964508 1.0689482688903809 2572
1783099964512 1.051908016204834 2573
1783099964515 1.0783028602600098 2574
1783099964519 1.0763651132583618 2575
1783099964522 1.03581702709198 2576
1783099964526 1.0659633874893188 2577
1783099964529 1.051002025604248 2578
1783099964532 1.0664644241333008 2579
1783099964536 1.0179308652877808 2580
1783099964541 1.0883793830871582 2581
1783099964545 1.0402203798294067 2582
1783099964550 1.0616259574890137 2583
1783099964555 1.0408437252044678 2584
1783099964560 1.0703097581863403 2585
1783099964565 1.0380445718765259 2586
1783099964571 1.0368733406066895 2587
1783099964577 1.0601695775985718 2588
1783099964583 1.076540231704712 2589
1783099964589 1.0515356063842773 2590
1783099964595 1.057303786277771 2591
1783099964600 1.0229700803756714 2592
1783099964606 1.0457899570465088 2593
1783099964611 1.0571935176849365 2594
1783099964618 1.0623714923858643 2595
1783099964623 1.0676709413528442 2596
1783099964628 1.063219666481018 2597
1783099964632 1.0745818614959717 2598
1783099964636 1.089031457901001 2599
1783099964641 1.0612256526947021 2600
1783099964645 1.035871982574463 2601
1783099964650 1.049644947052002 2602
1783099964655 1.0746811628341675 2603
1783099964660 1.0461491346359253 2604
1783099964665 1.0493358373641968 2605
1783099964670 1.04427170753479 2606
1783099964675 1.0563364028930664 2607
1783099964680 1.0628752708435059 2608
1783099964685 1.0486297607421875 2609
1783099964690 1.0699024200439453 2610
1783099964694 1.084306240081787 2611
1783099964699 1.0321788787841797 2612
1783099964705 1.0623891353607178 2613
1783099964711 1.0318138599395752 2614
1783099964717 1.0394588708877563 2615
1783099964721 1.0243146419525146 2616
1783099964726 1.0447235107421875 2617
1783099964731 1.0302281379699707 2618
1783099964736 1.0490484237670898 2619
1783099964741 1.0334415435791016 2620
1783099964746 1.0656695365905762 2621
1783099964750 1.0359177589416504 2622
1783099964754 1.0766780376434326 2623
1783099964759 1.0656483173370361 2624
1783099964763 1.0435181856155396 2625
1783099964767 1.0722582340240479 2626
1783099964772 1.0246119499206543 2627
1783099964776 1.0690242052078247 2628
1783099964781 1.0516607761383057 2629
1783099964785 1.0296953916549683 2630
1783099964789 1.024345874786377 2631
1783099964793 1.0549390316009521 2632
1783099964798 1.0353119373321533 2633
1783099964803 1.0356782674789429 2634
1783099964808 1.0261268615722656 2635
1783099964812 1.0286319255828857 2636
1783099964817 1.0411653518676758 2637
1783099964821 1.0715961456298828 2638
1783099964825 1.0435681343078613 2639
1783099964829 1.0669313669204712 2640
1783099964833 1.0572023391723633 2641
1783099964837 0.9826446771621704 2642
1783099964840 1.0203664302825928 2643
1783099964844 1.0371512174606323 2644
1783099964848 1.0292716026306152 2645
1783099964852 1.0471982955932617 2646
1783099964857 1.0234025716781616 2647
1783099964861 1.053678274154663 2648
1783099964865 1.0518932342529297 2649
1783099964869 1.016945719718933 2650
1783099964873 1.0308095216751099 2651
1783099964877 0.9975392818450928 2652
1783099964880 1.0691777467727661 2653
1783099964884 1.0385788679122925 2654
1783099964887 1.0385898351669312 2655
1783099964891 1.024170994758606 2656
1783099964895 1.006622076034546 2657
1783099964899 1.0330991744995117 2658
1783099964904 1.0370208024978638 2659
1783099964909 1.0137253999710083 2660
1783099964914 1.0072497129440308 2661
1783099964919 1.0128049850463867 2662
1783099964923 1.0338722467422485 2663
1783099964928 1.023725986480713 2664
1783099964933 0.9996298551559448 2665
1783099964938 1.0531196594238281 2666
1783099964942 1.044872522354126 2667
1783099964947 1.0217230319976807 2668
1783099964952 1.0006864070892334 2669
1783099964957 1.0359852313995361 2670
1783099964962 0.9908134937286377 2671
1783099964967 0.9947198033332825 2672
1783099964972 0.9732293486595154 2673
1783099964976 1.0285463333129883 2674
1783099964981 0.9961656928062439 2675
1783099964986 1.0002576112747192 2676
1783099964991 0.9943571090698242 2677
1783099964996 1.0112674236297607 2678
1783099965002 1.0050411224365234 2679
1783099965018 0.9850046038627625 2680
1783099965024 1.0098720788955688 2681
1783099965029 1.0003950595855713 2682
1783099965034 0.9834114909172058 2683
1783099965039 1.0007447004318237 2684
1783099965043 0.9858641624450684 2685
1783099965047 1.0069773197174072 2686
1783099965051 0.9730798602104187 2687
1783099965055 0.9890093207359314 2688
1783099965060 0.9819322824478149 2689
1783099965064 0.9877739548683167 2690
1783099965069 0.9816588759422302 2691
1783099965073 0.977514386177063 2692
1783099965077 0.9998584985733032 2693
1783099965080 0.9586201906204224 2694
1783099965084 0.9830445051193237 2695
1783099965088 0.9951965808868408 2696
1783099965092 0.9826419949531555 2697
1783099965095 0.9800722599029541 2698
1783099965099 0.9674521684646606 2699
1783099965103 0.9762095212936401 2700
1783099965106 0.9914755821228027 2701
1783099965110 0.9524455070495605 2702
1783099965114 0.9628833532333374 2703
1783099965118 0.979844868183136 2704
1783099965123 0.9609021544456482 2705
1783099965127 0.996984601020813 2706
1783099965130 0.9826298952102661 2707
1783099965134 0.9829399585723877 2708
1783099965137 0.9888886213302612 2709
1783099965141 0.9756897687911987 2710
1783099965145 0.9829229712486267 2711
1783099965148 0.9674469232559204 2712
1783099965152 0.9644272327423096 2713
1783099965155 0.9712351560592651 2714
1783099965159 0.9963706731796265 2715
1783099965162 0.9734690189361572 2716
1783099965165 0.9669657945632935 2717
1783099965170 0.9582511782646179 2718
1783099965175 0.9451280832290649 2719
1783099965179 0.9514939785003662 2720
1783099965184 0.9582033157348633 2721
1783099965189 0.9803799390792847 2722
1783099965194 0.9806929230690002 2723
1783099965199 0.9835137724876404 2724
1783099965204 0.9236487150192261 2725
1783099965209 0.9662521481513977 2726
1783099965214 0.9354839324951172 2727
1783099965220 0.9455763101577759 2728
1783099965225 0.9253860712051392 2729
1783099965231 0.9363160133361816 2730
1783099965236 0.9431703090667725 2731
1783099965241 0.9505695104598999 2732
1783099965247 0.9704191088676453 2733
1783099965251 0.9369562864303589 2734
1783099965255 0.940272331237793 2735
1783099965259 0.9251214861869812 2736
1783099965263 0.9359607696533203 2737
1783099965269 0.9640249013900757 2738
1783099965274 0.9235125780105591 2739
1783099965279 0.9563760757446289 2740
1783099965282 0.9197064638137817 2741
1783099965286 0.9050941467285156 2742
1783099965290 0.9252400994300842 2743
1783099965294 0.9344097375869751 2744
1783099965297 0.9403422474861145 2745
1783099965301 0.9414476156234741 2746
1783099965305 0.9649512767791748 2747
1783099965309 0.9127398133277893 2748
1783099965313 0.9317198991775513 2749
1783099965318 0.9479979276657104 2750
1783099965324 0.959538459777832 2751
1783099965330 0.9353582262992859 2752
1783099965334 0.9153499603271484 2753
1783099965340 0.942133903503418 2754
1783099965344 0.9492133855819702 2755
1783099965349 0.9503949880599976 2756
1783099965353 0.9426445364952087 2757
1783099965358 0.9276490211486816 2758
1783099965362 0.9425835013389587 2759
1783099965367 0.9212393760681152 2760
1783099965373 0.9197832345962524 2761
1783099965378 0.9306233525276184 2762
1783099965382 0.95923912525177 2763
1783099965387 0.9145007729530334 2764
1783099965391 0.915756106376648 2765
1783099965396 0.9252240657806396 2766
1783099965400 0.9564104676246643 2767
1783099965404 0.9140622615814209 2768
1783099965409 0.9344581365585327 2769
1783099965415 0.8979007005691528 2770
1783099965419 0.9379090070724487 2771
1783099965424 0.9205803871154785 2772
1783099965429 0.9407566785812378 2773
1783099965434 0.9361550807952881 2774
1783099965439 0.9225407838821411 2775
1783099965443 0.9587732553482056 2776
1783099965448 0.9352685809135437 2777
1783099965452 0.9250340461730957 2778
1783099965457 0.9025869369506836 2779
1783099965461 0.8779987096786499 2780
1783099965465 0.8942273855209351 2781
1783099965470 0.9093018770217896 2782
1783099965474 0.911800742149353 2783
1783099965480 0.9121896624565125 2784
1783099965484 0.9295150637626648 2785
1783099965489 0.9280589818954468 2786
1783099965494 0.9158968329429626 2787
1783099965498 0.9295152425765991 2788
1783099965503 0.9059418439865112 2789
1783099965507 0.8741804957389832 2790
1783099965512 0.904424786567688 2791
1783099965516 0.8967078924179077 2792
1783099965521 0.8885367512702942 2793
1783099965525 0.9033982157707214 2794
1783099965530 0.9359688758850098 2795
1783099965534 0.9158607125282288 2796
1783099965539 0.916204571723938 2797
1783099965543 0.9142683744430542 2798
1783099965548 0.9006931781768799 2799
1783099965552 0.8835034370422363 2800
1783099965556 0.8859429359436035 2801
1783099965561 0.8918824195861816 2802
1783099965565 0.9233245849609375 2803
1783099965569 0.9130437970161438 2804
1783099965573 0.893710732460022 2805
1783099965577 0.9077993631362915 2806
1783099965582 0.9183446764945984 2807
1783099965586 0.8755140900611877 2808
1783099965591 0.8791536092758179 2809
1783099965595 0.9032723903656006 2810
1783099965830 0.9053351879119873 2811
1783099965835 0.9055072069168091 2812
1783099965839 0.9204796552658081 2813
1783099965843 0.8800214529037476 2814
1783099965848 0.8874959945678711 2815
1783099965852 0.8900659084320068 2816
1783099965856 0.8923813104629517 2817
1783099965860 0.9329577684402466 2818
1783099965865 0.8955419063568115 2819
1783099965868 0.9003554582595825 2820
1783099965872 0.9054248332977295 2821
1783099965877 0.9076327085494995 2822
1783099965883 0.9401682615280151 2823
1783099965889 0.8916994333267212 2824
1783099965894 0.8857621550559998 2825
1783099965898 0.8725373148918152 2826
1783099965903 0.8742833137512207 2827
1783099965908 0.867700457572937 2828
1783099965912 0.9281362295150757 2829
1783099965916 0.8999155163764954 2830
1783099965921 0.9015355110168457 2831
1783099965925 0.8911516666412354 2832
1783099965929 0.8809540271759033 2833
1783099965933 0.902496337890625 2834
1783099965938 0.8754475116729736 2835
1783099965942 0.9134456515312195 2836
1783099965946 0.8854390382766724 2837
1783099965950 0.8989244103431702 2838
1783099965955 0.8961195349693298 2839
1783099965959 0.8795344233512878 2840
1783099965964 0.8917133212089539 2841
1783099965968 0.8968961834907532 2842
1783099965972 0.901093602180481 2843
1783099965976 0.8988251090049744 2844
1783099965981 0.8824429512023926 2845
1783099965986 0.8673506379127502 2846
1783099965991 0.9147564172744751 2847
1783099965997 0.9143384695053101 2848
1783099966002 0.9082742929458618 2849
1783099966007 0.9077333211898804 2850
1783099966012 0.8795993328094482 2851
1783099966018 0.8899363875389099 2852
1783099966023 0.8637490272521973 2853
1783099966028 0.8518838286399841 2854
1783099966032 0.8987614512443542 2855
1783099966036 0.8841719627380371 2856
1783099966041 0.899661660194397 2857
1783099966044 0.8959381580352783 2858
1783099966048 0.8880146741867065 2859
1783099966052 0.8777089715003967 2860
1783099966056 0.9234702587127686 2861
1783099966060 0.8673313856124878 2862
1783099966065 0.8804787397384644 2863
1783099966069 0.905454158782959 2864
1783099966073 0.8869630098342896 2865
1783099966078 0.8988074660301208 2866
1783099966083 0.9017741680145264 2867
1783099966088 0.895447850227356 2868
1783099966093 0.9039758443832397 2869
1783099966097 0.8743777275085449 2870
1783099966101 0.8871550559997559 2871
1783099966106 0.9036940336227417 2872
1783099966110 0.8727142810821533 2873
1783099966114 0.8953027725219727 2874
1783099966119 0.9116238355636597 2875
1783099966123 0.9023284316062927 2876
1783099966128 0.9073562622070312 2877
1783099966132 0.911099910736084 2878
1783099966137 0.9028275012969971 2879
1783099966142 0.8891433477401733 2880
1783099966146 0.8862782716751099 2881
1783099966150 0.8675808906555176 2882
1783099966154 0.9064135551452637 2883
1783099966159 0.8969820737838745 2884
1783099966162 0.8713002800941467 2885
1783099966166 0.9114007949829102 2886
1783099966169 0.9197922945022583 2887
1783099966173 0.8940824866294861 2888
1783099966177 0.8842568397521973 2889
1783099966182 0.8552015423774719 2890
1783099966186 0.9483637809753418 2891
1783099966190 0.9213657975196838 2892
1783099966195 0.8996109962463379 2893
1783099966199 0.9149420261383057 2894
1783099966203 0.9062011241912842 2895
1783099966206 0.9017491340637207 2896
1783099966210 0.9208662509918213 2897
1783099966215 0.9030450582504272 2898
1783099966219 0.9050981402397156 2899
1783099966223 0.9049575328826904 2900
1783099966228 0.8770434260368347 2901
1783099966232 0.9027657508850098 2902
1783099966237 0.8988867998123169 2903
1783099966241 0.9190288782119751 2904
1783099966245 0.9245738983154297 2905
1783099966249 0.8749420642852783 2906
1783099966253 0.887149453163147 2907
1783099966257 0.8795269131660461 2908
1783099966262 0.9079042673110962 2909
1783099966266 0.9247454404830933 2910
1783099966279 0.9227612018585205 2911
1783099966284 0.9053272604942322 2912
1783099966289 0.9287174940109253 2913
1783099966294 0.8953346014022827 2914
1783099966299 0.9233298301696777 2915
1783099966303 0.9031360149383545 2916
1783099966308 0.9262717962265015 2917
1783099966312 0.9228301048278809 2918
1783099966317 0.9246641397476196 2919
1783099966321 0.9021785855293274 2920
1783099966325 0.9051035642623901 2921
1783099966330 0.9446358680725098 2922
1783099966335 0.8675089478492737 2923
1783099966340 0.9240978360176086 2924
1783099966344 0.9484824538230896 2925
1783099966349 0.9230823516845703 2926
1783099966353 0.9108198881149292 2927
1783099966357 0.9358222484588623 2928
1783099966362 0.9013253450393677 2929
1783099966367 0.9032673835754395 2930
1783099966372 0.9319020509719849 2931
1783099966377 0.9238387942314148 2932
1783099966382 0.9083643555641174 2933
1783099966387 0.9243736863136292 2934
1783099966392 0.9040653109550476 2935
1783099966397 0.9428412914276123 2936
1783099966402 0.920986533164978 2937
1783099966406 0.96575927734375 2938
1783099966410 0.8975335359573364 2939
1783099966415 0.9311363697052002 2940
1783099966419 0.9272326231002808 2941
1783099966423 0.9351813793182373 2942
1783099966428 0.8832418918609619 2943
1783099966431 0.9432998895645142 2944
1783099966436 0.8965533971786499 2945
1783099966440 0.9174460172653198 2946
1783099966445 0.9352728724479675 2947
1783099966449 0.9042832851409912 2948
1783099966453 0.9023626446723938 2949
1783099966457 0.9664287567138672 2950
1783099966460 0.9395403861999512 2951
1783099966464 0.9372843503952026 2952
1783099966468 0.9271920919418335 2953
1783099966471 0.9287488460540771 2954
1783099966475 0.9013893604278564 2955
1783099966478 0.9267934560775757 2956
1783099966482 0.9498845934867859 2957
1783099966485 0.9293762445449829 2958
1783099966489 0.9446079730987549 2959
1783099966493 0.9105960726737976 2960
1783099966499 0.9060462117195129 2961
1783099966503 0.9225624799728394 2962
1783099966507 0.9136590361595154 2963
1783099966511 0.9093793034553528 2964
1783099966515 0.9206911325454712 2965
1783099966519 0.9122634530067444 2966
1783099966523 0.945515513420105 2967
1783099966527 0.9478552341461182 2968
1783099966531 0.9273335933685303 2969
1783099966535 0.9164063930511475 2970
1783099966539 0.9278795719146729 2971
1783099966543 0.9288817644119263 2972
1783099966548 0.9299956560134888 2973
1783099966551 0.9124261140823364 2974
1783099966555 0.9188356399536133 2975
1783099966558 0.9408900737762451 2976
1783099966562 0.9732018709182739 2977
1783099966565 0.9097658395767212 2978
1783099966568 0.9201693534851074 2979
1783099966572 0.9221413731575012 2980
1783099966575 0.9140292406082153 2981
1783099966579 0.9118208885192871 2982
1783099966582 0.895561933517456 2983
1783099966585 0.9199552536010742 2984
1783099966589 0.9290204644203186 2985
1783099966592 0.8981199264526367 2986
1783099966597 0.9425603747367859 2987
1783099966601 0.9036904573440552 2988
1783099966605 0.9369470477104187 2989
1783099966609 0.9316235780715942 2990
1783099966614 0.9180458784103394 2991
1783099966618 0.9418817758560181 2992
1783099966622 0.9132044315338135 2993
1783099966626 0.9280266761779785 2994
1783099966630 0.9251530766487122 2995
1783099966634 0.9102533459663391 2996
1783099966638 0.9224408268928528 2997
1783099966642 0.9102308750152588 2998
1783099966647 0.9587371349334717 2999
1783099966651 0.9444602727890015 3000
1783099966655 0.9135704040527344 3001
1783099966659 0.9075816869735718 3002
1783099966663 0.9335800409317017 3003
1783099966667 0.9062579870223999 3004
1783099966671 0.8946588635444641 3005
1783099966675 0.9176240563392639 3006
1783099966679 0.8988040685653687 3007
1783099966683 0.9183773994445801 3008
1783099966687 0.90653395652771 3009
1783099966691 0.9525311589241028 3010
1783099966696 0.9126182198524475 3011
1783099966700 0.8980122804641724 3012
1783099966704 0.9040539264678955 3013
1783099966708 0.9303232431411743 3014
1783099966712 0.8939369916915894 3015
1783099966717 0.8956809043884277 3016
1783099966720 0.9126689434051514 3017
1783099966724 0.8803008794784546 3018
1783099966728 0.9110318422317505 3019
1783099966732 0.9002833366394043 3020
1783099966736 0.9063910245895386 3021
1783099966740 0.9241310358047485 3022
1783099966744 0.8965927958488464 3023
1783099966749 0.9161098003387451 3024
1783099966753 0.9112114906311035 3025
1783099966757 0.8898543119430542 3026
1783099966761 0.8822809457778931 3027
1783099966765 0.912456214427948 3028
1783099966769 0.8938491940498352 3029
1783099966773 0.8928168416023254 3030
1783099966778 0.8661639094352722 3031
1783099966782 0.8906664252281189 3032
1783099966786 0.8957597017288208 3033
1783099966791 0.8938004374504089 3034
1783099966796 0.8790727257728577 3035
1783099966801 0.8442071676254272 3036
1783099966806 0.8891563415527344 3037
1783099966810 0.8940768241882324 3038
1783099966814 0.8772063851356506 3039
1783099966817 0.9149293899536133 3040
1783099966821 0.875389575958252 3041
1783099966824 0.9043557643890381 3042
1783099966827 0.8753600120544434 3043
1783099966831 0.8981455564498901 3044
1783099966834 0.8617885112762451 3045
1783099966838 0.8890120983123779 3046
1783099966843 0.9320641756057739 3047
1783099966848 0.9064826965332031 3048
1783099966852 0.8770521283149719 3049
1783099966855 0.8695611357688904 3050
1783099966859 0.8745757937431335 3051
1783099966863 0.8351913690567017 3052
1783099966866 0.9018346071243286 3053
1783099966870 0.9108935594558716 3054
1783099966874 0.8846895694732666 3055
1783099966877 0.880462646484375 3056
1783099966881 0.8972024321556091 3057
1783099966884 0.8482325673103333 3058
1783099966888 0.8864920139312744 3059
1783099966893 0.8718656897544861 3060
1783099966897 0.8554009199142456 3061
1783099966902 0.8989357948303223 3062
1783099966906 0.8397063612937927 3063
1783099966909 0.882056474685669 3064
1783099966912 0.8628838062286377 3065
1783099966916 0.8486253023147583 3066
1783099966919 0.8769108057022095 3067
1783099966922 0.8449962139129639 3068
1783099966926 0.8298892974853516 3069
1783099966929 0.8699718117713928 3070
1783099966932 0.8481775522232056 3071
1783099966935 0.885869562625885 3072
1783099966938 0.866062343120575 3073
1783099966942 0.8628880977630615 3074
1783099966947 0.8344459533691406 3075
1783099966952 0.8203902244567871 3076
1783099966956 0.8912545442581177 3077
1783099966960 0.8324373960494995 3078
1783099966964 0.9014246463775635 3079
1783099966968 0.8803213238716125 3080
1783099966972 0.8794773817062378 3081
1783099966976 0.8422873020172119 3082
1783099966980 0.8428118228912354 3083
1783099966984 0.8711718916893005 3084
1783099966988 0.8561748266220093 3085
1783099966992 0.8577719926834106 3086
1783099966997 0.8727519512176514 3087
1783099967002 0.8544919490814209 3088
1783099967007 0.8447590470314026 3089
1783099967012 0.8307458162307739 3090
1783099967016 0.8449029922485352 3091
1783099967020 0.8530721664428711 3092
1783099967024 0.8879272937774658 3093
1783099967028 0.8272421360015869 3094
1783099967031 0.8382712602615356 3095
1783099967035 0.828345775604248 3096
1783099967038 0.8234720230102539 3097
1783099967042 0.8142059445381165 3098
1783099967047 0.828392505645752 3099
1783099967052 0.8452821373939514 3100
1783099967056 0.8214553594589233 3101
1783099967059 0.8519230484962463 3102
1783099967063 0.8313102722167969 3103
1783099967066 0.8388170599937439 3104
1783099967069 0.8171148300170898 3105
1783099967073 0.8581452369689941 3106
1783099967076 0.8402815461158752 3107
1783099967080 0.8208757638931274 3108
1783099967083 0.8015375137329102 3109
1783099967087 0.8309507369995117 3110
1783099967090 0.802176296710968 3111
1783099967093 0.8121644854545593 3112
1783099967099 0.8232243657112122 3113
1783099967104 0.8362032175064087 3114
1783099967109 0.8295068740844727 3115
1783099967114 0.8274863958358765 3116
1783099967118 0.8302819132804871 3117
1783099967122 0.8315828442573547 3118
1783099967126 0.8488878011703491 3119
1783099967130 0.8314520716667175 3120
1783099967135 0.7864363789558411 3121
1783099967139 0.8169611692428589 3122
1783099967143 0.8222253322601318 3123
1783099967147 0.8373889923095703 3124
1783099967152 0.812753438949585 3125
1783099967156 0.7747002840042114 3126
1783099967160 0.8228766918182373 3127
1783099967164 0.8284595012664795 3128
1783099967168 0.8117969632148743 3129
1783099967172 0.7958555817604065 3130
1783099967176 0.8543433547019958 3131
1783099967180 0.8081730008125305 3132
1783099967184 0.8225292563438416 3133
1783099967187 0.7878921031951904 3134
1783099967191 0.7842055559158325 3135
1783099967195 0.8149663209915161 3136
1783099967199 0.8228998184204102 3137
1783099967203 0.8032835125923157 3138
1783099967208 0.7739790678024292 3139
1783099967211 0.7793843746185303 3140
1783099967215 0.7914279699325562 3141
1783099967219 0.7806923985481262 3142
1783099967223 0.8120397329330444 3143
1783099967227 0.817864179611206 3144
1783099967231 0.7981232404708862 3145
1783099967235 0.7953335046768188 3146
1783099967239 0.8177992105484009 3147
1783099967243 0.8347301483154297 3148
1783099967248 0.8046963810920715 3149
1783099967252 0.7986512780189514 3150
1783099967256 0.8173797130584717 3151
1783099967259 0.8316078782081604 3152
1783099967262 0.7797278165817261 3153
1783099967265 0.8063555359840393 3154
1783099967269 0.7852873802185059 3155
1783099967272 0.8122555017471313 3156
1783099967276 0.7868331670761108 3157
1783099967280 0.7864194512367249 3158
1783099967283 0.8245618343353271 3159
1783099967287 0.8100904822349548 3160
1783099967291 0.8095148801803589 3161
1783099967295 0.8222172856330872 3162
1783099967299 0.8135186433792114 3163
1783099967303 0.8104434609413147 3164
1783099967307 0.8067963123321533 3165
1783099967311 0.7982734441757202 3166
1783099967315 0.8244380950927734 3167
1783099967319 0.7813268899917603 3168
1783099967323 0.7767331600189209 3169
1783099967327 0.8064077496528625 3170
1783099967330 0.7888652086257935 3171
1783099967334 0.7752490043640137 3172
1783099967337 0.8031638264656067 3173
1783099967341 0.7933593392372131 3174
1783099967346 0.8253382444381714 3175
1783099967351 0.7695193290710449 3176
1783099967355 0.7969765663146973 3177
1783099967360 0.7545687556266785 3178
1783099967364 0.7809604406356812 3179
1783099967369 0.7663888931274414 3180
1783099967373 0.8047032356262207 3181
1783099967377 0.7797924280166626 3182
1783099967381 0.7876120209693909 3183
1783099967385 0.789042592048645 3184
1783099967389 0.7835059762001038 3185
1783099967393 0.8270955681800842 3186
1783099967398 0.8059372901916504 3187
1783099967402 0.8240394592285156 3188
1783099967405 0.8180293440818787 3189
1783099967409 0.7481034398078918 3190
1783099967412 0.8174817562103271 3191
1783099967416 0.7856641411781311 3192
1783099967419 0.798920214176178 3193
1783099967422 0.7961152791976929 3194
1783099967425 0.8134615421295166 3195
1783099967430 0.7801293134689331 3196
1783099967435 0.8018878102302551 3197
1783099967440 0.7626228332519531 3198
1783099967445 0.8230857253074646 3199
1783099967450 0.7687128782272339 3200
1783099967455 0.7645115852355957 3201
1783099967460 0.7702320218086243 3202
1783099967465 0.8043057322502136 3203
1783099967469 0.8102185726165771 3204
1783099967473 0.7916373610496521 3205
1783099967477 0.8236445188522339 3206
1783099967481 0.7822204828262329 3207
1783099967485 0.8070646524429321 3208
1783099967489 0.7802764177322388 3209
1783099967493 0.8147416114807129 3210
1783099967498 0.7990572452545166 3211
1783099967502 0.7878988981246948 3212
1783099967506 0.7964782118797302 3213
1783099967511 0.806472659111023 3214
1783099967517 0.7735668420791626 3215
1783099967522 0.7885664701461792 3216
1783099967526 0.8225074410438538 3217
1783099967530 0.8176479935646057 3218
1783099967534 0.7782011032104492 3219
1783099967539 0.7729882001876831 3220
1783099967543 0.7479282021522522 3221
1783099967547 0.760218620300293 3222
1783099967552 0.8106744289398193 3223
1783099967556 0.8166499733924866 3224
1783099967560 0.77051842212677 3225
1783099967564 0.7453174591064453 3226
1783099967568 0.8115479350090027 3227
1783099967572 0.7965719699859619 3228
1783099967576 0.8200650215148926 3229
1783099967580 0.7970854043960571 3230
1783099967584 0.7536526322364807 3231
1783099967588 0.8079733848571777 3232
1783099967592 0.8059430122375488 3233
1783099967596 0.7971329689025879 3234
1783099967600 0.7933642864227295 3235
1783099967604 0.7772642374038696 3236
1783099967607 0.8022626042366028 3237
1783099967610 0.8023914098739624 3238
1783099967613 0.7782356142997742 3239
1783099967616 0.7902591228485107 3240
1783099967619 0.8020256757736206 3241
1783099967622 0.7776803970336914 3242
1783099967631 0.7889870405197144 3243
1783099967634 0.8042294979095459 3244
1783099967637 0.7760930061340332 3245
1783099967641 0.7818704843521118 3246
1783099967646 0.7833000421524048 3247
1783099967651 0.7631329298019409 3248
1783099967655 0.7680477499961853 3249
1783099967659 0.8094837069511414 3250
1783099967663 0.8206820487976074 3251
1783099967667 0.7753473520278931 3252
1783099967671 0.80484539270401 3253
1783099967675 0.8540933132171631 3254
1783099967679 0.7712985277175903 3255
1783099967683 0.7601330280303955 3256
1783099967687 0.7955469489097595 3257
1783099967691 0.7655744552612305 3258
1783099967696 0.8082901835441589 3259
1783099967700 0.7734487056732178 3260
1783099967705 0.7810832262039185 3261
1783099967708 0.7912410497665405 3262
1783099967711 0.806603729724884 3263
1783099967715 0.7461770176887512 3264
1783099967718 0.8050152659416199 3265
1783099967721 0.7886569499969482 3266
1783099967724 0.7989280223846436 3267
1783099967727 0.7846912145614624 3268
1783099967730 0.7726166248321533 3269
1783099967733 0.7566449642181396 3270
1783099967736 0.7967529296875 3271
1783099967740 0.7996313571929932 3272
1783099967743 0.7884582281112671 3273
1783099967749 0.7900650501251221 3274
1783099967753 0.7974172830581665 3275
1783099967756 0.7881041765213013 3276
1783099967760 0.7725322246551514 3277
1783099967763 0.7667028903961182 3278
1783099967766 0.8130769729614258 3279
1783099967769 0.7743820548057556 3280
1783099967772 0.7782854437828064 3281
1783099967775 0.7902040481567383 3282
1783099967778 0.7688429951667786 3283
1783099967781 0.7426713109016418 3284
1783099967784 0.7650023102760315 3285
1783099967787 0.7811720967292786 3286
1783099967791 0.7814542651176453 3287
1783099967794 0.8088201284408569 3288
1783099967799 0.7928940057754517 3289
1783099967804 0.814780592918396 3290
1783099967808 0.8030655384063721 3291
1783099967812 0.7949440479278564 3292
1783099967816 0.7847976684570312 3293
1783099967820 0.7727786302566528 3294
1783099967824 0.7728585004806519 3295
1783099967828 0.7658582925796509 3296
1783099967832 0.7594119906425476 3297
1783099967836 0.8070933818817139 3298
1783099967840 0.7344346046447754 3299
1783099967844 0.8194679021835327 3300
1783099967848 0.8000496625900269 3301
1783099967853 0.7940810918807983 3302
1783099967857 0.8574039936065674 3303
1783099967861 0.7876933217048645 3304
1783099967865 0.7865040898323059 3305
1783099967869 0.8089534640312195 3306
1783099967874 0.7475051879882812 3307
1783099967878 0.7811404466629028 3308
1783099967883 0.7994534969329834 3309
1783099967887 0.7566757202148438 3310
1783099967891 0.7969560623168945 3311
1783099967896 0.7755454778671265 3312
1783099967901 0.7970075607299805 3313
1783099967905 0.8021069765090942 3314
1783099967910 0.7503615617752075 3315
1783099967915 0.766057014465332 3316
1783099967919 0.7550565004348755 3317
1783099967923 0.7976659536361694 3318
1783099967927 0.788416862487793 3319
1783099967931 0.7596346139907837 3320
1783099967935 0.7240893244743347 3321
1783099967939 0.7859224677085876 3322
1783099967943 0.8032814264297485 3323
1783099967947 0.7722104787826538 3324
1783099967951 0.7343665957450867 3325
1783099967956 0.7464756369590759 3326
1783099967960 0.7756279706954956 3327
1783099967965 0.7617088556289673 3328
1783099967970 0.7577552199363708 3329
1783099967975 0.741072416305542 3330
1783099967980 0.7832173705101013 3331
1783099967984 0.728331983089447 3332
1783099967989 0.7579867243766785 3333
1783099967993 0.7464910745620728 3334
1783099967998 0.8181353211402893 3335
1783099968004 0.7787715196609497 3336
1783099968008 0.8166614770889282 3337
1783099968013 0.7721249461174011 3338
1783099968020 0.7060235738754272 3339
1783099968025 0.7587547302246094 3340
1783099968029 0.7840903401374817 3341
1783099968034 0.6987571120262146 3342
1783099968040 0.7800655961036682 3343
1783099968045 0.7573070526123047 3344
1783099968050 0.7449967265129089 3345
1783099968055 0.7557723522186279 3346
1783099968060 0.7667937874794006 3347
1783099968064 0.7679286003112793 3348
1783099968069 0.7789922952651978 3349
1783099968074 0.7691216468811035 3350
1783099968080 0.7684262990951538 3351
1783099968084 0.7351582050323486 3352
1783099968088 0.7176318168640137 3353
1783099968093 0.746654748916626 3354
1783099968097 0.7269423604011536 3355
1783099968102 0.7419296503067017 3356
1783099968108 0.7876157760620117 3357
1783099968114 0.7620760202407837 3358
1783099968121 0.7830743789672852 3359
1783099968131 0.708617091178894 3360
1783099968137 0.7453591227531433 3361
1783099968144 0.7710399627685547 3362
1783099968149 0.7646746635437012 3363
1783099968154 0.723785400390625 3364
1783099968159 0.7416104078292847 3365
1783099968164 0.7811421155929565 3366
1783099968170 0.7560105323791504 3367
1783099968176 0.7115492820739746 3368
1783099968181 0.7495734691619873 3369
1783099968185 0.7201167345046997 3370
1783099968190 0.7230106592178345 3371
1783099968195 0.7376500368118286 3372
1783099968200 0.7668337821960449 3373
1783099968205 0.7219104766845703 3374
1783099968210 0.7636274099349976 3375
1783099968214 0.7305423021316528 3376
1783099968219 0.7274677753448486 3377
1783099968223 0.792338490486145 3378
1783099968227 0.749001145362854 3379
1783099968231 0.7328767776489258 3380
1783099968236 0.7107099890708923 3381
1783099968240 0.7289835810661316 3382
1783099968244 0.7665287256240845 3383
1783099968248 0.7448155879974365 3384
1783099968252 0.7412121295928955 3385
1783099968257 0.7641767263412476 3386
1783099968262 0.7361053228378296 3387
1783099968267 0.6791095733642578 3388
1783099968272 0.706214427947998 3389
1783099968278 0.7066779136657715 3390
1783099968283 0.7125890254974365 3391
1783099968288 0.7591886520385742 3392
1783099968294 0.7534610033035278 3393
1783099968299 0.727101743221283 3394
1783099968304 0.707055926322937 3395
1783099968308 0.7670483589172363 3396
1783099968313 0.7507381439208984 3397
1783099968319 0.7629837989807129 3398
1783099968324 0.7232505679130554 3399
1783099968327 0.7350801229476929 3400
1783099968331 0.7373880743980408 3401
1783099968334 0.736136257648468 3402
1783099968337 0.7681881189346313 3403
1783099968340 0.7468705773353577 3404
1783099968343 0.7045885324478149 3405
1783099968346 0.7358927726745605 3406
1783099968350 0.697943925857544 3407
1783099968353 0.756065845489502 3408
1783099968356 0.7135785222053528 3409
1783099968359 0.7254726886749268 3410
1783099968362 0.7035088539123535 3411
1783099968368 0.7448253631591797 3412
1783099968373 0.7731436491012573 3413
1783099968379 0.7316896915435791 3414
1783099968383 0.7437715530395508 3415
1783099968386 0.7402079105377197 3416
1783099968390 0.6966221928596497 3417
1783099968393 0.760332465171814 3418
1783099968397 0.727088451385498 3419
1783099968400 0.7408762574195862 3420
1783099968403 0.6909945607185364 3421
1783099968406 0.7278239727020264 3422
1783099968409 0.7546639442443848 3423
1783099968413 0.6939816474914551 3424
1783099968416 0.6952412724494934 3425
1783099968420 0.747714102268219 3426
1783099968425 0.6919691562652588 3427
1783099968431 0.7093846797943115 3428
1783099968434 0.7139641046524048 3429
1783099968438 0.6803380250930786 3430
1783099968441 0.7316755056381226 3431
1783099968445 0.7006040811538696 3432
1783099968448 0.7209722995758057 3433
1783099968451 0.7072585821151733 3434
1783099968454 0.7335653901100159 3435
1783099968458 0.6860864162445068 3436
1783099968461 0.7345516681671143 3437
1783099968464 0.7295718789100647 3438
1783099968467 0.770612359046936 3439
1783099968471 0.6782410144805908 3440
1783099968476 0.7309956550598145 3441
1783099968480 0.7010367512702942 3442
1783099968485 0.713380753993988 3443
1783099968489 0.6973279714584351 3444
1783099968493 0.7009954452514648 3445
1783099968497 0.7250827550888062 3446
1783099968501 0.7042260766029358 3447
1783099968505 0.7420013546943665 3448
1783099968509 0.758617103099823 3449
1783099968513 0.7345702648162842 3450
1783099968517 0.7167210578918457 3451
1783099968522 0.725275456905365 3452
1783099968526 0.6945477724075317 3453
1783099968531 0.758745014667511 3454
1783099968536 0.711091160774231 3455
1783099968541 0.692859947681427 3456
1783099968546 0.7331959009170532 3457
1783099968550 0.7365915775299072 3458
1783099968555 0.7415616512298584 3459
1783099968559 0.7010653018951416 3460
1783099968563 0.7022127509117126 3461
1783099968568 0.724860668182373 3462
1783099968572 0.6885557174682617 3463
1783099968577 0.7041250467300415 3464
1783099968583 0.7346996068954468 3465
1783099968588 0.7313704490661621 3466
1783099968592 0.7345195412635803 3467
1783099968596 0.7340912818908691 3468
1783099968600 0.7063705921173096 3469
1783099968604 0.7813276052474976 3470
1783099968608 0.7173020243644714 3471
1783099968613 0.7061632871627808 3472
1783099968618 0.7048499584197998 3473
1783099968623 0.7043955326080322 3474
1783099968628 0.6850956678390503 3475
1783099968633 0.7368232011795044 3476
1783099968639 0.7353783845901489 3477
1783099968643 0.7431417107582092 3478
1783099968648 0.7117530107498169 3479
1783099968652 0.728646993637085 3480
1783099968657 0.6982917189598083 3481
1783099968661 0.6988023519515991 3482
1783099968665 0.7308650612831116 3483
1783099968669 0.7181800603866577 3484
1783099968674 0.7151240110397339 3485
1783099968679 0.707154393196106 3486
1783099968683 0.7045556306838989 3487
1783099968688 0.7163282632827759 3488
1783099968693 0.7317867279052734 3489
1783099968697 0.6977052688598633 3490
1783099968701 0.691393256187439 3491
1783099968706 0.7029112577438354 3492
1783099968710 0.7225723266601562 3493
1783099968714 0.7265477180480957 3494
1783099968718 0.7358065843582153 3495
1783099968723 0.6987088918685913 3496
1783099968727 0.7098633050918579 3497
1783099968732 0.7092233896255493 3498
1783099968737 0.7349604368209839 3499
1783099968741 0.7104595899581909 3500
1783099968746 0.7139745950698853 3501
1783099968750 0.7206127643585205 3502
1783099968754 0.6793190240859985 3503
1783099968758 0.7184903621673584 3504
1783099968762 0.6925609111785889 3505
1783099968766 0.7150951623916626 3506
1783099968770 0.7257949113845825 3507
1783099968775 0.7196388244628906 3508
1783099968779 0.7319116592407227 3509
1783099968784 0.6932919025421143 3510
1783099968788 0.7016753554344177 3511
1783099968793 0.704129695892334 3512
1783099968798 0.7218438386917114 3513
1783099968802 0.6870787739753723 3514
1783099968807 0.6781505346298218 3515
1783099968812 0.7379815578460693 3516
1783099968816 0.7245103120803833 3517
1783099968820 0.7105300426483154 3518
1783099968825 0.7031586170196533 3519
1783099968829 0.6950898766517639 3520
1783099968833 0.7435882091522217 3521
1783099968837 0.7121036052703857 3522
1783099968841 0.7114129066467285 3523
1783099968846 0.7275741100311279 3524
1783099968850 0.7486966252326965 3525
1783099968854 0.6967235207557678 3526
1783099968859 0.6860783696174622 3527
1783099968863 0.7096414566040039 3528
1783099968868 0.7163576483726501 3529
1783099968873 0.7146274447441101 3530
1783099968877 0.7410023212432861 3531
1783099968882 0.7115293741226196 3532
1783099968886 0.6849058866500854 3533
1783099968891 0.7196916341781616 3534
1783099968895 0.677653431892395 3535
1783099968900 0.714767575263977 3536
1783099968904 0.708562970161438 3537
1783099968909 0.7329133152961731 3538
1783099968913 0.7275772094726562 3539
1783099968917 0.6899791955947876 3540
1783099968921 0.742327094078064 3541
1783099968925 0.712441086769104 3542
1783099968929 0.6968891620635986 3543
1783099968933 0.7320901155471802 3544
1783099968937 0.7248062491416931 3545
1783099968941 0.7074434161186218 3546
1783099968946 0.6933332085609436 3547
1783099968950 0.7023624181747437 3548
1783099968954 0.6686716079711914 3549
1783099968959 0.6752841472625732 3550
1783099968963 0.7449291944503784 3551
1783099968967 0.7408381700515747 3552
1783099968971 0.6871960163116455 3553
1783099968975 0.6909751892089844 3554
1783099968979 0.7279244661331177 3555
1783099968983 0.7480630874633789 3556
1783099968987 0.6799942255020142 3557
1783099968991 0.7136904001235962 3558
1783099968997 0.6980946063995361 3559
1783099969002 0.7588447332382202 3560
1783099969006 0.7171276211738586 3561
1783099969011 0.6758530735969543 3562
1783099969015 0.6862974166870117 3563
1783099969019 0.6757750511169434 3564
1783099969023 0.7147103548049927 3565
1783099969026 0.6678379774093628 3566
1783099969030 0.7104427814483643 3567
1783099969033 0.6951242685317993 3568
1783099969037 0.731735110282898 3569
1783099969042 0.729128360748291 3570
1783099969046 0.708756685256958 3571
1783099969051 0.6975932121276855 3572
1783099969056 0.7232325673103333 3573
1783099969060 0.652618944644928 3574
1783099969065 0.7277109026908875 3575
1783099969069 0.7018334865570068 3576
1783099969073 0.7086801528930664 3577
1783099969077 0.7219327092170715 3578
1783099969081 0.7132652997970581 3579
1783099969085 0.6955763697624207 3580
1783099969089 0.7003535032272339 3581
1783099969093 0.7201770544052124 3582
1783099969099 0.7212262153625488 3583
1783099969103 0.7132129669189453 3584
1783099969107 0.7197476625442505 3585
1783099969112 0.6726580858230591 3586
1783099969116 0.7154656648635864 3587
1783099969120 0.6886282563209534 3588
1783099969124 0.7164167165756226 3589
1783099969129 0.7276277542114258 3590
1783099969133 0.7225054502487183 3591
1783099969137 0.6844805479049683 3592
1783099969142 0.7344042062759399 3593
1783099969147 0.7226274609565735 3594
1783099969152 0.693972110748291 3595
1783099969156 0.6817506551742554 3596
1783099969160 0.6514990329742432 3597
1783099969165 0.6736137866973877 3598
1783099969169 0.7252625226974487 3599
1783099969173 0.7584106922149658 3600
1783099969178 0.7230319380760193 3601
1783099969182 0.6906734704971313 3602
1783099969187 0.6820157766342163 3603
1783099969191 0.6993756890296936 3604
1783099969196 0.7275136113166809 3605
1783099969201 0.670111894607544 3606
1783099969205 0.6978081464767456 3607
1783099969210 0.7204661965370178 3608
1783099969214 0.7017387747764587 3609
1783099969218 0.7079066038131714 3610
1783099969222 0.7435625195503235 3611
1783099969226 0.6796349287033081 3612
1783099969230 0.7002614736557007 3613
1783099969234 0.6905198097229004 3614
1783099969239 0.7475489377975464 3615
1783099969243 0.7038936614990234 3616
1783099969248 0.7214335203170776 3617
1783099969252 0.6990395188331604 3618
1783099969256 0.7282230854034424 3619
1783099969260 0.6785340309143066 3620
1783099969265 0.65777587890625 3621
1783099969269 0.6999374628067017 3622
1783099969273 0.7064014673233032 3623
1783099969277 0.7010602951049805 3624
1783099969281 0.7381711602210999 3625
1783099969285 0.6651308536529541 3626
1783099969290 0.7010438442230225 3627
1783099969295 0.7482001781463623 3628
1783099969299 0.7255011796951294 3629
1783099969303 0.7199305295944214 3630
1783099969307 0.7193299531936646 3631
1783099969311 0.7305871844291687 3632
1783099969315 0.6885754466056824 3633
1783099969320 0.7036284804344177 3634
1783099969324 0.6997575163841248 3635
1783099969328 0.706850528717041 3636
1783099969332 0.7147190570831299 3637
1783099969337 0.6948156356811523 3638
1783099969341 0.6748453378677368 3639
1783099969345 0.74205482006073 3640
1783099969350 0.7257189154624939 3641
1783099969354 0.6906353831291199 3642
1783099969359 0.7434105277061462 3643
1783099969363 0.6847778558731079 3644
1783099969368 0.6957962512969971 3645
1783099969373 0.7199779748916626 3646
1783099969378 0.70937579870224 3647
1783099969383 0.6930874586105347 3648
1783099969388 0.7076133489608765 3649
1783099969392 0.7121409773826599 3650
1783099969397 0.719282865524292 3651
1783099969401 0.6896270513534546 3652
1783099969405 0.6947827339172363 3653
1783099969410 0.6874929070472717 3654
1783099969414 0.7493849992752075 3655
1783099969418 0.7340591549873352 3656
1783099969422 0.6836788654327393 3657
1783099969427 0.6937479376792908 3658
1783099969431 0.7272560596466064 3659
1783099969436 0.677800178527832 3660
1783099969441 0.7449367642402649 3661
1783099969445 0.7272489070892334 3662
1783099969450 0.7245681285858154 3663
1783099969454 0.7291120290756226 3664
1783099969458 0.7500571012496948 3665
1783099969462 0.7120944261550903 3666
1783099969466 0.7052294015884399 3667
1783099969471 0.736883282661438 3668
1783099969475 0.6809626221656799 3669
1783099969479 0.6868388056755066 3670
1783099969484 0.7020256519317627 3671
1783099969488 0.6924802660942078 3672
1783099969493 0.7006024718284607 3673
1783099969497 0.7282034158706665 3674
1783099969501 0.7096312046051025 3675
1783099969506 0.7241214513778687 3676
1783099969511 0.7209559082984924 3677
1783099969515 0.7075276374816895 3678
1783099969520 0.6879850625991821 3679
1783099969524 0.7172342538833618 3680
1783099969529 0.7014204859733582 3681
1783099969534 0.7188236117362976 3682
1783099969539 0.7806686162948608 3683
1783099969544 0.7210482358932495 3684
1783099969548 0.7162562608718872 3685
1783099969552 0.7008289694786072 3686
1783099969557 0.7284007668495178 3687
1783099969561 0.7327549457550049 3688
1783099969565 0.7143803834915161 3689
1783099969569 0.7138946056365967 3690
1783099969573 0.6773478984832764 3691
1783099969577 0.709821343421936 3692
1783099969582 0.709059476852417 3693
1783099969586 0.6927642822265625 3694
1783099969590 0.7094532251358032 3695
1783099969594 0.7193000912666321 3696
1783099969598 0.7208629846572876 3697
1783099969602 0.7480814456939697 3698
1783099969605 0.7381577491760254 3699
1783099969609 0.6777503490447998 3700
1783099969613 0.7138134241104126 3701
1783099969618 0.7099564075469971 3702
1783099969622 0.756310224533081 3703
1783099969627 0.7230061292648315 3704
1783099969631 0.7445655465126038 3705
1783099969636 0.7467555999755859 3706
1783099969640 0.7008023262023926 3707
1783099969645 0.7342851161956787 3708
1783099969649 0.7086698412895203 3709
1783099969653 0.6775381565093994 3710
1783099969657 0.6998453140258789 3711
1783099969661 0.7239125967025757 3712
1783099969666 0.6914682984352112 3713
1783099969670 0.7714521288871765 3714
1783099969674 0.7420144081115723 3715
1783099969679 0.6863980293273926 3716
1783099969684 0.6699678897857666 3717
1783099969688 0.7334470748901367 3718
1783099969692 0.6883119344711304 3719
1783099969697 0.7828742265701294 3720
1783099969701 0.7129274606704712 3721
1783099969705 0.7493703365325928 3722
1783099969709 0.6956489086151123 3723
1783099969713 0.7043211460113525 3724
1783099969717 0.6870570778846741 3725
1783099969721 0.6695200204849243 3726
1783099969725 0.6754134893417358 3727
1783099969730 0.708022952079773 3728
1783099969734 0.7114037275314331 3729
1783099969738 0.680131196975708 3730
1783099969742 0.6622945070266724 3731
1783099969747 0.7088213562965393 3732
1783099969751 0.7493656873703003 3733
1783099969755 0.6528879404067993 3734
1783099969759 0.7454872131347656 3735
1783099969763 0.6722836494445801 3736
1783099969768 0.691558837890625 3737
1783099969772 0.6704586148262024 3738
1783099969776 0.6354570984840393 3739
1783099969781 0.6881818771362305 3740
1783099969785 0.6815057992935181 3741
1783099969789 0.6616425514221191 3742
1783099969793 0.6642383337020874 3743
1783099969797 0.7216156721115112 3744
1783099969802 0.6755874156951904 3745
1783099969806 0.7037366032600403 3746
1783099969810 0.6986903548240662 3747
1783099970055 0.6933223605155945 3748
1783099970060 0.6711298823356628 3749
1783099970063 0.6829200983047485 3750
1783099970067 0.6855898499488831 3751
1783099970070 0.6615152955055237 3752
1783099970074 0.6634867191314697 3753
1783099970077 0.7004576921463013 3754
1783099970081 0.7132296562194824 3755
1783099970084 0.6785814166069031 3756
1783099970088 0.694039523601532 3757
1783099970093 0.6915600299835205 3758
1783099970097 0.6942878365516663 3759
1783099970101 0.6683909893035889 3760
1783099970106 0.6094630360603333 3761
1783099970111 0.6592715978622437 3762
1783099970117 0.6638162732124329 3763
1783099970122 0.6757761240005493 3764
1783099970129 0.6398851871490479 3765
1783099970136 0.6559900045394897 3766
1783099970140 0.7125198841094971 3767
1783099970145 0.6270138025283813 3768
1783099970149 0.6756267547607422 3769
1783099970153 0.6690572500228882 3770
1783099970157 0.6647202968597412 3771
1783099970161 0.6257936954498291 3772
1783099970165 0.624545156955719 3773
1783099970169 0.6229900121688843 3774
1783099970173 0.6305088996887207 3775
1783099970177 0.6227182149887085 3776
1783099970181 0.6447715759277344 3777
1783099970186 0.6517626047134399 3778
1783099970193 0.6851319074630737 3779
1783099970196 0.6095811128616333 3780
1783099970200 0.6256659030914307 3781
1783099970204 0.6211889982223511 3782
1783099970208 0.6665204763412476 3783
1783099970212 0.6593300104141235 3784
1783099970216 0.6894574761390686 3785
1783099970220 0.6112966537475586 3786
1783099970224 0.6994845867156982 3787
1783099970228 0.6792342066764832 3788
1783099970232 0.6081361770629883 3789
1783099970236 0.5903062224388123 3790
1783099970241 0.6078977584838867 3791
1783099970246 0.6413676738739014 3792
1783099970250 0.638227105140686 3793
1783099970254 0.650530219078064 3794
1783099970258 0.6465727090835571 3795
1783099970262 0.5839310884475708 3796
1783099970266 0.6205981373786926 3797
1783099970270 0.6453236937522888 3798
1783099970274 0.6331781148910522 3799
1783099970278 0.624190092086792 3800
1783099970282 0.626628041267395 3801
1783099970286 0.6030052304267883 3802
1783099970291 0.6005435585975647 3803
1783099970296 0.6263870596885681 3804
1783099970300 0.6365729570388794 3805
1783099970304 0.6251513957977295 3806
1783099970308 0.6308256387710571 3807
1783099970313 0.5902614593505859 3808
1783099970317 0.6211739182472229 3809
1783099970322 0.6050232648849487 3810
1783099970326 0.6244556307792664 3811
1783099970330 0.609088122844696 3812
1783099970335 0.5928119421005249 3813
1783099970340 0.5921857357025146 3814
1783099970344 0.614727258682251 3815
1783099970349 0.5787734389305115 3816
1783099970353 0.603343665599823 3817
1783099970358 0.6084680557250977 3818
1783099970362 0.6475679874420166 3819
1783099970368 0.5897895097732544 3820
1783099970373 0.5670475959777832 3821
1783099970378 0.5962482690811157 3822
1783099970383 0.6382808685302734 3823
1783099970388 0.6289796233177185 3824
1783099970393 0.5754833221435547 3825
1783099970400 0.6182811856269836 3826
1783099970404 0.6517767906188965 3827
1783099970409 0.5915650725364685 3828
1783099970413 0.6023772954940796 3829
1783099970417 0.5469334721565247 3830
1783099970421 0.5501529574394226 3831
1783099970426 0.614717960357666 3832
1783099970430 0.6182891130447388 3833
1783099970435 0.5924235582351685 3834
1783099970439 0.6381716728210449 3835
1783099970444 0.6507131457328796 3836
1783099970449 0.5908644199371338 3837
1783099970454 0.584790825843811 3838
1783099970459 0.5584871768951416 3839
1783099970463 0.6088693141937256 3840
1783099970468 0.5797057151794434 3841
1783099970472 0.588386058807373 3842
1783099970476 0.5468021631240845 3843
1783099970481 0.5643702745437622 3844
1783099970485 0.5976050496101379 3845
1783099970489 0.6085432171821594 3846
1783099970494 0.6181984543800354 3847
1783099970498 0.5535581111907959 3848
1783099970501 0.5937802791595459 3849
1783099970505 0.5657542943954468 3850
1783099970509 0.5621299147605896 3851
1783099970512 0.5524163246154785 3852
1783099970516 0.6112325191497803 3853
1783099970520 0.575337290763855 3854
1783099970523 0.5661240816116333 3855
1783099970527 0.5774630904197693 3856
1783099970531 0.592363715171814 3857
1783099970535 0.6035043001174927 3858
1783099970539 0.5825286507606506 3859
1783099970543 0.587551474571228 3860
1783099970548 0.5607768893241882 3861
1783099970552 0.5141905546188354 3862
1783099970556 0.5564543008804321 3863
1783099970560 0.5424198508262634 3864
1783099970563 0.54755699634552 3865
1783099970567 0.5706512331962585 3866
1783099970570 0.5777827501296997 3867
1783099970574 0.5524684190750122 3868
1783099970577 0.5566304326057434 3869
1783099970581 0.5481311082839966 3870
1783099970584 0.5732733011245728 3871
1783099970588 0.5608102679252625 3872
1783099970594 0.5383604764938354 3873
1783099970598 0.5564482808113098 3874
1783099970602 0.530722975730896 3875
1783099970605 0.5101838111877441 3876
1783099970609 0.5479573607444763 3877
1783099970612 0.5565966963768005 3878
1783099970616 0.5361359715461731 3879
1783099970620 0.5699590444564819 3880
1783099970623 0.5469800233840942 3881
1783099970627 0.5215837955474854 3882
1783099970630 0.5509965419769287 3883
1783099970634 0.4941971004009247 3884
1783099970637 0.5290294289588928 3885
1783099970642 0.5493828654289246 3886
1783099970648 0.5098090767860413 3887
1783099970654 0.5376644134521484 3888
1783099970659 0.5292544364929199 3889
1783099970665 0.5039610862731934 3890
1783099970670 0.549423336982727 3891
1783099970674 0.5379619598388672 3892
1783099970679 0.5098893642425537 3893
1783099970682 0.5224478244781494 3894
1783099970686 0.5187098383903503 3895
1783099970689 0.5065104961395264 3896
1783099970693 0.5476359128952026 3897
1783099970697 0.4992535710334778 3898
1783099970702 0.5360179543495178 3899
1783099970706 0.5400230884552002 3900
1783099970710 0.5272830724716187 3901
1783099970713 0.5730752944946289 3902
1783099970717 0.5148147940635681 3903
1783099970721 0.5825560092926025 3904
1783099970725 0.4975663423538208 3905
1783099970729 0.555634081363678 3906
1783099970733 0.5116073489189148 3907
1783099970737 0.5347362160682678 3908
1783099970741 0.5015261769294739 3909
1783099970745 0.5511616468429565 3910
1783099970750 0.498943567276001 3911
1783099970755 0.5227906703948975 3912
1783099970759 0.5031830072402954 3913
1783099970763 0.522567629814148 3914
1783099970767 0.5033133029937744 3915
1783099970771 0.5185226798057556 3916
1783099970775 0.5092038512229919 3917
1783099970778 0.5180783271789551 3918
1783099970781 0.5228299498558044 3919
1783099970785 0.4918616712093353 3920
1783099970788 0.5234626531600952 3921
1783099970792 0.4781087040901184 3922
1783099970797 0.5324444770812988 3923
1783099970802 0.4775088429450989 3924
1783099970806 0.5021716356277466 3925
1783099970810 0.5315103530883789 3926
1783099970814 0.4836496114730835 3927
1783099970818 0.5471676588058472 3928
1783099970822 0.5248091220855713 3929
1783099970826 0.5338629484176636 3930
1783099970831 0.5035638809204102 3931
1783099970835 0.5560379028320312 3932
1783099970839 0.5137403011322021 3933
1783099970844 0.5127120018005371 3934
1783099970848 0.5049657225608826 3935
1783099970853 0.5289358496665955 3936
1783099970858 0.48227572441101074 3937
1783099970862 0.5202504992485046 3938
1783099970867 0.5499060153961182 3939
1783099970872 0.5649094581604004 3940
1783099970877 0.5041882991790771 3941
1783099970881 0.5292774438858032 3942
1783099970885 0.5207509994506836 3943
1783099970889 0.520662248134613 3944
1783099970893 0.5156939029693604 3945
1783099970898 0.5160802006721497 3946
1783099970902 0.5051513314247131 3947
1783099970906 0.518439531326294 3948
1783099970911 0.4940800070762634 3949
1783099970915 0.48619699478149414 3950
1783099970919 0.5117642283439636 3951
1783099970922 0.503554105758667 3952
1783099970926 0.5461370944976807 3953
1783099970930 0.49123647809028625 3954
1783099970934 0.48965683579444885 3955
1783099970937 0.46623021364212036 3956
1783099970941 0.5251103043556213 3957
1783099970945 0.48750635981559753 3958
1783099970949 0.5248365998268127 3959
1783099970954 0.5448602437973022 3960
1783099970958 0.5157560110092163 3961
1783099970962 0.5384448766708374 3962
1783099970967 0.512859582901001 3963
1783099970971 0.5085410475730896 3964
1783099970974 0.4757958948612213 3965
1783099970978 0.540705680847168 3966
1783099970982 0.5175724029541016 3967
1783099970986 0.5179976224899292 3968
1783099970990 0.49250251054763794 3969
1783099970995 0.49487653374671936 3970
1783099971001 0.5111207962036133 3971
1783099971006 0.4769066572189331 3972
1783099971012 0.5449320077896118 3973
1783099971016 0.4849763512611389 3974
1783099971021 0.4730629324913025 3975
1783099971025 0.5193339586257935 3976
1783099971030 0.5289027094841003 3977
1783099971034 0.5002075433731079 3978
1783099971039 0.5431582927703857 3979
1783099971043 0.5117944478988647 3980
1783099971048 0.49319207668304443 3981
1783099971052 0.5206209421157837 3982
1783099971057 0.49864232540130615 3983
1783099971061 0.4835578203201294 3984
1783099971064 0.5014227628707886 3985
1783099971068 0.5173248648643494 3986
1783099971071 0.5197321176528931 3987
1783099971075 0.5120046138763428 3988
1783099971078 0.519756555557251 3989
1783099971081 0.5257547497749329 3990
1783099971085 0.5361416339874268 3991
1783099971089 0.49178314208984375 3992
1783099971093 0.5104765295982361 3993
1783099971097 0.5365616083145142 3994
1783099971102 0.5026586055755615 3995
1783099971106 0.516527533531189 3996
1783099971111 0.5120611786842346 3997
1783099971115 0.5004350543022156 3998
1783099971119 0.5033391714096069 3999
1783099971124 0.5151246786117554 4000
1783099971128 0.5103579163551331 4001
1783099971132 0.4865933060646057 4002
1783099971136 0.5025429725646973 4003
1783099971140 0.503010094165802 4004
1783099971144 0.5319753289222717 4005
1783099971149 0.49870961904525757 4006
1783099971154 0.4844035804271698 4007
1783099971157 0.5638542771339417 4008
1783099971161 0.5166321992874146 4009
1783099971164 0.5197351574897766 4010
1783099971168 0.5265224575996399 4011
1783099971171 0.4887913167476654 4012
1783099971175 0.48766010999679565 4013
1783099971178 0.4917687177658081 4014
1783099971182 0.49923810362815857 4015
1783099971185 0.5408525466918945 4016
1783099971189 0.48471498489379883 4017
1783099971192 0.5350056290626526 4018
1783099971196 0.5125803351402283 4019
1783099971201 0.46963995695114136 4020
1783099971205 0.5381263494491577 4021
1783099971209 0.5256243348121643 4022
1783099971213 0.5638439059257507 4023
1783099971218 0.4713946580886841 4024
1783099971222 0.49547362327575684 4025
1783099971226 0.5154280066490173 4026
1783099971230 0.5339849591255188 4027
1783099971234 0.527664840221405 4028
1783099971237 0.49803632497787476 4029
1783099971241 0.5041943192481995 4030
1783099971245 0.5063074231147766 4031
1783099971249 0.5187532901763916 4032
1783099971254 0.5546581745147705 4033
1783099971259 0.5292565822601318 4034
1783099971263 0.47349458932876587 4035
1783099971266 0.5447179079055786 4036
1783099971270 0.5384683609008789 4037
1783099971273 0.4914025664329529 4038
1783099971277 0.526735782623291 4039
1783099971280 0.49799180030822754 4040
1783099971283 0.5335882902145386 4041
1783099971287 0.4980700612068176 4042
1783099971290 0.4884139895439148 4043
1783099971294 0.530167818069458 4044
1783099971297 0.5352262258529663 4045
1783099971301 0.5689995884895325 4046
1783099971306 0.49525201320648193 4047
1783099971310 0.559984564781189 4048
1783099971314 0.49099746346473694 4049
1783099971317 0.5178987979888916 4050
1783099971321 0.5352698564529419 4051
1783099971325 0.5464210510253906 4052
1783099971328 0.5159682035446167 4053
1783099971331 0.5095312595367432 4054
1783099971335 0.5578041076660156 4055
1783099971338 0.6085169911384583 4056
1783099971342 0.5296184420585632 4057
1783099971345 0.5353170037269592 4058
1783099971348 0.5448876619338989 4059
1783099971352 0.5575711727142334 4060
1783099971357 0.5388783812522888 4061
1783099971361 0.5615650415420532 4062
1783099971366 0.5315796136856079 4063
1783099971370 0.5317700505256653 4064
1783099971374 0.5548213124275208 4065
1783099971379 0.5603451728820801 4066
1783099971383 0.5517996549606323 4067
1783099971387 0.5534820556640625 4068
1783099971391 0.5479138493537903 4069
1783099971395 0.5300857424736023 4070
1783099971399 0.5348994135856628 4071
1783099971403 0.5409738421440125 4072
1783099971408 0.5464959144592285 4073
1783099971412 0.5396743416786194 4074
1783099971417 0.5822094082832336 4075
1783099971422 0.5480245351791382 4076
1783099971426 0.5581402778625488 4077
1783099971430 0.5519744157791138 4078
1783099971434 0.5351707935333252 4079
1783099971438 0.5610930323600769 4080
1783099971442 0.5681979656219482 4081
1783099971446 0.6010265350341797 4082
1783099971450 0.5880185961723328 4083
1783099971454 0.5461286306381226 4084
1783099971458 0.5480345487594604 4085
1783099971463 0.6002763509750366 4086
1783099971467 0.5662275552749634 4087
1783099971471 0.4991642236709595 4088
1783099971475 0.5510355234146118 4089
1783099971479 0.5565568208694458 4090
1783099971483 0.6073552370071411 4091
1783099971487 0.5516344308853149 4092
1783099971491 0.5655645132064819 4093
1783099971495 0.6148146390914917 4094
1783099971499 0.5699522495269775 4095
1783099971504 0.5466304421424866 4096
1783099971508 0.5505913496017456 4097
1783099971513 0.5421793460845947 4098
1783099971517 0.5826669931411743 4099
1783099971521 0.6106554269790649 4100
1783099971525 0.6022882461547852 4101
1783099971529 0.5590731501579285 4102
1783099971533 0.5480071902275085 4103
1783099971537 0.599367618560791 4104
1783099971541 0.5704280138015747 4105
1783099971545 0.5648288130760193 4106
1783099971549 0.5709843039512634 4107
1783099971553 0.584831714630127 4108
1783099971558 0.5689938068389893 4109
1783099971562 0.5661770105361938 4110
1783099971566 0.6078814268112183 4111
1783099971571 0.533531665802002 4112
1783099971575 0.577664315700531 4113
1783099971579 0.5833297967910767 4114
1783099971583 0.5914959907531738 4115
1783099971587 0.5907310247421265 4116
1783099971591 0.6002572178840637 4117
1783099971596 0.5486737489700317 4118
1783099971600 0.6088471412658691 4119
1783099971604 0.5528192520141602 4120
1783099971609 0.5645096898078918 4121
1783099971613 0.581684947013855 4122
1783099971618 0.5785748958587646 4123
1783099971624 0.5502986311912537 4124
1783099971628 0.5859350562095642 4125
1783099971631 0.5067024827003479 4126
1783099971636 0.5649508237838745 4127
1783099971640 0.5634207725524902 4128
1783099971643 0.6268185377120972 4129
1783099971647 0.5984392166137695 4130
1783099971651 0.5877911448478699 4131
1783099971654 0.5873092412948608 4132
1783099971660 0.5712082386016846 4133
1783099971664 0.5713754892349243 4134
1783099971668 0.590233564376831 4135
1783099971673 0.6128073930740356 4136
1783099971678 0.6653733253479004 4137
1783099971682 0.6163198947906494 4138
1783099971687 0.5888445377349854 4139
1783099971692 0.6060134172439575 4140
1783099971696 0.5657443404197693 4141
1783099971701 0.6013936400413513 4142
1783099971705 0.5649038553237915 4143
1783099971711 0.6197919845581055 4144
1783099971721 0.5969539880752563 4145
1783099971746 0.6036651730537415 4146
1783099971751 0.6081264615058899 4147
1783099971756 0.6210364103317261 4148
1783099971763 0.6086955070495605 4149
1783099971767 0.6270651817321777 4150
1783099971772 0.5979639291763306 4151
1783099971777 0.6879849433898926 4152
1783099971782 0.614907443523407 4153
1783099971786 0.6313113570213318 4154
1783099971790 0.6054816246032715 4155
1783099971793 0.6157686114311218 4156
1783099971797 0.5951542258262634 4157
1783099971800 0.6316689848899841 4158
1783099971804 0.5495426058769226 4159
1783099971807 0.6041988730430603 4160
1783099971811 0.5436812043190002 4161
1783099971815 0.5912696123123169 4162
1783099971818 0.5977654457092285 4163
1783099971822 0.5936466455459595 4164
1783099971828 0.6185534000396729 4165
1783099971832 0.6467167139053345 4166
1783099971836 0.6217696666717529 4167
1783099971839 0.6196633577346802 4168
1783099971843 0.6336742639541626 4169
1783099971846 0.6252681016921997 4170
1783099971850 0.6183490753173828 4171
1783099971853 0.6600221395492554 4172
1783099971857 0.573251485824585 4173
1783099971861 0.6152069568634033 4174
1783099971865 0.5948007702827454 4175
1783099971869 0.6036123037338257 4176
1783099971874 0.6145146489143372 4177
1783099971879 0.6292500495910645 4178
1783099971884 0.6011114120483398 4179
1783099971888 0.6486422419548035 4180
1783099971893 0.6000982522964478 4181
1783099971897 0.6881062984466553 4182
1783099971902 0.6258466243743896 4183
1783099971906 0.6294345855712891 4184
1783099971909 0.6535289287567139 4185
1783099971913 0.5981468558311462 4186
1783099971916 0.5986242294311523 4187
1783099971920 0.5649726390838623 4188
1783099971924 0.6432665586471558 4189
1783099971927 0.6429121494293213 4190
1783099971931 0.6546785831451416 4191
1783099971935 0.6149196624755859 4192
1783099971939 0.6308314800262451 4193
1783099971943 0.5823197364807129 4194
1783099971948 0.6293215751647949 4195
1783099971954 0.6172924041748047 4196
1783099971960 0.6225275993347168 4197
1783099971965 0.5884771347045898 4198
1783099971970 0.6203092932701111 4199
1783099971975 0.592192530632019 4200
1783099971979 0.6373065710067749 4201
1783099971983 0.6337596774101257 4202
1783099971988 0.6522592306137085 4203
1783099971992 0.6251310706138611 4204
1783099971997 0.6255497932434082 4205
1783099972002 0.5986754298210144 4206
1783099972007 0.6762412786483765 4207
1783099972012 0.6710647940635681 4208
1783099972018 0.6425548791885376 4209
1783099972025 0.6291216611862183 4210
1783099972031 0.5959679484367371 4211
1783099972036 0.6194216012954712 4212
1783099972042 0.6682793498039246 4213
1783099972048 0.6218403577804565 4214
1783099972054 0.6177998185157776 4215
1783099972058 0.6943917274475098 4216
1783099972063 0.6280292272567749 4217
1783099972067 0.6479179263114929 4218
1783099972071 0.635910153388977 4219
1783099972077 0.6720548868179321 4220
1783099972081 0.6444642543792725 4221
1783099972085 0.6473376154899597 4222
1783099972089 0.6532163023948669 4223
1783099972093 0.6240671873092651 4224
1783099972096 0.6756939888000488 4225
1783099972100 0.5841536521911621 4226
1783099972104 0.613320529460907 4227
1783099972108 0.6689465641975403 4228
1783099972111 0.64255690574646 4229
1783099972115 0.6031267642974854 4230
1783099972121 0.6208652257919312 4231
1783099972126 0.6908102035522461 4232
1783099972130 0.6444476842880249 4233
1783099972134 0.6207470893859863 4234
1783099972137 0.639073371887207 4235
1783099972141 0.7026091814041138 4236
1783099972144 0.6471825838088989 4237
1783099972148 0.6389079093933105 4238
1783099972152 0.654859721660614 4239
1783099972155 0.6459224224090576 4240
1783099972159 0.6366540789604187 4241
1783099972163 0.6858509182929993 4242
1783099972166 0.5744183659553528 4243
1783099972171 0.6734181046485901 4244
1783099972177 0.6572176814079285 4245
1783099972181 0.5904108285903931 4246
1783099972184 0.6670708656311035 4247
1783099972188 0.6425046920776367 4248
1783099972192 0.6287708878517151 4249
1783099972196 0.6544368267059326 4250
1783099972199 0.6505829095840454 4251
1783099972203 0.6822357177734375 4252
1783099972206 0.6539444923400879 4253
1783099972211 0.6190305352210999 4254
1783099972216 0.6436166763305664 4255
1783099972222 0.6197798252105713 4256
1783099972227 0.6088424921035767 4257
1783099972231 0.6046972274780273 4258
1783099972235 0.7058890461921692 4259
1783099972239 0.6065127849578857 4260
1783099972243 0.5890142321586609 4261
1783099972247 0.6098178029060364 4262
1783099972250 0.6062284708023071 4263
1783099972254 0.6403781175613403 4264
1783099972258 0.6059460639953613 4265
1783099972262 0.691010594367981 4266
1783099972266 0.6308677196502686 4267
1783099972270 0.6530386209487915 4268
1783099972276 0.6323394775390625 4269
1783099972280 0.6437799334526062 4270
1783099972284 0.6667251586914062 4271
1783099972287 0.6059633493423462 4272
1783099972291 0.6021121144294739 4273
1783099972294 0.6529943943023682 4274
1783099972298 0.5866624116897583 4275
1783099972302 0.6213196516036987 4276
1783099972305 0.6157622337341309 4277
1783099972309 0.6049808859825134 4278
1783099972312 0.6649038791656494 4279
1783099972316 0.6373410820960999 4280
1783099972319 0.6081201434135437 4281
1783099972324 0.5963314771652222 4282
1783099972328 0.6175044178962708 4283
1783099972332 0.5858349204063416 4284
1783099972336 0.6135947704315186 4285
1783099972339 0.6456381678581238 4286
1783099972342 0.5922813415527344 4287
1783099972346 0.577601432800293 4288
1783099972349 0.5666927099227905 4289
1783099972353 0.6082963943481445 4290
1783099972356 0.568936824798584 4291
1783099972361 0.6173368692398071 4292
1783099972365 0.5639708042144775 4293
1783099972370 0.6232837438583374 4294
1783099972375 0.5809171199798584 4295
1783099972380 0.5723540186882019 4296
1783099972384 0.5480602383613586 4297
1783099972389 0.5674362778663635 4298
1783099972393 0.5744576454162598 4299
1783099972397 0.5795871615409851 4300
1783099972402 0.5731090903282166 4301
1783099972406 0.5912470817565918 4302
1783099972410 0.5991476774215698 4303
1783099972413 0.583669900894165 4304
1783099972417 0.5627056360244751 4305
1783099972421 0.5698902010917664 4306
1783099972426 0.6236271858215332 4307
1783099972430 0.586229145526886 4308
1783099972435 0.5010218024253845 4309
1783099972439 0.6080076098442078 4310
1783099972443 0.5500701069831848 4311
1783099972447 0.5237542390823364 4312
1783099972451 0.5655389428138733 4313
1783099972455 0.576018750667572 4314
1783099972458 0.5667875409126282 4315
1783099972462 0.5823410153388977 4316
1783099972466 0.5668923854827881 4317
1783099972470 0.5873440504074097 4318
1783099972475 0.4942440390586853 4319
1783099972479 0.5933992266654968 4320
1783099972484 0.608182430267334 4321
1783099972488 0.542905330657959 4322
1783099972493 0.5707352161407471 4323
1783099972497 0.5998783707618713 4324
1783099972501 0.5610445141792297 4325
1783099972505 0.5573437213897705 4326
1783099972510 0.551459550857544 4327
1783099972514 0.5410175323486328 4328
1783099972518 0.5585079789161682 4329
1783099972523 0.5577555298805237 4330
1783099972528 0.5431194305419922 4331
1783099972532 0.5640133619308472 4332
1783099972537 0.5769328474998474 4333
1783099972541 0.5223338603973389 4334
1783099972546 0.5455532073974609 4335
1783099972550 0.548926055431366 4336
1783099972555 0.5311437845230103 4337
1783099972559 0.5023784637451172 4338
1783099972563 0.5438661575317383 4339
1783099972567 0.5263675451278687 4340
1783099972572 0.5575332641601562 4341
1783099972577 0.5383384823799133 4342
1783099972583 0.5393677949905396 4343
1783099972587 0.5086639523506165 4344
1783099972593 0.5422379970550537 4345
1783099972597 0.5533607006072998 4346
1783099972602 0.4981685280799866 4347
1783099972606 0.508455753326416 4348
1783099972611 0.4810134470462799 4349
1783099972615 0.5237354636192322 4350
1783099972618 0.576379656791687 4351
1783099972622 0.4827888011932373 4352
1783099972627 0.5044966340065002 4353
1783099972631 0.4846304953098297 4354
1783099972635 0.5249898433685303 4355
1783099972638 0.5214732885360718 4356
1783099972641 0.5149275064468384 4357
1783099972645 0.5050371885299683 4358
1783099972648 0.48167523741722107 4359
1783099972651 0.5227237939834595 4360
1783099972655 0.4750652313232422 4361
1783099972658 0.5444062948226929 4362
1783099972661 0.5348877310752869 4363
1783099972665 0.5241912007331848 4364
1783099972668 0.5722036361694336 4365
1783099972672 0.49802282452583313 4366
1783099972677 0.5098848342895508 4367
1783099972682 0.533058762550354 4368
1783099972686 0.47152334451675415 4369
1783099972690 0.5002002120018005 4370
1783099972693 0.5071463584899902 4371
1783099972697 0.5330276489257812 4372
1783099972702 0.4962421953678131 4373
1783099972706 0.5497968196868896 4374
1783099972709 0.4470563232898712 4375
1783099972713 0.4549230933189392 4376
1783099972716 0.4690544605255127 4377
1783099972720 0.46282249689102173 4378
1783099972724 0.509231686592102 4379
1783099972727 0.46852096915245056 4380
1783099972731 0.5186100006103516 4381
1783099972734 0.49105536937713623 4382
1783099972737 0.523470401763916 4383
1783099972741 0.4899357557296753 4384
1783099972744 0.5045047402381897 4385
1783099972748 0.5140914916992188 4386
1783099972752 0.4670338034629822 4387
1783099972757 0.4862712323665619 4388
1783099972761 0.4482579231262207 4389
1783099972765 0.5158225893974304 4390
1783099972769 0.4477885663509369 4391
1783099972773 0.44570595026016235 4392
1783099972777 0.5162070989608765 4393
1783099972781 0.49712562561035156 4394
1783099972785 0.4631291925907135 4395
1783099972789 0.47243940830230713 4396
1783099972793 0.47102218866348267 4397
1783099972797 0.4890729486942291 4398
1783099972801 0.528937578201294 4399
1783099972806 0.48814821243286133 4400
1783099972811 0.4508848786354065 4401
1783099972816 0.4605752229690552 4402
1783099972820 0.4944080412387848 4403
1783099972825 0.47479313611984253 4404
1783099972829 0.5223309397697449 4405
1783099972834 0.4608944058418274 4406
1783099972838 0.45475518703460693 4407
1783099972842 0.4335065484046936 4408
1783099972847 0.5026259422302246 4409
1783099972851 0.44198137521743774 4410
1783099972856 0.4667257070541382 4411
1783099972861 0.4158291816711426 4412
1783099972866 0.4540223479270935 4413
1783099972870 0.4434155225753784 4414
1783099972875 0.4672226309776306 4415
1783099972879 0.4993148446083069 4416
1783099972883 0.4300578236579895 4417
1783099972887 0.4758659899234772 4418
1783099972891 0.46233394742012024 4419
1783099972896 0.4811748266220093 4420
1783099972900 0.41466987133026123 4421
1783099972904 0.5057944655418396 4422
1783099972909 0.45986998081207275 4423
1783099972913 0.47975921630859375 4424
1783099972916 0.4481837749481201 4425
1783099972919 0.467064768075943 4426
1783099972923 0.4455777704715729 4427
1783099972927 0.43676745891571045 4428
1783099972930 0.4650130867958069 4429
1783099972933 0.4731334447860718 4430
1783099972937 0.437436044216156 4431
1783099972940 0.4396567940711975 4432
1783099972943 0.4075049161911011 4433
1783099972947 0.4881048798561096 4434
1783099972950 0.4570481777191162 4435
1783099972955 0.49000653624534607 4436
1783099972959 0.4388825595378876 4437
1783099972964 0.4543491005897522 4438
1783099972968 0.4175722301006317 4439
1783099972972 0.41013622283935547 4440
1783099972977 0.4577314853668213 4441
1783099972981 0.45465409755706787 4442
1783099972985 0.508335292339325 4443
1783099972989 0.4839649200439453 4444
1783099972993 0.44810739159584045 4445
1783099972997 0.4925535023212433 4446
1783099973001 0.48995736241340637 4447
1783099973006 0.4818378984928131 4448
1783099973011 0.45933565497398376 4449
1783099973016 0.4488372206687927 4450
1783099973020 0.4508708715438843 4451
1783099973025 0.47350260615348816 4452
1783099973029 0.4261387586593628 4453
1783099973033 0.49846261739730835 4454
1783099973037 0.48110973834991455 4455
1783099973041 0.39539045095443726 4456
1783099973048 0.4912872314453125 4457
1783099973053 0.438094824552536 4458
1783099973057 0.5127005577087402 4459
1783099973063 0.49732595682144165 4460
1783099973068 0.43547868728637695 4461
1783099973073 0.4565610885620117 4462
1783099973077 0.46469128131866455 4463
1783099973082 0.46052074432373047 4464
1783099973086 0.4507503807544708 4465
1783099973091 0.5149639248847961 4466
1783099973095 0.5374940633773804 4467
1783099973099 0.4528959393501282 4468
1783099973104 0.5119878053665161 4469
1783099973108 0.4747798442840576 4470
1783099973113 0.4933040738105774 4471
1783099973118 0.443869411945343 4472
1783099973123 0.44586610794067383 4473
1783099973127 0.4997657537460327 4474
1783099973132 0.44916313886642456 4475
1783099973136 0.4589134752750397 4476
1783099973141 0.4692535996437073 4477
1783099973145 0.4502187967300415 4478
1783099973150 0.4812879264354706 4479
1783099973155 0.4807624816894531 4480
1783099973160 0.49087467789649963 4481
1783099973166 0.4609130620956421 4482
1783099973170 0.48110949993133545 4483
1783099973174 0.4579194486141205 4484
1783099973179 0.49549123644828796 4485
1783099973184 0.4438876807689667 4486
1783099973189 0.4207487106323242 4487
1783099973194 0.42751723527908325 4488
1783099973198 0.47276484966278076 4489
1783099973202 0.49564388394355774 4490
1783099973206 0.4869880676269531 4491
1783099973211 0.47691377997398376 4492
1783099973215 0.4428824186325073 4493
1783099973219 0.4631563127040863 4494
1783099973223 0.490630567073822 4495
1783099973227 0.451907753944397 4496
1783099973231 0.46522021293640137 4497
1783099973234 0.4787628948688507 4498
1783099973237 0.47591888904571533 4499
1783099973241 0.45743560791015625 4500
1783099973244 0.45412009954452515 4501
1783099973247 0.48183608055114746 4502
1783099973252 0.4581284523010254 4503
1783099973255 0.4759244918823242 4504
1783099973259 0.5314968228340149 4505
1783099973263 0.4131914973258972 4506
1783099973266 0.4686639606952667 4507
1783099973271 0.4770287871360779 4508
1783099973277 0.4940229654312134 4509
1783099973280 0.4971117675304413 4510
1783099973284 0.46466344594955444 4511
1783099973287 0.4957771897315979 4512
1783099973291 0.46576669812202454 4513
1783099973294 0.4478089213371277 4514
1783099973297 0.49693846702575684 4515
1783099973301 0.4936752915382385 4516
1783099973304 0.4490358233451843 4517
1783099973307 0.5237908959388733 4518
1783099973311 0.486968457698822 4519
1783099973314 0.45721855759620667 4520
1783099973317 0.47584646940231323 4521
1783099973322 0.5135487914085388 4522
1783099973327 0.4673658013343811 4523
1783099973330 0.48951926827430725 4524
1783099973333 0.4876691997051239 4525
1783099973337 0.44408780336380005 4526
1783099973340 0.5254285931587219 4527
1783099973343 0.48000723123550415 4528
1783099973346 0.4427695870399475 4529
1783099973349 0.4462655782699585 4530
1783099973352 0.494189977645874 4531
1783099973356 0.46497446298599243 4532
1783099973359 0.5638447999954224 4533
1783099973362 0.5079408884048462 4534
1783099973367 0.548132598400116 4535
1783099973371 0.4438636302947998 4536
1783099973377 0.47173404693603516 4537
1783099973381 0.5089013576507568 4538
1783099973385 0.47256359457969666 4539
1783099973388 0.4796532988548279 4540
1783099973392 0.49562373757362366 4541
1783099973396 0.5093024969100952 4542
1783099973399 0.49571481347084045 4543
1783099973402 0.5183535218238831 4544
1783099973406 0.4974585771560669 4545
1783099973409 0.4679778814315796 4546
1783099973412 0.47307851910591125 4547
1783099973415 0.4558306336402893 4548
1783099973419 0.4653433859348297 4549
1783099973423 0.47063130140304565 4550
1783099973427 0.5159464478492737 4551
1783099973432 0.4790979027748108 4552
1783099973436 0.48919957876205444 4553
1783099973440 0.4407137930393219 4554
1783099973445 0.4941789209842682 4555
1783099973449 0.5102837085723877 4556
1783099973453 0.5229107737541199 4557
1783099973457 0.5230811834335327 4558
1783099973461 0.5522819757461548 4559
1783099973465 0.4587078094482422 4560
1783099973469 0.5872374773025513 4561
1783099973473 0.519495964050293 4562
1783099973477 0.4720754027366638 4563
1783099973481 0.5020427703857422 4564
1783099973485 0.5092998147010803 4565
1783099973489 0.5036413669586182 4566
1783099973493 0.4775850176811218 4567
1783099973497 0.5302990078926086 4568
1783099973501 0.5306535959243774 4569
1783099973505 0.4688713848590851 4570
1783099973509 0.45473167300224304 4571
1783099973513 0.5039330720901489 4572
1783099973517 0.472575306892395 4573
1783099973521 0.4726658761501312 4574
1783099973526 0.4932495057582855 4575
1783099973531 0.5240252017974854 4576
1783099973536 0.5459016561508179 4577
1783099973540 0.42787933349609375 4578
1783099973545 0.495715856552124 4579
1783099973549 0.4868048429489136 4580
1783099973553 0.4944191873073578 4581
1783099973558 0.5222349762916565 4582
1783099973562 0.5003625154495239 4583
1783099973566 0.5165466666221619 4584
1783099973570 0.4900600016117096 4585
1783099973574 0.5292474627494812 4586
1783099973578 0.4951505661010742 4587
1783099973582 0.5351434350013733 4588
1783099973587 0.5483872294425964 4589
1783099973591 0.5006607174873352 4590
1783099973594 0.48951372504234314 4591
1783099973598 0.535720944404602 4592
1783099973601 0.5033087134361267 4593
1783099973605 0.4926337003707886 4594
1783099973608 0.4619066119194031 4595
1783099973612 0.5156961679458618 4596
1783099973615 0.5519524812698364 4597
1783099973619 0.5081197619438171 4598
1783099973623 0.5306836366653442 4599
1783099973626 0.5049957036972046 4600
1783099973631 0.5557448863983154 4601
1783099973636 0.5412847995758057 4602
1783099973640 0.4934186041355133 4603
1783099973645 0.5084699392318726 4604
1783099973648 0.5142775177955627 4605
1783099973652 0.5561394691467285 4606
1783099973657 0.523442268371582 4607
1783099973660 0.5077115297317505 4608
1783099973664 0.523918092250824 4609
1783099973668 0.512690544128418 4610
1783099973672 0.5252249836921692 4611
1783099973677 0.47258126735687256 4612
1783099973681 0.4977599084377289 4613
1783099973686 0.5199408531188965 4614
1783099973690 0.4722023606300354 4615
1783099973694 0.5283043384552002 4616
1783099973698 0.5007811784744263 4617
1783099973702 0.5345138311386108 4618
1783099973706 0.5153440833091736 4619
1783099973710 0.5090585947036743 4620
1783099973714 0.511722981929779 4621
1783099973718 0.52276611328125 4622
1783099973722 0.49123936891555786 4623
1783099973726 0.4787324368953705 4624
1783099973731 0.5263984799385071 4625
1783099973735 0.5443919897079468 4626
1783099973740 0.6134686470031738 4627
1783099973745 0.46002110838890076 4628
1783099973750 0.5088520050048828 4629
1783099973755 0.5264910459518433 4630
1783099973759 0.5594666004180908 4631
1783099973764 0.5100389719009399 4632
1783099973768 0.5734566450119019 4633
1783099973773 0.5340360999107361 4634
1783099973777 0.5149266719818115 4635
1783099973781 0.566908597946167 4636
1783099973785 0.5339478850364685 4637
1783099973790 0.5486851930618286 4638
1783099973794 0.49425768852233887 4639
1783099973798 0.46714040637016296 4640
1783099973802 0.5284874439239502 4641
1783099973806 0.532326877117157 4642
1783099973810 0.5380014181137085 4643
1783099973814 0.5162327289581299 4644
1783099973818 0.5526911020278931 4645
1783099973823 0.5053554773330688 4646
1783099973827 0.5668402910232544 4647
1783099973830 0.5074214935302734 4648
1783099973834 0.5321560502052307 4649
1783099973839 0.5143149495124817 4650
1783099973843 0.5402846932411194 4651
1783099973847 0.5418598055839539 4652
1783099973851 0.5259150862693787 4653
1783099973855 0.5854204893112183 4654
1783099973859 0.5323033928871155 4655
1783099973863 0.5173467397689819 4656
1783099973868 0.5398103594779968 4657
1783099973873 0.5261766910552979 4658
1783099973877 0.48152679204940796 4659
1783099973881 0.5296816825866699 4660
1783099973885 0.6096693873405457 4661
1783099973890 0.5643343925476074 4662
1783099973894 0.5373298525810242 4663
1783099973898 0.5367592573165894 4664
1783099973902 0.5573777556419373 4665
1783099973905 0.5216513276100159 4666
1783099973909 0.6135295629501343 4667
1783099973913 0.4932134747505188 4668
1783099973916 0.5273222923278809 4669
1783099973920 0.5848182439804077 4670
1783099973924 0.49172666668891907 4671
1783099973927 0.5301554203033447 4672
1783099973931 0.540391206741333 4673
1783099973935 0.5406829118728638 4674
1783099973939 0.4976094961166382 4675
1783099973942 0.5164780616760254 4676
1783099973946 0.5458216071128845 4677
1783099973951 0.5398740768432617 4678
1783099973956 0.4862208664417267 4679
1783099973960 0.5288197994232178 4680
1783099973965 0.5512661933898926 4681
1783099973970 0.5553356409072876 4682
1783099973974 0.5461413860321045 4683
1783099973979 0.5534454584121704 4684
1783099974231 0.551215410232544 4685
1783099974235 0.5837584137916565 4686
1783099974239 0.5135549902915955 4687
1783099974243 0.5033443570137024 4688
1783099974247 0.5256491899490356 4689
1783099974251 0.5893281698226929 4690
1783099974255 0.5550966262817383 4691
1783099974259 0.544116735458374 4692
1783099974263 0.5694698691368103 4693
1783099974267 0.5218161940574646 4694
1783099974271 0.6052225828170776 4695
1783099974278 0.5153048038482666 4696
1783099974286 0.5207750201225281 4697
1783099974290 0.4943634867668152 4698
1783099974294 0.5058518052101135 4699
1783099974298 0.560218334197998 4700
1783099974301 0.5357723236083984 4701
1783099974306 0.5598181486129761 4702
1783099974310 0.4894176423549652 4703
1783099974315 0.5506486892700195 4704
1783099974319 0.5386350154876709 4705
1783099974322 0.5406715869903564 4706
1783099974326 0.5017528533935547 4707
1783099974330 0.5271998643875122 4708
1783099974333 0.5328887701034546 4709
1783099974336 0.5037612318992615 4710
1783099974340 0.5202694535255432 4711
1783099974343 0.5335981845855713 4712
1783099974346 0.5029022693634033 4713
1783099974350 0.5478938817977905 4714
1783099974353 0.50786292552948 4715
1783099974357 0.49754902720451355 4716
1783099974362 0.517797589302063 4717
1783099974367 0.5852296352386475 4718
1783099974372 0.5374382734298706 4719
1783099974377 0.5319806933403015 4720
1783099974382 0.5070458054542542 4721
1783099974386 0.5364036560058594 4722
1783099974389 0.5101605653762817 4723
1783099974393 0.5305725932121277 4724
1783099974397 0.510918915271759 4725
1783099974400 0.520551323890686 4726
1783099974404 0.505710244178772 4727
1783099974408 0.4902448058128357 4728
1783099974411 0.546658456325531 4729
1783099974414 0.5620594620704651 4730
1783099974419 0.5188304781913757 4731
1783099974424 0.4829692244529724 4732
1783099974428 0.5066204071044922 4733
1783099974431 0.46971866488456726 4734
1783099974435 0.5323476791381836 4735
1783099974438 0.4999467432498932 4736
1783099974442 0.5087385177612305 4737
1783099974445 0.5226160287857056 4738
1783099974449 0.5247408747673035 4739
1783099974452 0.5490156412124634 4740
1783099974456 0.5626786351203918 4741
1783099974459 0.48756909370422363 4742
1783099974463 0.5378790497779846 4743
1783099974466 0.4835546314716339 4744
1783099974472 0.5407938957214355 4745
1783099974477 0.4836874008178711 4746
1783099974484 0.524254560470581 4747
1783099974488 0.607334554195404 4748
1783099974492 0.5350465178489685 4749
1783099974496 0.5553699731826782 4750
1783099974499 0.5258735418319702 4751
1783099974502 0.5547913908958435 4752
1783099974506 0.5142948627471924 4753
1783099974509 0.5635221600532532 4754
1783099974512 0.540080189704895 4755
1783099974516 0.5206945538520813 4756
1783099974519 0.5568122863769531 4757
1783099974523 0.602669894695282 4758
1783099974528 0.49750208854675293 4759
1783099974532 0.5787597298622131 4760
1783099974536 0.47638219594955444 4761
1783099974540 0.5496993660926819 4762
1783099974544 0.49311399459838867 4763
1783099974548 0.5837351679801941 4764
1783099974552 0.4926069676876068 4765
1783099974557 0.5503805875778198 4766
1783099974561 0.5136846303939819 4767
1783099974565 0.5657283663749695 4768
1783099974568 0.5207760334014893 4769
1783099974572 0.5194553732872009 4770
1783099974577 0.5168694853782654 4771
1783099974581 0.5956865549087524 4772
1783099974585 0.5332554578781128 4773
1783099974588 0.5077691674232483 4774
1783099974592 0.5134609341621399 4775
1783099974596 0.47260940074920654 4776
1783099974599 0.5252768993377686 4777
1783099974603 0.5144309997558594 4778
1783099974606 0.56914222240448 4779
1783099974610 0.5461806654930115 4780
1783099974613 0.5271855592727661 4781
1783099974616 0.580490231513977 4782
1783099974620 0.5773135423660278 4783
1783099974623 0.5469026565551758 4784
1783099974628 0.5210857391357422 4785
1783099974633 0.5469698905944824 4786
1783099974637 0.486797571182251 4787
1783099974641 0.5980530977249146 4788
1783099974646 0.499567449092865 4789
1783099974650 0.5673220157623291 4790
1783099974653 0.5722004771232605 4791
1783099974657 0.523633599281311 4792
1783099974661 0.55757737159729 4793
1783099974666 0.56130051612854 4794
1783099974670 0.6554622650146484 4795
1783099974673 0.5741679668426514 4796
1783099974677 0.5572280883789062 4797
1783099974682 0.6142258644104004 4798
1783099974686 0.49387529492378235 4799
1783099974691 0.5530257821083069 4800
1783099974695 0.6322063207626343 4801
1783099974699 0.5300259590148926 4802
1783099974704 0.5334546566009521 4803
1783099974708 0.5575994253158569 4804
1783099974712 0.5797640085220337 4805
1783099974716 0.5704606771469116 4806
1783099974720 0.5473983883857727 4807
1783099974724 0.537857174873352 4808
1783099974728 0.5527210235595703 4809
1783099974732 0.5778799653053284 4810
1783099974736 0.5649476647377014 4811
1783099974741 0.5228495597839355 4812
1783099974745 0.5965107083320618 4813
1783099974750 0.6084409952163696 4814
1783099974754 0.5595040917396545 4815
1783099974758 0.5273335576057434 4816
1783099974762 0.5459238886833191 4817
1783099974766 0.5531055331230164 4818
1783099974769 0.5966759920120239 4819
1783099974773 0.5325469970703125 4820
1783099974777 0.5906784534454346 4821
1783099974780 0.5307540893554688 4822
1783099974785 0.5880162715911865 4823
1783099974790 0.5131385326385498 4824
1783099974793 0.6165491938591003 4825
1783099974796 0.5818420648574829 4826
1783099974800 0.5509124994277954 4827
1783099974803 0.5664570331573486 4828
1783099974806 0.5268604159355164 4829
1783099974809 0.569003701210022 4830
1783099974812 0.5624034404754639 4831
1783099974815 0.5728719234466553 4832
1783099974818 0.5756914615631104 4833
1783099974822 0.5482485890388489 4834
1783099974825 0.5741269588470459 4835
1783099974828 0.6528869867324829 4836
1783099974831 0.5381120443344116 4837
1783099974836 0.5923191905021667 4838
1783099974841 0.5723630785942078 4839
1783099974845 0.5845133066177368 4840
1783099974849 0.5313338041305542 4841
1783099974853 0.5934320688247681 4842
1783099974858 0.579833984375 4843
1783099974863 0.5650213360786438 4844
1783099974869 0.5737134218215942 4845
1783099974874 0.5871163010597229 4846
1783099974878 0.528390645980835 4847
1783099974883 0.5870316028594971 4848
1783099974888 0.544569730758667 4849
1783099974893 0.5534375309944153 4850
1783099974898 0.594193160533905 4851
1783099974903 0.5583202242851257 4852
1783099974907 0.5610017776489258 4853
1783099974912 0.5257527828216553 4854
1783099974917 0.638897180557251 4855
1783099974922 0.5533474683761597 4856
1783099974926 0.6105034351348877 4857
1783099974931 0.552375078201294 4858
1783099974936 0.532069206237793 4859
1783099974940 0.5869607925415039 4860
1783099974944 0.6158804893493652 4861
1783099974948 0.5153418779373169 4862
1783099974952 0.6581975221633911 4863
1783099974956 0.5822432041168213 4864
1783099974960 0.5507012605667114 4865
1783099974965 0.5583705306053162 4866
1783099974969 0.6370968818664551 4867
1783099974973 0.5457227230072021 4868
1783099974977 0.5857961177825928 4869
1783099974982 0.6134248971939087 4870
1783099974986 0.6052871346473694 4871
1783099974990 0.5831878781318665 4872
1783099974995 0.6050984859466553 4873
1783099974999 0.5787451267242432 4874
1783099975005 0.5161811113357544 4875
1783099975010 0.4867534935474396 4876
1783099975014 0.5609672665596008 4877
1783099975019 0.6044230461120605 4878
1783099975024 0.5985662341117859 4879
1783099975030 0.5341250896453857 4880
1783099975035 0.547537088394165 4881
1783099975040 0.5423292517662048 4882
1783099975044 0.600024938583374 4883
1783099975048 0.5984645485877991 4884
1783099975053 0.5620748996734619 4885
1783099975058 0.609619140625 4886
1783099975062 0.623197078704834 4887
1783099975066 0.5595266819000244 4888
1783099975070 0.5556590557098389 4889
1783099975075 0.6101671457290649 4890
1783099975079 0.5488662719726562 4891
1783099975084 0.5217963457107544 4892
1783099975089 0.5566359162330627 4893
1783099975093 0.6022861003875732 4894
1783099975098 0.7059409022331238 4895
1783099975103 0.5566467642784119 4896
1783099975107 0.5728567838668823 4897
1783099975112 0.6320285797119141 4898
1783099975116 0.6138038039207458 4899
1783099975121 0.5565874576568604 4900
1783099975127 0.5143161416053772 4901
1783099975132 0.6147432327270508 4902
1783099975137 0.5272874236106873 4903
1783099975142 0.6303344964981079 4904
1783099975146 0.6064353585243225 4905
1783099975151 0.6151124835014343 4906
1783099975155 0.5578796863555908 4907
1783099975160 0.6042168140411377 4908
1783099975164 0.5762234926223755 4909
1783099975168 0.5905952453613281 4910
1783099975173 0.5666664242744446 4911
1783099975178 0.6403675079345703 4912
1783099975183 0.5693463087081909 4913
1783099975189 0.5164053440093994 4914
1783099975194 0.5796269178390503 4915
1783099975199 0.5673805475234985 4916
1783099975204 0.604552149772644 4917
1783099975208 0.5570570826530457 4918
1783099975213 0.5776494145393372 4919
1783099975218 0.5584184527397156 4920
1783099975223 0.5740534067153931 4921
1783099975228 0.5933886766433716 4922
1783099975233 0.620795726776123 4923
1783099975237 0.6339294910430908 4924
1783099975242 0.6452547311782837 4925
1783099975246 0.5931211709976196 4926
1783099975251 0.6054815053939819 4927
1783099975255 0.568096399307251 4928
1783099975259 0.5803016424179077 4929
1783099975262 0.4720337986946106 4930
1783099975266 0.573272705078125 4931
1783099975270 0.6050027012825012 4932
1783099975273 0.5660762786865234 4933
1783099975277 0.5058724880218506 4934
1783099975281 0.5186772346496582 4935
1783099975285 0.5622748136520386 4936
1783099975291 0.5566218495368958 4937
1783099975295 0.5637894868850708 4938
1783099975299 0.6189464330673218 4939
1783099975303 0.5543019771575928 4940
1783099975307 0.47437193989753723 4941
1783099975311 0.5448711514472961 4942
1783099975316 0.6307114958763123 4943
1783099975320 0.5632491707801819 4944
1783099975324 0.5521172285079956 4945
1783099975328 0.5680217742919922 4946
1783099975332 0.5683046579360962 4947
1783099975337 0.5461546182632446 4948
1783099975370 0.5561797618865967 4949
1783099975376 0.5324704647064209 4950
1783099975381 0.501465916633606 4951
1783099975385 0.5569759607315063 4952
1783099975392 0.5021408796310425 4953
1783099975396 0.5354316234588623 4954
1783099975400 0.6097854375839233 4955
1783099975404 0.5837985873222351 4956
1783099975408 0.5754948854446411 4957
1783099975413 0.5291014909744263 4958
1783099975417 0.5901687145233154 4959
1783099975421 0.5080111026763916 4960
1783099975425 0.5384648442268372 4961
1783099975429 0.5038390755653381 4962
1783099975433 0.6058493256568909 4963
1783099975437 0.497475802898407 4964
1783099975441 0.5408875346183777 4965
1783099975445 0.5348590612411499 4966
1783099975449 0.5349140763282776 4967
1783099975453 0.5545729398727417 4968
1783099975458 0.5351322889328003 4969
1783099975462 0.5728927850723267 4970
1783099975467 0.4560917615890503 4971
1783099975471 0.577082633972168 4972
1783099975475 0.5529285669326782 4973
1783099975480 0.6108962893486023 4974
1783099975484 0.536489725112915 4975
1783099975488 0.5069800615310669 4976
1783099975492 0.47678014636039734 4977
1783099975497 0.5534064769744873 4978
1783099975501 0.5521073937416077 4979
1783099975505 0.5069900751113892 4980
1783099975510 0.5647527575492859 4981
1783099975515 0.6478075981140137 4982
1783099975519 0.5733832120895386 4983
1783099975524 0.6368323564529419 4984
1783099975528 0.517253577709198 4985
1783099975533 0.4850340485572815 4986
1783099975537 0.5044588446617126 4987
1783099975541 0.47827601432800293 4988
1783099975545 0.5426568388938904 4989
1783099975549 0.537251353263855 4990
1783099975553 0.5719676613807678 4991
1783099975558 0.5558074712753296 4992
1783099975562 0.6103018522262573 4993
1783099975567 0.570877730846405 4994
1783099975571 0.5609138607978821 4995
1783099975575 0.5543514490127563 4996
1783099975580 0.5395262241363525 4997
1783099975584 0.5678353309631348 4998
1783099975589 0.5427096486091614 4999
1783099975593 0.5857502222061157 5000
1783099975597 0.6031578183174133 5001
1783099975601 0.5845997929573059 5002
1783099975605 0.5005863904953003 5003
1783099975610 0.5751882791519165 5004
1783099975614 0.5948559641838074 5005
1783099975619 0.5604761838912964 5006
1783099975623 0.6034401655197144 5007
1783099975627 0.5971614122390747 5008
1783099975632 0.5525838136672974 5009
1783099975637 0.5453567504882812 5010
1783099975641 0.5382623672485352 5011
1783099975646 0.5945141315460205 5012
1783099975650 0.5189592242240906 5013
1783099975654 0.6023811101913452 5014
1783099975658 0.4970337152481079 5015
1783099975662 0.5225822329521179 5016
1783099975667 0.5886428356170654 5017
1783099975671 0.6547588109970093 5018
1783099975675 0.5753142833709717 5019
1783099975680 0.5498613715171814 5020
1783099975684 0.5779724717140198 5021
1783099975689 0.6282368898391724 5022
1783099975693 0.5455352663993835 5023
1783099975697 0.5238796472549438 5024
1783099975702 0.516520619392395 5025
1783099975706 0.5812803506851196 5026
1783099975711 0.5098539590835571 5027
1783099975716 0.5415213704109192 5028
1783099975720 0.6361786723136902 5029
1783099975724 0.5473809242248535 5030
1783099975728 0.5930815935134888 5031
1783099975733 0.609445333480835 5032
1783099975737 0.5947941541671753 5033
1783099975741 0.6054402589797974 5034
1783099975745 0.6342897415161133 5035
1783099975749 0.6241729259490967 5036
1783099975753 0.520725429058075 5037
1783099975758 0.550663948059082 5038
1783099975762 0.5389044284820557 5039
1783099975766 0.5561915636062622 5040
1783099975770 0.5010019540786743 5041
1783099975774 0.5644201636314392 5042
1783099975778 0.5285469889640808 5043
1783099975782 0.5219610929489136 5044
1783099975786 0.5256381034851074 5045
1783099975791 0.599885106086731 5046
1783099975795 0.5681780576705933 5047
1783099975800 0.6104564666748047 5048
1783099975804 0.5435793399810791 5049
1783099975808 0.5266542434692383 5050
1783099975813 0.5660345554351807 5051
1783099975817 0.5862149000167847 5052
1783099975821 0.5100614428520203 5053
1783099975826 0.5583088397979736 5054
1783099975830 0.5628310441970825 5055
1783099975834 0.62800532579422 5056
1783099975838 0.5349984169006348 5057
1783099975842 0.5197594165802002 5058
1783099975846 0.5477291941642761 5059
1783099975850 0.6091021299362183 5060
1783099975855 0.5598071813583374 5061
1783099975860 0.5959887504577637 5062
1783099975865 0.6362848877906799 5063
1783099975869 0.5806159973144531 5064
1783099975874 0.6804200410842896 5065
1783099975879 0.5295851826667786 5066
1783099975883 0.6396290063858032 5067
1783099975887 0.5167419910430908 5068
1783099975892 0.6095802783966064 5069
1783099975896 0.6432705521583557 5070
1783099975900 0.6498135924339294 5071
1783099975904 0.5767126083374023 5072
1783099975909 0.65388423204422 5073
1783099975913 0.593416154384613 5074
1783099975918 0.5643861889839172 5075
1783099975922 0.5623933672904968 5076
1783099975927 0.6562430262565613 5077
1783099975931 0.6026158332824707 5078
1783099975935 0.5554841160774231 5079
1783099975939 0.6010500192642212 5080
1783099975944 0.6193609833717346 5081
1783099975948 0.629474401473999 5082
1783099975952 0.5589779019355774 5083
1783099975956 0.5742852687835693 5084
1783099975961 0.5546290874481201 5085
1783099975966 0.6123568415641785 5086
1783099975970 0.6389352083206177 5087
1783099975975 0.5377472639083862 5088
1783099975979 0.6599651575088501 5089
1783099975983 0.6171544790267944 5090
1783099975988 0.6086864471435547 5091
1783099975992 0.5721456408500671 5092
1783099975998 0.6483083367347717 5093
1783099976003 0.6037619709968567 5094
1783099976008 0.5535265803337097 5095
1783099976013 0.6121516227722168 5096
1783099976019 0.5969918370246887 5097
1783099976023 0.6816806793212891 5098
1783099976028 0.6330087780952454 5099
1783099976033 0.5742169618606567 5100
1783099976037 0.6511712074279785 5101
1783099976042 0.5964371562004089 5102
1783099976046 0.6293169260025024 5103
1783099976051 0.5758392810821533 5104
1783099976055 0.632098913192749 5105
1783099976060 0.6742647886276245 5106
1783099976064 0.5271975994110107 5107
1783099976069 0.6019400358200073 5108
1783099976075 0.5637083649635315 5109
1783099976080 0.7114264965057373 5110
1783099976085 0.5458467602729797 5111
1783099976089 0.5832532644271851 5112
1783099976094 0.6383143663406372 5113
1783099976098 0.700526237487793 5114
1783099976103 0.6313847899436951 5115
1783099976108 0.5433850884437561 5116
1783099976112 0.5704231262207031 5117
1783099976117 0.5672011375427246 5118
1783099976122 0.5492970943450928 5119
1783099976127 0.6526166200637817 5120
1783099976131 0.6867531538009644 5121
1783099976136 0.6196823716163635 5122
1783099976140 0.6300122737884521 5123
1783099976145 0.5847340226173401 5124
1783099976149 0.5907399654388428 5125
1783099976153 0.5639052987098694 5126
1783099976157 0.6987038850784302 5127
1783099976161 0.6366928815841675 5128
1783099976165 0.5898525714874268 5129
1783099976170 0.630075216293335 5130
1783099976175 0.5760730504989624 5131
1783099976179 0.6722297072410583 5132
1783099976183 0.6050877571105957 5133
1783099976187 0.5968502759933472 5134
1783099976190 0.6781429052352905 5135
1783099976194 0.6390377879142761 5136
1783099976198 0.5867429375648499 5137
1783099976202 0.697807788848877 5138
1783099976206 0.6632974147796631 5139
1783099976210 0.6340023279190063 5140
1783099976214 0.6500906348228455 5141
1783099976218 0.6955602169036865 5142
1783099976222 0.5921604633331299 5143
1783099976227 0.6615386009216309 5144
1783099976231 0.6795532703399658 5145
1783099976235 0.6304242610931396 5146
1783099976239 0.6017321348190308 5147
1783099976243 0.5722783803939819 5148
1783099976247 0.5560002326965332 5149
1783099976251 0.5860567092895508 5150
1783099976255 0.6352100372314453 5151
1783099976259 0.5391345024108887 5152
1783099976263 0.596497654914856 5153
1783099976267 0.6292563676834106 5154
1783099976272 0.5615510940551758 5155
1783099976276 0.5761622786521912 5156
1783099976280 0.6174305081367493 5157
1783099976284 0.5964807271957397 5158
1783099976288 0.6721005439758301 5159
1783099976292 0.5484704375267029 5160
1783099976296 0.595342755317688 5161
1783099976300 0.6695793271064758 5162
1783099976304 0.5709705948829651 5163
1783099976307 0.616737425327301 5164
1783099976311 0.5931069850921631 5165
1783099976316 0.6694536209106445 5166
1783099976320 0.6255301237106323 5167
1783099976324 0.5622400045394897 5168
1783099976328 0.5684672594070435 5169
1783099976332 0.5841376781463623 5170
1783099976336 0.6849212646484375 5171
1783099976340 0.6375378370285034 5172
1783099976343 0.6006758213043213 5173
1783099976347 0.5279936194419861 5174
1783099976351 0.5371493101119995 5175
1783099976355 0.6391173005104065 5176
1783099976359 0.5156065821647644 5177
1783099976363 0.5926604270935059 5178
1783099976368 0.6725515127182007 5179
1783099976373 0.6021316647529602 5180
1783099976378 0.6274223923683167 5181
1783099976382 0.5453594326972961 5182
1783099976386 0.7156982421875 5183
1783099976390 0.5950989723205566 5184
1783099976394 0.5053585767745972 5185
1783099976399 0.6409776210784912 5186
1783099976404 0.6284979581832886 5187
1783099976408 0.616614043712616 5188
1783099976411 0.5409982204437256 5189
1783099976415 0.5838158130645752 5190
1783099976420 0.5781251192092896 5191
1783099976424 0.6455880403518677 5192
1783099976428 0.599888026714325 5193
1783099976431 0.5487555265426636 5194
1783099976435 0.6117962598800659 5195
1783099976438 0.6448306441307068 5196
1783099976441 0.6136044263839722 5197
1783099976444 0.6277350187301636 5198
1783099976447 0.526138961315155 5199
1783099976450 0.5810364484786987 5200
1783099976454 0.607380747795105 5201
1783099976457 0.5558661818504333 5202
1783099976460 0.5583096742630005 5203
1783099976465 0.5767396688461304 5204
1783099976470 0.6839874982833862 5205
1783099976475 0.647922933101654 5206
1783099976479 0.5817710161209106 5207
1783099976484 0.49830949306488037 5208
1783099976488 0.49851924180984497 5209
1783099976492 0.5655803680419922 5210
1783099976496 0.5121593475341797 5211
1783099976500 0.5567587614059448 5212
1783099976504 0.5209721326828003 5213
1783099976509 0.6015170812606812 5214
1783099976513 0.6009230017662048 5215
1783099976517 0.623623251914978 5216
1783099976522 0.5092225670814514 5217
1783099976526 0.6920960545539856 5218
1783099976530 0.5616539716720581 5219
1783099976534 0.6603043079376221 5220
1783099976538 0.6064671277999878 5221
1783099976543 0.5288742780685425 5222
1783099976547 0.6356589794158936 5223
1783099976552 0.7147054672241211 5224
1783099976556 0.5378876328468323 5225
1783099976560 0.5944311022758484 5226
1783099976565 0.663367509841919 5227
1783099976570 0.5693422555923462 5228
1783099976574 0.6988805532455444 5229
1783099976577 0.5630406141281128 5230
1783099976581 0.6064075231552124 5231
1783099976585 0.5426799058914185 5232
1783099976589 0.5760459303855896 5233
1783099976592 0.5502739548683167 5234
1783099976595 0.6077123284339905 5235
1783099976599 0.6180520057678223 5236
1783099976602 0.5655608773231506 5237
1783099976606 0.5777976512908936 5238
1783099976609 0.6288557648658752 5239
1783099976614 0.5589640736579895 5240
1783099976620 0.6631370782852173 5241
1783099976626 0.602529764175415 5242
1783099976631 0.5913867354393005 5243
1783099976636 0.548981785774231 5244
1783099976640 0.617597222328186 5245
1783099976644 0.5419402122497559 5246
1783099976648 0.5686439275741577 5247
1783099976652 0.5822697877883911 5248
1783099976657 0.5858850479125977 5249
1783099976661 0.5594993829727173 5250
1783099976666 0.5666794180870056 5251
1783099976671 0.5877819657325745 5252
1783099976675 0.5723236799240112 5253
1783099976679 0.5570616722106934 5254
1783099976683 0.6158871650695801 5255
1783099976687 0.5375301837921143 5256
1783099976694 0.5615630149841309 5257
1783099976698 0.5631301999092102 5258
1783099976702 0.580620527267456 5259
1783099976706 0.5853391885757446 5260
1783099976710 0.5400991439819336 5261
1783099976715 0.5142043828964233 5262
1783099976720 0.5418102741241455 5263
1783099976724 0.562724232673645 5264
1783099976729 0.5044355988502502 5265
1783099976734 0.5208966732025146 5266
1783099976738 0.5424922704696655 5267
1783099976742 0.5784186124801636 5268
1783099976746 0.5189424753189087 5269
1783099976750 0.6152954697608948 5270
1783099976755 0.5507193803787231 5271
1783099976759 0.5758848190307617 5272
1783099976763 0.5323829650878906 5273
1783099976767 0.5593178272247314 5274
1783099976771 0.5873386859893799 5275
1783099976775 0.5543770790100098 5276
1783099976779 0.5353608131408691 5277
1783099976784 0.569223940372467 5278
1783099976788 0.5417961478233337 5279
1783099976792 0.5527299642562866 5280
1783099976796 0.49842482805252075 5281
1783099976800 0.5725669860839844 5282
1783099976804 0.5087727308273315 5283
1783099976808 0.531671941280365 5284
1783099976812 0.5647143125534058 5285
1783099976816 0.5143681764602661 5286
1783099976820 0.5846565961837769 5287
1783099976824 0.5282903909683228 5288
1783099976829 0.4926607310771942 5289
1783099976834 0.6134061217308044 5290
1783099976838 0.49178823828697205 5291
1783099976843 0.5897186994552612 5292
1783099976847 0.4963516592979431 5293
1783099976851 0.45275604724884033 5294
1783099976855 0.4593196511268616 5295
1783099976860 0.556709349155426 5296
1783099976864 0.5823449492454529 5297
1783099976869 0.6189696788787842 5298
1783099976874 0.5429154634475708 5299
1783099976880 0.5931591987609863 5300
1783099976885 0.5539447665214539 5301
1783099976890 0.5092646479606628 5302
1783099976894 0.49710220098495483 5303
1783099976899 0.5830321311950684 5304
1783099976904 0.531761646270752 5305
1783099976908 0.5749995708465576 5306
1783099976912 0.4782506227493286 5307
1783099976916 0.5133561491966248 5308
1783099976921 0.5248505473136902 5309
1783099976924 0.4419573247432709 5310
1783099976929 0.4946247637271881 5311
1783099976934 0.5572229623794556 5312
1783099976938 0.49289220571517944 5313
1783099976942 0.4867331385612488 5314
1783099976946 0.4665602147579193 5315
1783099976950 0.572080671787262 5316
1783099976954 0.5376760363578796 5317
1783099976958 0.5233568549156189 5318
1783099976962 0.5520622730255127 5319
1783099976966 0.6151372194290161 5320
1783099976970 0.5158711671829224 5321
1783099976973 0.49516502022743225 5322
1783099976977 0.4632635712623596 5323
1783099976982 0.5312435030937195 5324
1783099976986 0.5067296028137207 5325
1783099976990 0.5160647034645081 5326
1783099976994 0.48960328102111816 5327
1783099976999 0.49708566069602966 5328
1783099977003 0.5148782730102539 5329
1783099977007 0.48488155007362366 5330
1783099977011 0.46999868750572205 5331
1783099977014 0.46761488914489746 5332
1783099977018 0.5117098093032837 5333
1783099977021 0.5167549848556519 5334
1783099977025 0.5069736242294312 5335
1783099977031 0.49095645546913147 5336
1783099977035 0.5259250402450562 5337
1783099977039 0.5283842086791992 5338
1783099977043 0.4888923764228821 5339
1783099977047 0.4901704788208008 5340
1783099977051 0.45731669664382935 5341
1783099977055 0.5104889869689941 5342
1783099977059 0.5142596960067749 5343
1783099977063 0.5089102983474731 5344
1783099977067 0.5156065821647644 5345
1783099977071 0.5009527206420898 5346
1783099977075 0.5485283136367798 5347
1783099977080 0.4587482810020447 5348
1783099977085 0.5588438510894775 5349
1783099977089 0.4724698066711426 5350
1783099977094 0.5207195281982422 5351
1783099977098 0.5258221626281738 5352
1783099977103 0.47327741980552673 5353
1783099977107 0.4531555771827698 5354
1783099977111 0.47095784544944763 5355
1783099977115 0.5419381856918335 5356
1783099977120 0.4528743326663971 5357
1783099977124 0.47445741295814514 5358
1783099977128 0.5240350961685181 5359
1783099977132 0.5267223119735718 5360
1783099977136 0.4878097176551819 5361
1783099977141 0.4907029867172241 5362
1783099977146 0.48689377307891846 5363
1783099977151 0.4608827531337738 5364
1783099977155 0.5168832540512085 5365
1783099977160 0.4238174855709076 5366
1783099977165 0.5001358985900879 5367
1783099977169 0.47374212741851807 5368
1783099977173 0.49614816904067993 5369
1783099977177 0.46372371912002563 5370
1783099977181 0.5322767496109009 5371
1783099977186 0.44746193289756775 5372
1783099977191 0.48670127987861633 5373
1783099977196 0.47997450828552246 5374
1783099977201 0.49574315547943115 5375
1783099977205 0.44986456632614136 5376
1783099977210 0.5288470983505249 5377
1783099977215 0.496318519115448 5378
1783099977219 0.41711971163749695 5379
1783099977223 0.4835205674171448 5380
1783099977227 0.44899696111679077 5381
1783099977231 0.4368335008621216 5382
1783099977235 0.487619549036026 5383
1783099977239 0.5152831077575684 5384
1783099977243 0.5040311813354492 5385
1783099977247 0.4467507302761078 5386
1783099977252 0.4669291377067566 5387
1783099977256 0.5129247307777405 5388
1783099977260 0.4365040063858032 5389
1783099977264 0.4444863796234131 5390
1783099977268 0.44732552766799927 5391
1783099977273 0.48286154866218567 5392
1783099977278 0.5159111618995667 5393
1783099977282 0.46923065185546875 5394
1783099977286 0.4297615885734558 5395
1783099977290 0.48560893535614014 5396
1783099977294 0.4941459894180298 5397
1783099977299 0.41632986068725586 5398
1783099977304 0.47173649072647095 5399
1783099977309 0.5150459408760071 5400
1783099977313 0.5242373943328857 5401
1783099977318 0.4488700032234192 5402
1783099977322 0.5070801377296448 5403
1783099977327 0.4587702751159668 5404
1783099977332 0.46542593836784363 5405
1783099977336 0.4490728974342346 5406
1783099977341 0.48691636323928833 5407
1783099977345 0.5123441219329834 5408
1783099977350 0.544063925743103 5409
1783099977355 0.4910244345664978 5410
1783099977360 0.5111467838287354 5411
1783099977365 0.5615191459655762 5412
1783099977370 0.4957519769668579 5413
1783099977374 0.4237520694732666 5414
1783099977379 0.4768747091293335 5415
1783099977383 0.5259687304496765 5416
1783099977387 0.4159775972366333 5417
1783099977392 0.5228718519210815 5418
1783099977396 0.4492678642272949 5419
1783099977400 0.43949413299560547 5420
1783099977405 0.47856202721595764 5421
1783099977409 0.4727216064929962 5422
1783099977414 0.4961566627025604 5423
1783099977418 0.4570354223251343 5424
1783099977422 0.45144981145858765 5425
1783099977427 0.45390892028808594 5426
1783099977431 0.551498532295227 5427
1783099977435 0.4294431507587433 5428
1783099977440 0.4100936949253082 5429
1783099977444 0.42006000876426697 5430
1783099977448 0.5734373331069946 5431
1783099977452 0.5304514169692993 5432
1783099977457 0.5173461437225342 5433
1783099977462 0.501453161239624 5434
1783099977467 0.4925708472728729 5435
1783099977471 0.44714266061782837 5436
1783099977476 0.5557035803794861 5437
1783099977480 0.4799323081970215 5438
1783099977484 0.45572429895401 5439
1783099977489 0.5021912455558777 5440
1783099977493 0.5424867272377014 5441
1783099977497 0.5122843980789185 5442
1783099977501 0.49841439723968506 5443
1783099977506 0.4301779866218567 5444
1783099977511 0.5030210018157959 5445
1783099977515 0.4950587749481201 5446
1783099977520 0.5577291250228882 5447
1783099977524 0.4520242512226105 5448
1783099977528 0.4933090806007385 5449
1783099977533 0.4833860993385315 5450
1783099977537 0.5275535583496094 5451
1783099977541 0.48087748885154724 5452
1783099977545 0.4781680703163147 5453
1783099977549 0.49006974697113037 5454
1783099977554 0.5233108997344971 5455
1783099977559 0.5151812434196472 5456
1783099977564 0.5259454250335693 5457
1783099977568 0.4747900366783142 5458
1783099977573 0.45834875106811523 5459
1783099977578 0.5600026845932007 5460
1783099977582 0.49762266874313354 5461
1783099977587 0.48873215913772583 5462
1783099977592 0.46449515223503113 5463
1783099977597 0.5093619227409363 5464
1783099977602 0.47430047392845154 5465
1783099977607 0.45286881923675537 5466
1783099977612 0.4849345088005066 5467
1783099977617 0.49535882472991943 5468
1783099977621 0.49206656217575073 5469
1783099977626 0.47584521770477295 5470
1783099977630 0.38063928484916687 5471
1783099977635 0.5023266077041626 5472
1783099977641 0.40336960554122925 5473
1783099977645 0.5028843283653259 5474
1783099977650 0.4868032932281494 5475
1783099977656 0.48901528120040894 5476
1783099977661 0.4872693419456482 5477
1783099977669 0.5229436755180359 5478
1783099977677 0.5038455128669739 5479
1783099977683 0.5502672791481018 5480
1783099977689 0.5812076926231384 5481
1783099977695 0.4899579584598541 5482
1783099977701 0.5031496286392212 5483
1783099977706 0.4731396436691284 5484
1783099977710 0.45476874709129333 5485
1783099977713 0.4990808367729187 5486
1783099977718 0.4924445152282715 5487
1783099977722 0.512789785861969 5488
1783099977727 0.4658651351928711 5489
1783099977731 0.49843350052833557 5490
1783099977735 0.582777738571167 5491
1783099977739 0.4699498116970062 5492
1783099977743 0.4755765199661255 5493
1783099977748 0.4733593761920929 5494
1783099977753 0.5430101752281189 5495
1783099977758 0.5637590885162354 5496
1783099977763 0.5323337912559509 5497
1783099977767 0.45334088802337646 5498
1783099977771 0.4817426800727844 5499
1783099977775 0.5786720514297485 5500
1783099977780 0.5241172909736633 5501
1783099977785 0.5847750306129456 5502
1783099977790 0.5979321002960205 5503
1783099977795 0.5433725118637085 5504
1783099977800 0.5255056023597717 5505
1783099977805 0.5097700953483582 5506
1783099977811 0.5687812566757202 5507
1783099977817 0.5010987520217896 5508
1783099977822 0.5231082439422607 5509
1783099977827 0.5407608151435852 5510
1783099977833 0.5087467432022095 5511
1783099977838 0.5128052234649658 5512
1783099977843 0.5064507722854614 5513
1783099977848 0.46214115619659424 5514
1783099977853 0.6041203141212463 5515
1783099977859 0.5029163956642151 5516
1783099977865 0.5248461961746216 5517
1783099977871 0.5554763078689575 5518
1783099977878 0.4874306321144104 5519
1783099977884 0.6065633296966553 5520
1783099977891 0.6043488383293152 5521
1783099977897 0.5795549154281616 5522
1783099977904 0.514707088470459 5523
1783099977911 0.4704643487930298 5524
1783099977916 0.5086686611175537 5525
1783099977921 0.5866529941558838 5526
1783099977925 0.49221348762512207 5527
1783099977930 0.4907534718513489 5528
1783099977941 0.5343558192253113 5529
1783099977945 0.5465367436408997 5530
1783099977949 0.5848714113235474 5531
1783099977953 0.5624539852142334 5532
1783099977958 0.5620434284210205 5533
1783099977963 0.47735291719436646 5534
1783099977967 0.6031520962715149 5535
1783099977971 0.5479276180267334 5536
1783099977976 0.5217947959899902 5537
1783099977979 0.5047101974487305 5538
1783099977983 0.5506502389907837 5539
1783099977987 0.6299772262573242 5540
1783099977991 0.5619281530380249 5541
1783099977996 0.5069186091423035 5542
1783099978001 0.568328320980072 5543
1783099978005 0.5847022533416748 5544
1783099978010 0.5184053778648376 5545
1783099978015 0.5367615818977356 5546
1783099978019 0.6041008234024048 5547
1783099978023 0.5201427340507507 5548
1783099978028 0.5297070145606995 5549
1783099978031 0.6252303719520569 5550
1783099978035 0.5158764123916626 5551
1783099978039 0.6261218190193176 5552
1783099978043 0.5328181982040405 5553
1783099978047 0.624475359916687 5554
1783099978050 0.5846136808395386 5555
1783099978054 0.5300819873809814 5556
1783099978059 0.4743955135345459 5557
1783099978064 0.5767613649368286 5558
1783099978068 0.5042601227760315 5559
1783099978073 0.5346693992614746 5560
1783099978077 0.5157365202903748 5561
1783099978082 0.5352193713188171 5562
1783099978086 0.5651733875274658 5563
1783099978090 0.5398682355880737 5564
1783099978094 0.5436357259750366 5565
1783099978099 0.5083403587341309 5566
1783099978104 0.556433916091919 5567
1783099978109 0.5713450908660889 5568
1783099978114 0.4904758632183075 5569
1783099978119 0.6381871104240417 5570
1783099978124 0.5554074048995972 5571
1783099978130 0.561802864074707 5572
1783099978135 0.6077326536178589 5573
1783099978140 0.558850884437561 5574
1783099978145 0.5188072919845581 5575
1783099978149 0.5437487363815308 5576
1783099978154 0.5398805141448975 5577
1783099978159 0.5756046772003174 5578
1783099978164 0.5593780875205994 5579
1783099978169 0.5336365103721619 5580
1783099978174 0.5505689382553101 5581
1783099978178 0.5129866600036621 5582
1783099978182 0.5180656313896179 5583
1783099978186 0.5593741536140442 5584
1783099978189 0.5142516493797302 5585
1783099978193 0.5603317618370056 5586
1783099978196 0.643841564655304 5587
1783099978199 0.5724010467529297 5588
1783099978203 0.5136089324951172 5589
1783099978206 0.5486603379249573 5590
1783099978210 0.5393751263618469 5591
1783099978216 0.5523306131362915 5592
1783099978220 0.5793057680130005 5593
1783099978224 0.5326412320137024 5594
1783099978228 0.5636330842971802 5595
1783099978232 0.586165189743042 5596
1783099978236 0.5672542452812195 5597
1783099978239 0.5269398093223572 5598
1783099978243 0.5417962670326233 5599
1783099978247 0.5261573195457458 5600
1783099978250 0.5495970845222473 5601
1783099978254 0.6050528287887573 5602
1783099978257 0.5878913402557373 5603
1783099978261 0.5335341691970825 5604
1783099978266 0.6318622827529907 5605
1783099978270 0.5191857814788818 5606
1783099978274 0.4899361729621887 5607
1783099978278 0.5183097124099731 5608
1783099978282 0.5994918346405029 5609
1783099978285 0.5514110326766968 5610
1783099978289 0.49361658096313477 5611
1783099978293 0.5080606937408447 5612
1783099978297 0.5184506773948669 5613
1783099978300 0.5340425968170166 5614
1783099978304 0.5548824071884155 5615
1783099978307 0.6139146089553833 5616
1783099978311 0.5413470268249512 5617
1783099978315 0.5823644399642944 5618
1783099978321 0.5874817371368408 5619
1783099978326 0.552947461605072 5620
1783099978333 0.56894451379776 5621
1783099978565 0.5377848148345947 5622
1783099978570 0.5398791432380676 5623
1783099978574 0.542106032371521 5624
1783099978578 0.6171295642852783 5625
1783099978582 0.5098341107368469 5626
1783099978586 0.5195823311805725 5627
1783099978590 0.5522521734237671 5628
1783099978594 0.5063081383705139 5629
1783099978598 0.4919350743293762 5630
1783099978602 0.5656652450561523 5631
1783099978605 0.5218452215194702 5632
1783099978609 0.5493414402008057 5633
1783099978614 0.5119155049324036 5634
1783099978620 0.4951004981994629 5635
1783099978624 0.576538622379303 5636
1783099978628 0.541483461856842 5637
1783099978632 0.5347775220870972 5638
1783099978635 0.5565218925476074 5639
1783099978640 0.4945550560951233 5640
1783099978645 0.5012120008468628 5641
1783099978651 0.5097317695617676 5642
1783099978656 0.5701649785041809 5643
1783099978661 0.4675229787826538 5644
1783099978666 0.492789089679718 5645
1783099978671 0.5308986902236938 5646
1783099978676 0.4768662452697754 5647
1783099978681 0.5951748490333557 5648
1783099978686 0.5500837564468384 5649
1783099978691 0.533454418182373 5650
1783099978697 0.48266148567199707 5651
1783099978702 0.577529788017273 5652
1783099978706 0.5409582853317261 5653
1783099978710 0.5062761306762695 5654
1783099978714 0.49719464778900146 5655
1783099978718 0.423865407705307 5656
1783099978722 0.498980849981308 5657
1783099978726 0.5076004266738892 5658
1783099978730 0.5130099654197693 5659
1783099978734 0.39713239669799805 5660
1783099978738 0.5603418350219727 5661
1783099978742 0.47871822118759155 5662
1783099978747 0.470724880695343 5663
1783099978752 0.4806549549102783 5664
1783099978756 0.5011797547340393 5665
1783099978760 0.4630358815193176 5666
1783099978764 0.47379523515701294 5667
1783099978767 0.4443892240524292 5668
1783099978772 0.4588169455528259 5669
1783099978776 0.4721401333808899 5670
1783099978780 0.5322557091712952 5671
1783099978785 0.519195020198822 5672
1783099978789 0.4721626043319702 5673
1783099978794 0.516810417175293 5674
1783099978799 0.44735074043273926 5675
1783099978803 0.4890868365764618 5676
1783099978808 0.5214875936508179 5677
1783099978812 0.5350320339202881 5678
1783099978816 0.4605139493942261 5679
1783099978821 0.5153973698616028 5680
1783099978825 0.5624421238899231 5681
1783099978829 0.4920331835746765 5682
1783099978834 0.4885997176170349 5683
1783099978838 0.46062973141670227 5684
1783099978843 0.4950222969055176 5685
1783099978847 0.4847831428050995 5686
1783099978851 0.4737433195114136 5687
1783099978855 0.49269232153892517 5688
1783099978859 0.48362016677856445 5689
1783099978864 0.49530771374702454 5690
1783099978868 0.5247377157211304 5691
1783099978873 0.4919812083244324 5692
1783099978877 0.5067476034164429 5693
1783099978882 0.4857495427131653 5694
1783099978887 0.48097312450408936 5695
1783099978893 0.47927922010421753 5696
1783099978900 0.479682594537735 5697
1783099978905 0.48006027936935425 5698
1783099978909 0.4740309417247772 5699
1783099978913 0.4711926579475403 5700
1783099978917 0.45214247703552246 5701
1783099978921 0.49325573444366455 5702
1783099978925 0.4351230561733246 5703
1783099978930 0.4641801714897156 5704
1783099978934 0.5348144769668579 5705
1783099978938 0.4232664704322815 5706
1783099978942 0.46528464555740356 5707
1783099978948 0.5372821092605591 5708
1783099978953 0.487022340297699 5709
1783099978957 0.4402746856212616 5710
1783099978961 0.4097709655761719 5711
1783099978966 0.4828307330608368 5712
1783099978970 0.4149548411369324 5713
1783099978974 0.41885000467300415 5714
1783099978978 0.36676937341690063 5715
1783099978982 0.4905932545661926 5716
1783099978986 0.4096859097480774 5717
1783099978989 0.4909569025039673 5718
1783099978995 0.4273148775100708 5719
1783099979002 0.4812818169593811 5720
1783099979008 0.47915637493133545 5721
1783099979013 0.45937883853912354 5722
1783099979018 0.5181071758270264 5723
1783099979023 0.4370584189891815 5724
1783099979027 0.42652714252471924 5725
1783099979032 0.4293973445892334 5726
1783099979037 0.4640592336654663 5727
1783099979041 0.4317270517349243 5728
1783099979047 0.4498302638530731 5729
1783099979052 0.5178881883621216 5730
1783099979056 0.47491154074668884 5731
1783099979060 0.41875165700912476 5732
1783099979064 0.43027740716934204 5733
1783099979067 0.44374024868011475 5734
1783099979071 0.4792354702949524 5735
1783099979075 0.4512309730052948 5736
1783099979079 0.44564884901046753 5737
1783099979082 0.4365595579147339 5738
1783099979086 0.4798933267593384 5739
1783099979089 0.46360012888908386 5740
1783099979093 0.43603724241256714 5741
1783099979097 0.4577399492263794 5742
1783099979102 0.4912104606628418 5743
1783099979105 0.43658000230789185 5744
1783099979109 0.4895113408565521 5745
1783099979112 0.45779919624328613 5746
1783099979116 0.4726158678531647 5747
1783099979119 0.4649839997291565 5748
1783099979122 0.38928458094596863 5749
1783099979126 0.3880409002304077 5750
1783099979129 0.43508970737457275 5751
1783099979133 0.4147626757621765 5752
1783099979136 0.4847395718097687 5753
1783099979140 0.4760112166404724 5754
1783099979143 0.40547633171081543 5755
1783099979148 0.3774753510951996 5756
1783099979153 0.40820151567459106 5757
1783099979156 0.4187862277030945 5758
1783099979160 0.41598057746887207 5759
1783099979164 0.45813626050949097 5760
1783099979167 0.40611541271209717 5761
1783099979177 0.3951002359390259 5762
1783099979181 0.41140592098236084 5763
1783099979184 0.47490060329437256 5764
1783099979188 0.421360045671463 5765
1783099979191 0.41335529088974 5766
1783099979196 0.42997002601623535 5767
1783099979201 0.4181777536869049 5768
1783099979206 0.4524804353713989 5769
1783099979213 0.3973846137523651 5770
1783099979222 0.41254621744155884 5771
1783099979234 0.4023458957672119 5772
1783099979240 0.45183590054512024 5773
1783099979245 0.43596208095550537 5774
1783099979250 0.45161306858062744 5775
1783099979255 0.4089050889015198 5776
1783099979260 0.4247022569179535 5777
1783099979265 0.42385047674179077 5778
1783099979269 0.39291346073150635 5779
1783099979274 0.43973758816719055 5780
1783099979279 0.3603087365627289 5781
1783099979284 0.37138867378234863 5782
1783099979288 0.4646221101284027 5783
1783099979293 0.40773850679397583 5784
1783099979297 0.38486701250076294 5785
1783099979302 0.38000670075416565 5786
1783099979306 0.4141824245452881 5787
1783099979311 0.46974292397499084 5788
1783099979315 0.36375826597213745 5789
1783099979320 0.3637639284133911 5790
1783099979324 0.34296849370002747 5791
1783099979329 0.4379855990409851 5792
1783099979335 0.4109257459640503 5793
1783099979340 0.38210082054138184 5794
1783099979345 0.3863602876663208 5795
1783099979349 0.38064900040626526 5796
1783099979354 0.4302684962749481 5797
1783099979359 0.42839515209198 5798
1783099979363 0.3755374550819397 5799
1783099979368 0.3486805856227875 5800
1783099979373 0.4091269373893738 5801
1783099979379 0.4172447919845581 5802
1783099979384 0.4299512505531311 5803
1783099979389 0.4374954402446747 5804
1783099979393 0.40472009778022766 5805
1783099979398 0.3937756419181824 5806
1783099979401 0.4093440771102905 5807
1783099979405 0.35922932624816895 5808
1783099979408 0.5075970888137817 5809
1783099979412 0.4839346408843994 5810
1783099979415 0.39683693647384644 5811
1783099979419 0.41159987449645996 5812
1783099979422 0.42333343625068665 5813
1783099979426 0.4037036895751953 5814
1783099979429 0.42443758249282837 5815
1783099979434 0.4402810037136078 5816
1783099979439 0.4090198874473572 5817
1783099979444 0.3308826684951782 5818
1783099979448 0.3833540678024292 5819
1783099979453 0.36722928285598755 5820
1783099979457 0.37326502799987793 5821
1783099979461 0.38732948899269104 5822
1783099979465 0.40425002574920654 5823
1783099979470 0.41685208678245544 5824
1783099979474 0.4282187819480896 5825
1783099979478 0.36330369114875793 5826
1783099979482 0.3802536725997925 5827
1783099979486 0.39024925231933594 5828
1783099979490 0.42136356234550476 5829
1783099979495 0.4528804421424866 5830
1783099979499 0.40593594312667847 5831
1783099979503 0.4253927171230316 5832
1783099979506 0.4355618953704834 5833
1783099979510 0.34055638313293457 5834
1783099979513 0.37103068828582764 5835
1783099979516 0.38628214597702026 5836
1783099979520 0.4886186122894287 5837
1783099979523 0.3707030117511749 5838
1783099979526 0.40743812918663025 5839
1783099979530 0.335196852684021 5840
1783099979534 0.38765645027160645 5841
1783099979537 0.35283538699150085 5842
1783099979541 0.39570024609565735 5843
1783099979546 0.4051859974861145 5844
1783099979551 0.3752620220184326 5845
1783099979555 0.4356560707092285 5846
1783099979559 0.4211314916610718 5847
1783099979562 0.4344078004360199 5848
1783099979566 0.39644500613212585 5849
1783099979570 0.4283028841018677 5850
1783099979573 0.37353599071502686 5851
1783099979577 0.4177902340888977 5852
1783099979580 0.42964112758636475 5853
1783099979584 0.39387398958206177 5854
1783099979587 0.3767271339893341 5855
1783099979591 0.34247148036956787 5856
1783099979594 0.40978312492370605 5857
1783099979600 0.3757469356060028 5858
1783099979604 0.42356380820274353 5859
1783099979609 0.36116868257522583 5860
1783099979613 0.39772433042526245 5861
1783099979617 0.39555972814559937 5862
1783099979621 0.467938631772995 5863
1783099979625 0.4063025116920471 5864
1783099979630 0.4133675992488861 5865
1783099979634 0.41645872592926025 5866
1783099979639 0.4375472664833069 5867
1783099979643 0.3982703685760498 5868
1783099979647 0.34371495246887207 5869
1783099979652 0.39342933893203735 5870
1783099979656 0.41472500562667847 5871
1783099979661 0.3863063454627991 5872
1783099979665 0.41843488812446594 5873
1783099979669 0.37934762239456177 5874
1783099979672 0.49097275733947754 5875
1783099979675 0.3972131609916687 5876
1783099979679 0.4197057783603668 5877
1783099979682 0.44427910447120667 5878
1783099979686 0.38961976766586304 5879
1783099979690 0.42002812027931213 5880
1783099979693 0.4252787232398987 5881
1783099979696 0.3464246094226837 5882
1783099979701 0.4106783866882324 5883
1783099979706 0.38127169013023376 5884
1783099979711 0.3973306119441986 5885
1783099979715 0.4051995277404785 5886
1783099979719 0.35841816663742065 5887
1783099979724 0.391635000705719 5888
1783099979727 0.36215275526046753 5889
1783099979731 0.41041988134384155 5890
1783099979735 0.4327952265739441 5891
1783099979738 0.40349623560905457 5892
1783099979741 0.4684409499168396 5893
1783099979745 0.40294408798217773 5894
1783099979750 0.36036989092826843 5895
1783099979754 0.38809043169021606 5896
1783099979758 0.4007415175437927 5897
1783099979762 0.39822036027908325 5898
1783099979766 0.3893134593963623 5899
1783099979769 0.3396513760089874 5900
1783099979773 0.3590988516807556 5901
1783099979776 0.36569634079933167 5902
1783099979779 0.48472660779953003 5903
1783099979782 0.44688892364501953 5904
1783099979786 0.4030146598815918 5905
1783099979790 0.3953230082988739 5906
1783099979794 0.38244736194610596 5907
1783099979798 0.398995041847229 5908
1783099979803 0.4421796202659607 5909
1783099979807 0.41190245747566223 5910
1783099979812 0.42024093866348267 5911
1783099979816 0.4268721044063568 5912
1783099979821 0.34884151816368103 5913
1783099979825 0.4093514084815979 5914
1783099979830 0.4129225015640259 5915
1783099979834 0.42032238841056824 5916
1783099979839 0.4022759795188904 5917
1783099979843 0.4806770384311676 5918
1783099979847 0.4173586368560791 5919
1783099979852 0.3948986530303955 5920
1783099979856 0.4061275124549866 5921
1783099979862 0.4501021206378937 5922
1783099979866 0.32742395997047424 5923
1783099979870 0.4478698968887329 5924
1783099979875 0.4267851710319519 5925
1783099979880 0.39657968282699585 5926
1783099979884 0.43220651149749756 5927
1783099979889 0.3861604332923889 5928
1783099979893 0.5041255950927734 5929
1783099979897 0.3890650272369385 5930
1783099979901 0.4040473401546478 5931
1783099979906 0.3970898985862732 5932
1783099979911 0.5187389254570007 5933
1783099979915 0.40147343277931213 5934
1783099979919 0.39520010352134705 5935
1783099979923 0.39904046058654785 5936
1783099979927 0.4596821665763855 5937
1783099979931 0.4139103591442108 5938
1783099979934 0.41121405363082886 5939
1783099979938 0.3893404006958008 5940
1783099979942 0.3831036388874054 5941
1783099979946 0.3959105610847473 5942
1783099979950 0.3982324004173279 5943
1783099979954 0.38226762413978577 5944
1783099979959 0.38960087299346924 5945
1783099979964 0.4514218270778656 5946
1783099979968 0.43996116518974304 5947
1783099979972 0.4732542932033539 5948
1783099979977 0.3315940797328949 5949
1783099979981 0.4374256432056427 5950
1783099979985 0.4261186718940735 5951
1783099979990 0.4402879774570465 5952
1783099979994 0.47663331031799316 5953
1783099980000 0.4288785457611084 5954
1783099980006 0.3888684809207916 5955
1783099980012 0.41126716136932373 5956
1783099980018 0.4163254499435425 5957
1783099980024 0.4239552915096283 5958
1783099980029 0.43539324402809143 5959
1783099980034 0.4447893500328064 5960
1783099980039 0.4453222155570984 5961
1783099980044 0.4671069085597992 5962
1783099980049 0.4424003064632416 5963
1783099980053 0.4452347159385681 5964
1783099980058 0.390702486038208 5965
1783099980063 0.4210193157196045 5966
1783099980068 0.44830790162086487 5967
1783099980073 0.5182244777679443 5968
1783099980078 0.4089779257774353 5969
1783099980083 0.46367213129997253 5970
1783099980087 0.38922053575515747 5971
1783099980092 0.39786794781684875 5972
1783099980097 0.3569381833076477 5973
1783099980102 0.44592195749282837 5974
1783099980108 0.3994162678718567 5975
1783099980112 0.39541178941726685 5976
1783099980116 0.40549013018608093 5977
1783099980121 0.48872506618499756 5978
1783099980125 0.4214218854904175 5979
1783099980129 0.4482160210609436 5980
1783099980133 0.39289534091949463 5981
1783099980138 0.4351044297218323 5982
1783099980142 0.4644816517829895 5983
1783099980146 0.3876380920410156 5984
1783099980150 0.39202094078063965 5985
1783099980154 0.4122414290904999 5986
1783099980158 0.47811001539230347 5987
1783099980162 0.37941282987594604 5988
1783099980166 0.42820924520492554 5989
1783099980171 0.4936177134513855 5990
1783099980175 0.3926093578338623 5991
1783099980180 0.4838542342185974 5992
1783099980184 0.48652225732803345 5993
1783099980188 0.43140894174575806 5994
1783099980192 0.4683074951171875 5995
1783099980196 0.4639222025871277 5996
1783099980201 0.4178147315979004 5997
1783099980205 0.4239036440849304 5998
1783099980209 0.4776970148086548 5999
1783099980213 0.4602484107017517 6000
1783099980217 0.43509921431541443 6001
1783099980221 0.4217343032360077 6002
1783099980225 0.4174426198005676 6003
1783099980230 0.47278428077697754 6004
1783099980234 0.5205132365226746 6005
1783099980238 0.49784624576568604 6006
1783099980242 0.39766308665275574 6007
1783099980247 0.45391786098480225 6008
1783099980251 0.4700853228569031 6009
1783099980254 0.4356742799282074 6010
1783099980258 0.4945349097251892 6011
1783099980261 0.49581843614578247 6012
1783099980265 0.4148706793785095 6013
1783099980268 0.398596853017807 6014
1783099980272 0.4796670079231262 6015
1783099980277 0.4450129568576813 6016
1783099980282 0.32430705428123474 6017
1783099980285 0.48582929372787476 6018
1783099980289 0.45579805970191956 6019
1783099980292 0.41077688336372375 6020
1783099980296 0.4519107937812805 6021
1783099980299 0.46914997696876526 6022
1783099980302 0.5258243083953857 6023
1783099980306 0.503804087638855 6024
1783099980309 0.430146187543869 6025
1783099980313 0.4222446084022522 6026
1783099980316 0.49872922897338867 6027
1783099980320 0.44988107681274414 6028
1783099980324 0.4332893192768097 6029
1783099980330 0.40765345096588135 6030
1783099980334 0.41274502873420715 6031
1783099980338 0.44875368475914 6032
1783099980343 0.46316269040107727 6033
1783099980346 0.46223628520965576 6034
1783099980349 0.5231871604919434 6035
1783099980353 0.48546189069747925 6036
1783099980356 0.4346652030944824 6037
1783099980360 0.41781848669052124 6038
1783099980363 0.4840155243873596 6039
1783099980368 0.44918709993362427 6040
1783099980373 0.45815861225128174 6041
1783099980377 0.4325438439846039 6042
1783099980381 0.49353983998298645 6043
1783099980385 0.4736928939819336 6044
1783099980397 0.43672317266464233 6045
1783099980402 0.606112539768219 6046
1783099980406 0.36466026306152344 6047
1783099980410 0.4326707124710083 6048
1783099980415 0.4069499373435974 6049
1783099980419 0.5025289058685303 6050
1783099980423 0.40915101766586304 6051
1783099980427 0.4300675392150879 6052
1783099980432 0.4409157335758209 6053
1783099980436 0.4423222541809082 6054
1783099980440 0.4375234842300415 6055
1783099980444 0.4597412943840027 6056
1783099980449 0.4163011908531189 6057
1783099980454 0.4965299367904663 6058
1783099980458 0.47511738538742065 6059
1783099980463 0.4283899664878845 6060
1783099980467 0.426596075296402 6061
1783099980471 0.4864719808101654 6062
1783099980476 0.40675589442253113 6063
1783099980480 0.4575287699699402 6064
1783099980484 0.53181391954422 6065
1783099980488 0.47755298018455505 6066
1783099980493 0.437799870967865 6067
1783099980497 0.45949143171310425 6068
1783099980502 0.5441125631332397 6069
1783099980506 0.5096729397773743 6070
1783099980510 0.45873770117759705 6071
1783099980515 0.42721205949783325 6072
1783099980519 0.4325625002384186 6073
1783099980523 0.4429953098297119 6074
1783099980527 0.435538649559021 6075
1783099980531 0.4486251175403595 6076
1783099980536 0.5133280754089355 6077
1783099980540 0.4436981976032257 6078
1783099980545 0.4199978709220886 6079
1783099980549 0.45562365651130676 6080
1783099980553 0.4509219825267792 6081
1783099980556 0.41440534591674805 6082
1783099980560 0.48852354288101196 6083
1783099980563 0.4381944537162781 6084
1783099980566 0.4581209719181061 6085
1783099980570 0.46314215660095215 6086
1783099980573 0.5221364498138428 6087
1783099980577 0.5102064609527588 6088
1783099980580 0.41760629415512085 6089
1783099980583 0.46154844760894775 6090
1783099980586 0.4796183109283447 6091
1783099980590 0.47475844621658325 6092
1783099980595 0.4855739176273346 6093
1783099980599 0.44694143533706665 6094
1783099980604 0.4372870922088623 6095
1783099980608 0.43888723850250244 6096
1783099980612 0.5154355764389038 6097
1783099980617 0.4573262333869934 6098
1783099980621 0.4463997483253479 6099
1783099980625 0.4215819835662842 6100
1783099980629 0.5090734362602234 6101
1783099980633 0.49515703320503235 6102
1783099980637 0.5033134818077087 6103
1783099980642 0.46701282262802124 6104
1783099980646 0.41433900594711304 6105
1783099980651 0.4660543203353882 6106
1783099980655 0.44211700558662415 6107
1783099980659 0.38218939304351807 6108
1783099980664 0.44126516580581665 6109
1783099980668 0.45416921377182007 6110
1783099980673 0.3975881338119507 6111
1783099980677 0.4743960499763489 6112
1783099980682 0.47264784574508667 6113
1783099980686 0.42591145634651184 6114
1783099980691 0.4501649737358093 6115
1783099980695 0.5068469643592834 6116
1783099980700 0.43972939252853394 6117
1783099980705 0.47383761405944824 6118
1783099980709 0.45969414710998535 6119
1783099980713 0.4653409421443939 6120
1783099980718 0.4419316351413727 6121
1783099980722 0.36834484338760376 6122
1783099980727 0.48384159803390503 6123
1783099980731 0.4995248019695282 6124
1783099980735 0.40282654762268066 6125
1783099980738 0.3802264332771301 6126
1783099980742 0.4109264612197876 6127
1783099980746 0.46736761927604675 6128
1783099980751 0.3970477283000946 6129
1783099980755 0.43302273750305176 6130
1783099980759 0.4027150869369507 6131
1783099980763 0.4207393527030945 6132
1783099980767 0.4701395332813263 6133
1783099980771 0.4276116192340851 6134
1783099980776 0.4294068217277527 6135
1783099980780 0.44725194573402405 6136
1783099980784 0.44857072830200195 6137
1783099980788 0.4423138499259949 6138
1783099980793 0.4109419882297516 6139
1783099980797 0.43512964248657227 6140
1783099980801 0.417900025844574 6141
1783099980805 0.39817410707473755 6142
1783099980809 0.433113694190979 6143
1783099980813 0.47858110070228577 6144
1783099980816 0.4304456114768982 6145
1783099980820 0.4496825933456421 6146
1783099980823 0.4357718825340271 6147
1783099980827 0.37754279375076294 6148
1783099980830 0.3963592052459717 6149
1783099980834 0.46697765588760376 6150
1783099980838 0.4647035002708435 6151
1783099980842 0.423183411359787 6152
1783099980846 0.42816632986068726 6153
1783099980850 0.42262643575668335 6154
1783099980854 0.4048449993133545 6155
1783099980858 0.36349576711654663 6156
1783099980864 0.3936709761619568 6157
1783099980868 0.39232099056243896 6158
1783099980871 0.3429984748363495 6159
1783099980875 0.4446071982383728 6160
1783099980879 0.3896469175815582 6161
1783099980882 0.3518301248550415 6162
1783099980886 0.3509451150894165 6163
1783099980891 0.45005002617836 6164
1783099980896 0.37448203563690186 6165
1783099980900 0.47527676820755005 6166
1783099980905 0.42117899656295776 6167
1783099980909 0.3885289132595062 6168
1783099980913 0.4006599187850952 6169
1783099980918 0.4209347069263458 6170
1783099980922 0.33941662311553955 6171
1783099980926 0.42009925842285156 6172
1783099980930 0.4182102680206299 6173
1783099980934 0.441192626953125 6174
1783099980939 0.3975330591201782 6175
1783099980944 0.41355276107788086 6176
1783099980948 0.43794888257980347 6177
1783099980953 0.4195297360420227 6178
1783099980957 0.38248223066329956 6179
1783099980961 0.42476212978363037 6180
1783099980965 0.39101025462150574 6181
1783099980969 0.4015863835811615 6182
1783099980973 0.31673675775527954 6183
1783099980977 0.41275131702423096 6184
1783099980981 0.3516693711280823 6185
1783099980985 0.47670114040374756 6186
1783099980989 0.32467222213745117 6187
1783099980995 0.37528473138809204 6188
1783099981000 0.3721162974834442 6189
1783099981005 0.3341637849807739 6190
1783099981009 0.39884817600250244 6191
1783099981014 0.45688825845718384 6192
1783099981018 0.40045374631881714 6193
1783099981022 0.3978955149650574 6194
1783099981026 0.38916584849357605 6195
1783099981031 0.4378848969936371 6196
1783099981035 0.38427233695983887 6197
1783099981040 0.3892178535461426 6198
1783099981045 0.3785175085067749 6199
1783099981050 0.36472025513648987 6200
1783099981054 0.3866029679775238 6201
1783099981058 0.3997640609741211 6202
1783099981062 0.37857967615127563 6203
1783099981066 0.32955753803253174 6204
1783099981070 0.39488375186920166 6205
1783099981074 0.3497355878353119 6206
1783099981078 0.32554101943969727 6207
1783099981083 0.3396512269973755 6208
1783099981087 0.35259127616882324 6209
1783099981091 0.3855428695678711 6210
1783099981095 0.39253899455070496 6211
1783099981100 0.36713707447052 6212
1783099981104 0.4131470322608948 6213
1783099981108 0.37026262283325195 6214
1783099981112 0.4378843307495117 6215
1783099981116 0.34860625863075256 6216
1783099981120 0.3324320912361145 6217
1783099981124 0.4129819869995117 6218
1783099981128 0.30039045214653015 6219
1783099981132 0.3978532552719116 6220
1783099981136 0.3722669780254364 6221
1783099981141 0.4346906244754791 6222
1783099981145 0.34229257702827454 6223
1783099981149 0.396051287651062 6224
1783099981153 0.3360433280467987 6225
1783099981158 0.36296704411506653 6226
1783099981162 0.399644672870636 6227
1783099981166 0.33428922295570374 6228
1783099981170 0.34127819538116455 6229
1783099981174 0.41343992948532104 6230
1783099981178 0.3375978469848633 6231
1783099981182 0.3798806071281433 6232
1783099981186 0.405666708946228 6233
1783099981190 0.3588758111000061 6234
1783099981195 0.3159720301628113 6235
1783099981199 0.3956758975982666 6236
1783099981204 0.3832685351371765 6237
1783099981208 0.38939404487609863 6238
1783099981212 0.3548240065574646 6239
1783099981216 0.3505466878414154 6240
1783099981220 0.3412710130214691 6241
1783099981224 0.38911890983581543 6242
1783099981228 0.3447097837924957 6243
1783099981233 0.34702038764953613 6244
1783099981238 0.3283558487892151 6245
1783099981242 0.3263704776763916 6246
1783099981247 0.412223756313324 6247
1783099981251 0.3226003646850586 6248
1783099981255 0.36858946084976196 6249
1783099981259 0.3476513624191284 6250
1783099981263 0.345670223236084 6251
1783099981267 0.3228267431259155 6252
1783099981272 0.32845962047576904 6253
1783099981276 0.4017796814441681 6254
1783099981280 0.3568944036960602 6255
1783099981285 0.3298335373401642 6256
1783099981289 0.35426145792007446 6257
1783099981294 0.33975523710250854 6258
1783099981299 0.3635842800140381 6259
1783099981303 0.3663223385810852 6260
1783099981307 0.4631572961807251 6261
1783099981312 0.3263031840324402 6262
1783099981316 0.3413931727409363 6263
1783099981320 0.31191667914390564 6264
1783099981326 0.32447344064712524 6265
1783099981331 0.34429508447647095 6266
1783099981336 0.37192434072494507 6267
1783099981341 0.3319307267665863 6268
1783099981345 0.3382342457771301 6269
1783099981349 0.34631988406181335 6270
1783099981355 0.3298633396625519 6271
1783099981359 0.31526750326156616 6272
1783099981364 0.32608628273010254 6273
1783099981368 0.33736512064933777 6274
1783099981372 0.32609206438064575 6275
1783099981377 0.34095102548599243 6276
1783099981381 0.33427634835243225 6277
1783099981385 0.3353167474269867 6278
1783099981390 0.43161794543266296 6279
1783099981395 0.32802823185920715 6280
1783099981399 0.3757539987564087 6281
1783099981403 0.3061707019805908 6282
1783099981407 0.3340587913990021 6283
1783099981411 0.33550143241882324 6284
1783099981415 0.3300577402114868 6285
1783099981420 0.3444223999977112 6286
1783099981424 0.3095831274986267 6287
1783099981428 0.35973668098449707 6288
1783099981433 0.3442454934120178 6289
1783099981437 0.36733946204185486 6290
1783099981442 0.3697255849838257 6291
1783099981448 0.3378210663795471 6292
1783099981452 0.3651408553123474 6293
1783099981457 0.3349858522415161 6294
1783099981461 0.3267366886138916 6295
1783099981466 0.37472787499427795 6296
1783099981470 0.4038541316986084 6297
1783099981475 0.347373366355896 6298
1783099981479 0.3101365268230438 6299
1783099981483 0.27663832902908325 6300
1783099981488 0.40639251470565796 6301
1783099981493 0.36828356981277466 6302
1783099981497 0.37936967611312866 6303
1783099981501 0.33311817049980164 6304
1783099981505 0.35189151763916016 6305
1783099981509 0.3253002464771271 6306
1783099981513 0.34435200691223145 6307
1783099981516 0.3454882502555847 6308
1783099981519 0.32301685214042664 6309
1783099981522 0.331567645072937 6310
1783099981525 0.38073962926864624 6311
1783099981529 0.33550286293029785 6312
1783099981532 0.306017130613327 6313
1783099981536 0.35285305976867676 6314
1783099981541 0.3407500982284546 6315
1783099981546 0.38867300748825073 6316
1783099981550 0.3754904568195343 6317
1783099981554 0.34046268463134766 6318
1783099981559 0.4293915331363678 6319
1783099981563 0.325091689825058 6320
1783099981567 0.36036819219589233 6321
1783099981571 0.41833969950675964 6322
1783099981576 0.3649066984653473 6323
1783099981580 0.3658010959625244 6324
1783099981584 0.3525737226009369 6325
1783099981589 0.3427026569843292 6326
1783099981593 0.30506402254104614 6327
1783099981598 0.4314674735069275 6328
1783099981603 0.38486021757125854 6329
1783099981608 0.30505895614624023 6330
1783099981612 0.3512111008167267 6331
1783099981616 0.3565833866596222 6332
1783099981620 0.4093526005744934 6333
1783099981625 0.42696613073349 6334
1783099981629 0.4122127890586853 6335
1783099981634 0.38101398944854736 6336
1783099981638 0.3686290979385376 6337
1783099981643 0.4269714951515198 6338
1783099981647 0.32832080125808716 6339
1783099981652 0.3298167288303375 6340
1783099981657 0.41190552711486816 6341
1783099981661 0.3948619067668915 6342
1783099981665 0.34061336517333984 6343
1783099981670 0.3344382047653198 6344
1783099981674 0.38913899660110474 6345
1783099981678 0.32094326615333557 6346
1783099981682 0.33250692486763 6347
1783099981686 0.35639122128486633 6348
1783099981691 0.37831300497055054 6349
1783099981695 0.390264630317688 6350
1783099981700 0.38684576749801636 6351
1783099981704 0.30981335043907166 6352
1783099981708 0.38217663764953613 6353
1783099981713 0.4224391281604767 6354
1783099981717 0.36571842432022095 6355
1783099981721 0.41068848967552185 6356
1783099981725 0.3361106514930725 6357
1783099981729 0.31601276993751526 6358
1783099981734 0.3523976504802704 6359
1783099981738 0.34404653310775757 6360
1783099981742 0.37559860944747925 6361
1783099981747 0.3419663906097412 6362
1783099981752 0.349673330783844 6363
1783099981756 0.4344470798969269 6364
1783099981760 0.32184791564941406 6365
1783099981764 0.3850248456001282 6366
1783099981768 0.3448846936225891 6367
1783099981772 0.35729941725730896 6368
1783099981776 0.4281044900417328 6369
1783099981781 0.4232909679412842 6370
1783099981784 0.3980439305305481 6371
1783099981789 0.3776257634162903 6372
1783099981793 0.3874654471874237 6373
1783099981797 0.3800885081291199 6374
1783099981802 0.37060773372650146 6375
1783099981806 0.37058788537979126 6376
1783099981811 0.41334155201911926 6377
1783099981815 0.4499487578868866 6378
1783099981819 0.3761076331138611 6379
1783099981823 0.41482070088386536 6380
1783099981828 0.3954364061355591 6381
1783099981832 0.38374394178390503 6382
1783099981837 0.36417871713638306 6383
1783099981841 0.3827989101409912 6384
1783099981847 0.4305657744407654 6385
1783099981852 0.3748178482055664 6386
1783099981856 0.39637190103530884 6387
1783099981862 0.37264522910118103 6388
1783099981868 0.4402740001678467 6389
1783099981874 0.38121211528778076 6390
1783099981879 0.37292206287384033 6391
1783099981884 0.3870985209941864 6392
1783099981889 0.3724978566169739 6393
1783099981893 0.4292179346084595 6394
1783099981899 0.41874659061431885 6395
1783099981905 0.35959336161613464 6396
1783099981911 0.42908617854118347 6397
1783099981917 0.43970027565956116 6398
1783099981923 0.3518800437450409 6399
1783099981931 0.3596947193145752 6400
1783099981938 0.36328446865081787 6401
1783099981945 0.4166276454925537 6402
1783099981952 0.39989835023880005 6403
1783099981958 0.37668418884277344 6404
1783099981963 0.4466911852359772 6405
1783099981969 0.417931467294693 6406
1783099981974 0.39501529932022095 6407
1783099981979 0.4183478355407715 6408
1783099981984 0.39224791526794434 6409
1783099981989 0.39012467861175537 6410
1783099981993 0.3818075656890869 6411
1783099981998 0.37743017077445984 6412
1783099982002 0.3991610109806061 6413
1783099982007 0.47998034954071045 6414
1783099982011 0.43120384216308594 6415
1783099982015 0.4239574670791626 6416
1783099982021 0.4219602942466736 6417
1783099982026 0.38073480129241943 6418
1783099982029 0.34738773107528687 6419
1783099982033 0.43125346302986145 6420
1783099982036 0.39249029755592346 6421
1783099982040 0.390836626291275 6422
1783099982045 0.4019942283630371 6423
1783099982049 0.42026257514953613 6424
1783099982053 0.4064490795135498 6425
1783099982057 0.44540590047836304 6426
1783099982061 0.43264275789260864 6427
1783099982064 0.4631573557853699 6428
1783099982068 0.4071374237537384 6429
1783099982073 0.4008505344390869 6430
1783099982077 0.42532846331596375 6431
1783099982081 0.3802567422389984 6432
1783099982085 0.42504382133483887 6433
1783099982090 0.3503345549106598 6434
1783099982094 0.44682085514068604 6435
1783099982098 0.3919385075569153 6436
1783099982102 0.4283565282821655 6437
1783099982106 0.37689483165740967 6438
1783099982111 0.4272512197494507 6439
1783099982115 0.3891616761684418 6440
1783099982120 0.3875540494918823 6441
1783099982125 0.3830544948577881 6442
1783099982130 0.40587228536605835 6443
1783099982134 0.41773271560668945 6444
1783099982139 0.37941455841064453 6445
1783099982143 0.38971295952796936 6446
1783099982148 0.4255342483520508 6447
1783099982152 0.46990901231765747 6448
1783099982156 0.45652273297309875 6449
1783099982160 0.4868963360786438 6450
1783099982165 0.47326478362083435 6451
1783099982169 0.3783401846885681 6452
1783099982174 0.40334826707839966 6453
1783099982179 0.40599024295806885 6454
1783099982183 0.39513099193573 6455
1783099982187 0.39861470460891724 6456
1783099982192 0.4498305320739746 6457
1783099982196 0.35600659251213074 6458
1783099982201 0.4309160113334656 6459
1783099982205 0.43634742498397827 6460
1783099982210 0.4232294261455536 6461
1783099982215 0.44009315967559814 6462
1783099982220 0.40989893674850464 6463
1783099982225 0.407731294631958 6464
1783099982229 0.39907488226890564 6465
1783099982234 0.36301523447036743 6466
1783099982238 0.413554847240448 6467
1783099982243 0.4428887963294983 6468
1783099982247 0.3482363820075989 6469
1783099982251 0.4016121029853821 6470
1783099982256 0.35949885845184326 6471
1783099982260 0.37613844871520996 6472
1783099982265 0.4842400848865509 6473
1783099982270 0.4352918267250061 6474
1783099982275 0.5430570840835571 6475
1783099982279 0.40207773447036743 6476
1783099982284 0.424119770526886 6477
1783099982288 0.3685183525085449 6478
1783099982293 0.46922844648361206 6479
1783099982298 0.4397902190685272 6480
1783099982302 0.3662302494049072 6481
1783099982306 0.4032899737358093 6482
1783099982311 0.3649723529815674 6483
1783099982315 0.4376647472381592 6484
1783099982320 0.40828633308410645 6485
1783099982326 0.4808778166770935 6486
1783099982331 0.4128543436527252 6487
1783099982336 0.44423478841781616 6488
1783099982340 0.34905770421028137 6489
1783099982345 0.4100513756275177 6490
1783099982349 0.3887377381324768 6491
1783099982353 0.40234532952308655 6492
1783099982357 0.41644251346588135 6493
1783099982361 0.3942416310310364 6494
1783099982366 0.4015541970729828 6495
1783099982371 0.378057062625885 6496
1783099982376 0.42630356550216675 6497
1783099982381 0.38510242104530334 6498
1783099982386 0.4626672863960266 6499
1783099982393 0.4380834102630615 6500
1783099982399 0.45102161169052124 6501
1783099982405 0.4860021770000458 6502
1783099982411 0.43586045503616333 6503
1783099982416 0.3707617223262787 6504
1783099982421 0.44341567158699036 6505
1783099982426 0.3717624545097351 6506
1783099982431 0.42797595262527466 6507
1783099982436 0.41714969277381897 6508
1783099982440 0.49044832587242126 6509
1783099982445 0.4209917187690735 6510
1783099982449 0.3882859945297241 6511
1783099982454 0.416517436504364 6512
1783099982459 0.39009177684783936 6513
1783099982464 0.350172221660614 6514
1783099982469 0.41239628195762634 6515
1783099982473 0.4356312155723572 6516
1783099982478 0.38389772176742554 6517
1783099982482 0.4710065424442291 6518
1783099982486 0.38849300146102905 6519
1783099982490 0.3529779314994812 6520
1783099982494 0.42818742990493774 6521
1783099982498 0.4120970368385315 6522
1783099982502 0.38391661643981934 6523
1783099982506 0.368489146232605 6524
1783099982511 0.42045944929122925 6525
1783099982515 0.3991633653640747 6526
1783099982520 0.36109042167663574 6527
1783099982525 0.32752442359924316 6528
1783099982529 0.36750948429107666 6529
1783099982534 0.3916167616844177 6530
1783099982539 0.36547407507896423 6531
1783099982544 0.46249133348464966 6532
1783099982548 0.4330659806728363 6533
1783099982553 0.37970811128616333 6534
1783099982558 0.4311522841453552 6535
1783099982562 0.5139393210411072 6536
1783099982567 0.3814553916454315 6537
1783099982571 0.3763226866722107 6538
1783099982576 0.37667545676231384 6539
1783099982581 0.43261194229125977 6540
1783099982586 0.4264706075191498 6541
1783099982591 0.32303285598754883 6542
1783099982596 0.3798348307609558 6543
1783099982601 0.5306758284568787 6544
1783099982606 0.4008714556694031 6545
1783099982621 0.4516916275024414 6546
1783099982629 0.3948085904121399 6547
1783099982635 0.4566934108734131 6548
1783099982641 0.4168342351913452 6549
1783099982647 0.36853456497192383 6550
1783099982653 0.39058613777160645 6551
1783099982659 0.38505876064300537 6552
1783099982666 0.420456200838089 6553
1783099982672 0.40499770641326904 6554
1783099982677 0.41082853078842163 6555
1783099982682 0.36215120553970337 6556
1783099982687 0.36747583746910095 6557
1783099982691 0.41624194383621216 6558
1783099982950 0.35514914989471436 6559
1783099982955 0.3775827884674072 6560
1783099982959 0.4282303750514984 6561
1783099982963 0.3692627549171448 6562
1783099982968 0.38792645931243896 6563
1783099982972 0.4506056308746338 6564
1783099982976 0.38717275857925415 6565
1783099982980 0.3487236499786377 6566
1783099982985 0.3684321641921997 6567
1783099982989 0.37724971771240234 6568
1783099982993 0.386297345161438 6569
1783099982999 0.3875492513179779 6570
1783099983004 0.3623219430446625 6571
1783099983008 0.42041072249412537 6572
1783099983013 0.384223997592926 6573
1783099983017 0.37515684962272644 6574
1783099983021 0.36736318469047546 6575
1783099983026 0.4657067656517029 6576
1783099983030 0.4415619671344757 6577
1783099983034 0.36388111114501953 6578
1783099983038 0.3752949833869934 6579
1783099983043 0.42689281702041626 6580
1783099983046 0.4251539409160614 6581
1783099983050 0.3535681962966919 6582
1783099983054 0.3859659433364868 6583
1783099983058 0.4036654233932495 6584
1783099983062 0.35362765192985535 6585
1783099983066 0.43048080801963806 6586
1783099983069 0.40616124868392944 6587
1783099983073 0.3261514902114868 6588
1783099983078 0.3083658516407013 6589
1783099983082 0.3192242383956909 6590
1783099983086 0.40536728501319885 6591
1783099983091 0.34893345832824707 6592
1783099983095 0.3715788722038269 6593
1783099983099 0.3820478320121765 6594
1783099983103 0.4434360861778259 6595
1783099983107 0.32996052503585815 6596
1783099983112 0.3625982999801636 6597
1783099983116 0.3384983539581299 6598
1783099983120 0.3817712366580963 6599
1783099983125 0.3370988368988037 6600
1783099983130 0.34985899925231934 6601
1783099983134 0.3957809805870056 6602
1783099983139 0.35394126176834106 6603
1783099983143 0.36865395307540894 6604
1783099983148 0.3780072331428528 6605
1783099983152 0.4064739942550659 6606
1783099983156 0.3424246311187744 6607
1783099983161 0.39871031045913696 6608
1783099983165 0.3955504596233368 6609
1783099983169 0.37864723801612854 6610
1783099983174 0.371487557888031 6611
1783099983179 0.32448238134384155 6612
1783099983184 0.3525272011756897 6613
1783099983189 0.35325443744659424 6614
1783099983193 0.4252089262008667 6615
1783099983198 0.339697003364563 6616
1783099983203 0.4113710820674896 6617
1783099983208 0.3794521689414978 6618
1783099983212 0.35483381152153015 6619
1783099983216 0.34882885217666626 6620
1783099983221 0.35012495517730713 6621
1783099983226 0.34628522396087646 6622
1783099983230 0.34183111786842346 6623
1783099983234 0.4205392003059387 6624
1783099983239 0.44137635827064514 6625
1783099983243 0.32773756980895996 6626
1783099983246 0.3347243070602417 6627
1783099983250 0.32140934467315674 6628
1783099983254 0.3476833701133728 6629
1783099983258 0.34410130977630615 6630
1783099983262 0.33767497539520264 6631
1783099983266 0.36773133277893066 6632
1783099983271 0.3318226635456085 6633
1783099983276 0.34750306606292725 6634
1783099983280 0.34514161944389343 6635
1783099983285 0.35669755935668945 6636
1783099983289 0.3181305527687073 6637
1783099983293 0.3259677290916443 6638
1783099983297 0.3788411021232605 6639
1783099983301 0.36398231983184814 6640
1783099983305 0.491408109664917 6641
1783099983309 0.3432956337928772 6642
1783099983313 0.38044750690460205 6643
1783099983317 0.31178316473960876 6644
1783099983321 0.3635190725326538 6645
1783099983325 0.3341592252254486 6646
1783099983330 0.3908374309539795 6647
1783099983335 0.2982780337333679 6648
1783099983339 0.37958282232284546 6649
1783099983343 0.3382330536842346 6650
1783099983347 0.36903059482574463 6651
1783099983351 0.3337031304836273 6652
1783099983355 0.35899588465690613 6653
1783099983359 0.2833975851535797 6654
1783099983364 0.4154050052165985 6655
1783099983368 0.3254905343055725 6656
1783099983373 0.3803498148918152 6657
1783099983378 0.3276830315589905 6658
1783099983382 0.3555036187171936 6659
1783099983387 0.35324692726135254 6660
1783099983392 0.3984262943267822 6661
1783099983396 0.35073187947273254 6662
1783099983400 0.35301515460014343 6663
1783099983405 0.34514325857162476 6664
1783099983410 0.38994482159614563 6665
1783099983414 0.3113546371459961 6666
1783099983418 0.37740468978881836 6667
1783099983423 0.307509183883667 6668
1783099983428 0.3182560205459595 6669
1783099983433 0.3936136066913605 6670
1783099983437 0.3213369846343994 6671
1783099983442 0.37207818031311035 6672
1783099983446 0.34941956400871277 6673
1783099983451 0.4165874719619751 6674
1783099983455 0.31483304500579834 6675
1783099983459 0.3018142580986023 6676
1783099983464 0.3025970160961151 6677
1783099983468 0.40040215849876404 6678
1783099983473 0.36866605281829834 6679
1783099983478 0.31419530510902405 6680
1783099983483 0.40528684854507446 6681
1783099983487 0.29406243562698364 6682
1783099983491 0.3169330954551697 6683
1783099983495 0.36153748631477356 6684
1783099983499 0.3425584137439728 6685
1783099983503 0.2749268412590027 6686
1783099983508 0.35455521941185 6687
1783099983512 0.2911876142024994 6688
1783099983516 0.43526971340179443 6689
1783099983520 0.31013742089271545 6690
1783099983525 0.356967031955719 6691
1783099983530 0.32558673620224 6692
1783099983535 0.3388908803462982 6693
1783099983540 0.3111758828163147 6694
1783099983544 0.2976108193397522 6695
1783099983549 0.29558026790618896 6696
1783099983553 0.38653701543807983 6697
1783099983558 0.3298448920249939 6698
1783099983562 0.3867635130882263 6699
1783099983567 0.3123394846916199 6700
1783099983571 0.3146534860134125 6701
1783099983576 0.3105778694152832 6702
1783099983580 0.3595729172229767 6703
1783099983584 0.3514104187488556 6704
1783099983589 0.32428067922592163 6705
1783099983593 0.3416810631752014 6706
1783099983597 0.32890015840530396 6707
1783099983601 0.3894062638282776 6708
1783099983605 0.3890639841556549 6709
1783099983609 0.3829178214073181 6710
1783099983613 0.35860300064086914 6711
1783099983617 0.37000319361686707 6712
1783099983621 0.3523108959197998 6713
1783099983626 0.30325135588645935 6714
1783099983630 0.3406698703765869 6715
1783099983635 0.42436307668685913 6716
1783099983640 0.3246241807937622 6717
1783099983644 0.35952961444854736 6718
1783099983649 0.3361692428588867 6719
1783099983654 0.3689896762371063 6720
1783099983658 0.31012317538261414 6721
1783099983662 0.2680114507675171 6722
1783099983666 0.4033452272415161 6723
1783099983670 0.3426983058452606 6724
1783099983674 0.39994707703590393 6725
1783099983679 0.3740662932395935 6726
1783099983684 0.3539664149284363 6727
1783099983688 0.307160347700119 6728
1783099983693 0.34221845865249634 6729
1783099983697 0.35202860832214355 6730
1783099983701 0.3311535120010376 6731
1783099983705 0.37021249532699585 6732
1783099983709 0.32576921582221985 6733
1783099983714 0.3473612070083618 6734
1783099983718 0.32517528533935547 6735
1783099983722 0.3462945520877838 6736
1783099983727 0.3665998578071594 6737
1783099983731 0.3196752667427063 6738
1783099983735 0.30308806896209717 6739
1783099983740 0.341504842042923 6740
1783099983744 0.30714932084083557 6741
1783099983748 0.35396134853363037 6742
1783099983752 0.3346019983291626 6743
1783099983756 0.3477662205696106 6744
1783099983761 0.35553139448165894 6745
1783099983765 0.2794262170791626 6746
1783099983769 0.32519376277923584 6747
1783099983773 0.3516744375228882 6748
1783099983777 0.3644072413444519 6749
1783099983782 0.326318621635437 6750
1783099983786 0.32530373334884644 6751
1783099983790 0.3609469532966614 6752
1783099983794 0.37504351139068604 6753
1783099983798 0.3233700394630432 6754
1783099983802 0.3714860677719116 6755
1783099983806 0.34114697575569153 6756
1783099983810 0.3024976849555969 6757
1783099983814 0.2965078353881836 6758
1783099983818 0.31475573778152466 6759
1783099983822 0.3867318034172058 6760
1783099983826 0.3558885157108307 6761
1783099983831 0.35197713971138 6762
1783099983835 0.3657522201538086 6763
1783099983840 0.39451074600219727 6764
1783099983844 0.28225037455558777 6765
1783099983848 0.4004861116409302 6766
1783099983852 0.34651240706443787 6767
1783099983856 0.36542409658432007 6768
1783099983860 0.3566250503063202 6769
1783099983865 0.3114618957042694 6770
1783099983869 0.4036371409893036 6771
1783099983874 0.3471510112285614 6772
1783099983878 0.30801767110824585 6773
1783099983883 0.3281608819961548 6774
1783099983887 0.32968562841415405 6775
1783099983892 0.38946497440338135 6776
1783099983896 0.3162054419517517 6777
1783099983900 0.32080984115600586 6778
1783099983904 0.3719877004623413 6779
1783099983908 0.3853573203086853 6780
1783099983912 0.4317883849143982 6781
1783099983916 0.3010603189468384 6782
1783099983920 0.3385297358036041 6783
1783099983924 0.3773519992828369 6784
1783099983928 0.3653612732887268 6785
1783099983932 0.3709867596626282 6786
1783099983937 0.31974899768829346 6787
1783099983940 0.33098500967025757 6788
1783099983943 0.3419319987297058 6789
1783099983946 0.41726407408714294 6790
1783099983949 0.31954890489578247 6791
1783099983953 0.39554038643836975 6792
1783099983956 0.2992924451828003 6793
1783099983959 0.35651591420173645 6794
1783099983962 0.3462974429130554 6795
1783099983966 0.3426471948623657 6796
1783099983969 0.3399813771247864 6797
1783099983972 0.32359936833381653 6798
1783099983976 0.3415999412536621 6799
1783099983980 0.31986528635025024 6800
1783099983985 0.35992002487182617 6801
1783099983990 0.3254013657569885 6802
1783099983995 0.35839521884918213 6803
1783099983999 0.4638347625732422 6804
1783099984004 0.3948107063770294 6805
1783099984009 0.3424815535545349 6806
1783099984013 0.40349704027175903 6807
1783099984018 0.33646345138549805 6808
1783099984022 0.3819435238838196 6809
1783099984026 0.3775877058506012 6810
1783099984030 0.319285124540329 6811
1783099984035 0.3760527968406677 6812
1783099984041 0.42062997817993164 6813
1783099984045 0.4280000925064087 6814
1783099984050 0.3180980086326599 6815
1783099984055 0.3604435622692108 6816
1783099984059 0.36754104495048523 6817
1783099984063 0.2921012043952942 6818
1783099984067 0.36741727590560913 6819
1783099984071 0.41293570399284363 6820
1783099984075 0.4198057949542999 6821
1783099984079 0.36923840641975403 6822
1783099984083 0.3490028977394104 6823
1783099984087 0.34371644258499146 6824
1783099984091 0.3276783227920532 6825
1783099984095 0.40175488591194153 6826
1783099984099 0.34142082929611206 6827
1783099984104 0.3675311207771301 6828
1783099984108 0.3918531537055969 6829
1783099984112 0.34827136993408203 6830
1783099984116 0.39749962091445923 6831
1783099984120 0.27056607604026794 6832
1783099984124 0.3848702311515808 6833
1783099984128 0.37919002771377563 6834
1783099984132 0.41007521748542786 6835
1783099984136 0.45270484685897827 6836
1783099984140 0.35684001445770264 6837
1783099984144 0.37089622020721436 6838
1783099984149 0.3214384913444519 6839
1783099984153 0.3640204668045044 6840
1783099984157 0.33153265714645386 6841
1783099984161 0.35938799381256104 6842
1783099984165 0.3394874930381775 6843
1783099984169 0.3674534559249878 6844
1783099984173 0.3735532760620117 6845
1783099984177 0.3840616047382355 6846
1783099984181 0.3210810720920563 6847
1783099984184 0.37404876947402954 6848
1783099984194 0.34708505868911743 6849
1783099984199 0.4287281632423401 6850
1783099984203 0.34971004724502563 6851
1783099984207 0.38914763927459717 6852
1783099984211 0.3746145963668823 6853
1783099984215 0.325689435005188 6854
1783099984219 0.3372066020965576 6855
1783099984224 0.36753177642822266 6856
1783099984228 0.3576638400554657 6857
1783099984232 0.35078006982803345 6858
1783099984236 0.39392733573913574 6859
1783099984240 0.4024007022380829 6860
1783099984244 0.43027374148368835 6861
1783099984248 0.35600417852401733 6862
1783099984252 0.3978966772556305 6863
1783099984257 0.38922250270843506 6864
1783099984261 0.41798099875450134 6865
1783099984265 0.38669687509536743 6866
1783099984269 0.44792962074279785 6867
1783099984273 0.39310532808303833 6868
1783099984277 0.3506910502910614 6869
1783099984282 0.4187706708908081 6870
1783099984286 0.3867490291595459 6871
1783099984290 0.40161165595054626 6872
1783099984294 0.40961992740631104 6873
1783099984298 0.36986619234085083 6874
1783099984303 0.41977596282958984 6875
1783099984307 0.3611079454421997 6876
1783099984312 0.348556786775589 6877
1783099984316 0.3369006812572479 6878
1783099984320 0.37872037291526794 6879
1783099984324 0.40640789270401 6880
1783099984328 0.34209826588630676 6881
1783099984332 0.3815692961215973 6882
1783099984336 0.3589308261871338 6883
1783099984341 0.3646179735660553 6884
1783099984345 0.42677369713783264 6885
1783099984349 0.35731518268585205 6886
1783099984354 0.43653368949890137 6887
1783099984358 0.35166698694229126 6888
1783099984363 0.36548560857772827 6889
1783099984367 0.3620656132698059 6890
1783099984372 0.37949639558792114 6891
1783099984376 0.3048985004425049 6892
1783099984380 0.38370972871780396 6893
1783099984385 0.37240684032440186 6894
1783099984389 0.40521425008773804 6895
1783099984393 0.4094655513763428 6896
1783099984398 0.42720508575439453 6897
1783099984404 0.389297753572464 6898
1783099984409 0.37286171317100525 6899
1783099984414 0.3855712413787842 6900
1783099984418 0.3828898072242737 6901
1783099984422 0.43619680404663086 6902
1783099984426 0.42087894678115845 6903
1783099984431 0.447380393743515 6904
1783099984435 0.36572879552841187 6905
1783099984439 0.423664927482605 6906
1783099984443 0.33854585886001587 6907
1783099984448 0.3937377333641052 6908
1783099984452 0.3602141737937927 6909
1783099984457 0.4196193218231201 6910
1783099984461 0.38617557287216187 6911
1783099984465 0.4963645339012146 6912
1783099984468 0.37257304787635803 6913
1783099984471 0.404634565114975 6914
1783099984475 0.43369823694229126 6915
1783099984478 0.39512601494789124 6916
1783099984482 0.3672219514846802 6917
1783099984485 0.4061247706413269 6918
1783099984489 0.4265953004360199 6919
1783099984492 0.41188788414001465 6920
1783099984495 0.3658602237701416 6921
1783099984500 0.42153802514076233 6922
1783099984505 0.44753941893577576 6923
1783099984509 0.44538789987564087 6924
1783099984513 0.3960455656051636 6925
1783099984518 0.40251806378364563 6926
1783099984522 0.4353063404560089 6927
1783099984526 0.4935756027698517 6928
1783099984530 0.4566183090209961 6929
1783099984534 0.4551057815551758 6930
1783099984538 0.3784477710723877 6931
1783099984542 0.40138542652130127 6932
1783099984547 0.3911266624927521 6933
1783099984551 0.3519325852394104 6934
1783099984556 0.357134610414505 6935
1783099984560 0.4108274579048157 6936
1783099984564 0.41222697496414185 6937
1783099984568 0.3632429242134094 6938
1783099984572 0.40604063868522644 6939
1783099984576 0.402041494846344 6940
1783099984580 0.3647425174713135 6941
1783099984584 0.4002232849597931 6942
1783099984588 0.48508110642433167 6943
1783099984592 0.37224310636520386 6944
1783099984597 0.41684895753860474 6945
1783099984602 0.5165895223617554 6946
1783099984607 0.3819394111633301 6947
1783099984612 0.40980690717697144 6948
1783099984616 0.4667948782444 6949
1783099984620 0.4160383641719818 6950
1783099984625 0.4483265280723572 6951
1783099984629 0.47997596859931946 6952
1783099984633 0.45490705966949463 6953
1783099984637 0.46645575761795044 6954
1783099984642 0.4290049076080322 6955
1783099984646 0.4860423803329468 6956
1783099984651 0.3687574863433838 6957
1783099984656 0.46144187450408936 6958
1783099984661 0.3895502984523773 6959
1783099984665 0.46647047996520996 6960
1783099984670 0.4483480453491211 6961
1783099984674 0.4075157642364502 6962
1783099984678 0.4293854236602783 6963
1783099984683 0.36519891023635864 6964
1783099984687 0.4149382710456848 6965
1783099984691 0.4339945614337921 6966
1783099984696 0.3837326765060425 6967
1783099984701 0.44761890172958374 6968
1783099984706 0.37091052532196045 6969
1783099984710 0.3817094564437866 6970
1783099984714 0.3922272324562073 6971
1783099984719 0.4185055196285248 6972
1783099984723 0.44265252351760864 6973
1783099984727 0.44348692893981934 6974
1783099984731 0.4354572892189026 6975
1783099984735 0.41010555624961853 6976
1783099984739 0.4164009392261505 6977
1783099984743 0.4693644642829895 6978
1783099984748 0.4050043225288391 6979
1783099984753 0.4365423917770386 6980
1783099984761 0.3726058602333069 6981
1783099984767 0.4186214506626129 6982
1783099984775 0.39588630199432373 6983
1783099984780 0.4420652389526367 6984
1783099984787 0.4267044961452484 6985
1783099984792 0.4842216670513153 6986
1783099984797 0.3872724175453186 6987
1783099984801 0.45508044958114624 6988
1783099984806 0.45707929134368896 6989
1783099984810 0.45940232276916504 6990
1783099984815 0.44316771626472473 6991
1783099984819 0.3872906565666199 6992
1783099984824 0.3953844904899597 6993
1783099984829 0.4241489768028259 6994
1783099984835 0.4195982813835144 6995
1783099984840 0.48483169078826904 6996
1783099984845 0.43953534960746765 6997
1783099984849 0.43291473388671875 6998
1783099984854 0.4539419412612915 6999
1783099984858 0.4118385314941406 7000
1783099984862 0.4197261333465576 7001
1783099984867 0.3809874653816223 7002
1783099984871 0.3755871653556824 7003
1783099984876 0.38376760482788086 7004
1783099984880 0.4017297029495239 7005
1783099984884 0.38827091455459595 7006
1783099984889 0.4574316442012787 7007
1783099984894 0.448516845703125 7008
1783099984899 0.4141027629375458 7009
1783099984903 0.3891262412071228 7010
1783099984907 0.3528909683227539 7011
1783099984911 0.4061121940612793 7012
1783099984914 0.3883993923664093 7013
1783099984917 0.47164177894592285 7014
1783099984921 0.4287055730819702 7015
1783099984925 0.3324252665042877 7016
1783099984930 0.457351416349411 7017
1783099984934 0.40953052043914795 7018
1783099984938 0.37102335691452026 7019
1783099984944 0.4147387444972992 7020
1783099984951 0.467938095331192 7021
1783099984956 0.39706969261169434 7022
1783099984961 0.4681156575679779 7023
1783099984966 0.4293122887611389 7024
1783099984971 0.3880525529384613 7025
1783099984976 0.3384612202644348 7026
1783099984980 0.4423988461494446 7027
1783099984985 0.4749981164932251 7028
1783099984990 0.3973097503185272 7029
1783099984996 0.36694490909576416 7030
1783099985002 0.425201416015625 7031
1783099985007 0.4280543625354767 7032
1783099985012 0.46557849645614624 7033
1783099985017 0.4314374625682831 7034
1783099985022 0.40367984771728516 7035
1783099985026 0.3691340386867523 7036
1783099985031 0.36938655376434326 7037
1783099985036 0.3770848214626312 7038
1783099985041 0.3755905330181122 7039
1783099985045 0.43948352336883545 7040
1783099985050 0.35647743940353394 7041
1783099985055 0.40332546830177307 7042
1783099985059 0.3901793956756592 7043
1783099985062 0.40040063858032227 7044
1783099985065 0.40988633036613464 7045
1783099985069 0.3874668478965759 7046
1783099985072 0.4138696789741516 7047
1783099985075 0.3421129584312439 7048
1783099985078 0.4690350294113159 7049
1783099985082 0.3342486023902893 7050
1783099985086 0.4198863208293915 7051
1783099985090 0.35049933195114136 7052
1783099985094 0.38993996381759644 7053
1783099985099 0.3117835521697998 7054
1783099985104 0.3418630361557007 7055
1783099985109 0.34562575817108154 7056
1783099985113 0.37351417541503906 7057
1783099985117 0.3413548469543457 7058
1783099985122 0.33110311627388 7059
1783099985126 0.37577733397483826 7060
1783099985130 0.3866879940032959 7061
1783099985133 0.3726557493209839 7062
1783099985136 0.3716135621070862 7063
1783099985141 0.3714295029640198 7064
1783099985144 0.37508583068847656 7065
1783099985149 0.4074189066886902 7066
1783099985153 0.434341698884964 7067
1783099985157 0.3386951684951782 7068
1783099985161 0.4078543186187744 7069
1783099985165 0.4002830982208252 7070
1783099985169 0.3127319812774658 7071
1783099985173 0.3577767610549927 7072
1783099985177 0.3125438690185547 7073
1783099985180 0.33652549982070923 7074
1783099985184 0.3402725160121918 7075
1783099985188 0.33495962619781494 7076
1783099985192 0.33037930727005005 7077
1783099985197 0.34852564334869385 7078
1783099985202 0.39826303720474243 7079
1783099985207 0.35504627227783203 7080
1783099985213 0.33401745557785034 7081
1783099985219 0.3230002820491791 7082
1783099985225 0.32292428612709045 7083
1783099985232 0.2784959673881531 7084
1783099985238 0.37733057141304016 7085
1783099985243 0.3945387601852417 7086
1783099985248 0.3570214807987213 7087
1783099985253 0.36284953355789185 7088
1783099985258 0.36111098527908325 7089
1783099985263 0.3465416729450226 7090
1783099985269 0.31624549627304077 7091
1783099985275 0.34888502955436707 7092
1783099985280 0.2858945429325104 7093
1783099985286 0.34011584520339966 7094
1783099985291 0.2708674669265747 7095
1783099985296 0.3239058256149292 7096
1783099985301 0.3516246974468231 7097
1783099985306 0.3563224673271179 7098
1783099985311 0.29499977827072144 7099
1783099985315 0.3322323262691498 7100
1783099985320 0.31435543298721313 7101
1783099985325 0.2793979048728943 7102
1783099985330 0.33501988649368286 7103
1783099985335 0.30387553572654724 7104
1783099985339 0.35933825373649597 7105
1783099985344 0.2922958731651306 7106
1783099985348 0.3034546673297882 7107
1783099985352 0.3139899671077728 7108
1783099985357 0.3383655548095703 7109
1783099985361 0.3990853428840637 7110
1783099985366 0.32910841703414917 7111
1783099985370 0.309142529964447 7112
1783099985375 0.31508955359458923 7113
1783099985380 0.36868730187416077 7114
1783099985386 0.2702573537826538 7115
1783099985391 0.3343680500984192 7116
1783099985397 0.2603183388710022 7117
1783099985402 0.30489274859428406 7118
1783099985407 0.34749215841293335 7119
1783099985412 0.2877504825592041 7120
1783099985417 0.3347070515155792 7121
1783099985422 0.2781349718570709 7122
1783099985428 0.31527623534202576 7123
1783099985433 0.3388403654098511 7124
1783099985438 0.328227162361145 7125
1783099985442 0.2556120753288269 7126
1783099985446 0.3132800757884979 7127
1783099985451 0.3214085102081299 7128
1783099985455 0.27625125646591187 7129
1783099985460 0.3412754237651825 7130
1783099985464 0.30300819873809814 7131
1783099985468 0.31209081411361694 7132
1783099985472 0.29753005504608154 7133
1783099985476 0.3623132109642029 7134
1783099985480 0.2634273171424866 7135
1783099985484 0.32061153650283813 7136
1783099985488 0.3906540274620056 7137
1783099985492 0.29903534054756165 7138
1783099985496 0.32047563791275024 7139
1783099985499 0.3601144850254059 7140
1783099985504 0.26766765117645264 7141
1783099985508 0.29439669847488403 7142
1783099985512 0.3425092101097107 7143
1783099985516 0.32919323444366455 7144
1783099985519 0.2854212522506714 7145
1783099985523 0.3251879811286926 7146
1783099985526 0.3176020383834839 7147
1783099985529 0.3062813878059387 7148
1783099985533 0.3890848755836487 7149
1783099985537 0.3206963539123535 7150
1783099985540 0.33311253786087036 7151
1783099985544 0.2716831564903259 7152
1783099985548 0.27801692485809326 7153
1783099985552 0.3253839612007141 7154
1783099985557 0.31997567415237427 7155
1783099985562 0.30882778763771057 7156
1783099985566 0.2926148772239685 7157
1783099985571 0.3029927611351013 7158
1783099985575 0.3161526024341583 7159
1783099985580 0.3191370368003845 7160
1783099985584 0.3094078004360199 7161
1783099985588 0.329379677772522 7162
1783099985592 0.34390467405319214 7163
1783099985604 0.29414594173431396 7164
1783099985609 0.30881690979003906 7165
1783099985615 0.3465837240219116 7166
1783099985620 0.36795321106910706 7167
1783099985625 0.3191794753074646 7168
1783099985630 0.27058178186416626 7169
1783099985635 0.29412841796875 7170
1783099985641 0.3269312381744385 7171
1783099985646 0.34665626287460327 7172
1783099985650 0.29444068670272827 7173
1783099985655 0.35618430376052856 7174
1783099985660 0.30883631110191345 7175
1783099985664 0.2956960201263428 7176
1783099985669 0.3217530846595764 7177
1783099985673 0.2384047508239746 7178
1783099985677 0.30199941992759705 7179
1783099985682 0.31604450941085815 7180
1783099985686 0.3273901045322418 7181
1783099985690 0.27706968784332275 7182
1783099985694 0.3833819329738617 7183
1783099985699 0.2844708561897278 7184
1783099985703 0.3409174084663391 7185
1783099985708 0.3423517346382141 7186
1783099985713 0.2829456925392151 7187
1783099985717 0.3039407432079315 7188
1783099985721 0.31495559215545654 7189
1783099985725 0.3853001594543457 7190
1783099985730 0.4229793846607208 7191
1783099985734 0.2899026870727539 7192
1783099985738 0.29384544491767883 7193
1783099985742 0.2824472188949585 7194
1783099985747 0.32673490047454834 7195
1783099985751 0.3055117130279541 7196
1783099985755 0.35070380568504333 7197
1783099985759 0.3334832191467285 7198
1783099985763 0.31582701206207275 7199
1783099985767 0.3490362763404846 7200
1783099985771 0.3333970904350281 7201
1783099985774 0.29938215017318726 7202
1783099985778 0.32449668645858765 7203
1783099985782 0.2262917160987854 7204
1783099985786 0.2611374855041504 7205
1783099985790 0.3745173215866089 7206
1783099985794 0.30702006816864014 7207
1783099985798 0.32058095932006836 7208
1783099985802 0.26996761560440063 7209
1783099985806 0.36215052008628845 7210
1783099985811 0.3280073404312134 7211
1783099985815 0.2653920352458954 7212
1783099985819 0.2796923518180847 7213
1783099985823 0.30703628063201904 7214
1783099985827 0.28569263219833374 7215
1783099985832 0.3596397936344147 7216
1783099985836 0.27935898303985596 7217
1783099985840 0.3179803490638733 7218
1783099985844 0.3353649377822876 7219
1783099985848 0.28607314825057983 7220
1783099985851 0.2912719249725342 7221
1783099985855 0.26691287755966187 7222
1783099985859 0.312008798122406 7223
1783099985865 0.30385667085647583 7224
1783099985870 0.3434087336063385 7225
1783099985874 0.2832157611846924 7226
1783099985878 0.33588576316833496 7227
1783099985882 0.3254220187664032 7228
1783099985886 0.29627078771591187 7229
1783099985890 0.3543365001678467 7230
1783099985893 0.3572654128074646 7231
1783099985897 0.2966010272502899 7232
1783099985900 0.23714183270931244 7233
1783099985903 0.3280162513256073 7234
1783099985907 0.31052035093307495 7235
1783099985910 0.3490859270095825 7236
1783099985915 0.27665960788726807 7237
1783099985919 0.29674261808395386 7238
1783099985924 0.30301913619041443 7239
1783099985928 0.3147619962692261 7240
1783099985933 0.30015331506729126 7241
1783099985937 0.3477764427661896 7242
1783099985942 0.2789069414138794 7243
1783099985946 0.3000907301902771 7244
1783099985951 0.24389415979385376 7245
1783099985956 0.3058209717273712 7246
1783099985960 0.2607365548610687 7247
1783099985965 0.34196460247039795 7248
1783099985971 0.2785559296607971 7249
1783099985975 0.35360991954803467 7250
1783099985980 0.28524109721183777 7251
1783099985984 0.32684940099716187 7252
1783099985989 0.3199220895767212 7253
1783099985993 0.2730805277824402 7254
1783099985999 0.3587857782840729 7255
1783099986004 0.3154711127281189 7256
1783099986009 0.2976680099964142 7257
1783099986015 0.31922948360443115 7258
1783099986020 0.3436482548713684 7259
1783099986025 0.30520105361938477 7260
1783099986029 0.3007693290710449 7261
1783099986034 0.29025980830192566 7262
1783099986038 0.33085769414901733 7263
1783099986042 0.4077396094799042 7264
1783099986046 0.36267542839050293 7265
1783099986051 0.31665870547294617 7266
1783099986055 0.299362450838089 7267
1783099986059 0.36669445037841797 7268
1783099986063 0.3229055404663086 7269
1783099986068 0.2963760495185852 7270
1783099986073 0.30409955978393555 7271
1783099986077 0.2840029001235962 7272
1783099986081 0.3627074360847473 7273
1783099986086 0.3395003080368042 7274
1783099986090 0.29760125279426575 7275
1783099986095 0.3719794750213623 7276
1783099986099 0.336023211479187 7277
1783099986103 0.33664360642433167 7278
1783099986107 0.29545676708221436 7279
1783099986111 0.4068337380886078 7280
1783099986115 0.3144614100456238 7281
1783099986120 0.28411927819252014 7282
1783099986125 0.27381250262260437 7283
1783099986129 0.32023489475250244 7284
1783099986133 0.3209388852119446 7285
1783099986137 0.25164344906806946 7286
1783099986141 0.23844701051712036 7287
1783099986145 0.3312792181968689 7288
1783099986149 0.31452861428260803 7289
1783099986153 0.32419276237487793 7290
1783099986158 0.3482680916786194 7291
1783099986162 0.29069510102272034 7292
1783099986166 0.30079159140586853 7293
1783099986170 0.33831220865249634 7294
1783099986175 0.32218003273010254 7295
1783099986180 0.27306270599365234 7296
1783099986184 0.3128528296947479 7297
1783099986189 0.3956761360168457 7298
1783099986193 0.3655669093132019 7299
1783099986198 0.34277769923210144 7300
1783099986202 0.2981436252593994 7301
1783099986207 0.31403225660324097 7302
1783099986211 0.33581772446632385 7303
1783099986216 0.30286705493927 7304
1783099986221 0.35488617420196533 7305
1783099986226 0.2926725149154663 7306
1783099986230 0.3018139898777008 7307
1783099986235 0.33754438161849976 7308
1783099986241 0.3770214915275574 7309
1783099986245 0.3234756588935852 7310
1783099986249 0.34035825729370117 7311
1783099986253 0.35536494851112366 7312
1783099986257 0.3083294630050659 7313
1783099986261 0.4076762795448303 7314
1783099986266 0.42451733350753784 7315
1783099986271 0.30638307332992554 7316
1783099986275 0.36292359232902527 7317
1783099986278 0.33692383766174316 7318
1783099986281 0.35922771692276 7319
1783099986285 0.28749221563339233 7320
1783099986288 0.3713400959968567 7321
1783099986291 0.33892905712127686 7322
1783099986294 0.3756488859653473 7323
1783099986298 0.3076624572277069 7324
1783099986301 0.4290831685066223 7325
1783099986304 0.3304532468318939 7326
1783099986308 0.3350091278553009 7327
1783099986311 0.3426901698112488 7328
1783099986314 0.34124189615249634 7329
1783099986319 0.31091445684432983 7330
1783099986324 0.3699444532394409 7331
1783099986328 0.30021655559539795 7332
1783099986333 0.2949150800704956 7333
1783099986337 0.31073927879333496 7334
1783099986341 0.3670879006385803 7335
1783099986345 0.39394623041152954 7336
1783099986349 0.3942875564098358 7337
1783099986353 0.30290281772613525 7338
1783099986358 0.28705114126205444 7339
1783099986362 0.26341405510902405 7340
1783099986367 0.47545623779296875 7341
1783099986372 0.34376591444015503 7342
1783099986377 0.3345063030719757 7343
1783099986382 0.34751200675964355 7344
1783099986386 0.2915914058685303 7345
1783099986391 0.34664487838745117 7346
1783099986396 0.3908425569534302 7347
1783099986400 0.3669719994068146 7348
1783099986405 0.3688393235206604 7349
1783099986409 0.4074951410293579 7350
1783099986413 0.3626199960708618 7351
1783099986418 0.42222878336906433 7352
1783099986423 0.3540036976337433 7353
1783099986428 0.3752380609512329 7354
1783099986433 0.3034740686416626 7355
1783099986438 0.310526579618454 7356
1783099986443 0.33411675691604614 7357
1783099986447 0.36261144280433655 7358
1783099986451 0.4133152365684509 7359
1783099986456 0.3334105610847473 7360
1783099986460 0.4069713354110718 7361
1783099986464 0.3756645619869232 7362
1783099986468 0.30359789729118347 7363
1783099986472 0.36569324135780334 7364
1783099986476 0.38075053691864014 7365
1783099986481 0.3587593138217926 7366
1783099986485 0.26701778173446655 7367
1783099986490 0.4770200252532959 7368
1783099986494 0.32979172468185425 7369
1783099986498 0.3627336025238037 7370
1783099986502 0.41618672013282776 7371
1783099986507 0.4149618148803711 7372
1783099986511 0.39875778555870056 7373
1783099986515 0.34970492124557495 7374
1783099986519 0.3483542203903198 7375
1783099986523 0.3221362829208374 7376
1783099986527 0.38010525703430176 7377
1783099986532 0.36786574125289917 7378
1783099986537 0.2922667860984802 7379
1783099986542 0.2972359359264374 7380
1783099986549 0.36572861671447754 7381
1783099986554 0.2477894425392151 7382
1783099986559 0.308076947927475 7383
1783099986564 0.40360599756240845 7384
1783099986570 0.37948906421661377 7385
1783099986575 0.3777821660041809 7386
1783099986580 0.3540017008781433 7387
1783099986583 0.34271925687789917 7388
1783099986588 0.3724864423274994 7389
1783099986593 0.4101066589355469 7390
1783099986599 0.35996606945991516 7391
1783099986604 0.2891041040420532 7392
1783099986609 0.3464089035987854 7393
1783099986613 0.4065147042274475 7394
1783099986618 0.3077128529548645 7395
1783099986622 0.29133689403533936 7396
1783099986627 0.2855757474899292 7397
1783099986632 0.37590423226356506 7398
1783099986637 0.37344756722450256 7399
1783099986642 0.33952775597572327 7400
1783099986646 0.34716397523880005 7401
1783099986651 0.39248132705688477 7402
1783099986655 0.4105303883552551 7403
1783099986660 0.33488929271698 7404
1783099986664 0.33303236961364746 7405
1783099986668 0.37231743335723877 7406
1783099986673 0.3720839023590088 7407
1783099986677 0.3697836995124817 7408
1783099986682 0.34013622999191284 7409
1783099986687 0.3128092288970947 7410
1783099986691 0.36415359377861023 7411
1783099986696 0.38727545738220215 7412
1783099986700 0.32200849056243896 7413
1783099986704 0.33741259574890137 7414
1783099986708 0.35054418444633484 7415
1783099986713 0.3922584652900696 7416
1783099986717 0.3538576662540436 7417
1783099986721 0.3937390446662903 7418
1783099986725 0.32430559396743774 7419
1783099986729 0.32062864303588867 7420
1783099986734 0.2994449734687805 7421
1783099986738 0.3717183470726013 7422
1783099986743 0.31319916248321533 7423
1783099986747 0.35234224796295166 7424
1783099986751 0.3710557222366333 7425
1783099986755 0.34580790996551514 7426
1783099986760 0.2987382411956787 7427
1783099986764 0.28150832653045654 7428
1783099986768 0.3709867298603058 7429
1783099986772 0.4071127772331238 7430
1783099986777 0.37381336092948914 7431
1783099986782 0.3696835935115814 7432
1783099986787 0.33722591400146484 7433
1783099986792 0.30380022525787354 7434
1783099986796 0.4423574209213257 7435
1783099986801 0.3786330819129944 7436
1783099986806 0.35770100355148315 7437
1783099986810 0.3634244501590729 7438
1783099986815 0.41429996490478516 7439
1783099986819 0.31451594829559326 7440
1783099986823 0.4209105968475342 7441
1783099986828 0.411080539226532 7442
1783099986832 0.43903183937072754 7443
1783099986836 0.4087325930595398 7444
1783099986839 0.36726778745651245 7445
1783099986843 0.37541186809539795 7446
1783099986846 0.39216384291648865 7447
1783099986849 0.42885223031044006 7448
1783099986853 0.35341596603393555 7449
1783099986856 0.3541485667228699 7450
1783099986859 0.33926644921302795 7451
1783099986862 0.4069597125053406 7452
1783099986866 0.34283745288848877 7453
1783099986869 0.39180639386177063 7454
1783099986873 0.3640766441822052 7455
1783099986878 0.3556176424026489 7456
1783099986883 0.35457614064216614 7457
1783099986888 0.35389208793640137 7458
1783099986893 0.33769887685775757 7459
1783099986898 0.3757801651954651 7460
1783099986903 0.33396369218826294 7461
1783099986915 0.3765028715133667 7462
1783099986920 0.2855267822742462 7463
1783099986925 0.3564683198928833 7464
1783099986930 0.31176868081092834 7465
1783099986936 0.4142106771469116 7466
1783099986941 0.33414724469184875 7467
1783099986946 0.3386971354484558 7468
1783099986951 0.32543718814849854 7469
1783099986955 0.38790786266326904 7470
1783099986959 0.3320167362689972 7471
1783099986964 0.3344876170158386 7472
1783099986968 0.33700454235076904 7473
1783099986972 0.33538177609443665 7474
1783099986976 0.37103214859962463 7475
1783099986980 0.3366355001926422 7476
1783099986985 0.41081923246383667 7477
1783099986990 0.35380637645721436 7478
1783099986995 0.311600923538208 7479
1783099986999 0.3645457327365875 7480
1783099987003 0.3137885630130768 7481
1783099987007 0.3857315182685852 7482
1783099987011 0.3084101378917694 7483
1783099987014 0.2889717221260071 7484
1783099987017 0.3479934334754944 7485
1783099987020 0.308249294757843 7486
1783099987024 0.36807453632354736 7487
1783099987027 0.3234589695930481 7488
1783099987030 0.3280559182167053 7489
1783099987033 0.290070116519928 7490
1783099987038 0.39691588282585144 7491
1783099987042 0.3213719129562378 7492
1783099987046 0.3719232380390167 7493
1783099987050 0.312102735042572 7494
1783099987056 0.3299022912979126 7495
1783099987297 0.32482343912124634 7496
1783099987301 0.3449557423591614 7497
1783099987305 0.3096923828125 7498
1783099987309 0.30284515023231506 7499
1783099987312 0.31857627630233765 7500
1783099987315 0.3096616268157959 7501
1783099987318 0.3365568518638611 7502
1783099987322 0.2992236018180847 7503
1783099987325 0.30149582028388977 7504
1783099987328 0.32690635323524475 7505
1783099987331 0.2988472580909729 7506
1783099987334 0.3394510746002197 7507
1783099987337 0.4120153784751892 7508
1783099987340 0.2813764214515686 7509
1783099987343 0.4046786427497864 7510
1783099987348 0.3489549160003662 7511
1783099987353 0.2626146972179413 7512
1783099987357 0.2906632125377655 7513
1783099987361 0.3366406559944153 7514
1783099987365 0.3572172522544861 7515
1783099987369 0.4368789792060852 7516
1783099987374 0.33854758739471436 7517
1783099987379 0.3671412467956543 7518
1783099987382 0.3141816258430481 7519
1783099987385 0.3225453197956085 7520
1783099987390 0.30815231800079346 7521
1783099987393 0.310882568359375 7522
1783099987397 0.2638125419616699 7523
1783099987400 0.35219109058380127 7524
1783099987403 0.36472105979919434 7525
1783099987406 0.3521384000778198 7526
1783099987410 0.2911818027496338 7527
1783099987413 0.35878902673721313 7528
1783099987416 0.3578169047832489 7529
1783099987420 0.31487059593200684 7530
1783099987425 0.3398551344871521 7531
1783099987429 0.3252617418766022 7532
1783099987433 0.34687119722366333 7533
1783099987437 0.3199189305305481 7534
1783099987441 0.3233335018157959 7535
1783099987446 0.28050124645233154 7536
1783099987449 0.32507598400115967 7537
1783099987453 0.2998273968696594 7538
1783099987457 0.2567448616027832 7539
1783099987461 0.3803301155567169 7540
1783099987465 0.3352707028388977 7541
1783099987469 0.2843039631843567 7542
1783099987473 0.34683066606521606 7543
1783099987477 0.30588552355766296 7544
1783099987480 0.30825695395469666 7545
1783099987483 0.2667320966720581 7546
1783099987486 0.3032647967338562 7547
1783099987489 0.3827841877937317 7548
1783099987492 0.2748819589614868 7549
1783099987495 0.3409233093261719 7550
1783099987499 0.2975243926048279 7551
1783099987502 0.34173816442489624 7552
1783099987505 0.27833110094070435 7553
1783099987508 0.23587745428085327 7554
1783099987511 0.29418522119522095 7555
1783099987514 0.32861483097076416 7556
1783099987517 0.2637407183647156 7557
1783099987522 0.3082784414291382 7558
1783099987526 0.27463018894195557 7559
1783099987530 0.3048288822174072 7560
1783099987533 0.27740544080734253 7561
1783099987536 0.3342108726501465 7562
1783099987539 0.27358025312423706 7563
1783099987542 0.2727070450782776 7564
1783099987545 0.26277974247932434 7565
1783099987548 0.30633023381233215 7566
1783099987551 0.3057011365890503 7567
1783099987554 0.2914784252643585 7568
1783099987557 0.31012558937072754 7569
1783099987560 0.2797195315361023 7570
1783099987564 0.28481316566467285 7571
1783099987568 0.26857325434684753 7572
1783099987572 0.2706701159477234 7573
1783099987576 0.28441452980041504 7574
1783099987580 0.271473228931427 7575
1783099987583 0.2699456810951233 7576
1783099987586 0.30358660221099854 7577
1783099987589 0.2882830500602722 7578
1783099987594 0.3228870928287506 7579
1783099987599 0.3155657947063446 7580
1783099987604 0.29093417525291443 7581
1783099987610 0.28696027398109436 7582
1783099987615 0.2881414592266083 7583
1783099987621 0.29237276315689087 7584
1783099987628 0.3106868267059326 7585
1783099987635 0.29519549012184143 7586
1783099987639 0.31005293130874634 7587
1783099987644 0.305240660905838 7588
1783099987648 0.24041813611984253 7589
1783099987652 0.30545732378959656 7590
1783099987656 0.27516138553619385 7591
1783099987660 0.30360132455825806 7592
1783099987663 0.3107888698577881 7593
1783099987667 0.3074091374874115 7594
1783099987671 0.30708885192871094 7595
1783099987674 0.27063196897506714 7596
1783099987679 0.33239680528640747 7597
1783099987683 0.29440754652023315 7598
1783099987687 0.26548290252685547 7599
1783099987691 0.32617515325546265 7600
1783099987695 0.27689021825790405 7601
1783099987700 0.24017442762851715 7602
1783099987704 0.2737675905227661 7603
1783099987708 0.276822954416275 7604
1783099987713 0.29632648825645447 7605
1783099987717 0.2697673439979553 7606
1783099987721 0.24104461073875427 7607
1783099987725 0.27910956740379333 7608
1783099987729 0.3452099561691284 7609
1783099987733 0.32915395498275757 7610
1783099987737 0.30495381355285645 7611
1783099987741 0.3052018880844116 7612
1783099987745 0.30459919571876526 7613
1783099987749 0.3335006833076477 7614
1783099987754 0.2851404547691345 7615
1783099987758 0.3364487290382385 7616
1783099987761 0.3482341170310974 7617
1783099987765 0.2966611981391907 7618
1783099987769 0.2599247992038727 7619
1783099987773 0.29200518131256104 7620
1783099987777 0.298320472240448 7621
1783099987781 0.25760000944137573 7622
1783099987786 0.27561596035957336 7623
1783099987790 0.29953932762145996 7624
1783099987795 0.2259511649608612 7625
1783099987800 0.29946839809417725 7626
1783099987805 0.28573521971702576 7627
1783099987812 0.3273758292198181 7628
1783099987817 0.22757115960121155 7629
1783099987823 0.28739944100379944 7630
1783099987829 0.2698218524456024 7631
1783099987834 0.23894116282463074 7632
1783099987838 0.27705633640289307 7633
1783099987843 0.28866276144981384 7634
1783099987848 0.2793285846710205 7635
1783099987852 0.30112147331237793 7636
1783099987856 0.26398468017578125 7637
1783099987860 0.3578755855560303 7638
1783099987864 0.28278473019599915 7639
1783099987868 0.24472539126873016 7640
1783099987872 0.2299337089061737 7641
1783099987877 0.27809059619903564 7642
1783099987881 0.2772165834903717 7643
1783099987885 0.2502595782279968 7644
1783099987890 0.2614465057849884 7645
1783099987894 0.2960294783115387 7646
1783099987898 0.30665668845176697 7647
1783099987902 0.2847633361816406 7648
1783099987906 0.2801908254623413 7649
1783099987910 0.25775355100631714 7650
1783099987914 0.30636781454086304 7651
1783099987918 0.2610965967178345 7652
1783099987922 0.31185099482536316 7653
1783099987926 0.32768866419792175 7654
1783099987929 0.33719468116760254 7655
1783099987934 0.2594508230686188 7656
1783099987938 0.2720637917518616 7657
1783099987942 0.23515310883522034 7658
1783099987946 0.2541046142578125 7659
1783099987950 0.29098618030548096 7660
1783099987953 0.26162126660346985 7661
1783099987956 0.27741116285324097 7662
1783099987959 0.3017304241657257 7663
1783099987962 0.30766332149505615 7664
1783099987965 0.2791673541069031 7665
1783099987968 0.2900238633155823 7666
1783099987971 0.259407639503479 7667
1783099987974 0.26386186480522156 7668
1783099987977 0.2871108651161194 7669
1783099987981 0.3027857542037964 7670
1783099987985 0.25352227687835693 7671
1783099987989 0.28569668531417847 7672
1783099987993 0.29543742537498474 7673
1783099987998 0.24980363249778748 7674
1783099988002 0.27038639783859253 7675
1783099988006 0.2689710855484009 7676
1783099988010 0.2648395299911499 7677
1783099988014 0.2854132056236267 7678
1783099988018 0.29525819420814514 7679
1783099988022 0.33672845363616943 7680
1783099988026 0.3192383944988251 7681
1783099988030 0.31287509202957153 7682
1783099988035 0.23524358868598938 7683
1783099988039 0.25192320346832275 7684
1783099988043 0.2748416066169739 7685
1783099988047 0.2663135528564453 7686
1783099988051 0.2603819966316223 7687
1783099988055 0.3150215744972229 7688
1783099988059 0.27269360423088074 7689
1783099988063 0.217515766620636 7690
1783099988067 0.26055780053138733 7691
1783099988071 0.28112027049064636 7692
1783099988075 0.31392329931259155 7693
1783099988078 0.28026729822158813 7694
1783099988082 0.28504836559295654 7695
1783099988086 0.23570677638053894 7696
1783099988091 0.24003267288208008 7697
1783099988095 0.2631727159023285 7698
1783099988098 0.29357320070266724 7699
1783099988102 0.2649935483932495 7700
1783099988106 0.2513180375099182 7701
1783099988110 0.26732391119003296 7702
1783099988114 0.23641455173492432 7703
1783099988118 0.29150837659835815 7704
1783099988122 0.2632312774658203 7705
1783099988125 0.28375810384750366 7706
1783099988129 0.30902206897735596 7707
1783099988133 0.27965450286865234 7708
1783099988137 0.30964386463165283 7709
1783099988141 0.26383575797080994 7710
1783099988145 0.2620791792869568 7711
1783099988148 0.24627986550331116 7712
1783099988151 0.28625136613845825 7713
1783099988154 0.2356058657169342 7714
1783099988157 0.2691485583782196 7715
1783099988161 0.26459628343582153 7716
1783099988165 0.25092631578445435 7717
1783099988169 0.24887363612651825 7718
1783099988172 0.25730228424072266 7719
1783099988176 0.28302669525146484 7720
1783099988180 0.28099313378334045 7721
1783099988184 0.26294398307800293 7722
1783099988188 0.26717284321784973 7723
1783099988193 0.29361391067504883 7724
1783099988196 0.2887638807296753 7725
1783099988200 0.25181448459625244 7726
1783099988204 0.23480062186717987 7727
1783099988208 0.3048093914985657 7728
1783099988217 0.28015559911727905 7729
1783099988220 0.28042808175086975 7730
1783099988224 0.25074195861816406 7731
1783099988228 0.2925419211387634 7732
1783099988232 0.25867873430252075 7733
1783099988236 0.25957366824150085 7734
1783099988240 0.22141596674919128 7735
1783099988244 0.2857416570186615 7736
1783099988248 0.23461544513702393 7737
1783099988252 0.2855856418609619 7738
1783099988256 0.29762566089630127 7739
1783099988260 0.27148258686065674 7740
1783099988264 0.23119956254959106 7741
1783099988268 0.26315492391586304 7742
1783099988271 0.2709972560405731 7743
1783099988275 0.25126588344573975 7744
1783099988279 0.2900145947933197 7745
1783099988283 0.2883972227573395 7746
1783099988287 0.2463606297969818 7747
1783099988291 0.29379427433013916 7748
1783099988295 0.2970085144042969 7749
1783099988299 0.25850188732147217 7750
1783099988303 0.26836416125297546 7751
1783099988307 0.28523099422454834 7752
1783099988311 0.2542518675327301 7753
1783099988314 0.30606353282928467 7754
1783099988318 0.28896939754486084 7755
1783099988322 0.30214396119117737 7756
1783099988326 0.3065533936023712 7757
1783099988330 0.25225621461868286 7758
1783099988334 0.23942086100578308 7759
1783099988337 0.28650587797164917 7760
1783099988340 0.3086036443710327 7761
1783099988343 0.24487920105457306 7762
1783099988346 0.2802217900753021 7763
1783099988349 0.2816292643547058 7764
1783099988352 0.2558786869049072 7765
1783099988355 0.2857343852519989 7766
1783099988358 0.323093056678772 7767
1783099988361 0.27455782890319824 7768
1783099988365 0.27242517471313477 7769
1783099988369 0.2948964238166809 7770
1783099988373 0.27061963081359863 7771
1783099988377 0.26110613346099854 7772
1783099988382 0.25324922800064087 7773
1783099988386 0.22553090751171112 7774
1783099988390 0.27527448534965515 7775
1783099988394 0.2740878462791443 7776
1783099988397 0.27471959590911865 7777
1783099988401 0.3091256022453308 7778
1783099988405 0.23542527854442596 7779
1783099988409 0.3081325590610504 7780
1783099988412 0.2787746787071228 7781
1783099988416 0.2616824209690094 7782
1783099988420 0.25550389289855957 7783
1783099988424 0.290446400642395 7784
1783099988428 0.2638343572616577 7785
1783099988432 0.2620287239551544 7786
1783099988436 0.26781755685806274 7787
1783099988441 0.2564885914325714 7788
1783099988445 0.3605205714702606 7789
1783099988449 0.2354750633239746 7790
1783099988452 0.30706167221069336 7791
1783099988456 0.3205333948135376 7792
1783099988460 0.30704864859580994 7793
1783099988464 0.29592934250831604 7794
1783099988468 0.3093056082725525 7795
1783099988471 0.2461272031068802 7796
1783099988475 0.3010157346725464 7797
1783099988479 0.31784185767173767 7798
1783099988483 0.2873117923736572 7799
1783099988487 0.3289112150669098 7800
1783099988491 0.27475202083587646 7801
1783099988496 0.21878501772880554 7802
1783099988500 0.2679715156555176 7803
1783099988504 0.26027369499206543 7804
1783099988508 0.3052369952201843 7805
1783099988512 0.2743545472621918 7806
1783099988516 0.26724299788475037 7807
1783099988520 0.3447526693344116 7808
1783099988524 0.2546808421611786 7809
1783099988527 0.29202672839164734 7810
1783099988531 0.2957625985145569 7811
1783099988535 0.2585538625717163 7812
1783099988539 0.2562452554702759 7813
1783099988544 0.25662896037101746 7814
1783099988548 0.25674474239349365 7815
1783099988552 0.2901889681816101 7816
1783099988556 0.25700104236602783 7817
1783099988560 0.270849347114563 7818
1783099988563 0.27380287647247314 7819
1783099988567 0.2758620083332062 7820
1783099988571 0.27983370423316956 7821
1783099988575 0.23804058134555817 7822
1783099988579 0.24648910760879517 7823
1783099988583 0.2944023907184601 7824
1783099988587 0.28615760803222656 7825
1783099988591 0.30195558071136475 7826
1783099988595 0.27717188000679016 7827
1783099988599 0.2717909812927246 7828
1783099988603 0.30995452404022217 7829
1783099988607 0.2908014953136444 7830
1783099988611 0.27206459641456604 7831
1783099988615 0.27872729301452637 7832
1783099988619 0.2959136664867401 7833
1783099988623 0.2684295177459717 7834
1783099988627 0.30701905488967896 7835
1783099988631 0.316135972738266 7836
1783099988634 0.2465861737728119 7837
1783099988638 0.2966070771217346 7838
1783099988642 0.2922554612159729 7839
1783099988645 0.3050006031990051 7840
1783099988648 0.2704644203186035 7841
1783099988651 0.2763326168060303 7842
1783099988654 0.26901572942733765 7843
1783099988657 0.2582555413246155 7844
1783099988660 0.2509373426437378 7845
1783099988663 0.31682926416397095 7846
1783099988666 0.2697535753250122 7847
1783099988670 0.2401684671640396 7848
1783099988673 0.27114129066467285 7849
1783099988675 0.3107531666755676 7850
1783099988678 0.2713988721370697 7851
1783099988681 0.26676300168037415 7852
1783099988685 0.274843692779541 7853
1783099988690 0.2692994177341461 7854
1783099988693 0.28064829111099243 7855
1783099988696 0.28211522102355957 7856
1783099988700 0.2596515417098999 7857
1783099988703 0.26098984479904175 7858
1783099988706 0.2876741886138916 7859
1783099988709 0.28279760479927063 7860
1783099988712 0.2589973211288452 7861
1783099988715 0.34437859058380127 7862
1783099988718 0.2549290657043457 7863
1783099988721 0.25487667322158813 7864
1783099988724 0.2921558916568756 7865
1783099988727 0.27577173709869385 7866
1783099988730 0.25181812047958374 7867
1783099988733 0.2831862270832062 7868
1783099988737 0.31135013699531555 7869
1783099988742 0.22660857439041138 7870
1783099988746 0.3056151866912842 7871
1783099988749 0.2983914017677307 7872
1783099988753 0.302163302898407 7873
1783099988757 0.28317269682884216 7874
1783099988761 0.3132132291793823 7875
1783099988765 0.2737613916397095 7876
1783099988769 0.2753656506538391 7877
1783099988772 0.27708518505096436 7878
1783099988776 0.30083394050598145 7879
1783099988780 0.2793974280357361 7880
1783099988784 0.25714200735092163 7881
1783099988788 0.2973201274871826 7882
1783099988793 0.21821825206279755 7883
1783099988797 0.2921849191188812 7884
1783099988801 0.266568660736084 7885
1783099988805 0.2724705636501312 7886
1783099988808 0.2725538909435272 7887
1783099988812 0.3254549503326416 7888
1783099988816 0.29199159145355225 7889
1783099988820 0.2851249575614929 7890
1783099988824 0.28334856033325195 7891
1783099988828 0.2751322388648987 7892
1783099988832 0.30482396483421326 7893
1783099988836 0.27279365062713623 7894
1783099988840 0.2679697275161743 7895
1783099988845 0.23048681020736694 7896
1783099988849 0.2723119854927063 7897
1783099988852 0.2836245894432068 7898
1783099988856 0.27233949303627014 7899
1783099988860 0.2079443335533142 7900
1783099988865 0.26285651326179504 7901
1783099988869 0.23697559535503387 7902
1783099988873 0.29032617807388306 7903
1783099988877 0.2513194978237152 7904
1783099988882 0.262209951877594 7905
1783099988887 0.28687018156051636 7906
1783099988891 0.2574465274810791 7907
1783099988895 0.2618858218193054 7908
1783099988899 0.27815574407577515 7909
1783099988903 0.3268160820007324 7910
1783099988907 0.30132797360420227 7911
1783099988911 0.2845246195793152 7912
1783099988915 0.26754432916641235 7913
1783099988919 0.2317781299352646 7914
1783099988922 0.31258833408355713 7915
1783099988926 0.20981541275978088 7916
1783099988930 0.26558253169059753 7917
1783099988934 0.259115993976593 7918
1783099988938 0.2857968211174011 7919
1783099988942 0.28422367572784424 7920
1783099988947 0.2673546075820923 7921
1783099988951 0.27802205085754395 7922
1783099988954 0.2560886740684509 7923
1783099988958 0.2730976343154907 7924
1783099988962 0.2860126495361328 7925
1783099988966 0.26628923416137695 7926
1783099988970 0.29655835032463074 7927
1783099988974 0.2775328755378723 7928
1783099988978 0.26455748081207275 7929
1783099988982 0.2976229190826416 7930
1783099988986 0.27642226219177246 7931
1783099988990 0.25930655002593994 7932
1783099988995 0.2814408540725708 7933
1783099988999 0.2928430736064911 7934
1783099989005 0.2970980405807495 7935
1783099989009 0.27896296977996826 7936
1783099989013 0.32731354236602783 7937
1783099989017 0.25472384691238403 7938
1783099989021 0.24261316657066345 7939
1783099989025 0.2779403328895569 7940
1783099989030 0.3177085816860199 7941
1783099989034 0.275052934885025 7942
1783099989038 0.20984674990177155 7943
1783099989042 0.22802695631980896 7944
1783099989047 0.2771836519241333 7945
1783099989051 0.2835613489151001 7946
1783099989055 0.2990603446960449 7947
1783099989059 0.2588294446468353 7948
1783099989063 0.2774972915649414 7949
1783099989067 0.2719936966896057 7950
1783099989071 0.2313784658908844 7951
1783099989075 0.2508343756198883 7952
1783099989079 0.27583935856819153 7953
1783099989082 0.3006487488746643 7954
1783099989086 0.30045008659362793 7955
1783099989091 0.2708234190940857 7956
1783099989095 0.2810608744621277 7957
1783099989099 0.28901979327201843 7958
1783099989103 0.28496837615966797 7959
1783099989107 0.23947417736053467 7960
1783099989111 0.28333333134651184 7961
1783099989115 0.25409144163131714 7962
1783099989119 0.26110535860061646 7963
1783099989123 0.24562980234622955 7964
1783099989127 0.22366297245025635 7965
1783099989131 0.22327914834022522 7966
1783099989135 0.2714799642562866 7967
1783099989139 0.27644383907318115 7968
1783099989143 0.2875819802284241 7969
1783099989147 0.27282774448394775 7970
1783099989151 0.2930334210395813 7971
1783099989155 0.23085415363311768 7972
1783099989159 0.2729645371437073 7973
1783099989162 0.29214760661125183 7974
1783099989166 0.25217893719673157 7975
1783099989170 0.232590913772583 7976
1783099989174 0.26886487007141113 7977
1783099989178 0.2688572406768799 7978
1783099989182 0.3175501227378845 7979
1783099989186 0.25465553998947144 7980
1783099989190 0.26209843158721924 7981
1783099989194 0.20678579807281494 7982
1783099989198 0.2912744879722595 7983
1783099989202 0.2729526460170746 7984
1783099989206 0.29674798250198364 7985
1783099989209 0.25165659189224243 7986
1783099989213 0.2510069012641907 7987
1783099989217 0.22492459416389465 7988
1783099989221 0.2866203784942627 7989
1783099989225 0.248602032661438 7990
1783099989228 0.22920575737953186 7991
1783099989233 0.2416442334651947 7992
1783099989237 0.26067352294921875 7993
1783099989241 0.30246174335479736 7994
1783099989244 0.2691681385040283 7995
1783099989248 0.2671443819999695 7996
1783099989252 0.2686164379119873 7997
1783099989256 0.2462420016527176 7998
1783099989260 0.2613077461719513 7999
1783099989264 0.22314569354057312 8000
1783099989267 0.249906986951828 8001
1783099989271 0.24362346529960632 8002
1783099989275 0.2517683506011963 8003
1783099989278 0.23211216926574707 8004
1783099989282 0.27433282136917114 8005
1783099989287 0.24644917249679565 8006
1783099989291 0.26990365982055664 8007
1783099989294 0.28614258766174316 8008
1783099989298 0.2418869584798813 8009
1783099989302 0.27500003576278687 8010
1783099989306 0.2638191878795624 8011
1783099989310 0.22838619351387024 8012
1783099989314 0.24265646934509277 8013
1783099989318 0.2813989520072937 8014
1783099989321 0.2644760012626648 8015
1783099989325 0.3182220757007599 8016
1783099989329 0.31583917140960693 8017
1783099989334 0.2828633189201355 8018
1783099989338 0.26571953296661377 8019
1783099989342 0.2169506996870041 8020
1783099989346 0.23966620862483978 8021
1783099989350 0.258342981338501 8022
1783099989354 0.25036749243736267 8023
1783099989358 0.22254616022109985 8024
1783099989362 0.21408239006996155 8025
1783099989366 0.25156170129776 8026
1783099989370 0.27575919032096863 8027
1783099989374 0.24637079238891602 8028
1783099989379 0.2561199367046356 8029
1783099989383 0.28196728229522705 8030
1783099989388 0.22623583674430847 8031
1783099989392 0.24038740992546082 8032
1783099989396 0.2524435520172119 8033
1783099989400 0.22812394797801971 8034
1783099989404 0.2700774669647217 8035
1783099989408 0.2491723746061325 8036
1783099989412 0.2580157518386841 8037
1783099989416 0.28972697257995605 8038
1783099989420 0.25772613286972046 8039
1783099989424 0.2662472128868103 8040
1783099989428 0.3100477159023285 8041
1783099989432 0.31447896361351013 8042
1783099989437 0.2732636332511902 8043
1783099989441 0.2997575104236603 8044
1783099989445 0.2509009540081024 8045
1783099989449 0.2564206123352051 8046
1783099989453 0.2630179822444916 8047
1783099989457 0.32426363229751587 8048
1783099989461 0.23681502044200897 8049
1783099989465 0.2700819671154022 8050
1783099989469 0.26231786608695984 8051
1783099989472 0.27065983414649963 8052
1783099989476 0.2722408175468445 8053
1783099989481 0.2366420030593872 8054
1783099989485 0.24977581202983856 8055
1783099989489 0.26187554001808167 8056
1783099989493 0.2294803112745285 8057
1783099989497 0.24821585416793823 8058
1783099989501 0.24217116832733154 8059
1783099989505 0.24472814798355103 8060
1783099989509 0.27328768372535706 8061
1783099989513 0.30789121985435486 8062
1783099989517 0.28302380442619324 8063
1783099989520 0.24257008731365204 8064
1783099989523 0.25371986627578735 8065
1783099989526 0.24832622706890106 8066
1783099989531 0.2555426061153412 8067
1783099989535 0.2373393177986145 8068
1783099989538 0.2849199175834656 8069
1783099989542 0.25380414724349976 8070
1783099989546 0.2582565248012543 8071
1783099989550 0.25889769196510315 8072
1783099989554 0.2648513615131378 8073
1783099989558 0.28072065114974976 8074
1783099989561 0.3182341158390045 8075
1783099989565 0.23264983296394348 8076
1783099989569 0.24577370285987854 8077
1783099989573 0.2922835648059845 8078
1783099989577 0.22765177488327026 8079
1783099989581 0.27286988496780396 8080
1783099989585 0.2613751292228699 8081
1783099989589 0.2808689475059509 8082
1783099989593 0.2912895381450653 8083
1783099989596 0.27278780937194824 8084
1783099989600 0.257624089717865 8085
1783099989604 0.23833273351192474 8086
1783099989608 0.25658780336380005 8087
1783099989612 0.2905707359313965 8088
1783099989616 0.22793136537075043 8089
1783099989619 0.23135483264923096 8090
1783099989623 0.24654336273670197 8091
1783099989628 0.26091617345809937 8092
1783099989632 0.2403707355260849 8093
1783099989636 0.2556161880493164 8094
1783099989640 0.26849329471588135 8095
1783099989644 0.2719932794570923 8096
1783099989648 0.26295530796051025 8097
1783099989651 0.26062655448913574 8098
1783099989655 0.24013037979602814 8099
1783099989659 0.3182268738746643 8100
1783099989663 0.3092900514602661 8101
1783099989667 0.2825148105621338 8102
1783099989671 0.24984116852283478 8103
1783099989675 0.2584315538406372 8104
1783099989679 0.24609728157520294 8105
1783099989683 0.313304603099823 8106
1783099989685 0.2859598994255066 8107
1783099989688 0.2836146354675293 8108
1783099989691 0.2814420461654663 8109
1783099989694 0.274527907371521 8110
1783099989697 0.3067747950553894 8111
1783099989700 0.24702849984169006 8112
1783099989703 0.2489902377128601 8113
1783099989706 0.22748731076717377 8114
1783099989709 0.25588274002075195 8115
1783099989712 0.2585187256336212 8116
1783099989715 0.29308268427848816 8117
1783099989719 0.2652902603149414 8118
1783099989723 0.28515827655792236 8119
1783099989728 0.31257376074790955 8120
1783099989732 0.28228381276130676 8121
1783099989736 0.22545884549617767 8122
1783099989740 0.23207837343215942 8123
1783099989744 0.23097777366638184 8124
1783099989748 0.3038952946662903 8125
1783099989752 0.28684431314468384 8126
1783099989756 0.245319664478302 8127
1783099989760 0.2888624966144562 8128
1783099989764 0.23975497484207153 8129
1783099989767 0.265185683965683 8130
1783099989772 0.31599417328834534 8131
1783099989776 0.24037186801433563 8132
1783099989780 0.3166031837463379 8133
1783099989784 0.2516331970691681 8134
1783099989788 0.2567567825317383 8135
1783099989792 0.2922656536102295 8136
1783099989796 0.24839232861995697 8137
1783099989800 0.306590735912323 8138
1783099989804 0.2197173833847046 8139
1783099989808 0.2825038731098175 8140
1783099989812 0.28132468461990356 8141
1783099989816 0.24296122789382935 8142
1783099989820 0.26975375413894653 8143
1783099989824 0.25799664855003357 8144
1783099989828 0.250432550907135 8145
1783099989831 0.2821304500102997 8146
1783099989834 0.22616010904312134 8147
1783099989838 0.2955191731452942 8148
1783099989841 0.2935540974140167 8149
1783099989845 0.22826498746871948 8150
1783099989849 0.2603185176849365 8151
1783099989853 0.27779823541641235 8152
1783099989856 0.2804357409477234 8153
1783099989860 0.24351075291633606 8154
1783099989864 0.271260529756546 8155
1783099989869 0.27203914523124695 8156
1783099989874 0.30336081981658936 8157
1783099989877 0.2768223285675049 8158
1783099989881 0.3366171419620514 8159
1783099989885 0.2675739824771881 8160
1783099989889 0.3203055262565613 8161
1783099989893 0.2722321152687073 8162
1783099989897 0.26802071928977966 8163
1783099989901 0.286665678024292 8164
1783099989905 0.22596804797649384 8165
1783099989909 0.2694793939590454 8166
1783099989913 0.24562174081802368 8167
1783099989917 0.2872595191001892 8168
1783099989921 0.25769439339637756 8169
1783099989925 0.27102363109588623 8170
1783099989930 0.3060498833656311 8171
1783099989934 0.26773107051849365 8172
1783099989937 0.27369093894958496 8173
1783099989941 0.25289177894592285 8174
1783099989945 0.2822396159172058 8175
1783099989949 0.27145713567733765 8176
1783099989953 0.2811904549598694 8177
1783099989957 0.25950315594673157 8178
1783099989961 0.2567492127418518 8179
1783099989965 0.257125586271286 8180
1783099989969 0.24543963372707367 8181
1783099989974 0.2640998363494873 8182
1783099989978 0.23641754686832428 8183
1783099989982 0.2736499309539795 8184
1783099989986 0.22666099667549133 8185
1783099989990 0.2716410160064697 8186
1783099989994 0.2869686186313629 8187
1783099989998 0.2786773443222046 8188
1783099990003 0.26747560501098633 8189
1783099990007 0.24323613941669464 8190
1783099990012 0.24899223446846008 8191
1783099990016 0.29510775208473206 8192
1783099990021 0.2256915271282196 8193
1783099990025 0.2384779453277588 8194
1783099990030 0.26283109188079834 8195
1783099990034 0.270394504070282 8196
1783099990038 0.2464483082294464 8197
1783099990042 0.23088619112968445 8198
1783099990046 0.266346275806427 8199
1783099990050 0.28498125076293945 8200
1783099990054 0.2550216615200043 8201
1783099990058 0.259109228849411 8202
1783099990061 0.3039432168006897 8203
1783099990065 0.26515012979507446 8204
1783099990069 0.2882741093635559 8205
1783099990074 0.2841108441352844 8206
1783099990078 0.2961485981941223 8207
1783099990082 0.2539595365524292 8208
1783099990086 0.20664328336715698 8209
1783099990089 0.24722249805927277 8210
1783099990093 0.23061786592006683 8211
1783099990097 0.2589747905731201 8212
1783099990101 0.2767511010169983 8213
1783099990105 0.2636484205722809 8214
1783099990109 0.22974324226379395 8215
1783099990112 0.2582719922065735 8216
1783099990117 0.2163672000169754 8217
1783099990121 0.23755159974098206 8218
1783099990126 0.2905513048171997 8219
1783099990131 0.27536141872406006 8220
1783099990136 0.2511294484138489 8221
1783099990140 0.23986275494098663 8222
1783099990144 0.19982501864433289 8223
1783099990149 0.2758471965789795 8224
1783099990153 0.25610804557800293 8225
1783099990157 0.2866400480270386 8226
1783099990161 0.24731051921844482 8227
1783099990165 0.2706376314163208 8228
1783099990169 0.2977171540260315 8229
1783099990173 0.2300545871257782 8230
1783099990177 0.24224364757537842 8231
1783099990181 0.23192718625068665 8232
1783099990185 0.2517848312854767 8233
1783099990189 0.23213377594947815 8234
1783099990193 0.23969629406929016 8235
1783099990197 0.20834502577781677 8236
1783099990201 0.22975178062915802 8237
1783099990205 0.240528404712677 8238
1783099990208 0.2309589684009552 8239
1783099990212 0.2907262444496155 8240
1783099990216 0.22608539462089539 8241
1783099990219 0.2482134997844696 8242
1783099990223 0.2381753921508789 8243
1783099990227 0.2127397656440735 8244
1783099990231 0.265963613986969 8245
1783099990234 0.27317604422569275 8246
1783099990238 0.2935029864311218 8247
1783099990243 0.2601367235183716 8248
1783099990246 0.2947189211845398 8249
1783099990250 0.2504468262195587 8250
1783099990254 0.22012487053871155 8251
1783099990258 0.2369115650653839 8252
1783099990262 0.2606815695762634 8253
1783099990266 0.24527466297149658 8254
1783099990270 0.21717271208763123 8255
1783099990274 0.24272708594799042 8256
1783099990278 0.24862870573997498 8257
1783099990282 0.2178393006324768 8258
1783099990286 0.22597357630729675 8259
1783099990291 0.2177710235118866 8260
1783099990294 0.2574722468852997 8261
1783099990298 0.28839340806007385 8262
1783099990302 0.24456384778022766 8263
1783099990305 0.27115198969841003 8264
1783099990308 0.26083871722221375 8265
1783099990311 0.2490537315607071 8266
1783099990314 0.20085930824279785 8267
1783099990317 0.25206640362739563 8268
1783099990320 0.25491422414779663 8269
1783099990323 0.2730475068092346 8270
1783099990326 0.2419523298740387 8271
1783099990329 0.23880258202552795 8272
1783099990332 0.2691599130630493 8273
1783099990337 0.23712390661239624 8274
1783099990341 0.2131245732307434 8275
1783099990345 0.23963433504104614 8276
1783099990349 0.23512381315231323 8277
1783099990353 0.22988513112068176 8278
1783099990357 0.2721702456474304 8279
1783099990361 0.22444966435432434 8280
1783099990364 0.23768815398216248 8281
1783099990369 0.22541150450706482 8282
1783099990373 0.22573049366474152 8283
1783099990377 0.22536411881446838 8284
1783099990381 0.2673141360282898 8285
1783099990385 0.28102073073387146 8286
1783099990389 0.2221323549747467 8287
1783099990393 0.24547630548477173 8288
1783099990397 0.20781955122947693 8289
1783099990401 0.24051707983016968 8290
1783099990405 0.2186579406261444 8291
1783099990409 0.23226678371429443 8292
1783099990413 0.2488582730293274 8293
1783099990417 0.28399673104286194 8294
1783099990421 0.24284422397613525 8295
1783099990424 0.25542590022087097 8296
1783099990428 0.28818821907043457 8297
1783099990432 0.19409975409507751 8298
1783099990437 0.2541240453720093 8299
1783099990440 0.2672632932662964 8300
1783099990443 0.28180986642837524 8301
1783099990446 0.24972306191921234 8302
1783099990450 0.26886725425720215 8303
1783099990454 0.21573027968406677 8304
1783099990458 0.2212061583995819 8305
1783099990462 0.2553947865962982 8306
1783099990466 0.21342171728610992 8307
1783099990469 0.23201507329940796 8308
1783099990473 0.24044209718704224 8309
1783099990477 0.24970977008342743 8310
1783099990481 0.24378705024719238 8311
1783099990486 0.30259472131729126 8312
1783099990490 0.2535668611526489 8313
1783099990494 0.2301413118839264 8314
1783099990498 0.20837557315826416 8315
1783099990502 0.22582203149795532 8316
1783099990506 0.2259495109319687 8317
1783099990510 0.2568850815296173 8318
1783099990514 0.22772780060768127 8319
1783099990518 0.25611066818237305 8320
1783099990522 0.24212399125099182 8321
1783099990526 0.23002652823925018 8322
1783099990530 0.2637515664100647 8323
1783099990535 0.23075976967811584 8324
1783099990539 0.24671702086925507 8325
1783099990543 0.2424936145544052 8326
1783099990547 0.254472017288208 8327
1783099990551 0.2567642331123352 8328
1783099990555 0.2517383396625519 8329
1783099990559 0.25506412982940674 8330
1783099990563 0.21159183979034424 8331
1783099990567 0.24875354766845703 8332
1783099990571 0.2452402561903 8333
1783099990575 0.3015841245651245 8334
1783099990579 0.24164441227912903 8335
1783099990584 0.24168607592582703 8336
1783099990588 0.25787782669067383 8337
1783099990592 0.2799442410469055 8338
1783099990595 0.2604699730873108 8339
1783099990599 0.21517881751060486 8340
1783099990603 0.22799748182296753 8341
1783099990607 0.249120831489563 8342
1783099990610 0.24974161386489868 8343
1783099990614 0.2828511595726013 8344
1783099990618 0.26630517840385437 8345
1783099990622 0.31276077032089233 8346
1783099990626 0.24259309470653534 8347
1783099990630 0.24088406562805176 8348
1783099990634 0.23301848769187927 8349
1783099990636 0.22610360383987427 8350
1783099990639 0.2892470955848694 8351
1783099990642 0.2237471640110016 8352
1783099990645 0.24184352159500122 8353
1783099990648 0.25515836477279663 8354
1783099990651 0.2498546540737152 8355
1783099990654 0.2534087002277374 8356
1783099990657 0.2565827965736389 8357
1783099990660 0.24569404125213623 8358
1783099990663 0.29860690236091614 8359
1783099990666 0.25224363803863525 8360
1783099990671 0.2554859519004822 8361
1783099990676 0.23528414964675903 8362
1783099990681 0.1973128616809845 8363
1783099990685 0.20356455445289612 8364
1783099990689 0.24793536961078644 8365
1783099990693 0.27037519216537476 8366
1783099990696 0.2656257152557373 8367
1783099990700 0.231932133436203 8368
1783099990704 0.2283039391040802 8369
1783099990708 0.2251041680574417 8370
1783099990711 0.3003646731376648 8371
1783099990715 0.2331654131412506 8372
1783099990719 0.23053845763206482 8373
1783099990723 0.29083022475242615 8374
1783099990727 0.2709060311317444 8375
1783099990731 0.26392966508865356 8376
1783099990735 0.28428804874420166 8377
1783099990739 0.2298402637243271 8378
1783099990743 0.26826536655426025 8379
1783099990747 0.246529221534729 8380
1783099990751 0.23452609777450562 8381
1783099990755 0.20377704501152039 8382
1783099990758 0.23933722078800201 8383
1783099990762 0.25922486186027527 8384
1783099990766 0.2483484297990799 8385
1783099990770 0.24710184335708618 8386
1783099990774 0.27839353680610657 8387
1783099990778 0.25556933879852295 8388
1783099990782 0.22778457403182983 8389
1783099990786 0.21195733547210693 8390
1783099990790 0.26029011607170105 8391
1783099990794 0.2636772096157074 8392
1783099990798 0.21221429109573364 8393
1783099990802 0.25517475605010986 8394
1783099990805 0.23902186751365662 8395
1783099990809 0.2510230541229248 8396
1783099990813 0.23102720081806183 8397
1783099990817 0.2652219831943512 8398
1783099990821 0.23149964213371277 8399
1783099990825 0.28716620802879333 8400
1783099990829 0.21434441208839417 8401
1783099990833 0.24300503730773926 8402
1783099990837 0.25383418798446655 8403
1783099990841 0.29329371452331543 8404
1783099990845 0.2518211603164673 8405
1783099990849 0.23823365569114685 8406
1783099990853 0.27052542567253113 8407
1783099990856 0.20247845351696014 8408
1783099990860 0.2608439326286316 8409
1783099990865 0.2660760283470154 8410
1783099990871 0.25951889157295227 8411
1783099990877 0.2540051341056824 8412
1783099990883 0.25154435634613037 8413
1783099990889 0.25025510787963867 8414
1783099990895 0.26725247502326965 8415
1783099990900 0.2536553740501404 8416
1783099990906 0.24683347344398499 8417
1783099990912 0.25081390142440796 8418
1783099990917 0.25722840428352356 8419
1783099990922 0.25732821226119995 8420
1783099990928 0.2550003230571747 8421
1783099990934 0.303341269493103 8422
1783099990939 0.25353875756263733 8423
1783099990945 0.27262455224990845 8424
1783099990951 0.26189494132995605 8425
1783099990956 0.24421283602714539 8426
1783099990961 0.24962490797042847 8427
1783099990967 0.25508713722229004 8428
1783099990972 0.24543026089668274 8429
1783099990978 0.22758950293064117 8430
1783099990982 0.2306448519229889 8431
1783099990986 0.2646326422691345 8432
1783099991184 0.25228190422058105 8433
1783099991188 0.26390522718429565 8434
1783099991192 0.28935515880584717 8435
1783099991195 0.27408918738365173 8436
1783099991199 0.24375124275684357 8437
1783099991203 0.2949795424938202 8438
1783099991207 0.25605228543281555 8439
1783099991211 0.26442018151283264 8440
1783099991215 0.24992136657238007 8441
1783099991219 0.26242557168006897 8442
1783099991223 0.26954373717308044 8443
1783099991226 0.2683752477169037 8444
1783099991230 0.27096524834632874 8445
1783099991235 0.24150976538658142 8446
1783099991239 0.26170897483825684 8447
1783099991242 0.24429593980312347 8448
1783099991245 0.25711026787757874 8449
1783099991248 0.24996301531791687 8450
1783099991251 0.23432892560958862 8451
1783099991254 0.2533199191093445 8452
1783099991258 0.2204734832048416 8453
1783099991262 0.2326526790857315 8454
1783099991266 0.2712206542491913 8455
1783099991270 0.23630139231681824 8456
1783099991273 0.2792724370956421 8457
1783099991277 0.3009569048881531 8458
1783099991281 0.265334814786911 8459
1783099991285 0.2571569085121155 8460
1783099991288 0.2231648564338684 8461
1783099991292 0.2721725106239319 8462
1783099991296 0.2407623529434204 8463
1783099991299 0.266573041677475 8464
1783099991303 0.2719957232475281 8465
1783099991307 0.23152273893356323 8466
1783099991311 0.27664244174957275 8467
1783099991315 0.31542402505874634 8468
1783099991319 0.30754345655441284 8469
1783099991323 0.25567179918289185 8470
1783099991327 0.20348171889781952 8471
1783099991330 0.23942208290100098 8472
1783099991334 0.2772727608680725 8473
1783099991338 0.2312043160200119 8474
1783099991341 0.23670333623886108 8475
1783099991344 0.2683800756931305 8476
1783099991346 0.23012085258960724 8477
1783099991349 0.26460975408554077 8478
1783099991352 0.22342106699943542 8479
1783099991355 0.2557041645050049 8480
1783099991359 0.22198018431663513 8481
1783099991364 0.31351807713508606 8482
1783099991368 0.280507355928421 8483
1783099991372 0.23447413742542267 8484
1783099991376 0.2867351174354553 8485
1783099991380 0.30889156460762024 8486
1783099991384 0.21838578581809998 8487
1783099991388 0.3062560558319092 8488
1783099991392 0.2819477915763855 8489
1783099991396 0.23501449823379517 8490
1783099991400 0.2754497528076172 8491
1783099991404 0.22933334112167358 8492
1783099991408 0.26246851682662964 8493
1783099991413 0.20146557688713074 8494
1783099991416 0.23668444156646729 8495
1783099991419 0.2988954186439514 8496
1783099991422 0.24105800688266754 8497
1783099991425 0.2722959816455841 8498
1783099991428 0.27150678634643555 8499
1783099991431 0.28213953971862793 8500
1783099991434 0.26786306500434875 8501
1783099991437 0.3073810935020447 8502
1783099991441 0.2638973593711853 8503
1783099991444 0.2758796811103821 8504
1783099991448 0.22607821226119995 8505
1783099991452 0.26344525814056396 8506
1783099991456 0.2643027901649475 8507
1783099991460 0.2446443736553192 8508
1783099991464 0.2604212164878845 8509
1783099991468 0.24604424834251404 8510
1783099991472 0.29386448860168457 8511
1783099991476 0.2410031259059906 8512
1783099991480 0.2908881902694702 8513
1783099991484 0.2918359637260437 8514
1783099991488 0.27369534969329834 8515
1783099991492 0.24232083559036255 8516
1783099991496 0.2634040117263794 8517
1783099991500 0.26877886056900024 8518
1783099991504 0.2646646201610565 8519
1783099991508 0.29892849922180176 8520
1783099991513 0.24208825826644897 8521
1783099991517 0.2405688464641571 8522
1783099991521 0.23493081331253052 8523
1783099991525 0.2588772475719452 8524
1783099991529 0.2187352478504181 8525
1783099991533 0.29458409547805786 8526
1783099991537 0.2745199203491211 8527
1783099991541 0.22767865657806396 8528
1783099991543 0.25637349486351013 8529
1783099991547 0.24004308879375458 8530
1783099991550 0.25156116485595703 8531
1783099991553 0.2582824230194092 8532
1783099991556 0.24026942253112793 8533
1783099991561 0.27651187777519226 8534
1783099991565 0.25143036246299744 8535
1783099991569 0.2904846668243408 8536
1783099991573 0.2430415153503418 8537
1783099991576 0.239897221326828 8538
1783099991580 0.26113438606262207 8539
1783099991584 0.22736015915870667 8540
1783099991587 0.26128292083740234 8541
1783099991591 0.22050587832927704 8542
1783099991595 0.2288345992565155 8543
1783099991599 0.2648547291755676 8544
1783099991603 0.2691635191440582 8545
1783099991607 0.2567257881164551 8546
1783099991611 0.2719605565071106 8547
1783099991615 0.2673359513282776 8548
1783099991619 0.2108592391014099 8549
1783099991623 0.258235365152359 8550
1783099991627 0.28980305790901184 8551
1783099991630 0.2327260673046112 8552
1783099991634 0.21496471762657166 8553
1783099991638 0.2553243339061737 8554
1783099991642 0.21018493175506592 8555
1783099991646 0.2187289446592331 8556
1783099991649 0.24730134010314941 8557
1783099991654 0.2503550052642822 8558
1783099991658 0.25971081852912903 8559
1783099991662 0.2199251353740692 8560
1783099991666 0.2756885886192322 8561
1783099991670 0.24322736263275146 8562
1783099991674 0.20978054404258728 8563
1783099991678 0.2241540253162384 8564
1783099991681 0.2199668288230896 8565
1783099991685 0.24449372291564941 8566
1783099991689 0.24202845990657806 8567
1783099991693 0.2233947515487671 8568
1783099991697 0.2345077395439148 8569
1783099991701 0.23017174005508423 8570
1783099991704 0.2885945439338684 8571
1783099991709 0.22745348513126373 8572
1783099991713 0.25747427344322205 8573
1783099991717 0.1955297589302063 8574
1783099991721 0.2602904438972473 8575
1783099991725 0.2685621976852417 8576
1783099991728 0.23191790282726288 8577
1783099991732 0.2464703470468521 8578
1783099991736 0.25603872537612915 8579
1783099991740 0.23550459742546082 8580
1783099991744 0.2879960536956787 8581
1783099991748 0.2278822958469391 8582
1783099991752 0.23382820188999176 8583
1783099991756 0.2597768306732178 8584
1783099991760 0.2576945722103119 8585
1783099991764 0.2359706163406372 8586
1783099991768 0.27856940031051636 8587
1783099991771 0.20146986842155457 8588
1783099991773 0.2274266630411148 8589
1783099991776 0.22744719684123993 8590
1783099991779 0.27299803495407104 8591
1783099991782 0.22528377175331116 8592
1783099991785 0.24484440684318542 8593
1783099991788 0.19925090670585632 8594
1783099991791 0.21760472655296326 8595
1783099991794 0.28810447454452515 8596
1783099991798 0.22705194354057312 8597
1783099991801 0.2181386649608612 8598
1783099991805 0.2518799304962158 8599
1783099991809 0.23469969630241394 8600
1783099991814 0.2608191668987274 8601
1783099991818 0.2285498082637787 8602
1783099991822 0.2678605914115906 8603
1783099991826 0.22760087251663208 8604
1783099991830 0.2261347472667694 8605
1783099991834 0.29867488145828247 8606
1783099991838 0.23276494443416595 8607
1783099991842 0.2532343864440918 8608
1783099991846 0.24061059951782227 8609
1783099991850 0.23333632946014404 8610
1783099991853 0.23698222637176514 8611
1783099991857 0.2218571901321411 8612
1783099991862 0.2527487874031067 8613
1783099991867 0.20879247784614563 8614
1783099991871 0.22664913535118103 8615
1783099991876 0.23757854104042053 8616
1783099991880 0.22990116477012634 8617
1783099991884 0.1942465901374817 8618
1783099991888 0.23055940866470337 8619
1783099991892 0.21278409659862518 8620
1783099991897 0.2217363715171814 8621
1783099991901 0.26142627000808716 8622
1783099991905 0.2512110769748688 8623
1783099991909 0.20268946886062622 8624
1783099991913 0.2296140491962433 8625
1783099991917 0.22451671957969666 8626
1783099991920 0.20951250195503235 8627
1783099991923 0.2145281583070755 8628
1783099991926 0.22248101234436035 8629
1783099991929 0.21090298891067505 8630
1783099991932 0.22712621092796326 8631
1783099991935 0.21973347663879395 8632
1783099991938 0.2092181146144867 8633
1783099991941 0.24018752574920654 8634
1783099991944 0.19516798853874207 8635
1783099991947 0.17940190434455872 8636
1783099991950 0.193918377161026 8637
1783099991953 0.231697678565979 8638
1783099991956 0.2179766297340393 8639
1783099991960 0.22886916995048523 8640
1783099991970 0.22374682128429413 8641
1783099991974 0.22424334287643433 8642
1783099991978 0.20125925540924072 8643
1783099991982 0.22603633999824524 8644
1783099991986 0.20718443393707275 8645
1783099991990 0.23278139531612396 8646
1783099991995 0.2342473268508911 8647
1783099991999 0.20462968945503235 8648
1783099992004 0.21009571850299835 8649
1783099992008 0.2381928563117981 8650
1783099992013 0.21420027315616608 8651
1783099992018 0.21915920078754425 8652
1783099992023 0.18632632493972778 8653
1783099992028 0.2289549708366394 8654
1783099992032 0.23103022575378418 8655
1783099992036 0.22233597934246063 8656
1783099992040 0.22307635843753815 8657
1783099992044 0.24368715286254883 8658
1783099992048 0.18696153163909912 8659
1783099992052 0.18729352951049805 8660
1783099992056 0.20018771290779114 8661
1783099992060 0.23017150163650513 8662
1783099992064 0.19822007417678833 8663
1783099992069 0.24816536903381348 8664
1783099992073 0.18467020988464355 8665
1783099992077 0.20737628638744354 8666
1783099992081 0.21658208966255188 8667
1783099992085 0.23963208496570587 8668
1783099992089 0.2168210744857788 8669
1783099992093 0.1940462589263916 8670
1783099992097 0.20462340116500854 8671
1783099992101 0.18378432095050812 8672
1783099992105 0.19775792956352234 8673
1783099992109 0.21368858218193054 8674
1783099992113 0.22296327352523804 8675
1783099992118 0.17733800411224365 8676
1783099992122 0.21747326850891113 8677
1783099992126 0.1877049058675766 8678
1783099992130 0.22528234124183655 8679
1783099992134 0.21359723806381226 8680
1783099992138 0.21092522144317627 8681
1783099992142 0.23463839292526245 8682
1783099992146 0.19561755657196045 8683
1783099992150 0.20972448587417603 8684
1783099992154 0.16781920194625854 8685
1783099992158 0.1928004026412964 8686
1783099992162 0.2272663116455078 8687
1783099992167 0.18766355514526367 8688
1783099992171 0.21307918429374695 8689
1783099992175 0.19458138942718506 8690
1783099992179 0.22616909444332123 8691
1783099992183 0.20822054147720337 8692
1783099992187 0.19547340273857117 8693
1783099992192 0.21511000394821167 8694
1783099992196 0.21603983640670776 8695
1783099992200 0.18097610771656036 8696
1783099992204 0.1748645007610321 8697
1783099992208 0.20198403298854828 8698
1783099992212 0.20294511318206787 8699
1783099992217 0.21816465258598328 8700
1783099992221 0.17387761175632477 8701
1783099992225 0.17488765716552734 8702
1783099992229 0.1959139108657837 8703
1783099992233 0.20534998178482056 8704
1783099992237 0.20753347873687744 8705
1783099992241 0.19274619221687317 8706
1783099992245 0.1796528548002243 8707
1783099992249 0.18895259499549866 8708
1783099992253 0.21756774187088013 8709
1783099992257 0.18939870595932007 8710
1783099992262 0.2059740424156189 8711
1783099992266 0.20778903365135193 8712
1783099992270 0.2028317004442215 8713
1783099992275 0.17467734217643738 8714
1783099992279 0.20503894984722137 8715
1783099992283 0.19509151577949524 8716
1783099992287 0.17248699069023132 8717
1783099992291 0.19553881883621216 8718
1783099992295 0.19327354431152344 8719
1783099992299 0.18617700040340424 8720
1783099992303 0.17794185876846313 8721
1783099992307 0.1989934891462326 8722
1783099992311 0.16961340606212616 8723
1783099992315 0.17572161555290222 8724
1783099992320 0.17869457602500916 8725
1783099992323 0.21117544174194336 8726
1783099992327 0.22054976224899292 8727
1783099992331 0.17961567640304565 8728
1783099992335 0.22185495495796204 8729
1783099992338 0.18731701374053955 8730
1783099992341 0.18567538261413574 8731
1783099992344 0.17490732669830322 8732
1783099992347 0.17363394796848297 8733
1783099992350 0.17908062040805817 8734
1783099992353 0.1779114007949829 8735
1783099992356 0.19412365555763245 8736
1783099992359 0.19180452823638916 8737
1783099992363 0.20638826489448547 8738
1783099992368 0.1684303730726242 8739
1783099992372 0.18733416497707367 8740
1783099992376 0.21301433444023132 8741
1783099992380 0.1783849447965622 8742
1783099992384 0.19324471056461334 8743
1783099992388 0.17251572012901306 8744
1783099992392 0.19684071838855743 8745
1783099992396 0.17186817526817322 8746
1783099992400 0.18929767608642578 8747
1783099992403 0.17256048321723938 8748
1783099992407 0.1946496218442917 8749
1783099992412 0.18427622318267822 8750
1783099992416 0.19338233768939972 8751
1783099992421 0.18256108462810516 8752
1783099992424 0.18593436479568481 8753
1783099992428 0.20380330085754395 8754
1783099992432 0.20256690680980682 8755
1783099992436 0.15583553910255432 8756
1783099992440 0.19431206583976746 8757
1783099992443 0.20188674330711365 8758
1783099992447 0.1564922332763672 8759
1783099992451 0.18186503648757935 8760
1783099992455 0.19770371913909912 8761
1783099992458 0.21295565366744995 8762
1783099992462 0.18709731101989746 8763
1783099992467 0.21736814081668854 8764
1783099992471 0.20955848693847656 8765
1783099992474 0.1786603480577469 8766
1783099992478 0.17999674379825592 8767
1783099992482 0.1583370864391327 8768
1783099992486 0.1808980405330658 8769
1783099992490 0.18818452954292297 8770
1783099992493 0.19458550214767456 8771
1783099992497 0.18988972902297974 8772
1783099992501 0.1850224733352661 8773
1783099992505 0.19284605979919434 8774
1783099992508 0.15880808234214783 8775
1783099992513 0.20087222754955292 8776
1783099992517 0.19227635860443115 8777
1783099992521 0.19725069403648376 8778
1783099992524 0.16532713174819946 8779
1783099992528 0.1920756697654724 8780
1783099992532 0.19344958662986755 8781
1783099992536 0.18196281790733337 8782
1783099992540 0.18387317657470703 8783
1783099992544 0.21901732683181763 8784
1783099992547 0.18580028414726257 8785
1783099992551 0.17108827829360962 8786
1783099992555 0.18725433945655823 8787
1783099992559 0.1858792006969452 8788
1783099992563 0.21269261837005615 8789
1783099992568 0.20149171352386475 8790
1783099992571 0.1555720418691635 8791
1783099992574 0.21496833860874176 8792
1783099992577 0.19738951325416565 8793
1783099992580 0.20190484821796417 8794
1783099992583 0.18102112412452698 8795
1783099992586 0.19401417672634125 8796
1783099992589 0.17496156692504883 8797
1783099992592 0.15099170804023743 8798
1783099992595 0.20598043501377106 8799
1783099992598 0.21918633580207825 8800
1783099992601 0.1533086746931076 8801
1783099992604 0.18572968244552612 8802
1783099992607 0.24928918480873108 8803
1783099992611 0.1911834180355072 8804
1783099992616 0.23980146646499634 8805
1783099992620 0.19892480969429016 8806
1783099992624 0.17480990290641785 8807
1783099992628 0.17221525311470032 8808
1783099992631 0.20546026527881622 8809
1783099992635 0.22238965332508087 8810
1783099992639 0.2017025202512741 8811
1783099992643 0.21425922214984894 8812
1783099992647 0.19004946947097778 8813
1783099992651 0.1845652461051941 8814
1783099992654 0.20649468898773193 8815
1783099992658 0.20943662524223328 8816
1783099992663 0.22177964448928833 8817
1783099992667 0.19403919577598572 8818
1783099992671 0.21471115946769714 8819
1783099992675 0.18539242446422577 8820
1783099992678 0.17163845896720886 8821
1783099992682 0.14973025023937225 8822
1783099992686 0.20271895825862885 8823
1783099992690 0.18298301100730896 8824
1783099992694 0.18973234295845032 8825
1783099992697 0.1710682213306427 8826
1783099992702 0.2195402979850769 8827
1783099992705 0.1800665259361267 8828
1783099992708 0.21481946110725403 8829
1783099992711 0.1961781084537506 8830
1783099992714 0.18494492769241333 8831
1783099992717 0.1853829324245453 8832
1783099992721 0.17892417311668396 8833
1783099992725 0.16924989223480225 8834
1783099992729 0.17672057449817657 8835
1783099992732 0.18349725008010864 8836
1783099992736 0.22319713234901428 8837
1783099992740 0.18760308623313904 8838
1783099992744 0.1705247461795807 8839
1783099992748 0.2075851857662201 8840
1783099992752 0.1905457079410553 8841
1783099992756 0.1799502670764923 8842
1783099992760 0.1899447739124298 8843
1783099992764 0.1440884917974472 8844
1783099992768 0.20465517044067383 8845
1783099992772 0.1807149052619934 8846
1783099992776 0.20998230576515198 8847
1783099992780 0.22536763548851013 8848
1783099992784 0.24329528212547302 8849
1783099992788 0.21684673428535461 8850
1783099992791 0.1946394145488739 8851
1783099992795 0.17551180720329285 8852
1783099992799 0.21124973893165588 8853
1783099992803 0.20872418582439423 8854
1783099992808 0.17526717483997345 8855
1783099992811 0.1778971552848816 8856
1783099992814 0.18432888388633728 8857
1783099992817 0.20977149903774261 8858
1783099992820 0.2040080726146698 8859
1783099992823 0.17036479711532593 8860
1783099992826 0.19144955277442932 8861
1783099992829 0.19317841529846191 8862
1783099992832 0.18474897742271423 8863
1783099992835 0.19627046585083008 8864
1783099992838 0.19517958164215088 8865
1783099992841 0.19441428780555725 8866
1783099992844 0.22888970375061035 8867
1783099992847 0.1951771229505539 8868
1783099992851 0.16970953345298767 8869
1783099992856 0.20040363073349 8870
1783099992860 0.18197527527809143 8871
1783099992864 0.18690356612205505 8872
1783099992868 0.2043164074420929 8873
1783099992872 0.1792057603597641 8874
1783099992876 0.23153993487358093 8875
1783099992879 0.21092891693115234 8876
1783099992883 0.1784411072731018 8877
1783099992887 0.20694558322429657 8878
1783099992891 0.22956877946853638 8879
1783099992894 0.19110891222953796 8880
1783099992898 0.1875649094581604 8881
1783099992902 0.21632789075374603 8882
1783099992907 0.18945463001728058 8883
1783099992912 0.18378406763076782 8884
1783099992917 0.18399736285209656 8885
1783099992922 0.1773437261581421 8886
1783099992927 0.19652986526489258 8887
1783099992931 0.24962596595287323 8888
1783099992935 0.25164932012557983 8889
1783099992938 0.1997169554233551 8890
1783099992941 0.1983434110879898 8891
1783099992944 0.2194802463054657 8892
1783099992947 0.17644545435905457 8893
1783099992950 0.222446471452713 8894
1783099992953 0.2128201425075531 8895
1783099992956 0.20857520401477814 8896
1783099992959 0.20763349533081055 8897
1783099992962 0.20777055621147156 8898
1783099992965 0.18217453360557556 8899
1783099992968 0.22332525253295898 8900
1783099992971 0.19329386949539185 8901
1783099992974 0.18994487822055817 8902
1783099992978 0.225042462348938 8903
1783099992983 0.20543746650218964 8904
1783099992986 0.21604472398757935 8905
1783099992989 0.21453821659088135 8906
1783099992993 0.2063479721546173 8907
1783099992997 0.21282026171684265 8908
1783099993000 0.2803272008895874 8909
1783099993004 0.20453107357025146 8910
1783099993008 0.20515689253807068 8911
1783099993012 0.233147993683815 8912
1783099993016 0.20107442140579224 8913
1783099993020 0.2766096889972687 8914
1783099993023 0.267825722694397 8915
1783099993027 0.21102876961231232 8916
1783099993032 0.2332981526851654 8917
1783099993037 0.1838388442993164 8918
1783099993041 0.22112928330898285 8919
1783099993045 0.18488207459449768 8920
1783099993049 0.24315786361694336 8921
1783099993053 0.19117620587348938 8922
1783099993056 0.20601099729537964 8923
1783099993059 0.19648875296115875 8924
1783099993062 0.20132657885551453 8925
1783099993065 0.19280800223350525 8926
1783099993068 0.21572083234786987 8927
1783099993071 0.24013769626617432 8928
1783099993074 0.2141338437795639 8929
1783099993077 0.20612281560897827 8930
1783099993081 0.26799753308296204 8931
1783099993086 0.2031717747449875 8932
1783099993089 0.21333220601081848 8933
1783099993092 0.19283157587051392 8934
1783099993095 0.21076634526252747 8935
1783099993098 0.21606887876987457 8936
1783099993101 0.26859021186828613 8937
1783099993105 0.2165788859128952 8938
1783099993109 0.2344633787870407 8939
1783099993112 0.22041597962379456 8940
1783099993116 0.19333985447883606 8941
1783099993120 0.2253689467906952 8942
1783099993124 0.21477565169334412 8943
1783099993128 0.22370645403862 8944
1783099993132 0.2330973595380783 8945
1783099993136 0.21213221549987793 8946
1783099993139 0.22460490465164185 8947
1783099993142 0.20976579189300537 8948
1783099993145 0.2109784185886383 8949
1783099993148 0.18413715064525604 8950
1783099993151 0.22079220414161682 8951
1783099993154 0.24244266748428345 8952
1783099993157 0.20999109745025635 8953
1783099993160 0.2259271740913391 8954
1783099993163 0.22972312569618225 8955
1783099993166 0.2757890820503235 8956
1783099993169 0.2294081151485443 8957
1783099993172 0.20769865810871124 8958
1783099993175 0.1918783187866211 8959
1783099993178 0.2382853776216507 8960
1783099993182 0.2016279399394989 8961
1783099993187 0.22703227400779724 8962
1783099993191 0.23423273861408234 8963
1783099993195 0.27303674817085266 8964
1783099993198 0.2544120252132416 8965
1783099993202 0.21295328438282013 8966
1783099993206 0.28419119119644165 8967
1783099993209 0.28576403856277466 8968
1783099993213 0.2106027603149414 8969
1783099993216 0.23700053989887238 8970
1783099993219 0.2521320879459381 8971
1783099993222 0.2326734960079193 8972
1783099993224 0.25256699323654175 8973
1783099993228 0.23703117668628693 8974
1783099993233 0.22669698297977448 8975
1783099993243 0.23376119136810303 8976
1783099993246 0.2062321901321411 8977
1783099993249 0.26556336879730225 8978
1783099993252 0.23684139549732208 8979
1783099993255 0.20180311799049377 8980
1783099993258 0.18769967555999756 8981
1783099993261 0.26754072308540344 8982
1783099993264 0.24971351027488708 8983
1783099993267 0.22546687722206116 8984
1783099993270 0.23238065838813782 8985
1783099993273 0.23940148949623108 8986
1783099993277 0.24930967390537262 8987
1783099993280 0.2361333668231964 8988
1783099993285 0.20659539103507996 8989
1783099993289 0.2564437687397003 8990
1783099993292 0.25115370750427246 8991
1783099993296 0.21107053756713867 8992
1783099993299 0.264152854681015 8993
1783099993302 0.2081381380558014 8994
1783099993305 0.2136080116033554 8995
1783099993308 0.23937812447547913 8996
1783099993311 0.26731258630752563 8997
1783099993314 0.2646971642971039 8998
1783099993317 0.2013493925333023 8999
1783099993321 0.223160058259964 9000
1783099993324 0.2081838697195053 9001
1783099993327 0.2922075390815735 9002
1783099993330 0.24963107705116272 9003
1783099993334 0.21181218326091766 9004
1783099993338 0.24579492211341858 9005
1783099993342 0.22100578248500824 9006
1783099993346 0.21894243359565735 9007
1783099993349 0.2994292378425598 9008
1783099993352 0.2590009570121765 9009
1783099993355 0.282821923494339 9010
1783099993358 0.19932301342487335 9011
1783099993361 0.23927316069602966 9012
1783099993364 0.254505455493927 9013
1783099993367 0.24164564907550812 9014
1783099993371 0.2261386215686798 9015
1783099993375 0.22434335947036743 9016
1783099993378 0.2498100996017456 9017
1783099993381 0.26983821392059326 9018
1783099993385 0.28119200468063354 9019
1783099993390 0.2480383813381195 9020
1783099993395 0.18596792221069336 9021
1783099993399 0.2407941073179245 9022
1783099993403 0.24487727880477905 9023
1783099993407 0.23211276531219482 9024
1783099993411 0.2441769689321518 9025
1783099993415 0.23147724568843842 9026
1783099993418 0.21761983633041382 9027
1783099993422 0.2906900644302368 9028
1783099993426 0.20183555781841278 9029
1783099993430 0.23129236698150635 9030
1783099993434 0.22641682624816895 9031
1783099993438 0.2880999743938446 9032
1783099993442 0.20126646757125854 9033
1783099993446 0.21436884999275208 9034
1783099993449 0.2752707600593567 9035
1783099993453 0.28034377098083496 9036
1783099993456 0.2425927221775055 9037
1783099993459 0.20807094871997833 9038
1783099993462 0.2506260871887207 9039
1783099993465 0.20292189717292786 9040
1783099993468 0.27090585231781006 9041
1783099993471 0.20609843730926514 9042
1783099993474 0.21315427124500275 9043
1783099993477 0.22783245146274567 9044
1783099993480 0.2666947841644287 9045
1783099993483 0.25969016551971436 9046
1783099993486 0.23965486884117126 9047
1783099993490 0.24230945110321045 9048
1783099993495 0.24088028073310852 9049
1783099993499 0.2039169818162918 9050
1783099993503 0.3029003441333771 9051
1783099993506 0.24912706017494202 9052
1783099993509 0.2305784970521927 9053
1783099993512 0.2495202124118805 9054
1783099993514 0.24019107222557068 9055
1783099993518 0.23995643854141235 9056
1783099993521 0.21542833745479584 9057
1783099993523 0.2419975847005844 9058
1783099993526 0.24828079342842102 9059
1783099993530 0.24140027165412903 9060
1783099993535 0.27752453088760376 9061
1783099993541 0.20975898206233978 9062
1783099993547 0.25004810094833374 9063
1783099993553 0.22585396468639374 9064
1783099993557 0.20819295942783356 9065
1783099993561 0.2540780007839203 9066
1783099993564 0.28415894508361816 9067
1783099993567 0.2753289043903351 9068
1783099993570 0.2572551965713501 9069
1783099993573 0.2751017212867737 9070
1783099993576 0.2187199890613556 9071
1783099993579 0.2549254298210144 9072
1783099993582 0.23764924705028534 9073
1783099993585 0.2595953345298767 9074
1783099993588 0.22705891728401184 9075
1783099993591 0.25867387652397156 9076
1783099993594 0.2593972086906433 9077
1783099993597 0.2546330988407135 9078
1783099993600 0.23745018243789673 9079
1783099993605 0.2099221795797348 9080
1783099993609 0.21547189354896545 9081
1783099993612 0.24128764867782593 9082
1783099993615 0.2419494390487671 9083
1783099993618 0.2825591564178467 9084
1783099993621 0.26598653197288513 9085
1783099993624 0.26385030150413513 9086
1783099993627 0.2460276186466217 9087
1783099993630 0.23659756779670715 9088
1783099993633 0.21888849139213562 9089
1783099993636 0.2540137469768524 9090
1783099993639 0.29370567202568054 9091
1783099993642 0.23932784795761108 9092
1783099993645 0.25396060943603516 9093
1783099993648 0.25216546654701233 9094
1783099993653 0.2338188886642456 9095
1783099993658 0.17940928041934967 9096
1783099993664 0.23293378949165344 9097
1783099993669 0.2636985182762146 9098
1783099993673 0.27294260263442993 9099
1783099993677 0.2742399275302887 9100
1783099993680 0.26830345392227173 9101
1783099993683 0.23065602779388428 9102
1783099993687 0.261626660823822 9103
1783099993690 0.21859097480773926 9104
1783099993693 0.25128450989723206 9105
1783099993696 0.24522310495376587 9106
1783099993699 0.2915974259376526 9107
1783099993702 0.22990849614143372 9108
1783099993705 0.27374541759490967 9109
1783099993708 0.2843259572982788 9110
1783099993711 0.2511458694934845 9111
1783099993714 0.23063571751117706 9112
1783099993718 0.2103390395641327 9113
1783099993722 0.20595520734786987 9114
1783099993726 0.23407699167728424 9115
1783099993731 0.23926189541816711 9116
1783099993735 0.254241406917572 9117
1783099993738 0.24510487914085388 9118
1783099993742 0.2780799865722656 9119
1783099993746 0.22273525595664978 9120
1783099993750 0.24127578735351562 9121
1783099993755 0.24759778380393982 9122
1783099993758 0.21998411417007446 9123
1783099993762 0.21671032905578613 9124
1783099993766 0.23058682680130005 9125
1783099993771 0.1981743723154068 9126
1783099993775 0.23693060874938965 9127
1783099993780 0.2577255964279175 9128
1783099993784 0.28301119804382324 9129
1783099993788 0.28175902366638184 9130
1783099993792 0.24383686482906342 9131
1783099993796 0.27159303426742554 9132
1783099993800 0.23914721608161926 9133
1783099993804 0.2688968777656555 9134
1783099993808 0.23756709694862366 9135
1783099993812 0.255470871925354 9136
1783099993816 0.21020537614822388 9137
1783099993820 0.2625521719455719 9138
1783099993824 0.30854344367980957 9139
1783099993829 0.2638114094734192 9140
1783099993833 0.2294578105211258 9141
1783099993837 0.2860758304595947 9142
1783099993841 0.2457437813282013 9143
1783099993845 0.2569759488105774 9144
1783099993849 0.23268482089042664 9145
1783099993853 0.2553350329399109 9146
1783099993857 0.22814340889453888 9147
1783099993861 0.2452356368303299 9148
1783099993866 0.23841136693954468 9149
1783099993870 0.2775106132030487 9150
1783099993875 0.267276406288147 9151
1783099993879 0.21188372373580933 9152
1783099993883 0.23743346333503723 9153
1783099993886 0.29667186737060547 9154
1783099993889 0.25939643383026123 9155
1783099993892 0.25390151143074036 9156
1783099993895 0.28085100650787354 9157
1783099993898 0.24454204738140106 9158
1783099993901 0.23375236988067627 9159
1783099993904 0.24187536537647247 9160
1783099993908 0.2611304223537445 9161
1783099993911 0.20118725299835205 9162
1783099993914 0.21963870525360107 9163
1783099993917 0.2729005217552185 9164
1783099993920 0.23734229803085327 9165
1783099993925 0.20431765913963318 9166
1783099993930 0.2341940701007843 9167
1783099993933 0.22894300520420074 9168
1783099993936 0.2626683712005615 9169
1783099993939 0.2413012981414795 9170
1783099993942 0.2542472779750824 9171
1783099993946 0.24623516201972961 9172
1783099993949 0.26422804594039917 9173
1783099993952 0.25632643699645996 9174
1783099993955 0.23717725276947021 9175
1783099993958 0.21956822276115417 9176
1783099993961 0.2373250126838684 9177
1783099993964 0.24952615797519684 9178
1783099993968 0.21639123558998108 9179
1783099993972 0.2297234684228897 9180
1783099993977 0.2785659730434418 9181
1783099993980 0.26151299476623535 9182
1783099993984 0.2721048593521118 9183
1783099993988 0.3000110387802124 9184
1783099993992 0.29599517583847046 9185
1783099993996 0.24601301550865173 9186
1783099994000 0.2730897068977356 9187
1783099994004 0.2568867802619934 9188
1783099994009 0.23934021592140198 9189
1783099994014 0.23506146669387817 9190
1783099994018 0.2463681697845459 9191
1783099994023 0.25725269317626953 9192
1783099994026 0.2438770830631256 9193
1783099994030 0.23764610290527344 9194
1783099994033 0.2526441216468811 9195
1783099994036 0.22822727262973785 9196
1783099994039 0.23416531085968018 9197
1783099994042 0.2573031187057495 9198
1783099994046 0.24807792901992798 9199
1783099994049 0.2449454367160797 9200
1783099994052 0.27482670545578003 9201
1783099994055 0.26282164454460144 9202
1783099994058 0.267333984375 9203
1783099994061 0.25386911630630493 9204
1783099994064 0.23372383415699005 9205
1783099994069 0.2373913675546646 9206
1783099994073 0.2700611650943756 9207
1783099994077 0.2549813687801361 9208
1783099994080 0.2864323854446411 9209
1783099994083 0.28224891424179077 9210
1783099994086 0.29764726758003235 9211
1783099994089 0.264507919549942 9212
1783099994092 0.26265567541122437 9213
1783099994095 0.24200111627578735 9214
1783099994098 0.24276205897331238 9215
1783099994101 0.2198733687400818 9216
1783099994104 0.2574916481971741 9217
1783099994107 0.2711235284805298 9218
1783099994109 0.27342307567596436 9219
1783099994112 0.2709692120552063 9220
1783099994115 0.2765010595321655 9221
1783099994120 0.2655963897705078 9222
1783099994124 0.28422462940216064 9223
1783099994127 0.27590715885162354 9224
1783099994130 0.2366851568222046 9225
1783099994133 0.2176688015460968 9226
1783099994136 0.2616760730743408 9227
1783099994139 0.27748531103134155 9228
1783099994142 0.2553112506866455 9229
1783099994145 0.25410014390945435 9230
1783099994148 0.24991509318351746 9231
1783099994151 0.24399903416633606 9232
1783099994155 0.25738948583602905 9233
1783099994159 0.2665993273258209 9234
1783099994163 0.2521854639053345 9235
1783099994166 0.24036699533462524 9236
1783099994171 0.1836443990468979 9237
1783099994175 0.2459729015827179 9238
1783099994179 0.2563222050666809 9239
1783099994183 0.21353214979171753 9240
1783099994187 0.2646537125110626 9241
1783099994191 0.2952808141708374 9242
1783099994195 0.25913047790527344 9243
1783099994199 0.2795262336730957 9244
1783099994203 0.25742852687835693 9245
1783099994207 0.21425777673721313 9246
1783099994211 0.2461506426334381 9247
1783099994215 0.2523181140422821 9248
1783099994220 0.24040444195270538 9249
1783099994224 0.24806973338127136 9250
1783099994228 0.2156471163034439 9251
1783099994232 0.24704694747924805 9252
1783099994236 0.22088542580604553 9253
1783099994240 0.2607494294643402 9254
1783099994244 0.26686692237854004 9255
1783099994248 0.23372004926204681 9256
1783099994251 0.20842167735099792 9257
1783099994255 0.2573474645614624 9258
1783099994259 0.24265751242637634 9259
1783099994263 0.22671829164028168 9260
1783099994267 0.3097970485687256 9261
1783099994272 0.2696174383163452 9262
1783099994276 0.27054059505462646 9263
1783099994280 0.23796787858009338 9264
1783099994284 0.24969154596328735 9265
1783099994288 0.2174755334854126 9266
1783099994292 0.22219137847423553 9267
1783099994296 0.23114743828773499 9268
1783099994300 0.3166119456291199 9269
1783099994304 0.1965292990207672 9270
1783099994308 0.2784467339515686 9271
1783099994312 0.2924644649028778 9272
1783099994316 0.2548324167728424 9273
1783099994321 0.25790074467658997 9274
1783099994325 0.2662394046783447 9275
1783099994329 0.2551495134830475 9276
1783099994332 0.24150237441062927 9277
1783099994336 0.2606695890426636 9278
1783099994340 0.2392916977405548 9279
1783099994344 0.23079323768615723 9280
1783099994348 0.27580711245536804 9281
1783099994352 0.2868119776248932 9282
1783099994356 0.23358404636383057 9283
1783099994360 0.22419798374176025 9284
1783099994364 0.23231062293052673 9285
1783099994369 0.23942673206329346 9286
1783099994372 0.22550660371780396 9287
1783099994376 0.27527081966400146 9288
1783099994379 0.2596553564071655 9289
1783099994382 0.24225547909736633 9290
1783099994385 0.24347041547298431 9291
1783099994388 0.27386727929115295 9292
1783099994391 0.2499508112668991 9293
1783099994394 0.24643146991729736 9294
1783099994397 0.23195722699165344 9295
1783099994400 0.26330506801605225 9296
1783099994403 0.2744916081428528 9297
1783099994406 0.2119390368461609 9298
1783099994409 0.2339315116405487 9299
1783099994414 0.28390979766845703 9300
1783099994418 0.2736687958240509 9301
1783099994421 0.2771581709384918 9302
1783099994424 0.2661846876144409 9303
1783099994427 0.2147568166255951 9304
1783099994430 0.2786881625652313 9305
1783099994433 0.2566489577293396 9306
1783099994436 0.2451704889535904 9307
1783099994439 0.2548636198043823 9308
1783099994442 0.24643763899803162 9309
1783099994445 0.2531202435493469 9310
1783099994448 0.2211858332157135 9311
1783099994451 0.2574937641620636 9312
1783099994454 0.2207185924053192 9313
1783099994457 0.21965324878692627 9314
1783099994460 0.25098416209220886 9315
1783099994463 0.2245655208826065 9316
1783099994468 0.2169976830482483 9317
1783099994472 0.23558437824249268 9318
1783099994476 0.19968345761299133 9319
1783099994479 0.19493591785430908 9320
1783099994483 0.22925040125846863 9321
1783099994487 0.23918145895004272 9322
1783099994491 0.2402438074350357 9323
1783099994494 0.2535611391067505 9324
1783099994498 0.2287086844444275 9325
1783099994502 0.2379695326089859 9326
1783099994506 0.22444599866867065 9327
1783099994509 0.25208914279937744 9328
1783099994513 0.2672514319419861 9329
1783099994517 0.22197481989860535 9330
1783099994522 0.22215211391448975 9331
1783099994526 0.1819707155227661 9332
1783099994530 0.22483447194099426 9333
1783099994533 0.251359224319458 9334
1783099994537 0.24018558859825134 9335
1783099994541 0.19832614064216614 9336
1783099994545 0.2509828805923462 9337
1783099994549 0.20709672570228577 9338
1783099994552 0.24270093441009521 9339
1783099994556 0.21954040229320526 9340
1783099994560 0.20442132651805878 9341
1783099994564 0.21494755148887634 9342
1783099994568 0.2372380793094635 9343
1783099994572 0.2596195936203003 9344
1783099994576 0.22494730353355408 9345
1783099994580 0.2155340611934662 9346
1783099994584 0.18816985189914703 9347
1783099994594 0.2388325184583664 9348
1783099994597 0.23761028051376343 9349
1783099994601 0.25085383653640747 9350
1783099994605 0.257941335439682 9351
1783099994609 0.2760056257247925 9352
1783099994613 0.21235391497612 9353
1783099994617 0.20327642560005188 9354
1783099994621 0.22541697323322296 9355
1783099994625 0.23495841026306152 9356
1783099994629 0.2083563506603241 9357
1783099994633 0.22742243111133575 9358
1783099994637 0.24197468161582947 9359
1783099994641 0.22893169522285461 9360
1783099994644 0.2073981761932373 9361
1783099994648 0.22613446414470673 9362
1783099994652 0.233527272939682 9363
1783099994656 0.2178882658481598 9364
1783099994660 0.2285778522491455 9365
1783099994663 0.2164093405008316 9366
1783099994667 0.2227812260389328 9367
1783099994671 0.2509734034538269 9368
1783099994675 0.2531236410140991 9369
1783099994879 0.23283609747886658 9370
1783099994883 0.195013165473938 9371
1783099994887 0.21752066910266876 9372
1783099994890 0.23582875728607178 9373
1783099994893 0.21012741327285767 9374
1783099994898 0.2361539900302887 9375
1783099994901 0.1897302120923996 9376
1783099994904 0.2071748971939087 9377
1783099994908 0.23493613302707672 9378
1783099994911 0.21279533207416534 9379
1783099994914 0.23264026641845703 9380
1783099994917 0.24738997220993042 9381
1783099994920 0.266605019569397 9382
1783099994923 0.20144402980804443 9383
1783099994927 0.24279014766216278 9384
1783099994930 0.1958501636981964 9385
1783099994935 0.2165347933769226 9386
1783099994940 0.26229026913642883 9387
1783099994943 0.22780552506446838 9388
1783099994946 0.22189965844154358 9389
1783099994949 0.20510971546173096 9390
1783099994953 0.20919859409332275 9391
1783099994957 0.23332755267620087 9392
1783099994961 0.23438850045204163 9393
1783099994964 0.22796830534934998 9394
1783099994967 0.2005486786365509 9395
1783099994970 0.2073698341846466 9396
1783099994973 0.21290984749794006 9397
1783099994977 0.23294642567634583 9398
1783099994980 0.22658605873584747 9399
1783099994983 0.20004963874816895 9400
1783099994986 0.2960115671157837 9401
1783099994989 0.20523539185523987 9402
1783099994992 0.20745891332626343 9403
1783099994995 0.22691255807876587 9404
1783099994999 0.20171254873275757 9405
1783099995002 0.22063875198364258 9406
1783099995007 0.21990981698036194 9407
1783099995012 0.23729641735553741 9408
1783099995016 0.18793612718582153 9409
1783099995021 0.23088856041431427 9410
1783099995026 0.2593548893928528 9411
1783099995032 0.19810016453266144 9412
1783099995037 0.21856093406677246 9413
1783099995043 0.20223641395568848 9414
1783099995048 0.2336738556623459 9415
1783099995054 0.20525427162647247 9416
1783099995059 0.21435654163360596 9417
1783099995064 0.18266329169273376 9418
1783099995069 0.21382969617843628 9419
1783099995074 0.23123618960380554 9420
1783099995078 0.22956112027168274 9421
1783099995081 0.22051244974136353 9422
1783099995084 0.21457582712173462 9423
1783099995087 0.2177746295928955 9424
1783099995090 0.2040559947490692 9425
1783099995093 0.19324733316898346 9426
1783099995097 0.2500684857368469 9427
1783099995101 0.21386542916297913 9428
1783099995105 0.2123192846775055 9429
1783099995110 0.21251577138900757 9430
1783099995114 0.19791024923324585 9431
1783099995118 0.21184927225112915 9432
1783099995122 0.2231283336877823 9433
1783099995126 0.2533259093761444 9434
1783099995130 0.18437069654464722 9435
1783099995135 0.19825798273086548 9436
1783099995139 0.224349245429039 9437
1783099995143 0.19388920068740845 9438
1783099995147 0.24841734766960144 9439
1783099995150 0.21434053778648376 9440
1783099995153 0.1842782199382782 9441
1783099995156 0.2425941824913025 9442
1783099995159 0.19938278198242188 9443
1783099995164 0.23429985344409943 9444
1783099995168 0.21353156864643097 9445
1783099995172 0.18900394439697266 9446
1783099995176 0.2291361689567566 9447
1783099995180 0.20112887024879456 9448
1783099995184 0.22836361825466156 9449
1783099995188 0.2597951292991638 9450
1783099995192 0.20806816220283508 9451
1783099995196 0.23577703535556793 9452
1783099995200 0.18831101059913635 9453
1783099995204 0.22034531831741333 9454
1783099995208 0.18597987294197083 9455
1783099995213 0.2160039246082306 9456
1783099995217 0.21870730817317963 9457
1783099995221 0.2105562686920166 9458
1783099995226 0.19458410143852234 9459
1783099995230 0.22916236519813538 9460
1783099995234 0.20166003704071045 9461
1783099995239 0.2230609655380249 9462
1783099995243 0.20409652590751648 9463
1783099995247 0.23521742224693298 9464
1783099995251 0.18718618154525757 9465
1783099995256 0.22564148902893066 9466
1783099995260 0.18346601724624634 9467
1783099995265 0.2226901650428772 9468
1783099995269 0.2252456545829773 9469
1783099995273 0.2204315960407257 9470
1783099995277 0.20401272177696228 9471
1783099995282 0.19708362221717834 9472
1783099995286 0.2224259376525879 9473
1783099995290 0.2184208631515503 9474
1783099995294 0.24997659027576447 9475
1783099995298 0.2465001344680786 9476
1783099995302 0.20211520791053772 9477
1783099995306 0.20291560888290405 9478
1783099995310 0.18566438555717468 9479
1783099995315 0.2177368402481079 9480
1783099995319 0.207301065325737 9481
1783099995323 0.21496796607971191 9482
1783099995327 0.19939205050468445 9483
1783099995331 0.2324584722518921 9484
1783099995335 0.20545846223831177 9485
1783099995339 0.23923519253730774 9486
1783099995343 0.21910160779953003 9487
1783099995346 0.2684141993522644 9488
1783099995350 0.25097617506980896 9489
1783099995354 0.1997506320476532 9490
1783099995359 0.2612678110599518 9491
1783099995363 0.21781934797763824 9492
1783099995367 0.22712115943431854 9493
1783099995371 0.1837121993303299 9494
1783099995375 0.22103898227214813 9495
1783099995379 0.22916246950626373 9496
1783099995383 0.17123757302761078 9497
1783099995387 0.21989214420318604 9498
1783099995391 0.23603031039237976 9499
1783099995395 0.246913343667984 9500
1783099995399 0.2023937851190567 9501
1783099995403 0.25999903678894043 9502
1783099995407 0.2676154375076294 9503
1783099995412 0.23711620271205902 9504
1783099995416 0.22501355409622192 9505
1783099995420 0.2002129852771759 9506
1783099995424 0.22248250246047974 9507
1783099995427 0.2371768057346344 9508
1783099995431 0.22536423802375793 9509
1783099995435 0.2429063767194748 9510
1783099995439 0.203034907579422 9511
1783099995442 0.22031614184379578 9512
1783099995446 0.2909928560256958 9513
1783099995450 0.2650163173675537 9514
1783099995454 0.2472732961177826 9515
1783099995458 0.20124948024749756 9516
1783099995463 0.2371324896812439 9517
1783099995466 0.22743776440620422 9518
1783099995470 0.2169441431760788 9519
1783099995474 0.22716118395328522 9520
1783099995478 0.21218615770339966 9521
1783099995482 0.2341921627521515 9522
1783099995486 0.23936833441257477 9523
1783099995489 0.24442797899246216 9524
1783099995493 0.21896031498908997 9525
1783099995497 0.20973879098892212 9526
1783099995501 0.20015880465507507 9527
1783099995505 0.20723935961723328 9528
1783099995509 0.20114903151988983 9529
1783099995514 0.1905091404914856 9530
1783099995519 0.22479307651519775 9531
1783099995523 0.23521369695663452 9532
1783099995528 0.21096321940422058 9533
1783099995533 0.23844315111637115 9534
1783099995538 0.2762279808521271 9535
1783099995543 0.213972270488739 9536
1783099995548 0.2174874097108841 9537
1783099995554 0.19148820638656616 9538
1783099995560 0.24074268341064453 9539
1783099995565 0.19156140089035034 9540
1783099995570 0.2260923534631729 9541
1783099995574 0.21703021228313446 9542
1783099995579 0.22029538452625275 9543
1783099995583 0.20365573465824127 9544
1783099995588 0.20826789736747742 9545
1783099995592 0.243092343211174 9546
1783099995596 0.24510225653648376 9547
1783099995599 0.18322215974330902 9548
1783099995602 0.20610299706459045 9549
1783099995606 0.23167099058628082 9550
1783099995610 0.270774245262146 9551
1783099995615 0.20643581449985504 9552
1783099995619 0.2456749677658081 9553
1783099995623 0.21479693055152893 9554
1783099995626 0.24713236093521118 9555
1783099995630 0.19332052767276764 9556
1783099995634 0.21139170229434967 9557
1783099995638 0.24975988268852234 9558
1783099995642 0.20911651849746704 9559
1783099995646 0.20288917422294617 9560
1783099995650 0.23985877633094788 9561
1783099995654 0.2221667766571045 9562
1783099995658 0.21235200762748718 9563
1783099995662 0.22087204456329346 9564
1783099995666 0.20884749293327332 9565
1783099995670 0.220242440700531 9566
1783099995674 0.19606277346611023 9567
1783099995678 0.18977481126785278 9568
1783099995681 0.19251352548599243 9569
1783099995685 0.2430945634841919 9570
1783099995688 0.2350957989692688 9571
1783099995690 0.17911070585250854 9572
1783099995694 0.18815913796424866 9573
1783099995697 0.21022957563400269 9574
1783099995700 0.22850696742534637 9575
1783099995703 0.22287288308143616 9576
1783099995708 0.25995099544525146 9577
1783099995713 0.2663111090660095 9578
1783099995718 0.19674310088157654 9579
1783099995723 0.23448505997657776 9580
1783099995727 0.22661924362182617 9581
1783099995732 0.20262664556503296 9582
1783099995737 0.24485436081886292 9583
1783099995741 0.25574561953544617 9584
1783099995746 0.22451892495155334 9585
1783099995751 0.20441561937332153 9586
1783099995756 0.20814408361911774 9587
1783099995762 0.22757630050182343 9588
1783099995768 0.20517763495445251 9589
1783099995773 0.23790940642356873 9590
1783099995778 0.21739880740642548 9591
1783099995783 0.20672327280044556 9592
1783099995787 0.22528859972953796 9593
1783099995791 0.233442023396492 9594
1783099995795 0.20459383726119995 9595
1783099995799 0.2202259600162506 9596
1783099995803 0.24906980991363525 9597
1783099995807 0.1929459124803543 9598
1783099995811 0.1861993372440338 9599
1783099995815 0.25238490104675293 9600
1783099995819 0.25493574142456055 9601
1783099995823 0.2379906326532364 9602
1783099995827 0.21085026860237122 9603
1783099995831 0.21613387763500214 9604
1783099995835 0.20865420997142792 9605
1783099995840 0.21210229396820068 9606
1783099995843 0.20148009061813354 9607
1783099995847 0.240583598613739 9608
1783099995851 0.19621896743774414 9609
1783099995855 0.20782196521759033 9610
1783099995860 0.2573038935661316 9611
1783099995864 0.24389715492725372 9612
1783099995869 0.22130420804023743 9613
1783099995874 0.2083454728126526 9614
1783099995878 0.23247316479682922 9615
1783099995883 0.22402963042259216 9616
1783099995887 0.22766509652137756 9617
1783099995892 0.20688925683498383 9618
1783099995896 0.17261400818824768 9619
1783099995900 0.18995341658592224 9620
1783099995904 0.22313740849494934 9621
1783099995908 0.18522721529006958 9622
1783099995912 0.1861238181591034 9623
1783099995916 0.2644519805908203 9624
1783099995921 0.22069185972213745 9625
1783099995925 0.20278507471084595 9626
1783099995929 0.2297363579273224 9627
1783099995933 0.24574100971221924 9628
1783099995937 0.2227388173341751 9629
1783099995941 0.23093941807746887 9630
1783099995945 0.219260573387146 9631
1783099995949 0.21731816232204437 9632
1783099995953 0.27485382556915283 9633
1783099995956 0.20733985304832458 9634
1783099995960 0.21225830912590027 9635
1783099995969 0.2365117371082306 9636
1783099995974 0.20472395420074463 9637
1783099995978 0.21256136894226074 9638
1783099995982 0.22663147747516632 9639
1783099995986 0.19020015001296997 9640
1783099995990 0.19901849329471588 9641
1783099995994 0.22017328441143036 9642
1783099995999 0.22671322524547577 9643
1783099996003 0.2558426558971405 9644
1783099996007 0.19302888214588165 9645
1783099996012 0.22019429504871368 9646
1783099996016 0.2335163950920105 9647
1783099996021 0.21423502266407013 9648
1783099996025 0.22963449358940125 9649
1783099996030 0.1773153841495514 9650
1783099996034 0.19159558415412903 9651
1783099996038 0.23299555480480194 9652
1783099996042 0.22498160600662231 9653
1783099996046 0.23062795400619507 9654
1783099996050 0.22277884185314178 9655
1783099996055 0.19579313695430756 9656
1783099996059 0.24062500894069672 9657
1783099996062 0.18583831191062927 9658
1783099996066 0.20297405123710632 9659
1783099996071 0.18490493297576904 9660
1783099996075 0.20068790018558502 9661
1783099996079 0.2463749796152115 9662
1783099996083 0.21818727254867554 9663
1783099996087 0.1575624793767929 9664
1783099996091 0.17281502485275269 9665
1783099996095 0.17688444256782532 9666
1783099996099 0.18113309144973755 9667
1783099996103 0.24178864061832428 9668
1783099996107 0.19454237818717957 9669
1783099996111 0.23019076883792877 9670
1783099996115 0.23110219836235046 9671
1783099996118 0.180153489112854 9672
1783099996123 0.23177960515022278 9673
1783099996127 0.1999482959508896 9674
1783099996131 0.252625435590744 9675
1783099996136 0.19185194373130798 9676
1783099996140 0.19555795192718506 9677
1783099996143 0.2437988519668579 9678
1783099996147 0.21364673972129822 9679
1783099996151 0.207734152674675 9680
1783099996155 0.20635086297988892 9681
1783099996159 0.2306099832057953 9682
1783099996163 0.22190240025520325 9683
1783099996167 0.22814704477787018 9684
1783099996171 0.1749511957168579 9685
1783099996175 0.21633726358413696 9686
1783099996178 0.22034715116024017 9687
1783099996181 0.22278738021850586 9688
1783099996184 0.21947260200977325 9689
1783099996187 0.18662327527999878 9690
1783099996190 0.2021586000919342 9691
1783099996193 0.16891899704933167 9692
1783099996197 0.25713586807250977 9693
1783099996200 0.23140904307365417 9694
1783099996203 0.17640990018844604 9695
1783099996206 0.1875472515821457 9696
1783099996209 0.19342221319675446 9697
1783099996212 0.18657286465168 9698
1783099996216 0.1923689842224121 9699
1783099996221 0.2321007400751114 9700
1783099996225 0.20669002830982208 9701
1783099996229 0.1887037605047226 9702
1783099996233 0.24374786019325256 9703
1783099996237 0.19006973505020142 9704
1783099996241 0.21320584416389465 9705
1783099996245 0.18229874968528748 9706
1783099996249 0.21067200601100922 9707
1783099996253 0.17593112587928772 9708
1783099996257 0.15728545188903809 9709
1783099996261 0.24554964900016785 9710
1783099996264 0.18972419202327728 9711
1783099996269 0.2246181070804596 9712
1783099996273 0.20544829964637756 9713
1783099996277 0.1986657977104187 9714
1783099996281 0.18471652269363403 9715
1783099996285 0.2213108241558075 9716
1783099996289 0.1810816079378128 9717
1783099996293 0.20908886194229126 9718
1783099996296 0.17985211312770844 9719
1783099996300 0.1782001554965973 9720
1783099996304 0.16969597339630127 9721
1783099996308 0.20961342751979828 9722
1783099996312 0.18708878755569458 9723
1783099996316 0.21050229668617249 9724
1783099996320 0.169352725148201 9725
1783099996324 0.17838822305202484 9726
1783099996328 0.24178114533424377 9727
1783099996332 0.16196975111961365 9728
1783099996336 0.19642555713653564 9729
1783099996340 0.20934902131557465 9730
1783099996344 0.1901504099369049 9731
1783099996348 0.20935799181461334 9732
1783099996352 0.1831899881362915 9733
1783099996356 0.19564160704612732 9734
1783099996360 0.22986432909965515 9735
1783099996364 0.24774937331676483 9736
1783099996369 0.19971391558647156 9737
1783099996373 0.19356539845466614 9738
1783099996377 0.2044154703617096 9739
1783099996380 0.189278244972229 9740
1783099996384 0.17652679979801178 9741
1783099996386 0.17817258834838867 9742
1783099996390 0.22689664363861084 9743
1783099996393 0.1560746729373932 9744
1783099996396 0.22428956627845764 9745
1783099996399 0.22729872167110443 9746
1783099996403 0.17286407947540283 9747
1783099996406 0.2028203159570694 9748
1783099996409 0.18961921334266663 9749
1783099996412 0.21315771341323853 9750
1783099996417 0.17053639888763428 9751
1783099996421 0.1799008846282959 9752
1783099996426 0.1694927215576172 9753
1783099996429 0.1777787208557129 9754
1783099996433 0.17060714960098267 9755
1783099996436 0.2101837396621704 9756
1783099996439 0.20676249265670776 9757
1783099996442 0.17131762206554413 9758
1783099996445 0.15851426124572754 9759
1783099996449 0.20879700779914856 9760
1783099996452 0.20789873600006104 9761
1783099996455 0.19135528802871704 9762
1783099996458 0.2151828557252884 9763
1783099996461 0.20933520793914795 9764
1783099996465 0.18169018626213074 9765
1783099996469 0.18556839227676392 9766
1783099996474 0.19132529199123383 9767
1783099996477 0.19955120980739594 9768
1783099996480 0.1998569518327713 9769
1783099996483 0.18905135989189148 9770
1783099996486 0.22023314237594604 9771
1783099996489 0.20471593737602234 9772
1783099996492 0.20034393668174744 9773
1783099996495 0.19219759106636047 9774
1783099996499 0.17711040377616882 9775
1783099996502 0.21784833073616028 9776
1783099996505 0.1823674440383911 9777
1783099996508 0.21102479100227356 9778
1783099996511 0.1636313647031784 9779
1783099996514 0.20002365112304688 9780
1783099996518 0.19583800435066223 9781
1783099996522 0.1948317289352417 9782
1783099996527 0.18400844931602478 9783
1783099996530 0.18713389337062836 9784
1783099996533 0.20070499181747437 9785
1783099996537 0.17293480038642883 9786
1783099996540 0.21675854921340942 9787
1783099996543 0.1953858584165573 9788
1783099996546 0.2308746874332428 9789
1783099996549 0.17806166410446167 9790
1783099996552 0.20698443055152893 9791
1783099996555 0.22144553065299988 9792
1783099996558 0.22242522239685059 9793
1783099996561 0.201465904712677 9794
1783099996565 0.22507159411907196 9795
1783099996569 0.19323666393756866 9796
1783099996573 0.21870452165603638 9797
1783099996577 0.17624889314174652 9798
1783099996580 0.2542911171913147 9799
1783099996583 0.21924512088298798 9800
1783099996586 0.22684970498085022 9801
1783099996589 0.23949697613716125 9802
1783099996592 0.2140735387802124 9803
1783099996595 0.2525515556335449 9804
1783099996598 0.20472568273544312 9805
1783099996601 0.19500891864299774 9806
1783099996604 0.18337810039520264 9807
1783099996607 0.24394603073596954 9808
1783099996610 0.2018071711063385 9809
1783099996613 0.237720787525177 9810
1783099996616 0.21942859888076782 9811
1783099996621 0.2122822105884552 9812
1783099996625 0.2067638486623764 9813
1783099996629 0.2257518172264099 9814
1783099996633 0.21063825488090515 9815
1783099996637 0.2158718705177307 9816
1783099996641 0.22695615887641907 9817
1783099996645 0.21326670050621033 9818
1783099996649 0.227662593126297 9819
1783099996653 0.2643485367298126 9820
1783099996657 0.21181219816207886 9821
1783099996661 0.21869564056396484 9822
1783099996665 0.20284658670425415 9823
1783099996669 0.22096940875053406 9824
1783099996674 0.2095453441143036 9825
1783099996678 0.2515537142753601 9826
1783099996682 0.19810734689235687 9827
1783099996686 0.20371581614017487 9828
1783099996690 0.2594243884086609 9829
1783099996694 0.22838857769966125 9830
1783099996698 0.23470456898212433 9831
1783099996701 0.23342493176460266 9832
1783099996705 0.22459259629249573 9833
1783099996709 0.21327680349349976 9834
1783099996713 0.19957683980464935 9835
1783099996718 0.20231139659881592 9836
1783099996722 0.2682134211063385 9837
1783099996726 0.24101832509040833 9838
1783099996730 0.21444760262966156 9839
1783099996734 0.2275030016899109 9840
1783099996738 0.2404623031616211 9841
1783099996742 0.24269452691078186 9842
1783099996746 0.26145946979522705 9843
1783099996750 0.22837281227111816 9844
1783099996754 0.24791374802589417 9845
1783099996757 0.22005681693553925 9846
1783099996761 0.26860353350639343 9847
1783099996765 0.2417922168970108 9848
1783099996770 0.22125917673110962 9849
1783099996774 0.20785105228424072 9850
1783099996778 0.24477365612983704 9851
1783099996782 0.21851974725723267 9852
1783099996786 0.2005315124988556 9853
1783099996790 0.2367808222770691 9854
1783099996794 0.25728464126586914 9855
1783099996798 0.258088618516922 9856
1783099996802 0.24291950464248657 9857
1783099996806 0.24754345417022705 9858
1783099996810 0.23516955971717834 9859
1783099996813 0.18948987126350403 9860
1783099996817 0.2602565586566925 9861
1783099996821 0.21019361913204193 9862
1783099996826 0.19853682816028595 9863
1783099996830 0.26197612285614014 9864
1783099996834 0.23039010167121887 9865
1783099996838 0.23661071062088013 9866
1783099996842 0.20002177357673645 9867
1783099996845 0.2112841010093689 9868
1783099996849 0.27125832438468933 9869
1783099996853 0.23284703493118286 9870
1783099996857 0.21336093544960022 9871
1783099996861 0.3008407950401306 9872
1783099996866 0.22677597403526306 9873
1783099996869 0.21345916390419006 9874
1783099996874 0.1883915811777115 9875
1783099996879 0.22178006172180176 9876
1783099996882 0.25883597135543823 9877
1783099996886 0.19299045205116272 9878
1783099996889 0.21922340989112854 9879
1783099996893 0.23468688130378723 9880
1783099996896 0.2145346999168396 9881
1783099996899 0.22286397218704224 9882
1783099996902 0.2543588876724243 9883
1783099996906 0.2682511508464813 9884
1783099996909 0.27228182554244995 9885
1783099996912 0.23700904846191406 9886
1783099996915 0.2814808189868927 9887
1783099996918 0.243364155292511 9888
1783099996922 0.2050488293170929 9889
1783099996927 0.22057415544986725 9890
1783099996931 0.24354742467403412 9891
1783099996935 0.19637471437454224 9892
1783099996939 0.27337366342544556 9893
1783099996942 0.2381652295589447 9894
1783099996946 0.2178979516029358 9895
1783099996950 0.22690178453922272 9896
1783099996954 0.2636170983314514 9897
1783099996958 0.3039739727973938 9898
1783099996962 0.246072456240654 9899
1783099996966 0.2546485364437103 9900
1783099996970 0.27498918771743774 9901
1783099996975 0.2649024724960327 9902
1783099996979 0.3392435610294342 9903
1783099996983 0.2617618441581726 9904
1783099996987 0.28379473090171814 9905
1783099996991 0.26684707403182983 9906
1783099996996 0.2330116629600525 9907
1783099997000 0.23639163374900818 9908
1783099997006 0.30039182305336 9909
1783099997010 0.26382899284362793 9910
1783099997015 0.24945485591888428 9911
1783099997019 0.2545894682407379 9912
1783099997024 0.27365219593048096 9913
1783099997029 0.27378129959106445 9914
1783099997032 0.26891079545021057 9915
1783099997036 0.244613379240036 9916
1783099997039 0.2517046332359314 9917
1783099997043 0.2638830542564392 9918
1783099997046 0.2266232818365097 9919
1783099997049 0.29252180457115173 9920
1783099997052 0.2769482731819153 9921
1783099997056 0.30829349160194397 9922
1783099997059 0.24703814089298248 9923
1783099997063 0.22366636991500854 9924
1783099997067 0.2713077962398529 9925
1783099997072 0.26169753074645996 9926
1783099997077 0.2848406434059143 9927
1783099997081 0.27378034591674805 9928
1783099997085 0.23391124606132507 9929
1783099997089 0.25930482149124146 9930
1783099997094 0.22210809588432312 9931
1783099997098 0.25784438848495483 9932
1783099997102 0.231655552983284 9933
1783099997106 0.28094232082366943 9934
1783099997109 0.24049323797225952 9935
1783099997112 0.2509359121322632 9936
1783099997115 0.27202144265174866 9937
1783099997120 0.2709267735481262 9938
1783099997124 0.238377645611763 9939
1783099997129 0.28899428248405457 9940
1783099997133 0.261340469121933 9941
1783099997137 0.26322242617607117 9942
1783099997141 0.26375558972358704 9943
1783099997145 0.31239286065101624 9944
1783099997149 0.24547216296195984 9945
1783099997153 0.2641638219356537 9946
1783099997163 0.2553916573524475 9947
1783099997167 0.2663063108921051 9948
1783099997172 0.28196173906326294 9949
1783099997176 0.32548636198043823 9950
1783099997181 0.2138051688671112 9951
1783099997185 0.23368410766124725 9952
1783099997189 0.24880912899971008 9953
1783099997193 0.25337886810302734 9954
1783099997197 0.29311856627464294 9955
1783099997201 0.25161081552505493 9956
1783099997205 0.24102190136909485 9957
1783099997209 0.2336057424545288 9958
1783099997213 0.32440900802612305 9959
1783099997217 0.2644067108631134 9960
1783099997221 0.2853158116340637 9961
1783099997225 0.32269495725631714 9962
1783099997230 0.19877459108829498 9963
1783099997236 0.2608577609062195 9964
1783099997241 0.3214094042778015 9965
1783099997246 0.22320546209812164 9966
1783099997250 0.2763153910636902 9967
1783099997253 0.24709537625312805 9968
1783099997256 0.308817058801651 9969
1783099997260 0.2937767207622528 9970
1783099997264 0.28785550594329834 9971
1783099997268 0.22235286235809326 9972
1783099997272 0.19290056824684143 9973
1783099997276 0.2602273225784302 9974
1783099997280 0.22340741753578186 9975
1783099997284 0.22158759832382202 9976
1783099997288 0.2880253791809082 9977
1783099997293 0.30481278896331787 9978
1783099997297 0.2714592516422272 9979
1783099997301 0.2308066338300705 9980
1783099997305 0.311801016330719 9981
1783099997310 0.316017210483551 9982
1783099997314 0.3050069212913513 9983
1783099997318 0.26521891355514526 9984
1783099997322 0.2769908010959625 9985
1783099997326 0.21422410011291504 9986
1783099997330 0.25415998697280884 9987
1783099997333 0.3830764889717102 9988
1783099997337 0.2893090844154358 9989
1783099997341 0.2587348222732544 9990
1783099997346 0.2653489112854004 9991
1783099997350 0.3613051772117615 9992
1783099997354 0.26686158776283264 9993
1783099997358 0.2780945897102356 9994
1783099997362 0.26446616649627686 9995
1783099997366 0.28801921010017395 9996
1783099997371 0.31069809198379517 9997
1783099997375 0.21798431873321533 9998
1783099997379 0.2688940763473511 9999
1783099997384 0.3017970323562622 10000
1783099997388 0.27454015612602234 10001
1783099997393 0.30437248945236206 10002
1783099997397 0.2310679703950882 10003
1783099997401 0.2568148374557495 10004
1783099997406 0.25676649808883667 10005
1783099997410 0.2546693980693817 10006
1783099997414 0.29873478412628174 10007
1783099997418 0.24543258547782898 10008
1783099997421 0.2690795063972473 10009
1783099997425 0.3141927719116211 10010
1783099997429 0.23755735158920288 10011
1783099997432 0.3005183935165405 10012
1783099997435 0.25502848625183105 10013
1783099997438 0.3358234167098999 10014
1783099997441 0.2664613127708435 10015
1783099997445 0.27528655529022217 10016
1783099997449 0.2566429376602173 10017
1783099997453 0.2640773057937622 10018
1783099997456 0.27970433235168457 10019
1783099997459 0.263554185628891 10020
1783099997462 0.266689658164978 10021
1783099997465 0.29015183448791504 10022
1783099997468 0.23528644442558289 10023
1783099997471 0.2832593023777008 10024
1783099997475 0.2306067943572998 10025
1783099997478 0.2942754328250885 10026
1783099997481 0.23744860291481018 10027
1783099997484 0.27491050958633423 10028
1783099997487 0.3228697180747986 10029
1783099997490 0.2856466770172119 10030
1783099997494 0.24893777072429657 10031
1783099997498 0.22225157916545868 10032
1783099997502 0.29903507232666016 10033
1783099997506 0.27028387784957886 10034
1783099997510 0.2535499930381775 10035
1783099997514 0.23002351820468903 10036
1783099997518 0.23820209503173828 10037
1783099997522 0.28435957431793213 10038
1783099997526 0.23750215768814087 10039
1783099997530 0.23441177606582642 10040
1783099997534 0.23767885565757751 10041
1783099997538 0.20832380652427673 10042
1783099997543 0.2696589529514313 10043
1783099997547 0.2433716058731079 10044
1783099997551 0.2496812790632248 10045
1783099997555 0.2650219798088074 10046
1783099997558 0.23486891388893127 10047
1783099997561 0.22797873616218567 10048
1783099997564 0.29943981766700745 10049
1783099997568 0.25472337007522583 10050
1783099997571 0.26729774475097656 10051
1783099997574 0.2534217834472656 10052
1783099997577 0.22775661945343018 10053
1783099997580 0.2692175507545471 10054
1783099997583 0.24340412020683289 10055
1783099997586 0.26764780282974243 10056
1783099997589 0.27744409441947937 10057
1783099997593 0.23957403004169464 10058
1783099997598 0.25611817836761475 10059
1783099997602 0.25949323177337646 10060
1783099997606 0.2705320417881012 10061
1783099997610 0.26097503304481506 10062
1783099997614 0.23195992410182953 10063
1783099997618 0.24432680010795593 10064
1783099997622 0.2553759515285492 10065
1783099997626 0.2555682063102722 10066
1783099997630 0.24494226276874542 10067
1783099997634 0.2463267594575882 10068
1783099997638 0.24670098721981049 10069
1783099997642 0.24415510892868042 10070
1783099997647 0.29359036684036255 10071
1783099997651 0.245527446269989 10072
1783099997655 0.27505096793174744 10073
1783099997659 0.2909241318702698 10074
1783099997662 0.2893092632293701 10075
1783099997666 0.259051650762558 10076
1783099997671 0.24550890922546387 10077
1783099997675 0.2796371579170227 10078
1783099997679 0.2573757767677307 10079
1783099997683 0.2521580159664154 10080
1783099997687 0.21641497313976288 10081
1783099997691 0.2703937292098999 10082
1783099997696 0.23214691877365112 10083
1783099997701 0.25246167182922363 10084
1783099997705 0.257604718208313 10085
1783099997709 0.22619935870170593 10086
1783099997714 0.25638556480407715 10087
1783099997718 0.25418150424957275 10088
1783099997722 0.24266326427459717 10089
1783099997727 0.26816919445991516 10090
1783099997731 0.26702433824539185 10091
1783099997735 0.2764517664909363 10092
1783099997739 0.27314454317092896 10093
1783099997744 0.2247316539287567 10094
1783099997749 0.28652456402778625 10095
1783099997753 0.24761183559894562 10096
1783099997757 0.23583711683750153 10097
1783099997761 0.30276650190353394 10098
1783099997765 0.2177809178829193 10099
1783099997770 0.25514546036720276 10100
1783099997774 0.26542559266090393 10101
1783099997778 0.23941749334335327 10102
1783099997782 0.2393961250782013 10103
1783099997786 0.23260515928268433 10104
1783099997791 0.23493507504463196 10105
1783099997795 0.25571465492248535 10106
1783099997800 0.2252885401248932 10107
1783099997804 0.20086455345153809 10108
1783099997808 0.2062247097492218 10109
1783099997812 0.24729648232460022 10110
1783099997816 0.22395877540111542 10111
1783099997820 0.24289678037166595 10112
1783099997824 0.24200841784477234 10113
1783099997828 0.235896497964859 10114
1783099997833 0.26589399576187134 10115
1783099997837 0.24275508522987366 10116
1783099997841 0.24807330965995789 10117
1783099997846 0.24866992235183716 10118
1783099997850 0.2572777569293976 10119
1783099997854 0.20777398347854614 10120
1783099997858 0.22489967942237854 10121
1783099997863 0.259116530418396 10122
1783099997867 0.26497378945350647 10123
1783099997871 0.20603829622268677 10124
1783099997875 0.24775639176368713 10125
1783099997880 0.23757211863994598 10126
1783099997884 0.2447616308927536 10127
1783099997889 0.24643102288246155 10128
1783099997894 0.2546854615211487 10129
1783099997899 0.25181254744529724 10130
1783099997903 0.23628747463226318 10131
1783099997908 0.23770353198051453 10132
1783099997912 0.24799829721450806 10133
1783099997916 0.24824726581573486 10134
1783099997920 0.2557874917984009 10135
1783099997924 0.23898428678512573 10136
1783099997929 0.2443522810935974 10137
1783099997933 0.2595284879207611 10138
1783099997937 0.21782563626766205 10139
1783099997941 0.23584191501140594 10140
1783099997945 0.2459585815668106 10141
1783099997950 0.2372557520866394 10142
1783099997954 0.255510538816452 10143
1783099997958 0.24060176312923431 10144
1783099997962 0.26555734872817993 10145
1783099997966 0.23311293125152588 10146
1783099997970 0.23721814155578613 10147
1783099997974 0.2278822809457779 10148
1783099997978 0.2253667563199997 10149
1783099997982 0.22704504430294037 10150
1783099997986 0.2368936538696289 10151
1783099997991 0.22126880288124084 10152
1783099997996 0.30469000339508057 10153
1783099998001 0.22092001140117645 10154
1783099998005 0.21962247788906097 10155
1783099998010 0.2313005030155182 10156
1783099998014 0.2276729941368103 10157
1783099998018 0.2247886210680008 10158
1783099998023 0.19059553742408752 10159
1783099998027 0.2295973300933838 10160
1783099998031 0.24320349097251892 10161
1783099998035 0.23400229215621948 10162
1783099998040 0.3057040572166443 10163
1783099998045 0.20020455121994019 10164
1783099998049 0.26454082131385803 10165
1783099998053 0.23772108554840088 10166
1783099998058 0.2774766683578491 10167
1783099998062 0.18902981281280518 10168
1783099998066 0.24146467447280884 10169
1783099998070 0.24339435994625092 10170
1783099998074 0.24964779615402222 10171
1783099998078 0.22586241364479065 10172
1783099998082 0.23999708890914917 10173
1783099998086 0.19427146017551422 10174
1783099998090 0.2066689282655716 10175
1783099998094 0.21971018612384796 10176
1783099998100 0.22162289917469025 10177
1783099998104 0.2633952796459198 10178
1783099998108 0.2000059187412262 10179
1783099998112 0.21321088075637817 10180
1783099998116 0.21658898890018463 10181
1783099998120 0.24211418628692627 10182
1783099998124 0.2147229015827179 10183
1783099998128 0.22093263268470764 10184
1783099998132 0.21805092692375183 10185
1783099998136 0.22504198551177979 10186
1783099998141 0.26063352823257446 10187
1783099998144 0.30180561542510986 10188
1783099998148 0.19133441150188446 10189
1783099998152 0.22895216941833496 10190
1783099998156 0.21115343272686005 10191
1783099998160 0.18978719413280487 10192
1783099998164 0.24891243875026703 10193
1783099998168 0.22188076376914978 10194
1783099998171 0.24202720820903778 10195
1783099998175 0.22660404443740845 10196
1783099998179 0.2366078644990921 10197
1783099998183 0.23812587559223175 10198
1783099998187 0.23559466004371643 10199
1783099998191 0.19528906047344208 10200
1783099998195 0.25433778762817383 10201
1783099998199 0.23545747995376587 10202
1783099998204 0.20998291671276093 10203
1783099998208 0.2191917598247528 10204
1783099998212 0.25056764483451843 10205
1783099998216 0.22226011753082275 10206
1783099998221 0.2233963906764984 10207
1783099998226 0.17589394748210907 10208
1783099998232 0.23333697021007538 10209
1783099998236 0.18054744601249695 10210
1783099998242 0.19754979014396667 10211
1783099998246 0.20703047513961792 10212
1783099998251 0.2323240339756012 10213
1783099998255 0.20355603098869324 10214
1783099998260 0.2708526849746704 10215
1783099998264 0.24975061416625977 10216
1783099998268 0.24339839816093445 10217
1783099998271 0.22265875339508057 10218
1783099998275 0.21465325355529785 10219
1783099998279 0.19803722202777863 10220
1783099998283 0.21661502122879028 10221
1783099998287 0.27822279930114746 10222
1783099998293 0.21962735056877136 10223
1783099998299 0.19187036156654358 10224
1783099998306 0.22014078497886658 10225
1783099998312 0.21989521384239197 10226
1783099998318 0.2528422772884369 10227
1783099998324 0.21583586931228638 10228
1783099998328 0.20346561074256897 10229
1783099998332 0.23357629776000977 10230
1783099998337 0.2053109109401703 10231
1783099998342 0.2189602553844452 10232
1783099998346 0.21309232711791992 10233
1783099998351 0.21761265397071838 10234
1783099998356 0.21710626780986786 10235
1783099998361 0.19939112663269043 10236
1783099998365 0.19817179441452026 10237
1783099998370 0.2290486842393875 10238
1783099998374 0.23165515065193176 10239
1783099998379 0.23770961165428162 10240
1783099998384 0.2290513515472412 10241
1783099998388 0.19870172441005707 10242
1783099998392 0.26514673233032227 10243
1783099998396 0.18904997408390045 10244
1783099998400 0.19856083393096924 10245
1783099998404 0.24135953187942505 10246
1783099998408 0.2440805733203888 10247
1783099998413 0.20929071307182312 10248
1783099998417 0.2513630986213684 10249
1783099998421 0.21037662029266357 10250
1783099998426 0.2199251651763916 10251
1783099998430 0.2441810965538025 10252
1783099998434 0.23130866885185242 10253
1783099998438 0.20554211735725403 10254
1783099998448 0.24611686170101166 10255
1783099998452 0.25596898794174194 10256
1783099998455 0.2204829752445221 10257
1783099998459 0.20410680770874023 10258
1783099998464 0.2287440448999405 10259
1783099998468 0.2475234717130661 10260
1783099998473 0.23171982169151306 10261
1783099998478 0.2676430344581604 10262
1783099998482 0.23280653357505798 10263
1783099998486 0.20062997937202454 10264
1783099998491 0.2036854326725006 10265
1783099998495 0.19664672017097473 10266
1783099998499 0.21159330010414124 10267
1783099998504 0.2272062450647354 10268
1783099998508 0.2541903555393219 10269
1783099998512 0.18728089332580566 10270
1783099998516 0.229579359292984 10271
1783099998521 0.21613910794258118 10272
1783099998525 0.23788601160049438 10273
1783099998530 0.21865321695804596 10274
1783099998534 0.25931382179260254 10275
1783099998538 0.2006520926952362 10276
1783099998542 0.18965193629264832 10277
1783099998546 0.24262532591819763 10278
1783099998550 0.29435640573501587 10279
1783099998554 0.2016059160232544 10280
1783099998559 0.24376001954078674 10281
1783099998563 0.20448100566864014 10282
1783099998567 0.21075847744941711 10283
1783099998572 0.24435727298259735 10284
1783099998576 0.20132683217525482 10285
1783099998580 0.23194526135921478 10286
1783099998585 0.2662726044654846 10287
1783099998589 0.23628845810890198 10288
1783099998593 0.1885894238948822 10289
1783099998597 0.24413850903511047 10290
1783099998601 0.19718106091022491 10291
1783099998605 0.2465634047985077 10292
1783099998610 0.21777990460395813 10293
1783099998614 0.22607967257499695 10294
1783099998619 0.22693152725696564 10295
1783099998623 0.2272399514913559 10296
1783099998627 0.2581092417240143 10297
1783099998631 0.2092793583869934 10298
1783099998635 0.20803487300872803 10299
1783099998639 0.22887936234474182 10300
1783099998644 0.19596970081329346 10301
1783099998648 0.23449908196926117 10302
1783099998652 0.23023933172225952 10303
1783099998656 0.1939796358346939 10304
1783099998660 0.2136925756931305 10305
1783099998664 0.18944653868675232 10306
1783099998870 0.2192070186138153 10307
1783099998875 0.19909796118736267 10308
1783099998879 0.2597223222255707 10309
1783099998882 0.19562913477420807 10310
1783099998885 0.2447623610496521 10311
1783099998889 0.17214688658714294 10312
1783099998892 0.22262708842754364 10313
1783099998896 0.23719584941864014 10314
1783099998899 0.23249396681785583 10315
1783099998902 0.24013184010982513 10316
1783099998906 0.23362398147583008 10317
1783099998909 0.20813792943954468 10318
1783099998913 0.2308550328016281 10319
1783099998916 0.17839685082435608 10320
1783099998919 0.18891146779060364 10321
1783099998924 0.20677560567855835 10322
1783099998928 0.22552825510501862 10323
1783099998932 0.19225721061229706 10324
1783099998936 0.2580154538154602 10325
1783099998939 0.20891019701957703 10326
1783099998944 0.23628725111484528 10327
1783099998948 0.24760666489601135 10328
1783099998952 0.24040427803993225 10329
1783099998956 0.22414812445640564 10330
1783099998961 0.19495388865470886 10331
1783099998964 0.25942879915237427 10332
1783099998969 0.2581208348274231 10333
1783099998973 0.18834728002548218 10334
1783099998977 0.20861583948135376 10335
1783099998981 0.24469438195228577 10336
1783099998985 0.23791933059692383 10337
1783099998989 0.21305662393569946 10338
1783099998993 0.22592929005622864 10339
1783099998998 0.29205045104026794 10340
1783099999003 0.19588810205459595 10341
1783099999008 0.22692328691482544 10342
1783099999012 0.21534723043441772 10343
1783099999016 0.26075613498687744 10344
1783099999020 0.2511938810348511 10345
1783099999025 0.21407991647720337 10346
1783099999028 0.22048835456371307 10347
1783099999032 0.24257121980190277 10348
1783099999036 0.21850892901420593 10349
1783099999040 0.2137867510318756 10350
1783099999044 0.20876824855804443 10351
1783099999048 0.2368302047252655 10352
1783099999052 0.21586354076862335 10353
1783099999056 0.24691739678382874 10354
1783099999061 0.22386443614959717 10355
1783099999066 0.2504456639289856 10356
1783099999070 0.24262388050556183 10357
1783099999075 0.29369956254959106 10358
1783099999079 0.2519015371799469 10359
1783099999083 0.23697006702423096 10360
1783099999088 0.25245174765586853 10361
1783099999093 0.20694796741008759 10362
1783099999098 0.2210816740989685 10363
1783099999102 0.236642524600029 10364
1783099999107 0.23017364740371704 10365
1783099999112 0.21870914101600647 10366
1783099999116 0.2396947145462036 10367
1783099999120 0.2596636414527893 10368
1783099999124 0.2418598234653473 10369
1783099999128 0.24960342049598694 10370
1783099999133 0.20678094029426575 10371
1783099999137 0.3323136270046234 10372
1783099999141 0.2337091863155365 10373
1783099999145 0.2120152711868286 10374
1783099999149 0.2268875241279602 10375
1783099999153 0.2535000741481781 10376
1783099999157 0.24237889051437378 10377
1783099999161 0.2876662015914917 10378
1783099999164 0.24393795430660248 10379
1783099999168 0.20873917639255524 10380
1783099999171 0.28906822204589844 10381
1783099999176 0.3020833730697632 10382
1783099999179 0.24705708026885986 10383
1783099999183 0.25104230642318726 10384
1783099999187 0.2932695150375366 10385
1783099999192 0.23175625503063202 10386
1783099999197 0.24258340895175934 10387
1783099999202 0.20381619036197662 10388
1783099999207 0.2528955936431885 10389
1783099999211 0.28546929359436035 10390
1783099999216 0.2559371888637543 10391
1783099999221 0.25965872406959534 10392
1783099999225 0.2822226285934448 10393
1783099999229 0.2538670301437378 10394
1783099999233 0.2586047053337097 10395
1783099999237 0.21778300404548645 10396
1783099999241 0.24269405007362366 10397
1783099999245 0.2750028669834137 10398
1783099999249 0.23589655756950378 10399
1783099999253 0.24347954988479614 10400
1783099999258 0.30140385031700134 10401
1783099999262 0.25295814871788025 10402
1783099999267 0.26198235154151917 10403
1783099999271 0.22660040855407715 10404
1783099999275 0.2980613708496094 10405
1783099999279 0.22615787386894226 10406
1783099999283 0.24905645847320557 10407
1783099999287 0.2790714204311371 10408
1783099999291 0.20883452892303467 10409
1783099999295 0.2779653072357178 10410
1783099999299 0.26912030577659607 10411
1783099999303 0.21760880947113037 10412
1783099999307 0.2307768166065216 10413
1783099999311 0.2567708492279053 10414
1783099999316 0.28647416830062866 10415
1783099999320 0.28701159358024597 10416
1783099999323 0.28904733061790466 10417
1783099999328 0.23250678181648254 10418
1783099999332 0.2496330440044403 10419
1783099999336 0.20862111449241638 10420
1783099999340 0.239651620388031 10421
1783099999344 0.23260563611984253 10422
1783099999348 0.223825141787529 10423
1783099999352 0.27249032258987427 10424
1783099999357 0.2762874960899353 10425
1783099999361 0.2284875512123108 10426
1783099999366 0.2669532001018524 10427
1783099999370 0.25379014015197754 10428
1783099999374 0.28526070713996887 10429
1783099999378 0.22246381640434265 10430
1783099999382 0.25743022561073303 10431
1783099999386 0.24321100115776062 10432
1783099999390 0.2817096710205078 10433
1783099999395 0.32088106870651245 10434
1783099999399 0.2797054946422577 10435
1783099999403 0.2789151072502136 10436
1783099999407 0.2662389874458313 10437
1783099999411 0.28497400879859924 10438
1783099999416 0.2537672817707062 10439
1783099999420 0.25544801354408264 10440
1783099999424 0.3124072551727295 10441
1783099999428 0.24275293946266174 10442
1783099999432 0.2427649199962616 10443
1783099999436 0.2319520115852356 10444
1783099999440 0.2591228187084198 10445
1783099999444 0.24014228582382202 10446
1783099999448 0.20254641771316528 10447
1783099999452 0.24250704050064087 10448
1783099999456 0.2987414002418518 10449
1783099999459 0.28422218561172485 10450
1783099999464 0.27367955446243286 10451
1783099999468 0.27531346678733826 10452
1783099999472 0.29776209592819214 10453
1783099999476 0.2312941700220108 10454
1783099999480 0.26217666268348694 10455
1783099999484 0.28921353816986084 10456
1783099999488 0.2703631818294525 10457
1783099999492 0.23162703216075897 10458
1783099999496 0.23498469591140747 10459
1783099999500 0.2823673188686371 10460
1783099999505 0.24744199216365814 10461
1783099999508 0.2327665537595749 10462
1783099999513 0.252792626619339 10463
1783099999517 0.2719385623931885 10464
1783099999521 0.30077821016311646 10465
1783099999525 0.26188912987709045 10466
1783099999530 0.2710734009742737 10467
1783099999534 0.2656756341457367 10468
1783099999539 0.2731460928916931 10469
1783099999544 0.2704114317893982 10470
1783099999548 0.2949141561985016 10471
1783099999553 0.2519860863685608 10472
1783099999557 0.25427183508872986 10473
1783099999561 0.2634883522987366 10474
1783099999564 0.31511765718460083 10475
1783099999567 0.26237690448760986 10476
1783099999570 0.23813986778259277 10477
1783099999573 0.25183096528053284 10478
1783099999577 0.22451192140579224 10479
1783099999580 0.24815785884857178 10480
1783099999585 0.2108362466096878 10481
1783099999589 0.278184175491333 10482
1783099999593 0.24171629548072815 10483
1783099999598 0.2175075113773346 10484
1783099999602 0.2806527614593506 10485
1783099999606 0.24726685881614685 10486
1783099999610 0.24881267547607422 10487
1783099999614 0.26490235328674316 10488
1783099999618 0.27299368381500244 10489
1783099999622 0.2835124433040619 10490
1783099999626 0.27255934476852417 10491
1783099999630 0.25761669874191284 10492
1783099999635 0.24296432733535767 10493
1783099999640 0.2510102391242981 10494
1783099999645 0.2537810504436493 10495
1783099999649 0.2660299241542816 10496
1783099999653 0.2668226361274719 10497
1783099999657 0.2726800739765167 10498
1783099999662 0.269478440284729 10499
1783099999666 0.2912720739841461 10500
1783099999672 0.288655161857605 10501
1783099999677 0.2794603109359741 10502
1783099999682 0.22257384657859802 10503
1783099999687 0.2266317903995514 10504
1783099999693 0.29955148696899414 10505
1783099999700 0.19696980714797974 10506
1783099999705 0.2243754118680954 10507
1783099999711 0.2363942563533783 10508
1783099999716 0.26283833384513855 10509
1783099999721 0.23244911432266235 10510
1783099999725 0.28235408663749695 10511
1783099999729 0.2731878161430359 10512
1783099999734 0.2542250454425812 10513
1783099999738 0.29913222789764404 10514
1783099999743 0.24248099327087402 10515
1783099999747 0.28112083673477173 10516
1783099999751 0.2463388741016388 10517
1783099999755 0.19978900253772736 10518
1783099999760 0.2877105474472046 10519
1783099999765 0.27541154623031616 10520
1783099999770 0.23846954107284546 10521
1783099999774 0.2089979499578476 10522
1783099999778 0.24314820766448975 10523
1783099999782 0.27999934554100037 10524
1783099999786 0.2896089553833008 10525
1783099999791 0.200336754322052 10526
1783099999795 0.21595600247383118 10527
1783099999800 0.22763629257678986 10528
1783099999803 0.22720274329185486 10529
1783099999807 0.2570861577987671 10530
1783099999812 0.2908257842063904 10531
1783099999816 0.25586098432540894 10532
1783099999821 0.25900426506996155 10533
1783099999825 0.25667986273765564 10534
1783099999829 0.21638843417167664 10535
1783099999833 0.3129397928714752 10536
1783099999837 0.30493423342704773 10537
1783099999841 0.28620630502700806 10538
1783099999845 0.2778610289096832 10539
1783099999849 0.3123425841331482 10540
1783099999853 0.25933587551116943 10541
1783099999857 0.22340127825737 10542
1783099999862 0.2600057125091553 10543
1783099999867 0.30453503131866455 10544
1783099999871 0.23406313359737396 10545
1783099999876 0.23914334177970886 10546
1783099999880 0.2854602336883545 10547
1783099999885 0.25433260202407837 10548
1783099999890 0.2467132955789566 10549
1783099999894 0.2534012794494629 10550
1783099999898 0.2655861973762512 10551
1783099999902 0.26188066601753235 10552
1783099999907 0.2094423621892929 10553
1783099999911 0.2419416904449463 10554
1783099999916 0.2697765529155731 10555
1783099999921 0.2455190122127533 10556
1783099999925 0.22242890298366547 10557
1783099999929 0.2423829734325409 10558
1783099999933 0.22352901101112366 10559
1783099999936 0.21566712856292725 10560
1783099999939 0.19951699674129486 10561
1783099999942 0.2518373727798462 10562
1783099999945 0.24977079033851624 10563
1783099999949 0.2521688938140869 10564
1783099999952 0.2872794270515442 10565
1783099999955 0.20687660574913025 10566
1783099999959 0.23907998204231262 10567
1783099999964 0.29578304290771484 10568
1783099999968 0.22049500048160553 10569
1783099999972 0.22278623282909393 10570
1783099999976 0.24088025093078613 10571
1783099999980 0.1946437954902649 10572
1783099999984 0.2740800976753235 10573
1783099999988 0.24960322678089142 10574
1783099999992 0.26584163308143616 10575
1783099999996 0.2525565028190613 10576
1783100000000 0.2527264654636383 10577
1783100000005 0.257424533367157 10578
1783100000009 0.2579248249530792 10579
1783100000014 0.2212686538696289 10580
1783100000019 0.24657495319843292 10581
1783100000024 0.23549708724021912 10582
1783100000028 0.27829214930534363 10583
1783100000033 0.22294571995735168 10584
1783100000037 0.2406335473060608 10585
1783100000041 0.2512575387954712 10586
1783100000046 0.23102609813213348 10587
1783100000050 0.26404869556427 10588
1783100000054 0.26030194759368896 10589
1783100000058 0.2342642843723297 10590
1783100000063 0.2212853580713272 10591
1783100000067 0.24986930191516876 10592
1783100000071 0.2057969719171524 10593
1783100000076 0.2647896707057953 10594
1783100000080 0.22417816519737244 10595
1783100000084 0.2230105996131897 10596
1783100000088 0.21252383291721344 10597
1783100000092 0.2518003582954407 10598
1783100000096 0.23604638874530792 10599
1783100000100 0.23408466577529907 10600
1783100000104 0.28177177906036377 10601
1783100000109 0.2609362304210663 10602
1783100000113 0.2053992748260498 10603
1783100000117 0.23159432411193848 10604
1783100000121 0.24447056651115417 10605
1783100000126 0.27434536814689636 10606
1783100000130 0.1950858235359192 10607
1783100000135 0.21792250871658325 10608
1783100000139 0.22886259853839874 10609
1783100000143 0.2657126188278198 10610
1783100000147 0.2197522521018982 10611
1783100000151 0.21211540699005127 10612
1783100000155 0.24864594638347626 10613
1783100000160 0.2814391851425171 10614
1783100000164 0.23784847557544708 10615
1783100000168 0.27481722831726074 10616
1783100000172 0.28951841592788696 10617
1783100000177 0.23821313679218292 10618
1783100000181 0.2891204357147217 10619
1783100000185 0.23781085014343262 10620
1783100000189 0.22711214423179626 10621
1783100000193 0.2072310745716095 10622
1783100000197 0.2926969528198242 10623
1783100000201 0.24752506613731384 10624
1783100000205 0.22959023714065552 10625
1783100000209 0.2639051675796509 10626
1783100000213 0.2952353358268738 10627
1783100000217 0.25727635622024536 10628
1783100000221 0.23824270069599152 10629
1783100000225 0.22755560278892517 10630
1783100000230 0.26596930623054504 10631
1783100000234 0.25515294075012207 10632
1783100000238 0.23952490091323853 10633
1783100000242 0.31511804461479187 10634
1783100000247 0.22394436597824097 10635
1783100000251 0.21137380599975586 10636
1783100000255 0.281787633895874 10637
1783100000259 0.37282177805900574 10638
1783100000264 0.2529291808605194 10639
1783100000268 0.24866880476474762 10640
1783100000273 0.24899083375930786 10641
1783100000277 0.26448699831962585 10642
1783100000280 0.24747326970100403 10643
1783100000284 0.24433112144470215 10644
1783100000287 0.2568565011024475 10645
1783100000290 0.23825320601463318 10646
1783100000293 0.27498066425323486 10647
1783100000298 0.22444361448287964 10648
1783100000301 0.2538328170776367 10649
1783100000305 0.2713954448699951 10650
1783100000308 0.284074068069458 10651
1783100000311 0.27210158109664917 10652
1783100000314 0.29820334911346436 10653
1783100000317 0.22826558351516724 10654
1783100000322 0.274785578250885 10655
1783100000326 0.23413905501365662 10656
1783100000329 0.3034108877182007 10657
1783100000332 0.22185808420181274 10658
1783100000336 0.2842763066291809 10659
1783100000339 0.259842187166214 10660
1783100000342 0.3114951252937317 10661
1783100000345 0.20570889115333557 10662
1783100000348 0.22402971982955933 10663
1783100000351 0.21121534705162048 10664
1783100000354 0.25833991169929504 10665
1783100000357 0.26292577385902405 10666
1783100000360 0.2717340290546417 10667
1783100000364 0.33686190843582153 10668
1783100000368 0.24900826811790466 10669
1783100000372 0.2568374276161194 10670
1783100000377 0.23522529006004333 10671
1783100000381 0.23948660492897034 10672
1783100000384 0.25590792298316956 10673
1783100000388 0.23388263583183289 10674
1783100000393 0.24637484550476074 10675
1783100000396 0.3047053813934326 10676
1783100000399 0.22489427030086517 10677
1783100000403 0.2592799961566925 10678
1783100000406 0.21627452969551086 10679
1783100000409 0.265778511762619 10680
1783100000412 0.25195544958114624 10681
1783100000416 0.27521440386772156 10682
1783100000419 0.2205052375793457 10683
1783100000422 0.22449013590812683 10684
1783100000427 0.21957090497016907 10685
1783100000431 0.23114566504955292 10686
1783100000435 0.2476547360420227 10687
1783100000439 0.23963692784309387 10688
1783100000443 0.2495008409023285 10689
1783100000448 0.2477879822254181 10690
1783100000452 0.30215513706207275 10691
1783100000455 0.2554880976676941 10692
1783100000459 0.28743603825569153 10693
1783100000463 0.23958392441272736 10694
1783100000467 0.21296358108520508 10695
1783100000471 0.2766530215740204 10696
1783100000475 0.27343910932540894 10697
1783100000479 0.27937009930610657 10698
1783100000483 0.26239335536956787 10699
1783100000487 0.242049440741539 10700
1783100000492 0.27316564321517944 10701
1783100000496 0.2727023661136627 10702
1783100000500 0.22812306880950928 10703
1783100000504 0.23968885838985443 10704
1783100000508 0.28787121176719666 10705
1783100000512 0.24178241193294525 10706
1783100000516 0.23679745197296143 10707
1783100000519 0.299130380153656 10708
1783100000521 0.20855841040611267 10709
1783100000524 0.28190138936042786 10710
1783100000533 0.2724965810775757 10711
1783100000537 0.30346596240997314 10712
1783100000542 0.28641459345817566 10713
1783100000546 0.21888047456741333 10714
1783100000551 0.2686881422996521 10715
1783100000555 0.24679377675056458 10716
1783100000559 0.28292375802993774 10717
1783100000562 0.22464030981063843 10718
1783100000566 0.25038349628448486 10719
1783100000570 0.2195470631122589 10720
1783100000574 0.31025204062461853 10721
1783100000578 0.25962039828300476 10722
1783100000582 0.29617029428482056 10723
1783100000587 0.2896976172924042 10724
1783100000591 0.21494996547698975 10725
1783100000595 0.23530100286006927 10726
1783100000599 0.2780693769454956 10727
1783100000603 0.20710445940494537 10728
1783100000606 0.2535078823566437 10729
1783100000610 0.23167924582958221 10730
1783100000614 0.22471816837787628 10731
1783100000616 0.32233864068984985 10732
1783100000619 0.2566272020339966 10733
1783100000622 0.24805518984794617 10734
1783100000626 0.3041408956050873 10735
1783100000629 0.24403882026672363 10736
1783100000634 0.20342108607292175 10737
1783100000638 0.2945711612701416 10738
1783100000643 0.28350380063056946 10739
1783100000647 0.23646193742752075 10740
1783100000651 0.27051299810409546 10741
1783100000655 0.2670493423938751 10742
1783100000658 0.27560728788375854 10743
1783100000662 0.25758373737335205 10744
1783100000666 0.3067089319229126 10745
1783100000670 0.21197918057441711 10746
1783100000674 0.2534123659133911 10747
1783100000678 0.28335341811180115 10748
1783100000682 0.28124016523361206 10749
1783100000686 0.2405404895544052 10750
1783100000690 0.26550596952438354 10751
1783100000694 0.25431889295578003 10752
1783100000697 0.24444414675235748 10753
1783100000701 0.2311813235282898 10754
1783100000705 0.241935133934021 10755
1783100000709 0.24638694524765015 10756
1783100000712 0.19654017686843872 10757
1783100000716 0.2377564162015915 10758
1783100000720 0.2581263780593872 10759
1783100000724 0.2662133276462555 10760
1783100000727 0.2711454927921295 10761
1783100000732 0.23624557256698608 10762
1783100000736 0.28255555033683777 10763
1783100000740 0.2400176078081131 10764
1783100000744 0.26913905143737793 10765
1783100000748 0.25876179337501526 10766
1783100000752 0.2205018550157547 10767
1783100000756 0.23907966911792755 10768
1783100000760 0.22268444299697876 10769
1783100000764 0.2712250351905823 10770
1783100000768 0.2594751715660095 10771
1783100000772 0.23965251445770264 10772
1783100000776 0.27832239866256714 10773
1783100000780 0.22315910458564758 10774
1783100000784 0.24556240439414978 10775
1783100000788 0.26264074444770813 10776
1783100000792 0.20564822852611542 10777
1783100000796 0.1835119128227234 10778
1783100000800 0.22203505039215088 10779
1783100000804 0.21802586317062378 10780
1783100000808 0.2261992245912552 10781
1783100000812 0.24613721668720245 10782
1783100000816 0.23646804690361023 10783
1783100000820 0.28982874751091003 10784
1783100000824 0.3101264536380768 10785
1783100000828 0.2101007103919983 10786
1783100000832 0.24773865938186646 10787
1783100000836 0.243770569562912 10788
1783100000840 0.2241920381784439 10789
1783100000844 0.25105616450309753 10790
1783100000848 0.2302495390176773 10791
1783100000852 0.2092062085866928 10792
1783100000856 0.19630104303359985 10793
1783100000860 0.31036320328712463 10794
1783100000864 0.2334306389093399 10795
1783100000868 0.2714766263961792 10796
1783100000872 0.2525974214076996 10797
1783100000876 0.23783856630325317 10798
1783100000880 0.24162697792053223 10799
1783100000885 0.2920389175415039 10800
1783100000889 0.2270781695842743 10801
1783100000893 0.2428913116455078 10802
1783100000896 0.24350471794605255 10803
1783100000899 0.21454480290412903 10804
1783100000902 0.2687954306602478 10805
1783100000905 0.2135765701532364 10806
1783100000908 0.21475863456726074 10807
1783100000911 0.261924684047699 10808
1783100000914 0.26150259375572205 10809
1783100000917 0.25778234004974365 10810
1783100000920 0.2201411873102188 10811
1783100000923 0.2553422152996063 10812
1783100000926 0.21603766083717346 10813
1783100000930 0.23099598288536072 10814
1783100000935 0.2742365002632141 10815
1783100000941 0.2760199308395386 10816
1783100000946 0.2548344135284424 10817
1783100000951 0.27254319190979004 10818
1783100000955 0.24190962314605713 10819
1783100000960 0.2865525782108307 10820
1783100000965 0.24439522624015808 10821
1783100000970 0.2886683940887451 10822
1783100000974 0.3223322927951813 10823
1783100000978 0.2647298574447632 10824
1783100000983 0.3140624761581421 10825
1783100000987 0.20258697867393494 10826
1783100000992 0.263977587223053 10827
1783100000999 0.27217352390289307 10828
1783100001007 0.22869020700454712 10829
1783100001012 0.21427059173583984 10830
1783100001017 0.28260278701782227 10831
1783100001022 0.25924569368362427 10832
1783100001027 0.2628374993801117 10833
1783100001031 0.25601744651794434 10834
1783100001035 0.25240105390548706 10835
1783100001040 0.28756144642829895 10836
1783100001045 0.2389826774597168 10837
1783100001049 0.26891326904296875 10838
1783100001052 0.22000694274902344 10839
1783100001056 0.26556912064552307 10840
1783100001059 0.22587858140468597 10841
1783100001063 0.2374659925699234 10842
1783100001066 0.20464402437210083 10843
1783100001069 0.2560867667198181 10844
1783100001073 0.2530689239501953 10845
1783100001076 0.2524430751800537 10846
1783100001079 0.19803524017333984 10847
1783100001083 0.22701309621334076 10848
1783100001086 0.2517040967941284 10849
1783100001089 0.2732091546058655 10850
1783100001094 0.2122095227241516 10851
1783100001098 0.2370890974998474 10852
1783100001102 0.21213579177856445 10853
1783100001105 0.22864152491092682 10854
1783100001109 0.23911195993423462 10855
1783100001112 0.23507258296012878 10856
1783100001116 0.2468305081129074 10857
1783100001119 0.23088060319423676 10858
1783100001122 0.24432021379470825 10859
1783100001126 0.2569673955440521 10860
1783100001129 0.22603248059749603 10861
1783100001132 0.2914406955242157 10862
1783100001136 0.25679993629455566 10863
1783100001140 0.22794678807258606 10864
1783100001145 0.2522069811820984 10865
1783100001150 0.2400558739900589 10866
1783100001153 0.23413994908332825 10867
1783100001157 0.27323687076568604 10868
1783100001160 0.2619251608848572 10869
1783100001163 0.23849841952323914 10870
1783100001167 0.2811891436576843 10871
1783100001171 0.2658568024635315 10872
1783100001175 0.27275124192237854 10873
1783100001179 0.21758967638015747 10874
1783100001183 0.2903870642185211 10875
1783100001187 0.24523036181926727 10876
1783100001192 0.229211688041687 10877
1783100001196 0.18235555291175842 10878
1783100001200 0.25385937094688416 10879
1783100001205 0.2528360188007355 10880
1783100001209 0.3511212468147278 10881
1783100001213 0.2110927402973175 10882
1783100001218 0.29675450921058655 10883
1783100001222 0.24752341210842133 10884
1783100001226 0.2850727438926697 10885
1783100001230 0.1932831108570099 10886
1783100001234 0.23910170793533325 10887
1783100001238 0.2597809433937073 10888
1783100001242 0.3093399405479431 10889
1783100001247 0.2856360077857971 10890
1783100001251 0.24575038254261017 10891
1783100001256 0.2172737568616867 10892
1783100001260 0.23135210573673248 10893
1783100001264 0.24170932173728943 10894
1783100001268 0.23611275851726532 10895
1783100001272 0.2621942162513733 10896
1783100001276 0.2570159137248993 10897
1783100001280 0.24307948350906372 10898
1783100001284 0.2620195150375366 10899
1783100001289 0.24411669373512268 10900
1783100001293 0.21115835011005402 10901
1783100001297 0.20926916599273682 10902
1783100001302 0.2568345367908478 10903
1783100001307 0.25411301851272583 10904
1783100001311 0.28012335300445557 10905
1783100001315 0.26605457067489624 10906
1783100001319 0.23265063762664795 10907
1783100001323 0.22720402479171753 10908
1783100001327 0.24079419672489166 10909
1783100001331 0.21734261512756348 10910
1783100001335 0.26641905307769775 10911
1783100001339 0.22392503917217255 10912
1783100001343 0.2613350450992584 10913
1783100001347 0.2521151900291443 10914
1783100001351 0.26315754652023315 10915
1783100001356 0.24485993385314941 10916
1783100001360 0.2419833391904831 10917
1783100001364 0.25985410809516907 10918
1783100001371 0.2814350426197052 10919
1783100001375 0.22067329287528992 10920
1783100001379 0.2631154954433441 10921
1783100001384 0.22464066743850708 10922
1783100001388 0.23842939734458923 10923
1783100001392 0.2442338615655899 10924
1783100001396 0.25278881192207336 10925
1783100001401 0.297311007976532 10926
1783100001405 0.2749267816543579 10927
1783100001409 0.23132771253585815 10928
1783100001414 0.23730367422103882 10929
1783100001418 0.2613583505153656 10930
1783100001422 0.24998396635055542 10931
1783100001426 0.27823740243911743 10932
1783100001430 0.293582558631897 10933
1783100001434 0.26757901906967163 10934
1783100001438 0.21384811401367188 10935
1783100001442 0.2960972785949707 10936
1783100001447 0.2691647708415985 10937
1783100001451 0.2297160029411316 10938
1783100001455 0.2453046292066574 10939
1783100001459 0.29781341552734375 10940
1783100001463 0.23440754413604736 10941
1783100001467 0.2758791446685791 10942
1783100001471 0.2709069550037384 10943
1783100001475 0.29714325070381165 10944
1783100001480 0.249815434217453 10945
1783100001484 0.23600518703460693 10946
1783100001488 0.2666693925857544 10947
1783100001492 0.26885873079299927 10948
1783100001497 0.29941505193710327 10949
1783100001502 0.27716556191444397 10950
1783100001505 0.30136555433273315 10951
1783100001508 0.27948319911956787 10952
1783100001511 0.2430528849363327 10953
1783100001514 0.24207749962806702 10954
1783100001517 0.27572619915008545 10955
1783100001521 0.2176228165626526 10956
1783100001524 0.2552799880504608 10957
1783100001528 0.24506205320358276 10958
1783100001532 0.25729405879974365 10959
1783100001536 0.2931123673915863 10960
1783100001540 0.2513080835342407 10961
1783100001545 0.22951842844486237 10962
1783100001549 0.2889239192008972 10963
1783100001552 0.24458235502243042 10964
1783100001556 0.25603631138801575 10965
1783100001559 0.2680845856666565 10966
1783100001562 0.25725579261779785 10967
1783100001566 0.24856269359588623 10968
1783100001571 0.23410537838935852 10969
1783100001574 0.3215321898460388 10970
1783100001579 0.27993908524513245 10971
1783100001583 0.26019179821014404 10972
1783100001587 0.3120771646499634 10973
1783100001591 0.2669658362865448 10974
1783100001596 0.2880079746246338 10975
1783100001601 0.27644193172454834 10976
1783100001605 0.19535225629806519 10977
1783100001609 0.2895960807800293 10978
1783100001614 0.29145655035972595 10979
1783100001618 0.23681512475013733 10980
1783100001622 0.2674523591995239 10981
1783100001626 0.29882439970970154 10982
1783100001630 0.3147429823875427 10983
1783100001634 0.3109836280345917 10984
1783100001638 0.266865074634552 10985
1783100001642 0.26164838671684265 10986
1783100001646 0.2441418170928955 10987
1783100001651 0.29779988527297974 10988
1783100001655 0.28251367807388306 10989
1783100001659 0.25446444749832153 10990
1783100001664 0.2775329649448395 10991
1783100001668 0.29759320616722107 10992
1783100001672 0.23725692927837372 10993
1783100001676 0.24713295698165894 10994
1783100001680 0.26046159863471985 10995
1783100001684 0.23567983508110046 10996
1783100001688 0.2443825900554657 10997
1783100001692 0.21582983434200287 10998
1783100001696 0.3033020496368408 10999
1783100001700 0.28542864322662354 11000
1783100001705 0.24933576583862305 11001
1783100001709 0.2679646909236908 11002
1783100001713 0.27141883969306946 11003
1783100001717 0.3030218183994293 11004
1783100001722 0.3324401378631592 11005
1783100001726 0.2991981506347656 11006
1783100001730 0.27825337648391724 11007
1783100001734 0.2457573413848877 11008
1783100001738 0.24320538341999054 11009
1783100001742 0.3181930184364319 11010
1783100001746 0.28415173292160034 11011
1783100001750 0.26246634125709534 11012
1783100001756 0.3172150254249573 11013
1783100001761 0.2565104067325592 11014
1783100001765 0.4122781753540039 11015
1783100001770 0.2729054093360901 11016
1783100001774 0.26886218786239624 11017
1783100001778 0.25834763050079346 11018
1783100001783 0.2593401372432709 11019
1783100001787 0.31478190422058105 11020
1783100001791 0.2775009274482727 11021
1783100001795 0.3096792697906494 11022
1783100001798 0.2534060776233673 11023
1783100001803 0.26673218607902527 11024
1783100001808 0.35604462027549744 11025
1783100001812 0.2553197145462036 11026
1783100001817 0.24319322407245636 11027
1783100001821 0.28427135944366455 11028
1783100001825 0.2805480360984802 11029
1783100001829 0.26440179347991943 11030
1783100001833 0.31743812561035156 11031
1783100001837 0.2874385714530945 11032
1783100001841 0.2859097123146057 11033
1783100001845 0.25598272681236267 11034
1783100001849 0.3213872015476227 11035
1783100001854 0.30699658393859863 11036
1783100001858 0.2852657437324524 11037
1783100001863 0.26771384477615356 11038
1783100001866 0.28923022747039795 11039
1783100001869 0.2948766350746155 11040
1783100001873 0.2597818970680237 11041
1783100001877 0.2854722738265991 11042
1783100001881 0.3246840238571167 11043
1783100001884 0.2596307694911957 11044
1783100001888 0.285799503326416 11045
1783100001891 0.33465081453323364 11046
1783100001894 0.31293320655822754 11047
1783100001898 0.2876492738723755 11048
1783100001901 0.2750012278556824 11049
1783100001905 0.2890075147151947 11050
1783100001910 0.2926452159881592 11051
1783100001914 0.2610826790332794 11052
1783100001917 0.30805453658103943 11053
1783100001921 0.3209851384162903 11054
1783100001924 0.2981780171394348 11055
1783100001927 0.33715206384658813 11056
1783100001930 0.27923786640167236 11057
1783100001933 0.3509905934333801 11058
1783100001936 0.3631743788719177 11059
1783100001939 0.3086402416229248 11060
1783100001942 0.28814059495925903 11061
1783100001945 0.25672245025634766 11062
1783100001948 0.2957923114299774 11063
1783100001951 0.251867413520813 11064
1783100001954 0.3293318450450897 11065
1783100001959 0.2841184735298157 11066
1783100001963 0.2573540210723877 11067
1783100001967 0.2964036762714386 11068
1783100001971 0.29366791248321533 11069
1783100001975 0.2654343247413635 11070
1783100001978 0.26720041036605835 11071
1783100001982 0.3147660791873932 11072
1783100001986 0.3142209053039551 11073
1783100001990 0.3110330104827881 11074
1783100001993 0.27157339453697205 11075
1783100001997 0.289347767829895 11076
1783100002001 0.3179240822792053 11077
1783100002005 0.26693710684776306 11078
1783100002009 0.27977243065834045 11079
1783100002014 0.24529901146888733 11080
1783100002018 0.2630442678928375 11081
1783100002022 0.30470073223114014 11082
1783100002026 0.31059080362319946 11083
1783100002030 0.29019999504089355 11084
1783100002034 0.29992467164993286 11085
1783100002038 0.30600395798683167 11086
1783100002042 0.29157131910324097 11087
1783100002045 0.27527713775634766 11088
1783100002048 0.30092716217041016 11089
1783100002051 0.2827186584472656 11090
1783100002054 0.24315094947814941 11091
1783100002058 0.2914727032184601 11092
1783100002062 0.26899218559265137 11093
1783100002066 0.3486332297325134 11094
1783100002070 0.2746238708496094 11095
1783100002073 0.3131456971168518 11096
1783100002076 0.24583426117897034 11097
1783100002079 0.24795927107334137 11098
1783100002082 0.23106881976127625 11099
1783100002085 0.2222420573234558 11100
1783100002088 0.25872665643692017 11101
1783100002091 0.32337701320648193 11102
1783100002094 0.3368639647960663 11103
1783100002097 0.32906976342201233 11104
1783100002101 0.2852966785430908 11105
1783100002103 0.3208787143230438 11106
1783100002106 0.2742525041103363 11107
1783100002111 0.27322229743003845 11108
1783100002115 0.330141544342041 11109
1783100002119 0.2626861333847046 11110
1783100002122 0.29521647095680237 11111
1783100002125 0.29228222370147705 11112
1783100002129 0.2770410180091858 11113
1783100002131 0.26313596963882446 11114
1783100002134 0.32139694690704346 11115
1783100002137 0.3086114823818207 11116
1783100002140 0.30196452140808105 11117
1783100002143 0.33062124252319336 11118
1783100002146 0.32966679334640503 11119
1783100002149 0.30193081498146057 11120
1783100002152 0.26462113857269287 11121
1783100002155 0.3285410404205322 11122
1783100002158 0.28669556975364685 11123
1783100002163 0.33360758423805237 11124
1783100002167 0.2739572525024414 11125
1783100002171 0.2621103823184967 11126
1783100002175 0.3367921710014343 11127
1783100002179 0.2651921808719635 11128
1783100002183 0.30872416496276855 11129
1783100002187 0.2923164963722229 11130
1783100002191 0.2603609263896942 11131
1783100002195 0.2941458523273468 11132
1783100002198 0.31043243408203125 11133
1783100002202 0.29298919439315796 11134
1783100002206 0.2534871995449066 11135
1783100002210 0.2546517848968506 11136
1783100002215 0.2920133173465729 11137
1783100002219 0.31733065843582153 11138
1783100002223 0.22516101598739624 11139
1783100002227 0.26211321353912354 11140
1783100002231 0.2674429714679718 11141
1783100002235 0.28112146258354187 11142
1783100002239 0.22914285957813263 11143
1783100002243 0.25806477665901184 11144
1783100002247 0.28535786271095276 11145
1783100002251 0.30878353118896484 11146
1783100002255 0.2833912670612335 11147
1783100002259 0.2811763286590576 11148
1783100002264 0.2694312334060669 11149
1783100002269 0.2884853780269623 11150
1783100002273 0.33163392543792725 11151
1783100002277 0.27194881439208984 11152
1783100002281 0.25328683853149414 11153
1783100002285 0.3107110261917114 11154
1783100002289 0.2821103632450104 11155
1783100002293 0.2616236209869385 11156
1783100002297 0.261089026927948 11157
1783100002301 0.2520449161529541 11158
1783100002304 0.30151239037513733 11159
1783100002309 0.29963186383247375 11160
1783100002314 0.29692837595939636 11161
1783100002320 0.3223317861557007 11162
1783100002325 0.212174654006958 11163
1783100002330 0.24300628900527954 11164
1783100002335 0.261905312538147 11165
1783100002340 0.2638302445411682 11166
1783100002345 0.28415417671203613 11167
1783100002350 0.30319589376449585 11168
1783100002354 0.2073521912097931 11169
1783100002359 0.27144694328308105 11170
1783100002363 0.34723061323165894 11171
1783100002367 0.2806461453437805 11172
1783100002371 0.29107600450515747 11173
1783100002375 0.2991728186607361 11174
1783100002379 0.28401297330856323 11175
1783100002382 0.2523759603500366 11176
1783100002385 0.2922610640525818 11177
1783100002388 0.27636438608169556 11178
1783100002391 0.28365516662597656 11179
1783100002394 0.2744147479534149 11180
1783100002398 0.2732422649860382 11181
1783100002401 0.2383517324924469 11182
1783100002404 0.31624436378479004 11183
1783100002407 0.23822006583213806 11184
1783100002410 0.2766086757183075 11185
1783100002413 0.28179773688316345 11186
1783100002417 0.3587801158428192 11187
1783100002422 0.2667362093925476 11188
1783100002427 0.27498659491539 11189
1783100002430 0.32238173484802246 11190
1783100002433 0.299671471118927 11191
1783100002436 0.24363085627555847 11192
1783100002439 0.23982658982276917 11193
1783100002442 0.3002907633781433 11194
1783100002445 0.24856866896152496 11195
1783100002448 0.23865672945976257 11196
1783100002452 0.2581709027290344 11197
1783100002456 0.2491096407175064 11198
1783100002460 0.26203590631484985 11199
1783100002464 0.2540973424911499 11200
1783100002468 0.24339541792869568 11201
1783100002472 0.28352317214012146 11202
1783100002477 0.3216738700866699 11203
1783100002480 0.272164911031723 11204
1783100002483 0.25163978338241577 11205
1783100002486 0.2635209560394287 11206
1783100002489 0.2482190728187561 11207
1783100002492 0.20757824182510376 11208
1783100002495 0.2302357703447342 11209
1783100002498 0.24387097358703613 11210
1783100002506 0.23744076490402222 11211
1783100002510 0.2405165284872055 11212
1783100002513 0.2360343337059021 11213
1783100002516 0.2085305154323578 11214
1783100002520 0.32396388053894043 11215
1783100002525 0.23630043864250183 11216
1783100002529 0.2587658166885376 11217
1783100002534 0.28972238302230835 11218
1783100002539 0.2325189709663391 11219
1783100002544 0.33436834812164307 11220
1783100002549 0.23393204808235168 11221
1783100002553 0.25739389657974243 11222
1783100002558 0.3076702356338501 11223
1783100002562 0.23420418798923492 11224
1783100002566 0.24057962000370026 11225
1783100002571 0.2651941180229187 11226
1783100002576 0.24316251277923584 11227
1783100002581 0.3165256977081299 11228
1783100002585 0.2630783021450043 11229
1783100002589 0.26885300874710083 11230
1783100002593 0.23578877747058868 11231
1783100002597 0.23677244782447815 11232
1783100002601 0.28883951902389526 11233
1783100002605 0.24816805124282837 11234
1783100002609 0.23562854528427124 11235
1783100002613 0.21835224330425262 11236
1783100002617 0.2822953462600708 11237
1783100002621 0.2565852403640747 11238
1783100002626 0.24742862582206726 11239
1783100002630 0.25532251596450806 11240
1783100002634 0.2601449191570282 11241
1783100002638 0.21435195207595825 11242
1783100002643 0.3108094334602356 11243
1783100002868 0.24888518452644348 11244
1783100002873 0.2566850483417511 11245
1783100002877 0.26066628098487854 11246
1783100002880 0.25150471925735474 11247
1783100002884 0.26489198207855225 11248
1783100002887 0.2013823390007019 11249
1783100002890 0.23928850889205933 11250
1783100002894 0.2911960184574127 11251
1783100002899 0.23967388272285461 11252
1783100002904 0.28447601199150085 11253
1783100002909 0.2523155212402344 11254
1783100002914 0.22596527636051178 11255
1783100002919 0.25192469358444214 11256
1783100002925 0.25717490911483765 11257
1783100002931 0.25028136372566223 11258
1783100002936 0.26932579278945923 11259
1783100002942 0.24213841557502747 11260
1783100002947 0.28289473056793213 11261
1783100002953 0.22128483653068542 11262
1783100002958 0.2880421280860901 11263
1783100002963 0.2147412896156311 11264
1783100002967 0.2564491927623749 11265
1783100002972 0.23493340611457825 11266
1783100002976 0.22060316801071167 11267
1783100002980 0.19450263679027557 11268
1783100002984 0.200901597738266 11269
1783100002988 0.24303671717643738 11270
1783100002992 0.25035449862480164 11271
1783100002996 0.23369334638118744 11272
1783100003000 0.23131969571113586 11273
1783100003004 0.2834606170654297 11274
1783100003008 0.2561686635017395 11275
1783100003013 0.24535223841667175 11276
1783100003017 0.2734932601451874 11277
1783100003021 0.2320946455001831 11278
1783100003025 0.19468869268894196 11279
1783100003028 0.2507255971431732 11280
1783100003031 0.2509213387966156 11281
1783100003034 0.24538321793079376 11282
1783100003038 0.26206615567207336 11283
1783100003041 0.23857372999191284 11284
1783100003045 0.24710796773433685 11285
1783100003048 0.28769928216934204 11286
1783100003052 0.22030766308307648 11287
1783100003055 0.25105273723602295 11288
1783100003059 0.2580019235610962 11289
1783100003064 0.27398598194122314 11290
1783100003069 0.2430422157049179 11291
1783100003073 0.3231809735298157 11292
1783100003076 0.2717593312263489 11293
1783100003079 0.2280431091785431 11294
1783100003083 0.21864508092403412 11295
1783100003086 0.21770614385604858 11296
1783100003089 0.2561458647251129 11297
1783100003092 0.26265770196914673 11298
1783100003095 0.25067833065986633 11299
1783100003098 0.23945116996765137 11300
1783100003101 0.2422167956829071 11301
1783100003104 0.2573035955429077 11302
1783100003107 0.30516016483306885 11303
1783100003111 0.22702449560165405 11304
1783100003116 0.2664814293384552 11305
1783100003120 0.26678940653800964 11306
1783100003123 0.19777390360832214 11307
1783100003127 0.24569573998451233 11308
1783100003130 0.2406546026468277 11309
1783100003133 0.2584948241710663 11310
1783100003136 0.2213384211063385 11311
1783100003139 0.211647629737854 11312
1783100003143 0.24234697222709656 11313
1783100003147 0.21737316250801086 11314
1783100003151 0.23580999672412872 11315
1783100003155 0.25144559144973755 11316
1783100003159 0.2529396712779999 11317
1783100003163 0.25284543633461 11318
1783100003167 0.23732662200927734 11319
1783100003172 0.2956213355064392 11320
1783100003176 0.26168909668922424 11321
1783100003180 0.30425915122032166 11322
1783100003184 0.27011942863464355 11323
1783100003188 0.2508050203323364 11324
1783100003191 0.25063076615333557 11325
1783100003194 0.21589317917823792 11326
1783100003197 0.26488399505615234 11327
1783100003200 0.21715758740901947 11328
1783100003203 0.2544483542442322 11329
1783100003206 0.29149430990219116 11330
1783100003209 0.2872762680053711 11331
1783100003213 0.23928402364253998 11332
1783100003218 0.2718604505062103 11333
1783100003222 0.3093035817146301 11334
1783100003226 0.25393998622894287 11335
1783100003230 0.2442709058523178 11336
1783100003234 0.21422626078128815 11337
1783100003238 0.2244682013988495 11338
1783100003242 0.26514607667922974 11339
1783100003245 0.2662923038005829 11340
1783100003249 0.27315133810043335 11341
1783100003253 0.2925271987915039 11342
1783100003257 0.20799970626831055 11343
1783100003261 0.26247668266296387 11344
1783100003266 0.2729407846927643 11345
1783100003271 0.26208171248435974 11346
1783100003276 0.25091150403022766 11347
1783100003280 0.23122648894786835 11348
1783100003285 0.2275892198085785 11349
1783100003290 0.2469332218170166 11350
1783100003294 0.23330077528953552 11351
1783100003298 0.3087168335914612 11352
1783100003303 0.26201677322387695 11353
1783100003307 0.26465919613838196 11354
1783100003311 0.3394889831542969 11355
1783100003315 0.2850342094898224 11356
1783100003320 0.308818519115448 11357
1783100003324 0.23442326486110687 11358
1783100003328 0.24513457715511322 11359
1783100003332 0.25792914628982544 11360
1783100003336 0.24803242087364197 11361
1783100003339 0.2101510763168335 11362
1783100003343 0.2895298898220062 11363
1783100003347 0.3000982105731964 11364
1783100003351 0.27797335386276245 11365
1783100003355 0.2647247314453125 11366
1783100003359 0.2958378493785858 11367
1783100003364 0.29458117485046387 11368
1783100003370 0.2971154749393463 11369
1783100003375 0.23700913786888123 11370
1783100003379 0.2297741323709488 11371
1783100003383 0.288541316986084 11372
1783100003387 0.3024592995643616 11373
1783100003391 0.24672427773475647 11374
1783100003395 0.2391626238822937 11375
1783100003399 0.2264799326658249 11376
1783100003403 0.3112180233001709 11377
1783100003407 0.25773584842681885 11378
1783100003411 0.31126487255096436 11379
1783100003415 0.2756274342536926 11380
1783100003420 0.21915125846862793 11381
1783100003424 0.2400471270084381 11382
1783100003428 0.31123173236846924 11383
1783100003432 0.2682480216026306 11384
1783100003436 0.27631473541259766 11385
1783100003440 0.27750271558761597 11386
1783100003443 0.2893405258655548 11387
1783100003447 0.28711146116256714 11388
1783100003451 0.2858964204788208 11389
1783100003455 0.2335229367017746 11390
1783100003458 0.29075199365615845 11391
1783100003462 0.2557614743709564 11392
1783100003467 0.25656217336654663 11393
1783100003471 0.2475126087665558 11394
1783100003475 0.31874603033065796 11395
1783100003479 0.2985869348049164 11396
1783100003483 0.33034101128578186 11397
1783100003487 0.27813902497291565 11398
1783100003491 0.3010838031768799 11399
1783100003495 0.24969667196273804 11400
1783100003499 0.22414040565490723 11401
1783100003503 0.28836923837661743 11402
1783100003507 0.2548392415046692 11403
1783100003510 0.292529821395874 11404
1783100003514 0.29905077815055847 11405
1783100003519 0.27829673886299133 11406
1783100003523 0.2615286111831665 11407
1783100003527 0.31082966923713684 11408
1783100003531 0.3188808560371399 11409
1783100003535 0.3440004587173462 11410
1783100003539 0.2989063560962677 11411
1783100003543 0.26153120398521423 11412
1783100003547 0.3039502501487732 11413
1783100003550 0.3265463411808014 11414
1783100003554 0.2622021734714508 11415
1783100003557 0.33984851837158203 11416
1783100003560 0.2653399705886841 11417
1783100003566 0.27876508235931396 11418
1783100003570 0.270041286945343 11419
1783100003574 0.24074633419513702 11420
1783100003578 0.28198933601379395 11421
1783100003582 0.3325488269329071 11422
1783100003586 0.3039206266403198 11423
1783100003590 0.3181559443473816 11424
1783100003594 0.2741166353225708 11425
1783100003598 0.24119539558887482 11426
1783100003602 0.3340422511100769 11427
1783100003606 0.27942103147506714 11428
1783100003609 0.3247290253639221 11429
1783100003613 0.2517634630203247 11430
1783100003618 0.3129394054412842 11431
1783100003622 0.2746489644050598 11432
1783100003626 0.3000093102455139 11433
1783100003631 0.3170899450778961 11434
1783100003635 0.308854341506958 11435
1783100003639 0.3182123899459839 11436
1783100003643 0.3352571427822113 11437
1783100003647 0.2755122184753418 11438
1783100003651 0.29924654960632324 11439
1783100003655 0.25486111640930176 11440
1783100003659 0.315984845161438 11441
1783100003663 0.3708323538303375 11442
1783100003667 0.27866607904434204 11443
1783100003672 0.2739845812320709 11444
1783100003676 0.3136187195777893 11445
1783100003681 0.3112196624279022 11446
1783100003685 0.24818521738052368 11447
1783100003689 0.3744555115699768 11448
1783100003693 0.3787730634212494 11449
1783100003697 0.3097259998321533 11450
1783100003701 0.305070698261261 11451
1783100003706 0.3135327100753784 11452
1783100003710 0.30969172716140747 11453
1783100003714 0.31293997168540955 11454
1783100003719 0.3012113571166992 11455
1783100003724 0.2982897460460663 11456
1783100003729 0.29511016607284546 11457
1783100003733 0.2960977852344513 11458
1783100003737 0.3068128228187561 11459
1783100003741 0.22494123876094818 11460
1783100003745 0.414621502161026 11461
1783100003750 0.2705962657928467 11462
1783100003753 0.3426011800765991 11463
1783100003758 0.31879177689552307 11464
1783100003762 0.3075413703918457 11465
1783100003766 0.3044168949127197 11466
1783100003771 0.33259230852127075 11467
1783100003775 0.4007071256637573 11468
1783100003778 0.329551100730896 11469
1783100003783 0.28278642892837524 11470
1783100003787 0.3660600781440735 11471
1783100003791 0.2766279876232147 11472
1783100003795 0.3230847120285034 11473
1783100003799 0.3511923849582672 11474
1783100003803 0.34053948521614075 11475
1783100003807 0.3488442897796631 11476
1783100003811 0.3700670897960663 11477
1783100003816 0.34964796900749207 11478
1783100003820 0.3318910002708435 11479
1783100003824 0.3625297546386719 11480
1783100003828 0.3171636462211609 11481
1783100003831 0.3313024342060089 11482
1783100003834 0.3191956877708435 11483
1783100003837 0.34369516372680664 11484
1783100003840 0.3081362843513489 11485
1783100003843 0.2738930583000183 11486
1783100003847 0.2775686979293823 11487
1783100003850 0.30687451362609863 11488
1783100003853 0.28178539872169495 11489
1783100003857 0.3133818209171295 11490
1783100003860 0.2929750680923462 11491
1783100003863 0.2481948435306549 11492
1783100003868 0.3021663427352905 11493
1783100003872 0.3175935745239258 11494
1783100003877 0.30944138765335083 11495
1783100003881 0.3151308298110962 11496
1783100003885 0.3270108699798584 11497
1783100003889 0.34944868087768555 11498
1783100003893 0.2841716408729553 11499
1783100003896 0.3237133026123047 11500
1783100003900 0.3066522181034088 11501
1783100003903 0.3448113799095154 11502
1783100003906 0.3387414216995239 11503
1783100003910 0.32536062598228455 11504
1783100003913 0.3176496922969818 11505
1783100003916 0.3578759431838989 11506
1783100003920 0.3086135983467102 11507
1783100003924 0.2931939959526062 11508
1783100003931 0.31454554200172424 11509
1783100003935 0.3419281840324402 11510
1783100003939 0.36922329664230347 11511
1783100003943 0.33512675762176514 11512
1783100003947 0.3004104495048523 11513
1783100003951 0.3349533975124359 11514
1783100003955 0.27315554022789 11515
1783100003959 0.30165553092956543 11516
1783100003963 0.3083943724632263 11517
1783100003967 0.32058537006378174 11518
1783100003972 0.24383589625358582 11519
1783100003977 0.31151559948921204 11520
1783100003981 0.3316612243652344 11521
1783100003984 0.32613861560821533 11522
1783100003987 0.3109257221221924 11523
1783100003990 0.33596426248550415 11524
1783100003993 0.32970067858695984 11525
1783100003997 0.3600570261478424 11526
1783100004000 0.3116961419582367 11527
1783100004004 0.33881163597106934 11528
1783100004007 0.27130067348480225 11529
1783100004012 0.329301118850708 11530
1783100004017 0.307908833026886 11531
1783100004021 0.3463510274887085 11532
1783100004026 0.2845947742462158 11533
1783100004030 0.32064709067344666 11534
1783100004034 0.28679561614990234 11535
1783100004038 0.323828786611557 11536
1783100004042 0.29487937688827515 11537
1783100004046 0.3548194169998169 11538
1783100004050 0.32743924856185913 11539
1783100004055 0.29123401641845703 11540
1783100004059 0.30334317684173584 11541
1783100004063 0.38471776247024536 11542
1783100004067 0.3113328516483307 11543
1783100004072 0.26816821098327637 11544
1783100004077 0.34755414724349976 11545
1783100004081 0.34975576400756836 11546
1783100004085 0.30011963844299316 11547
1783100004089 0.2684507966041565 11548
1783100004093 0.298206090927124 11549
1783100004097 0.2988608777523041 11550
1783100004101 0.307636559009552 11551
1783100004105 0.2667236030101776 11552
1783100004109 0.3442862629890442 11553
1783100004113 0.3213481903076172 11554
1783100004117 0.3591960072517395 11555
1783100004121 0.27773818373680115 11556
1783100004125 0.3316194415092468 11557
1783100004129 0.32641100883483887 11558
1783100004133 0.2846279740333557 11559
1783100004137 0.3968909978866577 11560
1783100004141 0.304411917924881 11561
1783100004145 0.2980356812477112 11562
1783100004149 0.3038284182548523 11563
1783100004153 0.296699583530426 11564
1783100004157 0.2592315375804901 11565
1783100004161 0.32116419076919556 11566
1783100004165 0.26497697830200195 11567
1783100004169 0.27824926376342773 11568
1783100004174 0.3180246949195862 11569
1783100004178 0.2850191593170166 11570
1783100004182 0.2869177460670471 11571
1783100004186 0.2541933059692383 11572
1783100004190 0.3119649291038513 11573
1783100004193 0.28672683238983154 11574
1783100004196 0.2793106734752655 11575
1783100004199 0.3090675473213196 11576
1783100004202 0.3550841212272644 11577
1783100004205 0.3224944770336151 11578
1783100004208 0.3022778630256653 11579
1783100004211 0.29200273752212524 11580
1783100004215 0.2851511538028717 11581
1783100004219 0.26075875759124756 11582
1783100004223 0.26925143599510193 11583
1783100004227 0.31103765964508057 11584
1783100004231 0.2596237063407898 11585
1783100004235 0.330010324716568 11586
1783100004239 0.28106027841567993 11587
1783100004243 0.3046534061431885 11588
1783100004246 0.2029091864824295 11589
1783100004250 0.262428879737854 11590
1783100004254 0.2709096074104309 11591
1783100004258 0.2494564950466156 11592
1783100004262 0.2540166974067688 11593
1783100004266 0.24335961043834686 11594
1783100004271 0.240402489900589 11595
1783100004275 0.34020164608955383 11596
1783100004279 0.26015734672546387 11597
1783100004284 0.3175401985645294 11598
1783100004288 0.2446582317352295 11599
1783100004292 0.2481580674648285 11600
1783100004296 0.2850772738456726 11601
1783100004300 0.2910782992839813 11602
1783100004303 0.25093990564346313 11603
1783100004307 0.32507580518722534 11604
1783100004311 0.2967381179332733 11605
1783100004315 0.25359147787094116 11606
1783100004320 0.25873616337776184 11607
1783100004324 0.22047877311706543 11608
1783100004328 0.27915024757385254 11609
1783100004332 0.23531830310821533 11610
1783100004336 0.23727302253246307 11611
1783100004340 0.28477007150650024 11612
1783100004343 0.31024259328842163 11613
1783100004347 0.27425214648246765 11614
1783100004351 0.3326593041419983 11615
1783100004355 0.29109859466552734 11616
1783100004359 0.2978290319442749 11617
1783100004364 0.27274376153945923 11618
1783100004369 0.27774226665496826 11619
1783100004374 0.24545426666736603 11620
1783100004378 0.23007023334503174 11621
1783100004383 0.3121061325073242 11622
1783100004387 0.3033372163772583 11623
1783100004391 0.32838502526283264 11624
1783100004395 0.25366419553756714 11625
1783100004399 0.20729124546051025 11626
1783100004403 0.2393578588962555 11627
1783100004407 0.2915427088737488 11628
1783100004411 0.252846360206604 11629
1783100004415 0.2863690257072449 11630
1783100004420 0.21871177852153778 11631
1783100004424 0.28037285804748535 11632
1783100004428 0.24439086019992828 11633
1783100004432 0.30606281757354736 11634
1783100004435 0.30845344066619873 11635
1783100004439 0.2847762703895569 11636
1783100004443 0.21515095233917236 11637
1783100004447 0.24037900567054749 11638
1783100004451 0.27946609258651733 11639
1783100004455 0.26855990290641785 11640
1783100004459 0.26517876982688904 11641
1783100004462 0.2507689297199249 11642
1783100004467 0.23535820841789246 11643
1783100004471 0.35274073481559753 11644
1783100004475 0.31008756160736084 11645
1783100004479 0.27930206060409546 11646
1783100004483 0.278582900762558 11647
1783100004487 0.23094505071640015 11648
1783100004491 0.26287832856178284 11649
1783100004495 0.2611422538757324 11650
1783100004499 0.2667405605316162 11651
1783100004502 0.32652679085731506 11652
1783100004506 0.22528420388698578 11653
1783100004510 0.300254762172699 11654
1783100004514 0.3065055012702942 11655
1783100004519 0.27280139923095703 11656
1783100004523 0.24545487761497498 11657
1783100004527 0.23943448066711426 11658
1783100004531 0.28454160690307617 11659
1783100004535 0.2800086438655853 11660
1783100004539 0.27098578214645386 11661
1783100004543 0.2358168065547943 11662
1783100004547 0.20904098451137543 11663
1783100004551 0.2688843309879303 11664
1783100004555 0.24207529425621033 11665
1783100004559 0.24511083960533142 11666
1783100004563 0.29973265528678894 11667
1783100004567 0.2004065215587616 11668
1783100004571 0.27515316009521484 11669
1783100004576 0.2605847716331482 11670
1783100004580 0.2841227650642395 11671
1783100004583 0.2520754635334015 11672
1783100004587 0.25457262992858887 11673
1783100004591 0.21197399497032166 11674
1783100004595 0.25428521633148193 11675
1783100004598 0.25425776839256287 11676
1783100004602 0.28388655185699463 11677
1783100004606 0.2584691643714905 11678
1783100004610 0.24468353390693665 11679
1783100004614 0.23200584948062897 11680
1783100004618 0.23083946108818054 11681
1783100004622 0.25515854358673096 11682
1783100004626 0.2551727294921875 11683
1783100004630 0.24875502288341522 11684
1783100004634 0.281308114528656 11685
1783100004638 0.27455800771713257 11686
1783100004642 0.27971428632736206 11687
1783100004646 0.2952154874801636 11688
1783100004650 0.24631179869174957 11689
1783100004654 0.21466943621635437 11690
1783100004658 0.22105790674686432 11691
1783100004662 0.22260886430740356 11692
1783100004666 0.19392472505569458 11693
1783100004670 0.2468554526567459 11694
1783100004675 0.24119073152542114 11695
1783100004680 0.31160128116607666 11696
1783100004684 0.28794023394584656 11697
1783100004689 0.21134018898010254 11698
1783100004693 0.23016461730003357 11699
1783100004697 0.2250840961933136 11700
1783100004701 0.25887244939804077 11701
1783100004705 0.25165095925331116 11702
1783100004709 0.2308090776205063 11703
1783100004713 0.2675186097621918 11704
1783100004717 0.22025026381015778 11705
1783100004721 0.22478781640529633 11706
1783100004731 0.19002947211265564 11707
1783100004735 0.20477724075317383 11708
1783100004739 0.22931769490242004 11709
1783100004743 0.3149242401123047 11710
1783100004747 0.23568791151046753 11711
1783100004751 0.27679216861724854 11712
1783100004755 0.2780839800834656 11713
1783100004760 0.2778456211090088 11714
1783100004764 0.2217426598072052 11715
1783100004769 0.2588966488838196 11716
1783100004774 0.22544023394584656 11717
1783100004778 0.17152950167655945 11718
1783100004782 0.297132670879364 11719
1783100004786 0.2706468999385834 11720
1783100004789 0.2369399070739746 11721
1783100004792 0.26326608657836914 11722
1783100004796 0.22462090849876404 11723
1783100004799 0.25858306884765625 11724
1783100004803 0.22908878326416016 11725
1783100004806 0.25670573115348816 11726
1783100004810 0.20988641679286957 11727
1783100004813 0.2096107304096222 11728
1783100004817 0.2333759367465973 11729
1783100004820 0.24399098753929138 11730
1783100004823 0.22572731971740723 11731
1783100004828 0.25462520122528076 11732
1783100004833 0.2308056652545929 11733
1783100004837 0.2591404616832733 11734
1783100004842 0.26560625433921814 11735
1783100004845 0.23272305727005005 11736
1783100004848 0.24647632241249084 11737
1783100004851 0.20871412754058838 11738
1783100004854 0.2114890217781067 11739
1783100004857 0.23054713010787964 11740
1783100004860 0.2299310266971588 11741
1783100004864 0.22840054333209991 11742
1783100004869 0.22276192903518677 11743
1783100004873 0.3380051255226135 11744
1783100004878 0.2911924123764038 11745
1783100004883 0.21492063999176025 11746
1783100004887 0.2548214793205261 11747
1783100004892 0.23989206552505493 11748
1783100004896 0.22895437479019165 11749
1783100004900 0.2282736599445343 11750
1783100004905 0.30144256353378296 11751
1783100004909 0.21324585378170013 11752
1783100004913 0.26973456144332886 11753
1783100004918 0.2534189224243164 11754
1783100004922 0.26237940788269043 11755
1783100004926 0.2684040069580078 11756
1783100004930 0.24922730028629303 11757
1783100004934 0.24032437801361084 11758
1783100004938 0.2609372138977051 11759
1783100004942 0.2723707854747772 11760
1783100004946 0.26429393887519836 11761
1783100004950 0.30012500286102295 11762
1783100004954 0.2117910385131836 11763
1783100004958 0.23723754286766052 11764
1783100004962 0.240181103348732 11765
1783100004966 0.27734375 11766
1783100004970 0.221859872341156 11767
1783100004974 0.23251791298389435 11768
1783100004978 0.25608623027801514 11769
1783100004981 0.21756815910339355 11770
1783100004984 0.2494562566280365 11771
1783100004987 0.26951736211776733 11772
1783100004990 0.267882376909256 11773
1783100004993 0.25638946890830994 11774
1783100004996 0.2821645438671112 11775
1783100004999 0.27859386801719666 11776
1783100005002 0.2511194050312042 11777
1783100005006 0.25147128105163574 11778
1783100005009 0.2398427575826645 11779
1783100005013 0.2994275689125061 11780
1783100005016 0.21177136898040771 11781
1783100005020 0.2761828899383545 11782
1783100005025 0.29665979743003845 11783
1783100005029 0.26385629177093506 11784
1783100005033 0.3059837818145752 11785
1783100005037 0.3030714988708496 11786
1783100005041 0.274517297744751 11787
1783100005045 0.2137725055217743 11788
1783100005049 0.29155656695365906 11789
1783100005053 0.20800240337848663 11790
1783100005057 0.2325020432472229 11791
1783100005061 0.24960419535636902 11792
1783100005065 0.28713154792785645 11793
1783100005069 0.3070872724056244 11794
1783100005073 0.24519626796245575 11795
1783100005077 0.28932422399520874 11796
1783100005081 0.28714606165885925 11797
1783100005083 0.21730270981788635 11798
1783100005086 0.2889120280742645 11799
1783100005089 0.26650470495224 11800
1783100005092 0.2922835946083069 11801
1783100005095 0.2760591506958008 11802
1783100005098 0.26461824774742126 11803
1783100005101 0.27334967255592346 11804
1783100005104 0.2463306486606598 11805
1783100005107 0.21682800352573395 11806
1783100005110 0.2952650189399719 11807
1783100005113 0.28184038400650024 11808
1783100005116 0.25425735116004944 11809
1783100005120 0.3162681460380554 11810
1783100005124 0.2555305063724518 11811
1783100005128 0.24259507656097412 11812
1783100005132 0.25491026043891907 11813
1783100005136 0.2751771807670593 11814
1783100005140 0.25437891483306885 11815
1783100005144 0.26285868883132935 11816
1783100005148 0.33017677068710327 11817
1783100005151 0.2759312093257904 11818
1783100005155 0.2428821325302124 11819
1783100005159 0.29343512654304504 11820
1783100005163 0.2662625014781952 11821
1783100005167 0.2405691146850586 11822
1783100005171 0.27965211868286133 11823
1783100005175 0.34157299995422363 11824
1783100005180 0.28751206398010254 11825
1783100005184 0.329792320728302 11826
1783100005188 0.288291871547699 11827
1783100005192 0.2947036325931549 11828
1783100005196 0.2720477283000946 11829
1783100005200 0.29559189081192017 11830
1783100005204 0.3507322371006012 11831
1783100005208 0.2574893534183502 11832
1783100005212 0.31491127610206604 11833
1783100005215 0.2522711455821991 11834
1783100005219 0.28909584879875183 11835
1783100005222 0.26922911405563354 11836
1783100005226 0.3381271958351135 11837
1783100005231 0.2708558738231659 11838
1783100005235 0.3125760555267334 11839
1783100005238 0.3371209502220154 11840
1783100005242 0.2864512801170349 11841
1783100005246 0.2522329092025757 11842
1783100005250 0.26236391067504883 11843
1783100005254 0.2510663568973541 11844
1783100005257 0.29167187213897705 11845
1783100005261 0.33307981491088867 11846
1783100005265 0.32309865951538086 11847
1783100005269 0.26783260703086853 11848
1783100005273 0.30763840675354004 11849
1783100005278 0.2761940360069275 11850
1783100005282 0.2828448414802551 11851
1783100005285 0.28962260484695435 11852
1783100005289 0.336635947227478 11853
1783100005293 0.26629459857940674 11854
1783100005297 0.2805664539337158 11855
1783100005300 0.3108712434768677 11856
1783100005303 0.3584373891353607 11857
1783100005306 0.28106606006622314 11858
1783100005309 0.2806539833545685 11859
1783100005312 0.3163554072380066 11860
1783100005315 0.3022112250328064 11861
1783100005318 0.3802970051765442 11862
1783100005321 0.33282211422920227 11863
1783100005325 0.2659250497817993 11864
1783100005330 0.2764034569263458 11865
1783100005334 0.33969610929489136 11866
1783100005338 0.24684405326843262 11867
1783100005342 0.3057069182395935 11868
1783100005346 0.30735471844673157 11869
1783100005350 0.3107909858226776 11870
1783100005353 0.2748033106327057 11871
1783100005357 0.299272358417511 11872
1783100005361 0.313048779964447 11873
1783100005366 0.30834025144577026 11874
1783100005370 0.34098467230796814 11875
1783100005375 0.4009246826171875 11876
1783100005380 0.4039473533630371 11877
1783100005384 0.29511332511901855 11878
1783100005388 0.31310969591140747 11879
1783100005392 0.35159850120544434 11880
1783100005396 0.26468634605407715 11881
1783100005401 0.3665591776371002 11882
1783100005405 0.3627254068851471 11883
1783100005409 0.3152541518211365 11884
1783100005413 0.34111449122428894 11885
1783100005416 0.28477418422698975 11886
1783100005420 0.2892913818359375 11887
1783100005425 0.42218276858329773 11888
1783100005429 0.3148708939552307 11889
1783100005433 0.39207494258880615 11890
1783100005437 0.3764561712741852 11891
1783100005441 0.37549829483032227 11892
1783100005445 0.33188608288764954 11893
1783100005449 0.3447849750518799 11894
1783100005453 0.4061712622642517 11895
1783100005457 0.3714434504508972 11896
1783100005461 0.4034201204776764 11897
1783100005464 0.26994624733924866 11898
1783100005467 0.41771939396858215 11899
1783100005470 0.2563336193561554 11900
1783100005475 0.3849136233329773 11901
1783100005479 0.35625314712524414 11902
1783100005483 0.38698768615722656 11903
1783100005486 0.3819599151611328 11904
1783100005490 0.31931832432746887 11905
1783100005494 0.29173699021339417 11906
1783100005498 0.3218652606010437 11907
1783100005502 0.3387822210788727 11908
1783100005506 0.33391350507736206 11909
1783100005510 0.35169583559036255 11910
1783100005514 0.30147480964660645 11911
1783100005518 0.34240782260894775 11912
1783100005522 0.3438377380371094 11913
1783100005526 0.36787036061286926 11914
1783100005529 0.27506136894226074 11915
1783100005533 0.30622780323028564 11916
1783100005536 0.3486723303794861 11917
1783100005540 0.35441941022872925 11918
1783100005543 0.3456866443157196 11919
1783100005546 0.3771749436855316 11920
1783100005549 0.40026402473449707 11921
1783100005553 0.3085917830467224 11922
1783100005556 0.36047065258026123 11923
1783100005559 0.3612913489341736 11924
1783100005562 0.40901899337768555 11925
1783100005565 0.39080944657325745 11926
1783100005569 0.3205093741416931 11927
1783100005573 0.36623913049697876 11928
1783100005578 0.4113073945045471 11929
1783100005581 0.35126036405563354 11930
1783100005585 0.31540727615356445 11931
1783100005589 0.4084521234035492 11932
1783100005593 0.34088563919067383 11933
1783100005597 0.41984590888023376 11934
1783100005600 0.3780383765697479 11935
1783100005604 0.36653417348861694 11936
1783100005608 0.45037537813186646 11937
1783100005612 0.3616785407066345 11938
1783100005615 0.44836145639419556 11939
1783100005619 0.2720007598400116 11940
1783100005623 0.41718363761901855 11941
1783100005628 0.36732029914855957 11942
1783100005632 0.36928045749664307 11943
1783100005635 0.2790827751159668 11944
1783100005639 0.3773999810218811 11945
1783100005642 0.34611231088638306 11946
1783100005645 0.3320746421813965 11947
1783100005648 0.3434787392616272 11948
1783100005651 0.42006903886795044 11949
1783100005654 0.34385761618614197 11950
1783100005657 0.3448343276977539 11951
1783100005660 0.32581666111946106 11952
1783100005663 0.45419323444366455 11953
1783100005666 0.36984819173812866 11954
1783100005670 0.41838526725769043 11955
1783100005674 0.2893948554992676 11956
1783100005677 0.31656619906425476 11957
1783100005680 0.3150591254234314 11958
1783100005683 0.32809919118881226 11959
1783100005686 0.31219983100891113 11960
1783100005689 0.32893842458724976 11961
1783100005692 0.29508650302886963 11962
1783100005695 0.3366851210594177 11963
1783100005698 0.37059080600738525 11964
1783100005701 0.27889883518218994 11965
1783100005704 0.39289379119873047 11966
1783100005707 0.26691147685050964 11967
1783100005710 0.3636225461959839 11968
1783100005713 0.3718002736568451 11969
1783100005717 0.30427971482276917 11970
1783100005722 0.3173207640647888 11971
1783100005725 0.333015501499176 11972
1783100005728 0.3085385262966156 11973
1783100005731 0.341604083776474 11974
1783100005734 0.3912627696990967 11975
1783100005737 0.32568758726119995 11976
1783100005740 0.39229291677474976 11977
1783100005743 0.35878705978393555 11978
1783100005746 0.33752474188804626 11979
1783100005750 0.2802168130874634 11980
1783100005752 0.3159320056438446 11981
1783100005756 0.4038151204586029 11982
1783100005759 0.3189481794834137 11983
1783100005762 0.3276716470718384 11984
1783100005765 0.3896077275276184 11985
1783100005770 0.3204638361930847 11986
1783100005774 0.25746679306030273 11987
1783100005777 0.3605908453464508 11988
1783100005780 0.3487507402896881 11989
1783100005783 0.36586102843284607 11990
1783100005786 0.3103792071342468 11991
1783100005789 0.3179662227630615 11992
1783100005792 0.43763670325279236 11993
1783100005795 0.3003770709037781 11994
1783100005798 0.32733091711997986 11995
1783100005801 0.33280760049819946 11996
1783100005805 0.39854133129119873 11997
1783100005807 0.3456299304962158 11998
1783100005811 0.4248351454734802 11999
1783100005814 0.3754287660121918 12000
1783100005818 0.3325672149658203 12001
1783100005823 0.3509373962879181 12002
1783100005827 0.35688328742980957 12003
1783100005830 0.3209112882614136 12004
1783100005833 0.3693174421787262 12005
1783100005836 0.2910750210285187 12006
1783100005839 0.30623161792755127 12007
1783100005842 0.35467275977134705 12008
1783100005845 0.3416560888290405 12009
1783100005848 0.3533230721950531 12010
1783100005851 0.3282512128353119 12011
1783100005854 0.40482813119888306 12012
1783100005857 0.30442357063293457 12013
1783100005860 0.31995898485183716 12014
1783100005864 0.3215287923812866 12015
1783100005868 0.3361818790435791 12016
1783100005872 0.2880170941352844 12017
1783100005877 0.3289613723754883 12018
1783100005882 0.29883500933647156 12019
1783100005886 0.2799726128578186 12020
1783100005889 0.31025612354278564 12021
1783100005892 0.32544875144958496 12022
1783100005895 0.3826981782913208 12023
1783100005898 0.2866266071796417 12024
1783100005901 0.3374747037887573 12025
1783100005904 0.3079352378845215 12026
1783100005907 0.35195502638816833 12027
1783100005910 0.3623567223548889 12028
1783100005913 0.370169997215271 12029
1783100005916 0.3225116431713104 12030
1783100005919 0.3703358769416809 12031
1783100005922 0.2835102081298828 12032
1783100005927 0.28135132789611816 12033
1783100005931 0.26695385575294495 12034
1783100005934 0.3781968951225281 12035
1783100005938 0.23336374759674072 12036
1783100005941 0.27584338188171387 12037
1783100005944 0.31265193223953247 12038
1783100005947 0.29819267988204956 12039
1783100005950 0.3702791631221771 12040
1783100005954 0.29307621717453003 12041
1783100005957 0.350881427526474 12042
1783100005960 0.26100724935531616 12043
1783100005963 0.27736958861351013 12044
1783100005966 0.36460214853286743 12045
1783100005969 0.32066863775253296 12046
1783100005973 0.27666619420051575 12047
1783100005977 0.33916109800338745 12048
1783100005982 0.3278180658817291 12049
1783100005985 0.2527959644794464 12050
1783100005987 0.35394978523254395 12051
1783100005990 0.30203720927238464 12052
1783100005994 0.34590238332748413 12053
1783100005997 0.24218207597732544 12054
1783100006000 0.2826983630657196 12055
1783100006003 0.29904118180274963 12056
1783100006007 0.31884700059890747 12057
1783100006011 0.32057350873947144 12058
1783100006015 0.3332260847091675 12059
1783100006019 0.2352139949798584 12060
1783100006024 0.2673858404159546 12061
1783100006028 0.3225676715373993 12062
1783100006033 0.2605852782726288 12063
1783100006037 0.2688746452331543 12064
1783100006041 0.2629423141479492 12065
1783100006045 0.28069445490837097 12066
1783100006049 0.22463393211364746 12067
1783100006053 0.2757996916770935 12068
1783100006058 0.2530874013900757 12069
1783100006062 0.26037105917930603 12070
1783100006066 0.276611328125 12071
1783100006070 0.26365724205970764 12072
1783100006075 0.2547394633293152 12073
1783100006079 0.27025091648101807 12074
1783100006082 0.26343974471092224 12075
1783100006085 0.2514461278915405 12076
1783100006088 0.24032071232795715 12077
1783100006091 0.3146824836730957 12078
1783100006094 0.29388535022735596 12079
1783100006098 0.36026912927627563 12080
1783100006101 0.2521807551383972 12081
1783100006105 0.24102379381656647 12082
1783100006110 0.24244840443134308 12083
1783100006114 0.2851521372795105 12084
1783100006117 0.22844839096069336 12085
1783100006121 0.31693387031555176 12086
1783100006126 0.2728346586227417 12087
1783100006130 0.28568902611732483 12088
1783100006134 0.3449772000312805 12089
1783100006137 0.31103774905204773 12090
1783100006141 0.27216628193855286 12091
1783100006145 0.303220272064209 12092
1783100006149 0.25822821259498596 12093
1783100006153 0.28319844603538513 12094
1783100006157 0.3066949248313904 12095
1783100006160 0.26864123344421387 12096
1783100006164 0.27424442768096924 12097
1783100006168 0.2560027837753296 12098
1783100006172 0.2863640785217285 12099
1783100006177 0.2440110743045807 12100
1783100006182 0.2866910696029663 12101
1783100006186 0.2784956097602844 12102
1783100006190 0.27676984667778015 12103
1783100006193 0.33242031931877136 12104
1783100006197 0.2782571017742157 12105
1783100006201 0.30476248264312744 12106
1783100006205 0.2634769380092621 12107
1783100006209 0.25624823570251465 12108
1783100006213 0.29524195194244385 12109
1783100006216 0.2685423195362091 12110
1783100006221 0.24618402123451233 12111
1783100006225 0.28157860040664673 12112
1783100006229 0.268588125705719 12113
1783100006233 0.36762017011642456 12114
1783100006236 0.28334927558898926 12115
1783100006239 0.2876344323158264 12116
1783100006242 0.2896134853363037 12117
1783100006245 0.3341260552406311 12118
1783100006248 0.29369837045669556 12119
1783100006251 0.26475632190704346 12120
1783100006254 0.22765985131263733 12121
1783100006257 0.30743688344955444 12122
1783100006260 0.292786568403244 12123
1783100006263 0.3083913028240204 12124
1783100006266 0.23872032761573792 12125
1783100006271 0.25743404030799866 12126
1783100006275 0.2254580408334732 12127
1783100006278 0.2670968174934387 12128
1783100006281 0.29932236671447754 12129
1783100006284 0.29813259840011597 12130
1783100006288 0.3045516014099121 12131
1783100006291 0.27168288826942444 12132
1783100006294 0.25265705585479736 12133
1783100006298 0.24268357455730438 12134
1783100006301 0.2736251652240753 12135
1783100006304 0.29176926612854004 12136
1783100006307 0.2313413918018341 12137
1783100006310 0.27017682790756226 12138
1783100006313 0.2810308635234833 12139
1783100006316 0.275253564119339 12140
1783100006320 0.319322407245636 12141
1783100006324 0.28129202127456665 12142
1783100006328 0.28432565927505493 12143
1783100006332 0.23923057317733765 12144
1783100006335 0.32894062995910645 12145
1783100006339 0.31728246808052063 12146
1783100006343 0.2544246017932892 12147
1783100006347 0.2758062183856964 12148
1783100006351 0.31623369455337524 12149
1783100006355 0.2862265706062317 12150
1783100006359 0.2984992563724518 12151
1783100006363 0.22226373851299286 12152
1783100006367 0.234006866812706 12153
1783100006372 0.2677253484725952 12154
1783100006375 0.22204145789146423 12155
1783100006379 0.19581982493400574 12156
1783100006382 0.24359411001205444 12157
1783100006385 0.2712880074977875 12158
1783100006388 0.27302196621894836 12159
1783100006391 0.22152681648731232 12160
1783100006394 0.3123348355293274 12161
1783100006397 0.26275691390037537 12162
1783100006400 0.24861854314804077 12163
1783100006404 0.2953580617904663 12164
1783100006407 0.262229859828949 12165
1783100006410 0.25338566303253174 12166
1783100006413 0.2266860455274582 12167
1783100006416 0.33608633279800415 12168
1783100006420 0.2799590826034546 12169
1783100006424 0.25432631373405457 12170
1783100006428 0.333986759185791 12171
1783100006431 0.31859391927719116 12172
1783100006434 0.29407423734664917 12173
1783100006437 0.31025582551956177 12174
1783100006440 0.2949284315109253 12175
1783100006443 0.29612997174263 12176
1783100006446 0.2872629165649414 12177
1783100006449 0.2743191719055176 12178
1783100006452 0.3178449869155884 12179
1783100006455 0.24365422129631042 12180
1783100006643 0.3449665606021881 12181
1783100006647 0.23414549231529236 12182
1783100006651 0.2846298813819885 12183
1783100006655 0.2848605513572693 12184
1783100006659 0.2445470243692398 12185
1783100006662 0.30421823263168335 12186
1783100006666 0.24198533594608307 12187
1783100006670 0.29001155495643616 12188
1783100006674 0.26409783959388733 12189
1783100006678 0.2736164331436157 12190
1783100006682 0.2588024139404297 12191
1783100006686 0.21299366652965546 12192
1783100006690 0.24400049448013306 12193
1783100006694 0.27488794922828674 12194
1783100006698 0.2764264643192291 12195
1783100006702 0.26004907488822937 12196
1783100006706 0.2801221013069153 12197
1783100006710 0.3174704313278198 12198
1783100006714 0.29738008975982666 12199
1783100006718 0.28045889735221863 12200
1783100006723 0.2634442448616028 12201
1783100006727 0.2914702594280243 12202
1783100006736 0.32431989908218384 12203
1783100006740 0.2987338900566101 12204
1783100006744 0.297463059425354 12205
1783100006748 0.2751295566558838 12206
1783100006751 0.2948814630508423 12207
1783100006755 0.24535372853279114 12208
1783100006759 0.2898930013179779 12209
1783100006763 0.31029999256134033 12210
1783100006767 0.25716713070869446 12211
1783100006772 0.2549936771392822 12212
1783100006775 0.32861799001693726 12213
1783100006778 0.299740731716156 12214
1783100006781 0.2501891851425171 12215
1783100006784 0.3450556695461273 12216
1783100006787 0.24508461356163025 12217
1783100006790 0.25256773829460144 12218
1783100006793 0.25253576040267944 12219
1783100006796 0.265308141708374 12220
1783100006799 0.3403341770172119 12221
1783100006803 0.26879703998565674 12222
1783100006806 0.3343597948551178 12223
1783100006809 0.29032567143440247 12224
1783100006813 0.27950137853622437 12225
1783100006818 0.24934229254722595 12226
1783100006821 0.30873343348503113 12227
1783100006825 0.3607442378997803 12228
1783100006828 0.2833094000816345 12229
1783100006831 0.32914644479751587 12230
1783100006834 0.32177358865737915 12231
1783100006837 0.3028400242328644 12232
1783100006840 0.2716599404811859 12233
1783100006843 0.3459097146987915 12234
1783100006846 0.2914283275604248 12235
1783100006849 0.3667232096195221 12236
1783100006852 0.32329729199409485 12237
1783100006855 0.2477673441171646 12238
1783100006858 0.3317503333091736 12239
1783100006862 0.38887131214141846 12240
1783100006867 0.33678001165390015 12241
1783100006872 0.30487537384033203 12242
1783100006876 0.2925676703453064 12243
1783100006881 0.3520944118499756 12244
1783100006885 0.2720194458961487 12245
1783100006889 0.35640743374824524 12246
1783100006893 0.364886611700058 12247
1783100006896 0.278822660446167 12248
1783100006900 0.25770312547683716 12249
1783100006904 0.259521484375 12250
1783100006908 0.27784767746925354 12251
1783100006911 0.3113407492637634 12252
1783100006915 0.2724171280860901 12253
1783100006920 0.3885093927383423 12254
1783100006924 0.32222670316696167 12255
1783100006928 0.3439188003540039 12256
1783100006932 0.3602619767189026 12257
1783100006936 0.3637427091598511 12258
1783100006939 0.3478264808654785 12259
1783100006943 0.3203006982803345 12260
1783100006947 0.38722139596939087 12261
1783100006951 0.35287919640541077 12262
1783100006955 0.2986559569835663 12263
1783100006959 0.29835379123687744 12264
1783100006963 0.33041730523109436 12265
1783100006967 0.37507057189941406 12266
1783100006971 0.29680782556533813 12267
1783100006976 0.442318856716156 12268
1783100006980 0.3275095820426941 12269
1783100006983 0.33334851264953613 12270
1783100006987 0.31701740622520447 12271
1783100006991 0.3343921899795532 12272
1783100006995 0.3274022340774536 12273
1783100006999 0.29121750593185425 12274
1783100007003 0.2532116770744324 12275
1783100007008 0.27668577432632446 12276
1783100007012 0.33915382623672485 12277
1783100007017 0.3734241724014282 12278
1783100007021 0.3774951696395874 12279
1783100007026 0.3691573739051819 12280
1783100007030 0.2884124517440796 12281
1783100007034 0.36867934465408325 12282
1783100007038 0.342653751373291 12283
1783100007042 0.3167772889137268 12284
1783100007046 0.30242830514907837 12285
1783100007050 0.3407427668571472 12286
1783100007054 0.36630696058273315 12287
1783100007059 0.2839512228965759 12288
1783100007063 0.3140302896499634 12289
1783100007067 0.31476259231567383 12290
1783100007072 0.3779112696647644 12291
1783100007075 0.36673879623413086 12292
1783100007078 0.37297117710113525 12293
1783100007081 0.28952863812446594 12294
1783100007084 0.3838652968406677 12295
1783100007087 0.3135940432548523 12296
1783100007090 0.314370334148407 12297
1783100007093 0.313399076461792 12298
1783100007096 0.356851726770401 12299
1783100007099 0.33577558398246765 12300
1783100007102 0.37467485666275024 12301
1783100007105 0.3157731890678406 12302
1783100007108 0.4519662857055664 12303
1783100007111 0.4353180527687073 12304
1783100007114 0.3632408678531647 12305
1783100007118 0.40219753980636597 12306
1783100007123 0.39335036277770996 12307
1783100007127 0.32110315561294556 12308
1783100007131 0.335780531167984 12309
1783100007135 0.36684519052505493 12310
1783100007139 0.35347193479537964 12311
1783100007142 0.31786686182022095 12312
1783100007146 0.3251027464866638 12313
1783100007150 0.33553004264831543 12314
1783100007154 0.4033345580101013 12315
1783100007158 0.33951687812805176 12316
1783100007162 0.46090829372406006 12317
1783100007166 0.39318257570266724 12318
1783100007170 0.405706524848938 12319
1783100007175 0.3702274560928345 12320
1783100007179 0.4528055489063263 12321
1783100007183 0.2946144640445709 12322
1783100007187 0.4419415295124054 12323
1783100007191 0.3546053171157837 12324
1783100007195 0.3931429386138916 12325
1783100007199 0.3209243416786194 12326
1783100007203 0.3753488063812256 12327
1783100007206 0.3738269805908203 12328
1783100007210 0.3910529613494873 12329
1783100007214 0.4048454761505127 12330
1783100007218 0.3529875874519348 12331
1783100007223 0.38218021392822266 12332
1783100007227 0.30996692180633545 12333
1783100007231 0.36487019062042236 12334
1783100007235 0.3784524202346802 12335
1783100007239 0.33977580070495605 12336
1783100007243 0.3200075626373291 12337
1783100007247 0.42651617527008057 12338
1783100007251 0.33822324872016907 12339
1783100007255 0.4128398895263672 12340
1783100007258 0.33605802059173584 12341
1783100007262 0.4007810056209564 12342
1783100007267 0.35609185695648193 12343
1783100007273 0.32565832138061523 12344
1783100007277 0.3116353452205658 12345
1783100007281 0.4367462694644928 12346
1783100007284 0.37351348996162415 12347
1783100007288 0.31337684392929077 12348
1783100007291 0.38615286350250244 12349
1783100007294 0.3702002763748169 12350
1783100007298 0.42431458830833435 12351
1783100007301 0.3901870846748352 12352
1783100007304 0.303766131401062 12353
1783100007307 0.4280927777290344 12354
1783100007311 0.41640543937683105 12355
1783100007314 0.3732139468193054 12356
1783100007317 0.3969462513923645 12357
1783100007322 0.43855756521224976 12358
1783100007327 0.3928549885749817 12359
1783100007331 0.3732067048549652 12360
1783100007334 0.41056540608406067 12361
1783100007337 0.3966495990753174 12362
1783100007340 0.4179038107395172 12363
1783100007343 0.3070080578327179 12364
1783100007346 0.44839203357696533 12365
1783100007350 0.37475430965423584 12366
1783100007353 0.4418978691101074 12367
1783100007355 0.43489301204681396 12368
1783100007358 0.3721950650215149 12369
1783100007362 0.40149396657943726 12370
1783100007367 0.36173301935195923 12371
1783100007371 0.4314160645008087 12372
1783100007375 0.2767673134803772 12373
1783100007380 0.3803403675556183 12374
1783100007384 0.3714488744735718 12375
1783100007388 0.37121152877807617 12376
1783100007392 0.3547523617744446 12377
1783100007396 0.3452354669570923 12378
1783100007400 0.4321554899215698 12379
1783100007404 0.4027789831161499 12380
1783100007408 0.3958309590816498 12381
1783100007412 0.40794670581817627 12382
1783100007416 0.3636583387851715 12383
1783100007420 0.32822662591934204 12384
1783100007424 0.40311941504478455 12385
1783100007429 0.3661366105079651 12386
1783100007433 0.4541093707084656 12387
1783100007437 0.37802618741989136 12388
1783100007441 0.3252261281013489 12389
1783100007445 0.3332657814025879 12390
1783100007449 0.3681456744670868 12391
1783100007453 0.3398224115371704 12392
1783100007457 0.42926764488220215 12393
1783100007460 0.3865587115287781 12394
1783100007464 0.37299844622612 12395
1783100007468 0.35479432344436646 12396
1783100007473 0.33781349658966064 12397
1783100007478 0.4471029043197632 12398
1783100007482 0.3831467628479004 12399
1783100007486 0.42569321393966675 12400
1783100007490 0.4048869013786316 12401
1783100007494 0.3605402708053589 12402
1783100007498 0.3812960386276245 12403
1783100007502 0.38432931900024414 12404
1783100007506 0.370774507522583 12405
1783100007510 0.34302711486816406 12406
1783100007514 0.3589496612548828 12407
1783100007518 0.4070660471916199 12408
1783100007522 0.337093323469162 12409
1783100007526 0.3629227876663208 12410
1783100007530 0.36458563804626465 12411
1783100007535 0.3254329264163971 12412
1783100007539 0.2653252184391022 12413
1783100007543 0.3873257339000702 12414
1783100007547 0.3648996949195862 12415
1783100007552 0.39400598406791687 12416
1783100007556 0.36409032344818115 12417
1783100007560 0.39340662956237793 12418
1783100007564 0.32230740785598755 12419
1783100007568 0.47747254371643066 12420
1783100007572 0.44359290599823 12421
1783100007577 0.31001442670822144 12422
1783100007581 0.41480785608291626 12423
1783100007586 0.41865116357803345 12424
1783100007590 0.34157559275627136 12425
1783100007594 0.35121577978134155 12426
1783100007598 0.3187006711959839 12427
1783100007602 0.27388763427734375 12428
1783100007606 0.3420560956001282 12429
1783100007610 0.30539941787719727 12430
1783100007614 0.3366944491863251 12431
1783100007619 0.37418246269226074 12432
1783100007624 0.38775235414505005 12433
1783100007629 0.3076372742652893 12434
1783100007633 0.30482012033462524 12435
1783100007637 0.3823898434638977 12436
1783100007641 0.40475994348526 12437
1783100007645 0.38371706008911133 12438
1783100007649 0.33092400431632996 12439
1783100007652 0.3381386399269104 12440
1783100007656 0.368617445230484 12441
1783100007660 0.3411709666252136 12442
1783100007664 0.30974382162094116 12443
1783100007668 0.31771528720855713 12444
1783100007672 0.3779456615447998 12445
1783100007676 0.3535032868385315 12446
1783100007680 0.4131895899772644 12447
1783100007684 0.4123522937297821 12448
1783100007688 0.3474237024784088 12449
1783100007692 0.36535412073135376 12450
1783100007696 0.503792405128479 12451
1783100007700 0.3667524456977844 12452
1783100007704 0.3640076816082001 12453
1783100007708 0.3599163889884949 12454
1783100007712 0.38888001441955566 12455
1783100007716 0.35181230306625366 12456
1783100007720 0.31153497099876404 12457
1783100007724 0.35010218620300293 12458
1783100007728 0.4181489646434784 12459
1783100007732 0.32949748635292053 12460
1783100007735 0.39553403854370117 12461
1783100007739 0.34221339225769043 12462
1783100007743 0.39980024099349976 12463
1783100007747 0.40956854820251465 12464
1783100007751 0.3203517198562622 12465
1783100007755 0.36718499660491943 12466
1783100007759 0.37279194593429565 12467
1783100007763 0.35788339376449585 12468
1783100007767 0.3116918206214905 12469
1783100007771 0.3791881501674652 12470
1783100007775 0.34638091921806335 12471
1783100007779 0.2727542519569397 12472
1783100007783 0.34522533416748047 12473
1783100007787 0.3249419033527374 12474
1783100007791 0.29209983348846436 12475
1783100007794 0.3660165071487427 12476
1783100007798 0.357448011636734 12477
1783100007803 0.3449338674545288 12478
1783100007807 0.3083269000053406 12479
1783100007811 0.32465264201164246 12480
1783100007815 0.3705589473247528 12481
1783100007819 0.39031755924224854 12482
1783100007823 0.32977116107940674 12483
1783100007826 0.2948293089866638 12484
1783100007830 0.2778506875038147 12485
1783100007834 0.34122180938720703 12486
1783100007838 0.36841702461242676 12487
1783100007842 0.3154795169830322 12488
1783100007845 0.3526996374130249 12489
1783100007849 0.3690115809440613 12490
1783100007854 0.23826943337917328 12491
1783100007858 0.37474381923675537 12492
1783100007861 0.33384132385253906 12493
1783100007866 0.33902251720428467 12494
1783100007870 0.34074896574020386 12495
1783100007875 0.37106025218963623 12496
1783100007879 0.30625680088996887 12497
1783100007883 0.3662143349647522 12498
1783100007887 0.32690030336380005 12499
1783100007891 0.3531586825847626 12500
1783100007895 0.32587555050849915 12501
1783100007899 0.34677162766456604 12502
1783100007904 0.4085264205932617 12503
1783100007908 0.3604810833930969 12504
1783100007912 0.2935710847377777 12505
1783100007916 0.3269055485725403 12506
1783100007920 0.30721670389175415 12507
1783100007924 0.3218182921409607 12508
1783100007928 0.37162715196609497 12509
1783100007932 0.35763952136039734 12510
1783100007936 0.311753511428833 12511
1783100007940 0.31513965129852295 12512
1783100007944 0.3204716742038727 12513
1783100007948 0.3708813190460205 12514
1783100007952 0.3731887936592102 12515
1783100007956 0.3456842601299286 12516
1783100007960 0.3301228880882263 12517
1783100007965 0.3343089818954468 12518
1783100007968 0.3811955749988556 12519
1783100007972 0.3238118886947632 12520
1783100007976 0.36172568798065186 12521
1783100007980 0.3320939838886261 12522
1783100007984 0.32839199900627136 12523
1783100007988 0.3056110739707947 12524
1783100007992 0.37860652804374695 12525
1783100007996 0.3755173683166504 12526
1783100008000 0.3194366693496704 12527
1783100008005 0.3244067430496216 12528
1783100008009 0.41293972730636597 12529
1783100008013 0.3786984980106354 12530
1783100008017 0.33199644088745117 12531
1783100008021 0.346042275428772 12532
1783100008025 0.33343321084976196 12533
1783100008031 0.3146379590034485 12534
1783100008035 0.29897433519363403 12535
1783100008039 0.36915451288223267 12536
1783100008043 0.3932960629463196 12537
1783100008046 0.34779465198516846 12538
1783100008051 0.36257675290107727 12539
1783100008055 0.32960477471351624 12540
1783100008058 0.2830084562301636 12541
1783100008063 0.30924031138420105 12542
1783100008067 0.3478045165538788 12543
1783100008071 0.3841826319694519 12544
1783100008075 0.2798723578453064 12545
1783100008079 0.3139194846153259 12546
1783100008083 0.43641775846481323 12547
1783100008087 0.34853705763816833 12548
1783100008091 0.3958129286766052 12549
1783100008094 0.2963709533214569 12550
1783100008098 0.3182171583175659 12551
1783100008102 0.30087363719940186 12552
1783100008106 0.3533453941345215 12553
1783100008111 0.3372752070426941 12554
1783100008115 0.3155253529548645 12555
1783100008119 0.33771830797195435 12556
1783100008123 0.35704755783081055 12557
1783100008127 0.3760821223258972 12558
1783100008130 0.34633880853652954 12559
1783100008134 0.2798458933830261 12560
1783100008138 0.3230593204498291 12561
1783100008142 0.32111114263534546 12562
1783100008146 0.3309340476989746 12563
1783100008150 0.375629186630249 12564
1783100008153 0.34698396921157837 12565
1783100008157 0.44713789224624634 12566
1783100008161 0.3927566409111023 12567
1783100008166 0.32404208183288574 12568
1783100008171 0.34000110626220703 12569
1783100008177 0.3403053283691406 12570
1783100008181 0.33920490741729736 12571
1783100008185 0.3772925138473511 12572
1783100008189 0.3648045063018799 12573
1783100008193 0.3320299983024597 12574
1783100008197 0.3477405309677124 12575
1783100008201 0.38089415431022644 12576
1783100008205 0.3935557007789612 12577
1783100008209 0.28920409083366394 12578
1783100008213 0.33754146099090576 12579
1783100008217 0.3529779314994812 12580
1783100008220 0.24620673060417175 12581
1783100008224 0.34619757533073425 12582
1783100008229 0.4634367525577545 12583
1783100008233 0.2937452793121338 12584
1783100008236 0.3580203056335449 12585
1783100008239 0.3133052587509155 12586
1783100008242 0.31349048018455505 12587
1783100008246 0.2881707549095154 12588
1783100008249 0.3013108968734741 12589
1783100008252 0.38302189111709595 12590
1783100008255 0.3609764575958252 12591
1783100008258 0.38177764415740967 12592
1783100008261 0.28559523820877075 12593
1783100008264 0.37312865257263184 12594
1783100008268 0.27261650562286377 12595
1783100008271 0.35227319598197937 12596
1783100008274 0.36066389083862305 12597
1783100008278 0.3418125510215759 12598
1783100008282 0.4029146432876587 12599
1783100008286 0.4007721543312073 12600
1783100008290 0.35125941038131714 12601
1783100008294 0.37832966446876526 12602
1783100008298 0.31918400526046753 12603
1783100008302 0.28834277391433716 12604
1783100008306 0.37335604429244995 12605
1783100008310 0.317828506231308 12606
1783100008314 0.3646342158317566 12607
1783100008318 0.3307894468307495 12608
1783100008322 0.39321643114089966 12609
1783100008326 0.3695802092552185 12610
1783100008330 0.4347347021102905 12611
1783100008334 0.37428075075149536 12612
1783100008337 0.3270256519317627 12613
1783100008340 0.4308525025844574 12614
1783100008343 0.3581915497779846 12615
1783100008346 0.35076844692230225 12616
1783100008349 0.34740006923675537 12617
1783100008352 0.3654003143310547 12618
1783100008355 0.3569866716861725 12619
1783100008358 0.337833434343338 12620
1783100008362 0.39387649297714233 12621
1783100008366 0.34469085931777954 12622
1783100008370 0.40665096044540405 12623
1783100008374 0.3833085298538208 12624
1783100008379 0.3211457431316376 12625
1783100008383 0.3537636995315552 12626
1783100008387 0.40798282623291016 12627
1783100008391 0.3354794383049011 12628
1783100008395 0.28852856159210205 12629
1783100008399 0.3307434320449829 12630
1783100008403 0.33766478300094604 12631
1783100008406 0.42764049768447876 12632
1783100008410 0.38631129264831543 12633
1783100008414 0.3882479667663574 12634
1783100008418 0.4026343822479248 12635
1783100008422 0.3722943663597107 12636
1783100008425 0.348042368888855 12637
1783100008429 0.3612900376319885 12638
1783100008434 0.3823734521865845 12639
1783100008438 0.3729456961154938 12640
1783100008442 0.3385510742664337 12641
1783100008445 0.3590037226676941 12642
1783100008449 0.3545216917991638 12643
1783100008453 0.37740379571914673 12644
1783100008456 0.3276139497756958 12645
1783100008460 0.3490571975708008 12646
1783100008464 0.3583844304084778 12647
1783100008468 0.3445160388946533 12648
1783100008471 0.39744484424591064 12649
1783100008475 0.32683154940605164 12650
1783100008480 0.3366923928260803 12651
1783100008484 0.42842888832092285 12652
1783100008488 0.3052070736885071 12653
1783100008491 0.38150545954704285 12654
1783100008495 0.329609215259552 12655
1783100008499 0.35418859124183655 12656
1783100008503 0.4069879651069641 12657
1783100008506 0.30051904916763306 12658
1783100008510 0.40391770005226135 12659
1783100008514 0.39879098534584045 12660
1783100008518 0.3716006875038147 12661
1783100008521 0.3738861083984375 12662
1783100008525 0.4388737082481384 12663
1783100008530 0.3494541049003601 12664
1783100008534 0.34570300579071045 12665
1783100008538 0.3435647487640381 12666
1783100008542 0.41572949290275574 12667
1783100008545 0.3479959964752197 12668
1783100008549 0.37716084718704224 12669
1783100008553 0.3725050985813141 12670
1783100008557 0.4258771538734436 12671
1783100008561 0.3558167815208435 12672
1783100008565 0.37039047479629517 12673
1783100008569 0.3639635443687439 12674
1783100008573 0.3818778395652771 12675
1783100008577 0.48592472076416016 12676
1783100008581 0.3650677800178528 12677
1783100008585 0.31167182326316833 12678
1783100008589 0.33216220140457153 12679
1783100008593 0.3801197409629822 12680
1783100008596 0.40132254362106323 12681
1783100008600 0.3007417321205139 12682
1783100008604 0.38343146443367004 12683
1783100008608 0.40505415201187134 12684
1783100008611 0.3898906707763672 12685
1783100008615 0.3612901270389557 12686
1783100008619 0.3608287572860718 12687
1783100008623 0.3899615705013275 12688
1783100008627 0.34679001569747925 12689
1783100008631 0.36150062084198 12690
1783100008635 0.34574460983276367 12691
1783100008639 0.3567050099372864 12692
1783100008642 0.34760260581970215 12693
1783100008646 0.41783544421195984 12694
1783100008650 0.37811434268951416 12695
1783100008654 0.3835131525993347 12696
1783100008658 0.38184577226638794 12697
1783100008662 0.39631330966949463 12698
1783100008666 0.3395253121852875 12699
1783100008669 0.41113168001174927 12700
1783100008673 0.38047051429748535 12701
1783100008678 0.487060546875 12702
1783100008686 0.28869307041168213 12703
1783100008690 0.3390904664993286 12704
1783100008694 0.3586912453174591 12705
1783100008698 0.4535658061504364 12706
1783100008702 0.3651103675365448 12707
1783100008706 0.32516318559646606 12708
1783100008710 0.3564521074295044 12709
1783100008714 0.3701182007789612 12710
1783100008717 0.40786510705947876 12711
1783100008721 0.38614726066589355 12712
1783100008725 0.3470590114593506 12713
1783100008729 0.3848167657852173 12714
1783100008733 0.3585875630378723 12715
1783100008737 0.377701997756958 12716
1783100008741 0.3504175543785095 12717
1783100008745 0.37372317910194397 12718
1783100008749 0.3316747844219208 12719
1783100008753 0.32350480556488037 12720
1783100008757 0.34764325618743896 12721
1783100008760 0.3093265891075134 12722
1783100008764 0.3869435489177704 12723
1783100008768 0.3629492521286011 12724
1783100008772 0.3308301270008087 12725
1783100008775 0.3751334547996521 12726
1783100008778 0.387470006942749 12727
1783100008781 0.3640398383140564 12728
1783100008786 0.45491981506347656 12729
1783100008790 0.3490985631942749 12730
1783100008794 0.29422739148139954 12731
1783100008797 0.41540423035621643 12732
1783100008801 0.41204601526260376 12733
1783100008805 0.5026252269744873 12734
1783100008809 0.40329843759536743 12735
1783100008813 0.4005756676197052 12736
1783100008817 0.37278881669044495 12737
1783100008820 0.3809925317764282 12738
1783100008824 0.41890382766723633 12739
1783100008828 0.4292882978916168 12740
1783100008832 0.40458935499191284 12741
1783100008836 0.37668269872665405 12742
1783100008840 0.3823464512825012 12743
1783100008844 0.3627331852912903 12744
1783100008848 0.3026707172393799 12745
1783100008851 0.4440917372703552 12746
1783100008855 0.3815349340438843 12747
1783100008858 0.4450177848339081 12748
1783100008861 0.32541653513908386 12749
1783100008864 0.3320745825767517 12750
1783100008869 0.3436155319213867 12751
1783100008873 0.2556898593902588 12752
1783100008877 0.37311825156211853 12753
1783100008881 0.2956969439983368 12754
1783100008886 0.34150034189224243 12755
1783100008890 0.34000927209854126 12756
1783100008894 0.3778765797615051 12757
1783100008899 0.3601886034011841 12758
1783100008903 0.3816835880279541 12759
1783100008907 0.29226529598236084 12760
1783100008910 0.38820508122444153 12761
1783100008914 0.38717877864837646 12762
1783100008918 0.33383816480636597 12763
1783100008922 0.40396612882614136 12764
1783100008926 0.3760066330432892 12765
1783100008930 0.4549999237060547 12766
1783100008935 0.43797364830970764 12767
1783100008938 0.34884628653526306 12768
1783100008941 0.3116203546524048 12769
1783100008944 0.3085378408432007 12770
1783100008947 0.33710724115371704 12771
1783100008950 0.33213353157043457 12772
1783100008953 0.3341880738735199 12773
1783100008955 0.26086902618408203 12774
1783100008958 0.35170769691467285 12775
1783100008961 0.3962969481945038 12776
1783100008964 0.3508310317993164 12777
1783100008967 0.32989686727523804 12778
1783100008970 0.37045180797576904 12779
1783100008974 0.32582172751426697 12780
1783100008978 0.3702004849910736 12781
1783100008983 0.30470961332321167 12782
1783100008987 0.3893018066883087 12783
1783100008991 0.31241148710250854 12784
1783100008995 0.37384021282196045 12785
1783100009000 0.29325056076049805 12786
1783100009004 0.35090500116348267 12787
1783100009008 0.2967524230480194 12788
1783100009013 0.39476823806762695 12789
1783100009017 0.33033788204193115 12790
1783100009021 0.3859359622001648 12791
1783100009025 0.3680611252784729 12792
1783100009030 0.333270400762558 12793
1783100009035 0.3749725818634033 12794
1783100009040 0.3778703510761261 12795
1783100009044 0.3578483462333679 12796
1783100009048 0.3658786416053772 12797
1783100009052 0.32601338624954224 12798
1783100009056 0.31529858708381653 12799
1783100009060 0.3971983790397644 12800
1783100009064 0.2990185022354126 12801
1783100009068 0.4280627965927124 12802
1783100009072 0.36564844846725464 12803
1783100009076 0.33117151260375977 12804
1783100009081 0.35682791471481323 12805
1783100009085 0.2706111669540405 12806
1783100009089 0.3873624801635742 12807
1783100009094 0.3363686203956604 12808
1783100009098 0.3066634237766266 12809
1783100009102 0.35130858421325684 12810
1783100009106 0.3008922338485718 12811
1783100009110 0.3385857939720154 12812
1783100009114 0.30645328760147095 12813
1783100009118 0.340381383895874 12814
1783100009121 0.3972851634025574 12815
1783100009125 0.3505954146385193 12816
1783100009129 0.29793694615364075 12817
1783100009133 0.33409982919692993 12818
1783100009137 0.39845120906829834 12819
1783100009141 0.31884896755218506 12820
1783100009145 0.34422963857650757 12821
1783100009149 0.2954457998275757 12822
1783100009153 0.3685844838619232 12823
1783100009156 0.2953542470932007 12824
1783100009160 0.324718713760376 12825
1783100009164 0.3322834372520447 12826
1783100009168 0.2834986448287964 12827
1783100009171 0.3557980954647064 12828
1783100009175 0.32673829793930054 12829
1783100009179 0.29500406980514526 12830
1783100009183 0.4066436290740967 12831
1783100009187 0.29115021228790283 12832
1783100009191 0.3341432213783264 12833
1783100009195 0.3018273115158081 12834
1783100009199 0.44069021940231323 12835
1783100009203 0.30187028646469116 12836
1783100009207 0.4202721118927002 12837
1783100009210 0.30990928411483765 12838
1783100009214 0.33229389786720276 12839
1783100009218 0.410733163356781 12840
1783100009222 0.3080597519874573 12841
1783100009226 0.2754618525505066 12842
1783100009231 0.35208451747894287 12843
1783100009235 0.35104092955589294 12844
1783100009239 0.3547784686088562 12845
1783100009242 0.3438364863395691 12846
1783100009246 0.34913212060928345 12847
1783100009250 0.2975562810897827 12848
1783100009254 0.3670463562011719 12849
1783100009258 0.2682386040687561 12850
1783100009262 0.32917535305023193 12851
1783100009266 0.34062331914901733 12852
1783100009270 0.33569031953811646 12853
1783100009274 0.351507306098938 12854
1783100009278 0.35213643312454224 12855
1783100009283 0.2832897901535034 12856
1783100009287 0.3595707416534424 12857
1783100009290 0.3124852776527405 12858
1783100009294 0.3973894417285919 12859
1783100009298 0.28877025842666626 12860
1783100009302 0.3915189206600189 12861
1783100009306 0.4075499176979065 12862
1783100009310 0.3650529384613037 12863
1783100009314 0.3546034097671509 12864
1783100009318 0.32439666986465454 12865
1783100009322 0.3871093988418579 12866
1783100009327 0.24528516829013824 12867
1783100009330 0.37776798009872437 12868
1783100009334 0.3050113022327423 12869
1783100009339 0.44674962759017944 12870
1783100009343 0.44023531675338745 12871
1783100009347 0.397946298122406 12872
1783100009351 0.2979814410209656 12873
1783100009355 0.3302386403083801 12874
1783100009359 0.3287748396396637 12875
1783100009363 0.3610920011997223 12876
1783100009367 0.31919851899147034 12877
1783100009372 0.28892049193382263 12878
1783100009377 0.33275967836380005 12879
1783100009382 0.34821152687072754 12880
1783100009386 0.3331215977668762 12881
1783100009390 0.29047292470932007 12882
1783100009394 0.3880528211593628 12883
1783100009398 0.29382115602493286 12884
1783100009402 0.3262631297111511 12885
1783100009406 0.32220137119293213 12886
1783100009409 0.32221582531929016 12887
1783100009413 0.3465057611465454 12888
1783100009417 0.38192200660705566 12889
1783100009421 0.28964078426361084 12890
1783100009426 0.25757914781570435 12891
1783100009430 0.27135682106018066 12892
1783100009434 0.30176645517349243 12893
1783100009437 0.37618768215179443 12894
1783100009441 0.30034077167510986 12895
1783100009445 0.2963355481624603 12896
1783100009449 0.33550915122032166 12897
1783100009453 0.2990504205226898 12898
1783100009457 0.342102587223053 12899
1783100009460 0.31685441732406616 12900
1783100009464 0.35797595977783203 12901
1783100009468 0.33178067207336426 12902
1783100009473 0.2828901410102844 12903
1783100009477 0.3528061509132385 12904
1783100009481 0.35842180252075195 12905
1783100009485 0.4442560076713562 12906
1783100009489 0.2987897992134094 12907
1783100009492 0.2730359137058258 12908
1783100009496 0.3307836055755615 12909
1783100009500 0.3320867419242859 12910
1783100009503 0.39486849308013916 12911
1783100009507 0.3127117156982422 12912
1783100009511 0.28033530712127686 12913
1783100009515 0.33108922839164734 12914
1783100009518 0.3036247491836548 12915
1783100009523 0.32909882068634033 12916
1783100009527 0.35960426926612854 12917
1783100009531 0.29052644968032837 12918
1783100009535 0.3030792474746704 12919
1783100009539 0.3094843327999115 12920
1783100009543 0.3060338497161865 12921
1783100009547 0.3260207772254944 12922
1783100009551 0.31138914823532104 12923
1783100009555 0.3626122772693634 12924
1783100009559 0.29961514472961426 12925
1783100009562 0.3507021367549896 12926
1783100009566 0.2774142026901245 12927
1783100009570 0.2924085855484009 12928
1783100009575 0.3475576639175415 12929
1783100009579 0.3142485022544861 12930
1783100009583 0.2960837483406067 12931
1783100009587 0.3424667716026306 12932
1783100009590 0.2977287769317627 12933
1783100009594 0.2940397262573242 12934
1783100009598 0.32117927074432373 12935
1783100009602 0.27928900718688965 12936
1783100009606 0.2876242995262146 12937
1783100009609 0.3248928189277649 12938
1783100009613 0.34191054105758667 12939
1783100009617 0.319646418094635 12940
1783100009621 0.32944440841674805 12941
1783100009626 0.24636723101139069 12942
1783100009630 0.28515201807022095 12943
1783100009634 0.31001484394073486 12944
1783100009638 0.2982260286808014 12945
1783100009641 0.27372288703918457 12946
1783100009645 0.3167310655117035 12947
1783100009649 0.29029855132102966 12948
1783100009653 0.3498294949531555 12949
1783100009657 0.27805647253990173 12950
1783100009661 0.3056790828704834 12951
1783100009664 0.27455031871795654 12952
1783100009669 0.2565274238586426 12953
1783100009673 0.3555494546890259 12954
1783100009677 0.35747477412223816 12955
1783100009681 0.3186279237270355 12956
1783100009685 0.32621538639068604 12957
1783100009689 0.35605210065841675 12958
1783100009693 0.2526092529296875 12959
1783100009697 0.37581974267959595 12960
1783100009701 0.35847073793411255 12961
1783100009704 0.30110883712768555 12962
1783100009708 0.2703426480293274 12963
1783100009712 0.32255369424819946 12964
1783100009716 0.3195059299468994 12965
1783100009720 0.2624603509902954 12966
1783100009724 0.31904205679893494 12967
1783100009728 0.2204127013683319 12968
1783100009732 0.43860721588134766 12969
1783100009735 0.3300078809261322 12970
1783100009739 0.3442600667476654 12971
1783100009743 0.2986273765563965 12972
1783100009747 0.28860417008399963 12973
1783100009750 0.32669514417648315 12974
1783100009754 0.3973993957042694 12975
1783100009758 0.3709147572517395 12976
1783100009762 0.33450862765312195 12977
1783100009766 0.20813824236392975 12978
1783100009770 0.29205453395843506 12979
1783100009774 0.39570140838623047 12980
1783100009778 0.2900446057319641 12981
1783100009782 0.32803109288215637 12982
1783100009786 0.34290841221809387 12983
1783100009790 0.292294979095459 12984
1783100009794 0.33057907223701477 12985
1783100009798 0.3149993419647217 12986
1783100009802 0.27194666862487793 12987
1783100009806 0.34620949625968933 12988
1783100009809 0.2722546458244324 12989
1783100009813 0.27309998869895935 12990
1783100009817 0.3294501304626465 12991
1783100009822 0.34340807795524597 12992
1783100009826 0.25077933073043823 12993
1783100009830 0.3004688024520874 12994
1783100009834 0.27595728635787964 12995
1783100009838 0.28918495774269104 12996
1783100009842 0.3368077278137207 12997
1783100009846 0.32365402579307556 12998
1783100009850 0.24851010739803314 12999
1783100009854 0.36518073081970215 13000
1783100009858 0.25809141993522644 13001
1783100009862 0.32050153613090515 13002
1783100009867 0.3077722489833832 13003
1783100009872 0.3108295798301697 13004
1783100009877 0.31587299704551697 13005
1783100009881 0.28625521063804626 13006
1783100009885 0.33586010336875916 13007
1783100009889 0.2673254609107971 13008
1783100009894 0.29688653349876404 13009
1783100009898 0.3855864405632019 13010
1783100009902 0.30076777935028076 13011
1783100009906 0.3165692090988159 13012
1783100009910 0.3375151753425598 13013
1783100009914 0.41679587960243225 13014
1783100009918 0.39709389209747314 13015
1783100009922 0.3178163170814514 13016
1783100009926 0.3126998543739319 13017
1783100009931 0.3396763801574707 13018
1783100009935 0.3155742883682251 13019
1783100009939 0.2820167541503906 13020
1783100009943 0.35552293062210083 13021
1783100009947 0.2830485701560974 13022
1783100009951 0.30491939187049866 13023
1783100009955 0.3298105299472809 13024
1783100009959 0.368405282497406 13025
1783100009963 0.31718528270721436 13026
1783100009967 0.30593058466911316 13027
1783100009972 0.38965296745300293 13028
1783100009976 0.29082703590393066 13029
1783100009980 0.35669904947280884 13030
1783100009984 0.34637194871902466 13031
1783100009988 0.3274778723716736 13032
1783100009992 0.3320309817790985 13033
1783100009996 0.3437786102294922 13034
1783100010000 0.3780229985713959 13035
1783100010005 0.3035767674446106 13036
1783100010009 0.3050578534603119 13037
1783100010014 0.3100629150867462 13038
1783100010019 0.3581690192222595 13039
1783100010023 0.3016664683818817 13040
1783100010026 0.3483176529407501 13041
1783100010029 0.3540055751800537 13042
1783100010033 0.4169292747974396 13043
1783100010036 0.37066811323165894 13044
1783100010039 0.2794415056705475 13045
1783100010042 0.30352669954299927 13046
1783100010045 0.3451346755027771 13047
1783100010049 0.40047574043273926 13048
1783100010052 0.3538394868373871 13049
1783100010055 0.38247665762901306 13050
1783100010058 0.3476092219352722 13051
1783100010061 0.378442645072937 13052
1783100010064 0.3956102132797241 13053
1783100010069 0.3672630786895752 13054
1783100010073 0.3155759274959564 13055
1783100010077 0.30469653010368347 13056
1783100010081 0.3274153769016266 13057
1783100010085 0.3717348873615265 13058
1783100010088 0.327459454536438 13059
1783100010092 0.3006882071495056 13060
1783100010096 0.33212223649024963 13061
1783100010100 0.31849193572998047 13062
1783100010104 0.31567466259002686 13063
1783100010108 0.35359466075897217 13064
1783100010111 0.35420751571655273 13065
1783100010115 0.3079630732536316 13066
1783100010119 0.3498131334781647 13067
1783100010124 0.3806607723236084 13068
1783100010128 0.32114505767822266 13069
1783100010131 0.37840473651885986 13070
1783100010135 0.26009199023246765 13071
1783100010139 0.33870428800582886 13072
1783100010143 0.3636690080165863 13073
1783100010147 0.3524787425994873 13074
1783100010150 0.3891757130622864 13075
1783100010154 0.37004631757736206 13076
1783100010158 0.34237930178642273 13077
1783100010162 0.4120558798313141 13078
1783100010166 0.32236650586128235 13079
1783100010170 0.3235189914703369 13080
1783100010174 0.3519537150859833 13081
1783100010178 0.28927385807037354 13082
1783100010182 0.2934572696685791 13083
1783100010186 0.3502207398414612 13084
1783100010190 0.3892517387866974 13085
1783100010193 0.46810346841812134 13086
1783100010197 0.27083539962768555 13087
1783100010201 0.3873273730278015 13088
1783100010205 0.3623482584953308 13089
1783100010209 0.32419317960739136 13090
1783100010212 0.3321707248687744 13091
1783100010216 0.3347620368003845 13092
1783100010221 0.4458072781562805 13093
1783100010225 0.34195470809936523 13094
1783100010229 0.3293151259422302 13095
1783100010233 0.3572680354118347 13096
1783100010236 0.3810335397720337 13097
1783100010240 0.3647415041923523 13098
1783100010244 0.3148557245731354 13099
1783100010248 0.33782345056533813 13100
1783100010251 0.33173227310180664 13101
1783100010255 0.268871009349823 13102
1783100010259 0.3742009401321411 13103
1783100010263 0.33379343152046204 13104
1783100010267 0.4462391436100006 13105
1783100010271 0.3450331687927246 13106
1783100010276 0.3160531222820282 13107
1783100010279 0.25227242708206177 13108
1783100010282 0.43671584129333496 13109
1783100010285 0.3252416253089905 13110
1783100010288 0.38640040159225464 13111
1783100010291 0.32323020696640015 13112
1783100010294 0.3384719789028168 13113
1783100010297 0.3804730772972107 13114
1783100010300 0.29015272855758667 13115
1783100010303 0.4030652940273285 13116
1783100010306 0.3492927551269531 13117
1783100010502 0.3724982738494873 13118
1783100010506 0.4080171585083008 13119
1783100010510 0.46158653497695923 13120
1783100010514 0.3509657382965088 13121
1783100010518 0.35436493158340454 13122
1783100010522 0.3478075861930847 13123
1783100010526 0.39837515354156494 13124
1783100010530 0.3898457884788513 13125
1783100010533 0.342610239982605 13126
1783100010537 0.35776203870773315 13127
1783100010541 0.34564030170440674 13128
1783100010545 0.3339439630508423 13129
1783100010549 0.3945622444152832 13130
1783100010553 0.39667803049087524 13131
1783100010558 0.41035646200180054 13132
1783100010562 0.39607223868370056 13133
1783100010566 0.3625427782535553 13134
1783100010570 0.34529924392700195 13135
1783100010574 0.3601306080818176 13136
1783100010578 0.39571505784988403 13137
1783100010582 0.4078352153301239 13138
1783100010586 0.39490988850593567 13139
1783100010590 0.3161749541759491 13140
1783100010594 0.4211645722389221 13141
1783100010598 0.41573068499565125 13142
1783100010602 0.2867549955844879 13143
1783100010606 0.30769482254981995 13144
1783100010609 0.35207462310791016 13145
1783100010613 0.36680638790130615 13146
1783100010617 0.455928236246109 13147
1783100010621 0.35439956188201904 13148
1783100010625 0.3527005612850189 13149
1783100010629 0.3810310959815979 13150
1783100010633 0.39395684003829956 13151
1783100010637 0.374277263879776 13152
1783100010641 0.4604474902153015 13153
1783100010645 0.3778669834136963 13154
1783100010649 0.3062647879123688 13155
1783100010653 0.3941650986671448 13156
1783100010656 0.3512774109840393 13157
1783100010660 0.36833760142326355 13158
1783100010664 0.38712015748023987 13159
1783100010668 0.36952513456344604 13160
1783100010672 0.3709527850151062 13161
1783100010677 0.33740970492362976 13162
1783100010681 0.4264674782752991 13163
1783100010685 0.4638991355895996 13164
1783100010689 0.40729808807373047 13165
1783100010692 0.3338248133659363 13166
1783100010696 0.3626942038536072 13167
1783100010699 0.29008445143699646 13168
1783100010702 0.42893528938293457 13169
1783100010705 0.3829059600830078 13170
1783100010708 0.38996511697769165 13171
1783100010711 0.5041876435279846 13172
1783100010714 0.4512038826942444 13173
1783100010717 0.4124027490615845 13174
1783100010720 0.43417826294898987 13175
1783100010724 0.37288179993629456 13176
1783100010729 0.38711902499198914 13177
1783100010732 0.40557995438575745 13178
1783100010735 0.3545472025871277 13179
1783100010738 0.33840352296829224 13180
1783100010741 0.4105945825576782 13181
1783100010744 0.363930881023407 13182
1783100010747 0.4068543314933777 13183
1783100010750 0.4518219828605652 13184
1783100010754 0.44006338715553284 13185
1783100010757 0.39595964550971985 13186
1783100010760 0.46323174238204956 13187
1783100010763 0.39073964953422546 13188
1783100010766 0.4770943224430084 13189
1783100010769 0.39300644397735596 13190
1783100010772 0.42344629764556885 13191
1783100010776 0.37695014476776123 13192
1783100010781 0.3111821413040161 13193
1783100010785 0.39036646485328674 13194
1783100010789 0.4061482846736908 13195
1783100010793 0.3530188798904419 13196
1783100010797 0.4240896701812744 13197
1783100010801 0.4514542818069458 13198
1783100010805 0.4125816226005554 13199
1783100010809 0.4350167512893677 13200
1783100010813 0.4093022346496582 13201
1783100010817 0.37354397773742676 13202
1783100010821 0.4873761534690857 13203
1783100010824 0.3079758882522583 13204
1783100010829 0.37808409333229065 13205
1783100010833 0.36478281021118164 13206
1783100010837 0.3393159806728363 13207
1783100010841 0.4142378568649292 13208
1783100010845 0.355252742767334 13209
1783100010849 0.5118157863616943 13210
1783100010852 0.31667929887771606 13211
1783100010856 0.36210957169532776 13212
1783100010860 0.49189382791519165 13213
1783100010863 0.43520891666412354 13214
1783100010868 0.3245215117931366 13215
1783100010871 0.4177285432815552 13216
1783100010875 0.3812153935432434 13217
1783100010880 0.35864895582199097 13218
1783100010885 0.39709964394569397 13219
1783100010890 0.40297722816467285 13220
1783100010895 0.3676767945289612 13221
1783100010900 0.3932717442512512 13222
1783100010903 0.3436873257160187 13223
1783100010907 0.3379804790019989 13224
1783100010910 0.3784252405166626 13225
1783100010913 0.37282270193099976 13226
1783100010916 0.41100555658340454 13227
1783100010919 0.3729385733604431 13228
1783100010922 0.3587547838687897 13229
1783100010926 0.3858262896537781 13230
1783100010930 0.35339847207069397 13231
1783100010934 0.3804793953895569 13232
1783100010938 0.34362906217575073 13233
1783100010942 0.4990067481994629 13234
1783100010946 0.3236401677131653 13235
1783100010950 0.3783700168132782 13236
1783100010954 0.344666063785553 13237
1783100010958 0.3701514005661011 13238
1783100010961 0.39507997035980225 13239
1783100010965 0.37560608983039856 13240
1783100010968 0.41283196210861206 13241
1783100010971 0.4432724714279175 13242
1783100010974 0.3808605670928955 13243
1783100010978 0.4283602237701416 13244
1783100010982 0.49591153860092163 13245
1783100010986 0.3632121682167053 13246
1783100010990 0.3691168427467346 13247
1783100010994 0.37659716606140137 13248
1783100010998 0.4878256320953369 13249
1783100011002 0.4653981626033783 13250
1783100011006 0.394278347492218 13251
1783100011010 0.33361703157424927 13252
1783100011014 0.3981037139892578 13253
1783100011019 0.38129323720932007 13254
1783100011023 0.47902655601501465 13255
1783100011027 0.47837647795677185 13256
1783100011032 0.3894212245941162 13257
1783100011036 0.32426148653030396 13258
1783100011040 0.4222186207771301 13259
1783100011044 0.3270528316497803 13260
1783100011048 0.3637251555919647 13261
1783100011052 0.4129592776298523 13262
1783100011056 0.3923707902431488 13263
1783100011060 0.4112517535686493 13264
1783100011064 0.4134383201599121 13265
1783100011068 0.3467664122581482 13266
1783100011072 0.37419700622558594 13267
1783100011077 0.37360459566116333 13268
1783100011081 0.3537946343421936 13269
1783100011085 0.3780944347381592 13270
1783100011092 0.31764721870422363 13271
1783100011096 0.26545119285583496 13272
1783100011100 0.39661461114883423 13273
1783100011104 0.4089975953102112 13274
1783100011108 0.37759989500045776 13275
1783100011112 0.4003002643585205 13276
1783100011116 0.3322591781616211 13277
1783100011120 0.32467854022979736 13278
1783100011124 0.4318110942840576 13279
1783100011128 0.4541711211204529 13280
1783100011132 0.3181207776069641 13281
1783100011135 0.41338011622428894 13282
1783100011138 0.3078669309616089 13283
1783100011141 0.3618350625038147 13284
1783100011144 0.4173307716846466 13285
1783100011147 0.3705548048019409 13286
1783100011150 0.3141433000564575 13287
1783100011153 0.379912793636322 13288
1783100011156 0.4179544448852539 13289
1783100011159 0.3818311095237732 13290
1783100011162 0.43508005142211914 13291
1783100011165 0.3145110607147217 13292
1783100011168 0.30188658833503723 13293
1783100011171 0.34174972772598267 13294
1783100011174 0.4321359395980835 13295
1783100011178 0.3160802721977234 13296
1783100011182 0.356747567653656 13297
1783100011187 0.4223534166812897 13298
1783100011191 0.38035693764686584 13299
1783100011195 0.39467060565948486 13300
1783100011199 0.3753904700279236 13301
1783100011203 0.4343342185020447 13302
1783100011206 0.41610080003738403 13303
1783100011210 0.29893818497657776 13304
1783100011214 0.3360956907272339 13305
1783100011218 0.4350031316280365 13306
1783100011222 0.30737847089767456 13307
1783100011226 0.3889443874359131 13308
1783100011229 0.27898281812667847 13309
1783100011233 0.39341288805007935 13310
1783100011238 0.39458608627319336 13311
1783100011242 0.3958231806755066 13312
1783100011246 0.3363436460494995 13313
1783100011250 0.38915517926216125 13314
1783100011253 0.3415015935897827 13315
1783100011257 0.2918476462364197 13316
1783100011261 0.3276806175708771 13317
1783100011265 0.3433595299720764 13318
1783100011267 0.3173980116844177 13319
1783100011270 0.32126545906066895 13320
1783100011274 0.32951289415359497 13321
1783100011277 0.29121872782707214 13322
1783100011280 0.3019688129425049 13323
1783100011283 0.357678085565567 13324
1783100011287 0.3252938985824585 13325
1783100011291 0.2961050271987915 13326
1783100011295 0.21822738647460938 13327
1783100011298 0.3495813012123108 13328
1783100011301 0.3215494751930237 13329
1783100011304 0.4665362536907196 13330
1783100011307 0.33558791875839233 13331
1783100011310 0.30248603224754333 13332
1783100011313 0.29820582270622253 13333
1783100011315 0.42491620779037476 13334
1783100011318 0.3993978500366211 13335
1783100011321 0.36963677406311035 13336
1783100011324 0.30854421854019165 13337
1783100011327 0.318591445684433 13338
1783100011330 0.35052141547203064 13339
1783100011333 0.30358004570007324 13340
1783100011338 0.35101571679115295 13341
1783100011343 0.31129491329193115 13342
1783100011347 0.362444669008255 13343
1783100011350 0.32224833965301514 13344
1783100011354 0.28175780177116394 13345
1783100011358 0.3391386866569519 13346
1783100011362 0.3139065206050873 13347
1783100011366 0.3082542419433594 13348
1783100011370 0.338792085647583 13349
1783100011374 0.3038104176521301 13350
1783100011378 0.2513832151889801 13351
1783100011382 0.29399049282073975 13352
1783100011386 0.34308481216430664 13353
1783100011391 0.26323211193084717 13354
1783100011395 0.28809499740600586 13355
1783100011399 0.20428161323070526 13356
1783100011403 0.29312288761138916 13357
1783100011407 0.28462278842926025 13358
1783100011411 0.30033600330352783 13359
1783100011414 0.3324333727359772 13360
1783100011418 0.32938235998153687 13361
1783100011422 0.259718656539917 13362
1783100011426 0.27070119976997375 13363
1783100011430 0.34533393383026123 13364
1783100011434 0.3402683138847351 13365
1783100011438 0.30158531665802 13366
1783100011442 0.3241191804409027 13367
1783100011446 0.33611059188842773 13368
1783100011450 0.2143661379814148 13369
1783100011453 0.27846622467041016 13370
1783100011457 0.3388720750808716 13371
1783100011461 0.36126163601875305 13372
1783100011465 0.29770100116729736 13373
1783100011468 0.3865944743156433 13374
1783100011472 0.2971360981464386 13375
1783100011476 0.2942475378513336 13376
1783100011480 0.34017515182495117 13377
1783100011484 0.39661213755607605 13378
1783100011489 0.3081338405609131 13379
1783100011493 0.3421283960342407 13380
1783100011497 0.31788480281829834 13381
1783100011501 0.33115607500076294 13382
1783100011505 0.2998533546924591 13383
1783100011509 0.45348989963531494 13384
1783100011513 0.2658199965953827 13385
1783100011516 0.35050147771835327 13386
1783100011520 0.2997584640979767 13387
1783100011524 0.25205856561660767 13388
1783100011528 0.3228074014186859 13389
1783100011532 0.2386951744556427 13390
1783100011536 0.33216291666030884 13391
1783100011540 0.30617302656173706 13392
1783100011544 0.29566511511802673 13393
1783100011548 0.29052332043647766 13394
1783100011552 0.29417887330055237 13395
1783100011556 0.336643785238266 13396
1783100011560 0.3270525336265564 13397
1783100011564 0.24977584183216095 13398
1783100011568 0.34916937351226807 13399
1783100011572 0.2427632212638855 13400
1783100011576 0.2899964451789856 13401
1783100011580 0.32143133878707886 13402
1783100011584 0.24731427431106567 13403
1783100011589 0.3037225902080536 13404
1783100011593 0.24087315797805786 13405
1783100011597 0.2965310513973236 13406
1783100011601 0.27302098274230957 13407
1783100011604 0.2759816646575928 13408
1783100011608 0.26667723059654236 13409
1783100011612 0.23474973440170288 13410
1783100011616 0.3110276460647583 13411
1783100011620 0.2672116756439209 13412
1783100011624 0.20647451281547546 13413
1783100011628 0.2861728072166443 13414
1783100011632 0.3127530813217163 13415
1783100011636 0.35370180010795593 13416
1783100011640 0.27044177055358887 13417
1783100011643 0.30911532044410706 13418
1783100011646 0.25708410143852234 13419
1783100011649 0.2259630411863327 13420
1783100011652 0.3046124279499054 13421
1783100011656 0.27669936418533325 13422
1783100011659 0.2497253268957138 13423
1783100011662 0.2727307081222534 13424
1783100011665 0.27335166931152344 13425
1783100011668 0.3050606846809387 13426
1783100011671 0.23800796270370483 13427
1783100011674 0.329734206199646 13428
1783100011677 0.3306833505630493 13429
1783100011682 0.2431698739528656 13430
1783100011686 0.32424983382225037 13431
1783100011691 0.2680787146091461 13432
1783100011695 0.26262375712394714 13433
1783100011699 0.33902043104171753 13434
1783100011703 0.26643624901771545 13435
1783100011706 0.28527212142944336 13436
1783100011710 0.26322272419929504 13437
1783100011714 0.2943231165409088 13438
1783100011718 0.25214847922325134 13439
1783100011722 0.2972429394721985 13440
1783100011726 0.3006696105003357 13441
1783100011730 0.25054311752319336 13442
1783100011735 0.26338833570480347 13443
1783100011740 0.28756770491600037 13444
1783100011745 0.2831144630908966 13445
1783100011750 0.2782166600227356 13446
1783100011754 0.3197215497493744 13447
1783100011758 0.2939605712890625 13448
1783100011762 0.2662201523780823 13449
1783100011766 0.29103800654411316 13450
1783100011770 0.23876214027404785 13451
1783100011774 0.30574068427085876 13452
1783100011778 0.2992290258407593 13453
1783100011782 0.3484896421432495 13454
1783100011786 0.24859781563282013 13455
1783100011790 0.31530284881591797 13456
1783100011794 0.2959287166595459 13457
1783100011798 0.2941502332687378 13458
1783100011803 0.3211365342140198 13459
1783100011807 0.2823433578014374 13460
1783100011811 0.31218498945236206 13461
1783100011815 0.2911407947540283 13462
1783100011819 0.2520219683647156 13463
1783100011823 0.30480697751045227 13464
1783100011827 0.3076828718185425 13465
1783100011831 0.23020748794078827 13466
1783100011835 0.3029843866825104 13467
1783100011838 0.2613527476787567 13468
1783100011842 0.24428237974643707 13469
1783100011847 0.23075321316719055 13470
1783100011851 0.2415345013141632 13471
1783100011855 0.3283310532569885 13472
1783100011859 0.2861584424972534 13473
1783100011863 0.2913057804107666 13474
1783100011868 0.2908152937889099 13475
1783100011873 0.3276378810405731 13476
1783100011877 0.27188077569007874 13477
1783100011881 0.28801023960113525 13478
1783100011886 0.24000731110572815 13479
1783100011890 0.31500253081321716 13480
1783100011894 0.2859698235988617 13481
1783100011898 0.25407832860946655 13482
1783100011903 0.288629949092865 13483
1783100011907 0.3370513319969177 13484
1783100011912 0.27947112917900085 13485
1783100011916 0.2568807601928711 13486
1783100011920 0.3541617691516876 13487
1783100011924 0.2949545383453369 13488
1783100011928 0.31068068742752075 13489
1783100011931 0.2907119393348694 13490
1783100011935 0.313686341047287 13491
1783100011939 0.3295886516571045 13492
1783100011943 0.28409573435783386 13493
1783100011947 0.2874005436897278 13494
1783100011951 0.2888430953025818 13495
1783100011956 0.3194844722747803 13496
1783100011960 0.27544429898262024 13497
1783100011964 0.2773258090019226 13498
1783100011968 0.29066064953804016 13499
1783100011972 0.34087061882019043 13500
1783100011975 0.3447364270687103 13501
1783100011979 0.32660117745399475 13502
1783100011983 0.281769722700119 13503
1783100011987 0.24475768208503723 13504
1783100011991 0.2921225428581238 13505
1783100011995 0.3583388924598694 13506
1783100012000 0.3579285442829132 13507
1783100012005 0.3065359592437744 13508
1783100012010 0.2836901545524597 13509
1783100012015 0.34792548418045044 13510
1783100012019 0.34189948439598083 13511
1783100012024 0.2910997271537781 13512
1783100012028 0.24486930668354034 13513
1783100012032 0.26555919647216797 13514
1783100012036 0.330564022064209 13515
1783100012041 0.2975846529006958 13516
1783100012045 0.2750650644302368 13517
1783100012050 0.3127772808074951 13518
1783100012055 0.33628982305526733 13519
1783100012059 0.3312216103076935 13520
1783100012063 0.257348895072937 13521
1783100012068 0.35953161120414734 13522
1783100012072 0.30273959040641785 13523
1783100012076 0.3263735771179199 13524
1783100012080 0.31863152980804443 13525
1783100012084 0.3490542471408844 13526
1783100012088 0.3371293544769287 13527
1783100012091 0.3783912658691406 13528
1783100012094 0.3437081575393677 13529
1783100012098 0.32716068625450134 13530
1783100012103 0.3648267984390259 13531
1783100012106 0.31686151027679443 13532
1783100012110 0.3432047963142395 13533
1783100012113 0.30590516328811646 13534
1783100012116 0.3047146201133728 13535
1783100012119 0.2703430652618408 13536
1783100012122 0.3262729048728943 13537
1783100012125 0.4276692867279053 13538
1783100012128 0.3148387670516968 13539
1783100012131 0.32383042573928833 13540
1783100012134 0.407680869102478 13541
1783100012137 0.3521679639816284 13542
1783100012140 0.2959597706794739 13543
1783100012143 0.33343198895454407 13544
1783100012146 0.3418833017349243 13545
1783100012151 0.3492712080478668 13546
1783100012155 0.35863062739372253 13547
1783100012158 0.3524045944213867 13548
1783100012161 0.30432209372520447 13549
1783100012165 0.37660712003707886 13550
1783100012168 0.31647753715515137 13551
1783100012171 0.3162871301174164 13552
1783100012174 0.304860383272171 13553
1783100012177 0.3313206732273102 13554
1783100012180 0.33026713132858276 13555
1783100012183 0.2832043170928955 13556
1783100012186 0.36771729588508606 13557
1783100012189 0.37392115592956543 13558
1783100012192 0.3575153946876526 13559
1783100012195 0.25707387924194336 13560
1783100012199 0.28396692872047424 13561
1783100012203 0.3625760078430176 13562
1783100012208 0.31745821237564087 13563
1783100012211 0.31347447633743286 13564
1783100012215 0.37256622314453125 13565
1783100012219 0.3088223934173584 13566
1783100012223 0.29540884494781494 13567
1783100012227 0.3517991304397583 13568
1783100012231 0.3974989056587219 13569
1783100012234 0.4404712915420532 13570
1783100012238 0.35865309834480286 13571
1783100012242 0.3277246356010437 13572
1783100012246 0.40446215867996216 13573
1783100012250 0.29573309421539307 13574
1783100012254 0.30841976404190063 13575
1783100012258 0.29472023248672485 13576
1783100012262 0.31907394528388977 13577
1783100012266 0.37531155347824097 13578
1783100012270 0.4254491925239563 13579
1783100012274 0.2984426021575928 13580
1783100012278 0.4075983166694641 13581
1783100012283 0.2699233889579773 13582
1783100012287 0.3617013394832611 13583
1783100012291 0.40874433517456055 13584
1783100012295 0.46103399991989136 13585
1783100012299 0.36347103118896484 13586
1783100012304 0.3021635115146637 13587
1783100012307 0.31597381830215454 13588
1783100012311 0.3837912380695343 13589
1783100012315 0.3119807243347168 13590
1783100012319 0.36807963252067566 13591
1783100012323 0.3702622652053833 13592
1783100012327 0.3539048731327057 13593
1783100012331 0.3163500130176544 13594
1783100012335 0.34284618496894836 13595
1783100012339 0.34622329473495483 13596
1783100012343 0.39484161138534546 13597
1783100012347 0.3307642638683319 13598
1783100012352 0.3249047100543976 13599
1783100012356 0.36692890524864197 13600
1783100012360 0.3608061969280243 13601
1783100012365 0.28300946950912476 13602
1783100012369 0.3025304675102234 13603
1783100012373 0.3716714382171631 13604
1783100012377 0.36136019229888916 13605
1783100012381 0.3967238962650299 13606
1783100012385 0.39068663120269775 13607
1783100012389 0.27117371559143066 13608
1783100012394 0.3109881579875946 13609
1783100012398 0.4124932289123535 13610
1783100012402 0.38287264108657837 13611
1783100012406 0.34682604670524597 13612
1783100012411 0.3874657154083252 13613
1783100012415 0.4106542468070984 13614
1783100012419 0.35362672805786133 13615
1783100012423 0.433819055557251 13616
1783100012426 0.4054708778858185 13617
1783100012430 0.2839597165584564 13618
1783100012434 0.3300766944885254 13619
1783100012438 0.39761415123939514 13620
1783100012442 0.41784369945526123 13621
1783100012446 0.4102832078933716 13622
1783100012450 0.33651599287986755 13623
1783100012455 0.3204673230648041 13624
1783100012458 0.3885394036769867 13625
1783100012462 0.3314495086669922 13626
1783100012465 0.38929665088653564 13627
1783100012468 0.29809147119522095 13628
1783100012471 0.3758372664451599 13629
1783100012474 0.3867526650428772 13630
1783100012477 0.3524417579174042 13631
1783100012480 0.4021276831626892 13632
1783100012483 0.3548857271671295 13633
1783100012486 0.32611504197120667 13634
1783100012489 0.3674207329750061 13635
1783100012492 0.3900154232978821 13636
1783100012495 0.3753277063369751 13637
1783100012497 0.3362864851951599 13638
1783100012502 0.3408258557319641 13639
1783100012507 0.29704809188842773 13640
1783100012511 0.38761842250823975 13641
1783100012514 0.3862764835357666 13642
1783100012517 0.4098222255706787 13643
1783100012520 0.3233391344547272 13644
1783100012523 0.3618813753128052 13645
1783100012532 0.3525013327598572 13646
1783100012536 0.3058621287345886 13647
1783100012540 0.341482013463974 13648
1783100012543 0.39019984006881714 13649
1783100012547 0.37259018421173096 13650
1783100012551 0.2896207571029663 13651
1783100012556 0.4418926537036896 13652
1783100012560 0.3070716857910156 13653
1783100012564 0.3240489363670349 13654
1783100012568 0.385171115398407 13655
1783100012572 0.3495582342147827 13656
1783100012576 0.34405064582824707 13657
1783100012580 0.30757641792297363 13658
1783100012584 0.33521246910095215 13659
1783100012587 0.32816314697265625 13660
1783100012591 0.38271868228912354 13661
1783100012595 0.35821688175201416 13662
1783100012599 0.3244628310203552 13663
1783100012603 0.40333157777786255 13664
1783100012608 0.29741770029067993 13665
1783100012612 0.3528745770454407 13666
1783100012616 0.32148629426956177 13667
1783100012620 0.302274614572525 13668
1783100012624 0.30090558528900146 13669
1783100012627 0.3270794749259949 13670
1783100012631 0.24788355827331543 13671
1783100012635 0.3757399320602417 13672
1783100012639 0.2582249641418457 13673
1783100012643 0.3079301416873932 13674
1783100012647 0.3623444736003876 13675
1783100012651 0.35866767168045044 13676
1783100012656 0.27969086170196533 13677
1783100012660 0.3122033476829529 13678
1783100012665 0.30635595321655273 13679
1783100012669 0.3670753836631775 13680
1783100012673 0.27463507652282715 13681
1783100012677 0.32124975323677063 13682
1783100012681 0.3469006419181824 13683
1783100012685 0.3196481168270111 13684
1783100012688 0.32338249683380127 13685
1783100012692 0.3242288827896118 13686
1783100012696 0.3293097913265228 13687
1783100012701 0.32232892513275146 13688
1783100012705 0.28090739250183105 13689
1783100012709 0.3036438524723053 13690
1783100012713 0.27006471157073975 13691
1783100012717 0.3316219747066498 13692
1783100012721 0.32139235734939575 13693
1783100012725 0.2700803279876709 13694
1783100012729 0.3249741494655609 13695
1783100012733 0.29937899112701416 13696
1783100012737 0.3130573630332947 13697
1783100012740 0.32973310351371765 13698
1783100012744 0.33838847279548645 13699
1783100012748 0.30452650785446167 13700
1783100012753 0.25649768114089966 13701
1783100012757 0.315548837184906 13702
1783100012761 0.28215691447257996 13703
1783100012765 0.3168325424194336 13704
1783100012769 0.3206244707107544 13705
1783100012773 0.28019508719444275 13706
1783100012777 0.30043965578079224 13707
1783100012781 0.3146558403968811 13708
1783100012785 0.2984384298324585 13709
1783100012789 0.261654794216156 13710
1783100012792 0.27786922454833984 13711
1783100012796 0.30989542603492737 13712
1783100012801 0.2741785943508148 13713
1783100012805 0.31556054949760437 13714
1783100012809 0.2353014349937439 13715
1783100012813 0.2683787941932678 13716
1783100012817 0.2022603303194046 13717
1783100012821 0.2783065736293793 13718
1783100012824 0.23540394008159637 13719
1783100012828 0.35261717438697815 13720
1783100012832 0.2602592706680298 13721
1783100012836 0.2941130995750427 13722
1783100012840 0.27971914410591125 13723
1783100012843 0.23296502232551575 13724
1783100012847 0.21799035370349884 13725
1783100012852 0.2574215829372406 13726
1783100012856 0.2488287389278412 13727
1783100012860 0.24901176989078522 13728
1783100012864 0.23871077597141266 13729
1783100012868 0.26896369457244873 13730
1783100012872 0.2833053171634674 13731
1783100012876 0.26372230052948 13732
1783100012880 0.254536509513855 13733
1783100012884 0.20080959796905518 13734
1783100012888 0.2529328763484955 13735
1783100012892 0.26185500621795654 13736
1783100012896 0.24442392587661743 13737
1783100012900 0.3403421640396118 13738
1783100012905 0.24634256958961487 13739
1783100012909 0.25000056624412537 13740
1783100012913 0.2568931579589844 13741
1783100012917 0.2308487594127655 13742
1783100012922 0.24943554401397705 13743
1783100012926 0.21123085916042328 13744
1783100012929 0.3105395436286926 13745
1783100012933 0.25991058349609375 13746
1783100012937 0.25963711738586426 13747
1783100012941 0.23981145024299622 13748
1783100012945 0.23661446571350098 13749
1783100012949 0.27723318338394165 13750
1783100012953 0.24724213778972626 13751
1783100012957 0.26002395153045654 13752
1783100012960 0.22658023238182068 13753
1783100012964 0.2976376414299011 13754
1783100012968 0.20560607314109802 13755
1783100012972 0.25708532333374023 13756
1783100012976 0.3121047019958496 13757
1783100012979 0.207809180021286 13758
1783100012983 0.22188158333301544 13759
1783100012987 0.27720722556114197 13760
1783100012991 0.20980489253997803 13761
1783100012995 0.29635903239250183 13762
1783100012999 0.26215651631355286 13763
1783100013005 0.2598015367984772 13764
1783100013009 0.2593599557876587 13765
1783100013012 0.19358715415000916 13766
1783100013015 0.26234400272369385 13767
1783100013018 0.22970923781394958 13768
1783100013022 0.22452323138713837 13769
1783100013025 0.23777225613594055 13770
1783100013028 0.2588394284248352 13771
1783100013032 0.24853292107582092 13772
1783100013035 0.30399948358535767 13773
1783100013038 0.2547609210014343 13774
1783100013041 0.2575816512107849 13775
1783100013045 0.2636866271495819 13776
1783100013049 0.2612684369087219 13777
1783100013053 0.21466118097305298 13778
1783100013057 0.2584177851676941 13779
1783100013060 0.2552277147769928 13780
1783100013063 0.2064608484506607 13781
1783100013067 0.2372201532125473 13782
1783100013071 0.26091164350509644 13783
1783100013074 0.27921929955482483 13784
1783100013078 0.20514622330665588 13785
1783100013082 0.2339859902858734 13786
1783100013086 0.23891228437423706 13787
1783100013090 0.27854835987091064 13788
1783100013093 0.22046230733394623 13789
1783100013098 0.290096253156662 13790
1783100013102 0.2616990804672241 13791
1783100013106 0.2636755704879761 13792
1783100013110 0.23548004031181335 13793
1783100013114 0.2271232306957245 13794
1783100013118 0.19038018584251404 13795
1783100013122 0.20780068635940552 13796
1783100013125 0.2515592575073242 13797
1783100013128 0.2364964783191681 13798
1783100013131 0.2675957679748535 13799
1783100013134 0.22655093669891357 13800
1783100013138 0.21180644631385803 13801
1783100013142 0.2161707580089569 13802
1783100013146 0.24262070655822754 13803
1783100013151 0.20390155911445618 13804
1783100013154 0.22729173302650452 13805
1783100013158 0.2801229953765869 13806
1783100013161 0.23230312764644623 13807
1783100013164 0.2014348804950714 13808
1783100013167 0.23188918828964233 13809
1783100013170 0.23706358671188354 13810
1783100013173 0.19964507222175598 13811
1783100013176 0.28386032581329346 13812
1783100013180 0.20253127813339233 13813
1783100013183 0.25484347343444824 13814
1783100013187 0.20488286018371582 13815
1783100013191 0.25657838582992554 13816
1783100013195 0.2704339623451233 13817
1783100013199 0.21343910694122314 13818
1783100013203 0.2744538486003876 13819
1783100013206 0.19857165217399597 13820
1783100013210 0.23263409733772278 13821
1783100013213 0.21205484867095947 13822
1783100013216 0.20005086064338684 13823
1783100013219 0.31693559885025024 13824
1783100013222 0.22982674837112427 13825
1783100013225 0.2784104347229004 13826
1783100013228 0.2720675766468048 13827
1783100013231 0.2517380118370056 13828
1783100013234 0.24072988331317902 13829
1783100013237 0.25749287009239197 13830
1783100013240 0.2589922547340393 13831
1783100013243 0.24084225296974182 13832
1783100013246 0.26480403542518616 13833
1783100013250 0.24689927697181702 13834
1783100013254 0.24546846747398376 13835
1783100013258 0.223710834980011 13836
1783100013262 0.24890249967575073 13837
1783100013266 0.3096555471420288 13838
1783100013270 0.24101847410202026 13839
1783100013274 0.23775869607925415 13840
1783100013278 0.25356754660606384 13841
1783100013282 0.20014721155166626 13842
1783100013286 0.23231089115142822 13843
1783100013290 0.2021094560623169 13844
1783100013294 0.2735452651977539 13845
1783100013298 0.19287171959877014 13846
1783100013303 0.28758203983306885 13847
1783100013307 0.2461041957139969 13848
1783100013311 0.19780442118644714 13849
1783100013315 0.24895209074020386 13850
1783100013319 0.25329017639160156 13851
1783100013322 0.26613110303878784 13852
1783100013326 0.2250092625617981 13853
1783100013330 0.2419915646314621 13854
1783100013334 0.19046801328659058 13855
1783100013338 0.27733656764030457 13856
1783100013341 0.2426273226737976 13857
1783100013345 0.21951444447040558 13858
1783100013350 0.25143393874168396 13859
1783100013354 0.2443060427904129 13860
1783100013358 0.2630942761898041 13861
1783100013362 0.23317843675613403 13862
1783100013367 0.3025093376636505 13863
1783100013371 0.2806691527366638 13864
1783100013375 0.24811089038848877 13865
1783100013379 0.22151851654052734 13866
1783100013383 0.24094337224960327 13867
1783100013386 0.23110496997833252 13868
1783100013389 0.29060155153274536 13869
1783100013392 0.18639829754829407 13870
1783100013395 0.22545668482780457 13871
1783100013400 0.20850858092308044 13872
1783100013404 0.2510707974433899 13873
1783100013407 0.1991407871246338 13874
1783100013410 0.26315435767173767 13875
1783100013413 0.2210680991411209 13876
1783100013416 0.19450561702251434 13877
1783100013419 0.22156798839569092 13878
1783100013422 0.2229027897119522 13879
1783100013426 0.35953789949417114 13880
1783100013429 0.27179425954818726 13881
1783100013432 0.21975386142730713 13882
1783100013435 0.22775697708129883 13883
1783100013438 0.2536426782608032 13884
1783100013441 0.2702070474624634 13885
1783100013444 0.22947022318840027 13886
1783100013448 0.2581225633621216 13887
1783100013452 0.255823016166687 13888
1783100013456 0.27141547203063965 13889
1783100013460 0.21438585221767426 13890
1783100013464 0.2801956534385681 13891
1783100013468 0.24701417982578278 13892
1783100013472 0.24639761447906494 13893
1783100013476 0.2117053121328354 13894
1783100013480 0.24788901209831238 13895
1783100013483 0.25749629735946655 13896
1783100013486 0.2863900661468506 13897
1783100013489 0.25159910321235657 13898
1783100013493 0.22511185705661774 13899
1783100013497 0.2876693606376648 13900
1783100013501 0.2572828233242035 13901
1783100013505 0.26572754979133606 13902
1783100013508 0.2579476237297058 13903
1783100013511 0.2106497585773468 13904
1783100013514 0.29716163873672485 13905
1783100013518 0.283737450838089 13906
1783100013521 0.26843786239624023 13907
1783100013524 0.1855936050415039 13908
1783100013527 0.19360922276973724 13909
1783100013530 0.2259312868118286 13910
1783100013533 0.2767975330352783 13911
1783100013536 0.2850522994995117 13912
1783100013539 0.2670227289199829 13913
1783100013542 0.2514623999595642 13914
1783100013545 0.29395729303359985 13915
1783100013550 0.26199373602867126 13916
1783100013555 0.21344918012619019 13917
1783100013558 0.30460211634635925 13918
1783100013562 0.26033520698547363 13919
1783100013565 0.27512359619140625 13920
1783100013568 0.2410067915916443 13921
1783100013571 0.2662521302700043 13922
1783100013574 0.2285509705543518 13923
1783100013577 0.24889376759529114 13924
1783100013580 0.21218755841255188 13925
1783100013583 0.21745656430721283 13926
1783100013586 0.28004398941993713 13927
1783100013590 0.27697932720184326 13928
1783100013593 0.26147210597991943 13929
1783100013596 0.2105175256729126 13930
1783100013600 0.2656364142894745 13931
1783100013604 0.32639163732528687 13932
1783100013608 0.31999072432518005 13933
1783100013612 0.25454181432724 13934
1783100013617 0.2879151701927185 13935
1783100013620 0.2676147222518921 13936
1783100013624 0.2778461277484894 13937
1783100013628 0.24712009727954865 13938
1783100013633 0.22032026946544647 13939
1783100013636 0.2381632775068283 13940
1783100013640 0.27918949723243713 13941
1783100013645 0.2722916603088379 13942
1783100013649 0.28868502378463745 13943
1783100013653 0.283904105424881 13944
1783100013657 0.28322139382362366 13945
1783100013661 0.2845454812049866 13946
1783100013665 0.2905196249485016 13947
1783100013669 0.3194189667701721 13948
1783100013672 0.19996339082717896 13949
1783100013675 0.22716817259788513 13950
1783100013679 0.2958006262779236 13951
1783100013682 0.2834395170211792 13952
1783100013685 0.2151302695274353 13953
1783100013688 0.25227442383766174 13954
1783100013691 0.27700263261795044 13955
1783100013694 0.22218215465545654 13956
1783100013698 0.2893114984035492 13957
1783100013702 0.24219515919685364 13958
1783100013706 0.2822555899620056 13959
1783100013710 0.26980355381965637 13960
1783100013713 0.2898658215999603 13961
1783100013717 0.2816620469093323 13962
1783100013721 0.2698836624622345 13963
1783100013725 0.2850234806537628 13964
1783100013728 0.2973439693450928 13965
1783100013732 0.3149009644985199 13966
1783100013736 0.3064321279525757 13967
1783100013740 0.26438283920288086 13968
1783100013744 0.2725861966609955 13969
1783100013748 0.3100709915161133 13970
1783100013752 0.29805564880371094 13971
1783100013756 0.27501267194747925 13972
1783100013760 0.233602374792099 13973
1783100013764 0.3021426796913147 13974
1783100013768 0.3348376750946045 13975
1783100013771 0.27352577447891235 13976
1783100013775 0.2924025058746338 13977
1783100013779 0.2343321591615677 13978
1783100013783 0.3342796564102173 13979
1783100013787 0.27763620018959045 13980
1783100013791 0.2735123932361603 13981
1783100013794 0.32965654134750366 13982
1783100013799 0.28678861260414124 13983
1783100013803 0.31094688177108765 13984
1783100013807 0.3122735619544983 13985
1783100013811 0.311281681060791 13986
1783100013815 0.26272010803222656 13987
1783100013819 0.35784912109375 13988
1783100013823 0.31260597705841064 13989
1783100013827 0.31217944622039795 13990
1783100013830 0.29536303877830505 13991
1783100013834 0.3139668107032776 13992
1783100013838 0.26972496509552 13993
1783100013842 0.3342548608779907 13994
1783100013846 0.3554735779762268 13995
1783100013850 0.2827998995780945 13996
1783100013855 0.28149837255477905 13997
1783100013859 0.30341339111328125 13998
1783100013863 0.3256665766239166 13999
1783100013867 0.25497812032699585 14000
1783100013871 0.31817537546157837 14001
1783100013875 0.3007141053676605 14002
1783100013879 0.2923784852027893 14003
1783100013883 0.26646068692207336 14004
1783100013887 0.33541882038116455 14005
1783100013891 0.32550328969955444 14006
1783100013895 0.30777043104171753 14007
1783100013899 0.3077235817909241 14008
1783100013904 0.24953559041023254 14009
1783100013908 0.3651611804962158 14010
1783100013912 0.2653692066669464 14011
1783100013916 0.3274306058883667 14012
1783100013919 0.2503400444984436 14013
1783100013923 0.29700279235839844 14014
1783100013928 0.2833288311958313 14015
1783100013932 0.29969802498817444 14016
1783100013936 0.2539095878601074 14017
1783100013940 0.2547367811203003 14018
1783100013943 0.3369968831539154 14019
1783100013948 0.28408294916152954 14020
1783100013952 0.3005998432636261 14021
1783100013956 0.30235162377357483 14022
1783100013960 0.34197720885276794 14023
1783100013964 0.2736653983592987 14024
1783100013967 0.3684481978416443 14025
1783100013971 0.2837006449699402 14026
1783100013975 0.30018550157546997 14027
1783100013979 0.3449784517288208 14028
1783100013983 0.3372414708137512 14029
1783100013986 0.3507160544395447 14030
1783100013990 0.3377893567085266 14031
1783100013994 0.27197569608688354 14032
1783100013998 0.2499617040157318 14033
1783100014002 0.34039685130119324 14034
1783100014007 0.2955590486526489 14035
1783100014011 0.30923372507095337 14036
1783100014015 0.3119521737098694 14037
1783100014019 0.25978797674179077 14038
1783100014023 0.3005869388580322 14039
1783100014027 0.30297160148620605 14040
1783100014031 0.31915634870529175 14041
1783100014034 0.35425105690956116 14042
1783100014038 0.3878043293952942 14043
1783100014042 0.2736312747001648 14044
1783100014047 0.29917776584625244 14045
1783100014051 0.24698154628276825 14046
1783100014055 0.31909632682800293 14047
1783100014058 0.3197099268436432 14048
1783100014062 0.3187091052532196 14049
1783100014066 0.2965259552001953 14050
1783100014069 0.3084307312965393 14051
1783100014073 0.28222495317459106 14052
1783100014077 0.2754007875919342 14053
1783100014081 0.3099881112575531 14054
1783100014281 0.3327590227127075 14055
1783100014285 0.31952428817749023 14056
1783100014289 0.29552698135375977 14057
1783100014293 0.28820157051086426 14058
1783100014297 0.31864696741104126 14059
1783100014301 0.273105263710022 14060
1783100014304 0.2982023358345032 14061
1783100014308 0.24202024936676025 14062
1783100014314 0.2916175127029419 14063
1783100014318 0.30528610944747925 14064
1783100014321 0.25329825282096863 14065
1783100014325 0.26464197039604187 14066
1783100014329 0.25928568840026855 14067
1783100014333 0.2611260712146759 14068
1783100014338 0.289797842502594 14069
1783100014342 0.32150527834892273 14070
1783100014346 0.30179333686828613 14071
1783100014350 0.2941649556159973 14072
1783100014354 0.26876556873321533 14073
1783100014359 0.28801387548446655 14074
1783100014363 0.3909793496131897 14075
1783100014368 0.27137526869773865 14076
1783100014372 0.28720879554748535 14077
1783100014376 0.3154039680957794 14078
1783100014381 0.33526551723480225 14079
1783100014385 0.2930103540420532 14080
1783100014389 0.3259379267692566 14081
1783100014393 0.29414576292037964 14082
1783100014397 0.3272560238838196 14083
1783100014401 0.32539790868759155 14084
1783100014405 0.2990502715110779 14085
1783100014409 0.25700581073760986 14086
1783100014414 0.3024517893791199 14087
1783100014418 0.3393099308013916 14088
1783100014422 0.2681780457496643 14089
1783100014425 0.3877319097518921 14090
1783100014429 0.31042441725730896 14091
1783100014433 0.2937370538711548 14092
1783100014437 0.3669065833091736 14093
1783100014441 0.2811005711555481 14094
1783100014445 0.2733437418937683 14095
1783100014449 0.30217641592025757 14096
1783100014453 0.30987823009490967 14097
1783100014457 0.3127758800983429 14098
1783100014461 0.28140848875045776 14099
1783100014465 0.288520872592926 14100
1783100014469 0.2971891760826111 14101
1783100014473 0.26542893052101135 14102
1783100014477 0.28805702924728394 14103
1783100014481 0.2764979302883148 14104
1783100014485 0.330457866191864 14105
1783100014489 0.31590890884399414 14106
1783100014492 0.24875809252262115 14107
1783100014496 0.30887165665626526 14108
1783100014500 0.3348713517189026 14109
1783100014504 0.30813613533973694 14110
1783100014508 0.29786840081214905 14111
1783100014512 0.32769834995269775 14112
1783100014516 0.36301475763320923 14113
1783100014520 0.2853050231933594 14114
1783100014524 0.24886351823806763 14115
1783100014528 0.28107815980911255 14116
1783100014532 0.29416990280151367 14117
1783100014536 0.2488701045513153 14118
1783100014540 0.3408205509185791 14119
1783100014543 0.2978018820285797 14120
1783100014547 0.3110079765319824 14121
1783100014551 0.31766748428344727 14122
1783100014555 0.2971205711364746 14123
1783100014560 0.3067168593406677 14124
1783100014564 0.2451564073562622 14125
1783100014568 0.2659224271774292 14126
1783100014572 0.3073536157608032 14127
1783100014576 0.3092215657234192 14128
1783100014580 0.2753422260284424 14129
1783100014584 0.3051106333732605 14130
1783100014588 0.29432135820388794 14131
1783100014591 0.2769894003868103 14132
1783100014595 0.26745134592056274 14133
1783100014599 0.3185039758682251 14134
1783100014603 0.33966413140296936 14135
1783100014607 0.3556637167930603 14136
1783100014612 0.25228315591812134 14137
1783100014616 0.3370741903781891 14138
1783100014620 0.2637147903442383 14139
1783100014624 0.29234451055526733 14140
1783100014628 0.3259999454021454 14141
1783100014631 0.28554725646972656 14142
1783100014635 0.3032207190990448 14143
1783100014638 0.25051194429397583 14144
1783100014641 0.3202142119407654 14145
1783100014645 0.2636205554008484 14146
1783100014648 0.3165915012359619 14147
1783100014651 0.29094505310058594 14148
1783100014654 0.34107357263565063 14149
1783100014659 0.34680747985839844 14150
1783100014663 0.343738317489624 14151
1783100014667 0.2868953347206116 14152
1783100014671 0.25404655933380127 14153
1783100014674 0.29944780468940735 14154
1783100014678 0.24673110246658325 14155
1783100014682 0.30000901222229004 14156
1783100014686 0.28317129611968994 14157
1783100014690 0.24163298308849335 14158
1783100014694 0.25581544637680054 14159
1783100014698 0.28461456298828125 14160
1783100014703 0.2531431317329407 14161
1783100014707 0.26664072275161743 14162
1783100014711 0.30839258432388306 14163
1783100014715 0.2958325445652008 14164
1783100014719 0.32147324085235596 14165
1783100014723 0.2575809955596924 14166
1783100014727 0.2626483142375946 14167
1783100014731 0.31447625160217285 14168
1783100014735 0.2767379879951477 14169
1783100014739 0.2929099202156067 14170
1783100014743 0.31953132152557373 14171
1783100014747 0.3102545142173767 14172
1783100014751 0.2701319456100464 14173
1783100014755 0.2543339729309082 14174
1783100014759 0.29424071311950684 14175
1783100014763 0.2852116823196411 14176
1783100014767 0.24438825249671936 14177
1783100014771 0.30999329686164856 14178
1783100014775 0.31531912088394165 14179
1783100014779 0.3080652356147766 14180
1783100014784 0.2775423526763916 14181
1783100014788 0.26814430952072144 14182
1783100014792 0.28705474734306335 14183
1783100014796 0.3163679242134094 14184
1783100014801 0.3008124828338623 14185
1783100014805 0.347140908241272 14186
1783100014809 0.28645890951156616 14187
1783100014813 0.2823919653892517 14188
1783100014817 0.2902897000312805 14189
1783100014821 0.24664631485939026 14190
1783100014825 0.31812915205955505 14191
1783100014829 0.27871012687683105 14192
1783100014833 0.27108034491539 14193
1783100014836 0.2564299702644348 14194
1783100014840 0.28859466314315796 14195
1783100014844 0.31183454394340515 14196
1783100014848 0.29780060052871704 14197
1783100014853 0.2597591280937195 14198
1783100014857 0.2721021771430969 14199
1783100014861 0.2854904532432556 14200
1783100014864 0.24678462743759155 14201
1783100014869 0.2992244064807892 14202
1783100014873 0.2710491716861725 14203
1783100014877 0.3426162302494049 14204
1783100014881 0.3115682899951935 14205
1783100014885 0.30198338627815247 14206
1783100014889 0.29317203164100647 14207
1783100014893 0.2690373361110687 14208
1783100014898 0.31944581866264343 14209
1783100014902 0.2805808186531067 14210
1783100014906 0.24838624894618988 14211
1783100014910 0.23624300956726074 14212
1783100014914 0.27807867527008057 14213
1783100014918 0.31802845001220703 14214
1783100014922 0.2352505922317505 14215
1783100014926 0.23873741924762726 14216
1783100014931 0.2803727090358734 14217
1783100014935 0.2865251898765564 14218
1783100014939 0.27966606616973877 14219
1783100014942 0.2912978231906891 14220
1783100014947 0.27081000804901123 14221
1783100014951 0.26489898562431335 14222
1783100014955 0.283403217792511 14223
1783100014959 0.2563009560108185 14224
1783100014962 0.2746010422706604 14225
1783100014966 0.3079836368560791 14226
1783100014970 0.2591290771961212 14227
1783100014974 0.2739308178424835 14228
1783100014978 0.263262003660202 14229
1783100014981 0.34010589122772217 14230
1783100014985 0.29831814765930176 14231
1783100014989 0.25565966963768005 14232
1783100014993 0.314619779586792 14233
1783100014997 0.27661558985710144 14234
1783100015002 0.34077802300453186 14235
1783100015006 0.2859470546245575 14236
1783100015010 0.32575365900993347 14237
1783100015014 0.29637670516967773 14238
1783100015018 0.3033984303474426 14239
1783100015023 0.2789685130119324 14240
1783100015027 0.27603045105934143 14241
1783100015030 0.30339515209198 14242
1783100015033 0.26958388090133667 14243
1783100015037 0.3055776059627533 14244
1783100015040 0.3222050666809082 14245
1783100015044 0.32317113876342773 14246
1783100015048 0.25253573060035706 14247
1783100015053 0.3369290232658386 14248
1783100015057 0.3676601052284241 14249
1783100015062 0.25103968381881714 14250
1783100015066 0.3031871020793915 14251
1783100015070 0.3225485384464264 14252
1783100015075 0.3059913218021393 14253
1783100015079 0.2798808813095093 14254
1783100015082 0.2767474055290222 14255
1783100015085 0.27299368381500244 14256
1783100015088 0.24354016780853271 14257
1783100015091 0.24058350920677185 14258
1783100015094 0.268155574798584 14259
1783100015099 0.25994905829429626 14260
1783100015103 0.2243873029947281 14261
1783100015107 0.3178785443305969 14262
1783100015111 0.28959864377975464 14263
1783100015115 0.2707928419113159 14264
1783100015119 0.21495139598846436 14265
1783100015123 0.23389668762683868 14266
1783100015126 0.29547828435897827 14267
1783100015129 0.2763426899909973 14268
1783100015132 0.2809956669807434 14269
1783100015135 0.26974451541900635 14270
1783100015138 0.31720805168151855 14271
1783100015141 0.2567671239376068 14272
1783100015144 0.24607139825820923 14273
1783100015149 0.2898666262626648 14274
1783100015153 0.2911996841430664 14275
1783100015158 0.24921301007270813 14276
1783100015162 0.28242921829223633 14277
1783100015166 0.2983142137527466 14278
1783100015170 0.30214300751686096 14279
1783100015174 0.35111719369888306 14280
1783100015178 0.310229629278183 14281
1783100015182 0.2902317941188812 14282
1783100015186 0.2829728126525879 14283
1783100015190 0.27980905771255493 14284
1783100015194 0.3733491897583008 14285
1783100015199 0.2800114154815674 14286
1783100015204 0.2894902229309082 14287
1783100015209 0.27188727259635925 14288
1783100015214 0.2910419702529907 14289
1783100015219 0.25014716386795044 14290
1783100015223 0.3068268895149231 14291
1783100015227 0.2772751450538635 14292
1783100015231 0.27234727144241333 14293
1783100015236 0.24134740233421326 14294
1783100015240 0.2726461887359619 14295
1783100015244 0.3934635818004608 14296
1783100015248 0.2809624671936035 14297
1783100015252 0.29007774591445923 14298
1783100015256 0.2992745041847229 14299
1783100015260 0.3040621280670166 14300
1783100015264 0.33124804496765137 14301
1783100015268 0.21377219259738922 14302
1783100015273 0.24721448123455048 14303
1783100015277 0.27829402685165405 14304
1783100015281 0.3104252815246582 14305
1783100015285 0.352250337600708 14306
1783100015289 0.30459314584732056 14307
1783100015293 0.2801169753074646 14308
1783100015297 0.3195441663265228 14309
1783100015301 0.27669423818588257 14310
1783100015305 0.2799742519855499 14311
1783100015308 0.3046687841415405 14312
1783100015313 0.2950882315635681 14313
1783100015317 0.3401694893836975 14314
1783100015320 0.2857357859611511 14315
1783100015323 0.30968040227890015 14316
1783100015326 0.3071858286857605 14317
1783100015330 0.28754758834838867 14318
1783100015333 0.26140332221984863 14319
1783100015336 0.28099513053894043 14320
1783100015339 0.3333471417427063 14321
1783100015342 0.3244372606277466 14322
1783100015345 0.2759634852409363 14323
1783100015348 0.3296608328819275 14324
1783100015352 0.27278220653533936 14325
1783100015355 0.27842313051223755 14326
1783100015358 0.30507126450538635 14327
1783100015361 0.35510027408599854 14328
1783100015365 0.32288771867752075 14329
1783100015370 0.32846716046333313 14330
1783100015373 0.33246129751205444 14331
1783100015379 0.37570512294769287 14332
1783100015383 0.3050285279750824 14333
1783100015388 0.33138367533683777 14334
1783100015392 0.25254034996032715 14335
1783100015396 0.2813376784324646 14336
1783100015401 0.3290577530860901 14337
1783100015405 0.2843140959739685 14338
1783100015409 0.3045690059661865 14339
1783100015415 0.3070785105228424 14340
1783100015419 0.37535130977630615 14341
1783100015422 0.3178264796733856 14342
1783100015425 0.2671772241592407 14343
1783100015428 0.30334389209747314 14344
1783100015432 0.28026527166366577 14345
1783100015435 0.4129185080528259 14346
1783100015438 0.2990086078643799 14347
1783100015441 0.3505089282989502 14348
1783100015444 0.29281145334243774 14349
1783100015447 0.31040796637535095 14350
1783100015450 0.2931865453720093 14351
1783100015454 0.3373715281486511 14352
1783100015457 0.29895681142807007 14353
1783100015461 0.318229615688324 14354
1783100015465 0.37563556432724 14355
1783100015469 0.32512563467025757 14356
1783100015474 0.24765099585056305 14357
1783100015477 0.3491429090499878 14358
1783100015481 0.3367079496383667 14359
1783100015484 0.2859334945678711 14360
1783100015487 0.3486974239349365 14361
1783100015490 0.3324351906776428 14362
1783100015493 0.3039705753326416 14363
1783100015496 0.2952881455421448 14364
1783100015499 0.2711098790168762 14365
1783100015503 0.3452536463737488 14366
1783100015506 0.3273879885673523 14367
1783100015509 0.3124377131462097 14368
1783100015512 0.29248279333114624 14369
1783100015517 0.33354252576828003 14370
1783100015522 0.34323108196258545 14371
1783100015525 0.30958831310272217 14372
1783100015528 0.3594813346862793 14373
1783100015531 0.39851221442222595 14374
1783100015534 0.36202406883239746 14375
1783100015537 0.34264081716537476 14376
1783100015541 0.326745867729187 14377
1783100015545 0.34139394760131836 14378
1783100015548 0.3122634291648865 14379
1783100015552 0.35017716884613037 14380
1783100015555 0.2887469530105591 14381
1783100015558 0.34573686122894287 14382
1783100015561 0.336259663105011 14383
1783100015564 0.28379589319229126 14384
1783100015569 0.2785876393318176 14385
1783100015574 0.32833659648895264 14386
1783100015579 0.35099494457244873 14387
1783100015584 0.33063632249832153 14388
1783100015588 0.3153556287288666 14389
1783100015592 0.2660605311393738 14390
1783100015596 0.36155855655670166 14391
1783100015600 0.34105947613716125 14392
1783100015604 0.3150728940963745 14393
1783100015608 0.2956863045692444 14394
1783100015611 0.3206033706665039 14395
1783100015615 0.2960283160209656 14396
1783100015619 0.322126567363739 14397
1783100015623 0.33257922530174255 14398
1783100015628 0.34744733572006226 14399
1783100015632 0.34382468461990356 14400
1783100015636 0.26208484172821045 14401
1783100015640 0.3186783790588379 14402
1783100015644 0.3181542754173279 14403
1783100015647 0.35803937911987305 14404
1783100015651 0.2878146469593048 14405
1783100015655 0.36538124084472656 14406
1783100015659 0.3398977518081665 14407
1783100015663 0.384050190448761 14408
1783100015667 0.29760581254959106 14409
1783100015671 0.31694018840789795 14410
1783100015676 0.35862308740615845 14411
1783100015680 0.24882876873016357 14412
1783100015684 0.3020763099193573 14413
1783100015688 0.25502920150756836 14414
1783100015692 0.3234573006629944 14415
1783100015696 0.27881869673728943 14416
1783100015700 0.2735897898674011 14417
1783100015704 0.3249841332435608 14418
1783100015708 0.28670734167099 14419
1783100015712 0.36306232213974 14420
1783100015716 0.3058566153049469 14421
1783100015720 0.2669641971588135 14422
1783100015725 0.2879868149757385 14423
1783100015729 0.3395012319087982 14424
1783100015733 0.3622083365917206 14425
1783100015738 0.27859872579574585 14426
1783100015741 0.2980729341506958 14427
1783100015745 0.3010109066963196 14428
1783100015749 0.26776573061943054 14429
1783100015752 0.2714844048023224 14430
1783100015756 0.2929399013519287 14431
1783100015760 0.3564223647117615 14432
1783100015764 0.32070988416671753 14433
1783100015768 0.2891026735305786 14434
1783100015772 0.3098199665546417 14435
1783100015777 0.2859659492969513 14436
1783100015782 0.3630160987377167 14437
1783100015786 0.25034546852111816 14438
1783100015791 0.28299176692962646 14439
1783100015795 0.30751198530197144 14440
1783100015801 0.3078266382217407 14441
1783100015805 0.3202269673347473 14442
1783100015811 0.29444316029548645 14443
1783100015815 0.34490281343460083 14444
1783100015820 0.272063285112381 14445
1783100015825 0.31877923011779785 14446
1783100015831 0.29697829484939575 14447
1783100015836 0.33899515867233276 14448
1783100015840 0.30997419357299805 14449
1783100015844 0.28104013204574585 14450
1783100015848 0.29230716824531555 14451
1783100015852 0.2513916492462158 14452
1783100015857 0.28628504276275635 14453
1783100015861 0.24706736207008362 14454
1783100015865 0.29180824756622314 14455
1783100015869 0.27203086018562317 14456
1783100015873 0.28107646107673645 14457
1783100015877 0.2545616030693054 14458
1783100015882 0.3223189115524292 14459
1783100015887 0.3144497275352478 14460
1783100015892 0.31300926208496094 14461
1783100015896 0.304101824760437 14462
1783100015900 0.3632449805736542 14463
1783100015904 0.2556191086769104 14464
1783100015908 0.283138632774353 14465
1783100015911 0.2865120768547058 14466
1783100015915 0.3164781928062439 14467
1783100015919 0.3114529550075531 14468
1783100015923 0.2581942081451416 14469
1783100015926 0.3505099415779114 14470
1783100015930 0.25896936655044556 14471
1783100015935 0.29966920614242554 14472
1783100015939 0.2946309745311737 14473
1783100015943 0.2322084605693817 14474
1783100015947 0.315673291683197 14475
1783100015951 0.2529315948486328 14476
1783100015954 0.30153608322143555 14477
1783100015958 0.2693400979042053 14478
1783100015962 0.2221771478652954 14479
1783100015966 0.2310059368610382 14480
1783100015970 0.3039714992046356 14481
1783100015974 0.2737618386745453 14482
1783100015979 0.3015078902244568 14483
1783100015983 0.25562840700149536 14484
1783100015987 0.2922229766845703 14485
1783100015990 0.2779320478439331 14486
1783100015994 0.2603527009487152 14487
1783100015997 0.2606971859931946 14488
1783100016001 0.20396360754966736 14489
1783100016006 0.23549699783325195 14490
1783100016010 0.28537413477897644 14491
1783100016014 0.2568662762641907 14492
1783100016018 0.27533742785453796 14493
1783100016023 0.2290768027305603 14494
1783100016026 0.25951087474823 14495
1783100016031 0.320698618888855 14496
1783100016035 0.2759683430194855 14497
1783100016040 0.2563488185405731 14498
1783100016044 0.24220480024814606 14499
1783100016048 0.2214733362197876 14500
1783100016052 0.2675008475780487 14501
1783100016056 0.2327580749988556 14502
1783100016061 0.23796752095222473 14503
1783100016065 0.24977165460586548 14504
1783100016069 0.24446511268615723 14505
1783100016073 0.2473306655883789 14506
1783100016076 0.21197977662086487 14507
1783100016081 0.25091540813446045 14508
1783100016086 0.27057600021362305 14509
1783100016090 0.27629411220550537 14510
1783100016094 0.27365100383758545 14511
1783100016098 0.24305424094200134 14512
1783100016102 0.28814077377319336 14513
1783100016105 0.2450675368309021 14514
1783100016109 0.20401522517204285 14515
1783100016113 0.2820233106613159 14516
1783100016117 0.2368311583995819 14517
1783100016121 0.25347182154655457 14518
1783100016125 0.21973936259746552 14519
1783100016128 0.20311418175697327 14520
1783100016132 0.2596096992492676 14521
1783100016137 0.22434602677822113 14522
1783100016141 0.23630782961845398 14523
1783100016145 0.19628547132015228 14524
1783100016149 0.21518373489379883 14525
1783100016152 0.22744688391685486 14526
1783100016156 0.2394648939371109 14527
1783100016160 0.2399212121963501 14528
1783100016164 0.2059457004070282 14529
1783100016167 0.25714823603630066 14530
1783100016170 0.2761791944503784 14531
1783100016173 0.20262974500656128 14532
1783100016176 0.3097395598888397 14533
1783100016179 0.21961663663387299 14534
1783100016184 0.3493536710739136 14535
1783100016188 0.1837683916091919 14536
1783100016192 0.19803449511528015 14537
1783100016196 0.2425377368927002 14538
1783100016200 0.2561332881450653 14539
1783100016204 0.21739649772644043 14540
1783100016208 0.28801751136779785 14541
1783100016212 0.24824345111846924 14542
1783100016215 0.23106293380260468 14543
1783100016219 0.19570040702819824 14544
1783100016223 0.20121198892593384 14545
1783100016227 0.2018117904663086 14546
1783100016231 0.23365721106529236 14547
1783100016235 0.21933086216449738 14548
1783100016240 0.21803069114685059 14549
1783100016244 0.22811314463615417 14550
1783100016254 0.2632879912853241 14551
1783100016258 0.23052603006362915 14552
1783100016262 0.23655426502227783 14553
1783100016266 0.22759628295898438 14554
1783100016270 0.25617533922195435 14555
1783100016274 0.19823411107063293 14556
1783100016278 0.2299565076828003 14557
1783100016282 0.23610007762908936 14558
1783100016286 0.21391978859901428 14559
1783100016289 0.19953134655952454 14560
1783100016292 0.17492759227752686 14561
1783100016295 0.2405984103679657 14562
1783100016298 0.21103236079216003 14563
1783100016301 0.2280811369419098 14564
1783100016305 0.2033577412366867 14565
1783100016308 0.23544642329216003 14566
1783100016311 0.18686893582344055 14567
1783100016314 0.25292035937309265 14568
1783100016317 0.20240730047225952 14569
1783100016321 0.24120858311653137 14570
1783100016324 0.21959491074085236 14571
1783100016329 0.20070528984069824 14572
1783100016332 0.20135419070720673 14573
1783100016336 0.21364155411720276 14574
1783100016340 0.240450918674469 14575
1783100016343 0.22244390845298767 14576
1783100016346 0.2572397291660309 14577
1783100016350 0.17790310084819794 14578
1783100016354 0.23394325375556946 14579
1783100016358 0.21721097826957703 14580
1783100016363 0.24688492715358734 14581
1783100016368 0.17505991458892822 14582
1783100016372 0.19822365045547485 14583
1783100016377 0.19068680703639984 14584
1783100016382 0.1886615753173828 14585
1783100016388 0.22991685569286346 14586
1783100016392 0.21546101570129395 14587
1783100016397 0.2315928190946579 14588
1783100016401 0.20007078349590302 14589
1783100016405 0.19514895975589752 14590
1783100016409 0.19545674324035645 14591
1783100016413 0.2102990746498108 14592
1783100016417 0.21872179210186005 14593
1783100016422 0.2040502429008484 14594
1783100016427 0.23710878193378448 14595
1783100016432 0.2011764645576477 14596
1783100016437 0.17108961939811707 14597
1783100016442 0.21564167737960815 14598
1783100016447 0.19087067246437073 14599
1783100016452 0.16356158256530762 14600
1783100016456 0.174238383769989 14601
1783100016461 0.19957536458969116 14602
1783100016465 0.22191405296325684 14603
1783100016469 0.211984783411026 14604
1783100016473 0.20694686472415924 14605
1783100016478 0.20593640208244324 14606
1783100016482 0.1702917367219925 14607
1783100016487 0.22254353761672974 14608
1783100016491 0.18618911504745483 14609
1783100016496 0.2433033287525177 14610
1783100016500 0.25206002593040466 14611
1783100016504 0.22217169404029846 14612
1783100016508 0.1947697401046753 14613
1783100016512 0.21136441826820374 14614
1783100016516 0.19440729916095734 14615
1783100016520 0.18619143962860107 14616
1783100016524 0.20890003442764282 14617
1783100016527 0.1956627368927002 14618
1783100016531 0.23150232434272766 14619
1783100016536 0.2291826456785202 14620
1783100016540 0.21478590369224548 14621
1783100016543 0.21603161096572876 14622
1783100016548 0.23005367815494537 14623
1783100016554 0.1876114308834076 14624
1783100016559 0.224029079079628 14625
1783100016564 0.20694640278816223 14626
1783100016568 0.18889614939689636 14627
1783100016573 0.2188340276479721 14628
1783100016577 0.22331000864505768 14629
1783100016581 0.21015343070030212 14630
1783100016586 0.23259857296943665 14631
1783100016590 0.17203223705291748 14632
1783100016594 0.18418219685554504 14633
1783100016598 0.22054344415664673 14634
1783100016602 0.19358016550540924 14635
1783100016606 0.23410873115062714 14636
1783100016610 0.26560235023498535 14637
1783100016614 0.1836060881614685 14638
1783100016619 0.22571778297424316 14639
1783100016623 0.18843959271907806 14640
1783100016628 0.21336884796619415 14641
1783100016634 0.21116678416728973 14642
1783100016638 0.2184154987335205 14643
1783100016643 0.17386333644390106 14644
1783100016648 0.22033143043518066 14645
1783100016652 0.16990211606025696 14646
1783100016657 0.2102988362312317 14647
1783100016661 0.2961168885231018 14648
1783100016665 0.18795642256736755 14649
1783100016669 0.2199939787387848 14650
1783100016673 0.2684893012046814 14651
1783100016678 0.31399017572402954 14652
1783100016682 0.2335987687110901 14653
1783100016687 0.2280794233083725 14654
1783100016691 0.23577114939689636 14655
1783100016695 0.1973695456981659 14656
1783100016699 0.21432040631771088 14657
1783100016703 0.19987571239471436 14658
1783100016707 0.19030974805355072 14659
1783100016711 0.21995659172534943 14660
1783100016715 0.18525421619415283 14661
1783100016719 0.23158901929855347 14662
1783100016723 0.22645607590675354 14663
1783100016727 0.24085289239883423 14664
1783100016731 0.1792420744895935 14665
1783100016735 0.24621155858039856 14666
1783100016739 0.17548194527626038 14667
1783100016742 0.27682894468307495 14668
1783100016745 0.2468569576740265 14669
1783100016748 0.25737112760543823 14670
1783100016751 0.22504130005836487 14671
1783100016754 0.22631853818893433 14672
1783100016757 0.20992842316627502 14673
1783100016760 0.19808940589427948 14674
1783100016763 0.2676578760147095 14675
1783100016766 0.23220592737197876 14676
1783100016769 0.22130370140075684 14677
1783100016772 0.22035518288612366 14678
1783100016776 0.23087280988693237 14679
1783100016779 0.20884758234024048 14680
1783100016783 0.24786129593849182 14681
1783100016787 0.21566325426101685 14682
1783100016791 0.21272709965705872 14683
1783100016794 0.25002217292785645 14684
1783100016797 0.23897284269332886 14685
1783100016800 0.23837101459503174 14686
1783100016803 0.21465052664279938 14687
1783100016806 0.21273069083690643 14688
1783100016809 0.2259024977684021 14689
1783100016812 0.25896209478378296 14690
1783100016815 0.2173941433429718 14691
1783100016819 0.24391299486160278 14692
1783100016822 0.2169952690601349 14693
1783100016825 0.2497532069683075 14694
1783100016828 0.23199060559272766 14695
1783100016832 0.23625242710113525 14696
1783100016836 0.21464967727661133 14697
1783100016839 0.24520926177501678 14698
1783100016843 0.2504838705062866 14699
1783100016847 0.19147108495235443 14700
1783100016850 0.23012128472328186 14701
1783100016853 0.24032685160636902 14702
1783100016857 0.22384929656982422 14703
1783100016861 0.20805156230926514 14704
1783100016865 0.25431960821151733 14705
1783100016870 0.2405029982328415 14706
1783100016874 0.22099310159683228 14707
1783100016878 0.2614264488220215 14708
1783100016883 0.21767359972000122 14709
1783100016888 0.26565980911254883 14710
1783100016892 0.26084136962890625 14711
1783100016896 0.22023320198059082 14712
1783100016900 0.31846967339515686 14713
1783100016904 0.20141015946865082 14714
1783100016908 0.22624588012695312 14715
1783100016912 0.26374268531799316 14716
1783100016916 0.2362469881772995 14717
1783100016920 0.273396372795105 14718
1783100016924 0.23666653037071228 14719
1783100016928 0.2700285315513611 14720
1783100016932 0.23579423129558563 14721
1783100016936 0.2149658501148224 14722
1783100016940 0.2103850245475769 14723
1783100016945 0.23571504652500153 14724
1783100016949 0.2603207230567932 14725
1783100016952 0.2428419589996338 14726
1783100016956 0.3069257140159607 14727
1783100016960 0.26485928893089294 14728
1783100016964 0.19264361262321472 14729
1783100016968 0.2764585018157959 14730
1783100016972 0.2722729444503784 14731
1783100016976 0.2593822479248047 14732
1783100016980 0.24767860770225525 14733
1783100016984 0.2381361871957779 14734
1783100016989 0.23256507515907288 14735
1783100016993 0.2551296353340149 14736
1783100016996 0.2497445046901703 14737
1783100017000 0.28578171133995056 14738
1783100017004 0.25443601608276367 14739
1783100017008 0.273001492023468 14740
1783100017012 0.22333189845085144 14741
1783100017016 0.22833868861198425 14742
1783100017020 0.23908400535583496 14743
1783100017024 0.28950294852256775 14744
1783100017028 0.3051261901855469 14745
1783100017032 0.29449987411499023 14746
1783100017037 0.21921148896217346 14747
1783100017041 0.23753352463245392 14748
1783100017045 0.2535853981971741 14749
1783100017049 0.26254236698150635 14750
1783100017053 0.21921510994434357 14751
1783100017057 0.2800273895263672 14752
1783100017061 0.26342159509658813 14753
1783100017065 0.3028733730316162 14754
1783100017068 0.23064738512039185 14755
1783100017072 0.24440017342567444 14756
1783100017076 0.23494940996170044 14757
1783100017081 0.28933826088905334 14758
1783100017085 0.25821051001548767 14759
1783100017089 0.23728814721107483 14760
1783100017093 0.2944961190223694 14761
1783100017097 0.24463191628456116 14762
1783100017101 0.29112327098846436 14763
1783100017105 0.26774024963378906 14764
1783100017109 0.22266416251659393 14765
1783100017113 0.323143869638443 14766
1783100017117 0.26452845335006714 14767
1783100017121 0.2967776656150818 14768
1783100017125 0.28608858585357666 14769
1783100017129 0.30447256565093994 14770
1783100017133 0.2840495705604553 14771
1783100017137 0.2807091176509857 14772
1783100017141 0.2924800515174866 14773
1783100017145 0.2824532389640808 14774
1783100017149 0.2984541654586792 14775
1783100017153 0.2744971215724945 14776
1783100017157 0.3024879992008209 14777
1783100017161 0.25560498237609863 14778
1783100017165 0.25469255447387695 14779
1783100017169 0.30917781591415405 14780
1783100017173 0.3070752024650574 14781
1783100017177 0.3279162347316742 14782
1783100017181 0.3098721504211426 14783
1783100017186 0.2901768088340759 14784
1783100017190 0.26861679553985596 14785
1783100017194 0.29154735803604126 14786
1783100017198 0.3112357258796692 14787
1783100017201 0.3095834255218506 14788
1783100017205 0.3800542950630188 14789
1783100017209 0.2557883858680725 14790
1783100017213 0.2967531681060791 14791
1783100017217 0.2720876932144165 14792
1783100017220 0.27259519696235657 14793
1783100017224 0.29116517305374146 14794
1783100017228 0.28486600518226624 14795
1783100017232 0.3056090474128723 14796
1783100017237 0.27119147777557373 14797
1783100017240 0.26642730832099915 14798
1783100017244 0.26440781354904175 14799
1783100017248 0.25633418560028076 14800
1783100017252 0.33384209871292114 14801
1783100017256 0.24160204827785492 14802
1783100017260 0.34624916315078735 14803
1783100017263 0.2656285762786865 14804
1783100017267 0.2945099472999573 14805
1783100017271 0.24703297019004822 14806
1783100017276 0.2785327136516571 14807
1783100017280 0.3119742274284363 14808
1783100017285 0.3334425091743469 14809
1783100017290 0.3074094355106354 14810
1783100017293 0.28657329082489014 14811
1783100017296 0.2943095862865448 14812
1783100017299 0.27863770723342896 14813
1783100017303 0.267185777425766 14814
1783100017306 0.3063347339630127 14815
1783100017309 0.2476518154144287 14816
1783100017312 0.35117781162261963 14817
1783100017316 0.3169322609901428 14818
1783100017319 0.29954034090042114 14819
1783100017322 0.28256306052207947 14820
1783100017326 0.29786473512649536 14821
1783100017331 0.28408849239349365 14822
1783100017334 0.29737597703933716 14823
1783100017338 0.3586690127849579 14824
1783100017341 0.26613613963127136 14825
1783100017344 0.29495203495025635 14826
1783100017347 0.3014293909072876 14827
1783100017350 0.2527318000793457 14828
1783100017353 0.26863694190979004 14829
1783100017356 0.2884940505027771 14830
1783100017359 0.261743426322937 14831
1783100017362 0.2888478636741638 14832
1783100017367 0.2976683974266052 14833
1783100017371 0.3528846800327301 14834
1783100017375 0.3426685929298401 14835
1783100017379 0.2912326455116272 14836
1783100017384 0.293754518032074 14837
1783100017389 0.3269832730293274 14838
1783100017393 0.27807146310806274 14839
1783100017396 0.32145923376083374 14840
1783100017400 0.30564433336257935 14841
1783100017404 0.304008424282074 14842
1783100017408 0.32260632514953613 14843
1783100017411 0.3241313397884369 14844
1783100017415 0.23266921937465668 14845
1783100017419 0.31373685598373413 14846
1783100017423 0.21691443026065826 14847
1783100017426 0.2682597041130066 14848
1783100017430 0.32028695940971375 14849
1783100017434 0.24981166422367096 14850
1783100017439 0.34369832277297974 14851
1783100017442 0.2929539084434509 14852
1783100017446 0.2944496273994446 14853
1783100017455 0.236647367477417 14854
1783100017459 0.32083386182785034 14855
1783100017463 0.274616539478302 14856
1783100017467 0.23653185367584229 14857
1783100017471 0.2657110393047333 14858
1783100017475 0.3137415051460266 14859
1783100017479 0.32939863204956055 14860
1783100017483 0.26396024227142334 14861
1783100017487 0.2542268633842468 14862
1783100017491 0.262020468711853 14863
1783100017494 0.27187010645866394 14864
1783100017497 0.28032445907592773 14865
1783100017500 0.22097212076187134 14866
1783100017503 0.39673057198524475 14867
1783100017506 0.27898332476615906 14868
1783100017509 0.27737390995025635 14869
1783100017511 0.28115490078926086 14870
1783100017514 0.3216126263141632 14871
1783100017517 0.369441956281662 14872
1783100017520 0.29178181290626526 14873
1783100017523 0.2915852665901184 14874
1783100017526 0.2672174572944641 14875
1783100017529 0.35425758361816406 14876
1783100017532 0.3051694333553314 14877
1783100017536 0.39815035462379456 14878
1783100017541 0.20889374613761902 14879
1783100017545 0.2949029207229614 14880
1783100017548 0.24778059124946594 14881
1783100017551 0.27270400524139404 14882
1783100017554 0.24469879269599915 14883
1783100017557 0.2411165088415146 14884
1783100017561 0.3013814687728882 14885
1783100017564 0.2824384868144989 14886
1783100017567 0.21791420876979828 14887
1783100017570 0.25728973746299744 14888
1783100017573 0.27227386832237244 14889
1783100017576 0.30019092559814453 14890
1783100017579 0.3199109435081482 14891
1783100017583 0.22719666361808777 14892
1783100017586 0.2559676766395569 14893
1783100017590 0.23983009159564972 14894
1783100017594 0.29520106315612793 14895
1783100017598 0.31402236223220825 14896
1783100017602 0.2719823718070984 14897
1783100017606 0.23132926225662231 14898
1783100017610 0.3390505015850067 14899
1783100017614 0.3351464867591858 14900
1783100017617 0.2840888202190399 14901
1783100017621 0.2807350754737854 14902
1783100017625 0.26908111572265625 14903
1783100017629 0.2313966453075409 14904
1783100017633 0.2235468327999115 14905
1783100017637 0.24905870854854584 14906
1783100017641 0.21555307507514954 14907
1783100017646 0.26405400037765503 14908
1783100017650 0.25684458017349243 14909
1783100017653 0.3216294050216675 14910
1783100017657 0.24443089962005615 14911
1783100017661 0.25814542174339294 14912
1783100017665 0.22848674654960632 14913
1783100017668 0.2515433430671692 14914
1783100017672 0.25638365745544434 14915
1783100017676 0.2657049596309662 14916
1783100017679 0.26345139741897583 14917
1783100017683 0.2868122160434723 14918
1783100017687 0.24649982154369354 14919
1783100017691 0.2163046896457672 14920
1783100017696 0.25828421115875244 14921
1783100017699 0.27642977237701416 14922
1783100017703 0.25701090693473816 14923
1783100017707 0.261841356754303 14924
1783100017711 0.24551868438720703 14925
1783100017715 0.2505927085876465 14926
1783100017719 0.2261119782924652 14927
1783100017722 0.24245157837867737 14928
1783100017726 0.2380056083202362 14929
1783100017730 0.2304384410381317 14930
1783100017734 0.2554607391357422 14931
1783100017737 0.2233819216489792 14932
1783100017741 0.2835787534713745 14933
1783100017746 0.30857205390930176 14934
1783100017750 0.2668610215187073 14935
1783100017753 0.25376439094543457 14936
1783100017757 0.24460309743881226 14937
1783100017761 0.1997854858636856 14938
1783100017765 0.2226429581642151 14939
1783100017769 0.2713474631309509 14940
1783100017773 0.2953296899795532 14941
1783100017777 0.2136627733707428 14942
1783100017780 0.2584748864173889 14943
1783100017785 0.26375260949134827 14944
1783100017789 0.24529947340488434 14945
1783100017793 0.2521219849586487 14946
1783100017797 0.2388603389263153 14947
1783100017801 0.3383452296257019 14948
1783100017805 0.2569233775138855 14949
1783100017809 0.3161377012729645 14950
1783100017813 0.2724786698818207 14951
1783100017817 0.23579758405685425 14952
1783100017821 0.26609304547309875 14953
1783100017825 0.25207018852233887 14954
1783100017829 0.23549284040927887 14955
1783100017833 0.23214367032051086 14956
1783100017838 0.22884592413902283 14957
1783100017842 0.27674123644828796 14958
1783100017847 0.2375466227531433 14959
1783100017851 0.25435131788253784 14960
1783100017855 0.28686952590942383 14961
1783100017859 0.20243653655052185 14962
1783100017864 0.2291552871465683 14963
1783100017868 0.2829071581363678 14964
1783100017872 0.2274707704782486 14965
1783100017876 0.2139643132686615 14966
1783100017881 0.26397764682769775 14967
1783100017885 0.24236217141151428 14968
1783100017889 0.2705712616443634 14969
1783100017894 0.2213292419910431 14970
1783100017898 0.25760185718536377 14971
1783100017902 0.2328711450099945 14972
1783100017907 0.32158592343330383 14973
1783100017911 0.2270086705684662 14974
1783100017915 0.2645202577114105 14975
1783100017918 0.21535299718379974 14976
1783100017922 0.20014770328998566 14977
1783100017926 0.2884175777435303 14978
1783100017930 0.2456323355436325 14979
1783100017934 0.2587139904499054 14980
1783100017938 0.19789686799049377 14981
1783100017943 0.19859786331653595 14982
1783100017947 0.23608583211898804 14983
1783100017951 0.22449709475040436 14984
1783100017956 0.22509852051734924 14985
1783100017960 0.3113571107387543 14986
1783100017964 0.21331623196601868 14987
1783100017968 0.2776428759098053 14988
1783100017971 0.2742391526699066 14989
1783100017975 0.20842328667640686 14990
1783100017979 0.24174734950065613 14991
1783100018198 0.21241949498653412 14992
1783100018202 0.20154938101768494 14993
1783100018206 0.2164592146873474 14994
1783100018209 0.31331247091293335 14995
1783100018213 0.20978772640228271 14996
1783100018216 0.2743372321128845 14997
1783100018219 0.2504505217075348 14998
1783100018223 0.19465592503547668 14999
1783100018227 0.24426576495170593 15000
1783100018231 0.2220519632101059 15001
1783100018235 0.2271827757358551 15002
1783100018239 0.2616250514984131 15003
1783100018244 0.21052657067775726 15004
1783100018248 0.25762122869491577 15005
1783100018254 0.2223254144191742 15006
1783100018258 0.2394455373287201 15007
1783100018263 0.2600727677345276 15008
1783100018268 0.2259734869003296 15009
1783100018273 0.2158643901348114 15010
1783100018277 0.2206915318965912 15011
1783100018281 0.2190689742565155 15012
1783100018285 0.2558094263076782 15013
1783100018290 0.24996758997440338 15014
1783100018294 0.2518216073513031 15015
1783100018298 0.23755353689193726 15016
1783100018303 0.283321350812912 15017
1783100018307 0.2568919360637665 15018
1783100018311 0.2875148057937622 15019
1783100018315 0.22250516712665558 15020
1783100018319 0.2040787935256958 15021
1783100018323 0.22962388396263123 15022
1783100018327 0.2408008873462677 15023
1783100018331 0.26559463143348694 15024
1783100018335 0.20762571692466736 15025
1783100018339 0.25376826524734497 15026
1783100018343 0.2353135049343109 15027
1783100018347 0.25623780488967896 15028
1783100018351 0.2213720679283142 15029
1783100018355 0.2263481318950653 15030
1783100018358 0.2643618583679199 15031
1783100018362 0.24328890442848206 15032
1783100018366 0.27324187755584717 15033
1783100018371 0.26314064860343933 15034
1783100018376 0.26727819442749023 15035
1783100018381 0.20681264996528625 15036
1783100018385 0.1882234513759613 15037
1783100018389 0.2086530327796936 15038
1783100018392 0.2487105131149292 15039
1783100018396 0.2792104184627533 15040
1783100018399 0.2552226781845093 15041
1783100018402 0.23685544729232788 15042
1783100018406 0.20715609192848206 15043
1783100018409 0.2660928964614868 15044
1783100018413 0.22623682022094727 15045
1783100018416 0.22744080424308777 15046
1783100018419 0.2501034736633301 15047
1783100018423 0.2909056544303894 15048
1783100018428 0.25843140482902527 15049
1783100018432 0.21879257261753082 15050
1783100018436 0.2041546106338501 15051
1783100018439 0.2575051784515381 15052
1783100018442 0.21653121709823608 15053
1783100018445 0.18140700459480286 15054
1783100018448 0.2311379313468933 15055
1783100018452 0.2910724878311157 15056
1783100018455 0.23657822608947754 15057
1783100018458 0.24436061084270477 15058
1783100018461 0.2250051498413086 15059
1783100018464 0.204289510846138 15060
1783100018467 0.23909878730773926 15061
1783100018470 0.2990804612636566 15062
1783100018473 0.25187888741493225 15063
1783100018478 0.2183399647474289 15064
1783100018482 0.2516985535621643 15065
1783100018486 0.20331543684005737 15066
1783100018490 0.27400875091552734 15067
1783100018493 0.22692283987998962 15068
1783100018496 0.26624158024787903 15069
1783100018500 0.27381858229637146 15070
1783100018503 0.2656589150428772 15071
1783100018506 0.25994566082954407 15072
1783100018509 0.21235531568527222 15073
1783100018512 0.2736161947250366 15074
1783100018515 0.29010260105133057 15075
1783100018518 0.2402341663837433 15076
1783100018521 0.24623528122901917 15077
1783100018525 0.309299111366272 15078
1783100018530 0.26994967460632324 15079
1783100018534 0.3169499337673187 15080
1783100018537 0.2419200837612152 15081
1783100018540 0.2923314571380615 15082
1783100018544 0.25376540422439575 15083
1783100018547 0.27137869596481323 15084
1783100018550 0.25576770305633545 15085
1783100018553 0.2940386235713959 15086
1783100018556 0.30493199825286865 15087
1783100018560 0.23622342944145203 15088
1783100018563 0.28206855058670044 15089
1783100018566 0.25470757484436035 15090
1783100018569 0.30759143829345703 15091
1783100018573 0.2492506504058838 15092
1783100018578 0.3271547555923462 15093
1783100018582 0.27181708812713623 15094
1783100018586 0.21401965618133545 15095
1783100018590 0.34924715757369995 15096
1783100018594 0.2885737419128418 15097
1783100018598 0.2620413601398468 15098
1783100018601 0.3212958574295044 15099
1783100018605 0.253470778465271 15100
1783100018608 0.28053468465805054 15101
1783100018612 0.2335401177406311 15102
1783100018616 0.24227780103683472 15103
1783100018620 0.280441552400589 15104
1783100018624 0.21936330199241638 15105
1783100018628 0.31403839588165283 15106
1783100018632 0.24646298587322235 15107
1783100018636 0.27303770184516907 15108
1783100018639 0.278713583946228 15109
1783100018642 0.25006362795829773 15110
1783100018645 0.27949702739715576 15111
1783100018648 0.24802328646183014 15112
1783100018652 0.2631683051586151 15113
1783100018655 0.2633352279663086 15114
1783100018659 0.3151829242706299 15115
1783100018662 0.3172517418861389 15116
1783100018665 0.2769125699996948 15117
1783100018668 0.2462453842163086 15118
1783100018679 0.24659888446331024 15119
1783100018683 0.2142437994480133 15120
1783100018687 0.32117247581481934 15121
1783100018691 0.2621619403362274 15122
1783100018694 0.21713924407958984 15123
1783100018698 0.24505653977394104 15124
1783100018701 0.24698224663734436 15125
1783100018705 0.32374605536460876 15126
1783100018708 0.30882370471954346 15127
1783100018711 0.3222316801548004 15128
1783100018715 0.2706076502799988 15129
1783100018718 0.3237699866294861 15130
1783100018721 0.27285754680633545 15131
1783100018725 0.35084718465805054 15132
1783100018731 0.31104546785354614 15133
1783100018736 0.25850629806518555 15134
1783100018741 0.32705461978912354 15135
1783100018746 0.2500774562358856 15136
1783100018751 0.23884467780590057 15137
1783100018755 0.3307535648345947 15138
1783100018759 0.28380292654037476 15139
1783100018763 0.28321558237075806 15140
1783100018766 0.2699328064918518 15141
1783100018770 0.21628810465335846 15142
1783100018774 0.2311960756778717 15143
1783100018778 0.3308641314506531 15144
1783100018782 0.28128448128700256 15145
1783100018786 0.27726978063583374 15146
1783100018790 0.28719598054885864 15147
1783100018794 0.27910980582237244 15148
1783100018798 0.27608218789100647 15149
1783100018802 0.26368752121925354 15150
1783100018806 0.29834043979644775 15151
1783100018810 0.3612099289894104 15152
1783100018814 0.2990996837615967 15153
1783100018818 0.3622822165489197 15154
1783100018822 0.3160947561264038 15155
1783100018826 0.3174195885658264 15156
1783100018829 0.2580200135707855 15157
1783100018833 0.29095590114593506 15158
1783100018838 0.34556442499160767 15159
1783100018842 0.2908438742160797 15160
1783100018846 0.3488103151321411 15161
1783100018850 0.3027082681655884 15162
1783100018853 0.38952183723449707 15163
1783100018857 0.22308623790740967 15164
1783100018861 0.3112843632698059 15165
1783100018865 0.2852736711502075 15166
1783100018870 0.4180886149406433 15167
1783100018873 0.23321957886219025 15168
1783100018876 0.2817458212375641 15169
1783100018879 0.2948324680328369 15170
1783100018883 0.27442723512649536 15171
1783100018888 0.2700093984603882 15172
1783100018892 0.2898750603199005 15173
1783100018897 0.32527416944503784 15174
1783100018901 0.3462762236595154 15175
1783100018905 0.26010456681251526 15176
1783100018908 0.27164411544799805 15177
1783100018911 0.3104652464389801 15178
1783100018915 0.2491484433412552 15179
1783100018919 0.3282463550567627 15180
1783100018923 0.3545525372028351 15181
1783100018926 0.2778148353099823 15182
1783100018930 0.25600457191467285 15183
1783100018934 0.3807508945465088 15184
1783100018938 0.31051498651504517 15185
1783100018942 0.2985387444496155 15186
1783100018947 0.3143814206123352 15187
1783100018951 0.29191869497299194 15188
1783100018955 0.32007622718811035 15189
1783100018959 0.3307948112487793 15190
1783100018963 0.30673879384994507 15191
1783100018966 0.2953145503997803 15192
1783100018970 0.2887774407863617 15193
1783100018974 0.22539404034614563 15194
1783100018978 0.4644303321838379 15195
1783100018982 0.30722546577453613 15196
1783100018986 0.30556315183639526 15197
1783100018990 0.27885159850120544 15198
1783100018994 0.27820730209350586 15199
1783100018998 0.3483962118625641 15200
1783100019003 0.34880661964416504 15201
1783100019007 0.40943071246147156 15202
1783100019012 0.30720382928848267 15203
1783100019016 0.3629606068134308 15204
1783100019020 0.34923216700553894 15205
1783100019024 0.31886520981788635 15206
1783100019028 0.24167940020561218 15207
1783100019032 0.3648821711540222 15208
1783100019036 0.28612834215164185 15209
1783100019040 0.2602405250072479 15210
1783100019044 0.3045012354850769 15211
1783100019048 0.3128564953804016 15212
1783100019053 0.25999248027801514 15213
1783100019057 0.25675562024116516 15214
1783100019061 0.22774675488471985 15215
1783100019064 0.34730660915374756 15216
1783100019068 0.2661437392234802 15217
1783100019072 0.33753684163093567 15218
1783100019076 0.26235735416412354 15219
1783100019080 0.2733728289604187 15220
1783100019084 0.27269965410232544 15221
1783100019088 0.3326699137687683 15222
1783100019092 0.2845047116279602 15223
1783100019096 0.3151805102825165 15224
1783100019100 0.2794956564903259 15225
1783100019104 0.3239488899707794 15226
1783100019108 0.3115689754486084 15227
1783100019112 0.29765087366104126 15228
1783100019116 0.3136523365974426 15229
1783100019121 0.2893918752670288 15230
1783100019124 0.25995102524757385 15231
1783100019128 0.32651352882385254 15232
1783100019133 0.30880218744277954 15233
1783100019137 0.33749210834503174 15234
1783100019141 0.2979874312877655 15235
1783100019145 0.30518263578414917 15236
1783100019149 0.28634244203567505 15237
1783100019152 0.3172856867313385 15238
1783100019156 0.25240010023117065 15239
1783100019159 0.29388749599456787 15240
1783100019162 0.22892120480537415 15241
1783100019165 0.27633988857269287 15242
1783100019168 0.24414393305778503 15243
1783100019171 0.29619815945625305 15244
1783100019174 0.25994178652763367 15245
1783100019177 0.27678918838500977 15246
1783100019180 0.2832854986190796 15247
1783100019183 0.2426476776599884 15248
1783100019186 0.23686552047729492 15249
1783100019189 0.2953399419784546 15250
1783100019192 0.29568517208099365 15251
1783100019196 0.3542076349258423 15252
1783100019201 0.2807273864746094 15253
1783100019204 0.2932512164115906 15254
1783100019208 0.2872924506664276 15255
1783100019212 0.29255497455596924 15256
1783100019216 0.2350636124610901 15257
1783100019220 0.29828426241874695 15258
1783100019224 0.26355791091918945 15259
1783100019228 0.2710040509700775 15260
1783100019232 0.26032209396362305 15261
1783100019235 0.29281240701675415 15262
1783100019239 0.3360133469104767 15263
1783100019243 0.2820863127708435 15264
1783100019248 0.2485424280166626 15265
1783100019252 0.29331034421920776 15266
1783100019256 0.2558766007423401 15267
1783100019260 0.26165106892585754 15268
1783100019264 0.2473977506160736 15269
1783100019268 0.2783009111881256 15270
1783100019272 0.2656930685043335 15271
1783100019276 0.31752413511276245 15272
1783100019280 0.2818601429462433 15273
1783100019284 0.2648252844810486 15274
1783100019288 0.2581472098827362 15275
1783100019291 0.2827298641204834 15276
1783100019296 0.2654188275337219 15277
1783100019300 0.2851448953151703 15278
1783100019304 0.30617213249206543 15279
1783100019308 0.2613815367221832 15280
1783100019312 0.2806818187236786 15281
1783100019316 0.2199592888355255 15282
1783100019320 0.29590046405792236 15283
1783100019324 0.2762465476989746 15284
1783100019328 0.2422810196876526 15285
1783100019332 0.3258298933506012 15286
1783100019336 0.3301781713962555 15287
1783100019340 0.31515491008758545 15288
1783100019344 0.26902714371681213 15289
1783100019348 0.22473125159740448 15290
1783100019352 0.24580085277557373 15291
1783100019356 0.25619596242904663 15292
1783100019360 0.3173271417617798 15293
1783100019365 0.23566143214702606 15294
1783100019369 0.3098095655441284 15295
1783100019374 0.27322936058044434 15296
1783100019378 0.2265036553144455 15297
1783100019382 0.2304789274930954 15298
1783100019387 0.2963145971298218 15299
1783100019391 0.3093372583389282 15300
1783100019395 0.251048743724823 15301
1783100019400 0.29715847969055176 15302
1783100019404 0.2995341718196869 15303
1783100019408 0.2513766586780548 15304
1783100019412 0.26024624705314636 15305
1783100019415 0.3080103099346161 15306
1783100019419 0.2628517746925354 15307
1783100019423 0.24159570038318634 15308
1783100019427 0.3064887225627899 15309
1783100019431 0.2793009877204895 15310
1783100019434 0.2902204990386963 15311
1783100019436 0.2578626573085785 15312
1783100019440 0.2897927761077881 15313
1783100019444 0.28882771730422974 15314
1783100019448 0.2860943675041199 15315
1783100019453 0.19640406966209412 15316
1783100019456 0.23625752329826355 15317
1783100019460 0.25056952238082886 15318
1783100019464 0.3536367416381836 15319
1783100019468 0.2538720965385437 15320
1783100019472 0.20365864038467407 15321
1783100019476 0.31170594692230225 15322
1783100019480 0.2581278085708618 15323
1783100019484 0.29875069856643677 15324
1783100019488 0.3145209550857544 15325
1783100019492 0.36186450719833374 15326
1783100019497 0.33520278334617615 15327
1783100019501 0.27101799845695496 15328
1783100019505 0.2544035315513611 15329
1783100019509 0.28050726652145386 15330
1783100019513 0.20211899280548096 15331
1783100019517 0.24195285141468048 15332
1783100019520 0.3409459888935089 15333
1783100019524 0.2554555833339691 15334
1783100019528 0.31754064559936523 15335
1783100019532 0.30597972869873047 15336
1783100019536 0.33195289969444275 15337
1783100019540 0.3079299032688141 15338
1783100019545 0.29873034358024597 15339
1783100019549 0.2650073766708374 15340
1783100019552 0.26545271277427673 15341
1783100019556 0.30337661504745483 15342
1783100019560 0.24844688177108765 15343
1783100019564 0.29286354780197144 15344
1783100019568 0.30539676547050476 15345
1783100019572 0.25500038266181946 15346
1783100019576 0.2566163241863251 15347
1783100019580 0.27282413840293884 15348
1783100019584 0.23506543040275574 15349
1783100019588 0.2477990984916687 15350
1783100019592 0.30017465353012085 15351
1783100019596 0.2884678244590759 15352
1783100019600 0.2811512351036072 15353
1783100019604 0.25274398922920227 15354
1783100019607 0.2684836685657501 15355
1783100019610 0.29722699522972107 15356
1783100019613 0.2792039215564728 15357
1783100019616 0.3003256618976593 15358
1783100019620 0.30947890877723694 15359
1783100019623 0.3557470440864563 15360
1783100019626 0.2689010500907898 15361
1783100019629 0.23867052793502808 15362
1783100019632 0.28277307748794556 15363
1783100019635 0.27640092372894287 15364
1783100019639 0.2705717384815216 15365
1783100019644 0.3124725818634033 15366
1783100019648 0.2999810576438904 15367
1783100019652 0.2689359188079834 15368
1783100019656 0.2411934733390808 15369
1783100019659 0.3232825994491577 15370
1783100019663 0.2837491035461426 15371
1783100019667 0.33286750316619873 15372
1783100019671 0.29038476943969727 15373
1783100019675 0.30988630652427673 15374
1783100019679 0.3171214461326599 15375
1783100019683 0.2536150813102722 15376
1783100019687 0.3335783779621124 15377
1783100019691 0.2706911563873291 15378
1783100019696 0.29812535643577576 15379
1783100019700 0.331303209066391 15380
1783100019704 0.26388564705848694 15381
1783100019708 0.3083893656730652 15382
1783100019711 0.3669053018093109 15383
1783100019715 0.2963543236255646 15384
1783100019719 0.3267158269882202 15385
1783100019723 0.2986478805541992 15386
1783100019727 0.333942174911499 15387
1783100019731 0.2730060815811157 15388
1783100019735 0.3846502900123596 15389
1783100019739 0.3040577173233032 15390
1783100019744 0.2727707326412201 15391
1783100019748 0.35238128900527954 15392
1783100019752 0.3123113512992859 15393
1783100019756 0.30237188935279846 15394
1783100019760 0.4024551510810852 15395
1783100019763 0.3253716826438904 15396
1783100019767 0.3324582576751709 15397
1783100019771 0.2932989001274109 15398
1783100019775 0.28013232350349426 15399
1783100019779 0.35493648052215576 15400
1783100019784 0.279702365398407 15401
1783100019788 0.26281610131263733 15402
1783100019792 0.3258862793445587 15403
1783100019797 0.352225124835968 15404
1783100019801 0.3108178973197937 15405
1783100019805 0.28051671385765076 15406
1783100019809 0.269424706697464 15407
1783100019813 0.2811642289161682 15408
1783100019817 0.32428473234176636 15409
1783100019821 0.3234522342681885 15410
1783100019824 0.4093582034111023 15411
1783100019828 0.30296170711517334 15412
1783100019832 0.2789749503135681 15413
1783100019836 0.3972625434398651 15414
1783100019841 0.2838972508907318 15415
1783100019844 0.26385125517845154 15416
1783100019847 0.2783498167991638 15417
1783100019851 0.329134464263916 15418
1783100019855 0.30519378185272217 15419
1783100019858 0.37229764461517334 15420
1783100019862 0.3302226662635803 15421
1783100019867 0.351054310798645 15422
1783100019871 0.30187085270881653 15423
1783100019875 0.2660937011241913 15424
1783100019885 0.3590403199195862 15425
1783100019891 0.26102033257484436 15426
1783100019896 0.2798222303390503 15427
1783100019900 0.29159682989120483 15428
1783100019904 0.22631070017814636 15429
1783100019908 0.31117111444473267 15430
1783100019911 0.30256590247154236 15431
1783100019915 0.2853594124317169 15432
1783100019919 0.34802353382110596 15433
1783100019923 0.29718464612960815 15434
1783100019927 0.33977624773979187 15435
1783100019931 0.3288756012916565 15436
1783100019935 0.3043370842933655 15437
1783100019939 0.2853415906429291 15438
1783100019943 0.3995448052883148 15439
1783100019947 0.28386390209198 15440
1783100019951 0.3379921317100525 15441
1783100019955 0.3233121931552887 15442
1783100019959 0.3448144495487213 15443
1783100019962 0.28838956356048584 15444
1783100019966 0.3377634882926941 15445
1783100019970 0.32923781871795654 15446
1783100019974 0.3664708137512207 15447
1783100019978 0.3441735506057739 15448
1783100019982 0.30432793498039246 15449
1783100019986 0.30585718154907227 15450
1783100019990 0.440657377243042 15451
1783100019994 0.31771183013916016 15452
1783100019998 0.2877364754676819 15453
1783100020002 0.27500176429748535 15454
1783100020007 0.35345458984375 15455
1783100020011 0.387792706489563 15456
1783100020015 0.31827452778816223 15457
1783100020019 0.2967952787876129 15458
1783100020023 0.3550534248352051 15459
1783100020027 0.29145994782447815 15460
1783100020031 0.3726896345615387 15461
1783100020035 0.2886221408843994 15462
1783100020040 0.3577813506126404 15463
1783100020044 0.3016167879104614 15464
1783100020048 0.3037589192390442 15465
1783100020052 0.3523733615875244 15466
1783100020056 0.30123060941696167 15467
1783100020060 0.33379238843917847 15468
1783100020064 0.41680851578712463 15469
1783100020067 0.25725257396698 15470
1783100020071 0.3912368714809418 15471
1783100020075 0.34779831767082214 15472
1783100020079 0.4038659930229187 15473
1783100020083 0.35830387473106384 15474
1783100020088 0.3316709101200104 15475
1783100020092 0.36208903789520264 15476
1783100020096 0.3318479061126709 15477
1783100020100 0.3037048578262329 15478
1783100020104 0.3843056261539459 15479
1783100020107 0.3300129771232605 15480
1783100020111 0.36961156129837036 15481
1783100020115 0.32525816559791565 15482
1783100020119 0.3282707929611206 15483
1783100020122 0.31868287920951843 15484
1783100020125 0.3940298557281494 15485
1783100020128 0.3499371409416199 15486
1783100020132 0.3326215445995331 15487
1783100020136 0.32535359263420105 15488
1783100020140 0.3967382609844208 15489
1783100020144 0.3094414174556732 15490
1783100020148 0.3177388906478882 15491
1783100020151 0.3178134560585022 15492
1783100020155 0.24869368970394135 15493
1783100020159 0.3589181900024414 15494
1783100020162 0.3652108311653137 15495
1783100020166 0.33638691902160645 15496
1783100020170 0.3388303518295288 15497
1783100020173 0.32389193773269653 15498
1783100020177 0.35483336448669434 15499
1783100020181 0.3467842936515808 15500
1783100020185 0.3313893675804138 15501
1783100020189 0.35166284441947937 15502
1783100020193 0.2435891479253769 15503
1783100020196 0.3454999029636383 15504
1783100020199 0.340934157371521 15505
1783100020202 0.3294210433959961 15506
1783100020205 0.34470057487487793 15507
1783100020209 0.2845615744590759 15508
1783100020212 0.3115822672843933 15509
1783100020215 0.23227784037590027 15510
1783100020218 0.26924657821655273 15511
1783100020221 0.36578142642974854 15512
1783100020224 0.3532645106315613 15513
1783100020227 0.2673763036727905 15514
1783100020231 0.30050039291381836 15515
1783100020235 0.3227102756500244 15516
1783100020239 0.31734997034072876 15517
1783100020243 0.27900540828704834 15518
1783100020247 0.31963586807250977 15519
1783100020251 0.3405311703681946 15520
1783100020255 0.330564022064209 15521
1783100020259 0.32295936346054077 15522
1783100020263 0.275341659784317 15523
1783100020267 0.3617379665374756 15524
1783100020271 0.3095582127571106 15525
1783100020275 0.3067135810852051 15526
1783100020279 0.3113716244697571 15527
1783100020284 0.31267672777175903 15528
1783100020288 0.31600716710090637 15529
1783100020291 0.342698872089386 15530
1783100020294 0.29699814319610596 15531
1783100020297 0.25424495339393616 15532
1783100020300 0.30514538288116455 15533
1783100020303 0.375302791595459 15534
1783100020307 0.2399769127368927 15535
1783100020311 0.4036560654640198 15536
1783100020315 0.32027071714401245 15537
1783100020318 0.2471228837966919 15538
1783100020322 0.3536112904548645 15539
1783100020326 0.3430253267288208 15540
1783100020331 0.33892810344696045 15541
1783100020335 0.26697224378585815 15542
1783100020339 0.3745279312133789 15543
1783100020343 0.2869621515274048 15544
1783100020347 0.2686992883682251 15545
1783100020351 0.3679671883583069 15546
1783100020355 0.253656268119812 15547
1783100020358 0.3069140911102295 15548
1783100020362 0.29726728796958923 15549
1783100020367 0.38132232427597046 15550
1783100020371 0.34266313910484314 15551
1783100020375 0.24577905237674713 15552
1783100020379 0.2968132495880127 15553
1783100020384 0.309184193611145 15554
1783100020388 0.29511067271232605 15555
1783100020393 0.28910255432128906 15556
1783100020397 0.2950756549835205 15557
1783100020401 0.34325969219207764 15558
1783100020405 0.2812272906303406 15559
1783100020408 0.33432379364967346 15560
1783100020414 0.39462167024612427 15561
1783100020418 0.2771252393722534 15562
1783100020423 0.29962706565856934 15563
1783100020428 0.30504146218299866 15564
1783100020432 0.289974570274353 15565
1783100020437 0.28849148750305176 15566
1783100020441 0.29441365599632263 15567
1783100020446 0.2951114773750305 15568
1783100020451 0.22294925153255463 15569
1783100020456 0.2568031847476959 15570
1783100020461 0.2507493793964386 15571
1783100020465 0.2671694755554199 15572
1783100020469 0.3068215250968933 15573
1783100020473 0.2774248421192169 15574
1783100020477 0.2486037164926529 15575
1783100020481 0.33195412158966064 15576
1783100020485 0.25587189197540283 15577
1783100020489 0.3545154929161072 15578
1783100020495 0.33684056997299194 15579
1783100020500 0.3162789046764374 15580
1783100020506 0.3731122314929962 15581
1783100020511 0.35576191544532776 15582
1783100020517 0.2738233208656311 15583
1783100020524 0.3343883156776428 15584
1783100020530 0.24762240052223206 15585
1783100020536 0.32096707820892334 15586
1783100020542 0.28985899686813354 15587
1783100020548 0.2891639471054077 15588
1783100020553 0.24548980593681335 15589
1783100020560 0.30284321308135986 15590
1783100020566 0.31314176321029663 15591
1783100020572 0.25629791617393494 15592
1783100020578 0.2827633321285248 15593
1783100020584 0.29323530197143555 15594
1783100020590 0.32214999198913574 15595
1783100020595 0.3083050847053528 15596
1783100020601 0.2949572205543518 15597
1783100020605 0.22194837033748627 15598
1783100020610 0.31571000814437866 15599
1783100020614 0.301117479801178 15600
1783100020618 0.2775527238845825 15601
1783100020623 0.26838988065719604 15602
1783100020627 0.3807820975780487 15603
1783100020631 0.3258516788482666 15604
1783100020636 0.2760346829891205 15605
1783100020641 0.23837053775787354 15606
1783100020646 0.2727053165435791 15607
1783100020650 0.31725943088531494 15608
1783100020655 0.3048790693283081 15609
1783100020659 0.36200422048568726 15610
1783100020663 0.3311115801334381 15611
1783100020666 0.2542784810066223 15612
1783100020669 0.26811230182647705 15613
1783100020672 0.34490424394607544 15614
1783100020675 0.2618063688278198 15615
1783100020679 0.281680703163147 15616
1783100020682 0.3224353790283203 15617
1783100020687 0.3352741003036499 15618
1783100020693 0.31794387102127075 15619
1783100020697 0.2578204274177551 15620
1783100020701 0.33026984333992004 15621
1783100020704 0.28661006689071655 15622
1783100020708 0.24521656334400177 15623
1783100020711 0.2735779285430908 15624
1783100020714 0.22946110367774963 15625
1783100020718 0.32316914200782776 15626
1783100020721 0.2609201669692993 15627
1783100020725 0.24948137998580933 15628
1783100020728 0.31647205352783203 15629
1783100020732 0.27321895956993103 15630
1783100020735 0.25839531421661377 15631
1783100020739 0.31107935309410095 15632
1783100020744 0.2578461766242981 15633
1783100020748 0.2951548993587494 15634
1783100020752 0.35829803347587585 15635
1783100020757 0.28403571248054504 15636
1783100020761 0.24183836579322815 15637
1783100020765 0.23725831508636475 15638
1783100020769 0.33020728826522827 15639
1783100020773 0.2990482449531555 15640
1783100020777 0.2697969079017639 15641
1783100020782 0.30298638343811035 15642
1783100020786 0.2194960117340088 15643
1783100020792 0.3058595657348633 15644
1783100020796 0.2733002305030823 15645
1783100020801 0.3311486542224884 15646
1783100020805 0.20040500164031982 15647
1783100020810 0.2501675486564636 15648
1783100020814 0.3256053924560547 15649
1783100020818 0.25814586877822876 15650
1783100020822 0.32764238119125366 15651
1783100020826 0.28197821974754333 15652
1783100020830 0.2857719957828522 15653
1783100020834 0.2242935299873352 15654
1783100020838 0.30763673782348633 15655
1783100020843 0.2937052845954895 15656
1783100020847 0.2870660722255707 15657
1783100020852 0.31551575660705566 15658
1783100020856 0.3417487144470215 15659
1783100020860 0.33507847785949707 15660
1783100020864 0.25386565923690796 15661
1783100020868 0.28667527437210083 15662
1783100020872 0.23921839892864227 15663
1783100020876 0.2445531189441681 15664
1783100020881 0.2500872015953064 15665
1783100020885 0.3430197536945343 15666
1783100020889 0.29347145557403564 15667
1783100020894 0.20800772309303284 15668
1783100020898 0.29694172739982605 15669
1783100020902 0.27463066577911377 15670
1783100020906 0.30038774013519287 15671
1783100020910 0.263815701007843 15672
1783100020914 0.27419471740722656 15673
1783100020918 0.25288841128349304 15674
1783100020922 0.3090699315071106 15675
1783100020926 0.34137994050979614 15676
1783100020930 0.2566010057926178 15677
1783100020934 0.29347458481788635 15678
1783100020937 0.22902712225914001 15679
1783100020941 0.2668971121311188 15680
1783100020946 0.2783186733722687 15681
1783100020950 0.3599797487258911 15682
1783100020955 0.29576054215431213 15683
1783100020959 0.30457061529159546 15684
1783100020964 0.2924383878707886 15685
1783100020968 0.2791759967803955 15686
1783100020972 0.311288446187973 15687
1783100020976 0.25665077567100525 15688
1783100020981 0.2639681100845337 15689
1783100020985 0.34852123260498047 15690
1783100020989 0.3435315489768982 15691
1783100020993 0.32855695486068726 15692
1783100020998 0.33971306681632996 15693
1783100021002 0.32346004247665405 15694
1783100021007 0.36333996057510376 15695
1783100021011 0.27421972155570984 15696
1783100021016 0.2656317949295044 15697
1783100021020 0.2929089367389679 15698
1783100021024 0.33553066849708557 15699
1783100021029 0.3231096863746643 15700
1783100021033 0.2902613878250122 15701
1783100021037 0.2866554260253906 15702
1783100021041 0.22840170562267303 15703
1783100021045 0.3062942624092102 15704
1783100021049 0.2867608070373535 15705
1783100021054 0.3248146176338196 15706
1783100021059 0.2977527379989624 15707
1783100021063 0.3213047683238983 15708
1783100021067 0.27765780687332153 15709
1783100021071 0.3385068476200104 15710
1783100021075 0.3058444857597351 15711
1783100021080 0.26030150055885315 15712
1783100021084 0.35788336396217346 15713
1783100021088 0.3013915419578552 15714
1783100021092 0.36616986989974976 15715
1783100021097 0.32929563522338867 15716
1783100021101 0.3330182731151581 15717
1783100021106 0.26123011112213135 15718
1783100021110 0.32256296277046204 15719
1783100021115 0.297136127948761 15720
1783100021119 0.2678647041320801 15721
1783100021123 0.31042253971099854 15722
1783100021127 0.3172565698623657 15723
1783100021132 0.3473218083381653 15724
1783100021136 0.30280137062072754 15725
1783100021141 0.3181016445159912 15726
1783100021144 0.27879175543785095 15727
1783100021148 0.34127265214920044 15728
1783100021153 0.27263230085372925 15729
1783100021157 0.2773278057575226 15730
1783100021161 0.27437448501586914 15731
1783100021165 0.3283546566963196 15732
1783100021169 0.2775990962982178 15733
1783100021173 0.34453320503234863 15734
1783100021178 0.33819788694381714 15735
1783100021182 0.3239915072917938 15736
1783100021186 0.28242671489715576 15737
1783100021190 0.27303922176361084 15738
1783100021194 0.2829873263835907 15739
1783100021198 0.355063259601593 15740
1783100021203 0.3107175827026367 15741
1783100021207 0.33140140771865845 15742
1783100021211 0.332828551530838 15743
1783100021215 0.33161661028862 15744
1783100021219 0.31099793314933777 15745
1783100021223 0.302007257938385 15746
1783100021227 0.3172462582588196 15747
1783100021231 0.3696553707122803 15748
1783100021235 0.3856465816497803 15749
1783100021239 0.41649162769317627 15750
1783100021243 0.32634007930755615 15751
1783100021247 0.39723658561706543 15752
1783100021252 0.34179770946502686 15753
1783100021256 0.3483242988586426 15754
1783100021261 0.32750004529953003 15755
1783100021265 0.3404976725578308 15756
1783100021269 0.2961634397506714 15757
1783100021273 0.339593768119812 15758
1783100021277 0.34475192427635193 15759
1783100021281 0.3036201596260071 15760
1783100021285 0.373878538608551 15761
1783100021290 0.31708115339279175 15762
1783100021294 0.24293848872184753 15763
1783100021298 0.3615616261959076 15764
1783100021302 0.3021240234375 15765
1783100021307 0.3739057779312134 15766
1783100021312 0.3786875307559967 15767
1783100021316 0.3653000295162201 15768
1783100021320 0.3174400329589844 15769
1783100021324 0.2959327697753906 15770
1783100021328 0.3003218173980713 15771
1783100021333 0.3394011855125427 15772
1783100021337 0.32941141724586487 15773
1783100021341 0.33490368723869324 15774
1783100021344 0.3340224325656891 15775
1783100021347 0.31253769993782043 15776
1783100021351 0.4494732618331909 15777
1783100021355 0.30986571311950684 15778
1783100021359 0.3584996163845062 15779
1783100021365 0.38460418581962585 15780
1783100021369 0.4076002836227417 15781
1783100021373 0.3971070349216461 15782
1783100021378 0.3560631275177002 15783
1783100021382 0.4455776810646057 15784
1783100021388 0.386298805475235 15785
1783100021392 0.35145068168640137 15786
1783100021395 0.37098830938339233 15787
1783100021400 0.38842660188674927 15788
1783100021404 0.39202478528022766 15789
1783100021409 0.3269767463207245 15790
1783100021414 0.34033483266830444 15791
1783100021419 0.2867968678474426 15792
1783100021423 0.36330169439315796 15793
1783100021428 0.42306315898895264 15794
1783100021432 0.29392218589782715 15795
1783100021437 0.3296170234680176 15796
1783100021441 0.3455241918563843 15797
1783100021446 0.448356568813324 15798
1783100021450 0.41789910197257996 15799
1783100021455 0.4012806713581085 15800
1783100021459 0.3844657838344574 15801
1783100021464 0.41192784905433655 15802
1783100021468 0.37237662076950073 15803
1783100021472 0.31085485219955444 15804
1783100021477 0.3371620774269104 15805
1783100021481 0.3323473632335663 15806
1783100021485 0.4415339231491089 15807
1783100021489 0.3898511826992035 15808
1783100021493 0.370250403881073 15809
1783100021498 0.414556086063385 15810
1783100021502 0.36736661195755005 15811
1783100021506 0.367675244808197 15812
1783100021511 0.43784189224243164 15813
1783100021515 0.3428245186805725 15814
1783100021520 0.3353579044342041 15815
1783100021524 0.4094616770744324 15816
1783100021528 0.4337453842163086 15817
1783100021532 0.38262301683425903 15818
1783100021537 0.42613136768341064 15819
1783100021541 0.3043411672115326 15820
1783100021545 0.37733691930770874 15821
1783100021549 0.4087637662887573 15822
1783100021553 0.36397624015808105 15823
1783100021558 0.40759962797164917 15824
1783100021562 0.2884741425514221 15825
1783100021566 0.39128822088241577 15826
1783100021571 0.4010961651802063 15827
1783100021575 0.35190293192863464 15828
1783100021579 0.3405948281288147 15829
1783100021583 0.35578709840774536 15830
1783100021587 0.4255751371383667 15831
1783100021591 0.3714570701122284 15832
1783100021595 0.3607201874256134 15833
1783100021599 0.4676875174045563 15834
1783100021603 0.39090994000434875 15835
1783100021606 0.383588582277298 15836
1783100021611 0.3409687280654907 15837
1783100021615 0.40750372409820557 15838
1783100021619 0.42824408411979675 15839
1783100021624 0.4337165951728821 15840
1783100021628 0.494082510471344 15841
1783100021632 0.4409138858318329 15842
1783100021636 0.44968312978744507 15843
1783100021640 0.3367629647254944 15844
1783100021644 0.322659969329834 15845
1783100021648 0.3869047462940216 15846
1783100021652 0.33328643441200256 15847
1783100021656 0.44788575172424316 15848
1783100021660 0.3316243290901184 15849
1783100021664 0.3751068413257599 15850
1783100021669 0.46937522292137146 15851
1783100021673 0.3317032754421234 15852
1783100021677 0.3922564387321472 15853
1783100021681 0.3398085832595825 15854
1783100021685 0.3889565169811249 15855
1783100021690 0.44523388147354126 15856
1783100021694 0.41215068101882935 15857
1783100021698 0.4659847021102905 15858
1783100021701 0.4505329430103302 15859
1783100021704 0.41308826208114624 15860
1783100021707 0.39807435870170593 15861
1783100021711 0.2985326647758484 15862
1783100021715 0.43871989846229553 15863
1783100021720 0.41287940740585327 15864
1783100021725 0.3789706230163574 15865
1783100021729 0.3523356020450592 15866
1783100021733 0.3324277698993683 15867
1783100021737 0.4143712520599365 15868
1783100021740 0.4822743535041809 15869
1783100021744 0.4753766655921936 15870
1783100021747 0.36066141724586487 15871
1783100021750 0.4291461110115051 15872
1783100021754 0.3178652226924896 15873
1783100021758 0.4117460250854492 15874
1783100021762 0.3652089834213257 15875
1783100021766 0.37506285309791565 15876
1783100021770 0.3245980739593506 15877
1783100021774 0.34494173526763916 15878
1783100021778 0.43174636363983154 15879
1783100021783 0.4508400857448578 15880
1783100021787 0.34827032685279846 15881
1783100021792 0.33008021116256714 15882
1783100021796 0.47019076347351074 15883
1783100021800 0.3764537572860718 15884
1783100021805 0.3710702061653137 15885
1783100021809 0.47554051876068115 15886
1783100021813 0.3696407675743103 15887
1783100021817 0.37687206268310547 15888
1783100021821 0.34325602650642395 15889
1783100021825 0.4003359079360962 15890
1783100021829 0.364307165145874 15891
1783100021834 0.5206977725028992 15892
1783100021839 0.403409481048584 15893
1783100021843 0.3317949175834656 15894
1783100021847 0.3035581707954407 15895
1783100021851 0.4318452775478363 15896
1783100021855 0.33702409267425537 15897
1783100021859 0.3791910409927368 15898
1783100021863 0.39878684282302856 15899
1783100021867 0.34759652614593506 15900
1783100021870 0.3844906985759735 15901
1783100021874 0.2796616554260254 15902
1783100021878 0.4408074617385864 15903
1783100021882 0.2869298458099365 15904
1783100021886 0.3628278374671936 15905
1783100021891 0.3256898522377014 15906
1783100021896 0.26282310485839844 15907
1783100021900 0.3401409685611725 15908
1783100021904 0.3644176125526428 15909
1783100021908 0.42318636178970337 15910
1783100021912 0.3630578815937042 15911
1783100021916 0.3262103497982025 15912
1783100021920 0.30644747614860535 15913
1783100021924 0.3855735659599304 15914
1783100021927 0.41571205854415894 15915
1783100021931 0.32136067748069763 15916
1783100021935 0.307259738445282 15917
1783100021939 0.3555852770805359 15918
1783100021944 0.3273456394672394 15919
1783100021948 0.34681034088134766 15920
1783100021952 0.3556554913520813 15921
1783100021956 0.2924710512161255 15922
1783100021960 0.2787538468837738 15923
1783100021964 0.3582855463027954 15924
1783100021968 0.43120867013931274 15925
1783100021972 0.3752027451992035 15926
1783100021977 0.3115173876285553 15927
1783100021980 0.36945855617523193 15928
1783100022196 0.36366546154022217 15929
1783100022201 0.4277975261211395 15930
1783100022205 0.3771417737007141 15931
1783100022209 0.3640483021736145 15932
1783100022213 0.2540954351425171 15933
1783100022217 0.36032646894454956 15934
1783100022221 0.3772241771221161 15935
1783100022225 0.31353846192359924 15936
1783100022228 0.25826290249824524 15937
1783100022232 0.3038647174835205 15938
1783100022236 0.344432532787323 15939
1783100022240 0.3826116919517517 15940
1783100022243 0.34673547744750977 15941
1783100022248 0.28252798318862915 15942
1783100022252 0.34552597999572754 15943
1783100022256 0.3255097270011902 15944
1783100022261 0.35657191276550293 15945
1783100022265 0.37805575132369995 15946
1783100022269 0.26416078209877014 15947
1783100022274 0.38149046897888184 15948
1783100022278 0.3208703398704529 15949
1783100022282 0.3142295479774475 15950
1783100022288 0.3095972239971161 15951
1783100022292 0.316109299659729 15952
1783100022296 0.32632333040237427 15953
1783100022300 0.2577204704284668 15954
1783100022304 0.35208749771118164 15955
1783100022308 0.2825501561164856 15956
1783100022312 0.35281383991241455 15957
1783100022316 0.29783153533935547 15958
1783100022321 0.28041112422943115 15959
1783100022325 0.3423768877983093 15960
1783100022329 0.3100309371948242 15961
1783100022333 0.2790355384349823 15962
1783100022337 0.37809664011001587 15963
1783100022341 0.25999629497528076 15964
1783100022345 0.331111341714859 15965
1783100022348 0.26659590005874634 15966
1783100022352 0.2981789708137512 15967
1783100022356 0.32024309039115906 15968
1783100022360 0.2595241069793701 15969
1783100022364 0.2882762849330902 15970
1783100022369 0.27770283818244934 15971
1783100022374 0.28406935930252075 15972
1783100022379 0.25229543447494507 15973
1783100022384 0.41453278064727783 15974
1783100022389 0.2923077344894409 15975
1783100022393 0.2776111662387848 15976
1783100022398 0.3178698420524597 15977
1783100022402 0.335468590259552 15978
1783100022407 0.3469788134098053 15979
1783100022411 0.23030269145965576 15980
1783100022415 0.31078916788101196 15981
1783100022419 0.31780484318733215 15982
1783100022424 0.2597390413284302 15983
1783100022428 0.30631017684936523 15984
1783100022431 0.2595256567001343 15985
1783100022435 0.22847777605056763 15986
1783100022440 0.278555691242218 15987
1783100022444 0.3200993537902832 15988
1783100022449 0.22102493047714233 15989
1783100022453 0.38979071378707886 15990
1783100022458 0.20730307698249817 15991
1783100022462 0.23880624771118164 15992
1783100022466 0.3526885509490967 15993
1783100022470 0.24041059613227844 15994
1783100022474 0.2368623912334442 15995
1783100022478 0.2632405757904053 15996
1783100022482 0.31298744678497314 15997
1783100022486 0.3318820893764496 15998
1783100022490 0.28024354577064514 15999
1783100022495 0.28498005867004395 16000
1783100022499 0.281695157289505 16001
1783100022503 0.21045362949371338 16002
1783100022507 0.25303757190704346 16003
1783100022511 0.2929799556732178 16004
1783100022515 0.3249979317188263 16005
1783100022519 0.22251752018928528 16006
1783100022523 0.31654196977615356 16007
1783100022527 0.26883000135421753 16008
1783100022531 0.3130017817020416 16009
1783100022535 0.3067891597747803 16010
1783100022539 0.24349245429039001 16011
1783100022544 0.2948134243488312 16012
1783100022548 0.28354790806770325 16013
1783100022553 0.22050553560256958 16014
1783100022557 0.24054181575775146 16015
1783100022561 0.20988225936889648 16016
1783100022566 0.28098589181900024 16017
1783100022571 0.2880326509475708 16018
1783100022575 0.26263630390167236 16019
1783100022579 0.2225305587053299 16020
1783100022583 0.2303604781627655 16021
1783100022587 0.30995652079582214 16022
1783100022591 0.2516848146915436 16023
1783100022595 0.23910558223724365 16024
1783100022600 0.20904050767421722 16025
1783100022604 0.22072529792785645 16026
1783100022608 0.2935359477996826 16027
1783100022612 0.2711735963821411 16028
1783100022616 0.21994861960411072 16029
1783100022620 0.255623459815979 16030
1783100022624 0.2726626992225647 16031
1783100022628 0.2603244483470917 16032
1783100022631 0.3230719566345215 16033
1783100022635 0.2896213233470917 16034
1783100022639 0.2601199448108673 16035
1783100022643 0.27548837661743164 16036
1783100022647 0.2458076775074005 16037
1783100022652 0.3288198709487915 16038
1783100022656 0.22906014323234558 16039
1783100022660 0.29355084896087646 16040
1783100022664 0.26979362964630127 16041
1783100022668 0.413791298866272 16042
1783100022672 0.31274402141571045 16043
1783100022676 0.27206337451934814 16044
1783100022680 0.23345525562763214 16045
1783100022684 0.2861140966415405 16046
1783100022688 0.28180021047592163 16047
1783100022692 0.29885783791542053 16048
1783100022696 0.2646315097808838 16049
1783100022700 0.28011834621429443 16050
1783100022704 0.34976571798324585 16051
1783100022709 0.2612439692020416 16052
1783100022713 0.20230993628501892 16053
1783100022716 0.3370802402496338 16054
1783100022720 0.27611494064331055 16055
1783100022723 0.2599378228187561 16056
1783100022726 0.3291260302066803 16057
1783100022729 0.19604352116584778 16058
1783100022733 0.21118152141571045 16059
1783100022736 0.3101450204849243 16060
1783100022739 0.26261788606643677 16061
1783100022742 0.2698371410369873 16062
1783100022745 0.32884514331817627 16063
1783100022749 0.2741199731826782 16064
1783100022754 0.2621917426586151 16065
1783100022758 0.3072321116924286 16066
1783100022762 0.22886374592781067 16067
1783100022766 0.22633755207061768 16068
1783100022769 0.2688182592391968 16069
1783100022773 0.33682459592819214 16070
1783100022776 0.2652721405029297 16071
1783100022779 0.29114964604377747 16072
1783100022783 0.2674444317817688 16073
1783100022786 0.26993101835250854 16074
1783100022790 0.2833305597305298 16075
1783100022793 0.2943471670150757 16076
1783100022797 0.2712915539741516 16077
1783100022801 0.28105688095092773 16078
1783100022806 0.28815680742263794 16079
1783100022811 0.31338006258010864 16080
1783100022814 0.26254159212112427 16081
1783100022818 0.2716709077358246 16082
1783100022821 0.267810195684433 16083
1783100022826 0.36673039197921753 16084
1783100022829 0.2506248354911804 16085
1783100022833 0.2837582230567932 16086
1783100022837 0.22104117274284363 16087
1783100022841 0.35475409030914307 16088
1783100022845 0.2471114993095398 16089
1783100022849 0.22810198366641998 16090
1783100022854 0.24957557022571564 16091
1783100022858 0.28747016191482544 16092
1783100022863 0.25491005182266235 16093
1783100022868 0.28268498182296753 16094
1783100022872 0.3152829110622406 16095
1783100022876 0.2710001766681671 16096
1783100022881 0.27356821298599243 16097
1783100022885 0.22602778673171997 16098
1783100022889 0.2565566897392273 16099
1783100022894 0.28096267580986023 16100
1783100022898 0.2976953983306885 16101
1783100022902 0.2757571339607239 16102
1783100022907 0.27574673295021057 16103
1783100022911 0.3232218623161316 16104
1783100022916 0.2689867615699768 16105
1783100022921 0.2214064598083496 16106
1783100022925 0.21846334636211395 16107
1783100022929 0.32731616497039795 16108
1783100022933 0.2871144711971283 16109
1783100022937 0.26601600646972656 16110
1783100022942 0.21898573637008667 16111
1783100022946 0.28289473056793213 16112
1783100022950 0.298397421836853 16113
1783100022954 0.3625788688659668 16114
1783100022960 0.3015822172164917 16115
1783100022964 0.3163660764694214 16116
1783100022968 0.282646507024765 16117
1783100022973 0.280641108751297 16118
1783100022977 0.29081791639328003 16119
1783100022981 0.2619388699531555 16120
1783100022986 0.27923324704170227 16121
1783100022990 0.286173939704895 16122
1783100022994 0.30351200699806213 16123
1783100022998 0.2629275321960449 16124
1783100023002 0.2589871287345886 16125
1783100023007 0.2879308760166168 16126
1783100023011 0.286927729845047 16127
1783100023016 0.24525639414787292 16128
1783100023020 0.2571461796760559 16129
1783100023024 0.37515687942504883 16130
1783100023028 0.3028823733329773 16131
1783100023032 0.2702801525592804 16132
1783100023037 0.28117507696151733 16133
1783100023041 0.2577436566352844 16134
1783100023045 0.33971813321113586 16135
1783100023049 0.2741340398788452 16136
1783100023053 0.29782429337501526 16137
1783100023058 0.30065953731536865 16138
1783100023062 0.2941758632659912 16139
1783100023066 0.2754485011100769 16140
1783100023070 0.31047070026397705 16141
1783100023074 0.32752078771591187 16142
1783100023079 0.26520466804504395 16143
1783100023083 0.384563684463501 16144
1783100023087 0.39195385575294495 16145
1783100023091 0.26283928751945496 16146
1783100023095 0.3042372763156891 16147
1783100023099 0.23434731364250183 16148
1783100023103 0.31164342164993286 16149
1783100023108 0.37817275524139404 16150
1783100023113 0.3395509719848633 16151
1783100023117 0.3178650736808777 16152
1783100023121 0.3456435799598694 16153
1783100023125 0.28875863552093506 16154
1783100023129 0.2918928861618042 16155
1783100023133 0.28053393959999084 16156
1783100023137 0.2807897925376892 16157
1783100023141 0.24899333715438843 16158
1783100023145 0.32314059138298035 16159
1783100023149 0.29785746335983276 16160
1783100023154 0.28538012504577637 16161
1783100023158 0.3584432601928711 16162
1783100023163 0.25101879239082336 16163
1783100023167 0.349892258644104 16164
1783100023171 0.33602839708328247 16165
1783100023175 0.3572472631931305 16166
1783100023179 0.30449143052101135 16167
1783100023183 0.29908961057662964 16168
1783100023187 0.2405000925064087 16169
1783100023191 0.32833147048950195 16170
1783100023196 0.31361839175224304 16171
1783100023200 0.31940627098083496 16172
1783100023203 0.2919454574584961 16173
1783100023208 0.3107028603553772 16174
1783100023212 0.3339795768260956 16175
1783100023216 0.31179964542388916 16176
1783100023221 0.24120506644248962 16177
1783100023225 0.370904803276062 16178
1783100023229 0.34895408153533936 16179
1783100023233 0.3235189914703369 16180
1783100023237 0.3401486873626709 16181
1783100023241 0.32075875997543335 16182
1783100023245 0.29192212224006653 16183
1783100023249 0.3183133900165558 16184
1783100023253 0.345741868019104 16185
1783100023257 0.3154575228691101 16186
1783100023262 0.38073211908340454 16187
1783100023266 0.3588234782218933 16188
1783100023271 0.3088093101978302 16189
1783100023275 0.2785457968711853 16190
1783100023279 0.3043132424354553 16191
1783100023283 0.32885754108428955 16192
1783100023287 0.2980692982673645 16193
1783100023291 0.3020945191383362 16194
1783100023295 0.2999765872955322 16195
1783100023300 0.32426559925079346 16196
1783100023304 0.3442257046699524 16197
1783100023308 0.32084494829177856 16198
1783100023312 0.386826753616333 16199
1783100023316 0.32571983337402344 16200
1783100023320 0.3361944258213043 16201
1783100023323 0.3330967426300049 16202
1783100023327 0.31903326511383057 16203
1783100023331 0.31071192026138306 16204
1783100023335 0.3064330816268921 16205
1783100023339 0.27880388498306274 16206
1783100023343 0.3158906400203705 16207
1783100023346 0.3158196806907654 16208
1783100023349 0.4207625985145569 16209
1783100023352 0.32172054052352905 16210
1783100023355 0.33868396282196045 16211
1783100023359 0.31335484981536865 16212
1783100023363 0.30302849411964417 16213
1783100023368 0.33419883251190186 16214
1783100023372 0.34083569049835205 16215
1783100023376 0.41348060965538025 16216
1783100023380 0.33008700609207153 16217
1783100023383 0.35556551814079285 16218
1783100023387 0.3113681674003601 16219
1783100023391 0.27916768193244934 16220
1783100023395 0.3913516402244568 16221
1783100023399 0.458911269903183 16222
1783100023403 0.30090153217315674 16223
1783100023407 0.30179956555366516 16224
1783100023411 0.38461989164352417 16225
1783100023416 0.40696707367897034 16226
1783100023420 0.38837629556655884 16227
1783100023425 0.2582134008407593 16228
1783100023429 0.4241488575935364 16229
1783100023432 0.331053763628006 16230
1783100023436 0.36635899543762207 16231
1783100023440 0.3634950518608093 16232
1783100023444 0.3595479726791382 16233
1783100023448 0.3410637080669403 16234
1783100023451 0.39664167165756226 16235
1783100023456 0.3158186674118042 16236
1783100023459 0.30309441685676575 16237
1783100023463 0.3749353587627411 16238
1783100023468 0.3457457423210144 16239
1783100023472 0.30324018001556396 16240
1783100023476 0.4247936010360718 16241
1783100023480 0.36921536922454834 16242
1783100023483 0.39307355880737305 16243
1783100023486 0.3369433283805847 16244
1783100023490 0.3490002453327179 16245
1783100023494 0.31336909532546997 16246
1783100023498 0.39587247371673584 16247
1783100023502 0.4369897246360779 16248
1783100023506 0.2692667245864868 16249
1783100023510 0.3588934540748596 16250
1783100023514 0.37206485867500305 16251
1783100023518 0.32184791564941406 16252
1783100023523 0.3382466435432434 16253
1783100023527 0.4184693396091461 16254
1783100023531 0.38016337156295776 16255
1783100023535 0.3133629858493805 16256
1783100023540 0.3301679491996765 16257
1783100023544 0.34852081537246704 16258
1783100023548 0.3123176693916321 16259
1783100023552 0.40241479873657227 16260
1783100023556 0.3271227777004242 16261
1783100023559 0.34499162435531616 16262
1783100023563 0.26746606826782227 16263
1783100023568 0.33962416648864746 16264
1783100023572 0.3961879312992096 16265
1783100023575 0.4204394221305847 16266
1783100023579 0.3067833185195923 16267
1783100023582 0.32858720421791077 16268
1783100023585 0.3991206884384155 16269
1783100023588 0.37374746799468994 16270
1783100023592 0.34478503465652466 16271
1783100023596 0.2984597086906433 16272
1783100023606 0.3776388466358185 16273
1783100023610 0.34754839539527893 16274
1783100023615 0.3977515399456024 16275
1783100023619 0.37286561727523804 16276
1783100023623 0.3902497887611389 16277
1783100023627 0.39013099670410156 16278
1783100023631 0.3732783794403076 16279
1783100023635 0.3270607590675354 16280
1783100023639 0.5545397400856018 16281
1783100023644 0.4183620810508728 16282
1783100023647 0.30345869064331055 16283
1783100023651 0.3567056655883789 16284
1783100023653 0.37878113985061646 16285
1783100023656 0.44773414731025696 16286
1783100023659 0.3955810070037842 16287
1783100023662 0.3660876750946045 16288
1783100023666 0.3155975639820099 16289
1783100023669 0.31096792221069336 16290
1783100023674 0.396670937538147 16291
1783100023679 0.4003545045852661 16292
1783100023683 0.3537042737007141 16293
1783100023687 0.4016690254211426 16294
1783100023691 0.46428149938583374 16295
1783100023696 0.33579498529434204 16296
1783100023700 0.32610583305358887 16297
1783100023705 0.42715054750442505 16298
1783100023709 0.35400620102882385 16299
1783100023712 0.4749922752380371 16300
1783100023716 0.3515242338180542 16301
1783100023720 0.3320957124233246 16302
1783100023724 0.3558374047279358 16303
1783100023728 0.38341325521469116 16304
1783100023733 0.3219062089920044 16305
1783100023737 0.30178436636924744 16306
1783100023741 0.3335479199886322 16307
1783100023745 0.33530867099761963 16308
1783100023749 0.3752259910106659 16309
1783100023753 0.39309757947921753 16310
1783100023757 0.41278359293937683 16311
1783100023760 0.35525044798851013 16312
1783100023763 0.336245059967041 16313
1783100023766 0.3753373622894287 16314
1783100023769 0.4223368763923645 16315
1783100023773 0.31538447737693787 16316
1783100023777 0.32366305589675903 16317
1783100023781 0.34470462799072266 16318
1783100023785 0.3025195002555847 16319
1783100023789 0.359113872051239 16320
1783100023794 0.40383484959602356 16321
1783100023798 0.3928389549255371 16322
1783100023802 0.39971354603767395 16323
1783100023806 0.3163300156593323 16324
1783100023810 0.3723335266113281 16325
1783100023814 0.3269919455051422 16326
1783100023818 0.34847593307495117 16327
1783100023822 0.30110836029052734 16328
1783100023827 0.3816353678703308 16329
1783100023831 0.3625890016555786 16330
1783100023836 0.3572450876235962 16331
1783100023840 0.3490784764289856 16332
1783100023844 0.3669896721839905 16333
1783100023849 0.33066326379776 16334
1783100023853 0.3571264147758484 16335
1783100023857 0.37390974164009094 16336
1783100023862 0.4447215497493744 16337
1783100023866 0.38639035820961 16338
1783100023870 0.327765554189682 16339
1783100023874 0.27212443947792053 16340
1783100023878 0.36090558767318726 16341
1783100023883 0.42967620491981506 16342
1783100023887 0.45402991771698 16343
1783100023891 0.39156609773635864 16344
1783100023895 0.3317974805831909 16345
1783100023899 0.4455227553844452 16346
1783100023903 0.35384127497673035 16347
1783100023907 0.36576807498931885 16348
1783100023911 0.42371702194213867 16349
1783100023915 0.28264760971069336 16350
1783100023919 0.3717538118362427 16351
1783100023924 0.36523741483688354 16352
1783100023928 0.40053606033325195 16353
1783100023932 0.3892201781272888 16354
1783100023935 0.3456384241580963 16355
1783100023938 0.30659109354019165 16356
1783100023942 0.36668843030929565 16357
1783100023945 0.30718258023262024 16358
1783100023948 0.3350333869457245 16359
1783100023951 0.356259286403656 16360
1783100023955 0.3569701611995697 16361
1783100023958 0.3925935626029968 16362
1783100023961 0.3867604434490204 16363
1783100023965 0.29388248920440674 16364
1783100023968 0.371107280254364 16365
1783100023973 0.302582710981369 16366
1783100023977 0.30328869819641113 16367
1783100023981 0.3373151421546936 16368
1783100023985 0.3393598794937134 16369
1783100023989 0.2957916259765625 16370
1783100023992 0.3993668854236603 16371
1783100023996 0.37823766469955444 16372
1783100024001 0.38974374532699585 16373
1783100024005 0.36371374130249023 16374
1783100024009 0.29768943786621094 16375
1783100024013 0.4190877079963684 16376
1783100024017 0.3067079782485962 16377
1783100024022 0.2513384521007538 16378
1783100024026 0.34393182396888733 16379
1783100024031 0.34434986114501953 16380
1783100024035 0.42942607402801514 16381
1783100024039 0.35088908672332764 16382
1783100024043 0.3625788688659668 16383
1783100024048 0.38047707080841064 16384
1783100024052 0.33711668848991394 16385
1783100024056 0.40543848276138306 16386
1783100024060 0.3908730149269104 16387
1783100024064 0.3980032801628113 16388
1783100024068 0.2996527850627899 16389
1783100024073 0.34412771463394165 16390
1783100024078 0.3142298758029938 16391
1783100024081 0.28857842087745667 16392
1783100024084 0.3506237268447876 16393
1783100024088 0.25662434101104736 16394
1783100024091 0.28132131695747375 16395
1783100024095 0.33399611711502075 16396
1783100024099 0.2865162491798401 16397
1783100024103 0.28780683875083923 16398
1783100024106 0.3735901713371277 16399
1783100024109 0.4333399534225464 16400
1783100024112 0.3338698148727417 16401
1783100024115 0.25177228450775146 16402
1783100024120 0.37146759033203125 16403
1783100024125 0.2465498149394989 16404
1783100024129 0.35957419872283936 16405
1783100024133 0.3889930546283722 16406
1783100024137 0.39548081159591675 16407
1783100024142 0.2826310396194458 16408
1783100024146 0.32571491599082947 16409
1783100024150 0.3611755967140198 16410
1783100024154 0.3613835275173187 16411
1783100024158 0.2716008424758911 16412
1783100024162 0.3304000198841095 16413
1783100024166 0.3789016008377075 16414
1783100024171 0.28092440962791443 16415
1783100024176 0.3377200961112976 16416
1783100024180 0.25411221385002136 16417
1783100024185 0.35245686769485474 16418
1783100024189 0.24605116248130798 16419
1783100024193 0.300554096698761 16420
1783100024197 0.3241044580936432 16421
1783100024202 0.3781333863735199 16422
1783100024206 0.32749706506729126 16423
1783100024210 0.32654204964637756 16424
1783100024214 0.2871761918067932 16425
1783100024218 0.4234776496887207 16426
1783100024223 0.3289807438850403 16427
1783100024227 0.37983396649360657 16428
1783100024231 0.2757989764213562 16429
1783100024236 0.29237309098243713 16430
1783100024240 0.3420651853084564 16431
1783100024244 0.35100317001342773 16432
1783100024248 0.28520214557647705 16433
1783100024252 0.2989947199821472 16434
1783100024257 0.32503366470336914 16435
1783100024261 0.29856371879577637 16436
1783100024265 0.39930203557014465 16437
1783100024269 0.2600375711917877 16438
1783100024273 0.30123597383499146 16439
1783100024278 0.3137142062187195 16440
1783100024283 0.2596561312675476 16441
1783100024287 0.39928892254829407 16442
1783100024291 0.31506383419036865 16443
1783100024294 0.29852738976478577 16444
1783100024297 0.362382173538208 16445
1783100024301 0.29921674728393555 16446
1783100024304 0.30609235167503357 16447
1783100024308 0.30645468831062317 16448
1783100024312 0.30465006828308105 16449
1783100024316 0.33049455285072327 16450
1783100024320 0.4120468497276306 16451
1783100024324 0.2714199423789978 16452
1783100024328 0.36912864446640015 16453
1783100024333 0.3122447729110718 16454
1783100024337 0.3587082028388977 16455
1783100024341 0.4192710518836975 16456
1783100024345 0.33036473393440247 16457
1783100024349 0.35723957419395447 16458
1783100024353 0.3902047872543335 16459
1783100024357 0.3315242528915405 16460
1783100024361 0.2778206169605255 16461
1783100024365 0.27428489923477173 16462
1783100024369 0.2865482568740845 16463
1783100024373 0.3275795578956604 16464
1783100024377 0.31258606910705566 16465
1783100024382 0.23995395004749298 16466
1783100024386 0.28573206067085266 16467
1783100024390 0.35638850927352905 16468
1783100024394 0.3470294773578644 16469
1783100024398 0.28647559881210327 16470
1783100024403 0.317460834980011 16471
1783100024407 0.36833328008651733 16472
1783100024411 0.2734234929084778 16473
1783100024415 0.32615435123443604 16474
1783100024419 0.32094675302505493 16475
1783100024424 0.27705124020576477 16476
1783100024429 0.22613085806369781 16477
1783100024433 0.3135114312171936 16478
1783100024438 0.23639655113220215 16479
1783100024442 0.27737128734588623 16480
1783100024447 0.22762802243232727 16481
1783100024451 0.29585200548171997 16482
1783100024455 0.27049916982650757 16483
1783100024460 0.3312848210334778 16484
1783100024464 0.34646880626678467 16485
1783100024468 0.2678573727607727 16486
1783100024472 0.2740324139595032 16487
1783100024476 0.3935394287109375 16488
1783100024480 0.3122834861278534 16489
1783100024483 0.2947768568992615 16490
1783100024486 0.30247342586517334 16491
1783100024491 0.3814847469329834 16492
1783100024496 0.2645917534828186 16493
1783100024500 0.35077884793281555 16494
1783100024504 0.3711627423763275 16495
1783100024508 0.33046621084213257 16496
1783100024512 0.29906347393989563 16497
1783100024515 0.2834203541278839 16498
1783100024518 0.2829098701477051 16499
1783100024521 0.3105786442756653 16500
1783100024525 0.3046753406524658 16501
1783100024528 0.27484363317489624 16502
1783100024531 0.34553804993629456 16503
1783100024535 0.2806406021118164 16504
1783100024538 0.2169841080904007 16505
1783100024543 0.2652738690376282 16506
1783100024548 0.26203638315200806 16507
1783100024552 0.3453649878501892 16508
1783100024556 0.298775315284729 16509
1783100024560 0.2890051603317261 16510
1783100024564 0.34972313046455383 16511
1783100024569 0.2730367183685303 16512
1783100024573 0.22003459930419922 16513
1783100024577 0.29626113176345825 16514
1783100024581 0.34972846508026123 16515
1783100024585 0.32266438007354736 16516
1783100024589 0.39299604296684265 16517
1783100024594 0.3393726944923401 16518
1783100024599 0.22704695165157318 16519
1783100024603 0.2840695381164551 16520
1783100024608 0.34196218848228455 16521
1783100024612 0.24157218635082245 16522
1783100024616 0.31787043809890747 16523
1783100024621 0.32398274540901184 16524
1783100024626 0.3342049717903137 16525
1783100024631 0.3538404107093811 16526
1783100024635 0.3037301301956177 16527
1783100024639 0.26358330249786377 16528
1783100024643 0.375694215297699 16529
1783100024648 0.2759283483028412 16530
1783100024653 0.35394904017448425 16531
1783100024657 0.3007349371910095 16532
1783100024661 0.2924124002456665 16533
1783100024666 0.2506411075592041 16534
1783100024670 0.35993045568466187 16535
1783100024674 0.2993580102920532 16536
1783100024678 0.3050929307937622 16537
1783100024682 0.28376197814941406 16538
1783100024686 0.26232120394706726 16539
1783100024690 0.36027830839157104 16540
1783100024695 0.28930896520614624 16541
1783100024699 0.26420170068740845 16542
1783100024703 0.2906876504421234 16543
1783100024708 0.23239070177078247 16544
1783100024712 0.3124546706676483 16545
1783100024716 0.2630188763141632 16546
1783100024720 0.28327348828315735 16547
1783100024724 0.26599788665771484 16548
1783100024728 0.24608424305915833 16549
1783100024732 0.37156441807746887 16550
1783100024736 0.23031729459762573 16551
1783100024740 0.3131557106971741 16552
1783100024744 0.22367295622825623 16553
1783100024748 0.2625212073326111 16554
1783100024752 0.2710006535053253 16555
1783100024757 0.3051017224788666 16556
1783100024761 0.2895204424858093 16557
1783100024765 0.31036627292633057 16558
1783100024769 0.2797347605228424 16559
1783100024773 0.32123494148254395 16560
1783100024777 0.2523975968360901 16561
1783100024782 0.2372766137123108 16562
1783100024786 0.26721617579460144 16563
1783100024790 0.26916399598121643 16564
1783100024794 0.3105383813381195 16565
1783100024798 0.2748492658138275 16566
1783100024802 0.27591001987457275 16567
1783100024806 0.2736049294471741 16568
1783100024810 0.3107653558254242 16569
1783100024821 0.24659854173660278 16570
1783100024824 0.23285377025604248 16571
1783100024828 0.3413386344909668 16572
1783100024832 0.2616117596626282 16573
1783100024835 0.3429163098335266 16574
1783100024839 0.34150198101997375 16575
1783100024843 0.27495646476745605 16576
1783100024847 0.3017292022705078 16577
1783100024851 0.3442993760108948 16578
1783100024855 0.26961439847946167 16579
1783100024859 0.2704309821128845 16580
1783100024864 0.25440260767936707 16581
1783100024868 0.27497225999832153 16582
1783100024872 0.4147660732269287 16583
1783100024876 0.3351644277572632 16584
1783100024880 0.31863975524902344 16585
1783100024884 0.28985029458999634 16586
1783100024888 0.3242015838623047 16587
1783100024892 0.31198033690452576 16588
1783100024896 0.2973144054412842 16589
1783100024901 0.23062197864055634 16590
1783100024906 0.33248230814933777 16591
1783100024910 0.2989395260810852 16592
1783100024915 0.28479838371276855 16593
1783100024919 0.3078992962837219 16594
1783100024923 0.24631142616271973 16595
1783100024927 0.298211932182312 16596
1783100024932 0.3048275113105774 16597
1783100024936 0.35269486904144287 16598
1783100024940 0.28139281272888184 16599
1783100024944 0.30774539709091187 16600
1783100024948 0.37811005115509033 16601
1783100024953 0.29963773488998413 16602
1783100024957 0.27597522735595703 16603
1783100024962 0.2994362711906433 16604
1783100024966 0.32025179266929626 16605
1783100024970 0.3106662631034851 16606
1783100024974 0.2882247865200043 16607
1783100024978 0.4150940179824829 16608
1783100024983 0.32964518666267395 16609
1783100024987 0.4035731554031372 16610
1783100024991 0.3099023103713989 16611
1783100024995 0.2818053364753723 16612
1783100025000 0.3152756690979004 16613
1783100025005 0.2612716555595398 16614
1783100025010 0.28663602471351624 16615
1783100025015 0.39689067006111145 16616
1783100025019 0.36184942722320557 16617
1783100025024 0.29353153705596924 16618
1783100025028 0.31375718116760254 16619
1783100025032 0.32451340556144714 16620
1783100025036 0.29091963171958923 16621
1783100025040 0.4476388990879059 16622
1783100025044 0.3173767030239105 16623
1783100025049 0.3583071827888489 16624
1783100025053 0.25482961535453796 16625
1783100025057 0.31656700372695923 16626
1783100025061 0.47299468517303467 16627
1783100025065 0.3216904401779175 16628
1783100025070 0.34700584411621094 16629
1783100025074 0.29059159755706787 16630
1783100025079 0.27811622619628906 16631
1783100025083 0.2612403929233551 16632
1783100025087 0.2846304178237915 16633
1783100025091 0.2945302724838257 16634
1783100025096 0.3456125259399414 16635
1783100025100 0.3301299512386322 16636
1783100025104 0.3694303035736084 16637
1783100025109 0.2856352925300598 16638
1783100025113 0.34921789169311523 16639
1783100025117 0.29198557138442993 16640
1783100025122 0.34855830669403076 16641
1783100025126 0.407429575920105 16642
1783100025130 0.3250277638435364 16643
1783100025134 0.3059820532798767 16644
1783100025138 0.30887851119041443 16645
1783100025142 0.37602758407592773 16646
1783100025146 0.35655856132507324 16647
1783100025150 0.429334819316864 16648
1783100025154 0.44138506054878235 16649
1783100025158 0.3922646641731262 16650
1783100025162 0.341037392616272 16651
1783100025166 0.44728994369506836 16652
1783100025170 0.3107845187187195 16653
1783100025174 0.4900214970111847 16654
1783100025179 0.3301280736923218 16655
1783100025183 0.3660740256309509 16656
1783100025187 0.33861976861953735 16657
1783100025191 0.3360104560852051 16658
1783100025196 0.4233013987541199 16659
1783100025200 0.421785831451416 16660
1783100025204 0.26997971534729004 16661
1783100025208 0.33941346406936646 16662
1783100025212 0.4155781865119934 16663
1783100025215 0.4604250192642212 16664
1783100025219 0.3138996958732605 16665
1783100025224 0.3683435320854187 16666
1783100025228 0.4305877387523651 16667
1783100025231 0.3800036311149597 16668
1783100025235 0.3146112263202667 16669
1783100025238 0.3019799590110779 16670
1783100025241 0.3588408827781677 16671
1783100025245 0.45078229904174805 16672
1783100025248 0.39012765884399414 16673
1783100025251 0.36141541600227356 16674
1783100025254 0.35454413294792175 16675
1783100025258 0.4157487750053406 16676
1783100025261 0.3449852466583252 16677
1783100025264 0.3349362015724182 16678
1783100025268 0.3978743851184845 16679
1783100025271 0.47892826795578003 16680
1783100025275 0.36947953701019287 16681
1783100025280 0.390714168548584 16682
1783100025284 0.34424054622650146 16683
1783100025287 0.39683184027671814 16684
1783100025291 0.3969429135322571 16685
1783100025294 0.43595272302627563 16686
1783100025298 0.4081782102584839 16687
1783100025301 0.3389776349067688 16688
1783100025305 0.35845959186553955 16689
1783100025308 0.5124653577804565 16690
1783100025312 0.3377697467803955 16691
1783100025315 0.31596553325653076 16692
1783100025318 0.3719574213027954 16693
1783100025322 0.36968690156936646 16694
1783100025326 0.44874364137649536 16695
1783100025331 0.3651621341705322 16696
1783100025334 0.4067329168319702 16697
1783100025338 0.4814707040786743 16698
1783100025341 0.4526914954185486 16699
1783100025345 0.34826481342315674 16700
1783100025348 0.40464410185813904 16701
1783100025351 0.43267714977264404 16702
1783100025355 0.41807419061660767 16703
1783100025358 0.3336033821105957 16704
1783100025361 0.3253977298736572 16705
1783100025365 0.40363025665283203 16706
1783100025368 0.41982534527778625 16707
1783100025371 0.3897045850753784 16708
1783100025376 0.4165075421333313 16709
1783100025380 0.38039302825927734 16710
1783100025384 0.42257189750671387 16711
1783100025388 0.42465782165527344 16712
1783100025391 0.3832729756832123 16713
1783100025395 0.4771151542663574 16714
1783100025398 0.391716867685318 16715
1783100025401 0.4034561514854431 16716
1783100025405 0.391410231590271 16717
1783100025408 0.3723045885562897 16718
1783100025411 0.4241902828216553 16719
1783100025414 0.4068703055381775 16720
1783100025418 0.3751360774040222 16721
1783100025421 0.45041346549987793 16722
1783100025425 0.5558477640151978 16723
1783100025430 0.4521964192390442 16724
1783100025434 0.292182594537735 16725
1783100025438 0.3389948904514313 16726
1783100025442 0.32450395822525024 16727
1783100025446 0.44126227498054504 16728
1783100025450 0.4581013321876526 16729
1783100025454 0.519914984703064 16730
1783100025458 0.4359268844127655 16731
1783100025462 0.3820032477378845 16732
1783100025466 0.3825553059577942 16733
1783100025470 0.451453298330307 16734
1783100025474 0.4703423082828522 16735
1783100025478 0.4944436550140381 16736
1783100025482 0.3686907887458801 16737
1783100025486 0.3414333462715149 16738
1783100025491 0.33875665068626404 16739
1783100025495 0.5389068126678467 16740
1783100025499 0.30859658122062683 16741
1783100025503 0.3580148220062256 16742
1783100025507 0.3900632858276367 16743
1783100025511 0.44735243916511536 16744
1783100025515 0.4716883897781372 16745
1783100025519 0.38578903675079346 16746
1783100025523 0.4084143340587616 16747
1783100025527 0.3385058641433716 16748
1783100025532 0.3328065574169159 16749
1783100025536 0.4009504020214081 16750
1783100025540 0.4432371258735657 16751
1783100025543 0.3480781316757202 16752
1783100025547 0.3067626655101776 16753
1783100025550 0.4663786292076111 16754
1783100025553 0.38584524393081665 16755
1783100025557 0.38511526584625244 16756
1783100025561 0.3470088243484497 16757
1783100025565 0.39083659648895264 16758
1783100025569 0.36103367805480957 16759
1783100025573 0.4183478057384491 16760
1783100025577 0.3290562629699707 16761
1783100025581 0.458977073431015 16762
1783100025586 0.3090716004371643 16763
1783100025590 0.3608667850494385 16764
1783100025593 0.43099743127822876 16765
1783100025597 0.3628731369972229 16766
1783100025600 0.3988886773586273 16767
1783100025604 0.42214590311050415 16768
1783100025608 0.34519147872924805 16769
1783100025612 0.3242380619049072 16770
1783100025616 0.36077284812927246 16771
1783100025620 0.33901548385620117 16772
1783100025624 0.35971635580062866 16773
1783100025628 0.33870238065719604 16774
1783100025632 0.36914965510368347 16775
1783100025636 0.32584720849990845 16776
1783100025641 0.3516945540904999 16777
1783100025645 0.3110418915748596 16778
1783100025649 0.3993106186389923 16779
1783100025653 0.3769424557685852 16780
1783100025658 0.4061071574687958 16781
1783100025662 0.323819100856781 16782
1783100025666 0.3113807439804077 16783
1783100025670 0.3531440198421478 16784
1783100025673 0.36110225319862366 16785
1783100025677 0.30334508419036865 16786
1783100025680 0.3498441278934479 16787
1783100025683 0.3029032349586487 16788
1783100025686 0.35022932291030884 16789
1783100025691 0.3987852931022644 16790
1783100025695 0.3554125428199768 16791
1783100025699 0.3615693151950836 16792
1783100025703 0.34643012285232544 16793
1783100025707 0.3428940176963806 16794
1783100025711 0.33235281705856323 16795
1783100025715 0.45762351155281067 16796
1783100025719 0.3643229007720947 16797
1783100025723 0.43468597531318665 16798
1783100025727 0.48664796352386475 16799
1783100025731 0.36758697032928467 16800
1783100025735 0.385662317276001 16801
1783100025740 0.2816876173019409 16802
1783100025744 0.3496555685997009 16803
1783100025749 0.3363478481769562 16804
1783100025753 0.34070903062820435 16805
1783100025757 0.3973376154899597 16806
1783100025761 0.39817455410957336 16807
1783100025765 0.4502945840358734 16808
1783100025769 0.3562946319580078 16809
1783100025773 0.3595091700553894 16810
1783100025777 0.3772938847541809 16811
1783100025781 0.37388837337493896 16812
1783100025785 0.3635132908821106 16813
1783100025790 0.38283783197402954 16814
1783100025797 0.38618311285972595 16815
1783100025803 0.38593152165412903 16816
1783100025808 0.3048776388168335 16817
1783100025812 0.33341288566589355 16818
1783100025817 0.4651208817958832 16819
1783100025821 0.37465783953666687 16820
1783100025825 0.34212297201156616 16821
1783100025829 0.2985380291938782 16822
1783100025833 0.3930290639400482 16823
1783100025837 0.40676483511924744 16824
1783100025841 0.3358207941055298 16825
1783100025846 0.3477068841457367 16826
1783100025850 0.30785122513771057 16827
1783100025855 0.32710856199264526 16828
1783100025859 0.28934550285339355 16829
1783100025863 0.31754153966903687 16830
1783100025867 0.36325669288635254 16831
1783100025872 0.3656618595123291 16832
1783100025876 0.3489570617675781 16833
1783100025880 0.34051215648651123 16834
1783100025884 0.3660142421722412 16835
1783100025888 0.39215102791786194 16836
1783100025893 0.45266106724739075 16837
1783100025897 0.3456190824508667 16838
1783100025902 0.2766916751861572 16839
1783100025907 0.37384241819381714 16840
1783100025912 0.37228575348854065 16841
1783100025916 0.343843549489975 16842
1783100025920 0.32357120513916016 16843
1783100025924 0.3786660134792328 16844
1783100025929 0.293965220451355 16845
1783100025933 0.4126448929309845 16846
1783100025937 0.25088441371917725 16847
1783100025941 0.347753643989563 16848
1783100025945 0.3736068606376648 16849
1783100025949 0.4219866394996643 16850
1783100025954 0.39419451355934143 16851
1783100025959 0.2891615927219391 16852
1783100025963 0.3129478394985199 16853
1783100025968 0.45527297258377075 16854
1783100025972 0.36759793758392334 16855
1783100025976 0.36539748311042786 16856
1783100025980 0.32131385803222656 16857
1783100025984 0.39804768562316895 16858
1783100025988 0.37160271406173706 16859
1783100025992 0.32512909173965454 16860
1783100025996 0.2640298902988434 16861
1783100026000 0.2906544506549835 16862
1783100026005 0.3372243642807007 16863
1783100026009 0.38411790132522583 16864
1783100026014 0.27433255314826965 16865
1783100026246 0.25360339879989624 16866
1783100026251 0.30934572219848633 16867
1783100026256 0.2628065347671509 16868
1783100026260 0.328011155128479 16869
1783100026264 0.30048078298568726 16870
1783100026269 0.3545970320701599 16871
1783100026273 0.3033847212791443 16872
1783100026277 0.29803431034088135 16873
1783100026281 0.43361443281173706 16874
1783100026285 0.31757861375808716 16875
1783100026289 0.3101082444190979 16876
1783100026293 0.30488479137420654 16877
1783100026298 0.3179851472377777 16878
1783100026303 0.3162590265274048 16879
1783100026307 0.29372525215148926 16880
1783100026312 0.352588415145874 16881
1783100026317 0.3271765112876892 16882
1783100026321 0.2902746796607971 16883
1783100026326 0.30714213848114014 16884
1783100026331 0.3449278473854065 16885
1783100026335 0.3549044132232666 16886
1783100026339 0.3096233606338501 16887
1783100026343 0.3003549575805664 16888
1783100026347 0.24716734886169434 16889
1783100026351 0.21609508991241455 16890
1783100026356 0.329675555229187 16891
1783100026360 0.33619242906570435 16892
1783100026364 0.2901068329811096 16893
1783100026368 0.3175644278526306 16894
1783100026373 0.3538239300251007 16895
1783100026378 0.39037269353866577 16896
1783100026382 0.3938623368740082 16897
1783100026386 0.277218759059906 16898
1783100026391 0.29570335149765015 16899
1783100026395 0.3000602126121521 16900
1783100026399 0.328913152217865 16901
1783100026403 0.3120342195034027 16902
1783100026407 0.2649024426937103 16903
1783100026412 0.3436078429222107 16904
1783100026416 0.3252057433128357 16905
1783100026420 0.29814210534095764 16906
1783100026433 0.3074176609516144 16907
1783100026437 0.29487693309783936 16908
1783100026442 0.29839348793029785 16909
1783100026446 0.2950718402862549 16910
1783100026450 0.31075114011764526 16911
1783100026454 0.27478086948394775 16912
1783100026458 0.25487908720970154 16913
1783100026462 0.3156927824020386 16914
1783100026466 0.3503800332546234 16915
1783100026470 0.30730605125427246 16916
1783100026475 0.28612592816352844 16917
1783100026479 0.3747556507587433 16918
1783100026483 0.31555598974227905 16919
1783100026487 0.25393545627593994 16920
1783100026491 0.32388049364089966 16921
1783100026495 0.30210304260253906 16922
1783100026499 0.24804052710533142 16923
1783100026503 0.3320068120956421 16924
1783100026507 0.2947489619255066 16925
1783100026512 0.3149983882904053 16926
1783100026516 0.2935868501663208 16927
1783100026520 0.319352388381958 16928
1783100026525 0.419131338596344 16929
1783100026529 0.2668735682964325 16930
1783100026533 0.24904608726501465 16931
1783100026537 0.3560000956058502 16932
1783100026541 0.26214730739593506 16933
1783100026545 0.36814022064208984 16934
1783100026549 0.2986423969268799 16935
1783100026553 0.23582884669303894 16936
1783100026557 0.2621275782585144 16937
1783100026561 0.27076709270477295 16938
1783100026565 0.3203980326652527 16939
1783100026570 0.326191782951355 16940
1783100026574 0.31598907709121704 16941
1783100026579 0.3017587959766388 16942
1783100026583 0.24539166688919067 16943
1783100026587 0.3289732336997986 16944
1783100026592 0.3425641357898712 16945
1783100026596 0.2988675832748413 16946
1783100026600 0.30170315504074097 16947
1783100026604 0.3357277512550354 16948
1783100026608 0.2800104320049286 16949
1783100026612 0.2717781662940979 16950
1783100026617 0.3136383891105652 16951
1783100026621 0.31847959756851196 16952
1783100026625 0.3102790117263794 16953
1783100026630 0.3436744213104248 16954
1783100026634 0.3401886522769928 16955
1783100026638 0.3027960956096649 16956
1783100026641 0.35408636927604675 16957
1783100026644 0.24479416012763977 16958
1783100026647 0.2800118923187256 16959
1783100026650 0.37524282932281494 16960
1783100026654 0.3155677020549774 16961
1783100026657 0.32265013456344604 16962
1783100026660 0.2841649651527405 16963
1783100026663 0.2965661287307739 16964
1783100026667 0.3359028100967407 16965
1783100026670 0.2986915111541748 16966
1783100026674 0.3393450975418091 16967
1783100026679 0.2716348171234131 16968
1783100026683 0.2765709161758423 16969
1783100026687 0.24334612488746643 16970
1783100026691 0.20749902725219727 16971
1783100026695 0.26584506034851074 16972
1783100026699 0.25000348687171936 16973
1783100026704 0.2957878112792969 16974
1783100026708 0.24705073237419128 16975
1783100026712 0.2856264114379883 16976
1783100026716 0.3730148673057556 16977
1783100026720 0.4889003038406372 16978
1783100026725 0.30526453256607056 16979
1783100026729 0.2540842294692993 16980
1783100026734 0.31346219778060913 16981
1783100026738 0.28038424253463745 16982
1783100026742 0.30299752950668335 16983
1783100026746 0.33883094787597656 16984
1783100026750 0.254495233297348 16985
1783100026755 0.2789077162742615 16986
1783100026759 0.2669435143470764 16987
1783100026763 0.2882159948348999 16988
1783100026767 0.271981418132782 16989
1783100026771 0.32234427332878113 16990
1783100026775 0.3160252571105957 16991
1783100026780 0.3199281096458435 16992
1783100026784 0.27006423473358154 16993
1783100026788 0.3251307010650635 16994
1783100026792 0.28545764088630676 16995
1783100026796 0.30443066358566284 16996
1783100026800 0.2796534299850464 16997
1783100026804 0.3105681538581848 16998
1783100026808 0.2669140100479126 16999
1783100026812 0.3113241195678711 17000
1783100026817 0.2358517348766327 17001
1783100026821 0.30110275745391846 17002
1783100026825 0.2136515974998474 17003
1783100026829 0.27182549238204956 17004
1783100026834 0.28393107652664185 17005
1783100026839 0.25578048825263977 17006
1783100026843 0.2597939372062683 17007
1783100026847 0.3028384745121002 17008
1783100026851 0.3266121745109558 17009
1783100026855 0.28283727169036865 17010
1783100026859 0.28083789348602295 17011
1783100026863 0.25683361291885376 17012
1783100026867 0.2571672797203064 17013
1783100026871 0.34730878472328186 17014
1783100026875 0.276633083820343 17015
1783100026879 0.3171079158782959 17016
1783100026884 0.2985701560974121 17017
1783100026888 0.46172308921813965 17018
1783100026892 0.2722257077693939 17019
1783100026896 0.34629297256469727 17020
1783100026901 0.31265366077423096 17021
1783100026905 0.38281339406967163 17022
1783100026909 0.32573971152305603 17023
1783100026913 0.3106098175048828 17024
1783100026917 0.28753727674484253 17025
1783100026921 0.2843211889266968 17026
1783100026925 0.2970762252807617 17027
1783100026929 0.33385929465293884 17028
1783100026933 0.2583443820476532 17029
1783100026938 0.28163453936576843 17030
1783100026942 0.27088022232055664 17031
1783100026946 0.3069126605987549 17032
1783100026950 0.24257634580135345 17033
1783100026954 0.30315452814102173 17034
1783100026958 0.30312198400497437 17035
1783100026962 0.2850683033466339 17036
1783100026964 0.2818436026573181 17037
1783100026967 0.27321889996528625 17038
1783100026971 0.28360632061958313 17039
1783100026975 0.3303902745246887 17040
1783100026979 0.2966599762439728 17041
1783100026984 0.3296678066253662 17042
1783100026988 0.25126683712005615 17043
1783100026992 0.375508189201355 17044
1783100026996 0.3028510510921478 17045
1783100027001 0.32921838760375977 17046
1783100027005 0.33923184871673584 17047
1783100027009 0.44620776176452637 17048
1783100027014 0.391712486743927 17049
1783100027018 0.3160576820373535 17050
1783100027022 0.32080915570259094 17051
1783100027026 0.296830415725708 17052
1783100027030 0.29484495520591736 17053
1783100027034 0.3089204430580139 17054
1783100027039 0.26604440808296204 17055
1783100027042 0.34758585691452026 17056
1783100027045 0.31432658433914185 17057
1783100027049 0.2913147807121277 17058
1783100027053 0.31024789810180664 17059
1783100027056 0.3243061304092407 17060
1783100027059 0.2928500771522522 17061
1783100027063 0.31111153960227966 17062
1783100027066 0.29128769040107727 17063
1783100027069 0.24041977524757385 17064
1783100027072 0.3749493658542633 17065
1783100027076 0.34925663471221924 17066
1783100027079 0.267654150724411 17067
1783100027084 0.29643502831459045 17068
1783100027089 0.2650969624519348 17069
1783100027093 0.2677167057991028 17070
1783100027097 0.2989274263381958 17071
1783100027101 0.37091028690338135 17072
1783100027105 0.27543506026268005 17073
1783100027110 0.2729700803756714 17074
1783100027114 0.30471426248550415 17075
1783100027118 0.2722955346107483 17076
1783100027122 0.3070679008960724 17077
1783100027126 0.3810828626155853 17078
1783100027130 0.26778465509414673 17079
1783100027134 0.2500388026237488 17080
1783100027139 0.24945567548274994 17081
1783100027143 0.29291194677352905 17082
1783100027148 0.3370743691921234 17083
1783100027152 0.3193977177143097 17084
1783100027156 0.32833555340766907 17085
1783100027160 0.28888145089149475 17086
1783100027164 0.28994080424308777 17087
1783100027168 0.3047219216823578 17088
1783100027172 0.2921435236930847 17089
1783100027177 0.31408917903900146 17090
1783100027181 0.2857932448387146 17091
1783100027186 0.23117172718048096 17092
1783100027191 0.2789075970649719 17093
1783100027195 0.3744857609272003 17094
1783100027199 0.30081549286842346 17095
1783100027204 0.31113916635513306 17096
1783100027208 0.3645975589752197 17097
1783100027212 0.3798251748085022 17098
1783100027217 0.3127190172672272 17099
1783100027221 0.3514721691608429 17100
1783100027225 0.32811295986175537 17101
1783100027229 0.34341078996658325 17102
1783100027233 0.3160635530948639 17103
1783100027238 0.3396792709827423 17104
1783100027243 0.37163615226745605 17105
1783100027247 0.3252626061439514 17106
1783100027251 0.332418829202652 17107
1783100027255 0.26228129863739014 17108
1783100027259 0.32785284519195557 17109
1783100027263 0.39032799005508423 17110
1783100027267 0.29520419239997864 17111
1783100027270 0.3368671238422394 17112
1783100027274 0.4616811275482178 17113
1783100027277 0.33827564120292664 17114
1783100027281 0.23294180631637573 17115
1783100027286 0.31434038281440735 17116
1783100027290 0.3653371334075928 17117
1783100027294 0.3947414755821228 17118
1783100027298 0.37282419204711914 17119
1783100027302 0.31396427750587463 17120
1783100027305 0.33053353428840637 17121
1783100027309 0.34074580669403076 17122
1783100027312 0.2699013948440552 17123
1783100027316 0.34710705280303955 17124
1783100027322 0.2818974256515503 17125
1783100027326 0.39157938957214355 17126
1783100027330 0.43914464116096497 17127
1783100027334 0.27594226598739624 17128
1783100027338 0.35332775115966797 17129
1783100027343 0.3766975700855255 17130
1783100027347 0.3411755859851837 17131
1783100027351 0.3366772532463074 17132
1783100027355 0.3403923511505127 17133
1783100027359 0.3337344527244568 17134
1783100027363 0.4013518691062927 17135
1783100027367 0.33265236020088196 17136
1783100027372 0.3199540972709656 17137
1783100027376 0.3288322687149048 17138
1783100027380 0.36517614126205444 17139
1783100027384 0.3540027141571045 17140
1783100027387 0.31591516733169556 17141
1783100027390 0.34791457653045654 17142
1783100027394 0.4266860783100128 17143
1783100027397 0.32524973154067993 17144
1783100027401 0.4348446726799011 17145
1783100027404 0.2953268885612488 17146
1783100027409 0.35172033309936523 17147
1783100027413 0.34613704681396484 17148
1783100027418 0.3397678732872009 17149
1783100027424 0.3825554847717285 17150
1783100027429 0.33499667048454285 17151
1783100027434 0.41634297370910645 17152
1783100027438 0.3025144338607788 17153
1783100027443 0.4047083854675293 17154
1783100027447 0.3855307102203369 17155
1783100027451 0.34838366508483887 17156
1783100027456 0.33905404806137085 17157
1783100027460 0.38994017243385315 17158
1783100027465 0.4383068084716797 17159
1783100027470 0.32539045810699463 17160
1783100027474 0.2640514075756073 17161
1783100027481 0.3569498658180237 17162
1783100027487 0.4395521879196167 17163
1783100027494 0.39184486865997314 17164
1783100027500 0.3660525381565094 17165
1783100027505 0.382948637008667 17166
1783100027510 0.41104423999786377 17167
1783100027515 0.3228359818458557 17168
1783100027519 0.33727914094924927 17169
1783100027523 0.4005987048149109 17170
1783100027528 0.36515718698501587 17171
1783100027533 0.38094568252563477 17172
1783100027537 0.42781808972358704 17173
1783100027542 0.32799363136291504 17174
1783100027546 0.40398865938186646 17175
1783100027549 0.40773993730545044 17176
1783100027553 0.4140441417694092 17177
1783100027557 0.41608962416648865 17178
1783100027560 0.42438486218452454 17179
1783100027564 0.35386285185813904 17180
1783100027567 0.3428599238395691 17181
1783100027571 0.3993615508079529 17182
1783100027575 0.38921141624450684 17183
1783100027579 0.3232603371143341 17184
1783100027583 0.4137943983078003 17185
1783100027587 0.37164896726608276 17186
1783100027592 0.43121224641799927 17187
1783100027596 0.477327436208725 17188
1783100027600 0.38520240783691406 17189
1783100027604 0.4014303982257843 17190
1783100027609 0.4856424033641815 17191
1783100027613 0.33443552255630493 17192
1783100027617 0.348743200302124 17193
1783100027621 0.35443931818008423 17194
1783100027625 0.3380345106124878 17195
1783100027629 0.4072205424308777 17196
1783100027633 0.5253406763076782 17197
1783100027638 0.3444196581840515 17198
1783100027648 0.43981412053108215 17199
1783100027651 0.4217117428779602 17200
1783100027654 0.28874117136001587 17201
1783100027658 0.36273664236068726 17202
1783100027661 0.3575551509857178 17203
1783100027664 0.43101751804351807 17204
1783100027667 0.4275195598602295 17205
1783100027670 0.32995718717575073 17206
1783100027674 0.3854571580886841 17207
1783100027677 0.3511403799057007 17208
1783100027681 0.4036269187927246 17209
1783100027684 0.3422524333000183 17210
1783100027689 0.558870255947113 17211
1783100027693 0.40720629692077637 17212
1783100027698 0.3875630497932434 17213
1783100027702 0.343136727809906 17214
1783100027706 0.37917232513427734 17215
1783100027710 0.463994562625885 17216
1783100027714 0.303708016872406 17217
1783100027719 0.24740824103355408 17218
1783100027723 0.35072678327560425 17219
1783100027727 0.35392218828201294 17220
1783100027731 0.4041561484336853 17221
1783100027735 0.33543258905410767 17222
1783100027740 0.34452375769615173 17223
1783100027745 0.3437567949295044 17224
1783100027749 0.3092154860496521 17225
1783100027753 0.3565637171268463 17226
1783100027758 0.31361445784568787 17227
1783100027762 0.3147251605987549 17228
1783100027766 0.36392277479171753 17229
1783100027769 0.40142500400543213 17230
1783100027773 0.4751049280166626 17231
1783100027776 0.33698248863220215 17232
1783100027779 0.2882955074310303 17233
1783100027782 0.3188641369342804 17234
1783100027785 0.3309318423271179 17235
1783100027789 0.3065616488456726 17236
1783100027794 0.35137808322906494 17237
1783100027798 0.33323633670806885 17238
1783100027802 0.3150065243244171 17239
1783100027806 0.3989466428756714 17240
1783100027809 0.38651084899902344 17241
1783100027812 0.3385617733001709 17242
1783100027815 0.38200414180755615 17243
1783100027818 0.3812468945980072 17244
1783100027821 0.3954710364341736 17245
1783100027825 0.3059917688369751 17246
1783100027828 0.3235345482826233 17247
1783100027831 0.3264332413673401 17248
1783100027834 0.3729481101036072 17249
1783100027838 0.3216938376426697 17250
1783100027842 0.3074580729007721 17251
1783100027846 0.3208828568458557 17252
1783100027850 0.3744015395641327 17253
1783100027854 0.45559483766555786 17254
1783100027858 0.3039478063583374 17255
1783100027863 0.34466248750686646 17256
1783100027867 0.3556358516216278 17257
1783100027871 0.38813284039497375 17258
1783100027876 0.35880017280578613 17259
1783100027881 0.3986054062843323 17260
1783100027885 0.3691047132015228 17261
1783100027889 0.31815820932388306 17262
1783100027894 0.38950061798095703 17263
1783100027898 0.32086652517318726 17264
1783100027903 0.273015558719635 17265
1783100027907 0.35183101892471313 17266
1783100027911 0.3640546202659607 17267
1783100027915 0.3045101761817932 17268
1783100027920 0.288956880569458 17269
1783100027924 0.34543776512145996 17270
1783100027928 0.33961719274520874 17271
1783100027932 0.35732048749923706 17272
1783100027936 0.3358730375766754 17273
1783100027940 0.3278244137763977 17274
1783100027945 0.38849157094955444 17275
1783100027949 0.36423447728157043 17276
1783100027954 0.2909699082374573 17277
1783100027958 0.3652762770652771 17278
1783100027962 0.38073083758354187 17279
1783100027966 0.30493488907814026 17280
1783100027970 0.2822412848472595 17281
1783100027974 0.34683340787887573 17282
1783100027978 0.41175055503845215 17283
1783100027982 0.3465271592140198 17284
1783100027986 0.36757510900497437 17285
1783100027990 0.3092604875564575 17286
1783100027995 0.3763763904571533 17287
1783100028001 0.38770386576652527 17288
1783100028006 0.42229023575782776 17289
1783100028011 0.28526198863983154 17290
1783100028015 0.3301010727882385 17291
1783100028020 0.32840466499328613 17292
1783100028024 0.4235151708126068 17293
1783100028028 0.4222075939178467 17294
1783100028033 0.28274795413017273 17295
1783100028037 0.2991499900817871 17296
1783100028041 0.3661372661590576 17297
1783100028046 0.3571723699569702 17298
1783100028051 0.38586747646331787 17299
1783100028056 0.3511388301849365 17300
1783100028060 0.31419676542282104 17301
1783100028064 0.31030845642089844 17302
1783100028069 0.37429311871528625 17303
1783100028073 0.30362582206726074 17304
1783100028077 0.31968581676483154 17305
1783100028081 0.373892605304718 17306
1783100028085 0.36631107330322266 17307
1783100028089 0.34277933835983276 17308
1783100028093 0.3754747211933136 17309
1783100028098 0.2696194052696228 17310
1783100028102 0.2855182886123657 17311
1783100028106 0.3116687536239624 17312
1783100028110 0.32212507724761963 17313
1783100028113 0.303075909614563 17314
1783100028116 0.31017622351646423 17315
1783100028120 0.3997080326080322 17316
1783100028123 0.27783429622650146 17317
1783100028126 0.3533647656440735 17318
1783100028129 0.3342452943325043 17319
1783100028132 0.3474145829677582 17320
1783100028135 0.3747897744178772 17321
1783100028138 0.31797516345977783 17322
1783100028141 0.3721199631690979 17323
1783100028144 0.38357192277908325 17324
1783100028147 0.30950233340263367 17325
1783100028152 0.3668873906135559 17326
1783100028156 0.323342889547348 17327
1783100028159 0.23939739167690277 17328
1783100028163 0.3230540454387665 17329
1783100028166 0.3471691906452179 17330
1783100028169 0.32721996307373047 17331
1783100028172 0.3515620827674866 17332
1783100028175 0.3521876335144043 17333
1783100028178 0.2763853371143341 17334
1783100028181 0.420804500579834 17335
1783100028184 0.33090126514434814 17336
1783100028187 0.3967863917350769 17337
1783100028190 0.3557305335998535 17338
1783100028193 0.2583789825439453 17339
1783100028196 0.2944534718990326 17340
1783100028199 0.36787673830986023 17341
1783100028204 0.3770495355129242 17342
1783100028208 0.35629668831825256 17343
1783100028211 0.3216016888618469 17344
1783100028215 0.39733558893203735 17345
1783100028218 0.3130117356777191 17346
1783100028221 0.3503730297088623 17347
1783100028224 0.27156543731689453 17348
1783100028227 0.306100070476532 17349
1783100028231 0.2922271490097046 17350
1783100028234 0.2974865436553955 17351
1783100028237 0.27323201298713684 17352
1783100028240 0.22500532865524292 17353
1783100028243 0.3147720694541931 17354
1783100028246 0.29958924651145935 17355
1783100028250 0.33997002243995667 17356
1783100028253 0.3292209506034851 17357
1783100028258 0.27265748381614685 17358
1783100028262 0.2912066578865051 17359
1783100028267 0.22760197520256042 17360
1783100028271 0.25881683826446533 17361
1783100028275 0.262649267911911 17362
1783100028279 0.2523290514945984 17363
1783100028283 0.2667422294616699 17364
1783100028287 0.3467569649219513 17365
1783100028291 0.26001477241516113 17366
1783100028295 0.3234746754169464 17367
1783100028300 0.3372710943222046 17368
1783100028304 0.289603054523468 17369
1783100028308 0.30697208642959595 17370
1783100028313 0.26754242181777954 17371
1783100028317 0.27743813395500183 17372
1783100028321 0.32674986124038696 17373
1783100028325 0.2738836109638214 17374
1783100028330 0.26091986894607544 17375
1783100028334 0.30414098501205444 17376
1783100028338 0.3334760069847107 17377
1783100028343 0.33064472675323486 17378
1783100028347 0.3125098943710327 17379
1783100028351 0.22569826245307922 17380
1783100028356 0.24222058057785034 17381
1783100028360 0.28520467877388 17382
1783100028365 0.2839744985103607 17383
1783100028369 0.24233366549015045 17384
1783100028374 0.31388744711875916 17385
1783100028379 0.31725823879241943 17386
1783100028383 0.3204230070114136 17387
1783100028388 0.24207308888435364 17388
1783100028392 0.37070566415786743 17389
1783100028397 0.3292999863624573 17390
1783100028401 0.325527161359787 17391
1783100028405 0.2710491418838501 17392
1783100028410 0.30306369066238403 17393
1783100028414 0.3129234313964844 17394
1783100028419 0.40927016735076904 17395
1783100028424 0.227043017745018 17396
1783100028428 0.31689882278442383 17397
1783100028432 0.31944072246551514 17398
1783100028436 0.3649101257324219 17399
1783100028440 0.279763400554657 17400
1783100028444 0.2955820560455322 17401
1783100028448 0.3379465639591217 17402
1783100028452 0.27517664432525635 17403
1783100028456 0.27600210905075073 17404
1783100028460 0.28673383593559265 17405
1783100028464 0.28984588384628296 17406
1783100028469 0.2877323627471924 17407
1783100028473 0.2691912055015564 17408
1783100028477 0.29982396960258484 17409
1783100028481 0.30713242292404175 17410
1783100028485 0.28496038913726807 17411
1783100028490 0.27372777462005615 17412
1783100028493 0.21926471590995789 17413
1783100028498 0.2710050046443939 17414
1783100028502 0.3758348226547241 17415
1783100028506 0.26214587688446045 17416
1783100028510 0.2915123403072357 17417
1783100028515 0.2440841794013977 17418
1783100028519 0.2848770022392273 17419
1783100028523 0.24845026433467865 17420
1783100028527 0.2930077314376831 17421
1783100028531 0.2799503803253174 17422
1783100028535 0.3413007855415344 17423
1783100028540 0.28307944536209106 17424
1783100028544 0.2754371166229248 17425
1783100028548 0.32022005319595337 17426
1783100028551 0.3191760182380676 17427
1783100028556 0.24700728058815002 17428
1783100028560 0.22400334477424622 17429
1783100028564 0.2271314263343811 17430
1783100028569 0.2733350694179535 17431
1783100028574 0.31375473737716675 17432
1783100028578 0.3163641095161438 17433
1783100028582 0.28909921646118164 17434
1783100028586 0.26247987151145935 17435
1783100028590 0.27171093225479126 17436
1783100028594 0.21867075562477112 17437
1783100028599 0.30681830644607544 17438
1783100028604 0.3105542063713074 17439
1783100028610 0.27513760328292847 17440
1783100028615 0.2307436615228653 17441
1783100028620 0.32853400707244873 17442
1783100028624 0.23909129202365875 17443
1783100028628 0.2751345634460449 17444
1783100028633 0.26396381855010986 17445
1783100028637 0.27349618077278137 17446
1783100028641 0.3193950057029724 17447
1783100028644 0.23623470962047577 17448
1783100028648 0.29952773451805115 17449
1783100028652 0.2801917493343353 17450
1783100028656 0.2728056311607361 17451
1783100028660 0.2416280210018158 17452
1783100028665 0.25951454043388367 17453
1783100028669 0.36518269777297974 17454
1783100028673 0.30760836601257324 17455
1783100028677 0.2912457585334778 17456
1783100028681 0.2841055989265442 17457
1783100028685 0.307849645614624 17458
1783100028689 0.27470189332962036 17459
1783100028693 0.27657055854797363 17460
1783100028697 0.30965298414230347 17461
1783100028701 0.28821608424186707 17462
1783100028705 0.2773798108100891 17463
1783100028710 0.29830530285835266 17464
1783100028714 0.21761928498744965 17465
1783100028719 0.28597211837768555 17466
1783100028723 0.2722051441669464 17467
1783100028727 0.27938252687454224 17468
1783100028731 0.2764335870742798 17469
1783100028735 0.28039857745170593 17470
1783100028739 0.27569496631622314 17471
1783100028743 0.21125628054141998 17472
1783100028747 0.2889466881752014 17473
1783100028752 0.2891431748867035 17474
1783100028756 0.2291068434715271 17475
1783100028760 0.2446231096982956 17476
1783100028764 0.2718510031700134 17477
1783100028769 0.27509576082229614 17478
1783100028773 0.27466046810150146 17479
1783100028777 0.27583789825439453 17480
1783100028781 0.26975804567337036 17481
1783100028786 0.2538631558418274 17482
1783100028790 0.3069784939289093 17483
1783100028795 0.22921989858150482 17484
1783100028799 0.2359347641468048 17485
1783100028803 0.23020686209201813 17486
1783100028808 0.37217193841934204 17487
1783100028812 0.3555670976638794 17488
1783100028817 0.20747393369674683 17489
1783100028821 0.26975423097610474 17490
1783100028825 0.2442852109670639 17491
1783100028829 0.2747768759727478 17492
1783100028833 0.21556618809700012 17493
1783100028837 0.30165061354637146 17494
1783100028841 0.2826031744480133 17495
1783100028845 0.2072938084602356 17496
1783100028849 0.317959725856781 17497
1783100028853 0.32197505235671997 17498
1783100028857 0.27095282077789307 17499
1783100028862 0.33131882548332214 17500
1783100028867 0.25282642245292664 17501
1783100028871 0.26253393292427063 17502
1783100028875 0.2783852517604828 17503
1783100028879 0.2505156099796295 17504
1783100028883 0.2307799756526947 17505
1783100028888 0.28341546654701233 17506
1783100028892 0.25833261013031006 17507
1783100028896 0.25240790843963623 17508
1783100028900 0.2361758053302765 17509
1783100028904 0.2999480366706848 17510
1783100028908 0.3905000388622284 17511
1783100028912 0.2362300306558609 17512
1783100028916 0.3061588406562805 17513
1783100028921 0.2361522912979126 17514
1783100028925 0.27855929732322693 17515
1783100028929 0.258625328540802 17516
1783100028933 0.27432841062545776 17517
1783100028937 0.3470020592212677 17518
1783100028940 0.3340957760810852 17519
1783100028944 0.2705395221710205 17520
1783100028948 0.25328415632247925 17521
1783100028952 0.28490424156188965 17522
1783100028956 0.23976856470108032 17523
1783100028960 0.2674606442451477 17524
1783100028965 0.26196813583374023 17525
1783100028969 0.31494444608688354 17526
1783100028973 0.250416100025177 17527
1783100028977 0.24885964393615723 17528
1783100028981 0.3252263069152832 17529
1783100028985 0.28122764825820923 17530
1783100028989 0.2677741050720215 17531
1783100028993 0.25947582721710205 17532
1783100028998 0.3671497404575348 17533
1783100029002 0.2422644942998886 17534
1783100029007 0.26099491119384766 17535
1783100029012 0.27745914459228516 17536
1783100029016 0.2600436210632324 17537
1783100029020 0.2823665142059326 17538
1783100029024 0.27550143003463745 17539
1783100029028 0.2443293035030365 17540
1783100029032 0.29121655225753784 17541
1783100029036 0.2627822756767273 17542
1783100029040 0.2752489447593689 17543
1783100029044 0.30446916818618774 17544
1783100029048 0.33600133657455444 17545
1783100029052 0.3098223805427551 17546
1783100029055 0.31421637535095215 17547
1783100029060 0.3382778763771057 17548
1783100029064 0.23298412561416626 17549
1783100029068 0.2976072430610657 17550
1783100029072 0.3608713448047638 17551
1783100029076 0.24077141284942627 17552
1783100029080 0.28122761845588684 17553
1783100029084 0.26441383361816406 17554
1783100029088 0.34952491521835327 17555
1783100029092 0.2800092101097107 17556
1783100029096 0.25980809330940247 17557
1783100029100 0.29147517681121826 17558
1783100029104 0.2837502956390381 17559
1783100029108 0.26157626509666443 17560
1783100029112 0.3053615093231201 17561
1783100029116 0.3580475151538849 17562
1783100029119 0.27201005816459656 17563
1783100029123 0.3123210072517395 17564
1783100029127 0.28867214918136597 17565
1783100029131 0.3407372534275055 17566
1783100029135 0.2873474061489105 17567
1783100029138 0.27481740713119507 17568
1783100029141 0.3220784366130829 17569
1783100029144 0.2777358591556549 17570
1783100029148 0.3657352328300476 17571
1783100029151 0.26375871896743774 17572
1783100029155 0.29858243465423584 17573
1783100029159 0.3181973695755005 17574
1783100029164 0.2912343144416809 17575
1783100029168 0.2670309543609619 17576
1783100029171 0.34681305289268494 17577
1783100029174 0.2815227210521698 17578
1783100029177 0.29203376173973083 17579
1783100029180 0.30349302291870117 17580
1783100029183 0.29307255148887634 17581
1783100029186 0.2881574034690857 17582
1783100029189 0.25820407271385193 17583
1783100029192 0.34845948219299316 17584
1783100029195 0.2462325394153595 17585
1783100029198 0.28034985065460205 17586
1783100029201 0.2530243396759033 17587
1783100029204 0.24758592247962952 17588
1783100029209 0.3823584318161011 17589
1783100029214 0.294672429561615 17590
1783100029217 0.3487538695335388 17591
1783100029220 0.30997300148010254 17592
1783100029223 0.3392106890678406 17593
1783100029226 0.30302637815475464 17594
1783100029229 0.3201848864555359 17595
1783100029232 0.3123004138469696 17596
1783100029235 0.2785836458206177 17597
1783100029238 0.3600155711174011 17598
1783100029241 0.30687087774276733 17599
1783100029244 0.32051682472229004 17600
1783100029248 0.33133506774902344 17601
1783100029251 0.3293844759464264 17602
1783100029254 0.2978740334510803 17603
1783100029258 0.35645151138305664 17604
1783100029264 0.3464253544807434 17605
1783100029268 0.38044750690460205 17606
1783100029271 0.2977409064769745 17607
1783100029275 0.322714626789093 17608
1783100029278 0.32955503463745117 17609
1783100029281 0.3481217622756958 17610
1783100029284 0.3355714678764343 17611
1783100029287 0.320393443107605 17612
1783100029291 0.35076355934143066 17613
1783100029295 0.3737644553184509 17614
1783100029298 0.34542781114578247 17615
1783100029301 0.3047727346420288 17616
1783100029305 0.28303229808807373 17617
1783100029309 0.31075790524482727 17618
1783100029313 0.3021625876426697 17619
1783100029316 0.3824719786643982 17620
1783100029320 0.3273542523384094 17621
1783100029323 0.3205561637878418 17622
1783100029326 0.3039732575416565 17623
1783100029329 0.31115034222602844 17624
1783100029333 0.3719945251941681 17625
1783100029336 0.34715670347213745 17626
1783100029339 0.3356211185455322 17627
1783100029342 0.3000148832798004 17628
1783100029345 0.32566696405410767 17629
1783100029348 0.31389111280441284 17630
1783100029351 0.3450806736946106 17631
1783100029355 0.31979355216026306 17632
1783100029359 0.32659614086151123 17633
1783100029363 0.3857112228870392 17634
1783100029367 0.2813783586025238 17635
1783100029371 0.3145584464073181 17636
1783100029375 0.31142741441726685 17637
1783100029378 0.31625044345855713 17638
1783100029382 0.3143421709537506 17639
1783100029385 0.3263125419616699 17640
1783100029389 0.3538912534713745 17641
1783100029392 0.3408008813858032 17642
1783100029396 0.3527465760707855 17643
1783100029399 0.30740875005722046 17644
1783100029403 0.39661553502082825 17645
1783100029406 0.4060727655887604 17646
1783100029411 0.3696998357772827 17647
1783100029415 0.41109415888786316 17648
1783100029419 0.3138807415962219 17649
1783100029422 0.3104321360588074 17650
1783100029425 0.3710746467113495 17651
1783100029428 0.2877292037010193 17652
1783100029431 0.3451462388038635 17653
1783100029434 0.4526624083518982 17654
1783100029437 0.3866661787033081 17655
1783100029440 0.33382296562194824 17656
1783100029443 0.301076203584671 17657
1783100029446 0.4749760627746582 17658
1783100029449 0.3393673896789551 17659
1783100029452 0.4466128349304199 17660
1783100029455 0.37245532870292664 17661
1783100029460 0.3473595976829529 17662
1783100029466 0.32620567083358765 17663
1783100029472 0.3365398049354553 17664
1783100029477 0.3273012042045593 17665
1783100029482 0.36215582489967346 17666
1783100029486 0.32168668508529663 17667
1783100029490 0.3817705512046814 17668
1783100029494 0.3634278178215027 17669
1783100029498 0.37607187032699585 17670
1783100029502 0.37014955282211304 17671
1783100029506 0.34924304485321045 17672
1783100029510 0.43909752368927 17673
1783100029514 0.41598600149154663 17674
1783100029518 0.34847599267959595 17675
1783100029522 0.32624760270118713 17676
1783100029527 0.45740532875061035 17677
1783100029531 0.3887087106704712 17678
1783100029534 0.36783796548843384 17679
1783100029537 0.3204903304576874 17680
1783100029541 0.43034499883651733 17681
1783100029544 0.3515869677066803 17682
1783100029552 0.32989948987960815 17683
1783100029555 0.24050912261009216 17684
1783100029558 0.3579094111919403 17685
1783100029561 0.3800198435783386 17686
1783100029564 0.3679015040397644 17687
1783100029567 0.30161482095718384 17688
1783100029570 0.360503226518631 17689
1783100029573 0.3448430895805359 17690
1783100029576 0.3700811266899109 17691
1783100029581 0.3231162428855896 17692
1783100029586 0.35787081718444824 17693
1783100029590 0.3643288016319275 17694
1783100029594 0.3608603775501251 17695
1783100029597 0.32871949672698975 17696
1783100029601 0.2762223482131958 17697
1783100029605 0.40234309434890747 17698
1783100029609 0.3248033821582794 17699
1783100029613 0.3206207752227783 17700
1783100029617 0.38378167152404785 17701
1783100029621 0.41891899704933167 17702
1783100029625 0.2931751012802124 17703
1783100029629 0.3751397430896759 17704
1783100029634 0.4137255847454071 17705
1783100029638 0.2604617774486542 17706
1783100029642 0.4430374503135681 17707
1783100029646 0.3463035821914673 17708
1783100029649 0.3524864912033081 17709
1783100029652 0.33171701431274414 17710
1783100029656 0.2817855775356293 17711
1783100029659 0.5998821258544922 17712
1783100029663 0.3227892816066742 17713
1783100029666 0.31751054525375366 17714
1783100029670 0.3000890910625458 17715
1783100029674 0.4583989083766937 17716
1783100029678 0.341216117143631 17717
1783100029682 0.31376296281814575 17718
1783100029686 0.31061333417892456 17719
1783100029690 0.3640480041503906 17720
1783100029694 0.4209963083267212 17721
1783100029697 0.44513222575187683 17722
1783100029701 0.3995090126991272 17723
1783100029705 0.3379109799861908 17724
1783100029709 0.39017313718795776 17725
1783100029713 0.3152000904083252 17726
1783100029716 0.31887468695640564 17727
1783100029720 0.3422635793685913 17728
1783100029724 0.3064713478088379 17729
1783100029728 0.2927818298339844 17730
1783100029732 0.326058030128479 17731
1783100029736 0.42386338114738464 17732
1783100029740 0.3302655816078186 17733
1783100029744 0.3307107985019684 17734
1783100029748 0.2673494219779968 17735
1783100029751 0.36661624908447266 17736
1783100029755 0.2997296154499054 17737
1783100029759 0.4487456977367401 17738
1783100029762 0.4178081750869751 17739
1783100029766 0.34201526641845703 17740
1783100029770 0.3538559675216675 17741
1783100029774 0.41280844807624817 17742
1783100029778 0.34872061014175415 17743
1783100029782 0.2884378433227539 17744
1783100029786 0.3246954381465912 17745
1783100029789 0.3843962550163269 17746
1783100029792 0.2532874345779419 17747
1783100029795 0.36712777614593506 17748
1783100029798 0.3769809305667877 17749
1783100029801 0.3504515588283539 17750
1783100029804 0.3472874164581299 17751
1783100029808 0.3309873640537262 17752
1783100029811 0.40364277362823486 17753
1783100029814 0.3588036596775055 17754
1783100029817 0.3604462146759033 17755
1783100029820 0.40827590227127075 17756
1783100029823 0.3154364824295044 17757
1783100029826 0.28756439685821533 17758
1783100029830 0.32644176483154297 17759
1783100029835 0.3588063418865204 17760
1783100029839 0.29132306575775146 17761
1783100029843 0.38024649024009705 17762
1783100029846 0.3215813636779785 17763
1783100029849 0.3866334855556488 17764
1783100029852 0.385390967130661 17765
1783100029855 0.28800952434539795 17766
1783100029858 0.30823051929473877 17767
1783100029861 0.34794121980667114 17768
1783100029865 0.4424026608467102 17769
1783100029869 0.3006589412689209 17770
1783100029872 0.3218567669391632 17771
1783100029875 0.3387376666069031 17772
1783100029879 0.27673763036727905 17773
1783100029883 0.38488298654556274 17774
1783100029888 0.36673885583877563 17775
1783100029893 0.33159494400024414 17776
1783100029897 0.2988312840461731 17777
1783100029901 0.3826903700828552 17778
1783100029905 0.30669522285461426 17779
1783100029910 0.3023684620857239 17780
1783100029914 0.4530238211154938 17781
1783100029918 0.4886924624443054 17782
1783100029922 0.35610538721084595 17783
1783100029926 0.3884015679359436 17784
1783100029930 0.3704829812049866 17785
1783100029934 0.4164566695690155 17786
1783100029938 0.43653273582458496 17787
1783100029943 0.3476477265357971 17788
1783100029947 0.32670125365257263 17789
1783100029951 0.4581531286239624 17790
1783100029955 0.3559131622314453 17791
1783100029959 0.30892229080200195 17792
1783100029963 0.25152266025543213 17793
1783100029967 0.34634482860565186 17794
1783100029971 0.3082154095172882 17795
1783100029975 0.3493189811706543 17796
1783100029979 0.3577687740325928 17797
1783100029983 0.3188645839691162 17798
1783100029988 0.3429219126701355 17799
1783100029993 0.3310549557209015 17800
1783100029998 0.31791651248931885 17801
1783100030002 0.30258074402809143 17802
1783100030215 0.28324711322784424 17803
1783100030219 0.3176468312740326 17804
1783100030223 0.3757513463497162 17805
1783100030227 0.28427135944366455 17806
1783100030231 0.37072527408599854 17807
1783100030235 0.3202148675918579 17808
1783100030239 0.2971131205558777 17809
1783100030243 0.31736987829208374 17810
1783100030247 0.29542791843414307 17811
1783100030251 0.34119677543640137 17812
1783100030254 0.31927287578582764 17813
1783100030257 0.34039396047592163 17814
1783100030260 0.4059393107891083 17815
1783100030264 0.2882539629936218 17816
1783100030269 0.2944280207157135 17817
1783100030272 0.30390435457229614 17818
1783100030276 0.2853442132472992 17819
1783100030280 0.29535508155822754 17820
1783100030284 0.2760295271873474 17821
1783100030288 0.31142497062683105 17822
1783100030292 0.3154183626174927 17823
1783100030296 0.37947118282318115 17824
1783100030299 0.2936639189720154 17825
1783100030302 0.2771853804588318 17826
1783100030306 0.41858744621276855 17827
1783100030309 0.2535167932510376 17828
1783100030312 0.24831676483154297 17829
1783100030315 0.3024898171424866 17830
1783100030318 0.2794044017791748 17831
1783100030321 0.33306774497032166 17832
1783100030324 0.2898561358451843 17833
1783100030327 0.2796670198440552 17834
1783100030331 0.34817200899124146 17835
1783100030334 0.3473430275917053 17836
1783100030337 0.2922878861427307 17837
1783100030342 0.31366661190986633 17838
1783100030346 0.28309348225593567 17839
1783100030350 0.31548529863357544 17840
1783100030353 0.2600986361503601 17841
1783100030357 0.28158241510391235 17842
1783100030361 0.44856661558151245 17843
1783100030365 0.32310837507247925 17844
1783100030369 0.3250359296798706 17845
1783100030372 0.30792665481567383 17846
1783100030375 0.3146364688873291 17847
1783100030379 0.32451170682907104 17848
1783100030382 0.28617599606513977 17849
1783100030385 0.4422338902950287 17850
1783100030389 0.28959769010543823 17851
1783100030394 0.2831289768218994 17852
1783100030398 0.3039133846759796 17853
1783100030402 0.3501530885696411 17854
1783100030407 0.3321067988872528 17855
1783100030411 0.2996119260787964 17856
1783100030414 0.3077540099620819 17857
1783100030418 0.31146109104156494 17858
1783100030422 0.25147756934165955 17859
1783100030426 0.2740456759929657 17860
1783100030430 0.3064020276069641 17861
1783100030434 0.31458044052124023 17862
1783100030438 0.29857102036476135 17863
1783100030442 0.2881399393081665 17864
1783100030446 0.32495638728141785 17865
1783100030450 0.3347715735435486 17866
1783100030454 0.36877501010894775 17867
1783100030459 0.39860278367996216 17868
1783100030462 0.3508436977863312 17869
1783100030465 0.43898341059684753 17870
1783100030468 0.3100779950618744 17871
1783100030472 0.491636723279953 17872
1783100030475 0.3272678852081299 17873
1783100030478 0.3901408910751343 17874
1783100030482 0.30934804677963257 17875
1783100030485 0.3029596209526062 17876
1783100030488 0.3188732862472534 17877
1783100030493 0.28563836216926575 17878
1783100030498 0.30592334270477295 17879
1783100030502 0.32246118783950806 17880
1783100030505 0.31486088037490845 17881
1783100030509 0.3566882014274597 17882
1783100030513 0.23525825142860413 17883
1783100030517 0.2999856472015381 17884
1783100030521 0.36236461997032166 17885
1783100030525 0.31274479627609253 17886
1783100030529 0.30970078706741333 17887
1783100030533 0.2867322564125061 17888
1783100030537 0.33860963582992554 17889
1783100030540 0.28690820932388306 17890
1783100030545 0.3122246265411377 17891
1783100030550 0.32385730743408203 17892
1783100030554 0.47797709703445435 17893
1783100030557 0.36346888542175293 17894
1783100030561 0.32177090644836426 17895
1783100030565 0.3505387008190155 17896
1783100030569 0.3869434893131256 17897
1783100030573 0.21827024221420288 17898
1783100030576 0.23767095804214478 17899
1783100030580 0.4451894462108612 17900
1783100030584 0.4284970164299011 17901
1783100030588 0.303419828414917 17902
1783100030593 0.3433690667152405 17903
1783100030597 0.2934175431728363 17904
1783100030601 0.3074268102645874 17905
1783100030605 0.3359534740447998 17906
1783100030608 0.33637869358062744 17907
1783100030612 0.3655296862125397 17908
1783100030616 0.38434261083602905 17909
1783100030620 0.3334210515022278 17910
1783100030624 0.4242275059223175 17911
1783100030628 0.30567842721939087 17912
1783100030632 0.36503127217292786 17913
1783100030637 0.4438523054122925 17914
1783100030641 0.2889387905597687 17915
1783100030645 0.2810526490211487 17916
1783100030649 0.3407353162765503 17917
1783100030652 0.3013194501399994 17918
1783100030656 0.27548784017562866 17919
1783100030660 0.33527085185050964 17920
1783100030663 0.3798428773880005 17921
1783100030667 0.35782474279403687 17922
1783100030671 0.3503482937812805 17923
1783100030675 0.3994588255882263 17924
1783100030678 0.2762082517147064 17925
1783100030682 0.2763645052909851 17926
1783100030686 0.29769787192344666 17927
1783100030690 0.4159829020500183 17928
1783100030694 0.3156358599662781 17929
1783100030698 0.2816024720668793 17930
1783100030702 0.48795244097709656 17931
1783100030706 0.3713676929473877 17932
1783100030710 0.2871466875076294 17933
1783100030713 0.3176727294921875 17934
1783100030717 0.3128671646118164 17935
1783100030721 0.2933405041694641 17936
1783100030725 0.3943888247013092 17937
1783100030728 0.31124579906463623 17938
1783100030731 0.3844771981239319 17939
1783100030736 0.3055592477321625 17940
1783100030740 0.32948005199432373 17941
1783100030744 0.3367885947227478 17942
1783100030748 0.35561999678611755 17943
1783100030752 0.33933156728744507 17944
1783100030755 0.43006765842437744 17945
1783100030759 0.4207203686237335 17946
1783100030763 0.38885241746902466 17947
1783100030767 0.3350924551486969 17948
1783100030771 0.3808285593986511 17949
1783100030775 0.35333630442619324 17950
1783100030781 0.3386717736721039 17951
1783100030785 0.3359520435333252 17952
1783100030790 0.31817805767059326 17953
1783100030795 0.3172464668750763 17954
1783100030799 0.3455265164375305 17955
1783100030804 0.43956294655799866 17956
1783100030807 0.33172839879989624 17957
1783100030810 0.3552444577217102 17958
1783100030814 0.42826780676841736 17959
1783100030817 0.30771663784980774 17960
1783100030820 0.36946243047714233 17961
1783100030823 0.34826987981796265 17962
1783100030826 0.3965335488319397 17963
1783100030829 0.3453270494937897 17964
1783100030832 0.3936856687068939 17965
1783100030836 0.41271066665649414 17966
1783100030841 0.3469201326370239 17967
1783100030846 0.3622909188270569 17968
1783100030849 0.42062699794769287 17969
1783100030852 0.35667234659194946 17970
1783100030855 0.4849019944667816 17971
1783100030858 0.32262691855430603 17972
1783100030862 0.31382644176483154 17973
1783100030865 0.38976913690567017 17974
1783100030869 0.4440877139568329 17975
1783100030873 0.3916715383529663 17976
1783100030877 0.4721549153327942 17977
1783100030880 0.35531193017959595 17978
1783100030883 0.37006524205207825 17979
1783100030886 0.3841179609298706 17980
1783100030890 0.35135939717292786 17981
1783100030895 0.33352240920066833 17982
1783100030900 0.37357592582702637 17983
1783100030904 0.38144952058792114 17984
1783100030908 0.42859894037246704 17985
1783100030911 0.4176163077354431 17986
1783100030915 0.3765352666378021 17987
1783100030919 0.3179021179676056 17988
1783100030923 0.3427101969718933 17989
1783100030927 0.4031720757484436 17990
1783100030930 0.39050108194351196 17991
1783100030934 0.3703376054763794 17992
1783100030938 0.38670530915260315 17993
1783100030942 0.49855926632881165 17994
1783100030946 0.41524362564086914 17995
1783100030951 0.3908447325229645 17996
1783100030954 0.400126576423645 17997
1783100030957 0.37696146965026855 17998
1783100030960 0.4206216037273407 17999
1783100030964 0.34088242053985596 18000
1783100030967 0.46981820464134216 18001
1783100030970 0.37155571579933167 18002
1783100030973 0.4521878957748413 18003
1783100030977 0.4939931631088257 18004
1783100030980 0.404833048582077 18005
1783100030983 0.32753482460975647 18006
1783100030986 0.44918757677078247 18007
1783100030990 0.4168122112751007 18008
1783100030995 0.37956708669662476 18009
1783100031000 0.3347141146659851 18010
1783100031005 0.36765068769454956 18011
1783100031009 0.36204737424850464 18012
1783100031013 0.32356810569763184 18013
1783100031017 0.41893869638442993 18014
1783100031021 0.3955455422401428 18015
1783100031025 0.3643241226673126 18016
1783100031029 0.39098095893859863 18017
1783100031033 0.35426661372184753 18018
1783100031037 0.4376245141029358 18019
1783100031041 0.48922085762023926 18020
1783100031045 0.38068023324012756 18021
1783100031050 0.3679528832435608 18022
1783100031054 0.35339826345443726 18023
1783100031058 0.35786277055740356 18024
1783100031062 0.3734208345413208 18025
1783100031066 0.43106454610824585 18026
1783100031070 0.4088752269744873 18027
1783100031074 0.4134690761566162 18028
1783100031078 0.37536707520484924 18029
1783100031081 0.3952332139015198 18030
1783100031084 0.39004623889923096 18031
1783100031087 0.41273564100265503 18032
1783100031091 0.3919733166694641 18033
1783100031095 0.4584200084209442 18034
1783100031100 0.4384808838367462 18035
1783100031104 0.36145997047424316 18036
1783100031109 0.3425118029117584 18037
1783100031112 0.35392069816589355 18038
1783100031115 0.4773285984992981 18039
1783100031119 0.3890637159347534 18040
1783100031122 0.4668530523777008 18041
1783100031126 0.3912634551525116 18042
1783100031129 0.41210678219795227 18043
1783100031132 0.47395551204681396 18044
1783100031136 0.3836418390274048 18045
1783100031139 0.39439657330513 18046
1783100031144 0.4237351417541504 18047
1783100031148 0.43476593494415283 18048
1783100031152 0.32479339838027954 18049
1783100031156 0.3736836910247803 18050
1783100031160 0.31011390686035156 18051
1783100031164 0.29383182525634766 18052
1783100031168 0.3825116753578186 18053
1783100031172 0.4920215308666229 18054
1783100031176 0.4211975932121277 18055
1783100031180 0.37698572874069214 18056
1783100031185 0.440524697303772 18057
1783100031189 0.3363083004951477 18058
1783100031193 0.36132335662841797 18059
1783100031197 0.320435494184494 18060
1783100031201 0.4672315716743469 18061
1783100031206 0.3776167035102844 18062
1783100031210 0.3631705045700073 18063
1783100031214 0.4151369035243988 18064
1783100031218 0.4118805527687073 18065
1783100031222 0.4111593961715698 18066
1783100031226 0.3963505029678345 18067
1783100031230 0.3712015748023987 18068
1783100031234 0.45533591508865356 18069
1783100031238 0.412924200296402 18070
1783100031242 0.5242141485214233 18071
1783100031246 0.4051553010940552 18072
1783100031251 0.39770007133483887 18073
1783100031256 0.31179407238960266 18074
1783100031262 0.3629741072654724 18075
1783100031267 0.42680567502975464 18076
1783100031273 0.4522554874420166 18077
1783100031278 0.3562910556793213 18078
1783100031283 0.3481670618057251 18079
1783100031287 0.43009302020072937 18080
1783100031292 0.41298866271972656 18081
1783100031297 0.4057033658027649 18082
1783100031302 0.3152901530265808 18083
1783100031307 0.3824518918991089 18084
1783100031311 0.3562622666358948 18085
1783100031315 0.36580032110214233 18086
1783100031320 0.4256467819213867 18087
1783100031324 0.34829187393188477 18088
1783100031328 0.39833030104637146 18089
1783100031332 0.3600810170173645 18090
1783100031336 0.45776939392089844 18091
1783100031340 0.4040636420249939 18092
1783100031345 0.4468996822834015 18093
1783100031349 0.4364178776741028 18094
1783100031353 0.36522507667541504 18095
1783100031358 0.3665993809700012 18096
1783100031362 0.42218443751335144 18097
1783100031366 0.31416386365890503 18098
1783100031371 0.30155304074287415 18099
1783100031375 0.3741311728954315 18100
1783100031380 0.34032151103019714 18101
1783100031384 0.360370934009552 18102
1783100031388 0.3314453363418579 18103
1783100031392 0.3639249801635742 18104
1783100031397 0.39128077030181885 18105
1783100031400 0.37721163034439087 18106
1783100031403 0.3477967381477356 18107
1783100031407 0.3673975467681885 18108
1783100031410 0.4318810701370239 18109
1783100031414 0.35155659914016724 18110
1783100031417 0.41045767068862915 18111
1783100031420 0.2665528357028961 18112
1783100031423 0.3483354151248932 18113
1783100031427 0.27544283866882324 18114
1783100031430 0.3270736038684845 18115
1783100031433 0.4046722948551178 18116
1783100031436 0.3292604684829712 18117
1783100031440 0.333459734916687 18118
1783100031444 0.3128751516342163 18119
1783100031449 0.33096855878829956 18120
1783100031453 0.35048848390579224 18121
1783100031457 0.3459027409553528 18122
1783100031461 0.3939646780490875 18123
1783100031465 0.35822170972824097 18124
1783100031469 0.293895423412323 18125
1783100031473 0.39140433073043823 18126
1783100031477 0.3882772922515869 18127
1783100031481 0.4183596968650818 18128
1783100031485 0.2799495458602905 18129
1783100031489 0.369128942489624 18130
1783100031494 0.39522457122802734 18131
1783100031498 0.3478239178657532 18132
1783100031502 0.38809818029403687 18133
1783100031506 0.3388158977031708 18134
1783100031510 0.42332595586776733 18135
1783100031514 0.30904728174209595 18136
1783100031518 0.37532398104667664 18137
1783100031522 0.365345299243927 18138
1783100031525 0.3980365991592407 18139
1783100031529 0.3274998068809509 18140
1783100031533 0.42101550102233887 18141
1783100031537 0.4037627875804901 18142
1783100031540 0.4285532236099243 18143
1783100031545 0.3477855324745178 18144
1783100031548 0.3084338307380676 18145
1783100031551 0.37888026237487793 18146
1783100031554 0.4140552282333374 18147
1783100031557 0.3023122549057007 18148
1783100031560 0.31995391845703125 18149
1783100031563 0.3667450547218323 18150
1783100031566 0.3635249733924866 18151
1783100031569 0.34073692560195923 18152
1783100031572 0.35057252645492554 18153
1783100031575 0.4136248826980591 18154
1783100031579 0.3037089705467224 18155
1783100031583 0.295504629611969 18156
1783100031587 0.2854592204093933 18157
1783100031591 0.29340338706970215 18158
1783100031595 0.34394127130508423 18159
1783100031599 0.32686471939086914 18160
1783100031603 0.30092811584472656 18161
1783100031608 0.34552597999572754 18162
1783100031612 0.3311339020729065 18163
1783100031616 0.31193190813064575 18164
1783100031621 0.3097836375236511 18165
1783100031626 0.3600323498249054 18166
1783100031631 0.4609576165676117 18167
1783100031636 0.2901848554611206 18168
1783100031641 0.31798967719078064 18169
1783100031646 0.3580623269081116 18170
1783100031652 0.28160911798477173 18171
1783100031657 0.34425777196884155 18172
1783100031662 0.36692434549331665 18173
1783100031666 0.31537002325057983 18174
1783100031671 0.3152083158493042 18175
1783100031675 0.3204137086868286 18176
1783100031680 0.29803982377052307 18177
1783100031684 0.3153917193412781 18178
1783100031693 0.44414156675338745 18179
1783100031697 0.30115482211112976 18180
1783100031702 0.3135402202606201 18181
1783100031707 0.3295173645019531 18182
1783100031710 0.37288111448287964 18183
1783100031714 0.4636998176574707 18184
1783100031719 0.3541434407234192 18185
1783100031724 0.3575374484062195 18186
1783100031729 0.44764578342437744 18187
1783100031734 0.39381182193756104 18188
1783100031739 0.31534746289253235 18189
1783100031745 0.3647644519805908 18190
1783100031751 0.29910576343536377 18191
1783100031756 0.33166465163230896 18192
1783100031761 0.4485376477241516 18193
1783100031765 0.3544546663761139 18194
1783100031769 0.3202284872531891 18195
1783100031773 0.4029792249202728 18196
1783100031777 0.355654239654541 18197
1783100031781 0.3188590705394745 18198
1783100031785 0.36447638273239136 18199
1783100031789 0.3290735185146332 18200
1783100031793 0.2764256000518799 18201
1783100031797 0.3320332467556 18202
1783100031802 0.32952216267585754 18203
1783100031807 0.2545756697654724 18204
1783100031811 0.38789552450180054 18205
1783100031816 0.29274579882621765 18206
1783100031820 0.29504144191741943 18207
1783100031824 0.32508236169815063 18208
1783100031829 0.3269188404083252 18209
1783100031834 0.2767397165298462 18210
1783100031839 0.3585166931152344 18211
1783100031843 0.3419453203678131 18212
1783100031848 0.31720978021621704 18213
1783100031853 0.3635483384132385 18214
1783100031859 0.31485670804977417 18215
1783100031864 0.3371909558773041 18216
1783100031869 0.306102991104126 18217
1783100031874 0.3442854583263397 18218
1783100031878 0.3498905301094055 18219
1783100031881 0.3060683608055115 18220
1783100031884 0.2991437613964081 18221
1783100031887 0.4360092878341675 18222
1783100031891 0.3567487299442291 18223
1783100031894 0.4055061936378479 18224
1783100031898 0.29371291399002075 18225
1783100031901 0.2532632648944855 18226
1783100031904 0.3179047703742981 18227
1783100031907 0.36378809809684753 18228
1783100031911 0.3486635386943817 18229
1783100031916 0.36223578453063965 18230
1783100031920 0.3223476707935333 18231
1783100031923 0.35703349113464355 18232
1783100031926 0.36192137002944946 18233
1783100031930 0.4126902222633362 18234
1783100031933 0.32009565830230713 18235
1783100031936 0.2991087734699249 18236
1783100031939 0.31223803758621216 18237
1783100031943 0.37653791904449463 18238
1783100031946 0.3014277219772339 18239
1783100031949 0.33022287487983704 18240
1783100031952 0.4978572428226471 18241
1783100031955 0.38131821155548096 18242
1783100031958 0.32747548818588257 18243
1783100031964 0.29724955558776855 18244
1783100031968 0.26336273550987244 18245
1783100031971 0.3084486722946167 18246
1783100031974 0.3166073262691498 18247
1783100031978 0.33650174736976624 18248
1783100031981 0.23316143453121185 18249
1783100031984 0.3899688422679901 18250
1783100031987 0.2966615557670593 18251
1783100031990 0.36511853337287903 18252
1783100031993 0.3512122631072998 18253
1783100031997 0.33113670349121094 18254
1783100032000 0.3816578984260559 18255
1783100032004 0.37993794679641724 18256
1783100032008 0.3732234239578247 18257
1783100032014 0.394256055355072 18258
1783100032018 0.3946269154548645 18259
1783100032023 0.3301713466644287 18260
1783100032027 0.2639915347099304 18261
1783100032031 0.3470020294189453 18262
1783100032036 0.40283825993537903 18263
1783100032039 0.4591187834739685 18264
1783100032043 0.3705019950866699 18265
1783100032047 0.300810307264328 18266
1783100032051 0.3185355067253113 18267
1783100032055 0.3349313735961914 18268
1783100032058 0.3535712957382202 18269
1783100032062 0.3365188241004944 18270
1783100032067 0.35631054639816284 18271
1783100032071 0.3835082948207855 18272
1783100032075 0.34903356432914734 18273
1783100032079 0.36734282970428467 18274
1783100032083 0.30693352222442627 18275
1783100032087 0.37291353940963745 18276
1783100032091 0.28527817130088806 18277
1783100032095 0.3452603220939636 18278
1783100032099 0.3290564715862274 18279
1783100032102 0.34688788652420044 18280
1783100032106 0.355522096157074 18281
1783100032111 0.2671072483062744 18282
1783100032115 0.3129188120365143 18283
1783100032118 0.4161815047264099 18284
1783100032121 0.3777647018432617 18285
1783100032124 0.3260524272918701 18286
1783100032127 0.35861414670944214 18287
1783100032130 0.34749358892440796 18288
1783100032134 0.3423013985157013 18289
1783100032137 0.4219103455543518 18290
1783100032140 0.4210892915725708 18291
1783100032143 0.2896510362625122 18292
1783100032147 0.31918948888778687 18293
1783100032151 0.4341099262237549 18294
1783100032155 0.33912408351898193 18295
1783100032159 0.4027201533317566 18296
1783100032164 0.41037118434906006 18297
1783100032168 0.37120625376701355 18298
1783100032172 0.39039346575737 18299
1783100032176 0.42558857798576355 18300
1783100032180 0.3823443651199341 18301
1783100032184 0.3613273501396179 18302
1783100032188 0.3378278613090515 18303
1783100032191 0.39871978759765625 18304
1783100032195 0.3183927536010742 18305
1783100032199 0.35566088557243347 18306
1783100032203 0.35623323917388916 18307
1783100032207 0.3334351181983948 18308
1783100032211 0.340343713760376 18309
1783100032216 0.375217080116272 18310
1783100032220 0.39792758226394653 18311
1783100032224 0.4085111618041992 18312
1783100032228 0.34766584634780884 18313
1783100032232 0.33729997277259827 18314
1783100032236 0.3241109251976013 18315
1783100032240 0.28500351309776306 18316
1783100032244 0.3179855942726135 18317
1783100032247 0.48497241735458374 18318
1783100032251 0.3365269899368286 18319
1783100032255 0.3543965816497803 18320
1783100032259 0.39978235960006714 18321
1783100032264 0.35442131757736206 18322
1783100032268 0.39373284578323364 18323
1783100032272 0.32059040665626526 18324
1783100032276 0.36803656816482544 18325
1783100032279 0.3366156220436096 18326
1783100032282 0.40300503373146057 18327
1783100032285 0.36994001269340515 18328
1783100032289 0.37735703587532043 18329
1783100032293 0.32380592823028564 18330
1783100032296 0.39249908924102783 18331
1783100032299 0.3967491388320923 18332
1783100032302 0.3866756558418274 18333
1783100032306 0.343131959438324 18334
1783100032310 0.3872988224029541 18335
1783100032315 0.36734557151794434 18336
1783100032319 0.41504114866256714 18337
1783100032323 0.42447763681411743 18338
1783100032327 0.3417762815952301 18339
1783100032331 0.3741452693939209 18340
1783100032335 0.32886722683906555 18341
1783100032339 0.3504023551940918 18342
1783100032343 0.3979983925819397 18343
1783100032347 0.3023999035358429 18344
1783100032350 0.3082728385925293 18345
1783100032353 0.36890625953674316 18346
1783100032357 0.31884676218032837 18347
1783100032362 0.3868970572948456 18348
1783100032367 0.3531631827354431 18349
1783100032371 0.3524765372276306 18350
1783100032375 0.4250001311302185 18351
1783100032380 0.37392985820770264 18352
1783100032384 0.4553438723087311 18353
1783100032390 0.3800479471683502 18354
1783100032394 0.3227863311767578 18355
1783100032398 0.42254140973091125 18356
1783100032403 0.3193366229534149 18357
1783100032407 0.36251646280288696 18358
1783100032412 0.4201216995716095 18359
1783100032417 0.3523379862308502 18360
1783100032421 0.3291972875595093 18361
1783100032426 0.3294065594673157 18362
1783100032430 0.46646347641944885 18363
1783100032434 0.32908791303634644 18364
1783100032438 0.31480297446250916 18365
1783100032443 0.36958497762680054 18366
1783100032446 0.37722551822662354 18367
1783100032450 0.385987788438797 18368
1783100032455 0.35104241967201233 18369
1783100032459 0.4901707172393799 18370
1783100032463 0.531539261341095 18371
1783100032467 0.4413791298866272 18372
1783100032471 0.43648943305015564 18373
1783100032475 0.37262606620788574 18374
1783100032479 0.3930386006832123 18375
1783100032483 0.4018670916557312 18376
1783100032486 0.3531426191329956 18377
1783100032490 0.3463118374347687 18378
1783100032493 0.34306424856185913 18379
1783100032496 0.3795021176338196 18380
1783100032499 0.37027043104171753 18381
1783100032504 0.3737110197544098 18382
1783100032509 0.4326549470424652 18383
1783100032513 0.29359421133995056 18384
1783100032517 0.36608633399009705 18385
1783100032521 0.4455878436565399 18386
1783100032524 0.43416568636894226 18387
1783100032529 0.4570978283882141 18388
1783100032533 0.3128623366355896 18389
1783100032536 0.48341068625450134 18390
1783100032540 0.4463024139404297 18391
1783100032544 0.2783028185367584 18392
1783100032548 0.3372846841812134 18393
1783100032552 0.4556218385696411 18394
1783100032557 0.45361068844795227 18395
1783100032561 0.41135650873184204 18396
1783100032565 0.415667325258255 18397
1783100032568 0.3373531401157379 18398
1783100032570 0.3650798797607422 18399
1783100032573 0.38607361912727356 18400
1783100032576 0.35796910524368286 18401
1783100032579 0.35742002725601196 18402
1783100032583 0.4292008876800537 18403
1783100032586 0.3610494136810303 18404
1783100032589 0.43105289340019226 18405
1783100032592 0.3188662528991699 18406
1783100032595 0.34667807817459106 18407
1783100032598 0.39836233854293823 18408
1783100032602 0.3870749771595001 18409
1783100032607 0.3933478593826294 18410
1783100032610 0.41598474979400635 18411
1783100032614 0.36291277408599854 18412
1783100032617 0.27887916564941406 18413
1783100032620 0.37927597761154175 18414
1783100032623 0.39845919609069824 18415
1783100032627 0.419355571269989 18416
1783100032630 0.4069019556045532 18417
1783100032633 0.5317643880844116 18418
1783100032636 0.4387650191783905 18419
1783100032639 0.38613075017929077 18420
1783100032642 0.4402710199356079 18421
1783100032645 0.4247354567050934 18422
1783100032648 0.4517989158630371 18423
1783100032651 0.34963932633399963 18424
1783100032655 0.3952651619911194 18425
1783100032658 0.45470133423805237 18426
1783100032663 0.38168638944625854 18427
1783100032666 0.5579878091812134 18428
1783100032669 0.32609057426452637 18429
1783100032672 0.45493069291114807 18430
1783100032675 0.3867793679237366 18431
1783100032679 0.4852992296218872 18432
1783100032682 0.4368579685688019 18433
1783100032685 0.3840227723121643 18434
1783100032688 0.42245519161224365 18435
1783100032691 0.3321589231491089 18436
1783100032694 0.39666545391082764 18437
1783100032697 0.34064605832099915 18438
1783100032702 0.3980340361595154 18439
1783100032706 0.3919770419597626 18440
1783100032710 0.3634202480316162 18441
1783100032714 0.4434981346130371 18442
1783100032717 0.36640891432762146 18443
1783100032721 0.3641393184661865 18444
1783100032725 0.36353522539138794 18445
1783100032729 0.3067944049835205 18446
1783100032733 0.39441198110580444 18447
1783100032737 0.4305943250656128 18448
1783100032740 0.40638214349746704 18449
1783100032744 0.38585251569747925 18450
1783100032748 0.3784579932689667 18451
1783100032752 0.432079553604126 18452
1783100032756 0.36126434803009033 18453
1783100032760 0.3698945641517639 18454
1783100032764 0.38793033361434937 18455
1783100032768 0.3767021894454956 18456
1783100032771 0.27075448632240295 18457
1783100032774 0.394300252199173 18458
1783100032777 0.3690583109855652 18459
1783100032780 0.38891029357910156 18460
1783100032783 0.3217167854309082 18461
1783100032787 0.39733290672302246 18462
1783100032790 0.3890042304992676 18463
1783100032793 0.3754787743091583 18464
1783100032796 0.5097386837005615 18465
1783100032800 0.32783257961273193 18466
1783100032805 0.4251852333545685 18467
1783100032809 0.4216858744621277 18468
1783100032812 0.4016278386116028 18469
1783100032815 0.4297678470611572 18470
1783100032818 0.36596110463142395 18471
1783100032821 0.4112643599510193 18472
1783100032824 0.2799670696258545 18473
1783100032827 0.35499370098114014 18474
1783100032830 0.38122567534446716 18475
1783100032834 0.30576059222221375 18476
1783100032837 0.3121350109577179 18477
1783100032840 0.3457813560962677 18478
1783100032843 0.42342811822891235 18479
1783100032846 0.3628466725349426 18480
1783100032851 0.36088961362838745 18481
1783100032855 0.4084969162940979 18482
1783100032859 0.31159138679504395 18483
1783100032863 0.34310200810432434 18484
1783100032868 0.36708319187164307 18485
1783100032872 0.33140701055526733 18486
1783100032876 0.33482685685157776 18487
1783100032880 0.32539910078048706 18488
1783100032885 0.37244004011154175 18489
1783100032889 0.37480080127716064 18490
1783100032893 0.3058915138244629 18491
1783100032897 0.544781506061554 18492
1783100032901 0.28189194202423096 18493
1783100032905 0.3566407561302185 18494
1783100032909 0.38761377334594727 18495
1783100032912 0.3338037133216858 18496
1783100032915 0.3385508060455322 18497
1783100032919 0.3701063096523285 18498
1783100032922 0.30824559926986694 18499
1783100032926 0.3144211173057556 18500
1783100032929 0.374699205160141 18501
1783100032933 0.32173824310302734 18502
1783100032936 0.2940676212310791 18503
1783100032939 0.3438767194747925 18504
1783100032942 0.43749624490737915 18505
1783100032946 0.45730090141296387 18506
1783100032952 0.30946406722068787 18507
1783100032958 0.3623865842819214 18508
1783100032963 0.3321988582611084 18509
1783100032968 0.36342084407806396 18510
1783100032973 0.28800857067108154 18511
1783100032977 0.4116569459438324 18512
1783100032981 0.3576764464378357 18513
1783100032985 0.38612741231918335 18514
1783100032989 0.3009553849697113 18515
1783100032992 0.25318941473960876 18516
1783100032997 0.3430315852165222 18517
1783100033001 0.40921640396118164 18518
1783100033005 0.3765949010848999 18519
1783100033009 0.3512619137763977 18520
1783100033013 0.26609957218170166 18521
1783100033017 0.2661833167076111 18522
1783100033022 0.30403977632522583 18523
1783100033026 0.37769854068756104 18524
1783100033030 0.31747835874557495 18525
1783100033035 0.2973771393299103 18526
1783100033039 0.3339281380176544 18527
1783100033043 0.3777749836444855 18528
1783100033046 0.37774544954299927 18529
1783100033051 0.26845765113830566 18530
1783100033054 0.3223167061805725 18531
1783100033058 0.3084418773651123 18532
1783100033062 0.37756234407424927 18533
1783100033066 0.2999899983406067 18534
1783100033070 0.39507293701171875 18535
1783100033074 0.2764073312282562 18536
1783100033079 0.4889674782752991 18537
1783100033083 0.36315494775772095 18538
1783100033086 0.30348438024520874 18539
1783100033090 0.30648303031921387 18540
1783100033094 0.3305216431617737 18541
1783100033098 0.28199368715286255 18542
1783100033101 0.40629297494888306 18543
1783100033105 0.3591148853302002 18544
1783100033109 0.5403046607971191 18545
1783100033112 0.37273743748664856 18546
1783100033116 0.2966082692146301 18547
1783100033120 0.3266693353652954 18548
1783100033124 0.3268534541130066 18549
1783100033128 0.25809943675994873 18550
1783100033132 0.3082660436630249 18551
1783100033136 0.32291221618652344 18552
1783100033140 0.40709245204925537 18553
1783100033144 0.3111375570297241 18554
1783100033148 0.3804146647453308 18555
1783100033152 0.3172251582145691 18556
1783100033156 0.3480462431907654 18557
1783100033159 0.3347434401512146 18558
1783100033163 0.36721938848495483 18559
1783100033167 0.3385010361671448 18560
1783100033170 0.30602553486824036 18561
1783100033174 0.30758026242256165 18562
1783100033178 0.4370172619819641 18563
1783100033182 0.40438663959503174 18564
1783100033186 0.44841861724853516 18565
1783100033190 0.3175801634788513 18566
1783100033194 0.30591636896133423 18567
1783100033198 0.3998185098171234 18568
1783100033201 0.3777182102203369 18569
1783100033205 0.33273160457611084 18570
1783100033209 0.283882200717926 18571
1783100033213 0.3187262713909149 18572
1783100033217 0.3210684657096863 18573
1783100033221 0.3089393377304077 18574
1783100033225 0.31322211027145386 18575
1783100033229 0.40663886070251465 18576
1783100033233 0.2670840919017792 18577
1783100033237 0.337812602519989 18578
1783100033241 0.3564603626728058 18579
1783100033244 0.4793950617313385 18580
1783100033248 0.4928644895553589 18581
1783100033252 0.45127183198928833 18582
1783100033256 0.3237362504005432 18583
1783100033260 0.3120414614677429 18584
1783100033264 0.3317364454269409 18585
1783100033267 0.29026666283607483 18586
1783100033272 0.34263932704925537 18587
1783100033277 0.3589949607849121 18588
1783100033282 0.3965701460838318 18589
1783100033287 0.26389551162719727 18590
1783100033291 0.3635740876197815 18591
1783100033295 0.33234500885009766 18592
1783100033299 0.3251870274543762 18593
1783100033303 0.38207143545150757 18594
1783100033308 0.34049224853515625 18595
1783100033312 0.32428523898124695 18596
1783100033316 0.33392125368118286 18597
1783100033320 0.45258042216300964 18598
1783100033324 0.3341595530509949 18599
1783100033328 0.27332815527915955 18600
1783100033332 0.36977943778038025 18601
1783100033337 0.24934010207653046 18602
1783100033341 0.28786206245422363 18603
1783100033345 0.3200834393501282 18604
1783100033349 0.3212760388851166 18605
1783100033353 0.3872659504413605 18606
1783100033357 0.2877476215362549 18607
1783100033361 0.36174440383911133 18608
1783100033365 0.3287619352340698 18609
1783100033369 0.3658996820449829 18610
1783100033373 0.29612183570861816 18611
1783100033378 0.3240750730037689 18612
1783100033382 0.29736337065696716 18613
1783100033388 0.1991863250732422 18614
1783100033392 0.3840891420841217 18615
1783100033396 0.27373751997947693 18616
1783100033400 0.2785343527793884 18617
1783100033404 0.3775034546852112 18618
1783100033408 0.30860674381256104 18619
1783100033412 0.33992913365364075 18620
1783100033416 0.32027876377105713 18621
1783100033420 0.3024443984031677 18622
1783100033424 0.43029671907424927 18623
1783100033428 0.38878753781318665 18624
1783100033432 0.29947277903556824 18625
1783100033436 0.33037447929382324 18626
1783100033440 0.34260812401771545 18627
1783100033444 0.2893424928188324 18628
1783100033448 0.33312705159187317 18629
1783100033452 0.3087317645549774 18630
1783100033456 0.30148786306381226 18631
1783100033460 0.3686276078224182 18632
1783100033464 0.35854214429855347 18633
1783100033467 0.37255924940109253 18634
1783100033471 0.42047712206840515 18635
1783100033475 0.28908461332321167 18636
1783100033479 0.3650839924812317 18637
1783100033483 0.36383235454559326 18638
1783100033488 0.393592894077301 18639
1783100033492 0.35508424043655396 18640
1783100033496 0.33125653862953186 18641
1783100033500 0.2685413062572479 18642
1783100033504 0.37542039155960083 18643
1783100033508 0.35173869132995605 18644
1783100033512 0.5009389519691467 18645
1783100033516 0.35709241032600403 18646
1783100033520 0.3358229994773865 18647
1783100033524 0.3560102880001068 18648
1783100033528 0.4025527536869049 18649
1783100033532 0.41471368074417114 18650
1783100033536 0.4230906367301941 18651
1783100033540 0.37967485189437866 18652
1783100033544 0.3995930254459381 18653
1783100033548 0.3008269667625427 18654
1783100033552 0.2830444276332855 18655
1783100033555 0.3097245693206787 18656
1783100033559 0.41612276434898376 18657
1783100033563 0.3057767450809479 18658
1783100033567 0.32815873622894287 18659
1783100033571 0.3143753409385681 18660
1783100033575 0.45478135347366333 18661
1783100033578 0.31010493636131287 18662
1783100033583 0.32074373960494995 18663
1783100033587 0.3704242706298828 18664
1783100033591 0.36291980743408203 18665
1783100033595 0.26440638303756714 18666
1783100033599 0.3363766074180603 18667
1783100033603 0.29335516691207886 18668
1783100033607 0.4104541540145874 18669
1783100033611 0.4093586206436157 18670
1783100033614 0.38217586278915405 18671
1783100033618 0.3882112503051758 18672
1783100033622 0.4486759901046753 18673
1783100033625 0.4211690425872803 18674
1783100033630 0.3680182099342346 18675
1783100033634 0.3099105656147003 18676
1783100033638 0.32703137397766113 18677
1783100033643 0.37236732244491577 18678
1783100033653 0.39650923013687134 18679
1783100033657 0.3701530694961548 18680
1783100033661 0.444711834192276 18681
1783100033666 0.41404521465301514 18682
1783100033670 0.38361525535583496 18683
1783100033674 0.35168397426605225 18684
1783100033678 0.2774330973625183 18685
1783100033682 0.2927388846874237 18686
1783100033687 0.32080960273742676 18687
1783100033691 0.34419628977775574 18688
1783100033695 0.3607492744922638 18689
1783100033699 0.3149711489677429 18690
1783100033703 0.3428304195404053 18691
1783100033707 0.36117640137672424 18692
1783100033711 0.37852004170417786 18693
1783100033715 0.3561972379684448 18694
1783100033719 0.3566133379936218 18695
1783100033722 0.3532755672931671 18696
1783100033726 0.33540356159210205 18697
1783100033730 0.3450741469860077 18698
1783100033734 0.3587215542793274 18699
1783100033737 0.3663017749786377 18700
1783100033742 0.3252819776535034 18701
1783100033745 0.280661404132843 18702
1783100033748 0.32984209060668945 18703
1783100033751 0.3652155101299286 18704
1783100033754 0.4179864227771759 18705
1783100033757 0.3870478570461273 18706
1783100033760 0.4236224293708801 18707
1783100033763 0.30039215087890625 18708
1783100033766 0.43855077028274536 18709
1783100033770 0.5121620893478394 18710
1783100033773 0.4117019474506378 18711
1783100033777 0.372459352016449 18712
1783100033780 0.3914662003517151 18713
1783100033783 0.49886226654052734 18714
1783100033786 0.42858126759529114 18715
1783100033791 0.4157577157020569 18716
1783100033795 0.33404871821403503 18717
1783100033799 0.3400823473930359 18718
1783100033803 0.4010298252105713 18719
1783100033807 0.33724528551101685 18720
1783100033811 0.5078679323196411 18721
1783100033815 0.32275259494781494 18722
1783100033819 0.35126930475234985 18723
1783100033823 0.296125590801239 18724
1783100033826 0.4578129053115845 18725
1783100033830 0.4678548276424408 18726
1783100033834 0.45801234245300293 18727
1783100033838 0.36586761474609375 18728
1783100033843 0.44007885456085205 18729
1783100033847 0.3938794732093811 18730
1783100033851 0.33005431294441223 18731
1783100033855 0.42128604650497437 18732
1783100033858 0.4127860367298126 18733
1783100033864 0.37480753660202026 18734
1783100033870 0.391792893409729 18735
1783100033874 0.3681793808937073 18736
1783100033878 0.3933819532394409 18737
1783100033883 0.37500473856925964 18738
1783100033887 0.3898177146911621 18739
