1783177820969 2.330392599105835 0
1783177821077 2.278764247894287 1
1783177821182 2.2672173976898193 2
1783177821231 2.4532673358917236 3
1783177821330 2.2038960456848145 4
1783177821424 2.2427611351013184 5
1783177821453 2.174084186553955 6
1783177821468 2.2131612300872803 7
1783177821570 2.049265146255493 8
1783177821678 2.0221915245056152 9
1783177821773 1.9961814880371094 10
1783177821876 2.057873010635376 11
1783177821975 1.8674426078796387 12
1783177822079 1.8315833806991577 13
1783177822184 1.671054482460022 14
1783177822223 1.759067177772522 15
1783177822260 1.7462265491485596 16
1783177822279 1.6580730676651 17
1783177822286 1.5902538299560547 18
1783177822336 1.4406551122665405 19
1783177822433 1.5482004880905151 20
1783177822481 1.7485567331314087 21
1783177822541 1.443252682685852 22
1783177822627 1.3733808994293213 23
1783177822651 1.6656408309936523 24
1783177822663 1.304619312286377 25
1783177822685 1.426108717918396 26
1783177822727 1.4025673866271973 27
1783177822751 1.3450384140014648 28
1783177822763 1.375535488128662 29
1783177822783 1.2915027141571045 30
1783177822794 1.2910116910934448 31
1783177822799 1.3808352947235107 32
1783177822805 1.1371800899505615 33
1783177822830 0.9663270115852356 34
1783177822839 1.1634312868118286 35
1783177822854 0.9427753686904907 36
1783177822858 0.8719235062599182 37
1783177822864 1.1094228029251099 38
1783177822889 0.8680870532989502 39
1783177822896 1.1713359355926514 40
1783177822935 0.9052556157112122 41
1783177822997 1.2960454225540161 42
1783177823067 0.942113995552063 43
1783177823182 0.9590367674827576 44
1783177823284 1.0322707891464233 45
1783177823390 1.2494384050369263 46
1783177823498 1.1553808450698853 47
1783177823607 0.7533911466598511 48
1783177823705 0.9716687202453613 49
1783177823806 1.1787835359573364 50
1783177823911 0.6847842335700989 51
1783177824004 0.5888082981109619 52
1783177824071 0.7641213536262512 53
1783177824171 0.6739370226860046 54
1783177824198 1.0744924545288086 55
1783177824374 0.6626248955726624 56
1783177824416 0.735175609588623 57
1783177824470 0.6643961668014526 58
1783177824492 0.9272204041481018 59
1783177824506 0.6462581157684326 60
1783177824522 0.8384481072425842 61
1783177824540 0.7485172152519226 62
1783177824552 0.6496341824531555 63
1783177824566 0.5475624203681946 64
1783177824607 0.6847606897354126 65
1783177824643 0.668300211429596 66
1783177824670 0.8855820894241333 67
1783177824772 0.7263702154159546 68
1783177824794 0.6982570290565491 69
1783177824806 0.7671630382537842 70
1783177824841 0.5274346470832825 71
1783177824853 0.5324292182922363 72
1783177824864 0.7023309469223022 73
1783177824876 0.4548266530036926 74
1783177824887 0.6566581726074219 75
1783177824900 0.6570175290107727 76
1783177824931 0.8873019218444824 77
1783177825032 0.3763156533241272 78
1783177825140 0.45075544714927673 79
1783177825243 0.715691089630127 80
1783177825339 0.7149486541748047 81
1783177825476 0.6802247166633606 82
1783177825586 0.23693609237670898 83
1783177825691 0.8042517900466919 84
1783177825798 0.8112919330596924 85
1783177825899 0.5571746826171875 86
1783177825999 0.5054060816764832 87
1783177826096 0.5387258529663086 88
1783177826187 0.41921281814575195 89
1783177826284 0.6041355133056641 90
1783177826387 0.5279125571250916 91
1783177826484 0.6721844673156738 92
1783177826582 0.4324718415737152 93
1783177826679 0.5061259865760803 94
1783177826766 0.5820328593254089 95
1783177826869 0.4924517571926117 96
1783177826999 0.5557700991630554 97
1783177827102 1.126507043838501 98
1783177827204 0.6677485108375549 99
1783177827308 0.8079470992088318 100
1783177827410 0.2833535075187683 101
1783177827521 0.9008325934410095 102
1783177827625 0.7240155339241028 103
1783177827731 0.5981624722480774 104
1783177827833 0.6606364250183105 105
1783177827937 0.5832101702690125 106
1783177828031 0.6315993666648865 107
1783177828119 0.9847742319107056 108
1783177828188 0.4600457549095154 109
1783177828194 0.6618892550468445 110
1783177828201 0.46662014722824097 111
1783177828256 0.4006480574607849 112
1783177828262 0.3305467963218689 113
1783177828270 0.5485955476760864 114
1783177828341 0.41978907585144043 115
1783177828384 0.7361655235290527 116
1783177828403 0.5727949142456055 117
1783177828464 0.6381601691246033 118
1783177828475 0.563852071762085 119
1783177828495 0.36453524231910706 120
1783177828501 0.3334977924823761 121
1783177828601 0.3634617030620575 122
1783177828652 0.38198122382164 123
1783177828700 0.6675736904144287 124
1783177828717 0.4261857271194458 125
1783177828737 0.7143832445144653 126
1783177828741 0.5814055800437927 127
1783177828850 0.2668348252773285 128
1783177828940 0.5475437045097351 129
1783177829034 0.5701991319656372 130
1783177829067 0.7159174680709839 131
1783177829161 0.44136056303977966 132
1783177829187 0.5877913236618042 133
1783177829201 0.4109829068183899 134
1783177829246 0.44848984479904175 135
1783177829336 0.6122660040855408 136
1783177829428 0.3743222653865814 137
1783177829538 0.5175543427467346 138
1783177829627 0.3342137932777405 139
1783177829665 0.4326789379119873 140
1783177829671 0.40604352951049805 141
1783177829682 0.6889722347259521 142
1783177829733 0.3229449689388275 143
1783177829829 0.5823030471801758 144
1783177829932 0.8526023626327515 145
1783177830034 0.41495779156684875 146
1783177830135 0.5235847234725952 147
1783177830240 0.6003143191337585 148
1783177830343 0.42419198155403137 149
1783177830436 0.40363848209381104 150
1783177830528 0.4511049687862396 151
1783177830627 0.7681857943534851 152
1783177830710 0.5373242497444153 153
1783177830812 0.42431914806365967 154
1783177830901 0.44873636960983276 155
1783177830987 0.3686438798904419 156
1783177831071 0.5139411687850952 157
1783177831163 0.3536323308944702 158
1783177831257 0.38294005393981934 159
1783177831357 0.3632263243198395 160
1783177831458 0.31468191742897034 161
1783177831557 0.5980399250984192 162
1783177831660 0.546177327632904 163
1783177831760 0.47256433963775635 164
1783177831865 0.27167439460754395 165
1783177831964 0.5501782894134521 166
1783177832067 0.28402450680732727 167
1783177832177 0.35347259044647217 168
1783177832279 0.2817409932613373 169
1783177832384 0.2469424307346344 170
1783177832485 0.36661750078201294 171
1783177832571 0.8495769500732422 172
1783177832585 0.6909350752830505 173
1783177832596 0.3087911903858185 174
1783177832608 0.8104146718978882 175
1783177832620 0.46014249324798584 176
1783177832650 0.502935528755188 177
1783177832666 0.6822396516799927 178
1783177832700 0.5370916724205017 179
1783177832740 0.6388679146766663 180
1783177832754 0.44899022579193115 181
1783177832759 0.43488380312919617 182
1783177832773 0.24470508098602295 183
1783177832778 0.5368797779083252 184
1783177832810 0.5726462602615356 185
1783177832842 0.5636314749717712 186
1783177832941 0.26273995637893677 187
1783177832955 0.5768089294433594 188
1783177832966 0.3427999019622803 189
1783177832978 0.19381077587604523 190
1783177833069 0.5092756152153015 191
1783177833102 0.45586249232292175 192
1783177833204 0.5855669379234314 193
1783177833307 0.30552738904953003 194
1783177833341 0.22289612889289856 195
1783177833347 0.26179084181785583 196
1783177833353 0.2116621434688568 197
1783177833456 0.3024432957172394 198
1783177833562 0.5972280502319336 199
1783177833604 0.5909817218780518 200
1783177833677 0.46399712562561035 201
1783177833740 0.6781076788902283 202
1783177833758 0.20684805512428284 203
1783177833766 0.3545251488685608 204
1783177833789 0.3419470191001892 205
1783177833880 0.51549232006073 206
1783177833896 0.4028100371360779 207
1783177833905 0.3907676637172699 208
1783177833910 0.35883238911628723 209
1783177833917 0.21583713591098785 210
1783177833925 0.5961583256721497 211
1783177833933 0.7124477028846741 212
1783177833944 0.24693095684051514 213
1783177834035 0.3005736470222473 214
1783177834140 1.0075252056121826 215
1783177834243 0.44045695662498474 216
1783177834350 0.23742203414440155 217
1783177834454 0.372907429933548 218
1783177834553 0.3062610328197479 219
1783177834649 0.736152708530426 220
1783177834745 0.34430140256881714 221
1783177834843 0.3882099986076355 222
1783177834940 0.6500212550163269 223
1783177835049 0.7885050177574158 224
1783177835138 0.2936789095401764 225
1783177835269 0.6379334330558777 226
1783177835373 0.4758870303630829 227
1783177835473 0.2745437026023865 228
1783177835574 0.3671570122241974 229
1783177835674 0.5926243662834167 230
1783177835771 0.44066110253334045 231
1783177835864 0.8339737057685852 232
1783177835955 0.33837467432022095 233
1783177836062 0.5132511854171753 234
1783177836154 0.3775537312030792 235
1783177836235 0.2633797228336334 236
1783177836283 0.15235847234725952 237
1783177836326 0.16673356294631958 238
1783177836333 0.21826617419719696 239
1783177836341 0.44973039627075195 240
1783177836357 0.24211344122886658 241
1783177836362 0.40298280119895935 242
1783177836368 0.6314975619316101 243
1783177836382 0.48850446939468384 244
1783177836400 0.6709652543067932 245
1783177836428 0.8001243472099304 246
1783177836484 0.5100813508033752 247
1783177836513 0.3985242247581482 248
1783177836528 0.7112317085266113 249
1783177836623 0.26262813806533813 250
1783177836718 0.42366263270378113 251
1783177836795 0.5120217204093933 252
1783177836877 0.24521008133888245 253
1783177836971 0.4974258244037628 254
1783177837044 0.29267778992652893 255
1783177837122 0.4379233121871948 256
1783177837223 0.5442373752593994 257
1783177837323 0.22162537276744843 258
1783177837430 0.47237852215766907 259
1783177837533 0.43520477414131165 260
1783177837633 0.20915769040584564 261
1783177837739 0.5014803409576416 262
1783177837843 0.5628055930137634 263
1783177837946 0.3615662157535553 264
1783177838049 0.5365341305732727 265
1783177838152 0.23474310338497162 266
1783177838252 0.4946795105934143 267
1783177838354 0.2926982045173645 268
1783177838396 0.4606512486934662 269
1783177838408 0.6336630582809448 270
1783177838414 0.28570517897605896 271
1783177838459 0.40368062257766724 272
1783177838481 0.4346717894077301 273
1783177838572 0.2609664797782898 274
1783177838629 0.20089669525623322 275
1783177838669 0.5232229828834534 276
1783177838692 0.5689064264297485 277
1783177838702 0.41713783144950867 278
1783177838718 0.274157851934433 279
1783177838728 0.2691092789173126 280
1783177838745 0.31531327962875366 281
1783177838763 0.7230606079101562 282
1783177838871 0.3300251066684723 283
1783177838965 0.3945181667804718 284
1783177839004 0.6767151355743408 285
1783177839008 0.5310125350952148 286
1783177839017 0.2399846315383911 287
1783177839105 0.2529252767562866 288
1783177839117 0.6999212503433228 289
1783177839129 0.6778724789619446 290
1783177839159 0.4401017725467682 291
1783177839165 0.4814523160457611 292
1783177839171 0.27589356899261475 293
1783177839182 0.3227284848690033 294
1783177839190 0.3674467206001282 295
1783177839199 0.6339344382286072 296
1783177839211 0.16886940598487854 297
1783177839221 0.3773552179336548 298
1783177839229 0.15456688404083252 299
1783177839235 0.5966232419013977 300
1783177839271 0.5535580515861511 301
1783177839288 0.7409658432006836 302
1783177839304 0.3605246841907501 303
1783177839315 0.2586428225040436 304
1783177839318 0.15439051389694214 305
1783177839325 0.25449639558792114 306
1783177839331 0.4931166172027588 307
1783177839337 0.3359393775463104 308
1783177839446 0.22948044538497925 309
1783177839541 0.48841413855552673 310
1783177839645 0.3787282407283783 311
1783177839742 0.5377777814865112 312
1783177839856 0.26349031925201416 313
1783177839964 0.5712460875511169 314
1783177840061 0.1285218894481659 315
1783177840150 0.1948917806148529 316
1783177840250 0.30531930923461914 317
1783177840354 0.22338144481182098 318
1783177840457 0.47310954332351685 319
1783177840550 0.3893623650074005 320
1783177840632 0.5196030735969543 321
1783177840728 0.5362793207168579 322
1783177840825 0.23869258165359497 323
1783177840925 0.28727805614471436 324
1783177841010 0.458979994058609 325
1783177841106 0.577802300453186 326
1783177841205 0.26689451932907104 327
1783177841309 0.12381008267402649 328
1783177841400 0.48782628774642944 329
1783177841499 0.2461557388305664 330
1783177841582 0.575027585029602 331
1783177841677 0.2468748688697815 332
1783177841773 0.17105361819267273 333
1783177841866 0.22037290036678314 334
1783177841959 0.2011333853006363 335
1783177841971 0.3864181935787201 336
1783177842004 0.3104403018951416 337
1783177842103 0.3094225525856018 338
1783177842205 0.32787764072418213 339
1783177842301 0.11953017860651016 340
1783177842336 0.6704479455947876 341
1783177842370 0.28394636511802673 342
1783177842402 0.26751619577407837 343
1783177842413 0.3715650737285614 344
1783177842426 0.14824198186397552 345
1783177842454 0.6984939575195312 346
1783177842569 0.2742738425731659 347
1783177842681 0.15957088768482208 348
1783177842793 0.3198647201061249 349
1783177842898 0.4592980742454529 350
1783177843000 0.3227725327014923 351
1783177843102 0.06283295154571533 352
1783177843202 0.3220624327659607 353
1783177843302 0.3383822441101074 354
1783177843407 0.20475071668624878 355
1783177843512 0.31910717487335205 356
1783177843615 0.29887017607688904 357
1783177843716 0.14280620217323303 358
1783177843817 0.4355238974094391 359
1783177843911 0.5213320255279541 360
1783177844010 0.43984463810920715 361
1783177844114 0.21232916414737701 362
1783177844217 0.22682970762252808 363
1783177844318 0.14781250059604645 364
1783177844421 0.1902441531419754 365
1783177844521 0.1824655383825302 366
1783177844620 0.2657158076763153 367
1783177844699 0.42784515023231506 368
1783177844795 0.367587685585022 369
1783177844867 0.29805243015289307 370
1783177844955 0.5618334412574768 371
1783177845019 0.2774018347263336 372
1783177845026 0.25671374797821045 373
1783177845052 0.23057538270950317 374
1783177845064 0.2893964648246765 375
1783177845080 0.20813491940498352 376
1783177845092 0.1922195851802826 377
1783177845100 0.17419558763504028 378
1783177845106 0.2198237031698227 379
1783177845124 0.45297539234161377 380
1783177845204 0.2949651777744293 381
1783177845242 0.3363319933414459 382
1783177845312 0.445838063955307 383
1783177845368 0.3415234088897705 384
1783177845469 0.4064234495162964 385
1783177845572 0.31274673342704773 386
1783177845680 0.8816205263137817 387
1783177845782 0.26042410731315613 388
1783177845880 0.33627885580062866 389
1783177845959 0.2045697271823883 390
1783177845971 0.2768990099430084 391
1783177845989 0.11775258928537369 392
1783177846090 0.15749184787273407 393
1783177846191 0.32154715061187744 394
1783177846285 0.22730547189712524 395
1783177846386 0.4182547628879547 396
1783177846488 0.22463414072990417 397
1783177846580 0.20712442696094513 398
1783177846672 0.10988930612802505 399
1783177846778 0.33417102694511414 400
1783177846903 0.15483419597148895 401
1783177847005 0.34253421425819397 402
1783177847110 0.5458652973175049 403
1783177847213 0.14005742967128754 404
1783177847313 0.15483124554157257 405
1783177847409 0.36072424054145813 406
1783177847516 0.6979018449783325 407
1783177847620 0.3887205123901367 408
1783177847727 0.43083345890045166 409
1783177847829 0.3016916811466217 410
1783177847930 0.8272542953491211 411
1783177848022 0.5148345232009888 412
1783177848119 0.3217439651489258 413
1783177848225 0.16711503267288208 414
1783177848308 0.21042561531066895 415
1783177848409 0.4539854824542999 416
1783177848504 0.5747601985931396 417
1783177848607 0.4277309477329254 418
1783177848710 0.14639954268932343 419
1783177848810 0.2876173257827759 420
1783177848922 0.2812154293060303 421
1783177849017 0.3949219286441803 422
1783177849056 0.46293723583221436 423
1783177849065 0.2953720986843109 424
1783177849152 0.2727271020412445 425
1783177849256 0.1864050328731537 426
1783177849358 0.24282576143741608 427
1783177849404 0.33489692211151123 428
1783177849411 0.4753880202770233 429
1783177849425 0.25643444061279297 430
1783177849434 0.35848718881607056 431
1783177849443 0.2913340926170349 432
1783177849488 0.2420264035463333 433
1783177849492 0.32786399126052856 434
1783177849499 0.26900866627693176 435
1783177849504 0.29754582047462463 436
1783177849609 0.2628210186958313 437
1783177849713 0.3583294749259949 438
1783177849815 0.24262391030788422 439
1783177849915 0.25487205386161804 440
1783177850024 0.5791049599647522 441
1783177850134 0.24209299683570862 442
1783177850237 0.5442214012145996 443
1783177850341 0.12325523793697357 444
1783177850447 0.3218451738357544 445
1783177850553 0.5111856460571289 446
1783177850660 0.38499748706817627 447
1783177850751 0.508347749710083 448
1783177850849 0.6210809350013733 449
1783177850875 0.22261767089366913 450
1783177850896 0.6114603877067566 451
1783177850996 0.4002884328365326 452
1783177851097 0.6631357669830322 453
1783177851200 0.4499175548553467 454
1783177851295 0.4878477454185486 455
1783177851363 0.21448825299739838 456
1783177851369 0.28847166895866394 457
1783177851374 0.42049944400787354 458
1783177851380 0.441037654876709 459
1783177851403 0.16517437994480133 460
1783177851408 0.3660084307193756 461
1783177851415 0.16762568056583405 462
1783177851543 0.08187887072563171 463
1783177851616 0.36009958386421204 464
1783177851623 0.16924476623535156 465
1783177851631 0.2717583477497101 466
1783177851652 0.31878381967544556 467
1783177851683 0.23888257145881653 468
1783177851698 0.585307776927948 469
1783177851729 0.5631905794143677 470
1783177851742 0.11777269840240479 471
1783177851753 0.20940516889095306 472
1783177851772 0.12425429373979568 473
1783177851849 0.2400251030921936 474
1783177851871 0.3841504156589508 475
1783177851892 0.49227282404899597 476
1783177851906 0.4362300634384155 477
1783177851921 0.4587790369987488 478
1783177851927 0.25982996821403503 479
1783177851938 0.2572896480560303 480
1783177851947 0.46414580941200256 481
1783177851959 0.49906694889068604 482
1783177851964 0.2324468046426773 483
1783177851977 0.19154632091522217 484
1783177851983 0.4182124435901642 485
1783177851988 0.11986854672431946 486
1783177851994 0.2109397053718567 487
1783177852014 0.27885711193084717 488
1783177852060 0.1344829648733139 489
1783177852066 0.42201778292655945 490
1783177852078 0.3498142957687378 491
1783177852095 0.34495940804481506 492
1783177852125 0.30704256892204285 493
1783177852139 0.18112117052078247 494
1783177852180 0.4228047728538513 495
1783177852193 0.3536008298397064 496
1783177852198 0.6980607509613037 497
1783177852206 0.3288913369178772 498
1783177852233 0.19192706048488617 499
1783177852244 0.18185332417488098 500
1783177852251 0.2603723704814911 501
1783177852262 0.1987152397632599 502
1783177852287 0.6455252170562744 503
1783177852299 0.1662972867488861 504
1783177852310 0.4206540286540985 505
1783177852323 0.20950138568878174 506
1783177852329 0.39201852679252625 507
1783177852364 0.35575518012046814 508
1783177852442 0.16298933327198029 509
1783177852521 0.3570215702056885 510
1783177852622 0.1485212743282318 511
1783177852716 0.2736961543560028 512
1783177852820 0.47833624482154846 513
1783177852921 0.1503121554851532 514
1783177853022 0.31307169795036316 515
1783177853047 0.10640047490596771 516
1783177853142 0.1382712423801422 517
1783177853166 0.1588306576013565 518
1783177853180 0.12399938702583313 519
1783177853192 0.15274757146835327 520
1783177853241 0.20248113572597504 521
1783177853261 0.11996576935052872 522
1783177853293 0.2450495809316635 523
1783177853304 0.10241089761257172 524
1783177853311 0.06768748164176941 525
1783177853324 0.28304147720336914 526
1783177853354 0.2491587996482849 527
1783177853479 0.27852413058280945 528
1783177853580 0.10834965854883194 529
1783177853684 0.2527908980846405 530
1783177853782 0.3599379062652588 531
1783177853885 0.15410640835762024 532
1783177853989 0.6281949281692505 533
1783177854080 0.26225918531417847 534
1783177854181 0.26984095573425293 535
1783177854281 0.14513851702213287 536
1783177854383 0.2082836776971817 537
1783177854476 0.24235659837722778 538
1783177854573 0.16491448879241943 539
1783177854674 0.42142361402511597 540
1783177854772 0.23811742663383484 541
1783177854869 0.26736775040626526 542
1783177854884 0.5640704035758972 543
1783177854909 0.34692278504371643 544
1783177854925 0.3545558452606201 545
1783177854972 0.30357733368873596 546
1783177854985 0.44296425580978394 547
1783177854990 0.27176886796951294 548
1783177855027 0.15094809234142303 549
1783177855040 0.28385746479034424 550
1783177855045 0.1418367177248001 551
1783177855051 0.12256720662117004 552
1783177855063 0.29612165689468384 553
1783177855068 0.13136473298072815 554
1783177855074 0.3800244927406311 555
1783177855084 0.2706587612628937 556
1783177855107 0.42991703748703003 557
1783177855117 0.24940460920333862 558
1783177855161 0.21507462859153748 559
1783177855167 0.1720447838306427 560
1783177855186 0.2670747637748718 561
1783177855189 0.16868284344673157 562
1783177855201 0.21589338779449463 563
1783177855266 0.49147829413414 564
1783177855273 0.3810184597969055 565
1783177855276 0.2658446729183197 566
1783177855283 0.41859015822410583 567
1783177855289 0.30328628420829773 568
1783177855301 0.1416865438222885 569
1783177855313 0.2712079584598541 570
1783177855333 0.40018007159233093 571
1783177855342 0.2331048995256424 572
1783177855350 0.6475958228111267 573
1783177855373 0.36339256167411804 574
1783177855385 0.6419197916984558 575
1783177855403 0.1790100783109665 576
1783177855411 0.13247738778591156 577
1783177855416 0.3333919644355774 578
1783177855421 0.23671294748783112 579
1783177855426 0.31353700160980225 580
1783177855433 0.37808117270469666 581
1783177855439 0.09225504845380783 582
1783177855445 0.13353653252124786 583
1783177855451 0.48841238021850586 584
1783177855464 0.18213661015033722 585
1783177855565 0.4681565761566162 586
1783177855666 0.5482931137084961 587
1783177855715 0.2057810127735138 588
1783177855722 0.5486096143722534 589
1783177855728 0.1034829169511795 590
1783177855740 0.3325778841972351 591
1783177855751 0.5305407047271729 592
1783177855786 0.24606195092201233 593
1783177855814 0.3301427662372589 594
1783177855824 0.2639733850955963 595
1783177855832 0.4728533923625946 596
1783177855851 0.4181847870349884 597
1783177855864 0.4664668142795563 598
1783177855870 0.6463018655776978 599
1783177855894 0.46341317892074585 600
1783177855961 0.3214026391506195 601
1783177855972 0.17479199171066284 602
1783177855977 0.36165258288383484 603
1783177855988 0.6243239641189575 604
1783177855998 0.10900406539440155 605
1783177856015 0.28908786177635193 606
1783177856068 0.24248875677585602 607
1783177856086 0.4941381514072418 608
1783177856096 0.040927704423666 609
1783177856103 0.3291085958480835 610
1783177856116 0.3158224821090698 611
1783177856131 0.22520050406455994 612
1783177856140 0.21056883037090302 613
1783177856177 0.17641417682170868 614
1783177856188 0.3316584527492523 615
1783177856277 0.10686059296131134 616
1783177856292 0.046949148178100586 617
1783177856298 0.13406556844711304 618
1783177856304 0.3813712000846863 619
1783177856310 0.08683588355779648 620
1783177856317 0.4252309203147888 621
1783177856333 0.4165407121181488 622
1783177856338 0.15933431684970856 623
1783177856345 0.20867635309696198 624
1783177856356 0.10186446458101273 625
1783177856365 0.1931518167257309 626
1783177856374 0.17210793495178223 627
1783177856458 0.20544017851352692 628
1783177856558 0.2952243983745575 629
1783177856654 0.3665276765823364 630
1783177856740 0.18576864898204803 631
1783177856840 0.17171159386634827 632
1783177856936 0.15342329442501068 633
1783177857035 0.14358137547969818 634
1783177857132 0.24426619708538055 635
1783177857228 0.23168358206748962 636
1783177857267 0.5071812868118286 637
1783177857276 0.24642091989517212 638
1783177857295 0.2623256742954254 639
1783177857301 0.45294609665870667 640
1783177857309 0.20981959998607635 641
1783177857315 0.22349686920642853 642
1783177857331 0.6200302839279175 643
1783177857372 0.17095570266246796 644
1783177857385 0.0860791876912117 645
1783177857397 0.24661807715892792 646
1783177857404 0.1956661343574524 647
1783177857412 0.042960770428180695 648
1783177857416 0.09226585179567337 649
1783177857423 0.6317737102508545 650
1783177857429 0.21277989447116852 651
1783177857481 0.17722898721694946 652
1783177857521 0.4354166090488434 653
1783177857567 0.6782717108726501 654
1783177857589 0.22039034962654114 655
1783177857606 0.06680610775947571 656
1783177857617 0.2523677349090576 657
1783177857631 0.10645373165607452 658
1783177857642 0.4586409330368042 659
1783177857656 0.3873461186885834 660
1783177857662 0.11740177124738693 661
1783177857668 0.31868454813957214 662
1783177857674 0.1521279364824295 663
1783177857687 0.3466813266277313 664
1783177857698 0.21831651031970978 665
1783177857710 0.30068257451057434 666
1783177857722 0.18684735894203186 667
1783177857728 0.13882982730865479 668
1783177857734 0.30999380350112915 669
1783177857740 0.5623157024383545 670
1783177857759 0.2629942297935486 671
1783177857794 0.09466207027435303 672
1783177857806 0.112177774310112 673
1783177857835 0.14461350440979004 674
1783177857866 0.6784167289733887 675
1783177857873 0.17188026010990143 676
1783177857878 0.1507750302553177 677
1783177857884 0.22720009088516235 678
1783177857896 0.14430341124534607 679
1783177857902 0.19037410616874695 680
1783177857908 0.14423511922359467 681
1783177857920 0.2253480702638626 682
1783177857932 0.3276485502719879 683
1783177857938 0.5253206491470337 684
1783177857950 0.7930185198783875 685
1783177857960 0.18091166019439697 686
1783177857968 0.4421622157096863 687
1783177857986 0.24942991137504578 688
1783177858011 0.18011781573295593 689
1783177858029 0.3112125098705292 690
1783177858047 0.05430139973759651 691
1783177858083 0.1348821222782135 692
1783177858107 0.3022579848766327 693
1783177858130 0.4838237762451172 694
1783177858152 0.5113380551338196 695
1783177858170 0.2946357727050781 696
1783177858183 0.24163305759429932 697
1783177858211 0.13654997944831848 698
1783177858251 0.2983880639076233 699
1783177858264 0.47139403223991394 700
1783177858288 0.26775819063186646 701
1783177858301 0.24834772944450378 702
1783177858393 0.31280243396759033 703
1783177858413 0.1902005970478058 704
1783177858430 0.5306437015533447 705
1783177858443 0.08721984177827835 706
1783177858451 0.523966372013092 707
1783177858471 0.23994675278663635 708
1783177858568 0.3713037073612213 709
1783177858660 0.2634100019931793 710
1783177858738 0.1744173914194107 711
1783177858824 0.12424812465906143 712
1783177858860 0.09734462201595306 713
1783177858887 0.12346489727497101 714
1783177858900 0.14262205362319946 715
1783177858915 0.15430918335914612 716
1783177858937 0.23434917628765106 717
1783177858950 0.14294280111789703 718
1783177858953 0.3103404641151428 719
1783177858960 0.19257067143917084 720
1783177858974 0.213026762008667 721
1783177859022 0.12757179141044617 722
1783177859035 0.382656455039978 723
1783177859044 0.23614127933979034 724
1783177859052 0.20160408318042755 725
1783177859058 0.11131937801837921 726
1783177859069 0.4900069832801819 727
1783177859088 0.04532186686992645 728
1783177859154 0.3363802134990692 729
1783177859164 0.32577913999557495 730
1783177859182 0.2700594663619995 731
1783177859206 0.24738141894340515 732
1783177859214 0.2446884661912918 733
1783177859273 0.2234693318605423 734
1783177859317 0.29293543100357056 735
1783177859352 0.2562323808670044 736
1783177859363 0.13868047297000885 737
1783177859375 0.1847524791955948 738
1783177859387 0.28754687309265137 739
1783177859399 0.10966688394546509 740
1783177859404 0.05575430393218994 741
1783177859468 0.36144518852233887 742
1783177859477 0.19561970233917236 743
1783177859489 0.3871402144432068 744
1783177859518 0.08748389780521393 745
1783177859614 0.42037972807884216 746
1783177859670 0.21097850799560547 747
1783177859682 0.08468284457921982 748
1783177859689 0.1549287885427475 749
1783177859706 0.40634533762931824 750
1783177859712 0.331511527299881 751
1783177859723 0.6058194041252136 752
1783177859739 0.31433916091918945 753
1783177859793 0.19103044271469116 754
1783177859873 0.21301279962062836 755
1783177859950 0.1906677484512329 756
1783177860040 0.2349964827299118 757
1783177860098 0.33593809604644775 758
1783177860103 0.21151797473430634 759
1783177860110 0.38339513540267944 760
1783177860116 0.2784073054790497 761
1783177860129 0.16278299689292908 762
1783177860133 0.24188673496246338 763
1783177860212 0.17844551801681519 764
1783177860300 0.2575933039188385 765
1783177860387 0.30243661999702454 766
1783177860394 0.13387548923492432 767
1783177860405 0.09653619676828384 768
1783177860417 0.21421962976455688 769
1783177860422 0.11905333399772644 770
1783177860429 0.28115758299827576 771
1783177860434 0.08504662662744522 772
1783177860442 0.38583841919898987 773
1783177860446 0.32226359844207764 774
1783177860454 0.3448329567909241 775
1783177860464 0.4554177224636078 776
1783177860481 0.0842924639582634 777
1783177860499 0.08489678800106049 778
1783177860511 0.3025873601436615 779
1783177860543 0.0684681236743927 780
1783177860580 0.15050500631332397 781
1783177860588 0.49316540360450745 782
1783177860600 0.4294080436229706 783
1783177860613 0.17740730941295624 784
1783177860629 0.6069509983062744 785
1783177860635 0.3027722239494324 786
1783177860642 0.6102614402770996 787
1783177860647 0.43924134969711304 788
1783177860654 0.17424161732196808 789
1783177860666 0.11662547290325165 790
1783177860677 0.4973005950450897 791
1783177860689 0.13576725125312805 792
1783177860708 0.4556080996990204 793
1783177860719 0.15148049592971802 794
1783177860737 0.36467432975769043 795
1783177860747 0.3872670829296112 796
1783177860754 0.7035890221595764 797
1783177860762 0.3182671070098877 798
1783177860769 0.14676503837108612 799
1783177860779 0.27328041195869446 800
1783177860785 0.39642083644866943 801
1783177860791 0.18287137150764465 802
1783177860798 0.3467958867549896 803
1783177860807 0.24796760082244873 804
1783177860816 0.2013334035873413 805
1783177860829 0.37178686261177063 806
1783177860847 0.06724131107330322 807
1783177860865 0.339299738407135 808
1783177860870 0.24715377390384674 809
1783177860900 0.2447919249534607 810
1783177860917 0.2706977427005768 811
1783177860924 0.12381202727556229 812
1783177860942 0.31687694787979126 813
1783177860948 0.34771546721458435 814
1783177860954 0.09802673757076263 815
1783177860964 0.06396810710430145 816
1783177860970 0.19605417549610138 817
1783177860992 0.13615670800209045 818
1783177861004 0.21528595685958862 819
1783177861010 0.13311098515987396 820
1783177861037 0.4120323657989502 821
1783177861066 0.1309618055820465 822
1783177861084 0.12395304441452026 823
1783177861090 0.37868592143058777 824
1783177861102 0.15507018566131592 825
1783177861108 0.2017504870891571 826
1783177861162 0.28072378039360046 827
1783177861206 0.2013462334871292 828
1783177861232 0.17149992287158966 829
1783177861243 0.027377357706427574 830
1783177861318 0.07483377307653427 831
1783177861323 0.12319719046354294 832
1783177861329 0.22667169570922852 833
1783177861354 0.13210564851760864 834
1783177861371 0.09186066687107086 835
1783177861392 0.2703859508037567 836
1783177861406 0.14231210947036743 837
1783177861413 0.12220542132854462 838
1783177861420 0.575089156627655 839
1783177861425 0.40871793031692505 840
1783177861438 0.20697654783725739 841
1783177861453 0.46844014525413513 842
1783177861462 0.30406296253204346 843
1783177861482 0.40712469816207886 844
1783177861514 0.44201424717903137 845
1783177861521 0.08544915914535522 846
1783177861532 0.08152750879526138 847
1783177861537 0.18221966922283173 848
1783177861549 0.39379069209098816 849
1783177861556 0.3006681501865387 850
1783177861564 0.1019916906952858 851
1783177861652 0.2486947923898697 852
1783177861671 0.09667819738388062 853
1783177861769 0.25143519043922424 854
1783177861782 0.19659921526908875 855
1783177861807 0.34670212864875793 856
1783177861828 0.1553405523300171 857
1783177861859 0.3584611117839813 858
1783177861928 0.10999276489019394 859
1783177861937 0.3551763594150543 860
1783177861946 0.204097181558609 861
1783177861988 0.2919503152370453 862
1783177862055 0.058999281376600266 863
1783177862061 0.04959489405155182 864
1783177862067 0.13545766472816467 865
1783177862073 0.12354191392660141 866
1783177862089 0.42471742630004883 867
1783177862104 0.20853233337402344 868
1783177862115 0.5144789218902588 869
1783177862133 0.336481511592865 870
1783177862139 0.1327587366104126 871
1783177862145 0.21416443586349487 872
1783177862151 0.6205229759216309 873
1783177862157 0.40167713165283203 874
1783177862253 0.140824556350708 875
1783177862345 0.09559905529022217 876
1783177862420 0.11387161165475845 877
1783177862487 0.11650464683771133 878
1783177862494 0.21537014842033386 879
1783177862512 0.3591707944869995 880
1783177862519 0.6387337446212769 881
1783177862535 0.07321300357580185 882
1783177862543 0.36782196164131165 883
1783177862549 0.3462944030761719 884
1783177862562 0.18797653913497925 885
1783177862568 0.23834706842899323 886
1783177862574 0.1466505378484726 887
1783177862580 0.3081953525543213 888
1783177862585 0.15330368280410767 889
1783177862591 0.1427413523197174 890
1783177862640 0.24180574715137482 891
1783177862656 0.20736436545848846 892
1783177862680 0.16297751665115356 893
1783177862739 0.19222016632556915 894
1783177862776 0.2011551409959793 895
1783177862787 0.20372451841831207 896
1783177862800 0.1746537834405899 897
1783177862807 0.17142567038536072 898
1783177862825 0.2836359441280365 899
1783177862834 0.17990277707576752 900
1783177862842 0.19206742942333221 901
1783177862847 0.13358651101589203 902
1783177862854 0.32837045192718506 903
1783177862867 0.21272258460521698 904
1783177862911 0.13956668972969055 905
1783177862921 0.16322122514247894 906
1783177862939 0.3065451681613922 907
1783177862957 0.9487699866294861 908
1783177862968 0.10315852612257004 909
1783177862975 0.22961103916168213 910
1783177862984 0.4530368447303772 911
1783177862998 0.5393679141998291 912
1783177863003 0.34862664341926575 913
1783177863015 0.3138468861579895 914
1783177863021 0.22263166308403015 915
1783177863028 0.5918236970901489 916
1783177863041 0.19015498459339142 917
1783177863053 0.2443116009235382 918
1783177863065 0.20468170940876007 919
1783177863071 0.23105701804161072 920
1783177863082 0.07535441219806671 921
1783177863089 0.25403690338134766 922
1783177863106 0.3322157859802246 923
1783177863119 0.3832564353942871 924
1783177863125 0.2487449198961258 925
1783177863131 0.32582762837409973 926
1783177863135 0.3931329548358917 927
1783177863141 0.10101719945669174 928
1783177863152 0.3783849775791168 929
1783177863157 0.21031902730464935 930
1783177863163 0.17046156525611877 931
1783177863253 0.2444119155406952 932
1783177863315 0.29995331168174744 933
1783177863327 0.1964380443096161 934
1783177863334 0.22211289405822754 935
1783177863338 0.053090181201696396 936
1783177863350 0.220865860581398 937
1783177863356 0.515735924243927 938
1783177863366 0.2939746677875519 939
1783177863412 0.33980900049209595 940
1783177863424 0.14285774528980255 941
1783177863436 0.28736642003059387 942
1783177863442 0.24503888189792633 943
1783177863448 0.16778214275836945 944
1783177863454 0.1355953812599182 945
1783177863490 0.16346600651741028 946
1783177863581 0.24203632771968842 947
1783177863600 0.291456013917923 948
1783177863606 0.3200525641441345 949
1783177863623 0.2670662999153137 950
1783177863659 0.171380877494812 951
1783177863682 0.10735159367322922 952
1783177863751 0.02365724742412567 953
1783177863856 0.6947156190872192 954
1783177863955 0.08749980479478836 955
1783177864034 0.10995525121688843 956
1783177864040 0.17406979203224182 957
1783177864088 0.14465108513832092 958
1783177864195 0.2845398783683777 959
1783177864296 0.15350495278835297 960
1783177864389 0.1769876629114151 961
1783177864493 0.10960528999567032 962
1783177864598 0.3916640877723694 963
1783177864684 0.2091999650001526 964
1783177864718 0.2667316794395447 965
1783177864811 0.37885522842407227 966
1783177864843 0.12446912378072739 967
1783177864899 0.10194370150566101 968
1783177864956 0.3240618109703064 969
1783177864970 0.16395100951194763 970
1783177865065 0.2341257929801941 971
1783177865167 0.055044759064912796 972
1783177865221 0.36112919449806213 973
1783177865232 0.13813985884189606 974
1783177865326 0.2521331310272217 975
1783177865361 0.35927069187164307 976
1783177865464 0.28997549414634705 977
1783177865570 0.2816379964351654 978
1783177865674 0.2636966109275818 979
1783177865774 0.23495054244995117 980
1783177865886 0.1345628798007965 981
1783177865990 0.2250821888446808 982
1783177866074 0.4588019847869873 983
1783177866087 0.07919982075691223 984
1783177866098 0.5379899740219116 985
1783177866105 0.6296970844268799 986
1783177866144 0.21743737161159515 987
1783177866173 0.4810848832130432 988
1783177866188 0.21737857162952423 989
1783177866194 0.2961346507072449 990
1783177866239 0.19734840095043182 991
1783177866250 0.14297395944595337 992
1783177866256 0.1929982453584671 993
1783177866263 0.3303249478340149 994
1783177866270 0.15697425603866577 995
1783177866276 0.3229195177555084 996
1783177866282 0.1348530501127243 997
1783177866332 0.17696787416934967 998
1783177866384 0.129026398062706 999
1783177866472 0.4169304668903351 1000
1783177866568 0.2280552089214325 1001
1783177866647 0.4162531793117523 1002
1783177866749 0.4031938910484314 1003
1783177866856 0.5555716753005981 1004
1783177866951 0.18411467969417572 1005
1783177867052 0.48992758989334106 1006
1783177867151 0.11953848600387573 1007
1783177867251 0.15718090534210205 1008
1783177867345 0.1202411875128746 1009
1783177867451 0.11070792376995087 1010
1783177867555 0.11582650244235992 1011
1783177867658 0.38206225633621216 1012
1783177867763 0.28320491313934326 1013
1783177867864 0.05842604488134384 1014
1783177867964 0.37879735231399536 1015
1783177868074 0.14719133079051971 1016
1783177868176 0.12658493220806122 1017
1783177868280 0.14282266795635223 1018
1783177868379 0.07526218891143799 1019
1783177868479 0.11250549554824829 1020
1783177868579 0.270596981048584 1021
1783177868685 0.3426452875137329 1022
1783177868780 0.38660869002342224 1023
1783177868881 0.5699502825737 1024
1783177868976 0.19238564372062683 1025
1783177869076 0.249236598610878 1026
1783177869180 0.17956259846687317 1027
1783177869279 0.11344245821237564 1028
1783177869383 0.4140460789203644 1029
1783177869487 0.5319651961326599 1030
1783177869594 0.3706921637058258 1031
1783177869692 0.049495238810777664 1032
1783177869791 0.061481259763240814 1033
1783177869812 0.14756646752357483 1034
1783177869831 0.230080708861351 1035
1783177869842 0.10125675797462463 1036
1783177869851 0.5733329057693481 1037
1783177869867 0.1876346319913864 1038
1783177869955 0.3580554127693176 1039
1783177869974 0.09075621515512466 1040
1783177869982 0.14233465492725372 1041
1783177870002 0.10942824184894562 1042
1783177870010 0.39761465787887573 1043
1783177870052 0.18592403829097748 1044
1783177870124 0.20629720389842987 1045
1783177870141 0.04792152717709541 1046
1783177870161 0.1895735114812851 1047
1783177870179 0.19688285887241364 1048
1783177870191 0.07058395445346832 1049
1783177870205 0.07728437334299088 1050
1783177870210 0.1885523796081543 1051
1783177870221 0.16975951194763184 1052
1783177870228 0.1975071281194687 1053
1783177870244 0.09851619601249695 1054
1783177870272 0.03440583869814873 1055
1783177870278 0.2042957991361618 1056
1783177870288 0.41176992654800415 1057
1783177870302 0.21199457347393036 1058
1783177870316 0.23459023237228394 1059
1783177870335 0.216129332780838 1060
1783177870341 0.2813517153263092 1061
1783177870347 0.12278163433074951 1062
1783177870372 0.17231784760951996 1063
1783177870388 0.3136886656284332 1064
1783177870404 0.10511953383684158 1065
1783177870421 0.1876136213541031 1066
1783177870433 0.23961426317691803 1067
1783177870495 0.14645317196846008 1068
1783177870591 0.38140347599983215 1069
1783177870691 0.06388644874095917 1070
1783177870717 0.3130044639110565 1071
1783177870784 0.18161067366600037 1072
1783177870791 0.09413400292396545 1073
1783177870797 0.147195503115654 1074
1783177870807 0.5439289808273315 1075
1783177870811 0.29417094588279724 1076
1783177870822 0.20233573019504547 1077
1783177870828 0.0831647515296936 1078
1783177870835 0.09866353124380112 1079
1783177870910 0.4688914120197296 1080
1783177870923 0.2952820360660553 1081
1783177870927 0.16098682582378387 1082
1783177870938 0.10722953081130981 1083
1783177870943 0.14386186003684998 1084
1783177870955 0.3364136219024658 1085
1783177870961 0.1700136512517929 1086
1783177870968 0.16905152797698975 1087
1783177870973 0.36227625608444214 1088
1783177871036 0.10404924303293228 1089
1783177871045 0.3290761411190033 1090
1783177871056 0.2229292094707489 1091
1783177871062 0.4636717140674591 1092
1783177871070 0.3627051115036011 1093
1783177871075 0.27044254541397095 1094
1783177871083 0.09362003207206726 1095
1783177871093 0.5561203956604004 1096
1783177871098 0.22027872502803802 1097
1783177871108 0.19145892560482025 1098
1783177871113 0.1412813514471054 1099
1783177871127 0.4046456515789032 1100
1783177871132 0.34760192036628723 1101
1783177871138 0.05907126143574715 1102
1783177871145 0.09690408408641815 1103
1783177871150 0.06271754205226898 1104
1783177871156 0.23505188524723053 1105
1783177871168 0.12208408862352371 1106
1783177871174 0.4954409599304199 1107
1783177871180 0.19192641973495483 1108
1783177871195 0.2215394377708435 1109
1783177871267 0.3574763536453247 1110
1783177871367 0.2383626401424408 1111
1783177871458 0.23866006731987 1112
1783177871554 0.3462909758090973 1113
1783177871649 0.17954814434051514 1114
1783177871741 0.0736728385090828 1115
1783177871833 0.15164221823215485 1116
1783177871919 0.16095922887325287 1117
1783177872026 0.43174028396606445 1118
1783177872137 0.45242786407470703 1119
1783177872239 0.14183244109153748 1120
1783177872344 0.19280533492565155 1121
1783177872450 0.3137904405593872 1122
1783177872552 0.3759905993938446 1123
1783177872663 0.3312325179576874 1124
1783177872689 0.4565318822860718 1125
1783177872706 0.08413823693990707 1126
1783177872753 0.1452467292547226 1127
1783177872779 0.2035159021615982 1128
1783177872790 0.3810494542121887 1129
1783177872809 0.0654774084687233 1130
1783177872814 0.27544891834259033 1131
1783177872826 0.5050757527351379 1132
1783177872930 0.15524037182331085 1133
1783177872978 0.19255296885967255 1134
1783177873069 0.16328561305999756 1135
1783177873126 0.35000020265579224 1136
1783177873149 0.1613052934408188 1137
1783177873162 0.1424667090177536 1138
1783177873182 0.21006205677986145 1139
1783177873231 0.26314035058021545 1140
1783177873332 0.32283344864845276 1141
1783177873443 0.11621440947055817 1142
1783177873551 0.08064106106758118 1143
1783177873651 0.2811828851699829 1144
1783177873752 0.48160669207572937 1145
1783177873854 0.1542518585920334 1146
1783177873966 0.1864815652370453 1147
1783177874074 0.20329953730106354 1148
1783177874174 0.3239556550979614 1149
1783177874273 0.09227374196052551 1150
1783177874373 0.09774447977542877 1151
1783177874474 0.16677026450634003 1152
1783177874571 0.06112857162952423 1153
1783177874671 0.16825467348098755 1154
1783177874771 0.45199644565582275 1155
1783177874872 0.2731766402721405 1156
1783177874977 0.30306777358055115 1157
1783177875080 0.15729235112667084 1158
1783177875187 0.5419266819953918 1159
1783177875287 0.18885596096515656 1160
1783177875390 0.12240611016750336 1161
1783177875496 0.14341586828231812 1162
1783177875601 0.13694769144058228 1163
1783177875710 0.23395687341690063 1164
1783177875821 0.14199727773666382 1165
1783177875929 0.20440727472305298 1166
1783177876034 0.10437463968992233 1167
1783177876141 0.25619885325431824 1168
1783177876244 0.08782446384429932 1169
1783177876348 0.24854592978954315 1170
1783177876451 0.13809092342853546 1171
1783177876552 0.13003385066986084 1172
1783177876664 0.16776283085346222 1173
1783177876772 0.0807742178440094 1174
1783177876863 0.11023671925067902 1175
1783177876957 0.1985883265733719 1176
1783177877066 0.13923831284046173 1177
1783177877177 0.10098475217819214 1178
1783177877268 0.04240299388766289 1179
1783177877372 0.16676299273967743 1180
1783177877476 0.0967186912894249 1181
1783177877584 0.2538890242576599 1182
1783177877693 0.05030246451497078 1183
1783177877792 0.23605304956436157 1184
1783177877890 0.035778094083070755 1185
1783177877985 0.07416210323572159 1186
1783177878085 0.3702757954597473 1187
1783177878152 0.0556560643017292 1188
1783177878250 0.03098011203110218 1189
1783177878346 0.6484132409095764 1190
1783177878406 0.11525525152683258 1191
1783177878453 0.28222379088401794 1192
1783177878477 0.33614015579223633 1193
1783177878491 0.3830609917640686 1194
1783177878495 0.11135687679052353 1195
1783177878583 0.3352792263031006 1196
1783177878685 0.18982994556427002 1197
1783177878779 0.09069022536277771 1198
1783177878867 0.15007315576076508 1199
1783177878971 0.3498072624206543 1200
1783177879063 0.1570395976305008 1201
1783177879164 0.13065430521965027 1202
1783177879261 0.2589293420314789 1203
1783177879353 0.18026113510131836 1204
1783177879423 0.07516108453273773 1205
1783177879450 0.07864699512720108 1206
1783177879461 0.05779145658016205 1207
1783177879494 0.017811384052038193 1208
1783177879501 0.37907806038856506 1209
1783177879519 0.3190826177597046 1210
1783177879543 0.03047318197786808 1211
1783177879563 0.08267185837030411 1212
1783177879654 0.2759192883968353 1213
1783177879742 0.12186191231012344 1214
1783177879808 0.11760368943214417 1215
1783177879857 0.08639431744813919 1216
1783177879868 0.0677012950181961 1217
1783177879881 0.34310775995254517 1218
1783177879892 0.17458710074424744 1219
1783177879899 0.028719356283545494 1220
1783177879903 0.18494585156440735 1221
1783177879932 0.17796321213245392 1222
1783177879961 0.2429496794939041 1223
1783177879993 0.09540659189224243 1224
1783177880019 0.22824017703533173 1225
1783177880036 0.2749875783920288 1226
1783177880075 0.6756891012191772 1227
1783177880097 0.21604691445827484 1228
1783177880104 0.2366221398115158 1229
1783177880110 0.16712822020053864 1230
1783177880138 0.4491029679775238 1231
1783177880156 0.22338272631168365 1232
1783177880171 0.18427373468875885 1233
1783177880186 0.3210170269012451 1234
1783177880213 0.2775830328464508 1235
1783177880231 0.2503398060798645 1236
1783177880280 0.1943739950656891 1237
1783177880293 0.506409764289856 1238
1783177880378 0.2886195182800293 1239
1783177880421 0.28356459736824036 1240
1783177880498 0.1743038147687912 1241
1783177880505 0.34482482075691223 1242
1783177880529 0.06164536252617836 1243
1783177880635 0.10061518847942352 1244
1783177880692 0.27201396226882935 1245
1783177880765 0.3721131980419159 1246
1783177880806 0.34917232394218445 1247
1783177880817 0.3624323308467865 1248
1783177880829 0.37466883659362793 1249
1783177880835 0.15100564062595367 1250
1783177880842 0.2186252772808075 1251
1783177880848 0.16963930428028107 1252
1783177880870 0.15776149928569794 1253
1783177880939 0.07798727601766586 1254
1783177880960 0.21476809680461884 1255
1783177880973 0.09512448310852051 1256
1783177881034 0.07529351860284805 1257
1783177881050 0.1371588259935379 1258
1783177881063 0.3218683898448944 1259
1783177881093 0.23627756536006927 1260
1783177881144 0.12476244568824768 1261
1783177881229 0.036644089967012405 1262
1783177881336 0.10756751894950867 1263
1783177881436 0.4734838008880615 1264
1783177881537 0.2625153958797455 1265
1783177881561 0.19122418761253357 1266
1783177881575 0.07987834513187408 1267
1783177881610 0.09395675361156464 1268
1783177881641 0.2765448987483978 1269
1783177881737 0.08207932859659195 1270
1783177881751 0.19001050293445587 1271
1783177881775 0.12264349311590195 1272
1783177881868 0.1357840597629547 1273
1783177881881 0.22971779108047485 1274
1783177881900 0.2894272804260254 1275
1783177881905 0.18324553966522217 1276
1783177881916 0.20105452835559845 1277
1783177881924 0.2695062756538391 1278
1783177881933 0.09068156778812408 1279
1783177881939 0.20919398963451385 1280
1783177881952 0.24739724397659302 1281
1783177881960 0.21667663753032684 1282
1783177881971 0.23353321850299835 1283
1783177881988 0.15234196186065674 1284
1783177882020 0.10444291681051254 1285
1783177882030 0.24976468086242676 1286
1783177882036 0.1810612678527832 1287
1783177882054 0.23391391336917877 1288
1783177882072 0.22950227558612823 1289
1783177882181 0.5430776476860046 1290
1783177882283 0.05976194143295288 1291
1783177882384 0.4755890667438507 1292
1783177882496 0.8248258233070374 1293
1783177882520 0.18519842624664307 1294
1783177882532 0.1446589231491089 1295
1783177882561 0.19308792054653168 1296
1783177882587 0.07879717648029327 1297
1783177882659 0.23575535416603088 1298
1783177882709 0.2514001727104187 1299
1783177882781 0.1448018103837967 1300
1783177882797 0.16012760996818542 1301
1783177882805 0.13553638756275177 1302
1783177882810 0.12985341250896454 1303
1783177882891 0.1436144858598709 1304
1783177882925 0.12242724001407623 1305
1783177883015 0.17264878749847412 1306
1783177883054 0.18371689319610596 1307
1783177883061 0.19752153754234314 1308
1783177883162 0.2903135120868683 1309
1783177883210 0.07429108768701553 1310
1783177883223 0.16579940915107727 1311
1783177883240 0.07096846401691437 1312
1783177883344 0.07787612825632095 1313
1783177883453 0.12644658982753754 1314
1783177883553 0.16323956847190857 1315
1783177883659 0.14730031788349152 1316
1783177883750 0.16673852503299713 1317
1783177883853 0.29939037561416626 1318
1783177883963 0.16197730600833893 1319
1783177884067 0.058581408113241196 1320
1783177884164 0.16726362705230713 1321
1783177884251 0.11174386739730835 1322
1783177884352 0.2837129235267639 1323
1783177884454 0.05054471269249916 1324
1783177884551 0.17543095350265503 1325
1783177884664 0.11255086213350296 1326
1783177884765 0.11002447456121445 1327
1783177884867 0.21731629967689514 1328
1783177884969 0.20241080224514008 1329
1783177885074 0.1178329661488533 1330
1783177885176 0.15128573775291443 1331
1783177885277 0.08112169057130814 1332
1783177885378 0.18546828627586365 1333
1783177885449 0.06968534737825394 1334
1783177885455 0.20871230959892273 1335
1783177885462 0.11228843033313751 1336
1783177885468 0.0375879742205143 1337
1783177885567 0.16771990060806274 1338
1783177885663 0.20174744725227356 1339
1783177885757 0.15794451534748077 1340
1783177885854 0.2591800391674042 1341
1783177885949 0.31939390301704407 1342
1783177886052 0.12224936485290527 1343
1783177886118 0.21055224537849426 1344
1783177886168 0.23263850808143616 1345
1783177886267 0.18188612163066864 1346
1783177886299 0.065678671002388 1347
1783177886354 0.17282018065452576 1348
1783177886448 0.04681485518813133 1349
1783177886463 0.20695672929286957 1350
1783177886476 0.07946770638227463 1351
1783177886485 0.2671484351158142 1352
1783177886491 0.1833963543176651 1353
1783177886503 0.05478433892130852 1354
1783177886591 0.13311488926410675 1355
1783177886612 0.28492799401283264 1356
1783177886621 0.27008506655693054 1357
1783177886628 0.2996939420700073 1358
1783177886635 0.18003317713737488 1359
1783177886641 0.05215301364660263 1360
1783177886647 0.14029927551746368 1361
1783177886653 0.6092239022254944 1362
1783177886659 0.09085014462471008 1363
1783177886665 0.24679812788963318 1364
1783177886671 0.052494149655103683 1365
1783177886677 0.22089821100234985 1366
1783177886683 0.2194461077451706 1367
1783177886689 0.04915802925825119 1368
1783177886703 0.1517466902732849 1369
1783177886708 0.043998345732688904 1370
1783177886736 0.5026976466178894 1371
1783177886748 0.082675501704216 1372
1783177886760 0.0815301463007927 1373
1783177886777 0.18082307279109955 1374
1783177886784 0.2968379259109497 1375
1783177886790 0.07159311324357986 1376
1783177886796 0.3192828297615051 1377
1783177886803 0.22505329549312592 1378
1783177886819 0.24042794108390808 1379
1783177886827 0.1345929205417633 1380
1783177886830 0.3272763192653656 1381
1783177886833 0.2096116989850998 1382
1783177886836 0.0259107556194067 1383
1783177886839 0.1618417203426361 1384
1783177886845 0.1401672214269638 1385
1783177886850 0.01767020858824253 1386
1783177886856 0.13958792388439178 1387
1783177886862 0.15501099824905396 1388
1783177886870 0.3317548930644989 1389
1783177886914 0.15052029490470886 1390
1783177886919 0.06033742427825928 1391
1783177886924 0.22319121658802032 1392
1783177886931 0.12918440997600555 1393
1783177887016 0.24727453291416168 1394
1783177887088 0.054095592349767685 1395
1783177887102 0.12628869712352753 1396
1783177887107 0.3951915204524994 1397
1783177887116 0.13354328274726868 1398
1783177887122 0.19429007172584534 1399
1783177887129 0.10524942725896835 1400
1783177887136 0.0671311542391777 1401
1783177887152 0.20819078385829926 1402
1783177887165 0.1063784807920456 1403
1783177887176 0.0808166116476059 1404
1783177887187 0.17995108664035797 1405
1783177887200 0.3296302258968353 1406
1783177887207 0.13607533276081085 1407
1783177887222 0.20546488463878632 1408
1783177887240 0.4006005525588989 1409
1783177887252 0.16259075701236725 1410
1783177887258 0.13865713775157928 1411
1783177887312 0.10139506310224533 1412
1783177887348 0.15133404731750488 1413
1783177887362 0.23035916686058044 1414
1783177887389 0.12169777601957321 1415
1783177887402 0.27038025856018066 1416
1783177887408 0.31882914900779724 1417
1783177887416 0.09216189384460449 1418
1783177887420 0.4589563012123108 1419
1783177887425 0.15299178659915924 1420
1783177887431 0.07231737673282623 1421
1783177887435 0.09282893687486649 1422
1783177887451 0.1417865753173828 1423
1783177887460 0.2770335078239441 1424
1783177887474 0.2548946142196655 1425
1783177887486 0.09515237808227539 1426
1783177887493 0.2920222878456116 1427
1783177887504 0.35428765416145325 1428
1783177887537 0.1266188621520996 1429
1783177887640 0.3590833842754364 1430
1783177887733 0.0960627943277359 1431
1783177887818 0.06538861244916916 1432
1783177887846 0.19767816364765167 1433
1783177887909 0.031510140746831894 1434
1783177887941 0.17157959938049316 1435
1783177887946 0.5738013386726379 1436
1783177887955 0.050428666174411774 1437
1783177887975 0.08085550367832184 1438
1783177888060 0.1267538070678711 1439
1783177888079 0.3142032027244568 1440
1783177888091 0.05191416293382645 1441
1783177888106 0.3867521286010742 1442
1783177888115 0.14763957262039185 1443
1783177888199 0.21622495353221893 1444
1783177888244 0.12937259674072266 1445
1783177888260 0.27419736981391907 1446
1783177888347 0.37141653895378113 1447
1783177888407 0.07115486264228821 1448
1783177888507 0.036356717348098755 1449
1783177888556 0.7047547698020935 1450
1783177888564 0.3785337805747986 1451
1783177888577 0.05433342233300209 1452
1783177888583 0.3946568965911865 1453
1783177888589 0.25138211250305176 1454
1783177888613 0.17229481041431427 1455
1783177888632 0.33774203062057495 1456
1783177888643 0.12874920666217804 1457
1783177888651 0.0841953381896019 1458
1783177888700 0.02156987600028515 1459
1783177888707 0.046337734907865524 1460
1783177888713 0.058460067957639694 1461
1783177888719 0.30334681272506714 1462
1783177888761 0.049570757895708084 1463
1783177888783 0.1976698487997055 1464
1783177888792 0.5082215666770935 1465
1783177888799 0.15069766342639923 1466
1783177888811 0.26462605595588684 1467
1783177888819 0.1006021648645401 1468
1783177888824 0.07615425437688828 1469
1783177888830 0.08946020156145096 1470
1783177888835 0.28234007954597473 1471
1783177888842 0.1474400758743286 1472
1783177888888 0.11359791457653046 1473
1783177888894 0.6772915720939636 1474
1783177888917 0.07824964076280594 1475
1783177888958 0.05359943211078644 1476
1783177888964 0.026960669085383415 1477
1783177888979 0.25746357440948486 1478
1783177888988 0.14470873773097992 1479
1783177888994 0.14927634596824646 1480
1783177889006 0.016963809728622437 1481
1783177889012 0.09033951163291931 1482
1783177889021 0.18498463928699493 1483
1783177889078 0.1616264283657074 1484
1783177889097 0.24878336489200592 1485
1783177889147 0.10307224094867706 1486
1783177889170 0.2861185073852539 1487
1783177889215 0.12193380296230316 1488
1783177889317 0.07679596543312073 1489
1783177889416 0.22211314737796783 1490
1783177889430 0.4064938426017761 1491
1783177889456 0.15189765393733978 1492
1783177889518 0.11073794215917587 1493
1783177889578 0.23970778286457062 1494
1783177889590 0.26606449484825134 1495
1783177889596 0.3978423774242401 1496
1783177889613 0.1323583722114563 1497
1783177889625 0.062390949577093124 1498
1783177889631 0.3721564710140228 1499
1783177889643 0.14870423078536987 1500
1783177889737 0.18265041708946228 1501
1783177889841 0.08891275525093079 1502
1783177889941 0.05064474791288376 1503
1783177890027 0.10931532084941864 1504
1783177890122 0.09941213577985764 1505
1783177890231 0.019488247111439705 1506
1783177890328 0.10840292274951935 1507
1783177890423 0.13400490581989288 1508
1783177890521 0.059911325573921204 1509
1783177890612 0.17139393091201782 1510
1783177890717 0.3699606657028198 1511
1783177890821 0.16767773032188416 1512
1783177890923 0.2859208881855011 1513
1783177891025 0.1702614426612854 1514
1783177891123 0.08001531660556793 1515
1783177891148 0.30635085701942444 1516
1783177891179 0.15051153302192688 1517
1783177891263 0.28818100690841675 1518
1783177891287 0.11967459321022034 1519
1783177891294 0.1966707557439804 1520
1783177891300 0.227966770529747 1521
1783177891365 0.26071566343307495 1522
1783177891407 0.03560813143849373 1523
1783177891415 0.12567093968391418 1524
1783177891420 0.30335283279418945 1525
1783177891426 0.23257212340831757 1526
1783177891438 0.09491275250911713 1527
1783177891445 0.19948600232601166 1528
1783177891544 0.24444764852523804 1529
1783177891598 0.08735839277505875 1530
1783177891604 0.26171207427978516 1531
1783177891611 0.7021839022636414 1532
1783177891616 0.21614930033683777 1533
1783177891622 0.19952432811260223 1534
1783177891628 0.07552758604288101 1535
1783177891647 0.22047853469848633 1536
1783177891657 0.06280998885631561 1537
1783177891756 0.13655370473861694 1538
1783177891773 0.07211759686470032 1539
1783177891791 0.16523997485637665 1540
1783177891797 0.22738665342330933 1541
1783177891813 0.09808191657066345 1542
1783177891839 0.1253374069929123 1543
1783177891900 0.2023254632949829 1544
1783177891915 0.3584415912628174 1545
1783177891929 0.14301380515098572 1546
1783177891939 0.14827421307563782 1547
1783177891954 0.013673094101250172 1548
1783177891960 0.11258731037378311 1549
1783177891966 0.12892302870750427 1550
1783177891977 0.25726911425590515 1551
1783177891991 0.04728532209992409 1552
1783177891999 0.08544561266899109 1553
1783177892020 0.10027813166379929 1554
1783177892026 0.18948163092136383 1555
1783177892122 0.18685461580753326 1556
1783177892141 0.1713453233242035 1557
1783177892150 0.13101151585578918 1558
1783177892160 0.07036260515451431 1559
1783177892179 0.03288527578115463 1560
1783177892191 0.08502473682165146 1561
1783177892272 0.26908546686172485 1562
1783177892289 0.2070481777191162 1563
1783177892303 0.16185897588729858 1564
1783177892374 0.13439317047595978 1565
1783177892380 0.1425546407699585 1566
1783177892386 0.07670183479785919 1567
1783177892398 0.27236101031303406 1568
1783177892411 0.49493148922920227 1569
1783177892423 0.025300076231360435 1570
1783177892430 0.12120573222637177 1571
1783177892436 0.04870136082172394 1572
1783177892443 0.19279684126377106 1573
1783177892457 0.06771928071975708 1574
1783177892464 0.19515904784202576 1575
1783177892470 0.056143052875995636 1576
1783177892481 0.5902203917503357 1577
1783177892488 0.45199906826019287 1578
1783177892496 0.3487200140953064 1579
1783177892577 0.044249869883060455 1580
1783177892587 0.12957337498664856 1581
1783177892593 0.2696084678173065 1582
1783177892599 0.12273053079843521 1583
1783177892609 0.13562846183776855 1584
1783177892619 0.03871262073516846 1585
1783177892623 0.07438018172979355 1586
1783177892631 0.33206379413604736 1587
1783177892662 0.11383497714996338 1588
1783177892690 0.23558752238750458 1589
1783177892761 0.1230439692735672 1590
1783177892766 0.04493926465511322 1591
1783177892778 0.12322667986154556 1592
1783177892790 0.2061994969844818 1593
1783177892822 0.2861512005329132 1594
1783177892892 0.3376512825489044 1595
1783177892899 0.06937399506568909 1596
1783177892916 0.016653412953019142 1597
1783177893001 0.2594035267829895 1598
1783177893056 0.5385412573814392 1599
1783177893130 0.11076951026916504 1600
1783177893137 0.18925121426582336 1601
1783177893145 0.6905718445777893 1602
1783177893176 0.0428876057267189 1603
1783177893183 0.022209398448467255 1604
1783177893192 0.22463375329971313 1605
1783177893199 0.07315349578857422 1606
1783177893203 0.15083031356334686 1607
1783177893208 0.17498280107975006 1608
1783177893213 0.20888826251029968 1609
1783177893221 0.4389391839504242 1610
1783177893226 0.24971948564052582 1611
1783177893231 0.2658865749835968 1612
1783177893238 0.4543417692184448 1613
1783177893256 0.03853178024291992 1614
1783177893263 0.0870470255613327 1615
1783177893285 0.06869608163833618 1616
1783177893299 0.21280239522457123 1617
1783177893354 0.013678099028766155 1618
1783177893408 0.20592930912971497 1619
1783177893415 0.17375582456588745 1620
1783177893433 0.27731120586395264 1621
1783177893457 0.11056846380233765 1622
1783177893529 0.49070847034454346 1623
1783177893622 0.12006564438343048 1624
1783177893679 0.20153756439685822 1625
1783177893692 0.17971517145633698 1626
1783177893715 0.22251339256763458 1627
1783177893825 0.13488861918449402 1628
1783177893912 0.132518008351326 1629
1783177894004 0.19848059117794037 1630
1783177894104 0.12795603275299072 1631
1783177894203 0.23142920434474945 1632
1783177894294 0.05656662955880165 1633
1783177894390 0.04084489122033119 1634
1783177894485 0.10994093865156174 1635
1783177894589 0.05352669954299927 1636
1783177894675 0.1303200125694275 1637
1783177894747 0.267137736082077 1638
1783177894771 0.16915300488471985 1639
1783177894774 0.32408639788627625 1640
1783177894788 0.36943599581718445 1641
1783177894799 0.2031610608100891 1642
1783177894847 0.2798275351524353 1643
1783177894887 0.19860413670539856 1644
1783177894894 0.07261829823255539 1645
1783177894982 0.6340392827987671 1646
1783177894995 0.2246788740158081 1647
1783177895000 0.5376470685005188 1648
1783177895007 0.17250396311283112 1649
1783177895011 0.15774746239185333 1650
1783177895028 0.05692526698112488 1651
1783177895064 0.4647331237792969 1652
1783177895080 0.1717233955860138 1653
1783177895090 0.15524159371852875 1654
1783177895103 0.2520582675933838 1655
1783177895109 0.28853774070739746 1656
1783177895113 0.14230898022651672 1657
1783177895119 0.20735421776771545 1658
1783177895125 0.18533898890018463 1659
1783177895215 0.09336845576763153 1660
1783177895302 0.13270851969718933 1661
1783177895384 0.06854557991027832 1662
1783177895396 0.1357446312904358 1663
1783177895416 0.22449606657028198 1664
1783177895441 0.1468089520931244 1665
1783177895531 0.0880599170923233 1666
1783177895549 0.17634066939353943 1667
1783177895580 0.20574097335338593 1668
1783177895654 0.21382197737693787 1669
1783177895669 0.3952738046646118 1670
1783177895744 0.21016265451908112 1671
1783177895819 0.0672045424580574 1672
1783177895904 0.11598831415176392 1673
1783177896003 0.3057691752910614 1674
1783177896105 0.2953486442565918 1675
1783177896205 0.17862695455551147 1676
1783177896306 0.12915512919425964 1677
1783177896405 0.2953397333621979 1678
1783177896508 0.052985962480306625 1679
1783177896613 0.29024988412857056 1680
1783177896715 0.0396728552877903 1681
1783177896818 0.3679649531841278 1682
1783177896922 0.1568194031715393 1683
1783177897025 0.15525169670581818 1684
1783177897127 0.691974937915802 1685
1783177897234 0.16636644303798676 1686
1783177897343 0.22728890180587769 1687
1783177897443 0.07004500180482864 1688
1783177897549 0.1774432212114334 1689
1783177897658 0.04032594710588455 1690
1783177897774 0.21404290199279785 1691
1783177897829 0.33879655599594116 1692
1783177897857 0.20131491124629974 1693
1783177897869 0.19355511665344238 1694
1783177897886 0.35951465368270874 1695
1783177897970 0.224090576171875 1696
1783177898062 0.29571741819381714 1697
1783177898100 0.12058720737695694 1698
1783177898105 0.11715705692768097 1699
1783177898135 0.35171347856521606 1700
1783177898148 0.36576610803604126 1701
1783177898201 0.1500166803598404 1702
1783177898298 0.13387878239154816 1703
1783177898402 0.3230476975440979 1704
1783177898506 0.16742482781410217 1705
1783177898609 0.19530509412288666 1706
1783177898706 0.10708186030387878 1707
1783177898810 0.051742713898420334 1708
1783177898915 0.2945510149002075 1709
1783177899016 0.10972830653190613 1710
1783177899120 0.08285456150770187 1711
1783177899223 0.04079728573560715 1712
1783177899326 0.25518307089805603 1713
1783177899429 0.23940646648406982 1714
1783177899534 0.333360493183136 1715
1783177899638 0.11306443065404892 1716
1783177899743 0.06349985301494598 1717
1783177899846 0.09056640416383743 1718
1783177899953 0.16778479516506195 1719
1783177900070 0.1669236421585083 1720
1783177900176 0.046914633363485336 1721
1783177900281 0.2265128642320633 1722
1783177900389 0.10893996059894562 1723
1783177900487 0.34612005949020386 1724
1783177900562 0.1071472018957138 1725
1783177900652 0.08928177505731583 1726
1783177900665 0.10052505135536194 1727
1783177900678 0.12662546336650848 1728
1783177900685 0.03221241384744644 1729
1783177900695 0.18507753312587738 1730
1783177900756 0.3078625798225403 1731
1783177900858 0.15487448871135712 1732
1783177900962 0.040749914944171906 1733
1783177901067 0.07755260169506073 1734
1783177901172 0.03588017076253891 1735
1783177901277 0.15838755667209625 1736
1783177901360 0.024985942989587784 1737
1783177901461 0.24678905308246613 1738
1783177901474 0.22967588901519775 1739
1783177901518 0.32146546244621277 1740
1783177901603 0.042696401476860046 1741
1783177901616 0.14948570728302002 1742
1783177901622 0.22798381745815277 1743
1783177901722 0.13214051723480225 1744
1783177901832 0.1572323888540268 1745
1783177901845 0.27862316370010376 1746
1783177901911 0.1971454620361328 1747
1783177901959 0.02739277295768261 1748
1783177901973 0.2742648720741272 1749
1783177902017 0.0270446315407753 1750
1783177902116 0.05780736356973648 1751
1783177902215 0.3691193461418152 1752
1783177902325 0.0165825467556715 1753
1783177902380 0.013122512958943844 1754
1783177902481 0.29454663395881653 1755
1783177902565 0.20737257599830627 1756
1783177902608 0.1673973798751831 1757
1783177902626 0.07706788182258606 1758
1783177902702 0.2358127236366272 1759
1783177902754 0.1531694084405899 1760
1783177902760 0.036985281854867935 1761
1783177902772 0.12415660172700882 1762
1783177902784 0.10119761526584625 1763
1783177902792 0.07835758477449417 1764
1783177902803 0.20142197608947754 1765
1783177902815 0.06909921020269394 1766
1783177902826 0.042795199900865555 1767
1783177902833 0.3424569368362427 1768
1783177902935 0.09821460396051407 1769
1783177902973 0.17174527049064636 1770
1783177902992 0.11102745682001114 1771
1783177903034 0.056598763912916183 1772
1783177903119 0.09902773797512054 1773
1783177903193 0.0428927019238472 1774
1783177903295 0.1674940437078476 1775
1783177903345 0.1510995328426361 1776
1783177903398 0.15859904885292053 1777
1783177903454 0.15287157893180847 1778
1783177903466 0.3201855421066284 1779
1783177903478 0.29265034198760986 1780
1783177903499 0.015779394656419754 1781
1783177903538 0.10374195873737335 1782
1783177903565 0.06745768338441849 1783
1783177903574 0.08002826571464539 1784
1783177903593 0.09946388006210327 1785
1783177903603 0.22509980201721191 1786
1783177903616 0.030950184911489487 1787
1783177903629 0.09477145969867706 1788
1783177903734 0.24518990516662598 1789
1783177903782 0.34078481793403625 1790
1783177903853 0.43302303552627563 1791
1783177903871 0.5219181776046753 1792
1783177903880 0.26552632451057434 1793
1783177903945 0.026030635461211205 1794
1783177903974 0.22830288112163544 1795
1783177903986 0.19914929568767548 1796
1783177903999 0.13717789947986603 1797
1783177904016 0.04001595079898834 1798
1783177904029 0.09181997925043106 1799
1783177904040 0.04857794940471649 1800
1783177904053 0.20640195906162262 1801
1783177904059 0.651951789855957 1802
1783177904101 0.045958083122968674 1803
1783177904152 0.1792806088924408 1804
1783177904201 0.11732181906700134 1805
1783177904207 0.10350211709737778 1806
1783177904265 0.018773555755615234 1807
1783177904291 0.0811804011464119 1808
1783177904316 0.030834730714559555 1809
1783177904415 0.099369116127491 1810
1783177904454 0.0324285514652729 1811
1783177904476 0.1730702966451645 1812
1783177904485 0.04155862331390381 1813
1783177904491 0.2330407202243805 1814
1783177904543 0.29426681995391846 1815
1783177904644 0.31216850876808167 1816
1783177904749 0.23403625190258026 1817
1783177904819 0.028514791280031204 1818
1783177904830 0.15962384641170502 1819
1783177904848 0.1794808804988861 1820
1783177904867 0.10696771740913391 1821
1783177904959 0.05183616653084755 1822
1783177904969 0.16780278086662292 1823
1783177904983 0.1143515557050705 1824
1783177904989 0.04438216611742973 1825
1783177905001 0.18638677895069122 1826
1783177905008 0.06112125888466835 1827
1783177905025 0.13328850269317627 1828
1783177905042 0.29514139890670776 1829
1783177905054 0.22667747735977173 1830
1783177905060 0.17274165153503418 1831
1783177905072 0.47301748394966125 1832
1783177905079 0.16561998426914215 1833
1783177905084 0.3123427629470825 1834
1783177905133 0.12439550459384918 1835
1783177905138 0.027328675612807274 1836
1783177905145 0.19894377887248993 1837
1783177905151 0.2482622116804123 1838
1783177905157 0.34328290820121765 1839
1783177905168 0.24538901448249817 1840
1783177905216 0.3211177885532379 1841
1783177905223 0.051084019243717194 1842
1783177905249 0.1882900595664978 1843
1783177905307 0.10907568037509918 1844
1783177905312 0.12932626903057098 1845
1783177905317 0.32990697026252747 1846
1783177905323 0.4454970955848694 1847
1783177905331 0.09287876635789871 1848
1783177905336 0.3496784269809723 1849
1783177905441 0.6568222641944885 1850
1783177905464 0.2899479269981384 1851
1783177905498 0.038260363042354584 1852
1783177905594 0.18124358355998993 1853
1783177905639 0.24025094509124756 1854
1783177905653 0.17851337790489197 1855
1783177905665 0.1286780834197998 1856
1783177905672 0.14263015985488892 1857
1783177905677 0.3289467692375183 1858
1783177905685 0.42041251063346863 1859
1783177905722 0.06097015365958214 1860
1783177905751 0.2621879577636719 1861
1783177905757 0.1439605951309204 1862
1783177905786 0.07512194663286209 1863
1783177905835 0.18954837322235107 1864
1783177905848 0.2372688204050064 1865
1783177905859 0.4758395552635193 1866
1783177905868 0.16696497797966003 1867
1783177905872 0.13821494579315186 1868
1783177905877 0.014780229888856411 1869
1783177905884 0.44796299934387207 1870
1783177905890 0.1530950665473938 1871
1783177905900 0.14805515110492706 1872
1783177905905 0.18444186449050903 1873
1783177905951 0.011783122085034847 1874
1783177909137 0.15855295956134796 1875
1783177909234 0.14694036543369293 1876
1783177909262 0.04755916818976402 1877
1783177909271 0.1701408326625824 1878
1783177909276 0.3059733510017395 1879
1783177909362 0.0886024609208107 1880
1783177909409 0.08775217086076736 1881
1783177909448 0.21515555679798126 1882
1783177909473 0.28250065445899963 1883
1783177909478 0.13979603350162506 1884
1783177909486 0.3174079954624176 1885
1783177909491 0.2517486810684204 1886
1783177909496 0.15289607644081116 1887
1783177909526 0.20760035514831543 1888
1783177909533 0.13230779767036438 1889
1783177909538 0.0682637095451355 1890
1783177909701 0.1274125725030899 1891
1783177909802 0.09256917238235474 1892
1783177909897 0.02233484759926796 1893
1783177910000 0.038849566131830215 1894
1783177910100 0.2178163230419159 1895
1783177910207 0.27529799938201904 1896
1783177910307 0.14346925914287567 1897
1783177910408 0.19877424836158752 1898
1783177910512 0.17656604945659637 1899
1783177910614 0.12881004810333252 1900
1783177910713 0.20541033148765564 1901
1783177910814 0.17241661250591278 1902
1783177910911 0.4820268750190735 1903
1783177911015 0.13606728613376617 1904
1783177911113 0.19303777813911438 1905
1783177911200 0.02785213105380535 1906
1783177911294 0.09901205450296402 1907
1783177911379 0.201360285282135 1908
1783177911458 0.03810235485434532 1909
1783177911543 0.0992695763707161 1910
1783177911647 0.12469739466905594 1911
1783177911749 0.08431220799684525 1912
1783177911851 0.2054797112941742 1913
1783177911949 0.11845758557319641 1914
1783177912049 0.050559960305690765 1915
1783177912152 0.11498960852622986 1916
1783177912254 0.08641240000724792 1917
1783177912356 0.031726252287626266 1918
1783177912459 0.1310940980911255 1919
1783177912561 0.04166852682828903 1920
1783177912662 0.621261715888977 1921
1783177912764 0.065883107483387 1922
1783177912866 0.06116916239261627 1923
1783177912969 0.062215663492679596 1924
1783177913151 0.09668418020009995 1925
1783177913252 0.23680925369262695 1926
1783177913350 0.038463082164525986 1927
1783177913453 0.07710656523704529 1928
1783177913551 0.037257201969623566 1929
1783177913647 0.06090015172958374 1930
1783177913743 0.033859170973300934 1931
1783177913844 0.3250783681869507 1932
1783177913944 0.20173195004463196 1933
1783177914048 0.05522366240620613 1934
1783177914161 0.23522083461284637 1935
1783177914256 0.018529804423451424 1936
1783177914361 0.24029383063316345 1937
1783177914421 0.11196102201938629 1938
1783177914425 0.09834643453359604 1939
1783177914430 0.03425664082169533 1940
1783177914435 0.2340133637189865 1941
1783177914442 0.3931105434894562 1942
1783177914457 0.24135082960128784 1943
1783177914465 0.026467053219676018 1944
1783177914480 0.2172006070613861 1945
1783177914537 0.20187805593013763 1946
1783177914588 0.032485879957675934 1947
1783177914599 0.018540479242801666 1948
1783177914618 0.06320208311080933 1949
1783177914704 0.06630633771419525 1950
1783177914776 0.18065612018108368 1951
1783177914804 0.13325761258602142 1952
1783177914811 0.048252005130052567 1953
1783177914921 0.06509149819612503 1954
1783177915016 0.05392742529511452 1955
1783177915102 0.10376788675785065 1956
1783177915178 0.16682590544223785 1957
1783177915278 0.030266784131526947 1958
1783177915299 0.16313761472702026 1959
1783177915332 0.04177230969071388 1960
1783177915386 0.1379106491804123 1961
1783177915410 0.29066354036331177 1962
1783177915415 0.04424344748258591 1963
1783177915431 0.08536488562822342 1964
1783177915438 0.20831459760665894 1965
1783177915444 0.10005882382392883 1966
1783177915454 0.10436683893203735 1967
1783177915462 0.6044999361038208 1968
1783177915470 0.19611281156539917 1969
1783177915475 0.048110272735357285 1970
1783177915482 0.05447128787636757 1971
1783177915498 0.13704650104045868 1972
1783177915511 0.15414774417877197 1973
1783177915517 0.1268390715122223 1974
1783177915524 0.13493433594703674 1975
1783177915547 0.09431564807891846 1976
1783177915649 0.16275613009929657 1977
1783177915738 0.4200129508972168 1978
1783177915810 0.1685533970594406 1979
1783177915845 0.12165552377700806 1980
1783177915944 0.03715130686759949 1981
1783177916035 0.5679803490638733 1982
1783177916129 0.30357563495635986 1983
1783177916229 0.09014078229665756 1984
1783177916305 0.05159839987754822 1985
1783177916316 0.030160168185830116 1986
1783177916335 0.15511082112789154 1987
1783177916342 0.23962517082691193 1988
1783177916346 0.10551079362630844 1989
1783177916352 0.15249602496623993 1990
1783177916438 0.252926230430603 1991
1783177916456 0.1394185870885849 1992
1783177916466 0.1140974685549736 1993
1783177916478 0.24634210765361786 1994
1783177916485 0.017700359225273132 1995
1783177916495 0.12265761941671371 1996
1783177916499 0.36540722846984863 1997
1783177916511 0.4013960361480713 1998
1783177916517 0.23573103547096252 1999
1783177916534 0.23433685302734375 2000
1783177916547 0.2005123645067215 2001
1783177916584 0.15057967603206635 2002
1783177916606 0.14949972927570343 2003
1783177916618 0.33970391750335693 2004
1783177916664 0.1078268364071846 2005
1783177916722 0.15904568135738373 2006
1783177916728 0.16949553787708282 2007
1783177916733 0.19069945812225342 2008
1783177916749 0.17713753879070282 2009
1783177916775 0.10554715245962143 2010
1783177916786 0.06362702697515488 2011
1783177916799 0.03044440783560276 2012
1783177916896 0.5038328766822815 2013
1783177916994 0.4143814742565155 2014
1783177917091 0.09905827790498734 2015
1783177917190 0.1477787345647812 2016
1783177917198 0.18226544559001923 2017
1783177917208 0.2731029689311981 2018
1783177917221 0.568428099155426 2019
1783177917229 0.2363942265510559 2020
1783177917233 0.054123297333717346 2021
1783177917239 0.04219004511833191 2022
1783177917245 0.03786398470401764 2023
1783177917250 0.15198862552642822 2024
1783177917263 0.2869741916656494 2025
1783177917269 0.27474308013916016 2026
1783177917272 0.11637130379676819 2027
1783177917280 0.102808877825737 2028
1783177917285 0.16075047850608826 2029
1783177917290 0.11987816542387009 2030
1783177917319 0.13323450088500977 2031
1783177917392 0.24761366844177246 2032
1783177917396 0.19249238073825836 2033
1783177917403 0.2065698504447937 2034
1783177917419 0.057586438953876495 2035
1783177917435 0.1789659857749939 2036
1783177917450 0.0910484790802002 2037
1783177917458 0.062032412737607956 2038
1783177917466 0.16686244308948517 2039
1783177917471 0.48805639147758484 2040
1783177917491 0.08314815163612366 2041
1783177917497 0.21585270762443542 2042
1783177917514 0.2782965898513794 2043
1783177917525 0.061549507081508636 2044
1783177917567 0.015744348987936974 2045
1783177917584 0.2929021418094635 2046
1783177917597 0.04596051946282387 2047
1783177917604 0.09379692375659943 2048
1783177917614 0.07614488154649734 2049
1783177917622 0.0649518072605133 2050
1783177917675 0.015421668998897076 2051
1783177917710 0.07130218297243118 2052
1783177917734 0.1254890114068985 2053
1783177917799 0.07972180843353271 2054
1783177917812 0.1481589525938034 2055
1783177917828 0.12267303466796875 2056
1783177917845 0.26648712158203125 2057
1783177917888 0.3649798333644867 2058
1783177917973 0.08885574340820312 2059
1783177917999 0.1646130084991455 2060
1783177918005 0.13406740128993988 2061
1783177918066 0.30539482831954956 2062
1783177918080 0.08635392040014267 2063
1783177918110 0.22000697255134583 2064
1783177918131 0.06406234204769135 2065
1783177918183 0.043271712958812714 2066
1783177918217 0.10492115467786789 2067
1783177918224 0.2084774225950241 2068
1783177918236 0.07457742094993591 2069
1783177918243 0.16171155869960785 2070
1783177918252 0.22844454646110535 2071
1783177918265 0.057858191430568695 2072
1783177918295 0.13854452967643738 2073
1783177918305 0.04969807341694832 2074
1783177918316 0.12139474600553513 2075
1783177918340 0.05207860842347145 2076
1783177918356 0.14340060949325562 2077
1783177918379 0.20718279480934143 2078
1783177918400 0.042369402945041656 2079
1783177918452 0.360212504863739 2080
1783177918483 0.15525256097316742 2081
1783177918545 0.03575856611132622 2082
1783177918575 0.1530100256204605 2083
1783177918616 0.265306681394577 2084
1783177918631 0.3194444179534912 2085
1783177918647 0.07086609303951263 2086
1783177918654 0.22805960476398468 2087
1783177918668 0.16873031854629517 2088
1783177918681 0.22959282994270325 2089
1783177918702 0.05952597036957741 2090
1783177918712 0.10590223968029022 2091
1783177918723 0.11032360792160034 2092
1783177918731 0.06879547238349915 2093
1783177918747 0.10335138440132141 2094
1783177918794 0.18290381133556366 2095
1783177918825 0.1726793795824051 2096
1783177918868 0.04318094998598099 2097
1783177918893 0.13024966418743134 2098
1783177918922 0.027760805562138557 2099
1783177918950 0.3402458727359772 2100
1783177918966 0.09515999257564545 2101
1783177918990 0.4628292918205261 2102
1783177919000 0.13136827945709229 2103
1783177919013 0.10214945673942566 2104
1783177919033 0.02467605099081993 2105
1783177919044 0.037299744784832 2106
1783177919060 0.2856350839138031 2107
1783177919072 0.1303020566701889 2108
1783177919090 0.243296280503273 2109
1783177919107 0.21075230836868286 2110
1783177919188 0.05851871147751808 2111
1783177919210 0.13763034343719482 2112
1783177919231 0.17857453227043152 2113
1783177919244 0.10127508640289307 2114
1783177919254 0.21167100965976715 2115
1783177919268 0.056497972458601 2116
1783177919277 0.16930225491523743 2117
1783177919283 0.22195515036582947 2118
1783177919303 0.03001384809613228 2119
1783177919310 0.155648335814476 2120
1783177919315 0.06653118133544922 2121
1783177919323 0.04667673632502556 2122
1783177919333 0.33139610290527344 2123
1783177919353 0.19316649436950684 2124
1783177919370 0.06769231706857681 2125
1783177919388 0.05721113458275795 2126
1783177919401 0.217927023768425 2127
1783177919412 0.25468647480010986 2128
1783177919428 0.039761923253536224 2129
1783177919437 0.05243778973817825 2130
1783177919531 0.038447361439466476 2131
1783177919563 0.20006448030471802 2132
1783177919581 0.06458007544279099 2133
1783177919586 0.3595837652683258 2134
1783177919596 0.34224554896354675 2135
1783177919604 0.0341981016099453 2136
1783177919614 0.06386508047580719 2137
1783177919620 0.05711963400244713 2138
1783177919632 0.378113716840744 2139
1783177919638 0.11313964426517487 2140
1783177919644 0.02933570370078087 2141
1783177919666 0.08870477974414825 2142
1783177919684 0.06057906523346901 2143
1783177919689 0.15228107571601868 2144
1783177919701 0.12235776335000992 2145
1783177919714 0.2534848749637604 2146
1783177919722 0.3366337716579437 2147
1783177919745 0.07756336778402328 2148
1783177919752 0.14193713665008545 2149
1783177919837 0.12533941864967346 2150
1783177919931 0.11443406343460083 2151
1783177920037 0.14925000071525574 2152
1783177920131 0.11964916437864304 2153
1783177920150 0.037037443369627 2154
1783177920186 0.028933504596352577 2155
1783177920211 0.03425760567188263 2156
1783177920217 0.12778757512569427 2157
1783177920224 0.11539199203252792 2158
1783177920227 0.12107014656066895 2159
1783177920236 0.25900933146476746 2160
1783177920239 0.18833650648593903 2161
1783177920245 0.5516197681427002 2162
1783177920248 0.2002997249364853 2163
1783177920253 0.09344597905874252 2164
1783177920258 0.11229653656482697 2165
1783177920264 0.2658180892467499 2166
1783177920314 0.35436883568763733 2167
1783177920404 0.09803750365972519 2168
1783177920492 0.1892346441745758 2169
1783177920533 0.2850143313407898 2170
1783177920546 0.0605129711329937 2171
1783177920570 0.04855051636695862 2172
1783177920590 0.14315436780452728 2173
1783177920624 0.15885692834854126 2174
1783177920709 0.10462740808725357 2175
1783177920722 0.16522540152072906 2176
1783177920739 0.04669241979718208 2177
1783177920747 0.4100801944732666 2178
1783177920766 0.042152248322963715 2179
1783177920775 0.35686662793159485 2180
1783177920790 0.08597364276647568 2181
1783177920800 0.04517258703708649 2182
1783177920820 0.17300251126289368 2183
1783177920838 0.02262655831873417 2184
1783177920854 0.13080953061580658 2185
1783177920881 0.6246942281723022 2186
1783177920976 0.062153104692697525 2187
1783177920985 0.12132976949214935 2188
1783177920995 0.06989477574825287 2189
1783177921004 0.18318696320056915 2190
1783177921023 0.05937604233622551 2191
1783177921067 0.10958725214004517 2192
1783177921080 0.20291070640087128 2193
1783177921092 0.08932840824127197 2194
1783177921149 0.07218800485134125 2195
1783177921182 0.021875211969017982 2196
1783177921200 0.12786462903022766 2197
1783177921291 0.12410885095596313 2198
1783177921329 0.08180885016918182 2199
1783177921340 0.23242807388305664 2200
1783177921353 0.05436064675450325 2201
1783177921366 0.049244314432144165 2202
1783177921383 0.0398886539041996 2203
1783177921439 0.11959447711706161 2204
1783177921483 0.10396066308021545 2205
1783177921495 0.07851240038871765 2206
1783177921505 0.28131985664367676 2207
1783177921525 0.05951831117272377 2208
1783177921589 0.30912402272224426 2209
1783177921596 0.15260282158851624 2210
1783177921601 0.21193405985832214 2211
1783177921607 0.3614796996116638 2212
1783177921616 0.13594211637973785 2213
1783177921624 0.0877738818526268 2214
1783177921642 0.19749289751052856 2215
1783177921658 0.11575838923454285 2216
1783177921759 0.8021857738494873 2217
1783177921875 0.21314437687397003 2218
1783177921890 0.10440591722726822 2219
1783177921910 0.03544922173023224 2220
1783177921917 0.03924722597002983 2221
1783177921936 0.2754127085208893 2222
1783177921986 0.030204106122255325 2223
1783177921999 0.09333083778619766 2224
1783177922073 0.09871385246515274 2225
1783177922087 0.15772613883018494 2226
1783177922091 0.3936697244644165 2227
1783177922097 0.16613323986530304 2228
1783177922103 0.1865950971841812 2229
1783177922108 0.1996523141860962 2230
1783177922117 0.03888149932026863 2231
1783177922122 0.2674984037876129 2232
1783177922132 0.22398042678833008 2233
1783177922137 0.1416594386100769 2234
1783177922149 0.046277184039354324 2235
1783177922155 0.10388508439064026 2236
1783177922160 0.07297293096780777 2237
1783177922171 0.1624661087989807 2238
1783177922191 0.13585808873176575 2239
1783177922256 0.29951122403144836 2240
1783177922273 0.028495684266090393 2241
1783177922289 0.24280644953250885 2242
1783177922305 0.12268465012311935 2243
1783177922311 0.09531493484973907 2244
1783177922372 0.11120511591434479 2245
1783177922379 0.1347765326499939 2246
1783177922391 0.06251393258571625 2247
1783177922405 0.23027610778808594 2248
1783177922435 0.4625586271286011 2249
1783177922440 0.23936499655246735 2250
1783177922504 0.28793221712112427 2251
1783177922507 0.13376131653785706 2252
1783177922515 0.0663735419511795 2253
1783177922520 0.14841197431087494 2254
1783177922526 0.07134336978197098 2255
1783177922626 0.3246179223060608 2256
1783177922696 0.08028032630681992 2257
1783177922784 0.22479413449764252 2258
1783177922874 0.023074181750416756 2259
1783177922955 0.12159290909767151 2260
1783177923041 0.27834779024124146 2261
1783177923140 0.14879564940929413 2262
1783177923209 0.16205228865146637 2263
1783177923277 0.17785802483558655 2264
1783177923290 0.04005082696676254 2265
1783177923302 0.13601058721542358 2266
1783177923320 0.1604241579771042 2267
1783177923325 0.0659465417265892 2268
1783177923384 0.010788321495056152 2269
1783177923473 0.32917219400405884 2270
1783177923563 0.2708739936351776 2271
1783177923662 0.09336988627910614 2272
1783177923758 0.028094366192817688 2273
1783177923862 0.15943555533885956 2274
1783177923910 0.18451941013336182 2275
1783177923943 0.0651346817612648 2276
1783177923950 0.13871057331562042 2277
1783177923967 0.04860098659992218 2278
1783177923986 0.40037596225738525 2279
1783177923991 0.09084172546863556 2280
1783177923999 0.1001499593257904 2281
1783177924058 0.183794304728508 2282
1783177924071 0.1292753666639328 2283
1783177924078 0.08667393773794174 2284
1783177924082 0.2135211080312729 2285
1783177924090 0.2725676894187927 2286
1783177924098 0.04322384297847748 2287
1783177924103 0.05697445198893547 2288
1783177924114 0.3663405776023865 2289
1783177924120 0.23074612021446228 2290
1783177924125 0.26046618819236755 2291
1783177924148 0.024181481450796127 2292
1783177924168 0.15750107169151306 2293
1783177924174 0.12619003653526306 2294
1783177924180 0.24057172238826752 2295
1783177924187 0.2518318295478821 2296
1783177924193 0.1034955084323883 2297
1783177924204 0.023854101076722145 2298
1783177924211 0.26620638370513916 2299
1783177924309 0.09147774428129196 2300
1783177924415 0.11876393854618073 2301
1783177924513 0.07592591643333435 2302
1783177924618 0.25203514099121094 2303
1783177924727 0.1557028889656067 2304
1783177924829 0.1962151974439621 2305
1783177924933 0.029456257820129395 2306
1783177925040 0.22915983200073242 2307
1783177925139 0.27997997403144836 2308
1783177925157 0.022210391238331795 2309
1783177925185 0.09164813160896301 2310
1783177925274 0.21665702760219574 2311
1783177925382 0.0799831822514534 2312
1783177925482 0.17063550651073456 2313
1783177925587 0.10835957527160645 2314
1783177925681 0.11491619795560837 2315
1783177925705 0.23280824720859528 2316
1783177925729 0.12399441748857498 2317
1783177925754 0.18256422877311707 2318
1783177925766 0.16948473453521729 2319
1783177925772 0.48984989523887634 2320
1783177925779 0.08471997082233429 2321
1783177925786 0.04088488593697548 2322
1783177925797 0.05376246199011803 2323
1783177925802 0.056346457451581955 2324
1783177925809 0.20709654688835144 2325
1783177925816 0.153333842754364 2326
1783177925821 0.13603439927101135 2327
1783177925914 0.115788035094738 2328
1783177925941 0.1028812900185585 2329
1783177925965 0.04732460156083107 2330
1783177925971 0.16651403903961182 2331
1783177926014 0.05851373076438904 2332
1783177926025 0.2778294086456299 2333
1783177926047 0.20942533016204834 2334
1783177926056 0.1379292756319046 2335
1783177926063 0.23189540207386017 2336
1783177926070 0.05566486716270447 2337
1783177926076 0.05394015833735466 2338
1783177926112 0.11715205758810043 2339
1783177926140 0.07639528065919876 2340
1783177926184 0.0537460632622242 2341
1783177926198 0.402566134929657 2342
1783177926224 0.31826087832450867 2343
1783177926240 0.11460159718990326 2344
1783177926290 0.08945377916097641 2345
1783177926320 0.040066782385110855 2346
1783177926326 0.08532338589429855 2347
1783177926344 0.1382950097322464 2348
1783177926395 0.027068177238106728 2349
1783177926408 0.1614081859588623 2350
1783177926420 0.02586338110268116 2351
1783177926478 0.04900023341178894 2352
1783177926544 0.18483327329158783 2353
1783177926562 0.15737642347812653 2354
1783177926575 0.10153660178184509 2355
1783177926624 0.02876914106309414 2356
1783177926648 0.13605795800685883 2357
1783177926664 0.13991786539554596 2358
1783177926670 0.11111707240343094 2359
1783177926701 0.23779107630252838 2360
1783177926743 0.1731768101453781 2361
1783177926748 0.10011903941631317 2362
1783177926762 0.10605902224779129 2363
1783177926782 0.011373743414878845 2364
1783177926828 0.19923526048660278 2365
1783177926877 0.13842053711414337 2366
1783177926893 0.17390520870685577 2367
1783177926900 0.10418157279491425 2368
1783177926911 0.3584630489349365 2369
1783177926923 0.24340195953845978 2370
1783177926928 0.08532662689685822 2371
1783177926942 0.0649157389998436 2372
1783177926949 0.08957179635763168 2373
1783177927010 0.28624242544174194 2374
1783177927028 0.07457003742456436 2375
1783177927038 0.028035296127200127 2376
1783177927046 0.10300058126449585 2377
1783177927053 0.08474680781364441 2378
1783177927059 0.09218613803386688 2379
1783177927077 0.3020598888397217 2380
1783177927122 0.21431711316108704 2381
1783177927130 0.1282297968864441 2382
1783177927160 0.3609074056148529 2383
1783177927202 0.014926772564649582 2384
1783177927213 0.27914267778396606 2385
1783177927230 0.044044315814971924 2386
1783177927319 0.27607622742652893 2387
1783177927329 0.15069985389709473 2388
1783177927340 0.013695752248167992 2389
1783177927346 0.12128306180238724 2390
1783177927364 0.20278088748455048 2391
1783177927374 0.11152703315019608 2392
1783177927377 0.036828551441431046 2393
1783177927387 0.05600884556770325 2394
1783177927421 0.056752439588308334 2395
1783177927515 0.06533510982990265 2396
1783177927621 0.14155584573745728 2397
1783177927722 0.061531201004981995 2398
1783177927739 0.14540067315101624 2399
1783177927747 0.11500059068202972 2400
1783177927758 0.12331028282642365 2401
1783177927862 0.11232306063175201 2402
1783177927959 0.23322193324565887 2403
1783177928064 0.04240532964468002 2404
1783177928165 0.06376923620700836 2405
1783177928266 0.05288742110133171 2406
1783177928289 0.07493089884519577 2407
1783177928295 0.04947046935558319 2408
1783177928302 0.09215888381004333 2409
1783177928314 0.025692079216241837 2410
1783177928320 0.05482941120862961 2411
1783177928327 0.19681917130947113 2412
1783177928376 0.1395614892244339 2413
1783177928418 0.11526757478713989 2414
1783177928423 0.1531694084405899 2415
1783177928435 0.1872825175523758 2416
1783177928441 0.1188073381781578 2417
1783177928459 0.18858912587165833 2418
1783177928527 0.40693333745002747 2419
1783177928546 0.33861979842185974 2420
1783177928579 0.20154033601284027 2421
1783177928612 0.13966137170791626 2422
1783177928636 0.35437387228012085 2423
1783177928642 0.3849874436855316 2424
1783177928651 0.2882317900657654 2425
1783177928657 0.11944402009248734 2426
1783177928662 0.2520345151424408 2427
1783177928672 0.025822436437010765 2428
1783177928680 0.02656528726220131 2429
1783177928691 0.032753851264715195 2430
1783177928697 0.03212977573275566 2431
1783177928704 0.013457945547997952 2432
1783177928709 0.05404752865433693 2433
1783177928721 0.09565476328134537 2434
1783177928728 0.08982490748167038 2435
1783177928735 0.1675269454717636 2436
1783177928740 0.2678503692150116 2437
1783177928745 0.017400220036506653 2438
1783177928748 0.29103773832321167 2439
1783177928754 0.11073616147041321 2440
1783177928758 0.2142859548330307 2441
1783177928764 0.07012161612510681 2442
1783177928776 0.0813678428530693 2443
1783177928783 0.17458145320415497 2444
1783177928789 0.13388308882713318 2445
1783177928798 0.0625646635890007 2446
1783177928813 0.13668136298656464 2447
1783177928819 0.06526027619838715 2448
1783177928837 0.04737472161650658 2449
1783177928845 0.12682104110717773 2450
1783177928860 0.1275552213191986 2451
1783177928869 0.17449331283569336 2452
1783177928887 0.08824890106916428 2453
1783177928893 0.19636578857898712 2454
1783177928907 0.18538197875022888 2455
1783177928925 0.06446175277233124 2456
1783177928938 0.028675682842731476 2457
1783177928944 0.06874670088291168 2458
1783177928962 0.15136978030204773 2459
1783177928978 0.21969722211360931 2460
1783177928990 0.2644520401954651 2461
1783177929004 0.14312157034873962 2462
1783177929090 0.322468638420105 2463
1783177929187 0.10017701238393784 2464
1783177929280 0.018547963351011276 2465
1783177929376 0.06253299862146378 2466
1783177929479 0.2572879195213318 2467
1783177929583 0.1657141149044037 2468
1783177929685 0.024982698261737823 2469
1783177929791 0.0972890630364418 2470
1783177929818 0.18507468700408936 2471
1783177929830 0.03951649367809296 2472
1783177929846 0.18204417824745178 2473
1783177929860 0.3955112099647522 2474
1783177929874 0.1331830471754074 2475
1783177929882 0.2730358839035034 2476
1783177929894 0.3349171280860901 2477
1783177929906 0.052466921508312225 2478
1783177929933 0.1781797856092453 2479
1783177929972 0.16341723501682281 2480
1783177930044 0.18911686539649963 2481
1783177930056 0.11289890855550766 2482
1783177930084 0.21753817796707153 2483
1783177930096 0.022865567356348038 2484
1783177930116 0.0525766983628273 2485
1783177930127 0.04768272861838341 2486
1783177930146 0.07088299840688705 2487
1783177930159 0.04935957118868828 2488
1783177930167 0.08479677140712738 2489
1783177930177 0.0556873083114624 2490
1783177930185 0.018040448427200317 2491
1783177930197 0.06060066446661949 2492
1783177930207 0.12404987961053848 2493
1783177930227 0.13253909349441528 2494
1783177930341 0.04631359502673149 2495
1783177930403 0.10170279443264008 2496
1783177930437 0.011019120924174786 2497
1783177930449 0.286319762468338 2498
1783177930466 0.2572157084941864 2499
1783177930490 0.15085440874099731 2500
1783177930596 0.3317892849445343 2501
1783177930622 0.03570839390158653 2502
1783177930634 0.2078493982553482 2503
1783177930729 0.16074782609939575 2504
1783177930826 0.12802404165267944 2505
1783177930923 0.025061985477805138 2506
1783177931011 0.04952128231525421 2507
1783177931106 0.6228399872779846 2508
1783177931206 0.39286014437675476 2509
1783177931295 0.08229789137840271 2510
1783177931390 0.04783901944756508 2511
1783177931475 0.07300027459859848 2512
1783177931569 0.0748898833990097 2513
1783177931669 0.3843904733657837 2514
1783177931764 0.2068895548582077 2515
1783177931859 0.1396787166595459 2516
1783177931942 0.11958687752485275 2517
1783177932004 0.07102575153112411 2518
1783177932015 0.23949554562568665 2519
1783177932034 0.10454738140106201 2520
1783177932047 0.020444730296730995 2521
1783177932057 0.06494370847940445 2522
1783177932064 0.42024266719818115 2523
1783177932082 0.09757138788700104 2524
1783177932089 0.16273415088653564 2525
1783177932094 0.09700856357812881 2526
1783177932102 0.02271907590329647 2527
1783177932119 0.06402143090963364 2528
1783177932210 0.2085365504026413 2529
1783177932310 0.14595283567905426 2530
1783177932385 0.1043691635131836 2531
1783177932480 0.175528421998024 2532
1783177932578 0.23734095692634583 2533
1783177932673 0.06901347637176514 2534
1783177932722 0.37104931473731995 2535
1783177932729 0.21775110065937042 2536
1783177932740 0.0525924377143383 2537
1783177932759 0.08891648054122925 2538
1783177932803 0.19174610078334808 2539
1783177932815 0.036407146602869034 2540
1783177932835 0.042238302528858185 2541
1783177932846 0.1753131002187729 2542
1783177932863 0.12293104082345963 2543
1783177932869 0.20342372357845306 2544
1783177932875 0.1092853844165802 2545
1783177932883 0.06640756130218506 2546
1783177932911 0.22077277302742004 2547
1783177932916 0.17652586102485657 2548
1783177932928 0.3567565381526947 2549
1783177932945 0.13670410215854645 2550
1783177932976 0.35808631777763367 2551
1783177932984 0.15683822333812714 2552
1783177933037 0.09804919362068176 2553
1783177933045 0.11093374341726303 2554
1783177933050 0.0932786762714386 2555
1783177933062 0.22841958701610565 2556
1783177933074 0.3116048574447632 2557
1783177933080 0.27355068922042847 2558
1783177933118 0.1504317969083786 2559
1783177933125 0.21973416209220886 2560
1783177933194 0.0290385652333498 2561
1783177933200 0.1266118586063385 2562
1783177933206 0.213639497756958 2563
1783177933211 0.24650517106056213 2564
1783177933218 0.42747434973716736 2565
1783177933229 0.33269003033638 2566
1783177933235 0.06555359810590744 2567
1783177933245 0.055545058101415634 2568
1783177933249 0.23167051374912262 2569
1783177933260 0.17351354658603668 2570
1783177933270 0.19395452737808228 2571
1783177933302 0.1526941955089569 2572
1783177933314 0.11937422305345535 2573
1783177933332 0.027163568884134293 2574
1783177933343 0.04910936579108238 2575
1783177933362 0.17479731142520905 2576
1783177933367 0.08336322754621506 2577
1783177933383 0.17029164731502533 2578
1783177933397 0.22728800773620605 2579
1783177933410 0.09076367318630219 2580
1783177933418 0.130372554063797 2581
1783177933424 0.19553416967391968 2582
1783177933442 0.20935672521591187 2583
1783177933474 0.1400880366563797 2584
1783177933500 0.16522730886936188 2585
1783177933515 0.1193290427327156 2586
1783177933526 0.13491955399513245 2587
1783177933535 0.03112099878489971 2588
1783177933547 0.03950434550642967 2589
1783177933643 0.07455796003341675 2590
1783177933702 0.10423987358808517 2591
1783177933763 0.07936205714941025 2592
1783177933769 0.03685504570603371 2593
1783177933799 0.05684318393468857 2594
1783177933814 0.22902503609657288 2595
1783177933826 0.0771104171872139 2596
1783177933839 0.03707223758101463 2597
1783177933864 0.12947764992713928 2598
1783177933878 0.06685854494571686 2599
1783177933883 0.06960923969745636 2600
1783177933986 0.37888312339782715 2601
1783177934079 0.1007460430264473 2602
1783177934184 0.03522298485040665 2603
1783177934276 0.17490503191947937 2604
1783177934300 0.04211109131574631 2605
1783177934312 0.10692774504423141 2606
1783177934319 0.04455413669347763 2607
1783177934330 0.015442325733602047 2608
1783177934365 0.021452393382787704 2609
1783177934400 0.03697025775909424 2610
1783177934406 0.10155016928911209 2611
1783177934512 0.06987205892801285 2612
1783177934614 0.2814396023750305 2613
1783177934722 0.20272114872932434 2614
1783177934830 0.1880520135164261 2615
1783177934935 0.40584343671798706 2616
1783177935035 0.09084024280309677 2617
1783177935142 0.12811784446239471 2618
1783177935247 0.058131035417318344 2619
1783177935347 0.04117219150066376 2620
1783177935452 0.047949619591236115 2621
1783177935559 0.13745513558387756 2622
1783177935661 0.136186882853508 2623
1783177935765 0.18352404236793518 2624
1783177935862 0.04757804423570633 2625
1783177935922 0.05247059091925621 2626
1783177935998 0.11654580384492874 2627
1783177936009 0.2809180021286011 2628
1783177936015 0.02240954339504242 2629
1783177936019 0.13094204664230347 2630
1783177936026 0.0038604342844337225 2631
1783177936029 0.23734961450099945 2632
1783177936036 0.12385592609643936 2633
1783177936043 0.4598037302494049 2634
1783177936047 0.14768214523792267 2635
1783177936052 0.011030847206711769 2636
1783177936057 0.17263029515743256 2637
1783177936070 0.30710935592651367 2638
1783177936105 0.12805984914302826 2639
1783177936189 0.28184017539024353 2640
1783177936285 0.12573173642158508 2641
1783177936391 0.12905986607074738 2642
1783177936497 0.1651194542646408 2643
1783177936584 0.0523081012070179 2644
1783177936610 0.1997053027153015 2645
1783177936626 0.3600060045719147 2646
1783177936655 0.05174664407968521 2647
1783177936698 0.2271953821182251 2648
1783177936732 0.09821322560310364 2649
1783177936789 0.02006521448493004 2650
1783177936895 0.07394786179065704 2651
1783177936915 0.05268477275967598 2652
1783177936920 0.3537658751010895 2653
1783177936938 0.22582440078258514 2654
1783177936947 0.5731609463691711 2655
1783177937039 0.16491372883319855 2656
1783177937055 0.024870488792657852 2657
1783177937076 0.02805262990295887 2658
1783177937087 0.11128737777471542 2659
1783177937098 0.2207537740468979 2660
1783177937116 0.08300577104091644 2661
1783177937135 0.07923861593008041 2662
1783177937150 0.13143037259578705 2663
1783177937161 0.08981772512197495 2664
1783177937170 0.18036705255508423 2665
1783177937185 0.1508404165506363 2666
1783177937194 0.03904162719845772 2667
1783177937299 0.22215114533901215 2668
1783177937321 0.1918492168188095 2669
1783177937338 0.027708128094673157 2670
1783177937354 0.060724977403879166 2671
1783177937455 0.06511400640010834 2672
1783177937468 0.04907771944999695 2673
1783177937484 0.2138167917728424 2674
1783177937502 0.3109327554702759 2675
1783177937511 0.06363675743341446 2676
1783177937584 0.03126618266105652 2677
1783177937589 0.12784501910209656 2678
1783177937600 0.04257068783044815 2679
1783177937607 0.1845085769891739 2680
1783177937618 0.3259110450744629 2681
1783177937635 0.07716554403305054 2682
1783177937649 0.16058917343616486 2683
1783177937654 0.2998015582561493 2684
1783177937666 0.14865905046463013 2685
1783177937672 0.20663152635097504 2686
1783177937684 0.09886863827705383 2687
1783177937690 0.2566220760345459 2688
1783177937707 0.17957325279712677 2689
1783177937714 0.11304866522550583 2690
1783177937735 0.17852655053138733 2691
1783177937747 0.5208113193511963 2692
1783177937764 0.025352558121085167 2693
1783177937771 0.13756075501441956 2694
1783177937788 0.22493721544742584 2695
1783177937805 0.1313541680574417 2696
1783177937839 0.07875233143568039 2697
1783177937850 0.11189720034599304 2698
1783177937893 0.029375996440649033 2699
1783177937900 0.09111859649419785 2700
1783177937905 0.03358986973762512 2701
1783177937911 0.2188190221786499 2702
1783177937917 0.029955439269542694 2703
1783177937922 0.0269436277449131 2704
1783177937931 0.03475361689925194 2705
1783177937974 0.040051765739917755 2706
1783177937989 0.1467755138874054 2707
1783177937999 0.144372820854187 2708
1783177938008 0.097464419901371 2709
1783177938021 0.13260067999362946 2710
1783177938032 0.12304233759641647 2711
1783177938071 0.0869777649641037 2712
1783177938085 0.12726113200187683 2713
1783177938100 0.05767076089978218 2714
1783177938140 0.261108934879303 2715
1783177938163 0.14150214195251465 2716
1783177938219 0.31331777572631836 2717
1783177938225 0.08177908509969711 2718
1783177938234 0.17022186517715454 2719
1783177938246 0.15033379197120667 2720
1783177938333 0.33241212368011475 2721
1783177938356 0.07924595475196838 2722
1783177938362 0.1734330654144287 2723
1783177938367 0.18871448934078217 2724
1783177938373 0.23924173414707184 2725
1783177938387 0.2871357798576355 2726
1783177938470 0.015563747845590115 2727
1783177938492 0.10276623070240021 2728
1783177938532 0.06388925760984421 2729
1783177938624 0.004753351677209139 2730
1783177938666 0.10453752428293228 2731
1783177938673 0.0639144778251648 2732
1783177938697 0.1663692742586136 2733
1783177938720 0.04357903078198433 2734
1783177938767 0.34705638885498047 2735
1783177938771 0.15875042974948883 2736
1783177938784 0.18365351855754852 2737
1783177938789 0.11311249434947968 2738
1783177938795 0.14104579389095306 2739
1783177938813 0.019750941544771194 2740
1783177938819 0.28916436433792114 2741
1783177938823 0.11485157907009125 2742
1783177938840 0.13222938776016235 2743
1783177938853 0.01066519133746624 2744
1783177938948 0.11612317711114883 2745
1783177938955 0.15072335302829742 2746
1783177938960 0.13033118844032288 2747
1783177938967 0.12293821573257446 2748
1783177938973 0.09713330864906311 2749
1783177938993 0.11615722626447678 2750
1783177938998 0.09670716524124146 2751
1783177939003 0.10893335938453674 2752
1783177939008 0.24215228855609894 2753
1783177939016 0.2365315705537796 2754
1783177939021 0.03323061764240265 2755
1783177939027 0.1313527375459671 2756
1783177939032 0.074929378926754 2757
1783177939039 0.06436476856470108 2758
1783177939047 0.051474567502737045 2759
1783177939051 0.11027098447084427 2760
1783177939056 0.170559823513031 2761
1783177939060 0.0352422297000885 2762
1783177939068 0.2132258415222168 2763
1783177939074 0.2266930341720581 2764
1783177939083 0.17762228846549988 2765
1783177939092 0.05392908677458763 2766
1783177939097 0.022054459899663925 2767
1783177939109 0.25739455223083496 2768
1783177939154 0.21032993495464325 2769
1783177939182 0.02794729359447956 2770
1783177939188 0.3220178484916687 2771
1783177939198 0.04594644159078598 2772
1783177939231 0.025681616738438606 2773
1783177939240 0.12482715398073196 2774
1783177939248 0.08353862166404724 2775
1783177939273 0.5055148601531982 2776
1783177939284 0.14756861329078674 2777
1783177939336 0.06317729502916336 2778
1783177939368 0.10099969804286957 2779
1783177939387 0.4950093626976013 2780
1783177939403 0.35173526406288147 2781
1783177939414 0.16135302186012268 2782
1783177939422 0.1280679553747177 2783
1783177939432 0.017964374274015427 2784
1783177939468 0.22899319231510162 2785
1783177939513 0.11508461087942123 2786
1783177939560 0.0635894164443016 2787
1783177939573 0.12648965418338776 2788
1783177939586 0.10487105697393417 2789
1783177939592 0.1488761454820633 2790
1783177939599 0.24455203115940094 2791
1783177939605 0.1542772352695465 2792
1783177939623 0.25362443923950195 2793
1783177939694 0.06311459839344025 2794
1783177939710 0.2573874890804291 2795
1783177939776 0.15836574137210846 2796
1783177939876 0.0911092609167099 2797
1783177939958 0.18331576883792877 2798
1783177939977 0.06140958145260811 2799
1783177939996 0.26727041602134705 2800
1783177940019 0.048044007271528244 2801
1783177940120 0.166320338845253 2802
1783177940217 0.07999739050865173 2803
1783177940283 0.1535317748785019 2804
1783177940321 0.03658872842788696 2805
1783177940370 0.11845037341117859 2806
1783177940384 0.057755984365940094 2807
1783177940407 0.0774390771985054 2808
1783177940417 0.07341975718736649 2809
1783177940439 0.13491059839725494 2810
1783177940476 0.10106861591339111 2811
1783177940548 0.12026692181825638 2812
1783177940600 0.24172106385231018 2813
1783177940704 0.018855659291148186 2814
1783177940792 0.056803420186042786 2815
1783177940882 0.14931853115558624 2816
1783177940967 0.024772705510258675 2817
1783177941065 0.030665012076497078 2818
1783177941172 0.31943774223327637 2819
1783177941275 0.08047053962945938 2820
1783177941382 0.22540158033370972 2821
1783177941487 0.2816493511199951 2822
1783177941512 0.23981046676635742 2823
1783177941621 0.08623682707548141 2824
1783177941716 0.0645747035741806 2825
1783177941818 0.18180342018604279 2826
1783177941921 0.026697110384702682 2827
1783177941966 0.06079082563519478 2828
1783177941972 0.06310848891735077 2829
1783177942009 0.16393636167049408 2830
1783177942108 0.31072649359703064 2831
1783177942214 0.16593800485134125 2832
1783177942319 0.20505566895008087 2833
1783177942429 0.1214369609951973 2834
1783177942531 0.043954744935035706 2835
1783177942631 0.07017888873815536 2836
1783177942731 0.26124095916748047 2837
1783177942828 0.22549773752689362 2838
1783177942939 0.25833800435066223 2839
1783177943038 0.006214948836714029 2840
1783177943151 0.0808117538690567 2841
1783177943257 0.061828870326280594 2842
1783177943360 0.10787686705589294 2843
1783177943464 0.2813272774219513 2844
1783177943590 0.03664742410182953 2845
1783177943690 0.15501190721988678 2846
1783177943796 0.11670659482479095 2847
1783177943899 0.1001381203532219 2848
1783177944006 0.017611302435398102 2849
1783177944112 0.06681235134601593 2850
1783177944219 0.14856654405593872 2851
1783177944317 0.3108093738555908 2852
1783177944420 0.12639793753623962 2853
1783177944521 0.018680701032280922 2854
1783177944616 0.09658993780612946 2855
1783177944717 0.13668210804462433 2856
1783177944816 0.17918571829795837 2857
1783177944912 0.0905870571732521 2858
1783177945000 0.1534736007452011 2859
1783177945088 0.11588107794523239 2860
1783177945192 0.02346663735806942 2861
1783177945297 0.40460652112960815 2862
1783177945394 0.05623677000403404 2863
1783177945493 0.21829195320606232 2864
1783177945590 0.1098034456372261 2865
1783177945684 0.28017300367355347 2866
1783177945778 0.060716111212968826 2867
1783177945871 0.08157434314489365 2868
1783177945929 0.16819457709789276 2869
1783177945953 0.09703543037176132 2870
1783177945965 0.23276153206825256 2871
1783177945974 0.062131430953741074 2872
1783177945990 0.042558785527944565 2873
1783177946087 0.11102937906980515 2874
1783177946094 0.15226365625858307 2875
1783177946110 0.10632555186748505 2876
1783177946157 0.2681484520435333 2877
1783177946212 0.07883890718221664 2878
1783177946242 0.042992688715457916 2879
1783177946343 0.09726998955011368 2880
1783177946358 0.17028582096099854 2881
1783177946379 0.17278888821601868 2882
1783177946471 0.1191263496875763 2883
1783177946574 0.017539773136377335 2884
1783177946671 0.027611397206783295 2885
1783177946767 0.13329999148845673 2886
1783177946860 0.1357225924730301 2887
1783177946948 0.10037756711244583 2888
1783177947052 0.061484940350055695 2889
1783177947154 0.3491218090057373 2890
1783177947259 0.10266218334436417 2891
1783177947354 0.05252183973789215 2892
1783177947450 0.04633645340800285 2893
1783177947549 0.1082317978143692 2894
1783177947643 0.05094301700592041 2895
1783177947744 0.0436856709420681 2896
1783177947831 0.1014312207698822 2897
1783177947935 0.0442889928817749 2898
1783177948021 0.24455805122852325 2899
1783177948070 0.03331684321165085 2900
1783177948092 0.13219253718852997 2901
1783177948097 0.18633699417114258 2902
1783177948102 0.060316335409879684 2903
1783177948110 0.030598172917962074 2904
1783177948126 0.09778252989053726 2905
1783177948134 0.09449831396341324 2906
1783177948150 0.1622546762228012 2907
1783177948158 0.1956867128610611 2908
1783177948255 0.07563798874616623 2909
1783177948262 0.0802321508526802 2910
1783177948275 0.3408205211162567 2911
1783177948281 0.08939667046070099 2912
1783177948294 0.09461227804422379 2913
1783177948353 0.08777830749750137 2914
1783177948395 0.2902330458164215 2915
1783177948414 0.138093963265419 2916
1783177948422 0.06616410613059998 2917
1783177948432 0.07793571799993515 2918
1783177948443 0.029818525537848473 2919
1783177948449 0.15228156745433807 2920
1783177948455 0.08833543211221695 2921
1783177948460 0.14576523005962372 2922
1783177948477 0.14090754091739655 2923
1783177948489 0.02027062699198723 2924
1783177948495 0.07229442149400711 2925
1783177948509 0.13473598659038544 2926
1783177948522 0.27733922004699707 2927
1783177948529 0.104257732629776 2928
1783177948539 0.21175962686538696 2929
1783177948594 0.17628024518489838 2930
1783177948606 0.4801057279109955 2931
1783177948629 0.03866768628358841 2932
1783177948638 0.06332328915596008 2933
1783177948676 0.37277185916900635 2934
1783177948694 0.08878923952579498 2935
1783177948736 0.05489449203014374 2936
1783177948805 0.13113506138324738 2937
1783177948815 0.16888892650604248 2938
1783177948830 0.02617093361914158 2939
1783177948850 0.32108429074287415 2940
1783177948864 0.11029250174760818 2941
1783177948883 0.08577021956443787 2942
1783177948902 0.10984805226325989 2943
1783177948917 0.2780122458934784 2944
1783177948963 0.06156448274850845 2945
1783177948975 0.012182896956801414 2946
1783177948992 0.12384001910686493 2947
1783177949021 0.20239225029945374 2948
1783177949041 0.10490715503692627 2949
1783177949056 0.21914233267307281 2950
1783177949106 0.2810029089450836 2951
1783177949196 0.10484418272972107 2952
1783177949276 0.044849324971437454 2953
1783177949369 0.2473723143339157 2954
1783177949465 0.025749539956450462 2955
1783177949564 0.20491233468055725 2956
1783177949667 0.051376599818468094 2957
1783177949762 0.10243967175483704 2958
1783177949865 0.15577912330627441 2959
1783177949962 0.24942952394485474 2960
1783177950062 0.020059660077095032 2961
1783177950166 0.012490504421293736 2962
1783177950264 0.04439273104071617 2963
1783177950317 0.03702745959162712 2964
1783177950342 0.19004987180233002 2965
1783177950371 0.07181332260370255 2966
1783177950474 0.02255418337881565 2967
1783177950570 0.11093679815530777 2968
1783177950672 0.056100133806467056 2969
1783177950754 0.1187685877084732 2970
1783177950846 0.03966667503118515 2971
1783177950937 0.045700836926698685 2972
1783177951036 0.16411161422729492 2973
1783177951130 0.07704965770244598 2974
1783177951223 0.1681748479604721 2975
1783177951323 0.2567017674446106 2976
1783177951421 0.29676324129104614 2977
1783177951518 0.19684460759162903 2978
1783177951575 0.030616894364356995 2979
1783177951582 0.140788733959198 2980
1783177951595 0.07874336838722229 2981
1783177951602 0.15745078027248383 2982
1783177951609 0.34582677483558655 2983
1783177951651 0.27343055605888367 2984
1783177951656 0.07460646331310272 2985
1783177951662 0.19116315245628357 2986
1783177951668 0.16429539024829865 2987
1783177951674 0.08136849105358124 2988
1783177951695 0.4218050241470337 2989
1783177951711 0.09653623402118683 2990
1783177951728 0.12968868017196655 2991
1783177951778 0.17434516549110413 2992
1783177951790 0.18028339743614197 2993
1783177951857 0.0635293647646904 2994
1783177951865 0.33685216307640076 2995
1783177951883 0.1427714079618454 2996
1783177951895 0.0689186304807663 2997
1783177951987 0.02051398903131485 2998
1783177952065 0.06172773241996765 2999
1783177952170 0.31750568747520447 3000
1783177952264 0.26202696561813354 3001
1783177952364 0.186952605843544 3002
1783177952465 0.05205848440527916 3003
1783177952566 0.22063875198364258 3004
1783177952669 0.025692373514175415 3005
1783177952770 0.165761798620224 3006
1783177952792 0.1585630476474762 3007
1783177952820 0.0805046409368515 3008
1783177952920 0.21776777505874634 3009
1783177953026 0.21625827252864838 3010
1783177953126 0.10492520779371262 3011
1783177953237 0.21457725763320923 3012
1783177953251 0.0518135167658329 3013
1783177953271 0.07982932776212692 3014
1783177953285 0.14895588159561157 3015
1783177953296 0.10453639924526215 3016
1783177953385 0.11041636019945145 3017
1783177953483 0.022729571908712387 3018
1783177953580 0.029060829430818558 3019
1783177953678 0.018806222826242447 3020
1783177953777 0.03522837534546852 3021
1783177953881 0.05666903778910637 3022
1783177953976 0.10759512335062027 3023
1783177954072 0.11910378932952881 3024
1783177954170 0.23024308681488037 3025
1783177954280 0.13011541962623596 3026
1783177954394 0.17091916501522064 3027
1783177954520 0.18336112797260284 3028
1783177954629 0.06613068282604218 3029
1783177954732 0.09551957249641418 3030
1783177954832 0.040747616440057755 3031
1783177954933 0.13323621451854706 3032
1783177955023 0.050530608743429184 3033
1783177955125 0.10447508096694946 3034
1783177955230 0.0847015380859375 3035
1783177955329 0.17580515146255493 3036
1783177955433 0.20291481912136078 3037
1783177955533 0.10350733995437622 3038
1783177955636 0.07797592133283615 3039
1783177955739 0.007547032553702593 3040
1783177955839 0.31217509508132935 3041
1783177955942 0.05098579823970795 3042
1783177955956 0.04077087342739105 3043
1783177956061 0.02926461026072502 3044
1783177956155 0.07121911644935608 3045
1783177956257 0.09639620035886765 3046
1783177956357 0.29026472568511963 3047
1783177956447 0.135043203830719 3048
1783177956557 0.22569312155246735 3049
1783177956655 0.059864915907382965 3050
1783177956754 0.04134872555732727 3051
1783177956848 0.286672443151474 3052
1783177956902 0.18850012123584747 3053
1783177956910 0.11445951461791992 3054
1783177956940 0.07432477921247482 3055
1783177956958 0.012409219518303871 3056
1783177956978 0.16680972278118134 3057
1783177956988 0.19306355714797974 3058
1783177956992 0.17442351579666138 3059
1783177956999 0.03751390427350998 3060
1783177957009 0.061853788793087006 3061
1783177957015 0.02513743005692959 3062
1783177957021 0.16582068800926208 3063
1783177957027 0.23447178304195404 3064
1783177957033 0.023074515163898468 3065
1783177957097 0.027398312464356422 3066
1783177957103 0.09773635864257812 3067
1783177957112 0.024686112999916077 3068
1783177957119 0.06287407875061035 3069
1783177957125 0.16298504173755646 3070
1783177957132 0.08763444423675537 3071
1783177957139 0.3481507897377014 3072
1783177957147 0.031354811042547226 3073
1783177957153 0.09104543179273605 3074
1783177957163 0.23978877067565918 3075
1783177957170 0.01619935967028141 3076
1783177957177 0.03346923738718033 3077
1783177957182 0.05018945410847664 3078
1783177957188 0.027582233771681786 3079
1783177957194 0.13566195964813232 3080
1783177957200 0.010338560678064823 3081
1783177957205 0.16484807431697845 3082
1783177957212 0.07502744346857071 3083
1783177957218 0.046360358595848083 3084
1783177957288 0.019119231030344963 3085
1783177957295 0.03617916256189346 3086
1783177957301 0.06677913665771484 3087
1783177957306 0.18849992752075195 3088
1783177957333 0.1553592085838318 3089
1783177957339 0.18685512244701385 3090
1783177957344 0.0351676270365715 3091
1783177957417 0.09746135026216507 3092
1783177957430 0.027400776743888855 3093
1783177957436 0.09432656317949295 3094
1783177957448 0.004475168418139219 3095
1783177957453 0.06580957025289536 3096
1783177957466 0.06996849924325943 3097
1783177957539 0.22103020548820496 3098
1783177957556 0.14529776573181152 3099
1783177957570 0.14436891674995422 3100
1783177957577 0.016837339848279953 3101
1783177957591 0.004757146816700697 3102
1783177957600 0.3464440107345581 3103
1783177957607 0.2773938775062561 3104
1783177957619 0.07990588247776031 3105
1783177957631 0.12273000180721283 3106
1783177957725 0.08230353891849518 3107
1783177957828 0.0720289871096611 3108
1783177957927 0.09586884826421738 3109
1783177958028 0.042356815189123154 3110
1783177958112 0.10667450726032257 3111
1783177958214 0.05772162228822708 3112
1783177958310 0.04958976432681084 3113
1783177958409 0.07807518541812897 3114
1783177958498 0.06670133769512177 3115
1783177958591 0.10569696873426437 3116
1783177958695 0.27705520391464233 3117
1783177958788 0.13560239970684052 3118
1783177958853 0.2571953237056732 3119
1783177958860 0.014965582638978958 3120
1783177958866 0.004561787471175194 3121
1783177958872 0.12160991877317429 3122
1783177958889 0.10920584201812744 3123
1783177958901 0.053206779062747955 3124
1783177958915 0.029834724962711334 3125
1783177958940 0.24456802010536194 3126
1783177958947 0.12762925028800964 3127
1783177958969 0.04283110797405243 3128
1783177958975 0.07449350506067276 3129
1783177958983 0.18977215886116028 3130
1783177959004 0.16248616576194763 3131
1783177959035 0.06477038562297821 3132
1783177959060 0.03819822520017624 3133
1783177959066 0.0467035248875618 3134
1783177959076 0.03203471004962921 3135
1783177959088 0.17370352149009705 3136
1783177959096 0.2576232850551605 3137
1783177959174 0.37204426527023315 3138
1783177959183 0.265370637178421 3139
1783177959194 0.03400016203522682 3140
1783177959216 0.07091541588306427 3141
1783177959238 0.24322906136512756 3142
1783177959258 0.106892429292202 3143
1783177959277 0.1752903163433075 3144
1783177959287 0.026035532355308533 3145
1783177959314 0.3857686221599579 3146
1783177959322 0.12725625932216644 3147
1783177959426 0.12473607808351517 3148
1783177959535 0.1669701784849167 3149
1783177959567 0.20429068803787231 3150
1783177959575 0.37516167759895325 3151
1783177959581 0.03913132846355438 3152
1783177959587 0.21173252165317535 3153
1783177959592 0.01116653997451067 3154
1783177959608 0.02092471718788147 3155
1783177959638 0.18748044967651367 3156
1783177959652 0.24882692098617554 3157
1783177959658 0.07713593542575836 3158
1783177959778 0.1667720079421997 3159
1783177959878 0.06887300312519073 3160
1783177959919 0.2070959508419037 3161
1783177959929 0.319963276386261 3162
1783177959961 0.08729162812232971 3163
1783177960058 0.07353312522172928 3164
1783177960155 0.018391091376543045 3165
1783177960253 0.017994072288274765 3166
1783177960355 0.18381665647029877 3167
1783177960453 0.14014975726604462 3168
1783177960544 0.023669922724366188 3169
1783177960652 0.08495710045099258 3170
1783177960755 0.08487624675035477 3171
1783177960821 0.10530787706375122 3172
1783177960834 0.1333731859922409 3173
1783177960869 0.03835088387131691 3174
1783177960925 0.12038000673055649 3175
1783177960976 0.13888958096504211 3176
1783177960990 0.0954555943608284 3177
1783177961018 0.1033817008137703 3178
1783177961036 0.22198781371116638 3179
1783177961094 0.08625409752130508 3180
1783177961129 0.09506896883249283 3181
1783177961196 0.04168882593512535 3182
1783177961295 0.15003573894500732 3183
1783177961402 0.056222014129161835 3184
1783177961503 0.19782347977161407 3185
1783177961601 0.08974060416221619 3186
1783177961706 0.034716419875621796 3187
1783177961808 0.12978680431842804 3188
1783177961891 0.23445706069469452 3189
1783177961993 0.13935568928718567 3190
1783177962099 0.10733890533447266 3191
1783177962206 0.11112958192825317 3192
1783177962312 0.4196186363697052 3193
1783177962417 0.07945024222135544 3194
1783177962519 0.30259189009666443 3195
1783177962619 0.25477418303489685 3196
1783177962707 0.01972534880042076 3197
1783177962795 0.14549866318702698 3198
1783177962885 0.12523214519023895 3199
1783177962975 0.08969862014055252 3200
1783177963061 0.06506043672561646 3201
1783177963153 0.05560708045959473 3202
1783177963246 0.05239372327923775 3203
1783177963335 0.20706410706043243 3204
1783177963422 0.0336504802107811 3205
1783177963526 0.07073619961738586 3206
1783177963618 0.07370706647634506 3207
1783177963716 0.15960562229156494 3208
1783177963824 0.038836002349853516 3209
1783177963921 0.09041734039783478 3210
1783177963958 0.18869705498218536 3211
1783177963971 0.08760552108287811 3212
1783177963983 0.06622416526079178 3213
1783177964072 0.2030138522386551 3214
1783177964173 0.17600294947624207 3215
1783177964279 0.012221137061715126 3216
1783177964381 0.1656010001897812 3217
1783177964481 0.12075139582157135 3218
1783177964559 0.06520187854766846 3219
1783177964578 0.011756116524338722 3220
1783177964597 0.0421602763235569 3221
1783177964605 0.04400806874036789 3222
1783177964615 0.029002025723457336 3223
1783177964723 0.2018747478723526 3224
1783177964820 0.03169897571206093 3225
1783177964923 0.41721391677856445 3226
1783177965027 0.05599888041615486 3227
1783177965084 0.17548613250255585 3228
1783177965178 0.07663445174694061 3229
1783177965255 0.29441672563552856 3230
1783177965358 0.09472332894802094 3231
1783177965460 0.06925361603498459 3232
1783177965565 0.024557461962103844 3233
1783177965667 0.07708082348108292 3234
1783177965768 0.18341480195522308 3235
1783177965872 0.058497924357652664 3236
1783177965888 0.4824441075325012 3237
1783177965988 0.05983496084809303 3238
1783177966027 0.1857529729604721 3239
1783177966044 0.09508460015058517 3240
1783177966061 0.29495489597320557 3241
1783177966076 0.2999485731124878 3242
1783177966094 0.10021951794624329 3243
1783177966101 0.03625337406992912 3244
1783177966194 0.041710108518600464 3245
1783177966291 0.39345863461494446 3246
1783177966395 0.03458406776189804 3247
1783177966411 0.16659648716449738 3248
1783177966447 0.1265123039484024 3249
1783177966484 0.10866076499223709 3250
1783177966589 0.16182167828083038 3251
1783177966688 0.22191092371940613 3252
1783177966747 0.2626393437385559 3253
1783177966776 0.07559622824192047 3254
1783177966803 0.018468627706170082 3255
1783177966833 0.08441009372472763 3256
1783177966908 0.0420137383043766 3257
1783177967008 0.10231273621320724 3258
1783177967140 0.1219933032989502 3259
1783177967242 0.03284405916929245 3260
1783177967357 0.12721626460552216 3261
1783177967467 0.021690990775823593 3262
1783177967573 0.22787123918533325 3263
1783177967692 0.017507046461105347 3264
1783177967781 0.13900195062160492 3265
1783177967875 0.02058442123234272 3266
1783177967967 0.41293179988861084 3267
1783177968062 0.2222510129213333 3268
1783177968165 0.2026059776544571 3269
1783177968254 0.10601567476987839 3270
1783177968345 0.05907020345330238 3271
1783177968442 0.3848268389701843 3272
1783177968529 0.03334557265043259 3273
1783177968625 0.260877788066864 3274
1783177968721 0.1418745517730713 3275
1783177968731 0.22701777517795563 3276
1783177968738 0.42928916215896606 3277
1783177968745 0.048251520842313766 3278
1783177968760 0.34825265407562256 3279
1783177968765 0.16862812638282776 3280
1783177968772 0.043129730969667435 3281
1783177968790 0.2732096314430237 3282
1783177968796 0.15931366384029388 3283
1783177968801 0.021729543805122375 3284
1783177968807 0.3555135130882263 3285
1783177968813 0.0681125670671463 3286
1783177968820 0.02037752792239189 3287
1783177968825 0.23691299557685852 3288
1783177968828 0.1995183229446411 3289
1783177968832 0.32376569509506226 3290
1783177968836 0.20909470319747925 3291
1783177968840 0.13497991859912872 3292
1783177968844 0.2521088719367981 3293
1783177968848 0.038658179342746735 3294
1783177968852 0.16476885974407196 3295
1783177968857 0.06985154002904892 3296
1783177968861 0.19246433675289154 3297
1783177968866 0.12493059039115906 3298
1783177968872 0.06036272644996643 3299
1783177968875 0.11572782695293427 3300
1783177968880 0.08856788277626038 3301
1783177968958 0.01769331842660904 3302
1783177968964 0.08213509619235992 3303
1783177969007 0.09739289432764053 3304
1783177969026 0.13807110488414764 3305
1783177969067 0.06458934396505356 3306
1783177969079 0.05315904691815376 3307
1783177969088 0.10743952542543411 3308
1783177969106 0.19148136675357819 3309
1783177969118 0.13168250024318695 3310
1783177969124 0.16367466747760773 3311
1783177969132 0.07155738025903702 3312
1783177969138 0.15781250596046448 3313
1783177969150 0.24731338024139404 3314
1783177969161 0.053450822830200195 3315
1783177969168 0.4198789894580841 3316
1783177969174 0.036058228462934494 3317
1783177969181 0.16951993107795715 3318
1783177969186 0.1437353640794754 3319
1783177969192 0.15814948081970215 3320
1783177969227 0.038409825414419174 3321
1783177969232 0.02651948109269142 3322
1783177969247 0.07455609738826752 3323
1783177969265 0.17054316401481628 3324
1783177969280 0.13912783563137054 3325
1783177969310 0.4214276969432831 3326
1783177969367 0.15021002292633057 3327
1783177969468 0.21583305299282074 3328
1783177969567 0.22204913198947906 3329
1783177969576 0.11322253197431564 3330
1783177969587 0.3138640224933624 3331
1783177969594 0.1237727552652359 3332
1783177969624 0.0263720341026783 3333
1783177969659 0.02364962175488472 3334
1783177969665 0.09246847033500671 3335
1783177969680 0.1604042798280716 3336
1783177969686 0.030372586101293564 3337
1783177969694 0.1944197416305542 3338
1783177969802 0.14248093962669373 3339
1783177969909 0.06746912747621536 3340
1783177969999 0.38522660732269287 3341
1783177970012 0.11344237625598907 3342
1783177970066 0.07080309838056564 3343
1783177970168 0.07945068180561066 3344
1783177970192 0.5502851009368896 3345
1783177970216 0.0703679621219635 3346
1783177970231 0.04905380308628082 3347
1783177970249 0.023503176867961884 3348
1783177970265 0.16642603278160095 3349
1783177970279 0.06763479113578796 3350
1783177970291 0.2535196840763092 3351
1783177970298 0.4269167184829712 3352
1783177970306 0.07680858671665192 3353
1783177970399 0.0758119449019432 3354
1783177970435 0.12094717472791672 3355
1783177970454 0.07494939863681793 3356
1783177970458 0.09196533262729645 3357
1783177970464 0.09512189775705338 3358
1783177970476 0.050331488251686096 3359
1783177970523 0.13522598147392273 3360
1783177970584 0.035000137984752655 3361
1783177970688 0.306071937084198 3362
1783177970792 0.33290040493011475 3363
1783177970895 0.3893771171569824 3364
1783177971002 0.03297615423798561 3365
1783177971108 0.44274720549583435 3366
1783177971205 0.1402953565120697 3367
1783177971307 0.27212536334991455 3368
1783177971411 0.12557891011238098 3369
1783177971517 0.12771324813365936 3370
1783177971630 0.1476931869983673 3371
1783177971728 0.1438751071691513 3372
1783177971823 0.18269644677639008 3373
1783177971924 0.14481039345264435 3374
1783177972020 0.0423373281955719 3375
1783177972054 0.05282176658511162 3376
1783177972060 0.4602361023426056 3377
1783177972067 0.29274845123291016 3378
1783177972079 0.214041069149971 3379
1783177972085 0.204396590590477 3380
1783177972091 0.06139858067035675 3381
1783177972097 0.20947884023189545 3382
1783177972103 0.09196589887142181 3383
1783177972110 0.033113718032836914 3384
1783177972115 0.1564062386751175 3385
1783177972179 0.21979431807994843 3386
1783177972278 0.09057077765464783 3387
1783177972283 0.021021688356995583 3388
1783177972310 0.07489001005887985 3389
1783177972322 0.06970207393169403 3390
1783177972331 0.3244180381298065 3391
1783177972350 0.05894238129258156 3392
1783177972362 0.036789242178201675 3393
1783177972369 0.13924163579940796 3394
1783177972414 0.06619058549404144 3395
1783177972427 0.3912114202976227 3396
1783177972440 0.045356739312410355 3397
1783177972464 0.08571969717741013 3398
1783177972564 0.04478498548269272 3399
1783177972627 0.23308320343494415 3400
1783177972650 0.052870962768793106 3401
1783177972661 0.027269307523965836 3402
1783177972666 0.047288186848163605 3403
1783177972670 0.218794047832489 3404
1783177972684 0.10358500480651855 3405
1783177972695 0.31476426124572754 3406
1783177972701 0.20188799500465393 3407
1783177972703 0.13768643140792847 3408
1783177972709 0.008466554805636406 3409
1783177972717 0.18828168511390686 3410
1783177972816 0.08308505266904831 3411
1783177972914 0.10404698550701141 3412
1783177973019 0.14847208559513092 3413
1783177973131 0.2375817745923996 3414
1783177973173 0.060143835842609406 3415
1783177973186 0.162678062915802 3416
1783177973225 0.20482179522514343 3417
1783177973232 0.03898898512125015 3418
1783177973250 0.07060963660478592 3419
1783177973261 0.11527732759714127 3420
1783177973279 0.009281945414841175 3421
1783177973292 0.055124521255493164 3422
1783177973300 0.22579558193683624 3423
1783177973311 0.1737416386604309 3424
1783177973319 0.016180068254470825 3425
1783177973357 0.06338951736688614 3426
1783177973399 0.04211854562163353 3427
1783177973497 0.10913094133138657 3428
1783177973602 0.22715716063976288 3429
1783177973691 0.07266180962324142 3430
1783177973794 0.21451342105865479 3431
1783177973896 0.0358772836625576 3432
1783177973999 0.016864243894815445 3433
1783177974103 0.12039083987474442 3434
1783177974207 0.0317583903670311 3435
1783177974266 0.14214113354682922 3436
1783177974279 0.18136267364025116 3437
1783177974306 0.035169970244169235 3438
1783177974357 0.18144455552101135 3439
1783177974428 0.44773563742637634 3440
1783177974438 0.16010554134845734 3441
1783177974447 0.031169680878520012 3442
1783177974454 0.17264693975448608 3443
1783177974465 0.014739441685378551 3444
1783177974477 0.13372692465782166 3445
1783177974484 0.10346470773220062 3446
1783177974539 0.03637716546654701 3447
1783177974648 0.022135457023978233 3448
1783177974665 0.20214176177978516 3449
1783177974725 0.14459733664989471 3450
1783177974823 0.1520623117685318 3451
1783177974915 0.0886387825012207 3452
1783177974979 0.009051824919879436 3453
1783177975072 0.036000415682792664 3454
1783177975124 0.03995008394122124 3455
1783177975143 0.24602872133255005 3456
1783177975153 0.06142638996243477 3457
1783177975162 0.10610725730657578 3458
1783177975188 0.15229707956314087 3459
1783177975286 0.14717498421669006 3460
1783177975331 0.018157493323087692 3461
1783177975363 0.2806933522224426 3462
1783177975400 0.20568326115608215 3463
1783177975410 0.15608321130275726 3464
1783177975416 0.08323751389980316 3465
1783177975501 0.24255283176898956 3466
1783177975523 0.10399708151817322 3467
1783177975533 0.4034600257873535 3468
1783177975539 0.03546538203954697 3469
1783177975600 0.040896937251091 3470
1783177975668 0.07040539383888245 3471
1783177975723 0.03449758142232895 3472
1783177975813 0.015143778175115585 3473
1783177975832 0.06693869829177856 3474
1783177975861 0.0641883909702301 3475
1783177975933 0.4791581332683563 3476
1783177975939 0.04924319311976433 3477
1783177976050 0.06504029780626297 3478
1783177976151 0.09001294523477554 3479
1783177976254 0.11027166992425919 3480
1783177976321 0.12028893828392029 3481
1783177976337 0.08525639027357101 3482
1783177976352 0.12093109637498856 3483
1783177976366 0.14593209326267242 3484
1783177976371 0.029203590005636215 3485
1783177976384 0.015471750870347023 3486
1783177976407 0.28919515013694763 3487
1783177976423 0.16997817158699036 3488
1783177976434 0.12909503281116486 3489
1783177976441 0.3005495071411133 3490
1783177976447 0.12738582491874695 3491
1783177976452 0.027281373739242554 3492
1783177976464 0.1285601109266281 3493
1783177976471 0.14692185819149017 3494
1783177976483 0.05247493088245392 3495
1783177976488 0.14169156551361084 3496
1783177976495 0.08789187669754028 3497
1783177976500 0.019955648109316826 3498
1783177976506 0.07165086269378662 3499
1783177976591 0.14813748002052307 3500
1783177976603 0.04541751369833946 3501
1783177976610 0.08232595771551132 3502
1783177976621 0.09809162467718124 3503
1783177976629 0.03656172752380371 3504
1783177976634 0.023359663784503937 3505
1783177976639 0.03232433646917343 3506
1783177976645 0.10317213088274002 3507
1783177976651 0.5697687268257141 3508
1783177976664 0.19637762010097504 3509
1783177976674 0.028872044757008553 3510
1783177976682 0.15895184874534607 3511
1783177976694 0.11761020869016647 3512
1783177976699 0.227920264005661 3513
1783177976706 0.08819372951984406 3514
1783177976723 0.13826508820056915 3515
1783177976736 0.12885940074920654 3516
1783177976748 0.026415161788463593 3517
1783177976755 0.1588192731142044 3518
1783177976761 0.017519066110253334 3519
1783177976766 0.12718996405601501 3520
1783177976772 0.2064199596643448 3521
1783177976778 0.04028521105647087 3522
1783177976790 0.09817910194396973 3523
1783177976796 0.10871116816997528 3524
1783177976802 0.0435749851167202 3525
1783177976814 0.1741883009672165 3526
1783177976827 0.1149982139468193 3527
1783177976913 0.1848733276128769 3528
1783177976953 0.2161034643650055 3529
1783177976977 0.19087877869606018 3530
1783177977001 0.14817973971366882 3531
1783177977039 0.08105510473251343 3532
1783177977057 0.238730788230896 3533
1783177977117 0.11194176971912384 3534
1783177977213 0.08237766474485397 3535
1783177977245 0.2870280146598816 3536
1783177977251 0.40744549036026 3537
1783177977309 0.27042433619499207 3538
1783177977393 0.02934877574443817 3539
1783177977458 0.04435710981488228 3540
1783177977483 0.16932420432567596 3541
1783177977502 0.06023791432380676 3542
1783177977515 0.05165955424308777 3543
1783177977533 0.06577925384044647 3544
1783177977627 0.06927191466093063 3545
1783177977724 0.021907567977905273 3546
1783177977835 0.024368492886424065 3547
1783177977932 0.05632084608078003 3548
1783177978036 0.1239200010895729 3549
1783177978099 0.14397437870502472 3550
1783177978113 0.022872114554047585 3551
1783177978127 0.01733437366783619 3552
1783177978190 0.22279615700244904 3553
1783177978280 0.09638261795043945 3554
1783177978296 0.04644590988755226 3555
1783177978387 0.1314460188150406 3556
1783177978465 0.057669006288051605 3557
1783177978505 0.15022969245910645 3558
1783177978520 0.14595156908035278 3559
1783177978530 0.07701826095581055 3560
1783177978549 0.24282300472259521 3561
1783177978567 0.1718021035194397 3562
1783177978573 0.30261778831481934 3563
1783177978586 0.052391402423381805 3564
1783177978597 0.029775870963931084 3565
1783177978615 0.09937721490859985 3566
1783177978621 0.022970154881477356 3567
1783177978630 0.0305464006960392 3568
1783177978640 0.09610632061958313 3569
1783177978661 0.0736926943063736 3570
1783177978680 0.016915760934352875 3571
1783177978693 0.21185997128486633 3572
1783177978701 0.07497631013393402 3573
1783177978712 0.1259600669145584 3574
1783177978724 0.17941227555274963 3575
1783177978752 0.21291248500347137 3576
1783177978769 0.012453648261725903 3577
1783177978781 0.07352851331233978 3578
1783177978789 0.1717117875814438 3579
1783177978800 0.1431080400943756 3580
1783177978807 0.0864141508936882 3581
1783177978818 0.12807781994342804 3582
1783177978831 0.08938682079315186 3583
1783177978842 0.10869549959897995 3584
1783177978924 0.048755943775177 3585
1783177978932 0.03973763808608055 3586
1783177978947 0.20331662893295288 3587
1783177979050 0.07721024751663208 3588
1783177979138 0.06378739327192307 3589
1783177979147 0.13343246281147003 3590
1783177979245 0.08578525483608246 3591
1783177979334 0.051771990954875946 3592
1783177979443 0.3374854326248169 3593
1783177979484 0.1216588169336319 3594
1783177979599 0.04068838432431221 3595
1783177979703 0.16760484874248505 3596
1783177979806 0.2913077473640442 3597
1783177979905 0.11721725761890411 3598
1783177980006 0.3544868230819702 3599
1783177980107 0.062483783811330795 3600
1783177980211 0.09147075563669205 3601
1783177980230 0.08323290199041367 3602
1783177980270 0.16704843938350677 3603
1783177980346 0.08555622398853302 3604
1783177980363 0.1402168869972229 3605
1783177980392 0.04044831544160843 3606
1783177980401 0.026961231604218483 3607
1783177980413 0.026118090376257896 3608
1783177980430 0.10160480439662933 3609
1783177980442 0.052484702318906784 3610
1783177980449 0.2669302821159363 3611
1783177980461 0.26556143164634705 3612
1783177980468 0.04876301437616348 3613
1783177980488 0.1113477572798729 3614
1783177980512 0.1865626722574234 3615
1783177980522 0.2630773186683655 3616
1783177980536 0.08264762908220291 3617
1783177980549 0.21167117357254028 3618
1783177980589 0.09507420659065247 3619
1783177980614 0.24386923015117645 3620
1783177980723 0.14551471173763275 3621
1783177980826 0.06208486109972 3622
1783177980939 0.053902894258499146 3623
1783177981043 0.20686258375644684 3624
1783177981142 0.054718270897865295 3625
1783177981180 0.15301910042762756 3626
1783177981289 0.04071968048810959 3627
1783177981298 0.028568977490067482 3628
1783177981415 0.13287855684757233 3629
1783177981513 0.03323696553707123 3630
1783177981524 0.16161666810512543 3631
1783177981536 0.23866495490074158 3632
1783177981637 0.05254880338907242 3633
1783177981738 0.2971753776073456 3634
1783177981782 0.04245202988386154 3635
1783177981790 0.037002403289079666 3636
1783177981801 0.06633301079273224 3637
1783177981812 0.1272277981042862 3638
1783177981875 0.021967627108097076 3639
1783177981989 0.2402639240026474 3640
1783177982089 0.3652574419975281 3641
1783177982195 0.24323897063732147 3642
1783177982299 0.3623127341270447 3643
1783177982418 0.35475459694862366 3644
1783177982521 0.0858883485198021 3645
1783177982535 0.06331788003444672 3646
1783177982546 0.1580485701560974 3647
1783177982573 0.2877403795719147 3648
1783177982586 0.08283443003892899 3649
1783177982603 0.24189840257167816 3650
1783177982609 0.29074570536613464 3651
1783177982709 0.23589324951171875 3652
1783177982733 0.1116655170917511 3653
1783177982757 0.0816049873828888 3654
1783177982772 0.08294614404439926 3655
1783177982800 0.2044997662305832 3656
1783177982890 0.18471935391426086 3657
1783177982895 0.1129523515701294 3658
1783177982907 0.24088716506958008 3659
1783177982919 0.07172637432813644 3660
1783177982931 0.085943803191185 3661
1783177982944 0.16986382007598877 3662
1783177982959 0.0918436050415039 3663
1783177982971 0.3728206157684326 3664
1783177982976 0.01732616126537323 3665
1783177982987 0.033850498497486115 3666
1783177982994 0.34365910291671753 3667
1783177983005 0.1350201666355133 3668
1783177983025 0.1773105412721634 3669
1783177983034 0.28769320249557495 3670
1783177983041 0.0650099441409111 3671
1783177983054 0.049898020923137665 3672
1783177983060 0.2671761214733124 3673
1783177983176 0.1440982073545456 3674
1783177983275 0.040501855313777924 3675
1783177983380 0.22625575959682465 3676
1783177983481 0.0710333064198494 3677
1783177983518 0.1751313954591751 3678
1783177983623 0.41205236315727234 3679
1783177983647 0.247848778963089 3680
1783177983659 0.12538595497608185 3681
1783177983680 0.05127117782831192 3682
1783177983687 0.15730690956115723 3683
1783177983693 0.039322830736637115 3684
1783177983705 0.24136948585510254 3685
1783177983719 0.07467181980609894 3686
1783177983723 0.08079280704259872 3687
1783177983741 0.363477498292923 3688
1783177983765 0.0720621719956398 3689
1783177983803 0.13206343352794647 3690
1783177983887 0.3176403045654297 3691
1783177983910 0.020547203719615936 3692
1783177984015 0.26327788829803467 3693
1783177984115 0.22853073477745056 3694
1783177984217 0.052737511694431305 3695
1783177984314 0.03012145683169365 3696
1783177984415 0.07197534292936325 3697
1783177984512 0.25019633769989014 3698
1783177984614 0.19254395365715027 3699
1783177984707 0.04187661409378052 3700
1783177984809 0.03368664160370827 3701
1783177984905 0.08678527176380157 3702
1783177984996 0.04902120307087898 3703
1783177985096 0.043555572628974915 3704
1783177985189 0.0763174295425415 3705
1783177985284 0.10323978215456009 3706
1783177985368 0.3452758193016052 3707
1783177985462 0.14534324407577515 3708
1783177985561 0.12594205141067505 3709
1783177985664 0.07637502253055573 3710
1783177985757 0.047848768532276154 3711
1783177985855 0.06529348343610764 3712
1783177985954 0.29763343930244446 3713
1783177986070 0.006603949703276157 3714
1783177986177 0.2045001983642578 3715
1783177986274 0.04703884571790695 3716
1783177986373 0.13699348270893097 3717
1783177986468 0.16598068177700043 3718
1783177986581 0.2319638431072235 3719
1783177986688 0.11779960244894028 3720
1783177986790 0.06594866514205933 3721
1783177986889 0.08579114079475403 3722
1783177986991 0.13113388419151306 3723
1783177987092 0.00955797266215086 3724
1783177987170 0.18907776474952698 3725
1783177987252 0.31670936942100525 3726
1783177987346 0.13164372742176056 3727
1783177987439 0.08934960514307022 3728
1783177987524 0.030395055189728737 3729
1783177987617 0.1620333194732666 3730
1783177987707 0.08725925534963608 3731
1783177987804 0.24353356659412384 3732
1783177987907 0.14508573710918427 3733
1783177987999 0.026967626065015793 3734
1783177988098 0.17505691945552826 3735
1783177988199 0.0965331643819809 3736
1783177988309 0.06223811209201813 3737
1783177988405 0.023688193410634995 3738
1783177988503 0.022732611745595932 3739
1783177988612 0.15212619304656982 3740
1783177988726 0.19552141427993774 3741
