1783179597953 2.3238637447357178 0
1783179597978 2.381939172744751 1
1783179597992 2.170027494430542 2
1783179598053 2.2675304412841797 3
1783179598073 2.2841224670410156 4
1783179598109 2.348548173904419 5
1783179598130 2.212742328643799 6
1783179598169 2.1412205696105957 7
1783179598185 2.094027042388916 8
1783179598197 2.0861923694610596 9
1783179598209 2.0784099102020264 10
1783179598225 1.9840853214263916 11
1783179598239 1.8928638696670532 12
1783179598263 1.7889235019683838 13
1783179598291 1.647823452949524 14
1783179598297 1.6661053895950317 15
1783179598311 1.8553504943847656 16
1783179598315 1.824864387512207 17
1783179598322 1.7856581211090088 18
1783179598331 1.5281959772109985 19
1783179598367 1.4335174560546875 20
1783179598381 1.4627395868301392 21
1783179598391 1.6422350406646729 22
1783179598400 1.3101708889007568 23
1783179598406 1.5155175924301147 24
1783179598426 1.3593336343765259 25
1783179598435 1.0596567392349243 26
1783179598529 1.1266396045684814 27
1783179598568 1.0331073999404907 28
1783179598580 1.046952486038208 29
1783179598688 0.9029644131660461 30
1783179598794 1.1708871126174927 31
1783179598854 1.2806591987609863 32
1783179598878 1.0049735307693481 33
1783179598915 1.254560947418213 34
1783179598932 1.123929500579834 35
1783179599041 0.8202503323554993 36
1783179599128 0.9163008332252502 37
1783179599236 0.8549597263336182 38
1783179599244 0.7582629919052124 39
1783179599250 1.1169089078903198 40
1783179599342 0.7746731042861938 41
1783179599441 0.8126633763313293 42
1783179599537 1.0389950275421143 43
1783179599645 0.5450258851051331 44
1783179599747 0.7584702968597412 45
1783179599851 0.7200546264648438 46
1783179599951 0.7479578852653503 47
1783179600024 0.7407122850418091 48
1783179600135 0.7702521085739136 49
1783179600227 0.8441430926322937 50
1783179600318 0.5863978266716003 51
1783179600402 0.4995337128639221 52
1783179600433 0.8182228803634644 53
1783179600438 0.6133154630661011 54
1783179600444 1.0503935813903809 55
1783179600453 0.38365232944488525 56
1783179600461 1.1229500770568848 57
1783179600468 0.9553388953208923 58
1783179600478 0.7315285205841064 59
1783179600485 0.6187586784362793 60
1783179600491 0.4565064311027527 61
1783179600496 0.539614200592041 62
1783179600502 0.7060679197311401 63
1783179600508 0.906916081905365 64
1783179600515 0.8944188952445984 65
1783179600520 0.577885627746582 66
1783179600526 0.5938990712165833 67
1783179600532 0.6283645629882812 68
1783179600538 0.7104450464248657 69
1783179600546 0.3694706857204437 70
1783179600566 0.787514865398407 71
1783179600586 0.5605399012565613 72
1783179600595 0.7580690979957581 73
1783179600602 0.4680555760860443 74
1783179600606 0.6898964643478394 75
1783179600613 0.7478108406066895 76
1783179600619 0.772284209728241 77
1783179600624 0.8257220387458801 78
1783179600631 0.7803393006324768 79
1783179600671 0.568239152431488 80
1783179600678 0.3145905137062073 81
1783179600683 0.47445595264434814 82
1783179600690 0.9865265488624573 83
1783179600696 0.38107064366340637 84
1783179600701 0.693088948726654 85
1783179600707 0.35689055919647217 86
1783179600714 1.0438395738601685 87
1783179600719 0.5172694325447083 88
1783179600726 0.3418242931365967 89
1783179600732 0.5496925711631775 90
1783179600736 0.3447021245956421 91
1783179600744 0.3969094753265381 92
1783179600749 0.6178687214851379 93
1783179600755 0.5854257345199585 94
1783179600798 0.4248397946357727 95
1783179600814 0.7175696492195129 96
1783179600823 0.8948569297790527 97
1783179600918 0.6685282588005066 98
1783179600926 0.36822614073753357 99
1783179600932 0.42586106061935425 100
1783179600938 0.5094879269599915 101
1783179600943 0.21127894520759583 102
1783179600951 0.3362860679626465 103
1783179600961 0.5446950197219849 104
1783179600975 1.2286772727966309 105
1783179600980 0.41042375564575195 106
1783179600987 0.5358136296272278 107
1783179600995 0.5077143907546997 108
1783179601005 0.5071267485618591 109
1783179601111 0.6427400708198547 110
1783179601136 0.5090517997741699 111
1783179601158 0.7943782806396484 112
1783179601172 0.7055665850639343 113
1783179601180 0.5294437408447266 114
1783179601187 0.5317898392677307 115
1783179601193 0.42844757437705994 116
1783179601198 0.2882940471172333 117
1783179601205 0.35726889967918396 118
1783179601211 0.487509161233902 119
1783179601217 0.485850065946579 120
1783179601223 0.4568520784378052 121
1783179601230 0.31518375873565674 122
1783179601235 0.3886958956718445 123
1783179601241 0.2802651822566986 124
1783179601343 0.4255566895008087 125
1783179601436 0.4837438464164734 126
1783179601539 0.28271254897117615 127
1783179601643 0.85438472032547 128
1783179601748 0.6620760560035706 129
1783179601833 0.441442608833313 130
1783179601938 0.2105047106742859 131
1783179602030 0.28653833270072937 132
1783179602127 0.2108808159828186 133
1783179602224 0.5806365013122559 134
1783179602327 0.6690139770507812 135
1783179602425 0.3360555171966553 136
1783179602526 0.46114876866340637 137
1783179602626 0.4788011312484741 138
1783179602732 0.8038488030433655 139
1783179602791 0.3100411593914032 140
1783179602885 0.5971517562866211 141
1783179602929 0.47390809655189514 142
1783179602947 0.4636050760746002 143
1783179602958 0.3333452343940735 144
1783179602970 0.3750712275505066 145
1783179602986 0.4515470564365387 146
1783179603026 0.7139260172843933 147
1783179603041 0.41493678092956543 148
1783179603050 0.586049497127533 149
1783179603061 0.11437205970287323 150
1783179603073 0.6468512415885925 151
1783179603092 0.4093698263168335 152
1783179603098 0.38731157779693604 153
1783179603103 0.4161297678947449 154
1783179603109 0.1888125091791153 155
1783179603118 0.42065998911857605 156
1783179603133 0.5046132802963257 157
1783179603216 0.41270390152931213 158
1783179603226 0.5838718414306641 159
1783179603250 0.5169700384140015 160
1783179603345 0.23148588836193085 161
1783179603357 0.5039067268371582 162
1783179603385 0.6497600674629211 163
1783179603466 0.44435256719589233 164
1783179603478 0.35382452607154846 165
1783179603490 0.37658464908599854 166
1783179603582 0.23962527513504028 167
1783179603619 0.43751776218414307 168
1783179603625 0.24674391746520996 169
1783179603638 0.4891948401927948 170
1783179603654 0.35382238030433655 171
1783179603663 0.48709815740585327 172
1783179603668 0.4153570532798767 173
1783179603673 0.6032125949859619 174
1783179603680 0.33912262320518494 175
1783179603702 0.24392825365066528 176
1783179603709 0.4562600553035736 177
1783179603716 0.5319186449050903 178
1783179603730 0.9676585793495178 179
1783179603741 0.40136343240737915 180
1783179603838 0.580807626247406 181
1783179603863 0.449601411819458 182
1783179603880 0.8113111257553101 183
1783179603947 0.4721529483795166 184
1783179603993 0.36455705761909485 185
1783179603998 0.43419429659843445 186
1783179604004 0.7061706781387329 187
1783179604011 0.4241161048412323 188
1783179604017 0.18875572085380554 189
1783179604023 0.345392644405365 190
1783179604040 0.5051061511039734 191
1783179604063 0.24535660445690155 192
1783179604071 0.22479122877120972 193
1783179604077 0.31355908513069153 194
1783179604082 0.3336639404296875 195
1783179604091 0.6798977255821228 196
1783179604106 0.30805543065071106 197
1783179604118 0.5007392168045044 198
1783179604130 0.36697131395339966 199
1783179604228 0.2468637377023697 200
1783179604342 0.5637723207473755 201
1783179604442 0.6562628149986267 202
1783179604539 0.3469412922859192 203
1783179604637 0.45033103227615356 204
1783179604733 0.5708374381065369 205
1783179604832 0.5554080605506897 206
1783179604939 0.2085871696472168 207
1783179605049 0.6129565834999084 208
1783179605159 0.2968713641166687 209
1783179605246 0.21012622117996216 210
1783179605342 0.5918363928794861 211
1783179605426 0.3181230425834656 212
1783179605519 0.308127760887146 213
1783179605524 0.45581474900245667 214
1783179605540 0.3408607542514801 215
1783179605562 0.24773381650447845 216
1783179605593 0.16215695440769196 217
1783179605607 0.7029111981391907 218
1783179605622 0.573222279548645 219
1783179605680 0.3351709842681885 220
1783179605707 0.6548707485198975 221
1783179605718 0.29495009779930115 222
1783179605830 0.3131699562072754 223
1783179605878 0.463835746049881 224
1783179605889 0.6845398545265198 225
1783179605895 0.41937029361724854 226
1783179605902 0.8593111038208008 227
1783179605908 0.35033634305000305 228
1783179605942 0.415840744972229 229
1783179605948 0.5415515899658203 230
1783179605957 0.5341094136238098 231
1783179605968 0.21195685863494873 232
1783179605981 0.2841127812862396 233
1783179605996 0.34272047877311707 234
1783179606005 0.55523282289505 235
1783179606013 0.5672984719276428 236
1783179606041 0.22716324031352997 237
1783179606047 0.49384835362434387 238
1783179606054 0.27070221304893494 239
1783179606060 0.2945505380630493 240
1783179606065 0.3089691996574402 241
1783179606072 0.4533405601978302 242
1783179606077 0.212805837392807 243
1783179606094 0.29042646288871765 244
1783179606102 0.4064606726169586 245
1783179606108 0.5294361114501953 246
1783179606118 0.5141561627388 247
1783179606124 0.32092875242233276 248
1783179606131 0.5223235487937927 249
1783179606137 0.1725030392408371 250
1783179606143 0.4447568655014038 251
1783179606156 0.3811804950237274 252
1783179606161 0.25241056084632874 253
1783179606173 0.29753345251083374 254
1783179606178 0.3957212269306183 255
1783179606192 0.434855580329895 256
1783179606221 0.38518381118774414 257
1783179606250 0.21109868586063385 258
1783179606257 0.3835611045360565 259
1783179606264 0.28294137120246887 260
1783179606268 0.5116652250289917 261
1783179606274 0.2956653833389282 262
1783179606281 0.47571754455566406 263
1783179606289 0.4052332639694214 264
1783179606313 0.36950138211250305 265
1783179606346 0.19284231960773468 266
1783179606358 0.23013554513454437 267
1783179606368 0.2972310781478882 268
1783179606378 0.6842890381813049 269
1783179606486 0.24855655431747437 270
1783179606589 0.5014877915382385 271
1783179606633 0.42886924743652344 272
1783179606664 0.3821297585964203 273
1783179606677 0.2762136161327362 274
1783179606718 0.2819412052631378 275
1783179606724 0.3568141758441925 276
1783179606790 0.30230712890625 277
1783179606795 0.3274865746498108 278
1783179606803 0.2235199511051178 279
1783179606809 0.43935123085975647 280
1783179606816 0.7651854753494263 281
1783179606822 0.24738183617591858 282
1783179606828 0.313640296459198 283
1783179606834 0.4760827124118805 284
1783179606840 0.5114226341247559 285
1783179606845 0.4086199402809143 286
1783179606852 0.14565220475196838 287
1783179606859 0.19944323599338531 288
1783179606866 0.5614653825759888 289
1783179606884 0.6398333311080933 290
1783179606902 0.6884444952011108 291
1783179606909 0.3953816890716553 292
1783179606914 0.39032965898513794 293
1783179606983 0.48447945713996887 294
1783179606992 0.4013195037841797 295
1783179607002 0.2539973855018616 296
1783179607015 0.557531476020813 297
1783179607038 0.5327807664871216 298
1783179607047 0.5868908166885376 299
1783179607057 0.17308977246284485 300
1783179607090 0.3285120725631714 301
1783179607136 0.3994329869747162 302
1783179607168 0.5341580510139465 303
1783179607173 0.42805734276771545 304
1783179607185 0.4537566304206848 305
1783179607191 0.3978791832923889 306
1783179607199 0.2704917788505554 307
1783179607254 0.39523211121559143 308
1783179607273 0.20066078007221222 309
1783179607286 0.41477447748184204 310
1783179607295 0.16350556910037994 311
1783179607304 0.14636538922786713 312
1783179607312 0.3702559173107147 313
1783179607407 0.6203494668006897 314
1783179607492 0.3001878559589386 315
1783179607499 0.8346108794212341 316
1783179607508 0.4051666855812073 317
1783179607609 0.3904992938041687 318
1783179607718 0.471388041973114 319
1783179607831 0.4034278094768524 320
1783179607933 0.23904530704021454 321
1783179608043 0.5485584735870361 322
1783179608144 0.2846357822418213 323
1783179608246 0.17548081278800964 324
1783179608351 0.3677445352077484 325
1783179608458 0.22474895417690277 326
1783179608559 0.23144379258155823 327
1783179608664 0.3561975657939911 328
1783179608769 0.2590891420841217 329
1783179608873 0.38889744877815247 330
1783179609006 0.45350852608680725 331
1783179609113 0.24121934175491333 332
1783179609214 0.3968178331851959 333
1783179609261 0.4008549451828003 334
1783179609268 0.41264304518699646 335
1783179609286 0.3307378590106964 336
1783179609394 0.25224021077156067 337
1783179609491 0.7372381091117859 338
1783179609589 0.51190584897995 339
1783179609644 0.2838304042816162 340
1783179609650 0.30757492780685425 341
1783179609662 0.46516913175582886 342
1783179609671 0.19827117025852203 343
1783179609679 0.5297514200210571 344
1783179609683 0.44138309359550476 345
1783179609689 0.32185256481170654 346
1783179609702 0.32663583755493164 347
1783179609717 0.32730916142463684 348
1783179609733 0.34317249059677124 349
1783179609763 0.8904022574424744 350
1783179609794 0.39888203144073486 351
1783179609889 0.12952357530593872 352
1783179609978 0.38452422618865967 353
1783179610018 0.36120930314064026 354
1783179610027 0.3977587819099426 355
1783179610119 0.2938903272151947 356
1783179610136 0.39003944396972656 357
1783179610142 0.2713629901409149 358
1783179610149 0.38356655836105347 359
1783179610160 0.1530071496963501 360
1783179610166 0.20170874893665314 361
1783179610262 0.6395440101623535 362
1783179610306 0.27314823865890503 363
1783179610331 0.20488303899765015 364
1783179610389 0.09251358360052109 365
1783179610402 0.34543555974960327 366
1783179610408 0.49842798709869385 367
1783179610433 0.3000167906284332 368
1783179610437 0.179093599319458 369
1783179610481 0.12579745054244995 370
1783179610566 0.2597844898700714 371
1783179610584 0.12304694950580597 372
1783179610593 0.3840028643608093 373
1783179610609 0.3469977080821991 374
1783179610615 0.16518142819404602 375
1783179610633 0.6783970594406128 376
1783179610640 0.48671939969062805 377
1783179610645 0.25942569971084595 378
1783179610652 0.3769212067127228 379
1783179610679 0.3166007697582245 380
1783179610686 0.27137964963912964 381
1783179610692 0.3036918640136719 382
1783179610697 0.5982027649879456 383
1783179610711 0.19610147178173065 384
1783179610716 0.3121364712715149 385
1783179610723 0.4477335214614868 386
1783179610727 0.3051917850971222 387
1783179610734 0.13463129103183746 388
1783179610739 0.22275787591934204 389
1783179610744 0.1499507576227188 390
1783179610818 0.15500222146511078 391
1783179610824 0.40443137288093567 392
1783179610830 0.26342421770095825 393
1783179610836 0.17562198638916016 394
1783179610889 0.5564590692520142 395
1783179610896 0.1881708949804306 396
1783179610901 0.2772394120693207 397
1783179610908 0.386614054441452 398
1783179610946 0.3434343636035919 399
1783179610950 0.3939279019832611 400
1783179610976 0.20616400241851807 401
1783179610980 0.3971099555492401 402
1783179610996 0.32641738653182983 403
1783179611012 0.4875335693359375 404
1783179611021 0.3994038701057434 405
1783179611044 0.17291338741779327 406
1783179611056 0.26335957646369934 407
1783179611061 0.577241063117981 408
1783179611068 0.28601065278053284 409
1783179611074 0.4537157714366913 410
1783179611078 0.14107678830623627 411
1783179611084 0.14992929995059967 412
1783179611091 0.3399098217487335 413
1783179611096 0.28700190782546997 414
1783179611103 0.3524002432823181 415
1783179611109 0.45221492648124695 416
1783179611114 0.26976877450942993 417
1783179611123 0.41428759694099426 418
1783179611127 0.6910098791122437 419
1783179611132 0.42098310589790344 420
1783179611138 0.44649067521095276 421
1783179611145 0.6187182664871216 422
1783179611160 0.3111579120159149 423
1783179611164 0.8599803447723389 424
1783179611176 0.3823299705982208 425
1783179611184 0.1698032021522522 426
1783179611195 0.45655110478401184 427
1783179611201 0.431474894285202 428
1783179611232 0.33934327960014343 429
1783179611239 0.23534172773361206 430
1783179611247 0.2414121925830841 431
1783179611272 0.41225412487983704 432
1783179611281 0.4769434630870819 433
1783179611289 0.28100457787513733 434
1783179611320 0.31824859976768494 435
1783179611328 0.5894567966461182 436
1783179611352 0.32582658529281616 437
1783179611387 0.38155075907707214 438
1783179611399 0.7104735970497131 439
1783179611412 0.7190403938293457 440
1783179611424 0.2985166907310486 441
1783179611434 0.45655518770217896 442
1783179611447 0.34754475951194763 443
1783179611518 0.43084126710891724 444
1783179611617 0.3921624720096588 445
1783179611721 0.3994779884815216 446
1783179611783 0.4856751561164856 447
1783179611789 0.3044787347316742 448
1783179611795 0.13258379697799683 449
1783179611800 0.26555803418159485 450
1783179611807 0.1185542568564415 451
1783179611813 0.36494913697242737 452
1783179611819 0.2788395583629608 453
1783179611824 0.1629544198513031 454
1783179611834 0.30787646770477295 455
1783179611847 0.14940281212329865 456
1783179611859 0.1434469372034073 457
1783179611866 0.28461992740631104 458
1783179611873 0.22210146486759186 459
1783179611879 0.618659257888794 460
1783179611884 0.5180590152740479 461
1783179611944 0.09931512176990509 462
1783179612016 0.17945483326911926 463
1783179612114 0.19618535041809082 464
1783179612217 0.06105123460292816 465
1783179612302 0.30903157591819763 466
1783179612388 0.5065128207206726 467
1783179612428 0.38433048129081726 468
1783179612437 0.1315954327583313 469
1783179612448 0.35636624693870544 470
1783179612520 0.49693095684051514 471
1783179612524 0.15505437552928925 472
1783179612531 0.2144497036933899 473
1783179612543 0.20217549800872803 474
1783179612562 0.5188660025596619 475
1783179612580 0.11454728245735168 476
1783179612584 0.4534074068069458 477
1783179612591 0.3714916408061981 478
1783179612596 0.4648902416229248 479
1783179612602 0.4121226668357849 480
1783179612608 0.4261660873889923 481
1783179612614 0.2025509625673294 482
1783179612622 0.29804709553718567 483
1783179612628 0.17018583416938782 484
1783179612709 0.3166302740573883 485
1783179612715 0.1366225928068161 486
1783179612727 0.34282997250556946 487
1783179612734 0.7736825346946716 488
1783179612741 0.16965560615062714 489
1783179612747 0.14894723892211914 490
1783179612753 0.20729678869247437 491
1783179612756 0.25676971673965454 492
1783179612762 0.31723731756210327 493
1783179612767 0.5201744437217712 494
1783179612779 0.44734665751457214 495
1783179612786 0.39775973558425903 496
1783179612791 0.47596704959869385 497
1783179612797 0.21568378806114197 498
1783179612803 0.44694674015045166 499
1783179612811 0.20037873089313507 500
1783179612817 0.35514703392982483 501
1783179612873 0.3477857708930969 502
1783179612935 0.44789159297943115 503
1783179612960 0.2535569965839386 504
1783179612966 0.42873647809028625 505
1783179612979 0.10801026970148087 506
1783179612986 0.13210783898830414 507
1783179612992 0.4500088691711426 508
1783179613000 0.29003632068634033 509
1783179613012 0.42049440741539 510
1783179613019 0.3920939564704895 511
1783179613029 0.26423341035842896 512
1783179613036 0.48187416791915894 513
1783179613058 0.2652735114097595 514
1783179613064 0.34512951970100403 515
1783179613093 0.33620598912239075 516
1783179613100 0.15357448160648346 517
1783179613113 0.610555112361908 518
1783179613120 0.4787300229072571 519
1783179613126 0.29406100511550903 520
1783179613132 0.11170011758804321 521
1783179613138 0.2660967707633972 522
1783179613144 0.4230969250202179 523
1783179613161 0.3278025984764099 524
1783179613167 0.26778027415275574 525
1783179613179 0.3504290282726288 526
1783179613185 0.20450463891029358 527
1783179613204 0.21852447092533112 528
1783179613210 0.4054213762283325 529
1783179613215 0.35596325993537903 530
1783179613228 0.2599344551563263 531
1783179613236 0.1477927565574646 532
1783179613245 0.5255342125892639 533
1783179613263 0.5749650597572327 534
1783179613277 0.2509494721889496 535
1783179613295 0.35489290952682495 536
1783179613301 0.40138527750968933 537
1783179613309 0.2479180246591568 538
1783179613316 0.1323731243610382 539
1783179613327 0.2709018886089325 540
1783179613413 0.1417481154203415 541
1783179613421 0.2228158414363861 542
1783179613427 0.597155749797821 543
1783179613432 0.13082963228225708 544
1783179613443 0.21975669264793396 545
1783179613454 0.20465870201587677 546
1783179613465 0.41394713521003723 547
1783179613509 0.12839993834495544 548
1783179613523 0.23414891958236694 549
1783179613536 0.20446477830410004 550
1783179613562 0.16090042889118195 551
1783179613569 0.2736002504825592 552
1783179613576 0.18406075239181519 553
1783179613582 0.5310980081558228 554
1783179613587 0.37350475788116455 555
1783179613591 0.16864661872386932 556
1783179613609 0.3396745026111603 557
1783179613615 0.4276828169822693 558
1783179613627 0.5541909337043762 559
1783179613635 0.39898914098739624 560
1783179613647 0.5002403855323792 561
1783179613657 0.1708156019449234 562
1783179613665 0.2907826006412506 563
1783179613671 0.5230679512023926 564
1783179613678 0.6347055435180664 565
1783179613683 0.39911022782325745 566
1783179613695 0.325420618057251 567
1783179613701 0.4436900317668915 568
1783179613720 0.439190149307251 569
1783179613726 0.8206171989440918 570
1783179613732 0.13718946278095245 571
1783179613743 0.43863677978515625 572
1783179613750 0.2712007761001587 573
1783179613762 0.4152224659919739 574
1783179613768 0.2872794270515442 575
1783179613780 0.3299146890640259 576
1783179613786 0.23399502038955688 577
1783179613795 0.25751468539237976 578
1783179613804 0.3368339538574219 579
1783179613809 0.22573600709438324 580
1783179613813 0.034928061068058014 581
1783179613819 0.15849803388118744 582
1783179613827 0.2873848080635071 583
1783179613834 0.18719199299812317 584
1783179613837 0.2616993486881256 585
1783179613844 0.4676724970340729 586
1783179613850 0.12615762650966644 587
1783179613933 0.31679731607437134 588
1783179613967 0.3250751793384552 589
1783179613979 0.1739932745695114 590
1783179613983 0.22021019458770752 591
1783179613991 0.19218890368938446 592
1783179613997 0.5227335691452026 593
1783179614019 0.11585520952939987 594
1783179614033 0.3803650736808777 595
1783179614037 0.37357446551322937 596
1783179614108 0.08112131059169769 597
1783179614113 0.43922364711761475 598
1783179614117 0.24436219036579132 599
1783179614130 0.23424330353736877 600
1783179614146 0.14856639504432678 601
1783179614151 0.4203292727470398 602
1783179614157 0.21272768080234528 603
1783179614162 0.31549394130706787 604
1783179614179 0.24035413563251495 605
1783179614185 0.4387950301170349 606
1783179614197 0.18777719140052795 607
1783179614201 0.5200156569480896 608
1783179614213 0.09461865574121475 609
1783179614219 0.40278175473213196 610
1783179614252 0.20692178606987 611
1783179614259 0.24062255024909973 612
1783179614266 0.3886437714099884 613
1783179614270 0.3877624571323395 614
1783179614276 0.45670586824417114 615
1783179614282 0.20172551274299622 616
1783179614288 0.3522621989250183 617
1783179614294 0.41347628831863403 618
1783179614300 0.2529621720314026 619
1783179614306 0.08792854845523834 620
1783179614312 0.08185864984989166 621
1783179614319 0.48544514179229736 622
1783179614326 0.33636024594306946 623
1783179614330 0.5123492479324341 624
1783179614338 0.6139206886291504 625
1783179614343 0.3224913477897644 626
1783179614349 0.6876755356788635 627
1783179614354 0.1997923105955124 628
1783179614358 0.4624165892601013 629
1783179614363 0.40815475583076477 630
1783179614367 0.11429814994335175 631
1783179614385 0.2609586715698242 632
1783179614392 0.28956249356269836 633
1783179614398 0.3908279836177826 634
1783179614404 0.5894184112548828 635
1783179614410 0.21562457084655762 636
1783179614416 0.21972039341926575 637
1783179614422 0.2849540710449219 638
1783179614428 0.22384551167488098 639
1783179614433 0.1829698085784912 640
1783179614436 0.2387928068637848 641
1783179614445 0.2635343670845032 642
1783179614452 0.5233595371246338 643
1783179614457 0.2561674416065216 644
1783179614463 0.19962570071220398 645
1783179614466 0.10117100179195404 646
1783179614470 0.24182584881782532 647
1783179614475 0.35836508870124817 648
1783179614479 0.19743110239505768 649
1783179614482 0.21860620379447937 650
1783179614484 0.250445157289505 651
1783179614488 0.7277930378913879 652
1783179614493 0.41675087809562683 653
1783179614496 0.2487294226884842 654
1783179614498 0.07349320501089096 655
1783179614502 0.3570527136325836 656
1783179614505 0.2704794406890869 657
1783179614508 0.4408598840236664 658
1783179614510 0.16955485939979553 659
1783179614514 0.20511546730995178 660
1783179614517 0.06661203503608704 661
1783179614520 0.07930046319961548 662
1783179614525 0.3022313117980957 663
1783179614528 0.27187639474868774 664
1783179614531 0.3650549352169037 665
1783179614535 0.2602214515209198 666
1783179614543 0.09534253925085068 667
1783179614546 0.36294373869895935 668
1783179614549 0.3187411427497864 669
1783179614566 0.29479801654815674 670
1783179614572 0.295707643032074 671
1783179614587 0.19692760705947876 672
1783179614593 0.19645559787750244 673
1783179614598 0.041740790009498596 674
1783179614604 0.24553927779197693 675
1783179614610 0.4559268355369568 676
1783179614616 0.10251082479953766 677
1783179614622 0.06310133635997772 678
1783179614628 0.3557308316230774 679
1783179614634 0.17343123257160187 680
1783179614642 0.2512405514717102 681
1783179614646 0.3805581033229828 682
1783179614652 0.24800725281238556 683
1783179614658 0.15795347094535828 684
1783179614662 0.2239231914281845 685
1783179614665 0.22868920862674713 686
1783179614669 0.25280681252479553 687
1783179614676 0.690464973449707 688
1783179614682 0.1843855082988739 689
1783179614687 0.14023327827453613 690
1783179614694 0.22460463643074036 691
1783179614697 0.408317506313324 692
1783179614700 0.48528093099594116 693
1783179614706 0.20456956326961517 694
1783179614712 0.181085005402565 695
1783179614717 0.31516024470329285 696
1783179614722 0.154725581407547 697
1783179614730 0.2833872139453888 698
1783179614736 0.40267321467399597 699
1783179614749 0.2096662074327469 700
1783179614754 0.15537069737911224 701
1783179614760 0.8818178176879883 702
1783179614766 0.33522123098373413 703
1783179614772 0.219905287027359 704
1783179614778 0.14699622988700867 705
1783179614788 0.2582842707633972 706
1783179614794 0.2967754304409027 707
1783179614872 0.3663860559463501 708
1783179614913 0.22985990345478058 709
1783179614926 0.241439551115036 710
1783179614991 0.39989686012268066 711
1783179615033 0.3967505693435669 712
1783179615129 0.2592422366142273 713
1783179615156 0.3163507282733917 714
1783179615261 0.45884910225868225 715
1783179615319 0.32121482491493225 716
1783179615424 0.26605546474456787 717
1783179615524 0.3043294847011566 718
1783179615622 0.26376962661743164 719
1783179615638 0.23427601158618927 720
1783179615647 0.3330188989639282 721
1783179615657 0.17323099076747894 722
1783179615669 0.43276914954185486 723
1783179615676 0.17902866005897522 724
1783179615688 0.3810655474662781 725
1783179615750 0.15408889949321747 726
1783179615756 0.2840379476547241 727
1783179615764 0.3313910961151123 728
1783179615771 0.2105654627084732 729
1783179615871 0.401459664106369 730
1783179615880 0.5728219151496887 731
1783179615912 0.14099550247192383 732
1783179615924 0.12135650217533112 733
1783179615958 0.23357844352722168 734
1783179615999 0.44683071970939636 735
1783179616011 0.3401997983455658 736
1783179616025 0.14996188879013062 737
1783179616031 0.5860274434089661 738
1783179616038 0.37024784088134766 739
1783179616053 0.40806034207344055 740
1783179616061 0.26322826743125916 741
1783179616067 0.18599332869052887 742
1783179616072 0.24928146600723267 743
1783179616085 0.19858328998088837 744
1783179616118 0.34903770685195923 745
1783179616184 0.19367317855358124 746
1783179616191 0.180348202586174 747
1783179616197 0.6940417885780334 748
1783179616202 0.22585700452327728 749
1783179616215 0.3172799348831177 750
1783179616221 0.11200858652591705 751
1783179616227 0.3115542531013489 752
1783179616233 0.23155426979064941 753
1783179616239 0.24275818467140198 754
1783179616244 0.07158089429140091 755
1783179616251 0.2769876718521118 756
1783179616257 0.3171047866344452 757
1783179616263 0.1951136589050293 758
1783179616268 0.25531870126724243 759
1783179616300 0.2641996443271637 760
1783179616306 0.19900807738304138 761
1783179616317 0.3049752712249756 762
1783179616323 0.44206008315086365 763
1783179616328 0.43236052989959717 764
1783179616335 0.200717493891716 765
1783179616340 0.2084677666425705 766
1783179616347 0.18142591416835785 767
1783179616353 0.0878247618675232 768
1783179616364 0.5479192137718201 769
1783179616448 0.2195071578025818 770
1783179616454 0.4764851927757263 771
1783179616479 0.42277222871780396 772
1783179616485 0.24844478070735931 773
1783179616498 0.23757608234882355 774
1783179616503 0.09020580351352692 775
1783179616513 0.08306320011615753 776
1783179616537 0.2459162175655365 777
1783179616542 0.40313130617141724 778
1783179616547 0.1900055855512619 779
1783179616554 0.2266777753829956 780
1783179616621 0.14750245213508606 781
1783179616625 0.1482829749584198 782
1783179616633 0.4133078455924988 783
1783179616636 0.5232778787612915 784
1783179616644 0.2908168137073517 785
1783179616648 0.2524532973766327 786
1783179616655 0.18927280604839325 787
1783179616666 0.2807139456272125 788
1783179616675 0.11927125602960587 789
1783179616679 0.11913838237524033 790
1783179616684 0.35061073303222656 791
1783179616686 0.24459591507911682 792
1783179616695 0.4678332805633545 793
1783179616707 0.2085975855588913 794
1783179616810 0.37242409586906433 795
1783179616917 0.07292294502258301 796
1783179617020 0.25867825746536255 797
1783179617129 0.5020908713340759 798
1783179617226 0.498116135597229 799
1783179617328 0.5573639273643494 800
1783179617432 0.1909485012292862 801
1783179617538 0.27534547448158264 802
1783179617638 0.4951726496219635 803
1783179617740 0.5720406174659729 804
1783179617844 0.44676873087882996 805
1783179617939 0.37053829431533813 806
1783179617968 0.2555193305015564 807
1783179618052 0.5095096826553345 808
1783179618094 0.18755754828453064 809
1783179618101 0.31355705857276917 810
1783179618107 0.19577674567699432 811
1783179618112 0.20399592816829681 812
1783179618133 0.7565937042236328 813
1783179618138 0.4259219467639923 814
1783179618167 0.1725541204214096 815
1783179618174 0.4496934711933136 816
1783179618182 0.4069669246673584 817
1783179618187 0.34287774562835693 818
1783179618194 0.12959475815296173 819
1783179618204 0.2721014618873596 820
1783179618217 0.27096444368362427 821
1783179618223 0.31249260902404785 822
1783179618234 0.5018316507339478 823
1783179618241 0.2734488248825073 824
1783179618245 0.13914455473423004 825
1783179618252 0.40449059009552 826
1783179618260 0.11506043374538422 827
1783179618275 0.5198789238929749 828
1783179618284 0.35363879799842834 829
1783179618321 0.2544722557067871 830
1783179618333 0.26357582211494446 831
1783179618352 0.4254818260669708 832
1783179618357 0.3703076243400574 833
1783179618368 0.14872048795223236 834
1783179618377 0.43692320585250854 835
1783179618382 0.10588476806879044 836
1783179618388 0.32999387383461 837
1783179618395 0.1247623935341835 838
1783179618400 0.25726670026779175 839
1783179618406 0.10643573105335236 840
1783179618434 0.09927830100059509 841
1783179618445 0.15031129121780396 842
1783179618452 0.175228089094162 843
1783179618542 0.12374802678823471 844
1783179618630 0.23706190288066864 845
1783179618661 0.0987265482544899 846
1783179618682 0.1747012734413147 847
1783179618709 0.09717054665088654 848
1783179618726 0.3220784366130829 849
1783179618781 0.3387802243232727 850
1783179618880 0.17609937489032745 851
1783179618892 0.36698487401008606 852
1783179618905 0.594086229801178 853
1783179618917 0.12737895548343658 854
1783179618922 0.22001315653324127 855
1783179618953 0.31658151745796204 856
1783179618963 0.4292348325252533 857
1783179618981 0.3556631803512573 858
1783179618988 0.3977590501308441 859
1783179619084 0.17791692912578583 860
1783179619097 0.08397975564002991 861
1783179619108 0.23616032302379608 862
1783179619132 0.22502094507217407 863
1783179619155 0.136606365442276 864
1783179619210 0.37009507417678833 865
1783179619257 0.19876407086849213 866
1783179619281 0.07858263701200485 867
1783179619292 0.45320531725883484 868
1783179619299 0.278476357460022 869
1783179619304 0.7210404276847839 870
1783179619310 0.2246965765953064 871
1783179619321 0.26700425148010254 872
1783179619400 0.18370267748832703 873
1783179619498 0.1446775496006012 874
1783179619508 0.11091115325689316 875
1783179619513 0.18476895987987518 876
1783179619519 0.2712920308113098 877
1783179619537 0.4258491098880768 878
1783179619541 0.24666568636894226 879
1783179619583 0.2721728980541229 880
1783179619650 0.10410652309656143 881
1783179619661 0.3300308883190155 882
1783179619703 0.2781640589237213 883
1783179619744 0.261100709438324 884
1783179619750 0.17714476585388184 885
1783179619756 0.23557792603969574 886
1783179619772 0.15839239954948425 887
1783179619872 0.3266913592815399 888
1783179619949 0.18203239142894745 889
1783179619957 0.09019459784030914 890
1783179620003 0.08259691298007965 891
1783179620011 0.5091575980186462 892
1783179620016 0.09018655121326447 893
1783179620023 0.337916761636734 894
1783179620033 0.19579759240150452 895
1783179620040 0.04703367128968239 896
1783179620047 0.20230254530906677 897
1783179620133 0.0579911470413208 898
1783179620205 0.38062402606010437 899
1783179620216 0.18656232953071594 900
1783179620226 0.14366833865642548 901
1783179620235 0.28920790553092957 902
1783179620248 0.1342146396636963 903
1783179620255 0.40269050002098083 904
1783179620272 0.26515692472457886 905
1783179620300 0.4512089788913727 906
1783179620321 0.2681555449962616 907
1783179620416 0.4223352372646332 908
1783179620490 0.5117770433425903 909
1783179620501 0.16734421253204346 910
1783179620507 0.27329036593437195 911
1783179620511 0.30137670040130615 912
1783179620522 0.147203728556633 913
1783179620533 0.7054714560508728 914
1783179620538 0.5244202613830566 915
1783179620555 0.27510249614715576 916
1783179620567 0.3424575924873352 917
1783179620622 0.5168974995613098 918
1783179620713 0.07578586041927338 919
1783179620724 0.1569870263338089 920
1783179620816 0.1213872879743576 921
1783179620846 0.3506026268005371 922
1783179620858 0.31981325149536133 923
1783179620872 0.06830335408449173 924
1783179620964 0.2267715036869049 925
1783179621065 0.21737895905971527 926
1783179621164 0.20157548785209656 927
1783179621235 0.17450667917728424 928
1783179621321 0.31888002157211304 929
1783179621391 0.22130393981933594 930
1783179621401 0.3107576072216034 931
1783179621408 0.34110167622566223 932
1783179621432 0.3510968089103699 933
1783179621439 0.20614200830459595 934
1783179621493 0.20436018705368042 935
1783179621499 0.2288765162229538 936
1783179621505 0.14264711737632751 937
1783179621511 0.28269168734550476 938
1783179621516 0.03680207207798958 939
1783179621522 0.2577924132347107 940
1783179621529 0.09552367776632309 941
1783179621536 0.11738883703947067 942
1783179621541 0.22841471433639526 943
1783179621552 0.08278602361679077 944
1783179621559 0.21706253290176392 945
1783179621565 0.3372786045074463 946
1783179621572 0.1292058527469635 947
1783179621579 0.2208860218524933 948
1783179621584 0.16477102041244507 949
1783179621590 0.1929454207420349 950
1783179621597 0.04295196011662483 951
1783179621603 0.1523040533065796 952
1783179621609 0.18817168474197388 953
1783179621615 0.42651447653770447 954
1783179621621 0.1245785728096962 955
1783179621627 0.11337010562419891 956
1783179621641 0.26076218485832214 957
1783179621653 0.24039146304130554 958
1783179621658 0.2003234475851059 959
1783179621681 0.20274265110492706 960
1783179621692 0.3285530209541321 961
1783179621705 0.12162969261407852 962
1783179621712 0.2438233196735382 963
1783179621719 0.09586318582296371 964
1783179621819 0.1017952710390091 965
1783179621915 0.26355037093162537 966
1783179621942 0.10150818526744843 967
1783179621949 0.19258134067058563 968
1783179621956 0.1043291762471199 969
1783179621968 0.2169066220521927 970
1783179622065 0.2265995591878891 971
1783179622071 0.14111490547657013 972
1783179622076 0.36678531765937805 973
1783179622083 0.2727208435535431 974
1783179622090 0.2316306233406067 975
1783179622096 0.12964153289794922 976
1783179622102 0.08562703430652618 977
1783179622107 0.21729378402233124 978
1783179622115 0.1539984494447708 979
1783179622119 0.15283475816249847 980
1783179622125 0.048427511006593704 981
1783179622133 0.14078542590141296 982
1783179622139 0.1813410520553589 983
1783179622144 0.12133004516363144 984
1783179622240 0.7002213001251221 985
1783179622255 0.18221041560173035 986
1783179622260 0.31222042441368103 987
1783179622265 0.33468276262283325 988
1783179622272 0.22337400913238525 989
1783179622277 0.4377681612968445 990
1783179622284 0.3637465238571167 991
1783179622291 0.08453422039747238 992
1783179622296 0.3995930850505829 993
1783179622301 0.14633709192276 994
1783179622306 0.29826414585113525 995
1783179622311 0.3491082191467285 996
1783179622317 0.4393928647041321 997
1783179622323 0.2474806159734726 998
1783179622329 0.5162845253944397 999
1783179622335 0.127186581492424 1000
1783179622339 0.11333755403757095 1001
1783179622344 0.41292375326156616 1002
1783179622350 0.2844557464122772 1003
1783179622357 0.4583822786808014 1004
1783179622363 0.04725612327456474 1005
1783179622369 0.1597365140914917 1006
1783179622376 0.22582723200321198 1007
1783179622383 0.16318517923355103 1008
1783179622388 0.1483066827058792 1009
1783179622430 0.43794381618499756 1010
1783179622453 0.11421652138233185 1011
1783179622459 0.6037023067474365 1012
1783179622466 0.057359568774700165 1013
1783179622471 0.1305454522371292 1014
1783179622476 0.20102299749851227 1015
1783179622483 0.2443852573633194 1016
1783179622489 0.21740102767944336 1017
1783179622497 0.14484576880931854 1018
1783179622502 0.2622358500957489 1019
1783179622508 0.19651684165000916 1020
1783179622573 0.42883312702178955 1021
1783179622584 0.4951280355453491 1022
1783179622592 0.20491530001163483 1023
1783179622598 0.24932363629341125 1024
1783179622604 0.14943791925907135 1025
1783179622682 0.19734922051429749 1026
1783179622702 0.03548197075724602 1027
1783179622808 0.2594525218009949 1028
1783179622912 0.38107216358184814 1029
1783179622928 0.23590295016765594 1030
1783179622936 0.25197267532348633 1031
1783179622953 0.2984126806259155 1032
1783179622978 0.2526904344558716 1033
1783179622987 0.38622745871543884 1034
1783179623005 0.11533672362565994 1035
1783179623115 0.09161565452814102 1036
1783179623210 0.6224465370178223 1037
1783179623308 0.18816983699798584 1038
1783179623411 0.27130022644996643 1039
1783179623429 0.44546598196029663 1040
1783179623532 0.37316977977752686 1041
1783179623630 0.21324467658996582 1042
1783179623732 0.42647838592529297 1043
1783179623828 0.33176082372665405 1044
1783179623924 0.12489845603704453 1045
1783179624024 0.08165737241506577 1046
1783179624121 0.05659082531929016 1047
1783179624145 0.6145956516265869 1048
1783179624156 0.2785778343677521 1049
1783179624205 0.3967026174068451 1050
1783179624217 0.40832191705703735 1051
1783179624222 0.05106281116604805 1052
1783179624228 0.11549344658851624 1053
1783179624235 0.1995275467634201 1054
1783179624241 0.34700679779052734 1055
1783179624247 0.19745975732803345 1056
1783179624252 0.34046512842178345 1057
1783179624265 0.20781715214252472 1058
1783179624271 0.3603515923023224 1059
1783179624371 0.10274675488471985 1060
1783179624470 0.34155693650245667 1061
1783179624579 0.1459576040506363 1062
1783179624679 0.6614957451820374 1063
1783179624794 0.18790733814239502 1064
1783179624896 0.28256306052207947 1065
1783179624986 0.2739357054233551 1066
1783179625076 0.36066675186157227 1067
1783179625119 0.12123839557170868 1068
1783179625124 0.3695371747016907 1069
1783179625131 0.27295976877212524 1070
1783179625136 0.4170708954334259 1071
1783179625149 0.2066725194454193 1072
1783179625179 0.26999056339263916 1073
1783179625191 0.17715714871883392 1074
1783179625240 0.406603068113327 1075
1783179625307 0.20196759700775146 1076
1783179625339 0.08306293934583664 1077
1783179625362 0.1601119339466095 1078
1783179625440 0.16240064799785614 1079
1783179625555 0.1240207701921463 1080
1783179625578 0.2778955399990082 1081
1783179625679 0.3522736728191376 1082
1783179625769 0.044575076550245285 1083
1783179625893 0.2445269674062729 1084
1783179625993 0.38967710733413696 1085
1783179626002 0.15801219642162323 1086
1783179626107 0.17039507627487183 1087
1783179626206 0.14443111419677734 1088
1783179626313 0.08724920451641083 1089
1783179626409 0.48068681359291077 1090
1783179626496 0.24915868043899536 1091
1783179626599 0.23158033192157745 1092
1783179626700 0.1783420443534851 1093
1783179626805 0.24487602710723877 1094
1783179626907 0.3394480347633362 1095
1783179627011 0.0850999727845192 1096
1783179627106 0.07176605612039566 1097
1783179627148 0.3574736416339874 1098
1783179627249 0.3486565351486206 1099
1783179627360 0.5867413282394409 1100
1783179627465 0.18745769560337067 1101
1783179627567 0.3451210558414459 1102
1783179627671 0.32843905687332153 1103
1783179627778 0.2611888349056244 1104
1783179627881 0.27830415964126587 1105
1783179627983 0.15676242113113403 1106
1783179628088 0.27068039774894714 1107
1783179628194 0.16830700635910034 1108
1783179628296 0.2309337705373764 1109
1783179628397 0.20304566621780396 1110
1783179628500 0.2673308253288269 1111
1783179628600 0.6546342968940735 1112
1783179628688 0.15413117408752441 1113
1783179628779 0.07458120584487915 1114
1783179628888 0.1955307424068451 1115
1783179628986 0.09926734864711761 1116
1783179629081 0.5117093920707703 1117
1783179629125 0.19143104553222656 1118
1783179629132 0.06509701907634735 1119
1783179629159 0.16359512507915497 1120
1783179629164 0.08628005534410477 1121
1783179629171 0.20042912662029266 1122
1783179629176 0.07559888064861298 1123
1783179629182 0.10835350304841995 1124
1783179629251 0.13403910398483276 1125
1783179629257 0.11211903393268585 1126
1783179629262 0.09260737150907516 1127
1783179629266 0.20267435908317566 1128
1783179629288 0.09982369840145111 1129
1783179629295 0.2579226493835449 1130
1783179629312 0.5059995055198669 1131
1783179629317 0.17258647084236145 1132
1783179629323 0.1677480787038803 1133
1783179629338 0.2627551853656769 1134
1783179629415 0.2863438129425049 1135
1783179629443 0.05688727647066116 1136
1783179629454 0.05024067312479019 1137
1783179629468 0.3856046795845032 1138
1783179629485 0.36644065380096436 1139
1783179629491 0.09834795445203781 1140
1783179629498 0.24484771490097046 1141
1783179629505 0.04623657092452049 1142
1783179629511 0.09952563792467117 1143
1783179629518 0.19169330596923828 1144
1783179629524 0.371075302362442 1145
1783179629531 0.5425322651863098 1146
1783179629537 0.10423211753368378 1147
1783179629545 0.14485692977905273 1148
1783179629580 0.4207361042499542 1149
1783179629599 0.41019749641418457 1150
1783179629615 0.06930256634950638 1151
1783179629630 0.16636624932289124 1152
1783179629637 0.024702005088329315 1153
1783179629651 0.09539472311735153 1154
1783179629655 0.22194859385490417 1155
1783179629661 0.1549404114484787 1156
1783179629667 0.29156631231307983 1157
1783179629674 0.016233542934060097 1158
1783179629680 0.11224104464054108 1159
1783179629685 0.3000183701515198 1160
1783179629692 0.48497453331947327 1161
1783179629697 0.2251104712486267 1162
1783179629710 0.09352000802755356 1163
1783179629722 0.45583096146583557 1164
1783179629728 0.1685047298669815 1165
1783179629733 0.4700002670288086 1166
1783179629745 0.12712565064430237 1167
1783179629751 0.4869031608104706 1168
1783179629759 0.37851381301879883 1169
1783179629763 0.1281057894229889 1170
1783179629776 0.46086061000823975 1171
1783179629783 0.32418563961982727 1172
1783179629831 0.24705663323402405 1173
1783179629836 0.11930287629365921 1174
1783179629858 0.122017502784729 1175
1783179629866 0.09108570963144302 1176
1783179629915 0.5078023076057434 1177
1783179629933 0.10642899572849274 1178
1783179629939 0.34678247570991516 1179
1783179629949 0.1676325500011444 1180
1783179629986 0.1320788562297821 1181
1783179629996 0.12349171936511993 1182
1783179630028 0.20955882966518402 1183
1783179630045 0.15399406850337982 1184
1783179630072 0.33169665932655334 1185
1783179630123 0.4541938900947571 1186
1783179630129 0.17390301823616028 1187
1783179630135 0.12033510953187943 1188
1783179630142 0.20933015644550323 1189
1783179630147 0.3109531104564667 1190
1783179630159 0.19737085700035095 1191
1783179630173 0.30993232131004333 1192
1783179630191 0.13098785281181335 1193
1783179630233 0.2344173640012741 1194
1783179630245 0.07233399152755737 1195
1783179630251 0.08296680450439453 1196
1783179630260 0.24958689510822296 1197
1783179630269 0.3353393077850342 1198
1783179630280 0.05365283042192459 1199
1783179630285 0.1769087165594101 1200
1783179630293 0.14451611042022705 1201
1783179630297 0.09806417673826218 1202
1783179630310 0.10245497524738312 1203
1783179630327 0.2975477874279022 1204
1783179630333 0.20470601320266724 1205
1783179630339 0.09767799079418182 1206
1783179630360 0.06421367079019547 1207
1783179630392 0.47902584075927734 1208
1783179630399 0.45505616068840027 1209
1783179630410 0.1316118836402893 1210
1783179630417 0.08578730374574661 1211
1783179630422 0.0668005719780922 1212
1783179630428 0.3281515836715698 1213
1783179630434 0.14427295327186584 1214
1783179630441 0.04336695745587349 1215
1783179630447 0.3506687879562378 1216
1783179630453 0.10203251242637634 1217
1783179630458 0.15987133979797363 1218
1783179630465 0.0534009113907814 1219
1783179630475 0.11672692745923996 1220
1783179630481 0.08520934730768204 1221
1783179630488 0.19122359156608582 1222
1783179630493 0.2067514955997467 1223
1783179630499 0.2895750403404236 1224
1783179630506 0.2665533721446991 1225
1783179630511 0.09931324422359467 1226
1783179630519 0.12311756610870361 1227
1783179630547 0.2839027941226959 1228
1783179630560 0.03600873053073883 1229
1783179630566 0.10716527700424194 1230
1783179630572 0.39672815799713135 1231
1783179630578 0.2194686084985733 1232
1783179630584 0.07748625427484512 1233
1783179630590 0.07538571208715439 1234
1783179630596 0.06133498251438141 1235
1783179630603 0.1942833513021469 1236
1783179630609 0.01663069985806942 1237
1783179630614 0.07658138871192932 1238
1783179630619 0.24596093595027924 1239
1783179630629 0.2560752332210541 1240
1783179630632 0.07883574068546295 1241
1783179630635 0.21208171546459198 1242
1783179630641 0.16570113599300385 1243
1783179630646 0.45337745547294617 1244
1783179630652 0.04425998404622078 1245
1783179630655 0.12954038381576538 1246
1783179630660 0.09260594844818115 1247
1783179630666 0.02273894101381302 1248
1783179630673 0.38610169291496277 1249
1783179630679 0.042627498507499695 1250
1783179630685 0.3144456446170807 1251
1783179630692 0.12776276469230652 1252
1783179630695 0.2138160616159439 1253
1783179630701 0.09842301905155182 1254
1783179630709 0.14875265955924988 1255
1783179630716 0.18690147995948792 1256
1783179630723 0.08429364114999771 1257
1783179630728 0.36621028184890747 1258
1783179630735 0.29566073417663574 1259
1783179630745 0.2630056142807007 1260
1783179630749 0.21808883547782898 1261
1783179630758 0.280070424079895 1262
1783179630769 0.16348619759082794 1263
1783179630786 0.08588939160108566 1264
1783179630795 0.5263726115226746 1265
1783179630821 0.148390531539917 1266
1783179630826 0.31913676857948303 1267
1783179630833 0.0959290862083435 1268
1783179630839 0.2548976540565491 1269
1783179630853 0.04250728711485863 1270
1783179630871 0.05586474761366844 1271
1783179630881 0.12223474681377411 1272
1783179630887 0.09746644645929337 1273
1783179630894 0.35109958052635193 1274
1783179630907 0.18481695652008057 1275
1783179630916 0.2511465847492218 1276
1783179630923 0.33210447430610657 1277
1783179630930 0.12617363035678864 1278
1783179630945 0.0869048610329628 1279
1783179630976 0.22421382367610931 1280
1783179631007 0.4533836841583252 1281
1783179631016 0.10853715986013412 1282
1783179631033 0.2302071452140808 1283
1783179631039 0.3191267251968384 1284
1783179631046 0.23651526868343353 1285
1783179631056 0.3445989787578583 1286
1783179631063 0.158003568649292 1287
1783179631075 0.27692678570747375 1288
1783179631102 0.012950398027896881 1289
1783179631115 0.2755550146102905 1290
1783179631144 0.3423015773296356 1291
1783179631212 0.05496055632829666 1292
1783179631265 0.06452520191669464 1293
1783179631320 0.3995782732963562 1294
1783179631331 0.12626084685325623 1295
1783179631338 0.19024406373500824 1296
1783179631344 0.5116298198699951 1297
1783179631349 0.3766934275627136 1298
1783179631356 0.218018040060997 1299
1783179631364 0.151447594165802 1300
1783179631370 0.12560175359249115 1301
1783179631377 0.18761970102787018 1302
1783179631453 0.33392012119293213 1303
1783179631546 0.3488352596759796 1304
1783179631627 0.4371381402015686 1305
1783179631641 0.17984211444854736 1306
1783179631661 0.1503417193889618 1307
1783179631667 0.29062384366989136 1308
1783179631676 0.21360214054584503 1309
1783179631681 0.16073594987392426 1310
1783179631689 0.3223479092121124 1311
1783179631696 0.09828123450279236 1312
1783179631701 0.07208254933357239 1313
1783179631759 0.17908798158168793 1314
1783179631766 0.12749697268009186 1315
1783179631788 0.23110204935073853 1316
1783179631804 0.1176251769065857 1317
1783179631902 0.20166628062725067 1318
1783179632015 0.23025424778461456 1319
1783179632116 0.14085541665554047 1320
1783179632220 0.18095427751541138 1321
1783179632325 0.17640894651412964 1322
1783179632426 0.3681427836418152 1323
1783179632531 0.10409926623106003 1324
1783179632627 0.11467064172029495 1325
1783179632734 0.09535318613052368 1326
1783179632833 0.23942571878433228 1327
1783179632934 0.15016737580299377 1328
1783179633041 0.1254669427871704 1329
1783179633141 0.08370617777109146 1330
1783179633243 0.1089327484369278 1331
1783179633345 0.06532430648803711 1332
1783179633429 0.14333316683769226 1333
1783179633529 0.11263783276081085 1334
1783179633613 0.035091582685709 1335
1783179633736 0.25947290658950806 1336
1783179633846 0.045352473855018616 1337
1783179633938 0.2723883390426636 1338
1783179634023 0.012722855433821678 1339
1783179634112 0.29643917083740234 1340
1783179634201 0.1582476645708084 1341
1783179634288 0.1316521018743515 1342
1783179634378 0.11517134308815002 1343
1783179634474 0.18429447710514069 1344
1783179634557 0.37774747610092163 1345
1783179634642 0.11451301723718643 1346
1783179634731 0.08672688156366348 1347
1783179634824 0.0700097605586052 1348
1783179634923 0.13342788815498352 1349
1783179635009 0.25356805324554443 1350
1783179635101 0.2508962154388428 1351
1783179635188 0.21567876636981964 1352
1783179635328 0.21937313675880432 1353
1783179635428 0.4544106423854828 1354
1783179635525 0.18048371374607086 1355
1783179635618 0.2662523686885834 1356
1783179635719 0.11598911881446838 1357
1783179635821 0.22500789165496826 1358
1783179635924 0.03195397928357124 1359
1783179636022 0.16227108240127563 1360
1783179636114 0.11310459673404694 1361
1783179636217 0.20797087252140045 1362
1783179636315 0.13546355068683624 1363
1783179636346 0.27838096022605896 1364
1783179636356 0.11749802529811859 1365
1783179636364 0.06695012003183365 1366
1783179636376 0.22193951904773712 1367
1783179636382 0.06482961028814316 1368
1783179636394 0.35472849011421204 1369
1783179636406 0.06708765029907227 1370
1783179636413 0.38655006885528564 1371
1783179636418 0.05639208108186722 1372
1783179636427 0.16880349814891815 1373
1783179636446 0.1644192934036255 1374
1783179636456 0.14874444901943207 1375
1783179636465 0.0978885367512703 1376
1783179636478 0.10132117569446564 1377
1783179636484 0.20473358035087585 1378
1783179636489 0.1557428538799286 1379
1783179636501 0.3026272654533386 1380
1783179636507 0.15247757732868195 1381
1783179636571 0.4062269628047943 1382
1783179636606 0.031150970607995987 1383
1783179636624 0.09390271455049515 1384
1783179636636 0.348280668258667 1385
1783179636650 0.408923864364624 1386
1783179636657 0.16184741258621216 1387
1783179636666 0.2300216555595398 1388
1783179636674 0.34432992339134216 1389
1783179636679 0.42704135179519653 1390
1783179636685 0.0759568139910698 1391
1783179636695 0.3478412330150604 1392
1783179636702 0.3773583173751831 1393
1783179636758 0.22873437404632568 1394
1783179636765 0.2005697786808014 1395
1783179636775 0.22744469344615936 1396
1783179636780 0.1426127701997757 1397
1783179636787 0.26834312081336975 1398
1783179636792 0.1231689602136612 1399
1783179636799 0.1455586552619934 1400
1783179636818 0.44231343269348145 1401
1783179636825 0.1339433342218399 1402
1783179636912 0.3903157711029053 1403
1783179637008 0.25011783838272095 1404
1783179637021 0.22139368951320648 1405
1783179637032 0.4371131956577301 1406
1783179637042 0.21662576496601105 1407
1783179637052 0.08770973980426788 1408
1783179637062 0.34038591384887695 1409
1783179637076 0.2460014820098877 1410
1783179637081 0.31534048914909363 1411
1783179637086 0.5620027184486389 1412
1783179637093 0.18182632327079773 1413
1783179637100 0.17803855240345 1414
1783179637116 0.3896231949329376 1415
1783179637122 0.358826220035553 1416
1783179637128 0.1154792457818985 1417
1783179637143 0.38169828057289124 1418
1783179637167 0.32073357701301575 1419
1783179637173 0.20063528418540955 1420
1783179637182 0.1189827248454094 1421
1783179637195 0.06071297079324722 1422
1783179637201 0.13898131251335144 1423
1783179637219 0.13186372816562653 1424
1783179637232 0.08961786329746246 1425
1783179637269 0.0952555313706398 1426
1783179637298 0.06608224660158157 1427
1783179637311 0.116019107401371 1428
1783179637318 0.5060189962387085 1429
1783179637324 0.2126871645450592 1430
1783179637330 0.3847505748271942 1431
1783179637340 0.14142562448978424 1432
1783179637352 0.09710519015789032 1433
1783179637383 0.10841929912567139 1434
1783179637390 0.10595442354679108 1435
1783179637395 0.1408281922340393 1436
1783179637402 0.05907193571329117 1437
1783179637412 0.1413925290107727 1438
1783179637418 0.09427079558372498 1439
1783179637426 0.169145405292511 1440
1783179637433 0.10695704072713852 1441
1783179637454 0.19629523158073425 1442
1783179637469 0.14810429513454437 1443
1783179637485 0.30879780650138855 1444
1783179637493 0.18361656367778778 1445
1783179637498 0.014398865401744843 1446
1783179637509 0.2615853548049927 1447
1783179637516 0.3506042957305908 1448
1783179637544 0.3555508255958557 1449
1783179637638 0.16436614096164703 1450
1783179637739 0.5095487833023071 1451
1783179637844 0.10388049483299255 1452
1783179637942 0.06671364605426788 1453
1783179638036 0.19674323499202728 1454
1783179638137 0.12449447810649872 1455
1783179638241 0.12445051968097687 1456
1783179638338 0.04946913197636604 1457
1783179638432 0.3696860074996948 1458
1783179638525 0.13338308036327362 1459
1783179638621 0.37041592597961426 1460
1783179638706 0.11722885072231293 1461
1783179638807 0.11960718035697937 1462
1783179638904 0.4962455630302429 1463
1783179638996 0.3169381022453308 1464
1783179639090 0.3142494261264801 1465
1783179639188 0.2577402591705322 1466
1783179639281 0.10386738926172256 1467
1783179639386 0.17740285396575928 1468
1783179639493 0.24623945355415344 1469
1783179639589 0.12347821146249771 1470
1783179639678 0.32088035345077515 1471
1783179639779 0.1143488734960556 1472
1783179639878 0.1365814208984375 1473
1783179639980 0.13022996485233307 1474
1783179640078 0.34548333287239075 1475
1783179640177 0.15773707628250122 1476
1783179640273 0.19056536257266998 1477
1783179640378 0.08846163749694824 1478
1783179640477 0.1395048350095749 1479
1783179640574 0.1535877287387848 1480
1783179640675 0.04761992394924164 1481
1783179640777 0.13707220554351807 1482
1783179640875 0.2263016700744629 1483
1783179640973 0.2210591584444046 1484
1783179641072 0.23369473218917847 1485
1783179641171 0.12884388864040375 1486
1783179641264 0.10118075460195541 1487
1783179641365 0.3670690655708313 1488
1783179641464 0.1743401139974594 1489
1783179641568 0.0659898892045021 1490
1783179641669 0.1142859235405922 1491
1783179641774 0.13037341833114624 1492
1783179641851 0.21746906638145447 1493
1783179641861 0.21677257120609283 1494
1783179641869 0.42618194222450256 1495
1783179641876 0.07462777942419052 1496
1783179641880 0.3897603452205658 1497
1783179641893 0.1438482403755188 1498
1783179641903 0.10592464357614517 1499
1783179641909 0.09682080894708633 1500
1783179642008 0.16456164419651031 1501
1783179642103 0.39742302894592285 1502
1783179642203 0.2731987535953522 1503
1783179642302 0.33029037714004517 1504
1783179642396 0.08010119199752808 1505
1783179642493 0.15152236819267273 1506
1783179642594 0.13472187519073486 1507
1783179642694 0.44644153118133545 1508
1783179642796 0.10066636651754379 1509
1783179642899 0.11595416069030762 1510
1783179643001 0.10729578882455826 1511
1783179643104 0.2908566892147064 1512
1783179643218 0.36981695890426636 1513
1783179643323 0.06812453269958496 1514
1783179643427 0.12175734341144562 1515
1783179643533 0.12703533470630646 1516
1783179643640 0.3056899905204773 1517
1783179643753 0.12683865427970886 1518
1783179643856 0.3792106807231903 1519
1783179643968 0.0824766606092453 1520
1783179644076 0.17837955057621002 1521
1783179644178 0.027355331927537918 1522
1783179644280 0.16945460438728333 1523
1783179644391 0.47061842679977417 1524
1783179644489 0.19364793598651886 1525
1783179644511 0.19814732670783997 1526
1783179644606 0.17885617911815643 1527
1783179644712 0.5898948907852173 1528
1783179644813 0.11782518774271011 1529
1783179644915 0.04369662329554558 1530
1783179645017 0.1870787888765335 1531
1783179645123 0.03984769806265831 1532
1783179645225 0.04548261687159538 1533
1783179645326 0.15511386096477509 1534
1783179645428 0.3067125976085663 1535
1783179645530 0.17756274342536926 1536
1783179645629 0.5317081212997437 1537
1783179645650 0.508650541305542 1538
1783179645660 0.06792997568845749 1539
1783179645677 0.0767800435423851 1540
1783179645700 0.04590807110071182 1541
1783179645707 0.16986358165740967 1542
1783179645764 0.2789371609687805 1543
1783179645828 0.24290470778942108 1544
1783179645840 0.13797912001609802 1545
1783179645847 0.1939653903245926 1546
1783179645853 0.09408718347549438 1547
1783179645858 0.04970410838723183 1548
1783179645865 0.17865702509880066 1549
1783179645878 0.07604499161243439 1550
1783179645892 0.0626513659954071 1551
1783179645903 0.1588078737258911 1552
1783179645909 0.16149532794952393 1553
1783179645912 0.08928656578063965 1554
1783179645937 0.0933784544467926 1555
1783179645944 0.37573128938674927 1556
1783179645950 0.25177881121635437 1557
1783179645957 0.14902864396572113 1558
1783179645963 0.051474735140800476 1559
1783179645972 0.05250498279929161 1560
1783179645981 0.0721968561410904 1561
1783179646098 0.24437035620212555 1562
1783179646203 0.10377969592809677 1563
1783179646309 0.11130231618881226 1564
1783179646414 0.24871878325939178 1565
1783179646440 0.15624047815799713 1566
1783179646467 0.10170033574104309 1567
1783179646493 0.18151743710041046 1568
1783179646526 0.10685349255800247 1569
1783179646632 0.155145063996315 1570
1783179646738 0.08515232056379318 1571
1783179646770 0.13236960768699646 1572
1783179646776 0.1401205211877823 1573
1783179646779 0.19212956726551056 1574
1783179646794 0.14853736758232117 1575
1783179646801 0.4143390655517578 1576
1783179646804 0.5414682030677795 1577
1783179646822 0.20241793990135193 1578
1783179646843 0.1357225626707077 1579
1783179646855 0.3981723487377167 1580
1783179646862 0.14144618809223175 1581
1783179646893 0.15974445641040802 1582
1783179646905 0.13235235214233398 1583
1783179647007 0.43746230006217957 1584
1783179647108 0.055053889751434326 1585
1783179647189 0.39925017952919006 1586
1783179647300 0.08798268437385559 1587
1783179647412 0.22423014044761658 1588
1783179647519 0.26908400654792786 1589
1783179647625 0.1689530909061432 1590
1783179647684 0.3054054081439972 1591
1783179647766 0.16646184027194977 1592
1783179647779 0.25039908289909363 1593
1783179647799 0.09909789264202118 1594
1783179647892 0.2625691890716553 1595
1783179647992 0.16786813735961914 1596
1783179648037 0.26840806007385254 1597
1783179648042 0.029723193496465683 1598
1783179648072 0.08733660727739334 1599
1783179648080 0.19927430152893066 1600
1783179648085 0.2956983149051666 1601
1783179648091 0.22402659058570862 1602
1783179648097 0.11335282027721405 1603
1783179648108 0.1732548624277115 1604
1783179648114 0.03159134089946747 1605
1783179648122 0.42979559302330017 1606
1783179648128 0.1254352331161499 1607
1783179648134 0.1978554129600525 1608
1783179648139 0.19742435216903687 1609
1783179648144 0.17794837057590485 1610
1783179648152 0.20233318209648132 1611
1783179648158 0.3594880700111389 1612
1783179648215 0.07487470656633377 1613
1783179648270 0.1676037311553955 1614
1783179648294 0.042610593140125275 1615
1783179648305 0.1288270801305771 1616
1783179648310 0.2249956876039505 1617
1783179648315 0.16559046506881714 1618
1783179648322 0.1736849844455719 1619
1783179648327 0.14236246049404144 1620
1783179648334 0.1070522591471672 1621
1783179648340 0.19543971121311188 1622
1783179648352 0.23176081478595734 1623
1783179648357 0.21197500824928284 1624
1783179648368 0.22319665551185608 1625
1783179648375 0.042606040835380554 1626
1783179648389 0.06336455047130585 1627
1783179648464 0.2029966413974762 1628
1783179648475 0.13419683277606964 1629
1783179648481 0.15254488587379456 1630
1783179648487 0.080145463347435 1631
1783179648495 0.08240964263677597 1632
1783179648500 0.12641224265098572 1633
1783179648505 0.05061148852109909 1634
1783179648607 0.6030312776565552 1635
1783179648709 0.0861298218369484 1636
1783179648803 0.23184239864349365 1637
1783179648905 0.22402635216712952 1638
1783179648958 0.40455490350723267 1639
1783179648964 0.06845252960920334 1640
1783179648969 0.04021817818284035 1641
1783179648976 0.1457626074552536 1642
1783179648982 0.2021702378988266 1643
1783179648987 0.10777504742145538 1644
1783179648993 0.19954319298267365 1645
1783179649011 0.08947687596082687 1646
1783179649016 0.11908061802387238 1647
1783179649081 0.3078711926937103 1648
1783179649192 0.12232410162687302 1649
1783179649204 0.04508373886346817 1650
1783179649214 0.40106746554374695 1651
1783179649241 0.25524088740348816 1652
1783179649335 0.20208188891410828 1653
1783179649377 0.09401868283748627 1654
1783179649382 0.09366943687200546 1655
1783179649393 0.035396039485931396 1656
1783179649410 0.19439350068569183 1657
1783179649416 0.22635924816131592 1658
1783179649424 0.027083318680524826 1659
1783179649428 0.12491261214017868 1660
1783179649436 0.32018545269966125 1661
1783179649520 0.20875419676303864 1662
1783179649629 0.01962522603571415 1663
1783179649731 0.13324765861034393 1664
1783179649833 0.1999419629573822 1665
1783179649935 0.32336893677711487 1666
1783179650039 0.0805986076593399 1667
1783179650142 0.16041430830955505 1668
1783179650245 0.09633854776620865 1669
1783179650345 0.113230399787426 1670
1783179650449 0.09278959035873413 1671
1783179650549 0.16602444648742676 1672
1783179650648 0.07386280596256256 1673
1783179650658 0.06203703582286835 1674
1783179650670 0.06339529901742935 1675
1783179650675 0.2717539072036743 1676
1783179650680 0.05997246876358986 1677
1783179650687 0.19866231083869934 1678
1783179650696 0.07782865315675735 1679
1783179650701 0.15756088495254517 1680
1783179650707 0.35971540212631226 1681
1783179650713 0.17328737676143646 1682
1783179650719 0.19463509321212769 1683
1783179650735 0.049266789108514786 1684
1783179650741 0.03840027004480362 1685
1783179650748 0.5090903639793396 1686
1783179650755 0.3427049219608307 1687
1783179650763 0.11465584486722946 1688
1783179650775 0.1847885102033615 1689
1783179650782 0.03640350326895714 1690
1783179650789 0.0974201038479805 1691
1783179650795 0.07423214614391327 1692
1783179650810 0.12203394621610641 1693
1783179650816 0.053316742181777954 1694
1783179650822 0.17664919793605804 1695
1783179650837 0.04297859966754913 1696
1783179650843 0.16502173244953156 1697
1783179650849 0.24544185400009155 1698
1783179650879 0.06489907205104828 1699
1783179650885 0.031046759337186813 1700
1783179650930 0.11312852054834366 1701
1783179650948 0.024236980825662613 1702
1783179650975 0.06219940260052681 1703
1783179650981 0.13455143570899963 1704
1783179650989 0.11223256587982178 1705
1783179650993 0.11768904328346252 1706
1783179650999 0.2973548173904419 1707
1783179651006 0.047204725444316864 1708
1783179651025 0.07396019995212555 1709
1783179651091 0.3133065402507782 1710
1783179651121 0.0547078475356102 1711
1783179651189 0.2618464231491089 1712
1783179651203 0.3872479498386383 1713
1783179651291 0.31254562735557556 1714
1783179651326 0.1872352659702301 1715
1783179651346 0.15319538116455078 1716
1783179651352 0.25998008251190186 1717
1783179651358 0.07391542196273804 1718
1783179651395 0.12919515371322632 1719
1783179651494 0.2507266700267792 1720
1783179651593 0.19066329300403595 1721
1783179651628 0.11329012364149094 1722
1783179651723 0.022998519241809845 1723
1783179651728 0.3525450527667999 1724
1783179651734 0.5080849528312683 1725
1783179651835 0.16325654089450836 1726
1783179651853 0.41363391280174255 1727
1783179651860 0.041020214557647705 1728
1783179651866 0.14130620658397675 1729
1783179651898 0.17301197350025177 1730
1783179651911 0.35897162556648254 1731
1783179651915 0.0852908194065094 1732
1783179651921 0.32566022872924805 1733
1783179651930 0.12380102276802063 1734
1783179651937 0.08757877349853516 1735
1783179651946 0.14756493270397186 1736
1783179651950 0.11671856790781021 1737
1783179651955 0.10660155117511749 1738
1783179651961 0.02844245173037052 1739
1783179651980 0.19010251760482788 1740
1783179651987 0.11841561645269394 1741
1783179651993 0.0884743183851242 1742
1783179652001 0.165452241897583 1743
1783179652008 0.23164322972297668 1744
1783179652014 0.20809659361839294 1745
1783179652021 0.08014030009508133 1746
1783179652058 0.11717856675386429 1747
1783179652064 0.23909811675548553 1748
1783179652069 0.11622030287981033 1749
1783179652074 0.23959161341190338 1750
1783179652080 0.1756647229194641 1751
1783179652085 0.018146786838769913 1752
1783179652092 0.25088369846343994 1753
1783179652181 0.2310219258069992 1754
1783179652212 0.13418859243392944 1755
1783179652218 0.05267710983753204 1756
1783179652228 0.06837354600429535 1757
1783179652235 0.11105196923017502 1758
1783179652241 0.36337289214134216 1759
1783179652247 0.12199801951646805 1760
1783179652254 0.13330522179603577 1761
1783179652260 0.10897152870893478 1762
1783179652264 0.028382444754242897 1763
1783179652271 0.08197859674692154 1764
1783179652277 0.15872152149677277 1765
1783179652283 0.1720556914806366 1766
1783179652301 0.12049654871225357 1767
1783179652339 0.3427840769290924 1768
1783179652358 0.03746883198618889 1769
1783179652374 0.014341121539473534 1770
1783179652379 0.08631482720375061 1771
1783179652391 0.19033077359199524 1772
1783179652401 0.24614235758781433 1773
1783179652416 0.09792286157608032 1774
1783179652430 0.03838725760579109 1775
1783179652525 0.056093111634254456 1776
1783179652624 0.24970005452632904 1777
1783179652731 0.32896965742111206 1778
1783179652826 0.17704176902770996 1779
1783179652852 0.44642549753189087 1780
1783179652868 0.07757680863142014 1781
1783179652873 0.7792207598686218 1782
1783179652880 0.25108465552330017 1783
1783179652884 0.2994927763938904 1784
1783179652891 0.20191389322280884 1785
1783179652902 0.06643404066562653 1786
1783179652916 0.23361928761005402 1787
1783179652920 0.16982802748680115 1788
1783179652927 0.08679918944835663 1789
1783179652951 0.20369119942188263 1790
1783179652968 0.2591516971588135 1791
1783179652974 0.126125767827034 1792
1783179652986 0.10437331348657608 1793
1783179652994 0.042645398527383804 1794
1783179652999 0.29692724347114563 1795
1783179653027 0.17702952027320862 1796
1783179653034 0.059002187103033066 1797
1783179653039 0.24239590764045715 1798
1783179653046 0.08730068802833557 1799
1783179653051 0.18929511308670044 1800
1783179653058 0.06911756843328476 1801
1783179653063 0.04498624801635742 1802
1783179653070 0.2723100185394287 1803
1783179653076 0.09968701750040054 1804
1783179653082 0.22399789094924927 1805
1783179653089 0.3417711555957794 1806
1783179653094 0.26952531933784485 1807
1783179653101 0.045301858335733414 1808
1783179653105 0.12311309576034546 1809
1783179653112 0.06846282631158829 1810
1783179653120 0.13697096705436707 1811
1783179653129 0.0878041535615921 1812
1783179653147 0.16646288335323334 1813
1783179653160 0.013920321129262447 1814
1783179653167 0.06154565513134003 1815
1783179653171 0.23184941709041595 1816
1783179653178 0.46675166487693787 1817
1783179653183 0.11980168521404266 1818
1783179653190 0.05546684190630913 1819
1783179653196 0.028870146721601486 1820
1783179653201 0.07551486045122147 1821
1783179653208 0.08030864596366882 1822
1783179653214 0.16856995224952698 1823
1783179653219 0.2942095696926117 1824
1783179653226 0.08996904641389847 1825
1783179653232 0.1468498855829239 1826
1783179653238 0.2504073977470398 1827
1783179653244 0.18858002126216888 1828
1783179653249 0.1656724512577057 1829
1783179653258 0.15337029099464417 1830
1783179653263 0.17543695867061615 1831
1783179653268 0.05612698569893837 1832
1783179653275 0.09697557240724564 1833
1783179653281 0.04407531023025513 1834
1783179653286 0.09783914685249329 1835
1783179653294 0.3358060419559479 1836
1783179653313 0.12542566657066345 1837
1783179653322 0.15364837646484375 1838
1783179653331 0.36670544743537903 1839
1783179653339 0.11848516762256622 1840
1783179653345 0.06104746833443642 1841
1783179653351 0.25058823823928833 1842
1783179653357 0.0931607037782669 1843
1783179653363 0.020704878494143486 1844
1783179653368 0.1321002095937729 1845
1783179653375 0.113460011780262 1846
1783179653380 0.06324655562639236 1847
1783179653386 0.21622374653816223 1848
1783179653392 0.09781881421804428 1849
1783179653399 0.20068523287773132 1850
1783179653410 0.31747859716415405 1851
1783179653448 0.049626633524894714 1852
1783179653465 0.2899986505508423 1853
1783179653471 0.19502422213554382 1854
1783179653477 0.28391316533088684 1855
1783179653483 0.281974732875824 1856
1783179653489 0.22461748123168945 1857
1783179653495 0.20888693630695343 1858
1783179653501 0.1413269191980362 1859
1783179653507 0.46798646450042725 1860
1783179653513 0.13277265429496765 1861
1783179653519 0.08401795476675034 1862
1783179653523 0.20264185965061188 1863
1783179653529 0.10512083768844604 1864
1783179653534 0.0963943749666214 1865
1783179653539 0.033819619566202164 1866
1783179653547 0.25112512707710266 1867
1783179653553 0.032546691596508026 1868
1783179653566 0.07371415942907333 1869
1783179653589 0.3444822430610657 1870
1783179653595 0.19476914405822754 1871
1783179653606 0.27364322543144226 1872
1783179653611 0.15026578307151794 1873
1783179653617 0.34364327788352966 1874
1783179656352 0.0705811008810997 1875
1783179656408 0.2029600888490677 1876
1783179656513 0.18021981418132782 1877
1783179656614 0.28786128759384155 1878
1783179656722 0.18607491254806519 1879
1783179656834 0.15907877683639526 1880
1783179656923 0.21855810284614563 1881
1783179656937 0.18211504817008972 1882
1783179657034 0.0523369237780571 1883
1783179657049 0.16825325787067413 1884
1783179657060 0.06736244261264801 1885
1783179657157 0.1928873509168625 1886
1783179657264 0.06665763258934021 1887
1783179657286 0.3215695321559906 1888
1783179657386 0.10659569501876831 1889
1783179657408 0.02895403280854225 1890
1783179657430 0.10567792505025864 1891
1783179657473 0.34672456979751587 1892
1783179657515 0.12867984175682068 1893
1783179657630 0.029635699465870857 1894
1783179657737 0.05944766104221344 1895
1783179657845 0.04161025956273079 1896
1783179657945 0.10145329684019089 1897
1783179658031 0.42289358377456665 1898
1783179658136 0.3811357021331787 1899
1783179658242 0.17060241103172302 1900
1783179658344 0.24218755960464478 1901
1783179658452 0.4575081765651703 1902
1783179658559 0.20633557438850403 1903
1783179658570 0.5447603464126587 1904
1783179658575 0.13324636220932007 1905
1783179658598 0.05152488127350807 1906
1783179658641 0.40203115344047546 1907
1783179658689 0.13142791390419006 1908
1783179658701 0.16031327843666077 1909
1783179658764 0.06116845831274986 1910
1783179658787 0.09154506772756577 1911
1783179658886 0.36080482602119446 1912
1783179658988 0.4569166898727417 1913
1783179659088 0.19617204368114471 1914
1783179659097 0.30027806758880615 1915
1783179659193 0.09088288247585297 1916
1783179659260 0.2704928517341614 1917
1783179659302 0.0885416716337204 1918
1783179659402 0.2418690174818039 1919
1783179659494 0.034592706710100174 1920
1783179659536 0.011788995005190372 1921
1783179659541 0.24644486606121063 1922
1783179659547 0.07952985167503357 1923
1783179659624 0.2920371890068054 1924
1783179659630 0.2625444233417511 1925
1783179659635 0.5550495982170105 1926
1783179659733 0.02698274701833725 1927
1783179659834 0.14272703230381012 1928
1783179659841 0.14974334836006165 1929
1783179659847 0.1409425288438797 1930
1783179659854 0.08513149619102478 1931
1783179659859 0.20345106720924377 1932
1783179659865 0.22825627028942108 1933
1783179659871 0.09271696954965591 1934
1783179659875 0.24638575315475464 1935
1783179659882 0.07884229719638824 1936
1783179659885 0.041572682559490204 1937
1783179659890 0.12236044555902481 1938
1783179659896 0.09614750742912292 1939
1783179659901 0.07712762802839279 1940
1783179659908 0.30978524684906006 1941
1783179659914 0.02031099610030651 1942
1783179659918 0.07623036950826645 1943
1783179659923 0.06847791373729706 1944
1783179659936 0.05086814612150192 1945
1783179659940 0.0804358422756195 1946
1783179659974 0.11574061959981918 1947
1783179659990 0.06755535304546356 1948
1783179659999 0.12914806604385376 1949
1783179660011 0.14972424507141113 1950
1783179660024 0.11724114418029785 1951
1783179660034 0.04814323037862778 1952
1783179660042 0.01547185704112053 1953
1783179660132 0.1404179185628891 1954
1783179660236 0.20074182748794556 1955
1783179660324 0.09579554200172424 1956
1783179660423 0.275752991437912 1957
1783179660520 0.1839127093553543 1958
1783179660562 0.036750391125679016 1959
1783179660663 0.176100954413414 1960
1783179660764 0.13706821203231812 1961
1783179660780 0.27448880672454834 1962
1783179660791 0.11111479252576828 1963
1783179660886 0.46849656105041504 1964
1783179660982 0.10738247632980347 1965
1783179661086 0.07819647341966629 1966
1783179661178 0.13249950110912323 1967
1783179661195 0.18511565029621124 1968
1783179661235 0.13436226546764374 1969
1783179661250 0.07482978701591492 1970
1783179661269 0.39260077476501465 1971
1783179661276 0.1833251416683197 1972
1783179661283 0.18404912948608398 1973
1783179661288 0.42278605699539185 1974
1783179661294 0.027229633182287216 1975
1783179661368 0.056263916194438934 1976
1783179661374 0.42653384804725647 1977
1783179661383 0.025196479633450508 1978
1783179661391 0.26061922311782837 1979
1783179661429 0.12052604556083679 1980
1783179661436 0.09931227564811707 1981
1783179661442 0.043578438460826874 1982
1783179661453 0.3434472680091858 1983
1783179661460 0.13702422380447388 1984
1783179661466 0.17832070589065552 1985
1783179661471 0.4149320721626282 1986
1783179661561 0.06269521266222 1987
1783179661567 0.16648775339126587 1988
1783179661574 0.32100069522857666 1989
1783179661579 0.15889815986156464 1990
1783179661591 0.12032831460237503 1991
1783179661604 0.2629205584526062 1992
1783179661611 0.06779740750789642 1993
1783179661713 0.06970985233783722 1994
1783179661812 0.0343184620141983 1995
1783179661909 0.19390621781349182 1996
1783179661984 0.028132114559412003 1997
1783179661995 0.0995275229215622 1998
1783179662002 0.23054200410842896 1999
1783179662008 0.06725066900253296 2000
1783179662014 0.40102267265319824 2001
1783179662044 0.17493022978305817 2002
1783179662056 0.17757724225521088 2003
1783179662063 0.035219457000494 2004
1783179662068 0.2096373736858368 2005
1783179662074 0.05935100466012955 2006
1783179662080 0.13214126229286194 2007
1783179662091 0.07076134532690048 2008
1783179662110 0.14629633724689484 2009
1783179662189 0.09051118046045303 2010
1783179662245 0.1835799217224121 2011
1783179662348 0.11812426894903183 2012
1783179662446 0.05059010162949562 2013
1783179662543 0.22064179182052612 2014
1783179662644 0.036008320748806 2015
1783179662750 0.10697886347770691 2016
1783179662794 0.14786159992218018 2017
1783179662803 0.1462639719247818 2018
1783179662813 0.17822828888893127 2019
1783179662885 0.05327444151043892 2020
1783179662896 0.010141233913600445 2021
1783179662927 0.18968082964420319 2022
1783179662938 0.199401393532753 2023
1783179662942 0.09931028634309769 2024
1783179662955 0.07194976508617401 2025
1783179662962 0.4054781496524811 2026
1783179662986 0.14352165162563324 2027
1783179663041 0.08512724190950394 2028
1783179663109 0.46963098645210266 2029
1783179663187 0.01854020170867443 2030
1783179663193 0.061519984155893326 2031
1783179663249 0.11828639358282089 2032
1783179663341 0.03679470717906952 2033
1783179663383 0.05142523720860481 2034
1783179663391 0.06126061826944351 2035
1783179663436 0.3681882917881012 2036
1783179663512 0.15827292203903198 2037
1783179663519 0.1543446034193039 2038
1783179663532 0.1405470073223114 2039
1783179663599 0.08033663034439087 2040
1783179663646 0.14397916197776794 2041
1783179663652 0.07165148854255676 2042
1783179663659 0.1305902600288391 2043
1783179663663 0.11049214005470276 2044
1783179663672 0.03884850814938545 2045
1783179663677 0.09122790396213531 2046
1783179663681 0.08361025899648666 2047
1783179663690 0.09509342908859253 2048
1783179663706 0.18929947912693024 2049
1783179663713 0.18855030834674835 2050
1783179663809 0.05109250918030739 2051
1783179663908 0.05644325911998749 2052
1783179663974 0.015570322051644325 2053
1783179664080 0.0191631019115448 2054
1783179664188 0.32027068734169006 2055
1783179664285 0.05303764343261719 2056
1783179664329 0.02777186967432499 2057
1783179664339 0.29266926646232605 2058
1783179664346 0.035184457898139954 2059
1783179664353 0.314107209444046 2060
1783179664379 0.19197751581668854 2061
1783179664387 0.16612455248832703 2062
1783179664455 0.16260187327861786 2063
1783179664506 0.04776984825730324 2064
1783179664521 0.20223014056682587 2065
1783179664654 0.1857512891292572 2066
1783179664775 0.09972301870584488 2067
1783179664883 0.018867218866944313 2068
1783179664985 0.01847555674612522 2069
1783179665085 0.3749423921108246 2070
1783179665188 0.09845786541700363 2071
1783179665246 0.024766243994235992 2072
1783179665253 0.06550052016973495 2073
1783179665258 0.04712962359189987 2074
1783179665265 0.27339112758636475 2075
1783179665269 0.3013012111186981 2076
1783179665275 0.39249759912490845 2077
1783179665281 0.19517606496810913 2078
1783179665286 0.24634309113025665 2079
1783179665292 0.014051311649382114 2080
1783179665299 0.042926520109176636 2081
1783179665305 0.21584585309028625 2082
1783179665310 0.15620529651641846 2083
1783179665317 0.3380012810230255 2084
1783179665323 0.16974486410617828 2085
1783179665329 0.12246079742908478 2086
1783179665413 0.025982821360230446 2087
1783179665419 0.027891768142580986 2088
1783179665423 0.3223203718662262 2089
1783179665430 0.16773556172847748 2090
1783179665436 0.24238020181655884 2091
1783179665442 0.29405251145362854 2092
1783179665447 0.11095064878463745 2093
1783179665453 0.11908918619155884 2094
1783179665460 0.2738243639469147 2095
1783179665471 0.2533939480781555 2096
1783179665478 0.10061042755842209 2097
1783179665486 0.27459651231765747 2098
1783179665490 0.08000362664461136 2099
1783179665494 0.07999251782894135 2100
1783179665498 0.03383348137140274 2101
1783179665504 0.08647552877664566 2102
1783179665510 0.19943225383758545 2103
1783179665516 0.4116273522377014 2104
1783179665522 0.1310456395149231 2105
1783179665528 0.1885550171136856 2106
1783179665534 0.11329682916402817 2107
1783179665539 0.05209023132920265 2108
1783179665545 0.14968028664588928 2109
1783179665569 0.1583324372768402 2110
1783179665575 0.12012648582458496 2111
1783179665581 0.08900665491819382 2112
1783179665587 0.12144731730222702 2113
1783179665592 0.1281626969575882 2114
1783179665597 0.23819535970687866 2115
1783179665603 0.027386894449591637 2116
1783179665609 0.06488679349422455 2117
1783179665615 0.06718262284994125 2118
1783179665621 0.21896860003471375 2119
1783179665627 0.03879106044769287 2120
1783179665633 0.16520379483699799 2121
1783179665638 0.1957665979862213 2122
1783179665644 0.1820879727602005 2123
1783179665648 0.1257215291261673 2124
1783179665651 0.27036842703819275 2125
1783179665655 0.13521434366703033 2126
1783179665658 0.11677997559309006 2127
1783179665661 0.4301653802394867 2128
1783179665665 0.17511077225208282 2129
1783179665672 0.09091442823410034 2130
1783179665678 0.11185391992330551 2131
1783179665683 0.19227251410484314 2132
1783179665686 0.2534750998020172 2133
1783179665691 0.21070124208927155 2134
1783179665697 0.07147283852100372 2135
1783179665707 0.21980242431163788 2136
1783179665713 0.243184894323349 2137
1783179665773 0.13525669276714325 2138
1783179665810 0.31759631633758545 2139
1783179665816 0.30421096086502075 2140
1783179665823 0.08964040875434875 2141
1783179665829 0.3134887218475342 2142
1783179665835 0.06300433725118637 2143
1783179665885 0.27092859148979187 2144
1783179665890 0.14742088317871094 2145
1783179665895 0.16501091420650482 2146
1783179665898 0.37884604930877686 2147
1783179665906 0.10833439230918884 2148
1783179665910 0.1652490794658661 2149
1783179665916 0.17411957681179047 2150
1783179665922 0.11891663819551468 2151
1783179665928 0.26958024501800537 2152
1783179665935 0.050895437598228455 2153
1783179665940 0.09739643335342407 2154
1783179665945 0.11090955883264542 2155
1783179665953 0.02301880158483982 2156
1783179665959 0.050631940364837646 2157
1783179665965 0.1263887882232666 2158
1783179665975 0.09808358550071716 2159
1783179665979 0.09140721708536148 2160
1783179666036 0.15672016143798828 2161
1783179666044 0.16742128133773804 2162
1783179666049 0.17466121912002563 2163
1783179666055 0.21204395592212677 2164
1783179666061 0.06483690440654755 2165
1783179666153 0.05869036540389061 2166
1783179666159 0.05632469058036804 2167
1783179666164 0.07013996690511703 2168
1783179666187 0.2032930999994278 2169
1783179666285 0.6649554967880249 2170
1783179666344 0.21482959389686584 2171
1783179666363 0.11294356733560562 2172
1783179666403 0.18830972909927368 2173
1783179666450 0.11145114153623581 2174
1783179666455 0.07325388491153717 2175
1783179666462 0.05019557103514671 2176
1783179666473 0.10794536769390106 2177
1783179666486 0.20547714829444885 2178
1783179666537 0.38597172498703003 2179
1783179666547 0.3615490794181824 2180
1783179666555 0.24438144266605377 2181
1783179666567 0.031265825033187866 2182
1783179666573 0.1638197898864746 2183
1783179666579 0.14331462979316711 2184
1783179666585 0.19526390731334686 2185
1783179666591 0.3674653470516205 2186
1783179666597 0.12175869941711426 2187
1783179666604 0.10247667133808136 2188
1783179666610 0.11445385962724686 2189
1783179666616 0.20223666727542877 2190
1783179666715 0.09732776135206223 2191
1783179666789 0.07756047695875168 2192
1783179666835 0.07643672078847885 2193
1783179666845 0.09090321511030197 2194
1783179666947 0.21490123867988586 2195
1783179666971 0.030425962060689926 2196
1783179666975 0.12605656683444977 2197
1783179666982 0.22068363428115845 2198
1783179666990 0.03395289182662964 2199
1783179666995 0.1066267341375351 2200
1783179667000 0.2553211748600006 2201
1783179667010 0.025903068482875824 2202
1783179667015 0.26143553853034973 2203
1783179667020 0.13320855796337128 2204
1783179667023 0.07005850970745087 2205
1783179667125 0.18664629757404327 2206
1783179667165 0.325408011674881 2207
1783179667232 0.04548833519220352 2208
1783179667318 0.01274388562887907 2209
1783179667416 0.037909433245658875 2210
1783179667432 0.06936290860176086 2211
1783179667441 0.06999041140079498 2212
1783179667447 0.08240421861410141 2213
1783179667454 0.094511479139328 2214
1783179667462 0.19339999556541443 2215
1783179667468 0.16033263504505157 2216
1783179667475 0.1170639768242836 2217
1783179667478 0.2232520580291748 2218
1783179667491 0.11869750171899796 2219
1783179667496 0.12230556458234787 2220
1783179667503 0.12023479491472244 2221
1783179667509 0.38688239455223083 2222
1783179667514 0.39920294284820557 2223
1783179667524 0.05609837919473648 2224
1783179667528 0.18439480662345886 2225
1783179667535 0.0875450074672699 2226
1783179667543 0.18105214834213257 2227
1783179667548 0.4361799955368042 2228
1783179667583 0.20060451328754425 2229
1783179667588 0.118775375187397 2230
1783179667593 0.07320316880941391 2231
1783179667600 0.3336971700191498 2232
1783179667605 0.4586056172847748 2233
1783179667612 0.13537122309207916 2234
1783179667618 0.12076699733734131 2235
1783179667624 0.06541934609413147 2236
1783179667630 0.3616369962692261 2237
1783179667635 0.15270669758319855 2238
1783179667642 0.30543991923332214 2239
1783179667648 0.056945834308862686 2240
1783179667655 0.058560535311698914 2241
1783179667661 0.05019614100456238 2242
1783179667665 0.2274264544248581 2243
1783179667672 0.1231374442577362 2244
1783179667677 0.1811940222978592 2245
1783179667686 0.07532839477062225 2246
1783179667691 0.10548292100429535 2247
1783179667698 0.023855241015553474 2248
1783179667738 0.3523034155368805 2249
1783179667825 0.15905752778053284 2250
1783179667887 0.5114277005195618 2251
1783179667897 0.07505950331687927 2252
1783179667980 0.06517382711172104 2253
1783179667984 0.1175704151391983 2254
1783179667992 0.30787351727485657 2255
1783179667996 0.10840116441249847 2256
1783179668000 0.16109874844551086 2257
1783179668005 0.030574636533856392 2258
1783179668010 0.03755206987261772 2259
1783179668015 0.0352545902132988 2260
1783179668022 0.0959446132183075 2261
1783179668028 0.01899651810526848 2262
1783179668034 0.12065093219280243 2263
1783179668127 0.11424299329519272 2264
1783179668210 0.25789621472358704 2265
1783179668215 0.131053164601326 2266
1783179668321 0.16656847298145294 2267
1783179668425 0.12145485728979111 2268
1783179668528 0.011536221019923687 2269
1783179668630 0.09949641674757004 2270
1783179668731 0.03306924179196358 2271
1783179668833 0.21111248433589935 2272
1783179668935 0.13713373243808746 2273
1783179669017 0.04261549562215805 2274
1783179669029 0.24629905819892883 2275
1783179669041 0.12810741364955902 2276
1783179669047 0.14676618576049805 2277
1783179669093 0.04517129063606262 2278
1783179669100 0.23635898530483246 2279
1783179669106 0.046454500406980515 2280
1783179669187 0.06425303965806961 2281
1783179669212 0.3698647618293762 2282
1783179669217 0.029919827356934547 2283
1783179669229 0.24350127577781677 2284
1783179669236 0.24212931096553802 2285
1783179669242 0.075335294008255 2286
1783179669247 0.0696994885802269 2287
1783179669254 0.15724514424800873 2288
1783179669259 0.21458487212657928 2289
1783179669266 0.13189072906970978 2290
1783179669274 0.030484728515148163 2291
1783179669280 0.050953783094882965 2292
1783179669286 0.10012298077344894 2293
1783179669292 0.15381287038326263 2294
1783179669298 0.1342407763004303 2295
1783179669406 0.054467372596263885 2296
1783179669508 0.08680178225040436 2297
1783179669611 0.4900115132331848 2298
1783179669712 0.05424722284078598 2299
1783179669820 0.08035121858119965 2300
1783179669925 0.24134394526481628 2301
1783179670027 0.11014021188020706 2302
1783179670129 0.10212518274784088 2303
1783179670231 0.16062860190868378 2304
1783179670336 0.1239292323589325 2305
1783179670435 0.20022086799144745 2306
1783179670540 0.08871486037969589 2307
1783179670643 0.12105932086706161 2308
1783179670751 0.1033715009689331 2309
1783179670851 0.01831403188407421 2310
1783179670957 0.15081843733787537 2311
1783179671062 0.006765562109649181 2312
1783179671163 0.4063122868537903 2313
1783179671269 0.2431529015302658 2314
1783179671317 0.09007155150175095 2315
1783179671342 0.2163192480802536 2316
1783179671376 0.296688973903656 2317
1783179671394 0.09441851079463959 2318
1783179671416 0.3088071942329407 2319
1783179671427 0.009276486933231354 2320
1783179671435 0.24228979647159576 2321
1783179671446 0.08516110479831696 2322
1783179671467 0.027874646708369255 2323
1783179671482 0.21116475760936737 2324
1783179671486 0.10052113980054855 2325
1783179671491 0.3014417290687561 2326
1783179671518 0.1635787934064865 2327
1783179671529 0.07399315387010574 2328
1783179671536 0.08382151275873184 2329
1783179671544 0.011220209300518036 2330
1783179671548 0.06900933384895325 2331
1783179671560 0.034650497138500214 2332
1783179671566 0.331802636384964 2333
1783179671665 0.023942144587635994 2334
1783179671711 0.09058576077222824 2335
1783179671720 0.03858572989702225 2336
1783179671746 0.17206145823001862 2337
1783179671771 0.023243242874741554 2338
1783179671848 0.4094814360141754 2339
1783179671912 0.09415339678525925 2340
1783179671931 0.05475242808461189 2341
1783179671968 0.017145859077572823 2342
1783179672004 0.09798605740070343 2343
1783179672109 0.019531436264514923 2344
1783179672218 0.2959470748901367 2345
1783179672320 0.03660938888788223 2346
1783179672417 0.06416019052267075 2347
1783179672520 0.339021772146225 2348
1783179672622 0.021585164591670036 2349
1783179672722 0.03414050117135048 2350
1783179672823 0.29772892594337463 2351
1783179672922 0.05586256459355354 2352
1783179673023 0.08473535627126694 2353
1783179673120 0.23492388427257538 2354
1783179673217 0.027922896668314934 2355
1783179673237 0.2818613648414612 2356
1783179673243 0.03522203490138054 2357
1783179673249 0.14247627556324005 2358
1783179673255 0.09746937453746796 2359
1783179673261 0.049560073763132095 2360
1783179673267 0.28543728590011597 2361
1783179673274 0.07821807265281677 2362
1783179673279 0.0650523453950882 2363
1783179673285 0.004929204937070608 2364
1783179673291 0.12218941748142242 2365
1783179673298 0.11248992383480072 2366
1783179673312 0.021349556744098663 2367
1783179673321 0.05093129351735115 2368
1783179673328 0.01384370680898428 2369
1783179673336 0.38730961084365845 2370
1783179673354 0.11722736060619354 2371
1783179673362 0.19883912801742554 2372
1783179673374 0.2773311138153076 2373
1783179673380 0.03056613728404045 2374
1783179673386 0.015602482482790947 2375
1783179673394 0.0438467301428318 2376
1783179673400 0.4646887481212616 2377
1783179673406 0.07038387656211853 2378
1783179673416 0.22606796026229858 2379
1783179673422 0.2821550667285919 2380
1783179673428 0.07164950668811798 2381
1783179673460 0.2145271748304367 2382
1783179673466 0.18017631769180298 2383
1783179673472 0.23891231417655945 2384
1783179673478 0.171128511428833 2385
1783179673484 0.06374285370111465 2386
1783179673489 0.0631139948964119 2387
1783179673493 0.27463051676750183 2388
1783179673497 0.17540796101093292 2389
1783179673503 0.2245532125234604 2390
1783179673512 0.39409613609313965 2391
1783179673524 0.2397632896900177 2392
1783179673536 0.11396270990371704 2393
1783179673560 0.1633598357439041 2394
1783179673564 0.021223489195108414 2395
1783179673574 0.042990054935216904 2396
1783179673581 0.07220230996608734 2397
1783179673587 0.1336396187543869 2398
1783179673598 0.40227243304252625 2399
1783179673616 0.08276992291212082 2400
1783179673622 0.16607128083705902 2401
1783179673634 0.27924108505249023 2402
1783179673663 0.1466306447982788 2403
1783179673729 0.274350643157959 2404
1783179673738 0.1340063363313675 2405
1783179673744 0.03382854536175728 2406
1783179673750 0.0395590104162693 2407
1783179673757 0.06239880248904228 2408
1783179673775 0.12577858567237854 2409
1783179673781 0.11469820886850357 2410
1783179673787 0.11530443280935287 2411
1783179673793 0.12527284026145935 2412
1783179673799 0.03358015790581703 2413
1783179673805 0.06914883852005005 2414
1783179673810 0.18749240040779114 2415
1783179673821 0.25486138463020325 2416
1783179673827 0.1737716794013977 2417
1783179673833 0.1401844024658203 2418
1783179673844 0.15880081057548523 2419
1783179673851 0.04812387749552727 2420
1783179673857 0.10335177928209305 2421
1783179673863 0.43428733944892883 2422
1783179673870 0.040719375014305115 2423
1783179673877 0.07939894497394562 2424
1783179673881 0.047821443527936935 2425
1783179673887 0.1875118762254715 2426
1783179673893 0.13217474520206451 2427
1783179673899 0.05083576589822769 2428
1783179673905 0.026395343244075775 2429
1783179673911 0.1084502711892128 2430
1783179673917 0.07167466729879379 2431
1783179673923 0.06645237654447556 2432
1783179673929 0.13117030262947083 2433
1783179673935 0.08025655895471573 2434
1783179673942 0.3945234417915344 2435
1783179673954 0.08659770339727402 2436
1783179673961 0.10361237078905106 2437
1783179673967 0.3152545690536499 2438
1783179673973 0.14869055151939392 2439
1783179673979 0.01823408342897892 2440
1783179673985 0.014697236008942127 2441
1783179673989 0.06034699082374573 2442
1783179673993 0.07158992439508438 2443
1783179673997 0.3085256814956665 2444
1783179674003 0.05893116816878319 2445
1783179674009 0.21282419562339783 2446
1783179674014 0.036109890788793564 2447
1783179674017 0.10850249975919724 2448
1783179674021 0.3425239622592926 2449
1783179674024 0.11564616113901138 2450
1783179674030 0.06455814093351364 2451
1783179674035 0.008788281120359898 2452
1783179674042 0.24571461975574493 2453
1783179674049 0.0914175808429718 2454
1783179674054 0.16914552450180054 2455
1783179674062 0.08987883478403091 2456
1783179674068 0.035660967230796814 2457
1783179674074 0.05403246730566025 2458
1783179674079 0.06475827842950821 2459
1783179674085 0.03142626956105232 2460
1783179674091 0.06315259635448456 2461
1783179674098 0.4006406366825104 2462
1783179674103 0.05833267793059349 2463
1783179674110 0.14979468286037445 2464
1783179674116 0.08739615231752396 2465
1783179674122 0.07191970944404602 2466
1783179674127 0.07249034941196442 2467
1783179674134 0.06709141284227371 2468
1783179674140 0.020739370957016945 2469
1783179674146 0.11636054515838623 2470
1783179674151 0.06872639805078506 2471
1783179674160 0.16443753242492676 2472
1783179674165 0.031773459166288376 2473
1783179674170 0.292057067155838 2474
1783179674199 0.06318255513906479 2475
1783179674223 0.3863827884197235 2476
1783179674229 0.10771375894546509 2477
1783179674234 0.16054695844650269 2478
1783179674240 0.1256881058216095 2479
1783179674245 0.12403780221939087 2480
1783179674253 0.2858578562736511 2481
1783179674263 0.04286118224263191 2482
1783179674361 0.030468421056866646 2483
1783179674448 0.09030160307884216 2484
1783179674541 0.18716184794902802 2485
1783179674620 0.2513325810432434 2486
1783179674697 0.21299265325069427 2487
1783179674776 0.174563929438591 2488
1783179674855 0.23443113267421722 2489
1783179674929 0.05527421459555626 2490
1783179674947 0.07734281569719315 2491
1783179674954 0.17451795935630798 2492
1783179674961 0.2034449279308319 2493
1783179674965 0.22116932272911072 2494
1783179674971 0.06540375202894211 2495
1783179674977 0.3670048415660858 2496
1783179674983 0.3133297562599182 2497
1783179674990 0.34587615728378296 2498
1783179675008 0.07918329536914825 2499
1783179675014 0.08049795031547546 2500
1783179675019 0.0594848208129406 2501
1783179675022 0.2259487509727478 2502
1783179675028 0.1808890849351883 2503
1783179675034 0.18331748247146606 2504
1783179675051 0.15289413928985596 2505
1783179675065 0.0641140416264534 2506
1783179675072 0.02206309698522091 2507
1783179675084 0.13014811277389526 2508
1783179675090 0.4588603675365448 2509
1783179675097 0.0736546441912651 2510
1783179675104 0.28222349286079407 2511
1783179675108 0.12573817372322083 2512
1783179675114 0.07600191235542297 2513
1783179675120 0.06205551326274872 2514
1783179675128 0.11277779191732407 2515
1783179675132 0.1728011816740036 2516
1783179675138 0.07531920820474625 2517
1783179675140 0.12524822354316711 2518
1783179675144 0.08932293951511383 2519
1783179675147 0.34276413917541504 2520
1783179675150 0.23630812764167786 2521
1783179675154 0.13346116244792938 2522
1783179675156 0.22861242294311523 2523
1783179675161 0.2294924408197403 2524
1783179675164 0.09706681221723557 2525
1783179675166 0.12622500956058502 2526
1783179675170 0.07742003351449966 2527
1783179675180 0.06693475693464279 2528
1783179675186 0.07431583106517792 2529
1783179675195 0.14301221072673798 2530
1783179675206 0.2923586070537567 2531
1783179675213 0.07532606273889542 2532
1783179675217 0.26559579372406006 2533
1783179675223 0.10508062690496445 2534
1783179675235 0.12454547733068466 2535
1783179675334 0.12504924833774567 2536
1783179675434 0.12160687148571014 2537
1783179675539 0.03939323127269745 2538
1783179675640 0.20621265470981598 2539
1783179675661 0.08876867592334747 2540
1783179675673 0.2718369960784912 2541
1783179675770 0.1813921183347702 2542
1783179675874 0.05303417891263962 2543
1783179675909 0.009907394647598267 2544
1783179675915 0.025230277329683304 2545
1783179675921 0.08981664478778839 2546
1783179675926 0.08298451453447342 2547
1783179675930 0.21044841408729553 2548
1783179675936 0.06417123228311539 2549
1783179675945 0.009255273267626762 2550
1783179675951 0.2716793119907379 2551
1783179675957 0.086722232401371 2552
1783179675968 0.1691734790802002 2553
1783179675975 0.06975331902503967 2554
1783179675981 0.04002932831645012 2555
1783179675987 0.08099935948848724 2556
1783179675993 0.08248035609722137 2557
1783179675999 0.18310725688934326 2558
1783179676008 0.26424574851989746 2559
1783179676015 0.19629353284835815 2560
1783179676031 0.4446864426136017 2561
1783179676036 0.3713662922382355 2562
1783179676043 0.12191043794155121 2563
1783179676049 0.1586664617061615 2564
1783179676058 0.11122750490903854 2565
1783179676066 0.1903672218322754 2566
1783179676078 0.17372213304042816 2567
1783179676084 0.07928386330604553 2568
1783179676089 0.10793709754943848 2569
1783179676100 0.2056027203798294 2570
1783179676105 0.014713959768414497 2571
1783179676112 0.19252610206604004 2572
1783179676119 0.037184808403253555 2573
1783179676124 0.1245216429233551 2574
1783179676130 0.0688362866640091 2575
1783179676136 0.07268044352531433 2576
1783179676147 0.11058743298053741 2577
1783179676152 0.08051799982786179 2578
1783179676166 0.15974700450897217 2579
1783179676173 0.2671387791633606 2580
1783179676192 0.08391708135604858 2581
1783179676216 0.0977337434887886 2582
1783179676229 0.08244514465332031 2583
1783179676233 0.08549750596284866 2584
1783179676240 0.2577494978904724 2585
1783179676245 0.030219383537769318 2586
1783179676250 0.021616268903017044 2587
1783179676257 0.06073359027504921 2588
1783179676263 0.08763175457715988 2589
1783179676269 0.2535210847854614 2590
1783179676274 0.11178354173898697 2591
1783179676281 0.21430177986621857 2592
1783179676287 0.2707732021808624 2593
1783179676301 0.1978592872619629 2594
1783179676358 0.19074024260044098 2595
1783179676370 0.14378027617931366 2596
1783179676379 0.21839866042137146 2597
1783179676388 0.13782231509685516 2598
1783179676395 0.10793666541576385 2599
1783179676401 0.1440502256155014 2600
1783179676408 0.1999480426311493 2601
1783179676503 0.039709556847810745 2602
1783179676600 0.13448932766914368 2603
1783179676700 0.0943743884563446 2604
1783179676718 0.05838358774781227 2605
1783179676723 0.05379419028759003 2606
1783179676730 0.16690512001514435 2607
1783179676740 0.07822657376527786 2608
1783179676753 0.3222331702709198 2609
1783179676765 0.04814983531832695 2610
1783179676768 0.09152249991893768 2611
1783179676773 0.1182297095656395 2612
1783179676777 0.540880560874939 2613
1783179676780 0.015437068417668343 2614
1783179676784 0.029160328209400177 2615
1783179676787 0.18938736617565155 2616
1783179676791 0.027637530118227005 2617
1783179676794 0.07586896419525146 2618
1783179676799 0.10447324067354202 2619
1783179676804 0.11895472556352615 2620
1783179676810 0.20961670577526093 2621
1783179676816 0.16408085823059082 2622
1783179676822 0.05314461141824722 2623
1783179676829 0.14176781475543976 2624
1783179676927 0.07400326430797577 2625
1783179677027 0.2289486825466156 2626
1783179677131 0.12577292323112488 2627
1783179677233 0.15801236033439636 2628
1783179677332 0.2536429166793823 2629
1783179677435 0.0701301172375679 2630
1783179677531 0.023796793073415756 2631
1783179677632 0.34026530385017395 2632
1783179677722 0.13857506215572357 2633
1783179677826 0.1398979276418686 2634
1783179677915 0.3418339788913727 2635
1783179678023 0.04570944607257843 2636
1783179678126 0.04353749752044678 2637
1783179678228 0.46040022373199463 2638
1783179678332 0.1948131024837494 2639
1783179678424 0.13402855396270752 2640
1783179678522 0.13331174850463867 2641
1783179678625 0.1565941870212555 2642
1783179678724 0.11671135574579239 2643
1783179678825 0.08437376469373703 2644
1783179678929 0.017184071242809296 2645
1783179679028 0.16126136481761932 2646
1783179679064 0.38094982504844666 2647
1783179679074 0.2036329209804535 2648
1783179679081 0.06171865016222 2649
1783179679084 0.01899741403758526 2650
1783179679091 0.14839287102222443 2651
1783179679097 0.10701693594455719 2652
1783179679132 0.15249377489089966 2653
1783179679141 0.010696500539779663 2654
1783179679147 0.04972445219755173 2655
1783179679150 0.17714811861515045 2656
1783179679159 0.17673538625240326 2657
1783179679167 0.07405252754688263 2658
1783179679182 0.3674843907356262 2659
1783179679219 0.09302989393472672 2660
1783179679226 0.03036806546151638 2661
1783179679237 0.08086958527565002 2662
1783179679244 0.1585732400417328 2663
1783179679250 0.06816115230321884 2664
1783179679257 0.20519587397575378 2665
1783179679263 0.06832557916641235 2666
1783179679274 0.12498654425144196 2667
1783179679280 0.06562703847885132 2668
1783179679284 0.10541415214538574 2669
1783179679293 0.05656920373439789 2670
1783179679312 0.22393296658992767 2671
1783179679317 0.14311730861663818 2672
1783179679325 0.16684316098690033 2673
1783179679332 0.047536227852106094 2674
1783179679336 0.06231142207980156 2675
1783179679341 0.16078072786331177 2676
1783179679353 0.06194121763110161 2677
1783179679360 0.3536822497844696 2678
1783179679367 0.3266248404979706 2679
1783179679372 0.0479419119656086 2680
1783179679378 0.12901143729686737 2681
1783179679385 0.044293321669101715 2682
1783179679394 0.33524516224861145 2683
1783179679402 0.1888737678527832 2684
1783179679451 0.12793612480163574 2685
1783179679483 0.0914439707994461 2686
1783179679542 0.03188372403383255 2687
1783179679550 0.2003410905599594 2688
1783179679562 0.08430016785860062 2689
1783179679569 0.28424662351608276 2690
1783179679576 0.3244411051273346 2691
1783179679582 0.10826918482780457 2692
1783179679597 0.0787438377737999 2693
1783179679599 0.031735874712467194 2694
1783179679605 0.1254967600107193 2695
1783179679624 0.035138316452503204 2696
1783179679632 0.06349774450063705 2697
1783179679636 0.30893704295158386 2698
1783179679642 0.20015697181224823 2699
1783179679654 0.13768668472766876 2700
1783179679660 0.1265769898891449 2701
1783179679667 0.05362141877412796 2702
1783179679671 0.31985363364219666 2703
1783179679678 0.04340893402695656 2704
1783179679684 0.0035744004417210817 2705
1783179679689 0.3501068651676178 2706
1783179679695 0.23270875215530396 2707
1783179679710 0.4281209707260132 2708
1783179679714 0.19219717383384705 2709
1783179679720 0.022336745634675026 2710
1783179679726 0.025908151641488075 2711
1783179679740 0.10608801245689392 2712
1783179679745 0.18256349861621857 2713
1783179679751 0.011727651581168175 2714
1783179679762 0.18207238614559174 2715
1783179679785 0.06636761128902435 2716
1783179679811 0.08354631066322327 2717
1783179679816 0.09214736521244049 2718
1783179679877 0.17612046003341675 2719
1783179679888 0.3106091320514679 2720
1783179679894 0.03383130580186844 2721
1783179679900 0.25724250078201294 2722
1783179679906 0.22825711965560913 2723
1783179679912 0.09814396500587463 2724
1783179679927 0.05684741586446762 2725
1783179679933 0.06782066822052002 2726
1783179679937 0.25624367594718933 2727
1783179679990 0.04289780184626579 2728
1783179680013 0.21536734700202942 2729
1783179680018 0.056000422686338425 2730
1783179680025 0.03818940371274948 2731
1783179680036 0.07540325820446014 2732
1783179680046 0.12026988714933395 2733
1783179680052 0.012339209206402302 2734
1783179680057 0.1358618587255478 2735
1783179680063 0.07934543490409851 2736
1783179680069 0.2363003045320511 2737
1783179680075 0.03854980692267418 2738
1783179680083 0.1412506103515625 2739
1783179680086 0.004778741858899593 2740
1783179680093 0.1870948225259781 2741
1783179680099 0.13752660155296326 2742
1783179680106 0.10435502231121063 2743
1783179680112 0.03147372230887413 2744
1783179680117 0.04825689271092415 2745
1783179680124 0.3712770342826843 2746
1783179680129 0.04928285628557205 2747
1783179680136 0.30622735619544983 2748
1783179680142 0.012394602410495281 2749
1783179680152 0.15847647190093994 2750
1783179680176 0.17477960884571075 2751
1783179680201 0.28765979409217834 2752
1783179680207 0.2231033891439438 2753
1783179680213 0.33813345432281494 2754
1783179680218 0.04810282588005066 2755
1783179680225 0.12672817707061768 2756
1783179680230 0.17673265933990479 2757
1783179680234 0.1286289542913437 2758
1783179680237 0.13491162657737732 2759
1783179680244 0.2579502463340759 2760
1783179680249 0.06020919233560562 2761
1783179680253 0.08608110249042511 2762
1783179680261 0.23054438829421997 2763
1783179680268 0.03329869359731674 2764
1783179680274 0.4662412405014038 2765
1783179680286 0.0749082863330841 2766
1783179680292 0.07380886375904083 2767
1783179680299 0.013907191343605518 2768
1783179680350 0.016809742897748947 2769
1783179680398 0.4505041837692261 2770
1783179680436 0.2782752215862274 2771
1783179680442 0.11541178822517395 2772
1783179680459 0.38876819610595703 2773
1783179680466 0.06802070140838623 2774
1783179680471 0.11510420590639114 2775
1783179680505 0.03280959278345108 2776
1783179680512 0.08216739445924759 2777
1783179680518 0.059312138706445694 2778
1783179680523 0.03288371115922928 2779
1783179680530 0.2901088297367096 2780
1783179680536 0.05900746211409569 2781
1783179680590 0.0963030681014061 2782
1783179680593 0.07872028648853302 2783
1783179680600 0.2124878317117691 2784
1783179680604 0.14162103831768036 2785
1783179680611 0.07341615110635757 2786
1783179680615 0.21131931245326996 2787
1783179680620 0.057981111109256744 2788
1783179680626 0.22361713647842407 2789
1783179680633 0.055324479937553406 2790
1783179680638 0.3168167471885681 2791
1783179680644 0.28605327010154724 2792
1783179680651 0.07038801163434982 2793
1783179680657 0.09626075625419617 2794
1783179680663 0.10172594338655472 2795
1783179680669 0.25788164138793945 2796
1783179680673 0.03974919021129608 2797
1783179680678 0.1733323633670807 2798
1783179680684 0.21431651711463928 2799
1783179680689 0.020307395607233047 2800
1783179680695 0.26970407366752625 2801
1783179680700 0.10873429477214813 2802
1783179680721 0.013000577688217163 2803
1783179680727 0.08269554376602173 2804
1783179680733 0.15451321005821228 2805
1783179680739 0.026117319241166115 2806
1783179680744 0.10017821192741394 2807
1783179680757 0.37661436200141907 2808
1783179680769 0.08107631653547287 2809
1783179680778 0.02590312995016575 2810
1783179680880 0.11176738888025284 2811
1783179680894 0.16934359073638916 2812
1783179680951 0.10471098124980927 2813
1783179680960 0.10981763899326324 2814
1783179680962 0.19190576672554016 2815
1783179680971 0.052823204547166824 2816
1783179680989 0.033014047890901566 2817
1783179680994 0.09227152913808823 2818
1783179681001 0.22497577965259552 2819
1783179681006 0.2268110066652298 2820
1783179681013 0.19015339016914368 2821
1783179681019 0.30040520429611206 2822
1783179681025 0.04528368264436722 2823
1783179681072 0.09394508600234985 2824
1783179681078 0.021134283393621445 2825
1783179681084 0.15797588229179382 2826
1783179681090 0.046343814581632614 2827
1783179681096 0.27304738759994507 2828
1783179681102 0.22893741726875305 2829
1783179681107 0.023919662460684776 2830
1783179681114 0.14841678738594055 2831
1783179681121 0.2741425931453705 2832
1783179681127 0.10693157464265823 2833
1783179681133 0.05633479729294777 2834
1783179681139 0.14633391797542572 2835
1783179681145 0.24599166214466095 2836
1783179681151 0.24957819283008575 2837
1783179681157 0.20863224565982819 2838
1783179681163 0.15367107093334198 2839
1783179681169 0.1258946657180786 2840
1783179681181 0.034655917435884476 2841
1783179681187 0.14844746887683868 2842
1783179681199 0.27145907282829285 2843
1783179681205 0.0288540106266737 2844
1783179681212 0.313453733921051 2845
1783179681217 0.0379740409553051 2846
1783179681223 0.0956336185336113 2847
1783179681230 0.07197628170251846 2848
1783179681236 0.09114790707826614 2849
1783179681242 0.1800837516784668 2850
1783179681248 0.19936522841453552 2851
1783179681254 0.5056970715522766 2852
1783179681272 0.03422113135457039 2853
1783179681323 0.12063775211572647 2854
1783179681327 0.022605817764997482 2855
1783179681333 0.04570392891764641 2856
1783179681339 0.1564549207687378 2857
1783179681345 0.1790967881679535 2858
1783179681350 0.5272681713104248 2859
1783179681357 0.038446590304374695 2860
1783179681362 0.34071895480155945 2861
1783179681369 0.16805410385131836 2862
1783179681374 0.20005714893341064 2863
1783179681381 0.14266781508922577 2864
1783179681387 0.37581944465637207 2865
1783179681393 0.10683832317590714 2866
1783179681491 0.11451636999845505 2867
1783179681519 0.14035335183143616 2868
1783179681525 0.3039763569831848 2869
1783179681531 0.09795860201120377 2870
1783179681536 0.35547134280204773 2871
1783179681546 0.11826223880052567 2872
1783179681553 0.1245216578245163 2873
1783179681563 0.5586410760879517 2874
1783179681570 0.14992356300354004 2875
1783179681576 0.08174287527799606 2876
1783179681587 0.16606879234313965 2877
1783179681594 0.16172601282596588 2878
1783179681618 0.2690783739089966 2879
1783179681640 0.03121050074696541 2880
1783179681652 0.3072723150253296 2881
1783179681659 0.12135320901870728 2882
1783179681674 0.1129060760140419 2883
1783179681682 0.2119288146495819 2884
1783179681688 0.09338424354791641 2885
1783179681692 0.19653189182281494 2886
1783179681698 0.05417291074991226 2887
1783179681701 0.03350462391972542 2888
1783179681706 0.03396952152252197 2889
1783179681712 0.20288468897342682 2890
1783179681717 0.08705819398164749 2891
1783179681723 0.1269015222787857 2892
1783179681729 0.09357620775699615 2893
1783179681735 0.19172754883766174 2894
1783179681742 0.09396351128816605 2895
1783179681753 0.37219974398612976 2896
1783179681760 0.29480835795402527 2897
1783179681772 0.21476677060127258 2898
1783179681778 0.6187689304351807 2899
1783179681793 0.040782034397125244 2900
1783179681803 0.038914844393730164 2901
1783179681806 0.3681275546550751 2902
1783179681813 0.0804322361946106 2903
1783179681817 0.15259870886802673 2904
1783179681825 0.28622040152549744 2905
1783179681829 0.126924067735672 2906
1783179681835 0.1569596827030182 2907
1783179681842 0.06015768274664879 2908
1783179681854 0.032439958304166794 2909
1783179681862 0.09208402782678604 2910
1783179681867 0.13867756724357605 2911
1783179681873 0.0346318855881691 2912
1783179681879 0.3342367112636566 2913
1783179681885 0.17450176179409027 2914
1783179681917 0.16336537897586823 2915
1783179681945 0.12824365496635437 2916
1783179681956 0.014483938924968243 2917
1783179681965 0.18082226812839508 2918
1783179681973 0.11448073387145996 2919
1783179681979 0.2084576040506363 2920
1783179681985 0.07568566501140594 2921
1783179681990 0.1319989264011383 2922
1783179681997 0.1404534876346588 2923
1783179682009 0.046207208186388016 2924
1783179682067 0.027004893869161606 2925
1783179682083 0.25329917669296265 2926
1783179682104 0.12027882039546967 2927
1783179682110 0.05011919140815735 2928
1783179682139 0.053646065294742584 2929
1783179682147 0.06373275071382523 2930
1783179682152 0.07975532114505768 2931
1783179682157 0.07102125883102417 2932
1783179682194 0.12481920421123505 2933
1783179682236 0.13981129229068756 2934
1783179682253 0.3118199110031128 2935
1783179682260 0.036790795624256134 2936
1783179682278 0.22121228277683258 2937
1783179682285 0.3089648485183716 2938
1783179682290 0.010190065018832684 2939
1783179682303 0.13079716265201569 2940
1783179682309 0.08291707932949066 2941
1783179682320 0.033937886357307434 2942
1783179682326 0.14684981107711792 2943
1783179682337 0.11304831504821777 2944
1783179682392 0.18310436606407166 2945
1783179682409 0.3868425488471985 2946
1783179682415 0.11757142096757889 2947
1783179682423 0.08259405195713043 2948
1783179682429 0.14701153337955475 2949
1783179682440 0.06441346555948257 2950
1783179682446 0.20845480263233185 2951
1783179682476 0.1142888069152832 2952
1783179682527 0.12466821819543839 2953
1783179682582 0.06660835444927216 2954
1783179682588 0.19258886575698853 2955
1783179682594 0.10069429874420166 2956
1783179682598 0.05585860460996628 2957
1783179682603 0.1383996605873108 2958
1783179682609 0.22028286755084991 2959
1783179682614 0.20286399126052856 2960
1783179682621 0.08515135943889618 2961
1783179682627 0.09490175545215607 2962
1783179682633 0.037163589149713516 2963
1783179682658 0.4624241292476654 2964
1783179682671 0.03618096560239792 2965
1783179682677 0.14223043620586395 2966
1783179682715 0.1452680379152298 2967
1783179682721 0.19705930352210999 2968
1783179682726 0.10838541388511658 2969
1783179682732 0.21141040325164795 2970
1783179682738 0.29816651344299316 2971
1783179682764 0.03719208389520645 2972
1783179682770 0.1213904321193695 2973
1783179682776 0.08765750378370285 2974
1783179682779 0.33620744943618774 2975
1783179682787 0.125251904129982 2976
1783179682793 0.10742680728435516 2977
1783179682799 0.1859131008386612 2978
1783179682816 0.05087973549962044 2979
1783179682822 0.24095594882965088 2980
1783179682829 0.07732672989368439 2981
1783179682836 0.07574720680713654 2982
1783179682842 0.42843273282051086 2983
1783179682854 0.19418123364448547 2984
1783179682861 0.14562390744686127 2985
1783179682872 0.08198443055152893 2986
1783179682886 0.21984176337718964 2987
1783179682890 0.11127186566591263 2988
1783179682896 0.15635143220424652 2989
1783179682907 0.06817911565303802 2990
1783179682913 0.2041807621717453 2991
1783179682930 0.08306720852851868 2992
1783179682935 0.16068938374519348 2993
1783179682942 0.0905120000243187 2994
1783179682948 0.137741819024086 2995
1783179682952 0.015566672198474407 2996
1783179682956 0.03566497191786766 2997
1783179683020 0.06578294932842255 2998
1783179683034 0.39884570240974426 2999
1783179683038 0.3005495071411133 3000
1783179683045 0.04792378097772598 3001
1783179683053 0.2566503584384918 3002
1783179683057 0.10686951130628586 3003
1783179683068 0.09024111181497574 3004
1783179683081 0.015950674191117287 3005
1783179683094 0.3338017463684082 3006
1783179683101 0.15297850966453552 3007
1783179683107 0.30018576979637146 3008
1783179683112 0.20960180461406708 3009
1783179683119 0.12407504767179489 3010
1783179683126 0.28940823674201965 3011
1783179683132 0.14473684132099152 3012
1783179683138 0.21870781481266022 3013
1783179683151 0.04971080273389816 3014
1783179683157 0.016320442780852318 3015
1783179683176 0.07733593136072159 3016
1783179683187 0.004811504390090704 3017
1783179683194 0.10105953365564346 3018
1783179683199 0.1522725224494934 3019
1783179683206 0.11059432476758957 3020
1783179683214 0.18776312470436096 3021
1783179683217 0.3213520646095276 3022
1783179683219 0.009926066733896732 3023
1783179683224 0.4781250059604645 3024
1783179683227 0.21329201757907867 3025
1783179683231 0.12396605312824249 3026
1783179683235 0.164076566696167 3027
1783179683240 0.10575766116380692 3028
1783179683243 0.12299082428216934 3029
1783179683245 0.14769692718982697 3030
1783179683250 0.03554456681013107 3031
1783179683254 0.026864415034651756 3032
1783179683257 0.09145785868167877 3033
1783179683261 0.05011880397796631 3034
1783179683264 0.140187606215477 3035
1783179683272 0.13078643381595612 3036
1783179683293 0.13384006917476654 3037
1783179683299 0.20805056393146515 3038
1783179683304 0.5696334838867188 3039
1783179683310 0.3102250099182129 3040
1783179683317 0.1133449450135231 3041
1783179683328 0.036636415868997574 3042
1783179683336 0.03332008793950081 3043
1783179683341 0.21355879306793213 3044
1783179683347 0.1846977174282074 3045
1783179683354 0.24971048533916473 3046
1783179683359 0.16995307803153992 3047
1783179683365 0.20336571335792542 3048
1783179683370 0.146314799785614 3049
1783179683376 0.01077001541852951 3050
1783179683382 0.4215320348739624 3051
1783179683387 0.26341938972473145 3052
1783179683391 0.2375137358903885 3053
1783179683397 0.1272149533033371 3054
1783179683403 0.05814625322818756 3055
1783179683408 0.15512517094612122 3056
1783179683413 0.23885241150856018 3057
1783179683419 0.07757402956485748 3058
1783179683422 0.11899524182081223 3059
1783179683429 0.043765462934970856 3060
1783179683436 0.3731083869934082 3061
1783179683441 0.10030727088451385 3062
1783179683447 0.1984545737504959 3063
1783179683453 0.11363305151462555 3064
1783179683459 0.27280375361442566 3065
1783179683464 0.22889642417430878 3066
1783179683472 0.09246176481246948 3067
1783179683477 0.15228167176246643 3068
1783179683480 0.1382392942905426 3069
1783179683490 0.06979436427354813 3070
1783179683497 0.3175591230392456 3071
1783179683503 0.18994666635990143 3072
1783179683508 0.12497860938310623 3073
1783179683515 0.1961657851934433 3074
1783179683520 0.03919350355863571 3075
1783179683527 0.07195891439914703 3076
1783179683533 0.103244848549366 3077
1783179683538 0.1557607799768448 3078
1783179683545 0.16928480565547943 3079
1783179683552 0.16492699086666107 3080
1783179683556 0.17317187786102295 3081
1783179683563 0.03546327352523804 3082
1783179683569 0.1221078485250473 3083
1783179683573 0.03671681508421898 3084
1783179683579 0.08611232042312622 3085
1783179683586 0.2839023172855377 3086
1783179683591 0.09039758890867233 3087
1783179683596 0.09938883781433105 3088
1783179683603 0.4181092083454132 3089
1783179683608 0.14252741634845734 3090
1783179683615 0.09905605018138885 3091
1783179683620 0.16153359413146973 3092
1783179683625 0.2212640941143036 3093
1783179683630 0.22886259853839874 3094
1783179683642 0.31317275762557983 3095
1783179683647 0.3175065517425537 3096
1783179683657 0.1339084804058075 3097
1783179683690 0.22255779802799225 3098
1783179683695 0.080199234187603 3099
1783179683701 0.046109363436698914 3100
1783179683706 0.08361699432134628 3101
1783179683713 0.2072344720363617 3102
1783179683720 0.14000345766544342 3103
1783179683726 0.02534269355237484 3104
1783179683729 0.07605627924203873 3105
1783179683733 0.08438903093338013 3106
1783179683736 0.18315978348255157 3107
1783179683739 0.011678814888000488 3108
1783179683743 0.25055405497550964 3109
1783179683746 0.02445344626903534 3110
1783179683749 0.04204632714390755 3111
1783179683754 0.06881299614906311 3112
1783179683757 0.04242488369345665 3113
1783179683762 0.10818269103765488 3114
1783179683769 0.03470853343605995 3115
1783179683774 0.015098469331860542 3116
1783179683786 0.1695631891489029 3117
1783179683792 0.05370096117258072 3118
1783179683798 0.1634330302476883 3119
1783179683804 0.13732512295246124 3120
1783179683810 0.5431032180786133 3121
1783179683816 0.024047279730439186 3122
1783179683822 0.07974252849817276 3123
1783179683826 0.11759316176176071 3124
1783179683833 0.18866069614887238 3125
1783179683858 0.381401926279068 3126
1783179683934 0.10634665191173553 3127
1783179683955 0.3312336504459381 3128
1783179683963 0.02686629816889763 3129
1783179683969 0.09714043140411377 3130
1783179683989 0.07526907324790955 3131
1783179683995 0.16700607538223267 3132
1783179684013 0.08089332282543182 3133
1783179684020 0.044814880937337875 3134
1783179684027 0.1006004735827446 3135
1783179684049 0.18635746836662292 3136
1783179684059 0.15522286295890808 3137
1783179684061 0.15169180929660797 3138
1783179684074 0.5159109830856323 3139
1783179684110 0.1311749517917633 3140
1783179684118 0.01581675186753273 3141
1783179684125 0.12132033705711365 3142
1783179684130 0.11300766468048096 3143
1783179684142 0.06887020170688629 3144
1783179684149 0.24510568380355835 3145
1783179684159 0.11019284278154373 3146
1783179684166 0.08750010281801224 3147
1783179684173 0.03918682783842087 3148
1783179684179 0.2040417343378067 3149
1783179684190 0.0901130735874176 3150
1783179684243 0.1172156035900116 3151
1783179684298 0.29244542121887207 3152
1783179684344 0.10768936574459076 3153
1783179684356 0.276188462972641 3154
1783179684363 0.4695951044559479 3155
1783179684376 0.11950512230396271 3156
1783179684434 0.14890873432159424 3157
1783179684459 0.08808700740337372 3158
1783179684496 0.48864278197288513 3159
1783179684508 0.01995270699262619 3160
1783179684512 0.03303293138742447 3161
1783179684522 0.3069479763507843 3162
1783179684535 0.14296263456344604 3163
1783179684541 0.3790735602378845 3164
1783179684547 0.35003697872161865 3165
1783179684561 0.07281752675771713 3166
1783179684566 0.04010946303606033 3167
1783179684570 0.07680893689393997 3168
1783179684637 0.21197998523712158 3169
1783179684662 0.18148472905158997 3170
1783179684687 0.19911031424999237 3171
1783179684697 0.05515401065349579 3172
1783179684721 0.03203226625919342 3173
1783179684727 0.04861464723944664 3174
1783179684790 0.037412673234939575 3175
1783179684796 0.14788027107715607 3176
1783179684806 0.01149867195636034 3177
1783179684813 0.09087393432855606 3178
1783179684820 0.13311071693897247 3179
1783179684825 0.2409738302230835 3180
1783179684830 0.2535562515258789 3181
1783179684875 0.09016787260770798 3182
1783179684881 0.014346080832183361 3183
1783179684895 0.03774428367614746 3184
1783179684948 0.025335019454360008 3185
1783179684954 0.1477237045764923 3186
1783179684960 0.22733907401561737 3187
1783179684966 0.05293653905391693 3188
1783179684972 0.06641566753387451 3189
1783179684978 0.09036272764205933 3190
1783179684990 0.03282539173960686 3191
1783179684996 0.012424279004335403 3192
1783179685008 0.17425437271595 3193
1783179685015 0.016307435929775238 3194
1783179685021 0.022032085806131363 3195
1783179685027 0.09812720865011215 3196
1783179685033 0.19809330999851227 3197
1783179685039 0.05270839110016823 3198
1783179685045 0.036865923553705215 3199
1783179685056 0.048920705914497375 3200
1783179685063 0.02643905207514763 3201
1783179685073 0.041247256100177765 3202
1783179685172 0.08456916362047195 3203
1783179685270 0.1103014424443245 3204
1783179685371 0.2558889091014862 3205
1783179685450 0.011326421052217484 3206
1783179685498 0.07397612184286118 3207
1783179685510 0.19005681574344635 3208
1783179685516 0.09849630296230316 3209
1783179685522 0.05721715837717056 3210
1783179685528 0.2706964612007141 3211
1783179685603 0.4105798900127411 3212
1783179685625 0.06048373878002167 3213
1783179685657 0.20817285776138306 3214
1783179685743 0.005514404270797968 3215
1783179685749 0.01679682359099388 3216
1783179685756 0.15779000520706177 3217
1783179685762 0.12790711224079132 3218
1783179685769 0.2075604647397995 3219
1783179685780 0.04233333468437195 3220
1783179685787 0.08355869352817535 3221
1783179685853 0.044024866074323654 3222
1783179685861 0.18308956921100616 3223
1783179685873 0.11178267002105713 3224
1783179685877 0.050473738461732864 3225
1783179685885 0.15781642496585846 3226
1783179685892 0.08814053982496262 3227
1783179685898 0.030256362631917 3228
1783179685917 0.40653201937675476 3229
1783179685924 0.04008863493800163 3230
1783179685928 0.055438537150621414 3231
1783179685953 0.20485016703605652 3232
1783179685959 0.08356146514415741 3233
1783179685970 0.30554530024528503 3234
1783179685991 0.2100137323141098 3235
1783179685998 0.170955091714859 3236
1783179686008 0.12484758347272873 3237
1783179686012 0.04614410176873207 3238
1783179686017 0.2819371819496155 3239
1783179686024 0.10502035915851593 3240
1783179686108 0.05628691613674164 3241
1783179686122 0.04564926400780678 3242
1783179686128 0.07533968240022659 3243
1783179686134 0.07072027772665024 3244
1783179686140 0.06211244314908981 3245
1783179686145 0.13273049890995026 3246
1783179686167 0.21606138348579407 3247
1783179686173 0.09967143088579178 3248
1783179686179 0.023785067722201347 3249
1783179686192 0.3154996335506439 3250
1783179686197 0.056353192776441574 3251
1783179686204 0.13841861486434937 3252
1783179686215 0.11556696891784668 3253
1783179686221 0.07450967282056808 3254
1783179686225 0.5052464008331299 3255
1783179686231 0.31345492601394653 3256
1783179686237 0.04916583374142647 3257
1783179686244 0.073162741959095 3258
1783179686250 0.07883616536855698 3259
1783179686257 0.07881636172533035 3260
1783179686281 0.009081030264496803 3261
1783179686287 0.34100860357284546 3262
1783179686299 0.1633254885673523 3263
1783179686310 0.19213712215423584 3264
1783179686317 0.1359460949897766 3265
1783179686322 0.032407741993665695 3266
1783179686328 0.17118948698043823 3267
1783179686335 0.17804913222789764 3268
1783179686340 0.12110509723424911 3269
1783179686346 0.2321782261133194 3270
1783179686444 0.08467616885900497 3271
1783179686527 0.11213066428899765 3272
1783179686574 0.13683179020881653 3273
1783179686668 0.0763775110244751 3274
1783179686674 0.12496201694011688 3275
1783179686678 0.36555442214012146 3276
1783179686685 0.29359671473503113 3277
1783179686691 0.31269723176956177 3278
1783179686697 0.0542696975171566 3279
1783179686703 0.09579581022262573 3280
1783179686713 0.10673726350069046 3281
1783179686719 0.09955626726150513 3282
1783179686724 0.05291786789894104 3283
1783179686793 0.29345157742500305 3284
1783179686813 0.2940812110900879 3285
1783179686916 0.009939666837453842 3286
1783179686929 0.06918848305940628 3287
1783179686939 0.32787325978279114 3288
1783179686993 0.06449121981859207 3289
1783179687000 0.4164868891239166 3290
1783179687005 0.05008610710501671 3291
1783179687017 0.1721908450126648 3292
1783179687023 0.18140673637390137 3293
1783179687029 0.17973938584327698 3294
1783179687038 0.478718101978302 3295
1783179687121 0.31368184089660645 3296
1783179687221 0.061048366129398346 3297
1783179687315 0.032782766968011856 3298
1783179687414 0.14570489525794983 3299
1783179687506 0.1678517907857895 3300
1783179687602 0.09327826648950577 3301
1783179687708 0.1773279309272766 3302
1783179687808 0.19448740780353546 3303
1783179687893 0.1354534924030304 3304
1783179687899 0.11296726018190384 3305
1783179687930 0.24289117753505707 3306
1783179687985 0.07575371116399765 3307
1783179688015 0.08618473261594772 3308
1783179688028 0.17444764077663422 3309
1783179688032 0.07404347509145737 3310
1783179688039 0.026927610859274864 3311
1783179688046 0.10649194568395615 3312
1783179688052 0.10855121165513992 3313
1783179688057 0.14069491624832153 3314
1783179688064 0.06387639790773392 3315
1783179688164 0.032052621245384216 3316
1783179688183 0.09050111472606659 3317
1783179688261 0.06830079108476639 3318
1783179688269 0.10587108135223389 3319
1783179688274 0.04765643924474716 3320
1783179688279 0.014598939567804337 3321
1783179688284 0.16506065428256989 3322
1783179688291 0.08689375221729279 3323
1783179688297 0.08896034210920334 3324
1783179688302 0.2185097634792328 3325
1783179688315 0.3038148581981659 3326
1783179688324 0.03245547413825989 3327
1783179688329 0.11883644014596939 3328
1783179688341 0.12097139656543732 3329
1783179688347 0.32108864188194275 3330
1783179688354 0.0236781258136034 3331
1783179688359 0.25172531604766846 3332
1783179688366 0.09497725963592529 3333
1783179688373 0.17054271697998047 3334
1783179688378 0.08865521103143692 3335
1783179688394 0.025161517783999443 3336
1783179688399 0.4748733341693878 3337
1783179688424 0.15356525778770447 3338
1783179688435 0.020502861589193344 3339
1783179688492 0.04797150194644928 3340
1783179688504 0.12006840109825134 3341
1783179688516 0.19276919960975647 3342
1783179688531 0.07732697576284409 3343
1783179688626 0.45054492354393005 3344
1783179688676 0.08092958480119705 3345
1783179688711 0.18859633803367615 3346
1783179688719 0.1499740481376648 3347
1783179688743 0.07156385481357574 3348
1783179688749 0.31733497977256775 3349
1783179688760 0.03861487656831741 3350
1783179688767 0.09905660152435303 3351
1783179688779 0.12209739536046982 3352
1783179688785 0.2772631049156189 3353
1783179688820 0.11400219053030014 3354
1783179688920 0.030848216265439987 3355
1783179688932 0.15662842988967896 3356
1783179688947 0.23839518427848816 3357
1783179688951 0.0440838560461998 3358
1783179688958 0.06303867697715759 3359
1783179688964 0.01475322525948286 3360
1783179688970 0.1393963247537613 3361
1783179688976 0.3008815348148346 3362
1783179689069 0.08828487247228622 3363
1783179689173 0.03448985889554024 3364
1783179689275 0.06370516121387482 3365
1783179689376 0.14987140893936157 3366
1783179689478 0.039417512714862823 3367
1783179689582 0.06061314418911934 3368
1783179689685 0.027255341410636902 3369
1783179689784 0.2726835310459137 3370
1783179689880 0.09799186885356903 3371
1783179689942 0.04094259440898895 3372
1783179689954 0.10585260391235352 3373
1783179689978 0.1884443461894989 3374
1783179690023 0.27252501249313354 3375
1783179690033 0.21064797043800354 3376
1783179690041 0.07377838343381882 3377
1783179690048 0.36815810203552246 3378
1783179690066 0.06414415687322617 3379
1783179690078 0.15246745944023132 3380
1783179690084 0.05964399129152298 3381
1783179690114 0.04770030081272125 3382
1783179690124 0.031225569546222687 3383
1783179690142 0.22055479884147644 3384
1783179690159 0.09381882846355438 3385
1783179690164 0.3026359975337982 3386
1783179690178 0.08065655082464218 3387
1783179690182 0.05058541148900986 3388
1783179690193 0.0297385286539793 3389
1783179690200 0.1855812966823578 3390
1783179690212 0.07588670402765274 3391
1783179690224 0.13168704509735107 3392
1783179690231 0.030095074325799942 3393
1783179690236 0.14692088961601257 3394
1783179690242 0.017098471522331238 3395
1783179690248 0.3351428806781769 3396
1783179690255 0.09292244911193848 3397
1783179690260 0.039084240794181824 3398
1783179690266 0.06897103786468506 3399
1783179690274 0.0779653787612915 3400
1783179690278 0.16621339321136475 3401
1783179690284 0.8099125623703003 3402
1783179690291 0.2609831988811493 3403
1783179690297 0.23101548850536346 3404
1783179690302 0.2767086625099182 3405
1783179690308 0.22729676961898804 3406
1783179690316 0.16988788545131683 3407
1783179690328 0.04192371293902397 3408
1783179690336 0.3589642345905304 3409
1783179690356 0.0338248573243618 3410
1783179690462 0.07071056216955185 3411
1783179690500 0.14223334193229675 3412
1783179690542 0.0807812437415123 3413
1783179690548 0.14257431030273438 3414
1783179690633 0.218009352684021 3415
1783179690668 0.13058513402938843 3416
1783179690675 0.3670646548271179 3417
1783179690681 0.16570568084716797 3418
1783179690794 0.21009311079978943 3419
1783179690856 0.1339806616306305 3420
1783179690868 0.17658786475658417 3421
1783179690930 0.033516496419906616 3422
1783179690936 0.13019688427448273 3423
1783179690947 0.12500952184200287 3424
1783179690960 0.2704462707042694 3425
1783179690977 0.08856088668107986 3426
1783179690991 0.10314565896987915 3427
1783179691000 0.10182761400938034 3428
1783179691033 0.08354350179433823 3429
1783179691051 0.21370504796504974 3430
1783179691134 0.25943589210510254 3431
1783179691146 0.11551384627819061 3432
1783179691156 0.16335494816303253 3433
1783179691170 0.13510051369667053 3434
1783179691256 0.16007354855537415 3435
1783179691274 0.06943471729755402 3436
1783179691289 0.06661392003297806 3437
1783179691301 0.03153819590806961 3438
1783179691404 0.026255957782268524 3439
1783179691497 0.06967684626579285 3440
1783179691574 0.4084502160549164 3441
1783179691584 0.05152198299765587 3442
1783179691683 0.023662040010094643 3443
1783179691791 0.14951986074447632 3444
1783179691894 0.019654767587780952 3445
1783179692006 0.2793675661087036 3446
1783179692107 0.01789543777704239 3447
1783179692209 0.022807199507951736 3448
1783179692335 0.14419038593769073 3449
1783179692439 0.1301320195198059 3450
1783179692539 0.1329096406698227 3451
1783179692637 0.16503217816352844 3452
1783179692738 0.08579124510288239 3453
1783179692837 0.21982067823410034 3454
1783179692858 0.06465086340904236 3455
1783179692961 0.03870830684900284 3456
1783179693066 0.015312280505895615 3457
1783179693167 0.05183844640851021 3458
1783179693272 0.16352960467338562 3459
1783179693375 0.14043283462524414 3460
1783179693477 0.36421120166778564 3461
1783179693578 0.06250922381877899 3462
1783179693680 0.19245344400405884 3463
1783179693782 0.2133655995130539 3464
1783179693883 0.2978251576423645 3465
1783179693990 0.013565478846430779 3466
1783179694094 0.02922755293548107 3467
1783179694197 0.14097708463668823 3468
1783179694309 0.07756468653678894 3469
1783179694417 0.08049935847520828 3470
1783179694519 0.1291588544845581 3471
1783179694564 0.19561105966567993 3472
1783179694569 0.2811342179775238 3473
1783179694575 0.07505734264850616 3474
1783179694581 0.11522932350635529 3475
1783179694590 0.018926601856946945 3476
1783179694597 0.41883188486099243 3477
1783179694620 0.16737796366214752 3478
1783179694735 0.017728401347994804 3479
1783179694836 0.15315458178520203 3480
1783179694936 0.10153939574956894 3481
1783179695038 0.18832024931907654 3482
1783179695144 0.2901850938796997 3483
1783179695162 0.30055320262908936 3484
1783179695173 0.05034008249640465 3485
1783179695186 0.05379956215620041 3486
1783179695193 0.08749508857727051 3487
1783179695199 0.006785984616726637 3488
1783179695205 0.17016449570655823 3489
1783179695211 0.06633514910936356 3490
1783179695225 0.07315914332866669 3491
1783179695237 0.23299244046211243 3492
1783179695270 0.0736348107457161 3493
1783179695303 0.1836073398590088 3494
1783179695352 0.17285899817943573 3495
1783179695366 0.018352322280406952 3496
1783179695372 0.10212007164955139 3497
1783179695462 0.07667392492294312 3498
1783179695514 0.1725558638572693 3499
1783179695525 0.05487988144159317 3500
1783179695533 0.0058287400752305984 3501
1783179695540 0.13299007713794708 3502
1783179695551 0.18419840931892395 3503
1783179695563 0.21113361418247223 3504
1783179695568 0.027779392898082733 3505
1783179695606 0.21224744617938995 3506
1783179695629 0.09376561641693115 3507
1783179695635 0.08831638097763062 3508
1783179695642 0.18913237750530243 3509
1783179695648 0.0062018027529120445 3510
1783179695659 0.16954225301742554 3511
1783179695666 0.09537370502948761 3512
1783179695671 0.07658441364765167 3513
1783179695688 0.06658473610877991 3514
1783179695702 0.15302415192127228 3515
1783179695707 0.12185585498809814 3516
1783179695726 0.025866948068141937 3517
1783179695731 0.20770858228206635 3518
1783179695737 0.08649199455976486 3519
1783179695743 0.0659634917974472 3520
1783179695749 0.09043527394533157 3521
1783179695755 0.17601099610328674 3522
1783179695838 0.18488846719264984 3523
1783179695928 0.17587800323963165 3524
1783179695936 0.13222402334213257 3525
1783179695979 0.043485864996910095 3526
1783179695983 0.08214735984802246 3527
1783179695989 0.01667458564043045 3528
1783179695995 0.16474853456020355 3529
1783179696001 0.17814922332763672 3530
1783179696007 0.08117641508579254 3531
1783179696014 0.12443637102842331 3532
1783179696020 0.1489151567220688 3533
1783179696026 0.24831818044185638 3534
1783179696115 0.1264258474111557 3535
1783179696216 0.1500648558139801 3536
1783179696308 0.12339247018098831 3537
1783179696320 0.12433798611164093 3538
1783179696326 0.01598786562681198 3539
1783179696340 0.08791706711053848 3540
1783179696348 0.23307113349437714 3541
1783179696354 0.2808239758014679 3542
1783179696414 0.09453466534614563 3543
1783179696427 0.0486922413110733 3544
1783179696469 0.19945424795150757 3545
1783179696474 0.07424674183130264 3546
1783179696481 0.09872089326381683 3547
1783179696487 0.06237586960196495 3548
1783179696493 0.17058755457401276 3549
1783179696499 0.24376551806926727 3550
1783179696505 0.12482167035341263 3551
1783179696510 0.030391238629817963 3552
1783179696516 0.48155468702316284 3553
1783179696523 0.45047056674957275 3554
1783179696531 0.1009894609451294 3555
1783179696534 0.4421148896217346 3556
1783179696541 0.051423586905002594 3557
1783179696548 0.02756042405962944 3558
1783179696649 0.0347570925951004 3559
1783179696660 0.12784844636917114 3560
1783179696673 0.039402902126312256 3561
1783179696684 0.3277049958705902 3562
1783179696763 0.12153949588537216 3563
1783179696773 0.08837699890136719 3564
1783179696780 0.2929888665676117 3565
1783179696787 0.16533292829990387 3566
1783179696793 0.37262552976608276 3567
1783179696800 0.19595973193645477 3568
1783179696806 0.09902354329824448 3569
1783179696817 0.5349889993667603 3570
1783179696823 0.01908278465270996 3571
1783179696828 0.08574256300926208 3572
1783179696834 0.07482331991195679 3573
1783179696839 0.14060910046100616 3574
1783179696852 0.15011315047740936 3575
1783179696862 0.2290298491716385 3576
1783179696878 0.05167051777243614 3577
1783179696892 0.03610488772392273 3578
1783179696899 0.15657132863998413 3579
1783179696905 0.04768843948841095 3580
1783179696910 0.21305961906909943 3581
1783179696918 0.01262104231864214 3582
1783179696934 0.07773532718420029 3583
1783179696940 0.46892839670181274 3584
1783179696948 0.4175302982330322 3585
1783179696954 0.2995785176753998 3586
1783179696960 0.2850346267223358 3587
1783179696965 0.11534267663955688 3588
1783179696972 0.07291143387556076 3589
1783179696977 0.1294541209936142 3590
1783179696983 0.1585811972618103 3591
1783179696989 0.26482096314430237 3592
1783179696994 0.058695998042821884 3593
1783179697003 0.16571979224681854 3594
1783179697007 0.43031102418899536 3595
1783179697015 0.05211036279797554 3596
1783179697027 0.2730307877063751 3597
1783179697035 0.1521032750606537 3598
1783179697039 0.06466717272996902 3599
1783179697045 0.15335865318775177 3600
1783179697056 0.13120396435260773 3601
1783179697065 0.03824930265545845 3602
1783179697070 0.21837061643600464 3603
1783179697077 0.06009114906191826 3604
1783179697082 0.06000027060508728 3605
1783179697090 0.07232848554849625 3606
1783179697101 0.2250511795282364 3607
1783179697106 0.24429026246070862 3608
1783179697117 0.09612275660037994 3609
1783179697124 0.013522515073418617 3610
1783179697209 0.11617488414049149 3611
1783179697215 0.06043834984302521 3612
1783179697221 0.018207242712378502 3613
1783179697312 0.11616243422031403 3614
1783179697394 0.03269333764910698 3615
1783179697473 0.08481583744287491 3616
1783179697485 0.04458712786436081 3617
1783179697490 0.20194420218467712 3618
1783179697497 0.6766107678413391 3619
1783179697504 0.10428283363580704 3620
1783179697508 0.06389414519071579 3621
1783179697515 0.06726515293121338 3622
1783179697521 0.03354186564683914 3623
1783179697535 0.036548931151628494 3624
1783179697541 0.07194758206605911 3625
1783179697559 0.03297753632068634 3626
1783179697569 0.1094326600432396 3627
1783179697577 0.43401849269866943 3628
1783179697586 0.02219543792307377 3629
1783179697592 0.13630574941635132 3630
1783179697599 0.15464499592781067 3631
1783179697604 0.044782355427742004 3632
1783179697611 0.031151968985795975 3633
1783179697617 0.2672814130783081 3634
1783179697624 0.03364371508359909 3635
1783179697629 0.030492722988128662 3636
1783179697635 0.017157018184661865 3637
1783179697640 0.18311640620231628 3638
1783179697652 0.06106299161911011 3639
1783179697659 0.16264687478542328 3640
1783179697719 0.06317219138145447 3641
1783179697820 0.030569687485694885 3642
1783179697840 0.23937799036502838 3643
1783179697851 0.17138589918613434 3644
1783179697858 0.09998776018619537 3645
1783179697863 0.08745019137859344 3646
1783179697880 0.07343652099370956 3647
1783179697898 0.2186085432767868 3648
1783179697905 0.1315745860338211 3649
1783179697910 0.3408949375152588 3650
1783179697922 0.21312765777111053 3651
1783179697930 0.28372877836227417 3652
1783179697936 0.009037024341523647 3653
1783179697941 0.02236105687916279 3654
1783179697969 0.16775497794151306 3655
1783179697978 0.17337609827518463 3656
1783179697982 0.18405602872371674 3657
1783179697988 0.125990092754364 3658
1783179697995 0.3988732397556305 3659
1783179698001 0.27063924074172974 3660
1783179698006 0.06754903495311737 3661
1783179698014 0.05645286291837692 3662
1783179698019 0.2924211621284485 3663
1783179698025 0.2328132838010788 3664
1783179698031 0.09233145415782928 3665
1783179698039 0.008414555341005325 3666
1783179698045 0.16218124330043793 3667
1783179698049 0.027464117854833603 3668
1783179698055 0.14392784237861633 3669
1783179698061 0.03375447914004326 3670
1783179698069 0.18296651542186737 3671
1783179698074 0.14523130655288696 3672
1783179698078 0.07731020450592041 3673
1783179698085 0.06387577205896378 3674
1783179698090 0.06054171547293663 3675
1783179698102 0.022371048107743263 3676
1783179698108 0.28257763385772705 3677
1783179698115 0.010636666789650917 3678
1783179698125 0.10714338719844818 3679
1783179698132 0.051396846771240234 3680
1783179698138 0.23517268896102905 3681
1783179698156 0.1391148418188095 3682
1783179698171 0.034991245716810226 3683
1783179698179 0.08588846027851105 3684
1783179698200 0.2560964822769165 3685
1783179698209 0.1274324208498001 3686
1783179698222 0.32673582434654236 3687
1783179698279 0.022115075960755348 3688
1783179698383 0.12803226709365845 3689
1783179698434 0.047504786401987076 3690
1783179698446 0.1736520230770111 3691
1783179698533 0.07520617544651031 3692
1783179698544 0.04604363441467285 3693
1783179698555 0.09959478676319122 3694
1783179698573 0.2615062892436981 3695
1783179698609 0.04182656109333038 3696
1783179698669 0.1746055632829666 3697
1783179698776 0.04149366915225983 3698
1783179698873 0.16955548524856567 3699
1783179698981 0.031463369727134705 3700
1783179699071 0.06897392868995667 3701
1783179699103 0.04311042279005051 3702
1783179699113 0.009717653505504131 3703
1783179699207 0.12085044384002686 3704
1783179699282 0.14068637788295746 3705
1783179699330 0.19724000990390778 3706
1783179699405 0.16176331043243408 3707
1783179699420 0.32430729269981384 3708
1783179699455 0.06754139810800552 3709
1783179699534 0.16924521327018738 3710
1783179699585 0.20806734263896942 3711
1783179699682 0.31861814856529236 3712
1783179699783 0.050287771970033646 3713
1783179699845 0.2621965706348419 3714
1783179699857 0.21680933237075806 3715
1783179699864 0.051799286156892776 3716
1783179699871 0.21105828881263733 3717
1783179699958 0.20406198501586914 3718
1783179700052 0.16460458934307098 3719
1783179700059 0.00819370523095131 3720
1783179700084 0.05941382423043251 3721
1783179700092 0.047064367681741714 3722
1783179700102 0.37337279319763184 3723
1783179700110 0.3510253429412842 3724
1783179700119 0.36545631289482117 3725
1783179700127 0.1370886117219925 3726
1783179700139 0.11835448443889618 3727
1783179700151 0.0059028551913797855 3728
1783179700164 0.32838574051856995 3729
1783179700192 0.1084190160036087 3730
1783179700229 0.04311858490109444 3731
1783179700237 0.2884725034236908 3732
1783179700244 0.11205190420150757 3733
1783179700254 0.08416412025690079 3734
1783179700262 0.028932122513651848 3735
1783179700269 0.061130572110414505 3736
1783179700273 0.04804300144314766 3737
1783179700285 0.05151128023862839 3738
1783179700295 0.19200250506401062 3739
1783179700349 0.09314669668674469 3740
1783179700378 0.34477928280830383 3741
1783179700393 0.1501023769378662 3742
1783179700406 0.16194309294223785 3743
1783179700466 0.04805940017104149 3744
1783179700534 0.05166563391685486 3745
1783179700582 0.21178050339221954 3746
1783179700633 0.05857746675610542 3747
1783179700707 0.08287624269723892 3748
1783179700809 0.12984980642795563 3749
1783179704783 0.0656571164727211 3750
1783179704796 0.04626656323671341 3751
1783179704813 0.07163964211940765 3752
1783179704826 0.09927287697792053 3753
1783179704841 0.050462961196899414 3754
1783179704870 0.3289090096950531 3755
1783179704920 0.09140504896640778 3756
1783179704936 0.05010131374001503 3757
1783179704949 0.13447196781635284 3758
1783179705040 0.049807749688625336 3759
1783179705062 0.026172038167715073 3760
1783179705100 0.05678389221429825 3761
1783179705129 0.07467050850391388 3762
1783179705144 0.013620702549815178 3763
1783179705153 0.015417599119246006 3764
1783179705164 0.021118376404047012 3765
1783179705230 0.05028538405895233 3766
1783179705320 0.04724963754415512 3767
1783179705345 0.2834889888763428 3768
1783179705357 0.1446511447429657 3769
1783179705438 0.03858393058180809 3770
1783179705522 0.0885588601231575 3771
1783179705626 0.04116051644086838 3772
1783179705735 0.026330601423978806 3773
1783179705868 0.15523844957351685 3774
1783179705896 0.0738355740904808 3775
1783179706000 0.16037479043006897 3776
1783179706100 0.08308647572994232 3777
1783179706109 0.13047192990779877 3778
1783179706138 0.08202075213193893 3779
1783179706165 0.10203830152750015 3780
1783179706226 0.10434266179800034 3781
1783179706319 0.1569613665342331 3782
1783179706423 0.029862694442272186 3783
1783179706528 0.10085985064506531 3784
1783179706631 0.0443572923541069 3785
1783179706741 0.2656906545162201 3786
1783179706845 0.13285516202449799 3787
1783179706947 0.13535435497760773 3788
1783179707052 0.04596131294965744 3789
1783179707082 0.08521796017885208 3790
1783179707176 0.04209716245532036 3791
1783179707282 0.02227967232465744 3792
1783179707389 0.11267898231744766 3793
1783179707493 0.3830457329750061 3794
1783179707524 0.3902016580104828 3795
1783179707532 0.055977124720811844 3796
1783179707542 0.07941179722547531 3797
1783179707669 0.15545442700386047 3798
1783179707774 0.06787288933992386 3799
1783179707875 0.022612227126955986 3800
1783179707982 0.007605032064020634 3801
1783179708087 0.06873565167188644 3802
1783179708186 0.17106249928474426 3803
1783179708293 0.0774841159582138 3804
1783179708397 0.16984902322292328 3805
1783179708497 0.013746043667197227 3806
1783179708589 0.15249085426330566 3807
1783179708677 0.18393784761428833 3808
1783179708761 0.24646905064582825 3809
1783179708847 0.023413870483636856 3810
1783179708936 0.16942830383777618 3811
1783179709029 0.02516043744981289 3812
1783179709100 0.07966752350330353 3813
1783179709193 0.04795951023697853 3814
1783179709280 0.12725766003131866 3815
1783179709302 0.007376944646239281 3816
1783179709384 0.07721928507089615 3817
1783179709403 0.2322685420513153 3818
1783179709421 0.1320156455039978 3819
1783179709436 0.0239849966019392 3820
1783179709485 0.09375467896461487 3821
1783179709588 0.09622347354888916 3822
1783179709668 0.12804454565048218 3823
1783179709678 0.032335616648197174 3824
1783179709685 0.2822733223438263 3825
1783179709692 0.15585169196128845 3826
1783179709697 0.08592948317527771 3827
1783179709709 0.48271068930625916 3828
1783179709781 0.04646361991763115 3829
1783179709787 0.18302536010742188 3830
1783179709794 0.037106629461050034 3831
1783179709800 0.07091937214136124 3832
1783179709822 0.042280592024326324 3833
1783179709826 0.06144985556602478 3834
1783179709839 0.20143963396549225 3835
1783179709849 0.06931789219379425 3836
1783179709859 0.33771032094955444 3837
1783179709864 0.08372627943754196 3838
1783179709871 0.021220894530415535 3839
1783179709876 0.026187190786004066 3840
1783179709970 0.0836750715970993 3841
1783179710073 0.0824761614203453 3842
1783179710174 0.11364942789077759 3843
1783179710276 0.49140897393226624 3844
1783179710370 0.20005901157855988 3845
1783179710415 0.06605228781700134 3846
1783179710431 0.20685793459415436 3847
1783179710442 0.04340001195669174 3848
1783179710466 0.28944072127342224 3849
1783179710471 0.05196080356836319 3850
1783179710476 0.18268918991088867 3851
1783179710505 0.09386344254016876 3852
1783179710518 0.10872744023799896 3853
1783179710530 0.25403714179992676 3854
1783179710541 0.07497335225343704 3855
1783179710555 0.08580795675516129 3856
1783179710562 0.04120636731386185 3857
1783179710569 0.02923659421503544 3858
1783179710605 0.24713511765003204 3859
1783179710610 0.17539827525615692 3860
1783179710616 0.2826457917690277 3861
1783179710628 0.12183556705713272 3862
1783179710636 0.06256835907697678 3863
1783179710642 0.016179120168089867 3864
1783179710647 0.07023170590400696 3865
1783179710652 0.14800654351711273 3866
1783179710658 0.12514325976371765 3867
1783179710665 0.078347347676754 3868
1783179710671 0.16896039247512817 3869
1783179710677 0.2711617648601532 3870
1783179710683 0.08437278866767883 3871
1783179710696 0.022480443120002747 3872
1783179710701 0.08287915587425232 3873
1783179710712 0.13828837871551514 3874
1783179710719 0.08234774321317673 3875
1783179710741 0.3122606873512268 3876
1783179710837 0.17348521947860718 3877
1783179710884 0.2860330641269684 3878
1783179710900 0.2566377520561218 3879
1783179710940 0.18833409249782562 3880
1783179710944 0.0085896672680974 3881
1783179710964 0.27853846549987793 3882
1783179711055 0.10042209923267365 3883
1783179711154 0.16464483737945557 3884
1783179711255 0.29085931181907654 3885
1783179711359 0.16063262522220612 3886
1783179711464 0.07931635528802872 3887
1783179711566 0.1587689369916916 3888
1783179711616 0.027628466486930847 3889
1783179711660 0.12065117806196213 3890
1783179711666 0.051114607602357864 3891
1783179711686 0.05550866574048996 3892
1783179711752 0.09641274809837341 3893
1783179711759 0.04485297575592995 3894
1783179711764 0.23538614809513092 3895
1783179711771 0.15548081696033478 3896
1783179711776 0.03293910622596741 3897
1783179711782 0.055628880858421326 3898
1783179711789 0.15504097938537598 3899
1783179711794 0.07924122363328934 3900
1783179711814 0.1165241077542305 3901
1783179711823 0.054025471210479736 3902
1783179711832 0.10027927905321121 3903
1783179711839 0.013479460962116718 3904
1783179711845 0.06706786155700684 3905
1783179711859 0.13469234108924866 3906
1783179711864 0.33786287903785706 3907
1783179711952 0.04203624650835991 3908
1783179711973 0.07533871382474899 3909
1783179711985 0.07316908985376358 3910
1783179712076 0.05413956567645073 3911
1783179712095 0.04495649039745331 3912
1783179712107 0.10756400972604752 3913
1783179712114 0.029322756454348564 3914
1783179712123 0.01241714134812355 3915
1783179712161 0.08230175077915192 3916
1783179712244 0.16586901247501373 3917
1783179712251 0.008750218898057938 3918
1783179712268 0.012949936091899872 3919
1783179712274 0.17702817916870117 3920
1783179712280 0.19506333768367767 3921
1783179712365 0.17135906219482422 3922
1783179712372 0.35915592312812805 3923
1783179712378 0.014806129038333893 3924
1783179712384 0.024851255118846893 3925
1783179712390 0.05735110864043236 3926
1783179712402 0.06463605910539627 3927
1783179712409 0.016349826008081436 3928
1783179712490 0.18430949747562408 3929
1783179712517 0.039155442267656326 3930
1783179712535 0.14326947927474976 3931
1783179712548 0.10718827694654465 3932
1783179712592 0.10144468396902084 3933
1783179712603 0.12136281281709671 3934
1783179712631 0.21141383051872253 3935
1783179712674 0.06761489808559418 3936
1783179712680 0.18997812271118164 3937
1783179712685 0.0957566350698471 3938
1783179712692 0.041988492012023926 3939
1783179712698 0.08378327637910843 3940
1783179712702 0.03050336055457592 3941
1783179712710 0.12171029299497604 3942
1783179712718 0.13514095544815063 3943
1783179712722 0.03248795494437218 3944
1783179712794 0.21375441551208496 3945
1783179712883 0.12427863478660583 3946
1783179712968 0.05396168678998947 3947
1783179713041 0.05799179524183273 3948
1783179713092 0.006899707484990358 3949
1783179713099 0.1768924444913864 3950
1783179713105 0.015987588092684746 3951
1783179713122 0.03340349718928337 3952
1783179713128 0.011875125579535961 3953
1783179713134 0.27497023344039917 3954
1783179713145 0.20465248823165894 3955
1783179713152 0.09552600979804993 3956
1783179713163 0.1526728719472885 3957
1783179713266 0.15265806019306183 3958
1783179713355 0.10161135345697403 3959
1783179713455 0.047023918479681015 3960
1783179713515 0.025230824947357178 3961
1783179713524 0.060202404856681824 3962
1783179713540 0.22162288427352905 3963
1783179713547 0.09400787204504013 3964
1783179713576 0.09808357059955597 3965
1783179713581 0.15985079109668732 3966
1783179713594 0.029479730874300003 3967
1783179713608 0.06772501021623611 3968
1783179713614 0.2237478792667389 3969
1783179713620 0.26282206177711487 3970
1783179713625 0.2211211919784546 3971
1783179713632 0.0028770777862519026 3972
1783179713637 0.024418439716100693 3973
1783179713650 0.02627149410545826 3974
1783179713655 0.13223980367183685 3975
1783179713661 0.2779811918735504 3976
1783179713666 0.11088219285011292 3977
1783179713675 0.018005816265940666 3978
1783179713678 0.033647362142801285 3979
1783179713684 0.29147374629974365 3980
1783179713692 0.20072661340236664 3981
1783179713697 0.07086734473705292 3982
1783179713710 0.10936994850635529 3983
1783179713715 0.33439698815345764 3984
1783179713727 0.0412767268717289 3985
1783179713733 0.11675649881362915 3986
1783179713762 0.10409224033355713 3987
1783179713797 0.12051337957382202 3988
1783179713800 0.010648930445313454 3989
1783179713807 0.20641815662384033 3990
1783179713811 0.14446476101875305 3991
1783179713820 0.017425578087568283 3992
1783179713831 0.21556629240512848 3993
1783179713839 0.3133039176464081 3994
1783179713930 0.4118637144565582 3995
1783179713938 0.010668518953025341 3996
1783179713945 0.19787386059761047 3997
1783179713950 0.06933259963989258 3998
1783179713957 0.202083557844162 3999
1783179713964 0.07265672832727432 4000
1783179713968 0.16294921934604645 4001
1783179714073 0.3606385588645935 4002
1783179714099 0.1080642119050026 4003
1783179714102 0.2504732608795166 4004
1783179714109 0.0714014396071434 4005
1783179714116 0.08329113572835922 4006
1783179714121 0.1491250991821289 4007
1783179714128 0.14079774916172028 4008
1783179714133 0.20979541540145874 4009
1783179714146 0.050929684191942215 4010
1783179714240 0.07483305782079697 4011
1783179714252 0.11015886068344116 4012
1783179714263 0.16422133147716522 4013
1783179714266 0.14441530406475067 4014
1783179714363 0.08052287250757217 4015
1783179714381 0.1667480319738388 4016
1783179714396 0.05780014395713806 4017
1783179714442 0.3571069538593292 4018
1783179714449 0.17853271961212158 4019
1783179714457 0.23283806443214417 4020
1783179714460 0.14138944447040558 4021
1783179714466 0.12848526239395142 4022
1783179714479 0.1375831514596939 4023
1783179714485 0.05934680253267288 4024
1783179714491 0.18119795620441437 4025
1783179714536 0.07795818150043488 4026
1783179714586 0.18998079001903534 4027
1783179714684 0.2753583490848541 4028
1783179714698 0.12727466225624084 4029
1783179714719 0.11155306547880173 4030
1783179714807 0.0922878235578537 4031
1783179714878 0.05299139767885208 4032
1783179714979 0.008853291161358356 4033
1783179715032 0.0896497368812561 4034
1783179715039 0.10325229167938232 4035
1783179715088 0.006174526643007994 4036
1783179715137 0.046848222613334656 4037
1783179715237 0.24597372114658356 4038
1783179715271 0.12583670020103455 4039
1783179715279 0.01695985533297062 4040
1783179715292 0.00977968517690897 4041
1783179715304 0.01693861186504364 4042
1783179715310 0.024624355137348175 4043
1783179715316 0.1679571121931076 4044
1783179715426 0.1427590399980545 4045
1783179715527 0.062471259385347366 4046
1783179715631 0.14564713835716248 4047
1783179715736 0.059220872819423676 4048
1783179715785 0.004327296745032072 4049
1783179715827 0.07445979863405228 4050
1783179715836 0.12008064240217209 4051
1783179715931 0.06459902226924896 4052
1783179716027 0.04668331518769264 4053
1783179716035 0.1941608488559723 4054
1783179716095 0.10555578768253326 4055
1783179716116 0.16439637541770935 4056
1783179716125 0.11758095771074295 4057
1783179716220 0.038306478410959244 4058
1783179716240 0.11606918275356293 4059
1783179716324 0.17182812094688416 4060
1783179716397 0.06825224310159683 4061
1783179716482 0.1840735822916031 4062
1783179716556 0.10663063079118729 4063
1783179716572 0.14780659973621368 4064
1783179716669 0.054034002125263214 4065
1783179716712 0.03022162988781929 4066
1783179716722 0.1250435709953308 4067
1783179716740 0.17752254009246826 4068
1783179716751 0.19212090969085693 4069
1783179716770 0.2640680968761444 4070
1783179716775 0.03507797047495842 4071
1783179716782 0.043604616075754166 4072
1783179716788 0.01622171513736248 4073
1783179716794 0.19309528172016144 4074
1783179716799 0.01581711508333683 4075
1783179716804 0.12045881897211075 4076
1783179716811 0.020111428573727608 4077
1783179716817 0.03020765446126461 4078
1783179716823 0.11280248314142227 4079
1783179716827 0.07874088734388351 4080
1783179716835 0.02638048678636551 4081
1783179716841 0.040135353803634644 4082
1783179716848 0.25526368618011475 4083
1783179716853 0.09567297995090485 4084
1783179716858 0.27221614122390747 4085
1783179716866 0.2520756423473358 4086
1783179716886 0.04961933195590973 4087
1783179716894 0.030878547579050064 4088
1783179716936 0.051018502563238144 4089
1783179716952 0.30893057584762573 4090
1783179716957 0.11395427584648132 4091
1783179716963 0.07739560306072235 4092
1783179716970 0.2658635377883911 4093
1783179716976 0.17801892757415771 4094
1783179716985 0.11539630591869354 4095
1783179717004 0.08624234795570374 4096
1783179717012 0.12577177584171295 4097
1783179717020 0.24047712981700897 4098
1783179717056 0.11309069395065308 4099
1783179717079 0.09386882185935974 4100
1783179717092 0.18239106237888336 4101
1783179717096 0.19620062410831451 4102
1783179717120 0.12917862832546234 4103
1783179717130 0.026725780218839645 4104
1783179717148 0.27300912141799927 4105
1783179717156 0.021016623824834824 4106
1783179717168 0.21937014162540436 4107
1783179717179 0.12107230722904205 4108
1783179717190 0.14300063252449036 4109
1783179717199 0.29236549139022827 4110
1783179717238 0.16460539400577545 4111
1783179717249 0.013573294505476952 4112
1783179717258 0.11126621067523956 4113
1783179717269 0.2492097169160843 4114
1783179717282 0.13424083590507507 4115
1783179717293 0.08176542073488235 4116
1783179717300 0.13456504046916962 4117
1783179717308 0.17613884806632996 4118
1783179717317 0.1277293711900711 4119
1783179717324 0.004756765440106392 4120
1783179717367 0.021713461726903915 4121
1783179717439 0.08814265578985214 4122
1783179717534 0.2096143364906311 4123
1783179717582 0.09097631275653839 4124
1783179717593 0.33423978090286255 4125
1783179717598 0.13360244035720825 4126
1783179717604 0.05805747210979462 4127
1783179717623 0.02480480819940567 4128
1783179717711 0.024367794394493103 4129
1783179717805 0.07899566739797592 4130
1783179717812 0.01297446433454752 4131
1783179717836 0.24848714470863342 4132
1783179717842 0.16049601137638092 4133
1783179717853 0.02234293892979622 4134
1783179717865 0.1673053801059723 4135
1783179717874 0.15671999752521515 4136
1783179717882 0.10723236948251724 4137
1783179717893 0.1739087551832199 4138
1783179717902 0.12463805824518204 4139
1783179717907 0.0521857924759388 4140
1783179717913 0.08154436945915222 4141
1783179717920 0.19419938325881958 4142
1783179717924 0.06668408960103989 4143
1783179718016 0.0639682188630104 4144
1783179718099 0.05007268115878105 4145
1783179718166 0.01515711285173893 4146
1783179718266 0.12695473432540894 4147
1783179718360 0.2071329951286316 4148
1783179718427 0.11852440237998962 4149
1783179718442 0.1103135198354721 4150
1783179718447 0.06014999747276306 4151
1783179718452 0.040901098400354385 4152
1783179718458 0.13726967573165894 4153
1783179718465 0.010376905091106892 4154
1783179718471 0.08206846565008163 4155
1783179718477 0.043732963502407074 4156
1783179718483 0.06341986358165741 4157
1783179718489 0.11739109456539154 4158
1783179718505 0.23942206799983978 4159
1783179718521 0.0322241373360157 4160
1783179718530 0.07564186304807663 4161
1783179718617 0.12114955484867096 4162
1783179718690 0.02949909307062626 4163
1783179718697 0.05409207195043564 4164
1783179718702 0.40816304087638855 4165
1783179718708 0.1617545336484909 4166
1783179718715 0.2462540715932846 4167
1783179718722 0.056169766932725906 4168
1783179718731 0.20586685836315155 4169
1783179718738 0.48944541811943054 4170
1783179718757 0.17134466767311096 4171
1783179718762 0.10445713996887207 4172
1783179718767 0.0450345017015934 4173
1783179718774 0.1452261209487915 4174
1783179718783 0.11050315946340561 4175
1783179718792 0.170039102435112 4176
1783179718860 0.31486472487449646 4177
1783179718876 0.11997164040803909 4178
1783179718882 0.030684752389788628 4179
1783179718887 0.033966321498155594 4180
1783179718893 0.11567341536283493 4181
1783179718898 0.16384708881378174 4182
1783179718907 0.027618492022156715 4183
1783179718912 0.12778186798095703 4184
1783179718917 0.0064330874010920525 4185
1783179718923 0.030469685792922974 4186
1783179719012 0.09338891506195068 4187
1783179719112 0.04435651749372482 4188
1783179719215 0.0645611435174942 4189
1783179719322 0.23108617961406708 4190
1783179719423 0.4271116256713867 4191
1783179719526 0.03476887568831444 4192
1783179719639 0.09144721180200577 4193
1783179719750 0.089876689016819 4194
1783179719862 0.12487299740314484 4195
1783179719963 0.08174949139356613 4196
1783179720071 0.05653965473175049 4197
1783179720172 0.07948412001132965 4198
1783179720273 0.13722482323646545 4199
1783179720372 0.09401707351207733 4200
1783179720384 0.13130854070186615 4201
1783179720396 0.022572718560695648 4202
1783179720502 0.13499757647514343 4203
1783179720568 0.07611611485481262 4204
1783179720661 0.2033734917640686 4205
1783179720776 0.09988494962453842 4206
1783179720897 0.10072021931409836 4207
1783179720998 0.3678434491157532 4208
1783179721089 0.09629993140697479 4209
1783179721193 0.02893129736185074 4210
1783179721242 0.02815229631960392 4211
1783179721283 0.030314244329929352 4212
1783179721366 0.004964389838278294 4213
1783179721378 0.022707762196660042 4214
1783179721465 0.042063772678375244 4215
1783179721580 0.03332865238189697 4216
1783179721682 0.4399894177913666 4217
1783179721781 0.28398656845092773 4218
1783179721882 0.028618091717362404 4219
1783179721987 0.18890535831451416 4220
1783179722090 0.02007371373474598 4221
1783179722192 0.13938447833061218 4222
1783179722294 0.019751358777284622 4223
1783179722390 0.018875326961278915 4224
1783179722498 0.04408383369445801 4225
1783179722583 0.11132583767175674 4226
1783179722594 0.050358597189188004 4227
1783179722619 0.17188626527786255 4228
1783179722625 0.02228958159685135 4229
1783179722632 0.026199975982308388 4230
1783179722638 0.26759791374206543 4231
1783179722715 0.055712584406137466 4232
1783179722727 0.08369365334510803 4233
1783179722735 0.0219434704631567 4234
1783179722747 0.009238201193511486 4235
1783179722788 0.08638249337673187 4236
1783179722802 0.18253035843372345 4237
1783179722807 0.0701129212975502 4238
1783179722825 0.041054923087358475 4239
1783179722832 0.07992687076330185 4240
1783179722841 0.020174358040094376 4241
1783179722855 0.0161727461963892 4242
1783179722862 0.4778384566307068 4243
1783179722951 0.016408096998929977 4244
1783179723050 0.14090147614479065 4245
1783179723141 0.08714897185564041 4246
1783179723240 0.06464503705501556 4247
1783179723340 0.06320513039827347 4248
1783179723438 0.010643872432410717 4249
1783179723533 0.036409758031368256 4250
1783179723628 0.3893302381038666 4251
1783179723736 0.01476917415857315 4252
1783179723839 0.014258704148232937 4253
1783179723939 0.17078924179077148 4254
1783179724039 0.3013550341129303 4255
1783179724108 0.19935175776481628 4256
1783179724115 0.18434488773345947 4257
1783179724230 0.24287095665931702 4258
1783179724273 0.01681298017501831 4259
1783179724296 0.15209978818893433 4260
1783179724365 0.18857334554195404 4261
1783179724372 0.12171974033117294 4262
1783179724382 0.0438389778137207 4263
1783179724389 0.0910111516714096 4264
1783179724397 0.0641542598605156 4265
1783179724500 0.20714768767356873 4266
1783179724564 0.05835213139653206 4267
1783179724570 0.07560449838638306 4268
1783179724665 0.01976887509226799 4269
1783179724683 0.02416118048131466 4270
1783179724777 0.03696797043085098 4271
1783179724869 0.10377730429172516 4272
1783179724976 0.25744330883026123 4273
1783179725077 0.11492575705051422 4274
1783179725090 0.04932386800646782 4275
1783179725154 0.06853675097227097 4276
1783179725165 0.030333399772644043 4277
1783179725270 0.011607781052589417 4278
1783179725371 0.1790551245212555 4279
1783179725466 0.04551727697253227 4280
1783179725570 0.06824492663145065 4281
1783179725660 0.2603859603404999 4282
1783179725729 0.05313745141029358 4283
1783179725741 0.1737513244152069 4284
1783179725754 0.015060306526720524 4285
1783179725765 0.04290825501084328 4286
1783179725795 0.010974813252687454 4287
1783179725805 0.15527138113975525 4288
1783179725814 0.05660436674952507 4289
1783179725832 0.035149358212947845 4290
1783179725904 0.030006296932697296 4291
1783179725925 0.06169319897890091 4292
1783179725938 0.08221954107284546 4293
1783179725947 0.04296959936618805 4294
1783179725953 0.0968749150633812 4295
1783179725959 0.14224402606487274 4296
1783179725983 0.04660395160317421 4297
1783179726031 0.14079535007476807 4298
1783179726043 0.07928996533155441 4299
1783179726049 0.09569916129112244 4300
1783179726055 0.030271274968981743 4301
1783179726067 0.031883541494607925 4302
1783179726073 0.08638827502727509 4303
1783179726170 0.03512033447623253 4304
1783179726185 0.01847074180841446 4305
1783179726192 0.3501170575618744 4306
1783179726199 0.07670949399471283 4307
1783179726205 0.2179904580116272 4308
1783179726211 0.0432978980243206 4309
1783179726281 0.23055794835090637 4310
1783179726294 0.03539881855249405 4311
1783179726306 0.08644542843103409 4312
1783179726313 0.19978058338165283 4313
1783179726333 0.08967505395412445 4314
1783179726441 0.07891220599412918 4315
1783179726543 0.07048285007476807 4316
1783179726647 0.09047029912471771 4317
1783179726697 0.24137373268604279 4318
1783179726706 0.041974250227212906 4319
1783179726714 0.09051375091075897 4320
1783179726739 0.21445569396018982 4321
1783179726798 0.02594725415110588 4322
1783179726830 0.04046311229467392 4323
1783179726842 0.07093141227960587 4324
1783179726854 0.15113894641399384 4325
1783179726860 0.11354701966047287 4326
1783179726864 0.14225193858146667 4327
1783179726879 0.07829929143190384 4328
1783179726886 0.003968818113207817 4329
1783179726898 0.1278836727142334 4330
1783179726920 0.08708855509757996 4331
1783179726926 0.008557111956179142 4332
1783179726931 0.053919222205877304 4333
1783179726938 0.10808079689741135 4334
1783179726948 0.20988398790359497 4335
1783179726960 0.02274632640182972 4336
1783179726973 0.00857999175786972 4337
1783179726984 0.042481739073991776 4338
1783179727006 0.09717730432748795 4339
1783179727018 0.15757164359092712 4340
1783179727029 0.07136555016040802 4341
1783179727048 0.010633673518896103 4342
1783179727089 0.014831332489848137 4343
1783179727098 0.1014384925365448 4344
1783179727107 0.35390740633010864 4345
1783179727112 0.19359497725963593 4346
1783179727118 0.15791812539100647 4347
1783179727126 0.01892751455307007 4348
1783179727133 0.1595170646905899 4349
1783179727139 0.0732651874423027 4350
1783179727145 0.024396564811468124 4351
1783179727151 0.1714244782924652 4352
1783179727157 0.2287241369485855 4353
1783179727162 0.05418847128748894 4354
1783179727167 0.0175305362790823 4355
1783179727175 0.017254017293453217 4356
1783179727184 0.08874103426933289 4357
1783179727190 0.0839972123503685 4358
1783179727228 0.022469982504844666 4359
1783179727239 0.0891813263297081 4360
1783179727248 0.048306018114089966 4361
1783179727258 0.3721897602081299 4362
1783179727269 0.12489160150289536 4363
1783179727275 0.07875507324934006 4364
1783179727294 0.0023667700588703156 4365
1783179727349 0.03485071659088135 4366
1783179727370 0.27786269783973694 4367
1783179727377 0.16340675950050354 4368
1783179727385 0.16469354927539825 4369
1783179727396 0.028727827593684196 4370
1783179727406 0.250424325466156 4371
1783179727415 0.15537069737911224 4372
1783179727441 0.04430607333779335 4373
1783179727463 0.10130749642848969 4374
1783179727475 0.06675618141889572 4375
1783179727488 0.026489097625017166 4376
1783179727499 0.014517192728817463 4377
1783179727515 0.3574581742286682 4378
1783179727531 0.048257458955049515 4379
1783179727634 0.29390838742256165 4380
1783179727642 0.1389959454536438 4381
1783179727647 0.02934439294040203 4382
1783179727654 0.057380542159080505 4383
1783179727659 0.030599448829889297 4384
1783179727666 0.13528218865394592 4385
1783179727678 0.07142529636621475 4386
1783179727684 0.10340379178524017 4387
1783179727692 0.19454942643642426 4388
1783179727698 0.11535325646400452 4389
1783179727704 0.031455233693122864 4390
1783179727710 0.06328900158405304 4391
1783179727716 0.08665420860052109 4392
1783179727725 0.05140054598450661 4393
1783179727736 0.05938270688056946 4394
1783179727744 0.014579919166862965 4395
1783179727755 0.11981077492237091 4396
1783179727770 0.031619105488061905 4397
1783179727862 0.07728128880262375 4398
1783179727871 0.10602393746376038 4399
1783179727877 0.12414459884166718 4400
1783179727882 0.3348863422870636 4401
1783179727895 0.031506188213825226 4402
1783179727902 0.02614360675215721 4403
1783179727908 0.09299793094396591 4404
1783179727915 0.29201391339302063 4405
1783179727921 0.08500689268112183 4406
1783179727926 0.08486123383045197 4407
1783179727931 0.17479096353054047 4408
1783179727937 0.034401942044496536 4409
1783179727943 0.0742967426776886 4410
1783179727951 0.006790503393858671 4411
1783179727956 0.019802076742053032 4412
1783179727963 0.21237947046756744 4413
1783179727968 0.03759387880563736 4414
1783179727975 0.05993540585041046 4415
1783179727980 0.1042119711637497 4416
1783179727987 0.23296502232551575 4417
1783179728022 0.149888277053833 4418
1783179728028 0.06313592195510864 4419
1783179728034 0.19693785905838013 4420
1783179728045 0.2598365843296051 4421
1783179728053 0.17598563432693481 4422
1783179728057 0.01731373555958271 4423
1783179728065 0.10036291927099228 4424
1783179728070 0.06885964423418045 4425
1783179728077 0.03177843987941742 4426
1783179728082 0.06394877284765244 4427
1783179728088 0.013974697329103947 4428
1783179728099 0.01771189086139202 4429
1783179728128 0.1307663470506668 4430
1783179728137 0.06020786613225937 4431
1783179728142 0.04883839562535286 4432
1783179728150 0.14791418612003326 4433
1783179728159 0.21898406744003296 4434
1783179728165 0.010912995785474777 4435
1783179728177 0.05694069340825081 4436
1783179728185 0.16493448615074158 4437
1783179728191 0.016873205080628395 4438
1783179728197 0.04276704043149948 4439
1783179728209 0.25284308195114136 4440
1783179728214 0.21875981986522675 4441
1783179728226 0.1137494444847107 4442
1783179728291 0.0598212331533432 4443
1783179728303 0.10159781575202942 4444
1783179728310 0.08183050155639648 4445
1783179728316 0.0196588933467865 4446
1783179728321 0.028731955215334892 4447
1783179728330 0.007942511700093746 4448
1783179728336 0.05183149874210358 4449
1783179728341 0.1803283393383026 4450
1783179728348 0.07576658576726913 4451
1783179728355 0.11876900494098663 4452
1783179728361 0.09408562630414963 4453
1783179728367 0.11846628040075302 4454
1783179728377 0.13145920634269714 4455
1783179728385 0.19475358724594116 4456
1783179728401 0.0664595365524292 4457
1783179728415 0.090585857629776 4458
1783179728426 0.08596904575824738 4459
1783179728439 0.25494295358657837 4460
1783179728450 0.1383713036775589 4461
1783179728462 0.11665909737348557 4462
1783179728473 0.37748485803604126 4463
1783179728485 0.1140122041106224 4464
1783179728582 0.03614175319671631 4465
1783179728596 0.05780496448278427 4466
1783179728608 0.1666257530450821 4467
1783179728711 0.08966311067342758 4468
1783179728743 0.06244271248579025 4469
1783179728780 0.13519909977912903 4470
1783179728805 0.03296547383069992 4471
1783179728815 0.1658298522233963 4472
1783179728826 0.42961156368255615 4473
1783179728832 0.05119585618376732 4474
1783179728838 0.20782576501369476 4475
1783179728845 0.11474858969449997 4476
1783179728850 0.01636604219675064 4477
1783179728857 0.07865744084119797 4478
1783179728958 0.12286294996738434 4479
1783179729001 0.0630960613489151 4480
1783179729014 0.07609904557466507 4481
1783179729025 0.058816324919462204 4482
1783179729038 0.0452769510447979 4483
1783179729048 0.22136317193508148 4484
1783179729060 0.28008100390434265 4485
1783179729072 0.10770620405673981 4486
1783179729083 0.0076081217266619205 4487
1783179729097 0.03492302820086479 4488
1783179729113 0.22119371592998505 4489
1783179729224 0.010998771525919437 4490
1783179729326 0.1638285517692566 4491
1783179729435 0.048843372613191605 4492
1783179729539 0.17956729233264923 4493
1783179729596 0.25572389364242554 4494
1783179729632 0.13334453105926514 4495
1783179729658 0.06184116750955582 4496
1783179729677 0.09414703398942947 4497
1783179729709 0.02798921801149845 4498
1783179729716 0.015404386445879936 4499
1783179729722 0.013128259219229221 4500
1783179729828 0.06460155546665192 4501
1783179729920 0.012651694938540459 4502
1783179729927 0.11747872829437256 4503
1783179729932 0.04281986504793167 4504
1783179730031 0.07290186733007431 4505
1783179730125 0.006528344936668873 4506
1783179730226 0.16691799461841583 4507
1783179730326 0.02213139645755291 4508
1783179730430 0.09150664508342743 4509
1783179730540 0.024877289310097694 4510
1783179730650 0.1203879714012146 4511
1783179730774 0.10141021013259888 4512
1783179730878 0.09946237504482269 4513
1783179730983 0.26048922538757324 4514
1783179731085 0.19366098940372467 4515
1783179731187 0.06394542008638382 4516
1783179731290 0.0315273255109787 4517
1783179731392 0.11019396036863327 4518
1783179731494 0.007904989644885063 4519
1783179731593 0.06401097029447556 4520
1783179731605 0.21563181281089783 4521
1783179731623 0.07326048612594604 4522
1783179731634 0.0619327649474144 4523
1783179731648 0.16918906569480896 4524
1783179731656 0.032784201204776764 4525
1783179731664 0.011062825098633766 4526
1783179731670 0.02049950696527958 4527
1783179731677 0.2818104028701782 4528
1783179731684 0.007416688837110996 4529
1783179731714 0.10999277234077454 4530
1783179731731 0.04475369676947594 4531
1783179731738 0.03140988200902939 4532
1783179731744 0.028763756155967712 4533
1783179731749 0.03925333917140961 4534
1783179731755 0.060043975710868835 4535
1783179731761 0.012928083539009094 4536
1783179731767 0.024992752820253372 4537
1783179731773 0.006516174878925085 4538
1783179731780 0.063277967274189 4539
1783179731785 0.13896578550338745 4540
1783179731791 0.03719676285982132 4541
1783179731797 0.0937163233757019 4542
1783179731803 0.04706869646906853 4543
1783179731860 0.0432254858314991 4544
1783179731956 0.016200533136725426 4545
1783179731980 0.16880564391613007 4546
1783179732081 0.0946844220161438 4547
1783179732178 0.19950853288173676 4548
1783179732274 0.21101364493370056 4549
1783179732362 0.01601824164390564 4550
1783179732463 0.06111183017492294 4551
1783179732559 0.1163983941078186 4552
1783179732653 0.016483671963214874 4553
1783179732749 0.04312548413872719 4554
1783179732793 0.02060152404010296 4555
1783179732891 0.14818401634693146 4556
1783179732988 0.06280013918876648 4557
1783179733087 0.10367035865783691 4558
1783179733190 0.09836485981941223 4559
1783179733293 0.32003915309906006 4560
1783179733392 0.11685498803853989 4561
1783179733502 0.20432884991168976 4562
1783179733601 0.08620406687259674 4563
1783179733645 0.1793578714132309 4564
1783179733662 0.05185174196958542 4565
1783179733686 0.004036128520965576 4566
1783179733711 0.11361038684844971 4567
1783179733722 0.026049481704831123 4568
1783179733733 0.15762706100940704 4569
1783179733750 0.13038454949855804 4570
1783179733767 0.0029701644089072943 4571
1783179733821 0.3267267346382141 4572
1783179733837 0.18521471321582794 4573
1783179733856 0.07077322900295258 4574
1783179733862 0.026117758825421333 4575
1783179733878 0.030973833054304123 4576
1783179733930 0.09112118929624557 4577
1783179733970 0.13553816080093384 4578
1783179734002 0.1258382350206375 4579
1783179734010 0.2372893989086151 4580
1783179734034 0.021269764751195908 4581
1783179734065 0.023207329213619232 4582
1783179734139 0.06668566167354584 4583
1783179734146 0.004391927272081375 4584
1783179734239 0.04680289328098297 4585
1783179734334 0.15075059235095978 4586
1783179734366 0.034420937299728394 4587
1783179734373 0.09527517110109329 4588
1783179734398 0.06261643022298813 4589
1783179734404 0.01441044919192791 4590
1783179734409 0.06293205916881561 4591
1783179734426 0.1713312268257141 4592
1783179734436 0.40629661083221436 4593
1783179734447 0.38074058294296265 4594
1783179734453 0.1423482745885849 4595
1783179734476 0.35257503390312195 4596
1783179734510 0.19879452884197235 4597
1783179734515 0.06454118341207504 4598
1783179734522 0.02295013703405857 4599
1783179734529 0.043942660093307495 4600
1783179734534 0.009629328735172749 4601
1783179734542 0.08252932131290436 4602
1783179734548 0.028286173939704895 4603
1783179734567 0.013480744324624538 4604
1783179734572 0.8182516694068909 4605
1783179734577 0.01287658978253603 4606
1783179734583 0.13489040732383728 4607
1783179734587 0.018548060208559036 4608
1783179734594 0.20051485300064087 4609
1783179734601 0.09490083903074265 4610
1783179734608 0.2354927957057953 4611
1783179734614 0.2715928852558136 4612
1783179734624 0.08528538048267365 4613
1783179734636 0.1961900293827057 4614
1783179734654 0.040436699986457825 4615
1783179734663 0.05346153303980827 4616
1783179734670 0.20236919820308685 4617
1783179734675 0.0968758687376976 4618
1783179734684 0.05797591060400009 4619
1783179734689 0.046015650033950806 4620
1783179734696 0.1365758627653122 4621
1783179734700 0.17818698287010193 4622
1783179734708 0.017627684399485588 4623
1783179734729 0.03432547301054001 4624
1783179734734 0.1445550173521042 4625
1783179734740 0.17785662412643433 4626
1783179734747 0.043347567319869995 4627
1783179734752 0.024469006806612015 4628
1783179734759 0.059840720146894455 4629
1783179734763 0.05762534588575363 4630
1783179734767 0.35689860582351685 4631
1783179734772 0.08741654455661774 4632
1783179734781 0.04690040647983551 4633
1783179734786 0.07377465814352036 4634
1783179734793 0.015588442794978619 4635
1783179734802 0.026470346376299858 4636
1783179734809 0.07424036413431168 4637
1783179734819 0.10471650213003159 4638
1783179734823 0.025414273142814636 4639
1783179734827 0.0265321284532547 4640
1783179734831 0.10724175721406937 4641
1783179734837 0.01699661836028099 4642
1783179734849 0.18617236614227295 4643
1783179734860 0.2362368404865265 4644
1783179734867 0.08796324580907822 4645
1783179734871 0.07821836322546005 4646
1783179734880 0.058361805975437164 4647
1783179734891 0.2598814070224762 4648
1783179734898 0.07184498012065887 4649
1783179734906 0.05215206369757652 4650
1783179734915 0.1883063167333603 4651
1783179734924 0.11134985834360123 4652
1783179734934 0.12717926502227783 4653
1783179734940 0.24279369413852692 4654
1783179734951 0.4131694436073303 4655
1783179734962 0.03630903735756874 4656
1783179734967 0.3146184980869293 4657
1783179734973 0.08378927409648895 4658
1783179734980 0.026976630091667175 4659
1783179734995 0.14051304757595062 4660
1783179734999 0.1426628828048706 4661
1783179735005 0.05043947696685791 4662
1783179735013 0.31905877590179443 4663
1783179735018 0.08685949444770813 4664
1783179735024 0.1889672577381134 4665
1783179735030 0.12815339863300323 4666
1783179735036 0.01793130673468113 4667
1783179735043 0.06273049861192703 4668
1783179735048 0.23297396302223206 4669
1783179735054 0.07730437070131302 4670
1783179735059 0.06474161148071289 4671
1783179735067 0.11259688436985016 4672
1783179735073 0.01131921261548996 4673
1783179735080 0.06830254942178726 4674
1783179735086 0.03853115066885948 4675
1783179735090 0.021887797862291336 4676
1783179735093 0.10187980532646179 4677
1783179735099 0.06784272193908691 4678
1783179735105 0.19474470615386963 4679
1783179735111 0.060651686042547226 4680
1783179735117 0.02726547047495842 4681
1783179735123 0.200059711933136 4682
1783179735129 0.058267299085855484 4683
1783179735134 0.008865505456924438 4684
1783179735140 0.0420842207968235 4685
1783179735151 0.1023305207490921 4686
1783179735157 0.0667373389005661 4687
1783179735167 0.1760832667350769 4688
1783179735173 0.16195423901081085 4689
1783179735181 0.1492498219013214 4690
1783179735195 0.037244800478219986 4691
1783179735200 0.31513500213623047 4692
1783179735214 0.08336450904607773 4693
1783179735224 0.0978962704539299 4694
1783179735235 0.3045926094055176 4695
1783179735240 0.18382978439331055 4696
1783179735247 0.07488766312599182 4697
1783179735253 0.09909636527299881 4698
1783179735259 0.09597570449113846 4699
1783179735263 0.36178267002105713 4700
1783179735267 0.018581537529826164 4701
1783179735273 0.09931080043315887 4702
1783179735280 0.11146797984838486 4703
1783179735286 0.06196301057934761 4704
1783179735290 0.1397780030965805 4705
1783179735296 0.017855891957879066 4706
1783179735303 0.27689701318740845 4707
1783179735313 0.1925617903470993 4708
1783179735318 0.10338957607746124 4709
1783179735323 0.21697254478931427 4710
1783179735335 0.08108720183372498 4711
1783179735341 0.05099659785628319 4712
1783179735347 0.30103397369384766 4713
1783179735466 0.032530371099710464 4714
1783179735577 0.042862001806497574 4715
1783179735672 0.08017551153898239 4716
1783179735774 0.2785119116306305 4717
1783179735805 0.01981692761182785 4718
1783179735810 0.24038201570510864 4719
1783179735815 0.2773847281932831 4720
1783179735829 0.028643978759646416 4721
1783179735923 0.12009387463331223 4722
1783179736016 0.1797976940870285 4723
1783179736115 0.009584642015397549 4724
1783179736184 0.076312355697155 4725
1783179736190 0.056130312383174896 4726
1783179736197 0.17927010357379913 4727
1783179736203 0.013174772262573242 4728
1783179736209 0.2648448348045349 4729
1783179736215 0.16659362614154816 4730
1783179736295 0.21174827218055725 4731
1783179736305 0.3260020911693573 4732
1783179736381 0.06726048141717911 4733
1783179736467 0.042128197848796844 4734
1783179736476 0.061186566948890686 4735
1783179736485 0.11744493246078491 4736
1783179736491 0.18117792904376984 4737
1783179736497 0.0965539738535881 4738
1783179736502 0.05633219704031944 4739
1783179736509 0.020287014544010162 4740
1783179736515 0.07520486414432526 4741
1783179736521 0.1340447962284088 4742
1783179736527 0.1783025860786438 4743
1783179736538 0.021050728857517242 4744
1783179736578 0.050350215286016464 4745
1783179736596 0.0828794613480568 4746
1783179736700 0.18850623071193695 4747
1783179736758 0.01936735212802887 4748
1783179736837 0.14567476511001587 4749
1783179736849 0.009081863798201084 4750
1783179736856 0.01627703383564949 4751
1783179736868 0.1067037358880043 4752
1783179736875 0.06227128580212593 4753
1783179736880 0.1932373344898224 4754
1783179736885 0.011565176770091057 4755
1783179736896 0.07481180131435394 4756
1783179736902 0.11986692249774933 4757
1783179737004 0.26472851634025574 4758
1783179737041 0.08063991367816925 4759
1783179737143 0.03735378757119179 4760
1783179737169 0.07792013138532639 4761
1783179737188 0.24684420228004456 4762
1783179737274 0.05653771758079529 4763
1783179737323 0.028022494167089462 4764
1783179737329 0.08001993596553802 4765
1783179737340 0.12841427326202393 4766
1783179737352 0.21186049282550812 4767
1783179737398 0.022328635677695274 4768
1783179737403 0.04476619511842728 4769
1783179737412 0.10112638771533966 4770
1783179737498 0.030143525451421738 4771
1783179737540 0.19425977766513824 4772
1783179737560 0.03772467374801636 4773
1783179737576 0.07246148586273193 4774
1783179737673 0.18204054236412048 4775
1783179737765 0.019279874861240387 4776
1783179737852 0.127547949552536 4777
1783179737954 0.08370129764080048 4778
1783179738045 0.09309433400630951 4779
1783179738145 0.06579283624887466 4780
1783179738251 0.024348486214876175 4781
1783179738358 0.2657361328601837 4782
1783179738461 0.01752411015331745 4783
1783179738568 0.15919102728366852 4784
1783179738668 0.05593879893422127 4785
1783179738765 0.07436539977788925 4786
1783179738870 0.008111088536679745 4787
1783179738972 0.2708680033683777 4788
1783179739068 0.08758816868066788 4789
1783179739078 0.031839098781347275 4790
1783179739093 0.04015418887138367 4791
1783179739107 0.0959104672074318 4792
1783179739114 0.06553126871585846 4793
1783179739204 0.0013803767506033182 4794
1783179739214 0.09191325306892395 4795
1783179739220 0.12015383690595627 4796
1783179739227 0.01669626124203205 4797
1783179739233 0.02602379210293293 4798
1783179739327 0.08865094929933548 4799
1783179739425 0.0259457528591156 4800
1783179739501 0.018295222893357277 4801
1783179739505 0.29256948828697205 4802
1783179739511 0.06420429050922394 4803
1783179739516 0.08581118285655975 4804
1783179739523 0.018738988786935806 4805
1783179739528 0.07548067718744278 4806
1783179739535 0.03436612710356712 4807
1783179739540 0.0369119793176651 4808
1783179739547 0.06364884227514267 4809
1783179739560 0.08896169066429138 4810
1783179739567 0.24320480227470398 4811
1783179739572 0.03936523571610451 4812
1783179739578 0.06909728795289993 4813
1783179739584 0.007522860541939735 4814
1783179739591 0.05234554037451744 4815
1783179739602 0.1341167390346527 4816
1783179739610 0.017444556578993797 4817
1783179739635 0.032820284366607666 4818
1783179739645 0.3524194657802582 4819
1783179739656 0.08575048297643661 4820
1783179739667 0.04274607077240944 4821
1783179739674 0.0898585170507431 4822
1783179739688 0.038118135184049606 4823
1783179739699 0.21771791577339172 4824
1783179739711 0.26681873202323914 4825
1783179739722 0.23494815826416016 4826
1783179739773 0.04302508756518364 4827
1783179739842 0.026103470474481583 4828
1783179739861 0.055137280374765396 4829
1783179739872 0.05150555819272995 4830
1783179739878 0.40898236632347107 4831
1783179739889 0.032046884298324585 4832
1783179739909 0.203425332903862 4833
1783179739914 0.04819346219301224 4834
1783179739920 0.07701437175273895 4835
1783179739932 0.2797390818595886 4836
1783179739940 0.030172869563102722 4837
1783179739946 0.04373122751712799 4838
1783179739950 0.1264842301607132 4839
1783179739953 0.20473936200141907 4840
1783179739957 0.3796023726463318 4841
1783179739962 0.1430995613336563 4842
1783179740035 0.28459951281547546 4843
1783179740045 0.026715630665421486 4844
1783179740052 0.048210471868515015 4845
1783179740059 0.19302459061145782 4846
1783179740078 0.2981092035770416 4847
1783179740084 0.24152089655399323 4848
1783179740091 0.12880195677280426 4849
1783179740094 0.13752628862857819 4850
1783179740101 0.10092516988515854 4851
1783179740106 0.022379688918590546 4852
1783179740111 0.175508052110672 4853
1783179740117 0.11494284123182297 4854
1783179740123 0.1095840111374855 4855
1783179740132 0.32135528326034546 4856
1783179740137 0.14657016098499298 4857
1783179740217 0.02613784745335579 4858
1783179740223 0.12685386836528778 4859
1783179740231 0.11209329217672348 4860
1783179740243 0.1426100730895996 4861
1783179740249 0.06771588325500488 4862
1783179740291 0.028418004512786865 4863
1783179740331 0.14163106679916382 4864
1783179740419 0.05591917410492897 4865
1783179740432 0.12093134224414825 4866
1783179740450 0.36762917041778564 4867
1783179740463 0.15988527238368988 4868
1783179740467 0.02706875279545784 4869
1783179740557 0.055848635733127594 4870
1783179740563 0.15459711849689484 4871
1783179740571 0.053707435727119446 4872
1783179740575 0.03731563687324524 4873
1783179740588 0.03433586284518242 4874
1783179740646 0.046469658613204956 4875
1783179740656 0.15859149396419525 4876
1783179740661 0.028206808492541313 4877
1783179740673 0.07884559780359268 4878
1783179740681 0.09047994017601013 4879
1783179740694 0.15537413954734802 4880
1783179740706 0.04964059218764305 4881
1783179740780 0.011017250828444958 4882
1783179740792 0.003632897976785898 4883
1783179740798 0.33256086707115173 4884
1783179740802 0.04032079875469208 4885
1783179740807 0.10674966126680374 4886
1783179740817 0.020726403221488 4887
1783179740826 0.19750232994556427 4888
1783179740830 0.43843215703964233 4889
1783179740840 0.02624537982046604 4890
1783179740902 0.03907211497426033 4891
1783179740906 0.054972708225250244 4892
1783179740916 0.11334751546382904 4893
1783179740923 0.07011942565441132 4894
1783179740933 0.0821077972650528 4895
1783179740947 0.07586748898029327 4896
1783179740954 0.25143924355506897 4897
1783179740960 0.021036844700574875 4898
1783179740966 0.047441355884075165 4899
1783179740977 0.06585225462913513 4900
1783179740994 0.13359105587005615 4901
1783179741002 0.05772857367992401 4902
1783179741035 0.047893211245536804 4903
1783179741049 0.12346723675727844 4904
1783179741100 0.15577465295791626 4905
1783179741195 0.06820164620876312 4906
1783179741202 0.32290464639663696 4907
1783179741208 0.07274992763996124 4908
1783179741213 0.08506949245929718 4909
1783179741222 0.2342022955417633 4910
1783179741226 0.184334859251976 4911
1783179741233 0.06973815709352493 4912
1783179741240 0.05724102631211281 4913
1783179741245 0.16804122924804688 4914
1783179741333 0.24283570051193237 4915
1783179741367 0.2209552526473999 4916
1783179741445 0.13197308778762817 4917
1783179741562 0.17819195985794067 4918
1783179741657 0.2461492121219635 4919
1783179741673 0.08648451417684555 4920
1783179741679 0.10096438229084015 4921
1783179741684 0.10798066109418869 4922
1783179741693 0.08232535421848297 4923
1783179741708 0.1310458779335022 4924
1783179741714 0.08163474500179291 4925
1783179741732 0.2992742955684662 4926
1783179741739 0.06239596754312515 4927
1783179741743 0.01684524677693844 4928
1783179741749 0.23065195977687836 4929
1783179741755 0.1111597865819931 4930
1783179741769 0.05400025472044945 4931
1783179741776 0.12652361392974854 4932
1783179741804 0.129579558968544 4933
1783179741830 0.1427621841430664 4934
1783179741839 0.08973225951194763 4935
1783179741866 0.1746983826160431 4936
1783179741872 0.13746653497219086 4937
1783179741900 0.07407350838184357 4938
1783179741911 0.024667177349328995 4939
1783179741927 0.03564603254199028 4940
1783179741932 0.04632917791604996 4941
1783179741937 0.13949432969093323 4942
1783179741954 0.17422513663768768 4943
1783179741961 0.05334365367889404 4944
1783179741966 0.027856023982167244 4945
1783179741973 0.12813988327980042 4946
1783179741979 0.006133615039288998 4947
1783179741986 0.08554132282733917 4948
1783179741990 0.1905241459608078 4949
1783179741996 0.01812076009809971 4950
1783179742002 0.07024382799863815 4951
1783179742009 0.044188763946294785 4952
1783179742015 0.02718518115580082 4953
1783179742027 0.119786337018013 4954
1783179742039 0.031741779297590256 4955
1783179742046 0.03953724727034569 4956
1783179742053 0.05954083427786827 4957
1783179742057 0.06815015524625778 4958
1783179742063 0.045802049338817596 4959
1783179742070 0.2824733853340149 4960
1783179742121 0.24191857874393463 4961
1783179742129 0.0770014077425003 4962
1783179742134 0.14268900454044342 4963
1783179742140 0.07113881409168243 4964
1783179742146 0.008835176937282085 4965
1783179742152 0.13714390993118286 4966
1783179742158 0.062038354575634 4967
1783179742163 0.06407957524061203 4968
1783179742170 0.016806570813059807 4969
1783179742174 0.06359828263521194 4970
1783179742182 0.14805097877979279 4971
1783179742188 0.00884433463215828 4972
1783179742193 0.009120220318436623 4973
1783179742199 0.005983900744467974 4974
1783179742204 0.015396267175674438 4975
1783179742213 0.23980197310447693 4976
1783179742218 0.06774033606052399 4977
1783179742224 0.11903982609510422 4978
1783179742229 0.04338916018605232 4979
1783179742236 0.24735572934150696 4980
1783179742243 0.06696059554815292 4981
1783179742248 0.09695500880479813 4982
1783179742256 0.5011028051376343 4983
1783179742263 0.04505477100610733 4984
1783179742271 0.3347927927970886 4985
1783179742277 0.12056627124547958 4986
1783179742281 0.024221107363700867 4987
1783179742287 0.04041753709316254 4988
1783179742292 0.1480139046907425 4989
1783179742298 0.07234597206115723 4990
1783179742305 0.07556481659412384 4991
1783179742309 0.18189112842082977 4992
1783179742321 0.390137642621994 4993
1783179742327 0.3471198081970215 4994
1783179742331 0.175082266330719 4995
1783179742336 0.02756858617067337 4996
1783179742348 0.21954767405986786 4997
1783179742358 0.1271514892578125 4998
1783179742366 0.12724299728870392 4999
1783179742373 0.009743373841047287 5000
1783179742399 0.07207728922367096 5001
1783179742420 0.05318998172879219 5002
1783179742426 0.06413359940052032 5003
1783179742433 0.13881990313529968 5004
1783179742442 0.011676909402012825 5005
1783179742454 0.31159093976020813 5006
1783179742463 0.0951729565858841 5007
1783179742470 0.001360525144264102 5008
1783179742475 0.05463142320513725 5009
1783179742562 0.04171784222126007 5010
1783179742566 0.16132237017154694 5011
1783179742578 0.3210972845554352 5012
1783179742589 0.14201711118221283 5013
1783179742611 0.1565917730331421 5014
1783179742628 0.1222178116440773 5015
1783179742637 0.06209885701537132 5016
1783179742643 0.04530159756541252 5017
1783179742656 0.07242041081190109 5018
1783179742669 0.00967948418110609 5019
1783179742674 0.16771119832992554 5020
1783179742680 0.015939008444547653 5021
1783179742747 0.025525351986289024 5022
1783179742768 0.0652015283703804 5023
1783179742773 0.035747967660427094 5024
1783179742779 0.017288682982325554 5025
1783179742785 0.06292150914669037 5026
1783179742791 0.082100048661232 5027
1783179742805 0.06830143928527832 5028
1783179742812 0.08491899073123932 5029
1783179742818 0.07591864466667175 5030
1783179742881 0.07765545696020126 5031
1783179742895 0.013118075206875801 5032
1783179742939 0.04187248274683952 5033
1783179742945 0.06525328010320663 5034
1783179743022 0.06562182307243347 5035
1783179743028 0.14764192700386047 5036
1783179743045 0.22612176835536957 5037
1783179743055 0.13081637024879456 5038
1783179743071 0.2692616283893585 5039
1783179743077 0.027718396857380867 5040
1783179743083 0.02547244168817997 5041
1783179743088 0.216401144862175 5042
1783179743094 0.008537063375115395 5043
1783179743101 0.01075701229274273 5044
1783179743107 0.08943426609039307 5045
1783179743112 0.1396992951631546 5046
1783179743119 0.1123010665178299 5047
1783179743122 0.1061350405216217 5048
1783179743127 0.0024066343903541565 5049
1783179743132 0.09145916998386383 5050
1783179743139 0.4305959939956665 5051
1783179743144 0.07234282046556473 5052
1783179743151 0.26764628291130066 5053
1783179743155 0.14874620735645294 5054
1783179743164 0.05386335775256157 5055
1783179743185 0.1418740600347519 5056
1783179743191 0.05798425152897835 5057
1783179743218 0.03203853219747543 5058
1783179743247 0.013215925544500351 5059
1783179743254 0.15074999630451202 5060
1783179743258 0.039621222764253616 5061
1783179743348 0.17431998252868652 5062
1783179743432 0.05865003541111946 5063
1783179743510 0.04579489305615425 5064
1783179743595 0.443384051322937 5065
1783179743678 0.15315136313438416 5066
1783179743755 0.03994234651327133 5067
1783179743850 0.13960205018520355 5068
1783179743941 0.03812232241034508 5069
1783179744020 0.030586665496230125 5070
1783179744068 0.09831009060144424 5071
1783179744082 0.11596821248531342 5072
1783179744095 0.09328403323888779 5073
1783179744102 0.10710617899894714 5074
1783179744109 0.07268530875444412 5075
1783179744141 0.22848334908485413 5076
1783179744187 0.2369120866060257 5077
1783179744281 0.13510671257972717 5078
1783179744295 0.20520325005054474 5079
1783179744390 0.15362174808979034 5080
1783179744468 0.011668501421809196 5081
1783179744481 0.19264984130859375 5082
1783179744572 0.019723495468497276 5083
1783179744593 0.2695429027080536 5084
1783179744610 0.09373968094587326 5085
1783179744624 0.05039575695991516 5086
1783179744635 0.011887488886713982 5087
1783179744653 0.17800280451774597 5088
1783179744659 0.020975936204195023 5089
1783179744665 0.29570358991622925 5090
1783179744693 0.09538254886865616 5091
1783179744700 0.10490673035383224 5092
1783179744706 0.3453015387058258 5093
1783179744712 0.06868123263120651 5094
1783179744725 0.13031227886676788 5095
1783179744732 0.05931853875517845 5096
1783179744738 0.17450706660747528 5097
1783179744743 0.16950012743473053 5098
1783179744750 0.06785091012716293 5099
1783179744755 0.06052226200699806 5100
1783179744762 0.4266040027141571 5101
1783179744775 0.01567849889397621 5102
1783179744779 0.03174169734120369 5103
1783179744783 0.11033215373754501 5104
1783179744789 0.06135294586420059 5105
1783179744799 0.1079006940126419 5106
1783179744805 0.040272306650877 5107
1783179744816 0.023845870047807693 5108
1783179744832 0.15332554280757904 5109
1783179744845 0.04578230902552605 5110
1783179744862 0.2447798252105713 5111
1783179744872 0.11450882256031036 5112
1783179744894 0.007077711168676615 5113
1783179744900 0.022267380729317665 5114
1783179744975 0.14394837617874146 5115
1783179744984 0.11104115098714828 5116
1783179744989 0.021643901243805885 5117
1783179745017 0.10815241187810898 5118
1783179745023 0.059379540383815765 5119
1783179745063 0.07276598364114761 5120
1783179745076 0.16197820007801056 5121
1783179745081 0.09018904715776443 5122
1783179745089 0.5384844541549683 5123
1783179745095 0.030445842072367668 5124
1783179745118 0.10993915051221848 5125
1783179745205 0.01162458024919033 5126
1783179745221 0.04357844218611717 5127
1783179745265 0.07860502600669861 5128
1783179745272 0.03895438835024834 5129
1783179745282 0.04384178668260574 5130
1783179745296 0.061197564005851746 5131
1783179745304 0.05618610978126526 5132
1783179745308 0.34199365973472595 5133
1783179745314 0.16921429336071014 5134
1783179745323 0.07957207411527634 5135
1783179745332 0.005610483232885599 5136
1783179745338 0.06560850888490677 5137
1783179745344 0.02320641651749611 5138
1783179745350 0.038253482431173325 5139
1783179745363 0.017263326793909073 5140
1783179745372 0.00908683706074953 5141
1783179745381 0.03434166684746742 5142
1783179745392 0.10534623265266418 5143
1783179745401 0.07646334171295166 5144
1783179745408 0.055031001567840576 5145
1783179745423 0.029557015746831894 5146
1783179745427 0.285419762134552 5147
1783179745434 0.11135611683130264 5148
1783179745439 0.02829742804169655 5149
1783179745445 0.09551577270030975 5150
1783179745459 0.09748924523591995 5151
1783179745463 0.018613506108522415 5152
1783179745469 0.021735750138759613 5153
1783179745475 0.013657995499670506 5154
1783179745481 0.1251121163368225 5155
1783179745493 0.08503440022468567 5156
1783179745499 0.06620873510837555 5157
1783179745505 0.036395762115716934 5158
1783179745513 0.17218828201293945 5159
1783179745517 0.027422159910202026 5160
1783179745524 0.10120104253292084 5161
1783179745529 0.1837521642446518 5162
1783179745536 0.005596992559731007 5163
1783179745543 0.07119301706552505 5164
1783179745547 0.0991690456867218 5165
1783179745560 0.09147721529006958 5166
1783179745565 0.06375247240066528 5167
1783179745573 0.0037711872719228268 5168
1783179745577 0.20019951462745667 5169
1783179745583 0.04950617626309395 5170
1783179745589 0.04826289415359497 5171
1783179745595 0.048500046133995056 5172
1783179745609 0.21245405077934265 5173
1783179745624 0.09319322556257248 5174
1783179745650 0.07741227000951767 5175
1783179745656 0.20836812257766724 5176
1783179745669 0.1775633841753006 5177
1783179745679 0.10759478062391281 5178
1783179745708 0.20193691551685333 5179
1783179745767 0.12184232473373413 5180
1783179745860 0.3198734223842621 5181
1783179745960 0.05108864605426788 5182
1783179746046 0.024332962930202484 5183
1783179746147 0.21779462695121765 5184
1783179746250 0.13511811196804047 5185
1783179746267 0.05020536854863167 5186
1783179746365 0.07663986086845398 5187
1783179746370 0.0778793916106224 5188
1783179746379 0.045339435338974 5189
1783179746384 0.025315364822745323 5190
1783179746391 0.0957573875784874 5191
1783179746403 0.30793315172195435 5192
1783179746472 0.02375844120979309 5193
1783179746479 0.02395540289580822 5194
1783179746486 0.15979842841625214 5195
1783179746492 0.1956985890865326 5196
1783179746498 0.03434516489505768 5197
1783179746503 0.010090405121445656 5198
1783179746509 0.05293179303407669 5199
1783179746516 0.14485633373260498 5200
1783179746521 0.19058085978031158 5201
1783179746528 0.15428003668785095 5202
1783179746544 0.10836153477430344 5203
1783179746552 0.176528662443161 5204
1783179746625 0.0674937441945076 5205
1783179746687 0.2187720388174057 5206
1783179746696 0.06742290407419205 5207
1783179746710 0.011613158509135246 5208
1783179746717 0.06554944813251495 5209
1783179746817 0.05248848721385002 5210
1783179746905 0.22654931247234344 5211
1783179746926 0.05709192901849747 5212
1783179746934 0.11972659081220627 5213
1783179746945 0.17146211862564087 5214
1783179746962 0.05654294416308403 5215
1783179746984 0.024539263918995857 5216
1783179747034 0.06062247231602669 5217
1783179747089 0.04808449745178223 5218
1783179747095 0.07966554909944534 5219
1783179747102 0.0825379267334938 5220
1783179747109 0.24123775959014893 5221
1783179747115 0.23314978182315826 5222
1783179747144 0.13094845414161682 5223
1783179747148 0.07683631777763367 5224
1783179747155 0.05758180469274521 5225
1783179747245 0.006545434705913067 5226
1783179747344 0.28381022810935974 5227
1783179747430 0.21742980182170868 5228
1783179747521 0.14204192161560059 5229
1783179747562 0.12119536846876144 5230
1783179747578 0.04670298844575882 5231
1783179747584 0.4978835880756378 5232
1783179747591 0.027643904089927673 5233
1783179747595 0.20858041942119598 5234
1783179747601 0.19758379459381104 5235
1783179747609 0.09377427399158478 5236
1783179747614 0.05107024312019348 5237
1783179747622 0.07780599594116211 5238
1783179747627 0.0061541106551885605 5239
1783179747634 0.019180256873369217 5240
1783179747640 0.08599068969488144 5241
1783179747646 0.1265871822834015 5242
1783179747651 0.3995359241962433 5243
1783179747658 0.04407573118805885 5244
1783179747721 0.03506290912628174 5245
1783179747727 0.14958830177783966 5246
1783179747736 0.11963459849357605 5247
1783179747743 0.0124099375680089 5248
1783179747760 0.2657087445259094 5249
1783179747764 0.12758460640907288 5250
1783179747859 0.009498987346887589 5251
1783179747954 0.08452077955007553 5252
1783179748044 0.12768737971782684 5253
1783179748138 0.04499364271759987 5254
1783179748236 0.09800148010253906 5255
1783179748327 0.0434720404446125 5256
1783179748420 0.1151912659406662 5257
1783179748456 0.024928618222475052 5258
1783179748460 0.01769164204597473 5259
1783179748466 0.0952504500746727 5260
1783179748477 0.03366401419043541 5261
1783179748496 0.12190186977386475 5262
1783179748527 0.06588107347488403 5263
1783179748533 0.045605532824993134 5264
1783179748540 0.20489385724067688 5265
1783179748639 0.1725025773048401 5266
1783179748735 0.20730425417423248 5267
1783179748828 0.13846781849861145 5268
1783179748922 0.21056804060935974 5269
1783179749013 0.02638874389231205 5270
1783179749095 0.10734397917985916 5271
1783179749188 0.049609895795583725 5272
1783179749295 0.11750434339046478 5273
1783179749389 0.03290057182312012 5274
1783179749446 0.1475232094526291 5275
1783179749497 0.04102742299437523 5276
1783179749503 0.06189562752842903 5277
1783179749514 0.11662035435438156 5278
1783179749521 0.08071518689393997 5279
1783179749527 0.028757508844137192 5280
1783179749532 0.0738152414560318 5281
1783179749543 0.1763952374458313 5282
1783179749609 0.013135920278728008 5283
1783179749615 0.025589067488908768 5284
1783179749621 0.06555946171283722 5285
1783179749627 0.002945092972368002 5286
1783179749638 0.12046300619840622 5287
1783179749644 0.21727606654167175 5288
1783179749649 0.19519038498401642 5289
1783179749661 0.36078986525535583 5290
1783179749681 0.23878909647464752 5291
1783179749685 0.21641291677951813 5292
1783179749703 0.18314369022846222 5293
1783179749710 0.06521188467741013 5294
1783179749716 0.029638366773724556 5295
1783179749722 0.3253210783004761 5296
1783179749728 0.037417538464069366 5297
1783179749746 0.08971258252859116 5298
1783179749796 0.028081512078642845 5299
1783179749802 0.03951636701822281 5300
1783179749811 0.041801076382398605 5301
1783179749816 0.16432715952396393 5302
1783179749823 0.05356163904070854 5303
1783179749897 0.023126432672142982 5304
1783179749902 0.06468386203050613 5305
1783179749908 0.12523499131202698 5306
1783179749913 0.04748452082276344 5307
1783179749919 0.44129952788352966 5308
1783179749926 0.5006253719329834 5309
1783179749931 0.031091658398509026 5310
1783179749937 0.032407041639089584 5311
1783179749961 0.04723389446735382 5312
1783179749971 0.04015789180994034 5313
1783179749977 0.0469665601849556 5314
1783179749987 0.1445312798023224 5315
1783179750006 0.02911420352756977 5316
1783179750016 0.037266530096530914 5317
1783179750021 0.4876863658428192 5318
1783179750028 0.18840692937374115 5319
1783179750034 0.045941006392240524 5320
1783179750048 0.005191546864807606 5321
1783179750057 0.0780751183629036 5322
1783179750066 0.255332887172699 5323
1783179750104 0.14580543339252472 5324
1783179750150 0.09003673493862152 5325
1783179750173 0.0985301211476326 5326
1783179750179 0.13196112215518951 5327
1783179750185 0.04226409271359444 5328
1783179750197 0.1188526600599289 5329
1783179750268 0.04341693967580795 5330
1783179750275 0.02876373939216137 5331
1783179750281 0.12117265164852142 5332
1783179750311 0.056967843323946 5333
1783179750325 0.028652537614107132 5334
1783179750329 0.05839907377958298 5335
1783179750336 0.5007574558258057 5336
1783179750340 0.14745567739009857 5337
1783179750352 0.08201956748962402 5338
1783179750427 0.20511789619922638 5339
1783179750433 0.008237654343247414 5340
1783179750440 0.09679660946130753 5341
1783179750445 0.22499562799930573 5342
1783179750448 0.12956202030181885 5343
1783179750454 0.12266786396503448 5344
1783179750459 0.16646406054496765 5345
1783179750559 0.017809882760047913 5346
1783179750584 0.12353265285491943 5347
1783179750593 0.10909320414066315 5348
1783179750599 0.012304842472076416 5349
1783179750604 0.016878468915820122 5350
1783179750610 0.03416766971349716 5351
1783179750616 0.09349680691957474 5352
1783179750622 0.18092447519302368 5353
1783179750629 0.14040328562259674 5354
1783179750634 0.030370613560080528 5355
1783179750641 0.27442699670791626 5356
1783179750656 0.21059326827526093 5357
1783179750666 0.04659328609704971 5358
1783179750673 0.06687812507152557 5359
1783179750679 0.004299735650420189 5360
1783179750685 0.04250362142920494 5361
1783179750691 0.13634252548217773 5362
1783179750697 0.05669413506984711 5363
1783179750745 0.07586219906806946 5364
1783179750751 0.17697472870349884 5365
1783179750757 0.06541293114423752 5366
1783179750775 0.05154714360833168 5367
1783179750782 0.1637846827507019 5368
1783179750788 0.03393566235899925 5369
1783179750816 0.04669811204075813 5370
1783179750873 0.3404993414878845 5371
1783179750879 0.10598041117191315 5372
1783179750889 0.028455130755901337 5373
1783179750923 0.1559356153011322 5374
1783179750935 0.31686341762542725 5375
1783179750993 0.30817219614982605 5376
1783179750997 0.0074266535229980946 5377
1783179751001 0.01475769653916359 5378
1783179751007 0.05864129588007927 5379
1783179751011 0.026523178443312645 5380
1783179751017 0.004482423886656761 5381
1783179751029 0.05750986188650131 5382
1783179751107 0.22597718238830566 5383
1783179751119 0.026030225679278374 5384
1783179751137 0.10876701772212982 5385
1783179751146 0.0018492081435397267 5386
1783179751149 0.02154289372265339 5387
1783179751155 0.10392869263887405 5388
1783179751166 0.00931542832404375 5389
1783179751179 0.009430384263396263 5390
1783179751185 0.04811366647481918 5391
1783179751191 0.005616200156509876 5392
1783179751197 0.17282430827617645 5393
1783179751204 0.2646791934967041 5394
1783179751214 0.15076777338981628 5395
1783179751220 0.016292685642838478 5396
1783179751227 0.3315872251987457 5397
1783179751256 0.05192163586616516 5398
1783179751338 0.015775376930832863 5399
1783179751345 0.18920238316059113 5400
1783179751353 0.4134998321533203 5401
1783179751358 0.017980575561523438 5402
1783179751364 0.10115497559309006 5403
1783179751371 0.2905501127243042 5404
1783179751376 0.15122228860855103 5405
1783179751394 0.017398908734321594 5406
1783179751400 0.0567326545715332 5407
1783179751457 0.021823560819029808 5408
1783179751501 0.08448517322540283 5409
1783179751515 0.03004522994160652 5410
1783179751520 0.05710882693529129 5411
1783179751526 0.1953279674053192 5412
1783179751532 0.08950159698724747 5413
1783179751551 0.01453233603388071 5414
1783179751561 0.010662631131708622 5415
1783179751567 0.10043898969888687 5416
1783179751572 0.08321107923984528 5417
1783179751580 0.027747558429837227 5418
1783179751585 0.024200404062867165 5419
1783179751593 0.008834375068545341 5420
1783179751610 0.24346883594989777 5421
1783179751618 0.027532342821359634 5422
1783179751626 0.12117789685726166 5423
1783179751635 0.008496329188346863 5424
1783179751641 0.016565855592489243 5425
1783179751648 0.007014220580458641 5426
1783179751653 0.04201212897896767 5427
1783179751667 0.07435476779937744 5428
1783179751673 0.04591171443462372 5429
1783179751773 0.009241398423910141 5430
1783179751789 0.190338596701622 5431
1783179751796 0.03354121372103691 5432
1783179751804 0.15095341205596924 5433
1783179751831 0.009964934550225735 5434
1783179751835 0.01118253730237484 5435
1783179751841 0.27600228786468506 5436
1783179751846 0.024516277015209198 5437
1783179751853 0.06640849262475967 5438
1783179751858 0.019305314868688583 5439
1783179751867 0.23223096132278442 5440
1783179751871 0.03799249231815338 5441
1783179751968 0.28395912051200867 5442
1783179752073 0.09190056473016739 5443
1783179752177 0.1904759705066681 5444
1783179752277 0.40450218319892883 5445
1783179752375 0.023346999660134315 5446
1783179752476 0.3183698058128357 5447
1783179752582 0.09224504232406616 5448
1783179752600 0.026973558589816093 5449
1783179752606 0.11313636600971222 5450
1783179752618 0.07098207622766495 5451
1783179752630 0.020928477868437767 5452
1783179752655 0.052738483995199203 5453
1783179752728 0.03503730148077011 5454
1783179752739 0.11226235330104828 5455
1783179752752 0.03192519769072533 5456
1783179752768 0.09353573620319366 5457
1783179752771 0.014196759089827538 5458
1783179752776 0.0413372628390789 5459
1783179752792 0.09874767065048218 5460
1783179752796 0.022105706855654716 5461
1783179752828 0.04420173913240433 5462
1783179752845 0.3830438554286957 5463
1783179752851 0.011694503016769886 5464
1783179752857 0.047718219459056854 5465
1783179752870 0.03966914489865303 5466
1783179752881 0.07448399811983109 5467
1783179752887 0.1230727955698967 5468
1783179752892 0.07078924030065536 5469
1783179752915 0.20674192905426025 5470
1783179752921 0.10529613494873047 5471
1783179752930 0.023699874058365822 5472
1783179752936 0.019822778180241585 5473
1783179752942 0.1156563088297844 5474
1783179752954 0.017257845029234886 5475
1783179752971 0.10553578287363052 5476
1783179752976 0.049189887940883636 5477
1783179752981 0.2283363938331604 5478
1783179752987 0.2859983742237091 5479
1783179752993 0.20607587695121765 5480
1783179752998 0.0016864275094121695 5481
1783179753005 0.22445891797542572 5482
1783179753011 0.009252834133803844 5483
1783179753016 0.07820703834295273 5484
1783179753023 0.02130822464823723 5485
1783179753047 0.2989237308502197 5486
1783179753055 0.39779749512672424 5487
1783179753065 0.07728949934244156 5488
1783179753085 0.052081700414419174 5489
1783179753109 0.12448479235172272 5490
1783179753121 0.0776442140340805 5491
1783179753128 0.00894263293594122 5492
1783179753134 0.02520718425512314 5493
1783179753139 0.40234461426734924 5494
1783179753145 0.03718015179038048 5495
1783179753155 0.18293534219264984 5496
1783179753161 0.03098798356950283 5497
1783179753167 0.25506719946861267 5498
1783179753173 0.014478297904133797 5499
1783179753186 0.12824442982673645 5500
1783179753195 0.01588102988898754 5501
1783179753209 0.08685535192489624 5502
1783179753216 0.10805951058864594 5503
1783179753221 0.026882106438279152 5504
1783179753233 0.05035562440752983 5505
1783179753328 0.0905366986989975 5506
1783179753419 0.07607011497020721 5507
1783179753450 0.03862893953919411 5508
1783179753470 0.06864956021308899 5509
1783179753515 0.024625349789857864 5510
1783179753523 0.07542791217565536 5511
1783179753547 0.12025675177574158 5512
1783179753561 0.023509658873081207 5513
1783179753588 0.056856635957956314 5514
1783179753639 0.09541910886764526 5515
1783179753663 0.04392504319548607 5516
1783179753671 0.18126355111598969 5517
1783179753676 0.0060148052871227264 5518
1783179753712 0.02659481391310692 5519
1783179753717 0.2717272639274597 5520
1783179753723 0.19200702011585236 5521
1783179753740 0.00943065620958805 5522
1783179753807 0.0413079634308815 5523
1783179753817 0.05243329331278801 5524
1783179753925 0.03158491849899292 5525
1783179754016 0.09029234200716019 5526
1783179754023 0.025297414511442184 5527
1783179754054 0.0532509945333004 5528
1783179754069 0.06699004769325256 5529
1783179754083 0.14699263870716095 5530
1783179754089 0.15077325701713562 5531
1783179754097 0.21343335509300232 5532
1783179754103 0.007525569759309292 5533
1783179754109 0.027159065008163452 5534
1783179754193 0.17611579596996307 5535
1783179754201 0.026717854663729668 5536
1783179754219 0.29194939136505127 5537
1783179754225 0.01800359971821308 5538
1783179754230 0.10202095657587051 5539
1783179754242 0.00901992991566658 5540
1783179754253 0.01541330199688673 5541
1783179754274 0.14815320074558258 5542
1783179754286 0.08502443134784698 5543
1783179754295 0.033152058720588684 5544
1783179754317 0.0046409969218075275 5545
1783179754335 0.11864101141691208 5546
1783179754340 0.12585432827472687 5547
1783179754431 0.014650020748376846 5548
1783179754452 0.11029393970966339 5549
1783179754458 0.04438021034002304 5550
1783179754475 0.04556327685713768 5551
1783179754483 0.04618663340806961 5552
1783179754566 0.07703637331724167 5553
1783179754638 0.30478450655937195 5554
1783179754651 0.04776366055011749 5555
1783179754658 0.08334920555353165 5556
1783179754666 0.16382087767124176 5557
1783179754682 0.008746427483856678 5558
1783179754697 0.008059212937951088 5559
1783179754707 0.01063015591353178 5560
1783179754735 0.024239828810095787 5561
1783179754779 0.0775001123547554 5562
1783179754795 0.29309019446372986 5563
1783179754840 0.0362527072429657 5564
1783179754847 0.10123176872730255 5565
1783179754852 0.019223300740122795 5566
1783179754858 0.08756820857524872 5567
1783179754863 0.01030931156128645 5568
1783179754867 0.021069498732686043 5569
1783179754875 0.10991176217794418 5570
1783179754881 0.029039790853857994 5571
1783179754886 0.015200789086520672 5572
1783179754905 0.19788125157356262 5573
1783179754925 0.03098364919424057 5574
1783179755065 0.02588207833468914 5575
1783179755144 0.11700446158647537 5576
1783179755150 0.1566152572631836 5577
1783179755158 0.08229806274175644 5578
1783179755161 0.1280943900346756 5579
1783179755168 0.12302157282829285 5580
1783179755174 0.19998794794082642 5581
1783179755191 0.13790854811668396 5582
1783179755210 0.04575774446129799 5583
1783179755234 0.04687594249844551 5584
1783179755240 0.08924811333417892 5585
1783179755247 0.007780957035720348 5586
1783179755252 0.11997272819280624 5587
1783179755256 0.11871327459812164 5588
1783179755265 0.08639701455831528 5589
1783179755271 0.2981727123260498 5590
1783179755276 0.031037192791700363 5591
1783179755283 0.13988642394542694 5592
1783179755288 0.009997023269534111 5593
1783179755293 0.03373188152909279 5594
1783179755301 0.03686247766017914 5595
1783179755309 0.022246666252613068 5596
1783179755314 0.01056060753762722 5597
1783179755326 0.0401611328125 5598
1783179755333 0.018935903906822205 5599
1783179755337 0.024053171277046204 5600
1783179755346 0.10313107818365097 5601
1783179755359 0.37317246198654175 5602
1783179755365 0.022124217823147774 5603
1783179755477 0.2700909376144409 5604
1783179755580 0.38389062881469727 5605
1783179755681 0.13870514929294586 5606
1783179755784 0.29226556420326233 5607
1783179755885 0.19903352856636047 5608
1783179755989 0.01750326342880726 5609
1783179756095 0.04548988491296768 5610
1783179756194 0.10461005568504333 5611
1783179756301 0.41872331500053406 5612
1783179756402 0.03319976106286049 5613
1783179756509 0.16337700188159943 5614
1783179756620 0.14951404929161072 5615
1783179756722 0.004006294067949057 5616
1783179756828 0.14456860721111298 5617
1783179756962 0.11625111848115921 5618
1783179757077 0.07417123019695282 5619
1783179757190 0.25767114758491516 5620
1783179757295 0.00480078998953104 5621
1783179757399 0.06911787390708923 5622
1783179757506 0.33737659454345703 5623
1783179757610 0.05052846297621727 5624
1783179761720 0.10035312920808792 5625
1783179761742 0.12838606536388397 5626
1783179761756 0.028102809563279152 5627
1783179761806 0.18910834193229675 5628
1783179761826 0.3965085446834564 5629
1783179761838 0.044620562344789505 5630
1783179761844 0.030308404937386513 5631
1783179761850 0.13164936006069183 5632
1783179761856 0.06495971232652664 5633
1783179761892 0.11890064924955368 5634
1783179761991 0.08420338481664658 5635
1783179762093 0.04812287539243698 5636
1783179762163 0.07654328644275665 5637
1783179762195 0.13366615772247314 5638
1783179762262 0.06383058428764343 5639
1783179762278 0.030943453311920166 5640
1783179762291 0.13715581595897675 5641
1783179762309 0.11342304944992065 5642
1783179762339 0.026572415605187416 5643
1783179762410 0.2096509486436844 5644
1783179762422 0.008196038194000721 5645
1783179762520 0.060098789632320404 5646
1783179762542 0.445147305727005 5647
1783179762549 0.08657077699899673 5648
1783179762595 0.0539698489010334 5649
1783179762692 0.13571172952651978 5650
1783179762704 0.13476985692977905 5651
1783179762717 0.03438422083854675 5652
1783179762723 0.02872629091143608 5653
1783179762735 0.15838085114955902 5654
1783179762741 0.06177118048071861 5655
1783179762748 0.040432415902614594 5656
1783179762754 0.03357192501425743 5657
1783179762770 0.1576743721961975 5658
1783179762782 0.0752645805478096 5659
1783179762808 0.04138731211423874 5660
1783179762816 0.142085999250412 5661
1783179762824 0.009552852250635624 5662
1783179762831 0.011775760911405087 5663
1783179762837 0.00981809850782156 5664
1783179762843 0.054528288543224335 5665
1783179762848 0.29664015769958496 5666
1783179762858 0.11821386963129044 5667
1783179762864 0.07471197098493576 5668
1783179762873 0.07382746785879135 5669
1783179762880 0.28525638580322266 5670
1783179762894 0.1668950319290161 5671
1783179762914 0.06531833857297897 5672
1783179762930 0.1114831417798996 5673
1783179762938 0.1255936622619629 5674
1783179762944 0.08318030089139938 5675
1783179762954 0.04737287014722824 5676
1783179762961 0.12974224984645844 5677
1783179762968 0.04945401847362518 5678
1783179762974 0.09640029817819595 5679
1783179762984 0.09330954402685165 5680
1783179762991 0.08354229480028152 5681
1783179762997 0.06207305192947388 5682
1783179763008 0.00622943602502346 5683
1783179763021 0.0758860856294632 5684
1783179763027 0.2767523229122162 5685
1783179763040 0.03218824043869972 5686
1783179763054 0.014669835567474365 5687
1783179763064 0.010497103445231915 5688
1783179763071 0.1892181932926178 5689
1783179763078 0.06621010601520538 5690
1783179763089 0.011288833804428577 5691
1783179763096 0.06716493517160416 5692
1783179763102 0.17240320146083832 5693
1783179763108 0.21399769186973572 5694
1783179763126 0.005549638532102108 5695
1783179763155 0.025820624083280563 5696
1783179763179 0.00984114594757557 5697
1783179763185 0.148476243019104 5698
1783179763195 0.26752740144729614 5699
1783179763204 0.03706430271267891 5700
1783179763219 0.08054430037736893 5701
1783179763224 0.0035599444527179003 5702
1783179763262 0.04854029417037964 5703
1783179763268 0.17171812057495117 5704
1783179763275 0.19453184306621552 5705
1783179763281 0.19995591044425964 5706
1783179763295 0.044529516249895096 5707
1783179763310 0.016570469364523888 5708
1783179763322 0.0279980655759573 5709
1783179763331 0.2367626279592514 5710
1783179763347 0.062247540801763535 5711
1783179763364 0.1581864356994629 5712
1783179763385 0.06250565499067307 5713
1783179763389 0.23092646896839142 5714
1783179763395 0.053609348833560944 5715
1783179763400 0.005823452025651932 5716
1783179763409 0.009465035051107407 5717
1783179763424 0.060305263847112656 5718
1783179763524 0.11688542366027832 5719
1783179763626 0.026816347613930702 5720
1783179763721 0.029734058305621147 5721
1783179763821 0.11705809831619263 5722
1783179763896 0.1716614067554474 5723
1783179763902 0.004481611307710409 5724
1783179763907 0.14004968106746674 5725
1783179763916 0.06381120532751083 5726
1783179763927 0.18923254311084747 5727
1783179763937 0.20547012984752655 5728
1783179763942 0.013497517444193363 5729
1783179763948 0.11031988263130188 5730
1783179763952 0.07988999783992767 5731
1783179763959 0.023658109828829765 5732
1783179763966 0.015190531499683857 5733
1783179763995 0.10498011857271194 5734
1783179764002 0.01798316277563572 5735
1783179764015 0.4418931007385254 5736
1783179764022 0.18964128196239471 5737
1783179764028 0.025694986805319786 5738
1783179764032 0.01048438623547554 5739
1783179764035 0.02722405456006527 5740
1783179764040 0.30392634868621826 5741
1783179764046 0.025454353541135788 5742
1783179764051 0.10561677068471909 5743
1783179764057 0.06538388878107071 5744
1783179764064 0.008616175502538681 5745
1783179764070 0.03332747891545296 5746
1783179764074 0.03979136049747467 5747
1783179764079 0.1545528620481491 5748
1783179764084 0.1563517302274704 5749
1783179764092 0.023328427225351334 5750
1783179764097 0.04200480133295059 5751
1783179764111 0.009941484779119492 5752
1783179764114 0.017244037240743637 5753
1783179764128 0.10986838489770889 5754
1783179764173 0.0875491052865982 5755
1783179764177 0.17896674573421478 5756
1783179764183 0.08137459307909012 5757
1783179764191 0.00727510079741478 5758
1783179764196 0.05147218704223633 5759
1783179764202 0.1706109493970871 5760
1783179764207 0.06405915319919586 5761
1783179764211 0.23205715417861938 5762
1783179764216 0.21275179088115692 5763
1783179764223 0.16003923118114471 5764
1783179764230 0.028628965839743614 5765
1783179764235 0.12999476492404938 5766
1783179764242 0.02834603749215603 5767
1783179764247 0.11047683656215668 5768
1783179764257 0.05646513029932976 5769
1783179764276 0.03559958562254906 5770
1783179764282 0.004403872415423393 5771
1783179764289 0.12416005879640579 5772
1783179764293 0.11114948242902756 5773
1783179764299 0.018642859533429146 5774
1783179764306 0.07154235988855362 5775
1783179764311 0.06940469890832901 5776
1783179764315 0.22265391051769257 5777
1783179764368 0.1273139864206314 5778
1783179764382 0.17598557472229004 5779
1783179764394 0.3238042891025543 5780
1783179764400 0.037253111600875854 5781
1783179764407 0.1584487110376358 5782
1783179764465 0.10520657896995544 5783
1783179764469 0.11041440069675446 5784
1783179764473 0.027808379381895065 5785
1783179764476 0.24594351649284363 5786
1783179764480 0.009645167738199234 5787
1783179764483 0.033168260008096695 5788
1783179764486 0.003701878944411874 5789
1783179764490 0.03661517798900604 5790
1783179764493 0.18319815397262573 5791
1783179764495 0.027461979538202286 5792
1783179764498 0.05542440339922905 5793
1783179764502 0.012710914015769958 5794
1783179764505 0.017737267538905144 5795
1783179764508 0.0600704625248909 5796
1783179764511 0.12151174247264862 5797
1783179764515 0.05981983244419098 5798
1783179764519 0.15941333770751953 5799
1783179764525 0.04333499073982239 5800
1783179764531 0.14117057621479034 5801
1783179764538 0.0750976949930191 5802
1783179764544 0.026928992941975594 5803
1783179764562 0.039725225418806076 5804
1783179764567 0.21054086089134216 5805
1783179764574 0.030229708179831505 5806
1783179764579 0.0063569615595042706 5807
1783179764585 0.08113771677017212 5808
1783179764592 0.06759585440158844 5809
1783179764597 0.013665057718753815 5810
1783179764600 0.008412404917180538 5811
1783179764605 0.02075863443315029 5812
1783179764608 0.13400235772132874 5813
1783179764611 0.03406630828976631 5814
1783179764614 0.08909568190574646 5815
1783179764617 0.24470674991607666 5816
1783179764679 0.17084482312202454 5817
1783179764745 0.011534212157130241 5818
1783179764751 0.20608173310756683 5819
1783179764782 0.07944240421056747 5820
1783179764786 0.015833400189876556 5821
1783179764792 0.07224270701408386 5822
1783179764799 0.07992132753133774 5823
1783179764835 0.1268729716539383 5824
1783179764844 0.022069841623306274 5825
1783179764850 0.1669100522994995 5826
1783179764861 0.03937818109989166 5827
1783179764866 0.07622244954109192 5828
1783179764878 0.16304317116737366 5829
1783179764890 0.09855487942695618 5830
1783179764914 0.25955310463905334 5831
1783179764960 0.04301884025335312 5832
1783179764975 0.050590235739946365 5833
1783179764980 0.0297817625105381 5834
1783179764986 0.15448132157325745 5835
1783179764992 0.02221846953034401 5836
1783179764998 0.10667683184146881 5837
1783179765089 0.36814630031585693 5838
1783179765103 0.11980919539928436 5839
1783179765110 0.037566475570201874 5840
1783179765114 0.0041572158224880695 5841
1783179765132 0.06226113438606262 5842
1783179765158 0.0031563686206936836 5843
1783179765167 0.006997099611908197 5844
1783179765178 0.14845380187034607 5845
1783179765196 0.01186995767056942 5846
1783179765218 0.0021382328122854233 5847
1783179765229 0.09259407222270966 5848
1783179765244 0.019910767674446106 5849
1783179765273 0.05179780349135399 5850
1783179765369 0.03629445284605026 5851
1783179765459 0.06369341909885406 5852
1783179765549 0.18399517238140106 5853
1783179765652 0.1937577873468399 5854
1783179765739 0.19036845862865448 5855
1783179765842 0.240603968501091 5856
1783179765932 0.10244689881801605 5857
1783179766024 0.2256113737821579 5858
1783179766113 0.11831813305616379 5859
1783179766210 0.1736118197441101 5860
1783179766292 0.09131138771772385 5861
1783179766310 0.006726379971951246 5862
1783179766313 0.04479404166340828 5863
1783179766328 0.1258767992258072 5864
1783179766336 0.037873174995183945 5865
1783179766343 0.09989453852176666 5866
1783179766348 0.4258587956428528 5867
1783179766356 0.14128762483596802 5868
1783179766368 0.025075877085328102 5869
1783179766380 0.03076251968741417 5870
1783179766387 0.1611025482416153 5871
1783179766399 0.015272650867700577 5872
1783179766402 0.02379564940929413 5873
1783179766417 0.22780020534992218 5874
1783179766432 0.11922293156385422 5875
1783179766451 0.010549607686698437 5876
1783179766457 0.08534857630729675 5877
1783179766495 0.3499352037906647 5878
1783179766588 0.06455430388450623 5879
1783179766680 0.10658862441778183 5880
1783179766779 0.08306730538606644 5881
1783179766821 0.01938534341752529 5882
1783179766842 0.23454958200454712 5883
1783179766872 0.04934928938746452 5884
1783179766894 0.11839248985052109 5885
1783179766976 0.21255099773406982 5886
1783179766988 0.04016652703285217 5887
1783179767036 0.01380869746208191 5888
1783179767049 0.03435200825333595 5889
1783179767055 0.015757547691464424 5890
1783179767064 0.16414296627044678 5891
1783179767068 0.05469176545739174 5892
1783179767073 0.27127155661582947 5893
1783179767077 0.20270714163780212 5894
1783179767096 0.1009686067700386 5895
1783179767107 0.023165611550211906 5896
1783179767115 0.10400206595659256 5897
1783179767121 0.049289289861917496 5898
1783179767127 0.13450928032398224 5899
1783179767133 0.021708432585000992 5900
1783179767145 0.10007832199335098 5901
1783179767157 0.020693454891443253 5902
1783179767164 0.012912755832076073 5903
1783179767170 0.14931970834732056 5904
1783179767201 0.045172762125730515 5905
1783179767208 0.044651105999946594 5906
1783179767210 0.2651965916156769 5907
1783179767221 0.07987678796052933 5908
1783179767241 0.07237125188112259 5909
1783179767268 0.03860100731253624 5910
1783179767287 0.16966405510902405 5911
1783179767308 0.12411241233348846 5912
1783179767314 0.06667216867208481 5913
1783179767334 0.03235979005694389 5914
1783179767338 0.060236088931560516 5915
1783179767344 0.01617334596812725 5916
1783179767350 0.004041017033159733 5917
1783179767357 0.00882203783839941 5918
1783179767363 0.01797497831285 5919
1783179767369 0.03535374253988266 5920
1783179767375 0.01124896202236414 5921
1783179767394 0.006069526541978121 5922
1783179767399 0.3463139235973358 5923
1783179767402 0.043263643980026245 5924
1783179767411 0.13721466064453125 5925
1783179767418 0.09275683760643005 5926
1783179767447 0.07558813691139221 5927
1783179767461 0.2569396495819092 5928
1783179767480 0.029281584545969963 5929
1783179767485 0.02173682674765587 5930
1783179767491 0.027430281043052673 5931
1783179767503 0.03487468883395195 5932
1783179767511 0.23564794659614563 5933
1783179767523 0.3762620985507965 5934
1783179767624 0.11607688665390015 5935
1783179767725 0.05192401260137558 5936
1783179767742 0.07971088588237762 5937
1783179767748 0.15758682787418365 5938
1783179767757 0.05365394055843353 5939
1783179767760 0.13725022971630096 5940
1783179767770 0.007772466167807579 5941
1783179767776 0.06316330283880234 5942
1783179767782 0.05372496321797371 5943
1783179767793 0.0071918293833732605 5944
1783179767800 0.017772860825061798 5945
1783179767806 0.013902856037020683 5946
1783179767812 0.1262548267841339 5947
1783179767818 0.006694161333143711 5948
1783179767824 0.21678385138511658 5949
1783179767830 0.3948715329170227 5950
1783179767836 0.171953022480011 5951
1783179767841 0.04967213422060013 5952
1783179767847 0.013911980204284191 5953
1783179767866 0.05622901767492294 5954
1783179767873 0.08929324895143509 5955
1783179767879 0.025010602548718452 5956
1783179767885 0.09830651432275772 5957
1783179767897 0.27703550457954407 5958
1783179767903 0.12417260557413101 5959
1783179767909 0.049463413655757904 5960
1783179767915 0.010532387532293797 5961
1783179767921 0.031915560364723206 5962
1783179767927 0.00582186970859766 5963
1783179767933 0.07169289141893387 5964
1783179767945 0.017058882862329483 5965
1783179767957 0.1039590984582901 5966
1783179767963 0.14150290191173553 5967
1783179767969 0.23403200507164001 5968
1783179767975 0.044808775186538696 5969
1783179767979 0.10032972693443298 5970
1783179767985 0.02815958671271801 5971
1783179767991 0.030677661299705505 5972
1783179767997 0.020354285836219788 5973
1783179768011 0.026120832189917564 5974
1783179768020 0.08801537752151489 5975
1783179768027 0.11179579794406891 5976
1783179768034 0.06511852890253067 5977
1783179768040 0.14671999216079712 5978
1783179768048 0.04338358715176582 5979
1783179768058 0.1576194316148758 5980
1783179768084 0.545016884803772 5981
1783179768088 0.024617569521069527 5982
1783179768093 0.10060124099254608 5983
1783179768102 0.02062016911804676 5984
1783179768106 0.09166921675205231 5985
1783179768111 0.025917794555425644 5986
1783179768118 0.1878281831741333 5987
1783179768124 0.21659550070762634 5988
1783179768129 0.059269655495882034 5989
1783179768135 0.07317085564136505 5990
1783179768143 0.04244748502969742 5991
1783179768148 0.1620321422815323 5992
1783179768155 0.055971723049879074 5993
1783179768160 0.01826714351773262 5994
1783179768165 0.25466188788414 5995
1783179768208 0.09566555917263031 5996
1783179768214 0.011680668219923973 5997
1783179768234 0.13241055607795715 5998
1783179768243 0.013906371779739857 5999
1783179768250 0.1054128110408783 6000
1783179768255 0.04423040896654129 6001
1783179768262 0.06372612714767456 6002
1783179768267 0.06612904369831085 6003
1783179768275 0.02707122080028057 6004
1783179768280 0.010320207104086876 6005
1783179768310 0.01998569257557392 6006
1783179768316 0.02153879404067993 6007
1783179768322 0.04130053520202637 6008
1783179768327 0.057229183614254 6009
1783179768333 0.009602134115993977 6010
1783179768341 0.02778758481144905 6011
1783179768347 0.015556886792182922 6012
1783179768445 0.02021539956331253 6013
1783179768460 0.023354031145572662 6014
1783179768466 0.1350385844707489 6015
1783179768478 0.04248878359794617 6016
1783179768491 0.03840284049510956 6017
1783179768498 0.2420792132616043 6018
1783179768503 0.03081660531461239 6019
1783179768512 0.028956066817045212 6020
1783179768519 0.041067447513341904 6021
1783179768526 0.27023789286613464 6022
1783179768531 0.12768574059009552 6023
1783179768563 0.013458188623189926 6024
1783179768573 0.0884055644273758 6025
1783179768593 0.022082757204771042 6026
1783179768599 0.12189658731222153 6027
1783179768604 0.0033339262008666992 6028
1783179768612 0.046183694154024124 6029
1783179768634 0.10648714005947113 6030
1783179768697 0.12254728376865387 6031
1783179768713 0.0359978973865509 6032
1783179768719 0.019695162773132324 6033
1783179768724 0.15431450307369232 6034
1783179768739 0.04439414665102959 6035
1783179768745 0.05412378907203674 6036
1783179768750 0.22793997824192047 6037
1783179768756 0.10501798987388611 6038
1783179768764 0.055665597319602966 6039
1783179768775 0.42247405648231506 6040
1783179768787 0.08950558304786682 6041
1783179768792 0.029151389375329018 6042
1783179768798 0.022456519305706024 6043
1783179768803 0.25922709703445435 6044
1783179768810 0.01739383116364479 6045
1783179768817 0.009910667315125465 6046
1783179768824 0.030343787744641304 6047
1783179768830 0.08214373141527176 6048
1783179768837 0.1836221069097519 6049
1783179768844 0.20282499492168427 6050
1783179768850 0.01998945139348507 6051
1783179768864 0.030122272670269012 6052
1783179768922 0.168002188205719 6053
1783179768951 0.0116958636790514 6054
1783179769042 0.16192175447940826 6055
1783179769053 0.041035301983356476 6056
1783179769060 0.0787615031003952 6057
1783179769066 0.011689744889736176 6058
1783179769074 0.004865838214755058 6059
1783179769106 0.018095798790454865 6060
1783179769128 0.07931573688983917 6061
1783179769136 0.08136040717363358 6062
1783179769152 0.1277662217617035 6063
1783179769164 0.12147950381040573 6064
1783179769177 0.027537522837519646 6065
1783179769190 0.11738894879817963 6066
1783179769205 0.01630687713623047 6067
1783179769292 0.019302692264318466 6068
1783179769298 0.010722080245614052 6069
1783179769336 0.021423710510134697 6070
1783179769420 0.10244140774011612 6071
1783179769439 0.02384137362241745 6072
1783179769456 0.07890009880065918 6073
1783179769463 0.1548611968755722 6074
1783179769468 0.12451992183923721 6075
1783179769513 0.03167887032032013 6076
1783179769552 0.16491398215293884 6077
1783179769650 0.009815073572099209 6078
1783179769683 0.007867989130318165 6079
1783179769698 0.003292036708444357 6080
1783179769706 0.034433070570230484 6081
1783179769712 0.01079602912068367 6082
1783179769720 0.009237240068614483 6083
1783179769728 0.1097244843840599 6084
1783179769740 0.06367823481559753 6085
1783179769747 0.0694698691368103 6086
1783179769768 0.1395733803510666 6087
1783179769792 0.18446312844753265 6088
1783179769798 0.15693840384483337 6089
1783179769808 0.08995561301708221 6090
1783179769818 0.04992560297250748 6091
1783179769824 0.015866843983530998 6092
1783179769829 0.312265545129776 6093
1783179769836 0.2720852196216583 6094
1783179769841 0.12988635897636414 6095
1783179769846 0.1736045926809311 6096
1783179769853 0.07477375864982605 6097
1783179769862 0.1816212385892868 6098
1783179769872 0.223308727145195 6099
1783179769879 0.12040897458791733 6100
1783179769887 0.3611716032028198 6101
1783179769934 0.2317926287651062 6102
1783179769950 0.03909330815076828 6103
1783179769954 0.08740261942148209 6104
1783179769980 0.04436401650309563 6105
1783179769986 0.05444495752453804 6106
1783179770006 0.15238112211227417 6107
1783179770042 0.05105455219745636 6108
1783179770048 0.6198325157165527 6109
1783179770070 0.06664837896823883 6110
1783179770103 0.1309708058834076 6111
1783179770116 0.018146412447094917 6112
1783179770142 0.00934554636478424 6113
1783179770146 0.16487792134284973 6114
1783179770152 0.07354402542114258 6115
1783179770164 0.08718614280223846 6116
1783179770170 0.19596794247627258 6117
1783179770176 0.0887593924999237 6118
1783179770182 0.32128897309303284 6119
1783179770189 0.05522458255290985 6120
1783179770195 0.010487549006938934 6121
1783179770201 0.15529759228229523 6122
1783179770206 0.049843091517686844 6123
1783179770212 0.12302698940038681 6124
1783179770218 0.020469006150960922 6125
1783179770274 0.22043652832508087 6126
1783179770296 0.019787035882472992 6127
1783179770302 0.055318888276815414 6128
1783179770312 0.012417402118444443 6129
1783179770319 0.18634608387947083 6130
1783179770331 0.04797575622797012 6131
1783179770369 0.04856620728969574 6132
1783179770410 0.00738625368103385 6133
1783179770419 0.04028632119297981 6134
1783179770454 0.022779567167162895 6135
1783179770562 0.10075555741786957 6136
1783179770582 0.040856003761291504 6137
1783179770594 0.05760098993778229 6138
1783179770605 0.00705739064142108 6139
1783179770613 0.006685385014861822 6140
1783179770674 0.19308970868587494 6141
1783179770678 0.08807989954948425 6142
1783179770686 0.09099213778972626 6143
1783179770704 0.042615797370672226 6144
1783179770710 0.03037368319928646 6145
1783179770721 0.01454760693013668 6146
1783179770733 0.01611507311463356 6147
1783179770740 0.012569103389978409 6148
1783179770743 0.1996982991695404 6149
1783179770750 0.08713194727897644 6150
1783179770768 0.03977130353450775 6151
1783179770778 0.25210681557655334 6152
1783179770879 0.01960439421236515 6153
1783179770985 0.5223286747932434 6154
1783179771006 0.14869040250778198 6155
1783179771017 0.1323491632938385 6156
1783179771031 0.2861340343952179 6157
1783179771048 0.06002521514892578 6158
1783179771073 0.03265579789876938 6159
1783179771079 0.19866429269313812 6160
1783179771144 0.05703669786453247 6161
1783179771155 0.009214628487825394 6162
1783179771167 0.018901558592915535 6163
1783179771174 0.016624897718429565 6164
1783179771180 0.11813236027956009 6165
1783179771187 0.09079769998788834 6166
1783179771206 0.12791898846626282 6167
1783179771227 0.3425702154636383 6168
1783179771282 0.11827819794416428 6169
1783179771287 0.03226182609796524 6170
1783179771293 0.06840721517801285 6171
1783179771305 0.02457190863788128 6172
1783179771320 0.02756233513355255 6173
1783179771328 0.11612386256456375 6174
1783179771347 0.00868805218487978 6175
1783179771355 0.19376972317695618 6176
1783179771359 0.14758551120758057 6177
1783179771367 0.11710675060749054 6178
1783179771371 0.22409024834632874 6179
1783179771379 0.037185002118349075 6180
1783179771395 0.014350099489092827 6181
1783179771421 0.040927059948444366 6182
1783179771425 0.03931472450494766 6183
1783179771431 0.002764330478385091 6184
1783179771437 0.013089627027511597 6185
1783179771445 0.01594484969973564 6186
1783179771467 0.2677282392978668 6187
1783179771522 0.003191547468304634 6188
1783179771558 0.13203564286231995 6189
1783179771581 0.14853906631469727 6190
1783179771587 0.03815329819917679 6191
1783179771602 0.030203966423869133 6192
1783179771618 0.014829041436314583 6193
1783179771624 0.020454557612538338 6194
1783179771629 0.008482248522341251 6195
1783179771635 0.06306002289056778 6196
1783179771642 0.06198853626847267 6197
1783179771727 0.02266259863972664 6198
1783179771733 0.050476640462875366 6199
1783179771750 0.15772750973701477 6200
1783179771847 0.007853162474930286 6201
1783179771941 0.0026646337937563658 6202
1783179772042 0.03213517367839813 6203
1783179772136 0.02552204579114914 6204
1783179772230 0.027703681960701942 6205
1783179772316 0.13461197912693024 6206
1783179772416 0.03986667841672897 6207
1783179772512 0.13512155413627625 6208
1783179772608 0.10662855207920074 6209
1783179772701 0.0569707527756691 6210
1783179772791 0.04750733822584152 6211
1783179772884 0.25646737217903137 6212
1783179772969 0.06169864162802696 6213
1783179773052 0.13533054292201996 6214
1783179773150 0.04075333848595619 6215
1783179773251 0.24603067338466644 6216
1783179773351 0.04181918501853943 6217
1783179773449 0.020058652386069298 6218
1783179773550 0.05327756702899933 6219
1783179773656 0.02851889468729496 6220
1783179773755 0.11613110452890396 6221
1783179773857 0.09561514854431152 6222
1783179773957 0.00256143044680357 6223
1783179774054 0.14897583425045013 6224
1783179774157 0.07448013871908188 6225
1783179774267 0.44896435737609863 6226
1783179774368 0.01029136311262846 6227
1783179774473 0.13909044861793518 6228
1783179774533 0.03486655652523041 6229
1783179774611 0.038962654769420624 6230
1783179774699 0.3720456659793854 6231
1783179774794 0.14455334842205048 6232
1783179774891 0.2137899249792099 6233
1783179774994 0.1550537794828415 6234
1783179775094 0.11597110331058502 6235
1783179775185 0.011101242154836655 6236
1783179775277 0.07963148504495621 6237
1783179775369 0.2452729195356369 6238
1783179775475 0.30442243814468384 6239
1783179775570 0.011402677744626999 6240
1783179775666 0.2186923325061798 6241
1783179775764 0.04023834690451622 6242
1783179775865 0.13835585117340088 6243
1783179775960 0.014955075457692146 6244
1783179776059 0.25483882427215576 6245
1783179776155 0.19519969820976257 6246
1783179776254 0.04281328245997429 6247
1783179776356 0.09048010408878326 6248
1783179776459 0.14024442434310913 6249
1783179776558 0.04282228648662567 6250
1783179776652 0.01798407733440399 6251
1783179776755 0.008340350352227688 6252
1783179776860 0.10484006255865097 6253
1783179776963 0.10415501147508621 6254
1783179777071 0.05004304647445679 6255
1783179777168 0.07922622561454773 6256
1783179777268 0.13178478181362152 6257
1783179777372 0.3942062556743622 6258
1783179777479 0.1344803273677826 6259
1783179777586 0.03914649039506912 6260
1783179777691 0.028551410883665085 6261
1783179777794 0.0917799100279808 6262
1783179777901 0.10147953778505325 6263
1783179777999 0.21285834908485413 6264
1783179778103 0.020618904381990433 6265
1783179778207 0.10634838044643402 6266
1783179778309 0.044296517968177795 6267
1783179778406 0.09127824753522873 6268
1783179778520 0.15457670390605927 6269
1783179778626 0.08321062475442886 6270
1783179778730 0.09785744547843933 6271
1783179778836 0.11150922626256943 6272
1783179778841 0.31704002618789673 6273
1783179778847 0.155323326587677 6274
1783179778854 0.07674817740917206 6275
1783179778866 0.13775715231895447 6276
1783179778873 0.0670301616191864 6277
1783179778879 0.0029589086771011353 6278
1783179778886 0.037011340260505676 6279
1783179778891 0.3233463764190674 6280
1783179778904 0.016397684812545776 6281
1783179778931 0.0659380704164505 6282
1783179778938 0.011022534221410751 6283
1783179778945 0.018171655014157295 6284
1783179778952 0.23175178468227386 6285
1783179778958 0.030585575848817825 6286
1783179778962 0.17308160662651062 6287
1783179778969 0.1381731927394867 6288
1783179778976 0.13987994194030762 6289
1783179778982 0.053277358412742615 6290
1783179779017 0.009951016865670681 6291
1783179779028 0.024881262332201004 6292
1783179779036 0.14690101146697998 6293
1783179779043 0.006141002755612135 6294
1783179779046 0.025478605180978775 6295
1783179779053 0.2259141355752945 6296
1783179779067 0.03143410384654999 6297
1783179779079 0.18040388822555542 6298
1783179779134 0.034981515258550644 6299
1783179779179 0.01792236976325512 6300
1783179779196 0.0298516433686018 6301
1783179779208 0.13995961844921112 6302
1783179779221 0.09366627782583237 6303
1783179779309 0.08496156334877014 6304
1783179779358 0.0239858478307724 6305
1783179779364 0.03038209304213524 6306
1783179779369 0.022198881953954697 6307
1783179779375 0.1883813738822937 6308
1783179779382 0.0373755544424057 6309
1783179779388 0.040702927857637405 6310
1783179779396 0.1042114794254303 6311
1783179779408 0.06594441086053848 6312
1783179779414 0.06259238719940186 6313
1783179779418 0.11404924839735031 6314
1783179779425 0.05207892879843712 6315
1783179779431 0.003573122899979353 6316
1783179779436 0.05667818337678909 6317
1783179779449 0.0819697454571724 6318
1783179779554 0.1977880895137787 6319
1783179779640 0.35191577672958374 6320
1783179779743 0.016775183379650116 6321
1783179779842 0.04847530275583267 6322
1783179779872 0.12783704698085785 6323
1783179779880 0.05211740732192993 6324
1783179779886 0.05003976449370384 6325
1783179779894 0.0397394634783268 6326
1783179779922 0.06682796031236649 6327
1783179779938 0.08428645133972168 6328
1783179780020 0.20632587373256683 6329
1783179780114 0.17449112236499786 6330
1783179780218 0.27385279536247253 6331
1783179780263 0.13889554142951965 6332
1783179780270 0.15130364894866943 6333
1783179780294 0.022650213912129402 6334
1783179780323 0.020557750016450882 6335
1783179780328 0.08758121728897095 6336
1783179780370 0.0750272199511528 6337
1783179780461 0.08754819631576538 6338
1783179780470 0.11913832277059555 6339
1783179780492 0.15859392285346985 6340
1783179780498 0.05371883884072304 6341
1783179780597 0.05297841504216194 6342
1783179780694 0.11464526504278183 6343
1783179780706 0.031186144798994064 6344
1783179780771 0.10858894884586334 6345
1783179780870 0.03067515417933464 6346
1783179780918 0.010893960483372211 6347
1783179781013 0.05718106031417847 6348
1783179781040 0.06439806520938873 6349
1783179781071 0.007261638529598713 6350
1783179781156 0.11859004944562912 6351
1783179781260 0.049782171845436096 6352
1783179781360 0.05842798948287964 6353
1783179781375 0.23496030271053314 6354
1783179781389 0.5519278645515442 6355
1783179781486 0.012712587602436543 6356
1783179781525 0.031857170164585114 6357
1783179781628 0.01014979649335146 6358
1783179781674 0.027921177446842194 6359
1783179781780 0.04762427136301994 6360
1783179781845 0.1303352415561676 6361
1783179781859 0.015862353146076202 6362
1783179781871 0.07592244446277618 6363
1783179781948 0.01573176123201847 6364
1783179781958 0.08661718666553497 6365
1783179782057 0.04766290262341499 6366
1783179782065 0.014388937503099442 6367
1783179782074 0.01118695829063654 6368
1783179782081 0.03204917535185814 6369
1783179782181 0.052080050110816956 6370
1783179782286 0.03827875852584839 6371
1783179782340 0.1149551123380661 6372
1783179782346 0.16527533531188965 6373
1783179782445 0.2242109179496765 6374
1783179782451 0.14679250121116638 6375
1783179782460 0.12412192672491074 6376
1783179782553 0.019535336643457413 6377
1783179782558 0.029956357553601265 6378
1783179782564 0.06854629516601562 6379
1783179782569 0.057944465428590775 6380
1783179782603 0.12396324425935745 6381
1783179782611 0.1274503767490387 6382
1783179782691 0.023460425436496735 6383
1783179782771 0.021594151854515076 6384
1783179782870 0.07899206131696701 6385
1783179782952 0.011424037627875805 6386
1783179782973 0.14722977578639984 6387
1783179782985 0.02943550981581211 6388
1783179783056 0.04990893974900246 6389
1783179783061 0.07232198864221573 6390
1783179783067 0.019172748550772667 6391
1783179783073 0.008823716081678867 6392
1783179783079 0.011780302971601486 6393
1783179783085 0.09145548939704895 6394
1783179783091 0.0071602691896259785 6395
1783179783096 0.2158074826002121 6396
1783179783127 0.07189112901687622 6397
1783179783132 0.17623236775398254 6398
1783179783138 0.010415483266115189 6399
1783179783144 0.0024696309119462967 6400
1783179783149 0.11624148488044739 6401
1783179783155 0.012852903455495834 6402
1783179783161 0.021486304700374603 6403
1783179783167 0.012771287932991982 6404
1783179783173 0.015200759284198284 6405
1783179783179 0.0120143573731184 6406
1783179783185 0.2654862105846405 6407
1783179783189 0.03236551582813263 6408
1783179783195 0.033337585628032684 6409
1783179783201 0.05591105297207832 6410
1783179783207 0.08171050995588303 6411
1783179783213 0.0032172147184610367 6412
1783179783219 0.011993496678769588 6413
1783179783225 0.23847585916519165 6414
1783179783231 0.032798171043395996 6415
1783179783237 0.2171996682882309 6416
1783179783243 0.019672816619277 6417
1783179783317 0.07978293299674988 6418
1783179783413 0.13738849759101868 6419
1783179783501 0.5108376741409302 6420
1783179783584 0.0197611004114151 6421
1783179783657 0.054196059703826904 6422
1783179783741 0.09204287081956863 6423
1783179783805 0.08868685364723206 6424
1783179783901 0.1199081614613533 6425
1783179784002 0.09058952331542969 6426
1783179784106 0.08560603111982346 6427
1783179784215 0.27681779861450195 6428
1783179784326 0.041768379509449005 6429
1783179784429 0.03786402568221092 6430
1783179784547 0.1764279156923294 6431
1783179784629 0.053327228873968124 6432
1783179784638 0.17445315420627594 6433
1783179784657 0.06743604689836502 6434
1783179784664 0.07241389900445938 6435
1783179784669 0.18141265213489532 6436
1783179784679 0.13642282783985138 6437
1783179784693 0.09254820644855499 6438
1783179784711 0.09202054142951965 6439
1783179784724 0.03399670124053955 6440
1783179784729 0.19279687106609344 6441
1783179784736 0.04349904879927635 6442
1783179784741 0.08831670880317688 6443
1783179784790 0.0987103134393692 6444
1783179784796 0.1590321958065033 6445
1783179784801 0.06721870601177216 6446
1783179784804 0.062248099595308304 6447
1783179784809 0.010800741612911224 6448
1783179784814 0.01623518578708172 6449
1783179784821 0.05681644752621651 6450
1783179784826 0.09514841437339783 6451
1783179784831 0.08179876953363419 6452
1783179784834 0.10811636596918106 6453
1783179784841 0.013663223013281822 6454
1783179784844 0.38154175877571106 6455
1783179784850 0.043861594051122665 6456
1783179784856 0.11180950701236725 6457
1783179784861 0.03569116070866585 6458
1783179784866 0.19414250552654266 6459
1783179784871 0.25415897369384766 6460
1783179784874 0.1331786960363388 6461
1783179784880 0.02442174218595028 6462
1783179784886 0.08069387823343277 6463
1783179784891 0.2338273525238037 6464
1783179784898 0.03735304996371269 6465
1783179784903 0.020609920844435692 6466
1783179784910 0.08520147949457169 6467
1783179784999 0.5658668875694275 6468
1783179785004 0.08055710792541504 6469
1783179785010 0.03765435144305229 6470
1783179785016 0.0246722474694252 6471
1783179785024 0.014436292462050915 6472
1783179785027 0.011431504040956497 6473
1783179785036 0.05724139139056206 6474
1783179785124 0.07851265370845795 6475
1783179785129 0.009922953322529793 6476
1783179785134 0.2017320692539215 6477
1783179785140 0.030894532799720764 6478
1783179785147 0.12253839522600174 6479
1783179785246 0.23087209463119507 6480
1783179785263 0.12099088728427887 6481
1783179785361 0.10183656215667725 6482
1783179785379 0.36590516567230225 6483
1783179785387 0.012910736724734306 6484
1783179785392 0.05150296911597252 6485
1783179785402 0.1283096820116043 6486
1783179785417 0.04583972319960594 6487
1783179785434 0.04699615761637688 6488
1783179785445 0.1192028671503067 6489
1783179785451 0.09332543611526489 6490
1783179785469 0.18183301389217377 6491
1783179785480 0.044774848967790604 6492
1783179785579 0.013457224704325199 6493
1783179785673 0.14729523658752441 6494
1783179785773 0.0754745751619339 6495
1783179785875 0.23663201928138733 6496
1783179785978 0.13286128640174866 6497
1783179786082 0.23102696239948273 6498
1783179786120 0.08384033292531967 6499
1783179786137 0.06337549537420273 6500
1783179786234 0.06606807559728622 6501
1783179786246 0.007389006670564413 6502
1783179786252 0.09217280894517899 6503
1783179786259 0.13560570776462555 6504
1783179786268 0.011602841317653656 6505
1783179786277 0.09557142853736877 6506
1783179786282 0.04112788662314415 6507
1783179786293 0.1521545797586441 6508
1783179786360 0.02315802499651909 6509
1783179786367 0.0192720890045166 6510
1783179786374 0.02348356507718563 6511
1783179786379 0.22385190427303314 6512
1783179786390 0.003309811232611537 6513
1783179786398 0.09375357627868652 6514
1783179786408 0.21585597097873688 6515
1783179786415 0.2605573534965515 6516
1783179786424 0.13464659452438354 6517
1783179786442 0.14982694387435913 6518
1783179786449 0.0043706344440579414 6519
1783179786460 0.09499313682317734 6520
1783179786467 0.0700119286775589 6521
1783179786478 0.16138942539691925 6522
1783179786485 0.02069936878979206 6523
1783179786492 0.05350423976778984 6524
1783179786502 0.1112801730632782 6525
1783179786538 0.2870716452598572 6526
1783179786548 0.237885519862175 6527
1783179786568 0.04194790497422218 6528
1783179786675 0.26244229078292847 6529
1783179786760 0.30811986327171326 6530
1783179786778 0.31688255071640015 6531
1783179786785 0.020275438204407692 6532
1783179786802 0.09316717088222504 6533
1783179786830 0.1612129658460617 6534
1783179786845 0.012966478243470192 6535
1783179786871 0.008530656807124615 6536
1783179786879 0.04332787171006203 6537
1783179786900 0.05637980252504349 6538
1783179786910 0.029173718765378 6539
1783179786918 0.00972777046263218 6540
1783179786929 0.10921794176101685 6541
1783179786944 0.23369427025318146 6542
1783179786960 0.14230673015117645 6543
1783179786982 0.012226029299199581 6544
1783179787078 0.052182115614414215 6545
1783179787172 0.04800010472536087 6546
1783179787255 0.08864960074424744 6547
1783179787341 0.12509576976299286 6548
1783179787431 0.007122091017663479 6549
1783179787441 0.03889303281903267 6550
1783179787450 0.05737585946917534 6551
1783179787455 0.015583613887429237 6552
1783179787461 0.02420676127076149 6553
1783179787467 0.0807899609208107 6554
1783179787472 0.046107109636068344 6555
1783179787479 0.06983653455972672 6556
1783179787485 0.04176447540521622 6557
1783179787491 0.008721904829144478 6558
1783179787497 0.15655617415905 6559
1783179787509 0.16298481822013855 6560
1783179787515 0.12124495208263397 6561
1783179787521 0.08193884044885635 6562
1783179787569 0.10613611340522766 6563
1783179787575 0.13976211845874786 6564
1783179787581 0.022771932184696198 6565
1783179787587 0.020852219313383102 6566
1783179787638 0.13442908227443695 6567
1783179787644 0.09203070402145386 6568
1783179787653 0.11292389035224915 6569
1783179787656 0.2599850594997406 6570
1783179787663 0.072571761906147 6571
1783179787668 0.041224125772714615 6572
1783179787674 0.07496222853660583 6573
1783179787680 0.11525499820709229 6574
1783179787687 0.15027554333209991 6575
1783179787700 0.03760967031121254 6576
1783179787706 0.005602116696536541 6577
1783179787712 0.012949205003678799 6578
1783179787718 0.1598399579524994 6579
1783179787724 0.06625862419605255 6580
1783179787729 0.13856486976146698 6581
1783179787735 0.008183165453374386 6582
1783179787741 0.05677340179681778 6583
1783179787747 0.03912649303674698 6584
1783179787760 0.05613714084029198 6585
1783179787765 0.03835124149918556 6586
1783179787771 0.0073902420699596405 6587
1783179787778 0.016070973128080368 6588
1783179787789 0.19677405059337616 6589
1783179787887 0.10122881084680557 6590
1783179787988 0.053897254168987274 6591
1783179788093 0.005099892150610685 6592
1783179788183 0.025842266157269478 6593
1783179788290 0.16334190964698792 6594
1783179788339 0.1789688766002655 6595
1783179788387 0.1812506467103958 6596
1783179788403 0.0697941780090332 6597
1783179788411 0.08801764994859695 6598
1783179788416 0.0357954241335392 6599
1783179788421 0.23461467027664185 6600
1783179788453 0.009130476973950863 6601
1783179788458 0.10636195540428162 6602
1783179788465 0.04888502135872841 6603
1783179788571 0.02813509665429592 6604
1783179788673 0.012511592358350754 6605
1783179788775 0.06485149264335632 6606
1783179788879 0.06892436742782593 6607
1783179788987 0.08955826610326767 6608
1783179789082 0.09688813239336014 6609
1783179789184 0.010190293192863464 6610
1783179789290 0.15636536478996277 6611
1783179789387 0.0726390928030014 6612
1783179789403 0.006495385430753231 6613
1783179789409 0.14207106828689575 6614
1783179789415 0.01417833473533392 6615
1783179789421 0.05130613222718239 6616
1783179789428 0.006348359864205122 6617
1783179789440 0.10373355448246002 6618
1783179789446 0.0704435333609581 6619
1783179789464 0.08526396751403809 6620
1783179789482 0.13048215210437775 6621
1783179789500 0.025885172188282013 6622
1783179789505 0.05015208572149277 6623
1783179789525 0.012037539854645729 6624
1783179789529 0.11586819589138031 6625
1783179789545 0.018408631905913353 6626
1783179789563 0.17343027889728546 6627
1783179789589 0.14695675671100616 6628
1783179789598 0.05241147428750992 6629
1783179789610 0.13661514222621918 6630
1783179789630 0.09879983961582184 6631
1783179789634 0.14996638894081116 6632
1783179789640 0.019071655347943306 6633
1783179789659 0.034151460975408554 6634
1783179789688 0.1554856151342392 6635
1783179789776 0.02365283854305744 6636
1783179789782 0.03633855655789375 6637
1783179789789 0.012879707850515842 6638
1783179789795 0.006647881586104631 6639
1783179789814 0.0031903202179819345 6640
1783179789819 0.07513652741909027 6641
1783179789838 0.004087814595550299 6642
1783179789908 0.0020825043320655823 6643
1783179789915 0.035037390887737274 6644
1783179790020 0.015619486570358276 6645
1783179790117 0.044938597828149796 6646
1783179790123 0.039039235562086105 6647
1783179790129 0.005532495677471161 6648
1783179790135 0.025886472314596176 6649
1783179790141 0.37481689453125 6650
1783179790147 0.009110568091273308 6651
1783179790153 0.0032706009224057198 6652
1783179790253 0.013293774798512459 6653
1783179790346 0.06562928110361099 6654
1783179790353 0.16687801480293274 6655
1783179790365 0.06829008460044861 6656
1783179790371 0.17921259999275208 6657
1783179790377 0.03814021870493889 6658
1783179790383 0.007825829088687897 6659
1783179790389 0.014199517667293549 6660
1783179790395 0.06127006560564041 6661
1783179790401 0.008530616760253906 6662
1783179790407 0.02949557453393936 6663
1783179790506 0.08232935518026352 6664
1783179790560 0.0030773039907217026 6665
1783179790671 0.07764440774917603 6666
1783179790744 0.22339490056037903 6667
1783179790757 0.0021969389636069536 6668
1783179790794 0.027890924364328384 6669
1783179790859 0.21439558267593384 6670
1783179790934 0.004833472892642021 6671
1783179791035 0.04674194008111954 6672
1783179791047 0.11646892130374908 6673
1783179791059 0.15799659490585327 6674
1783179791071 0.00500879529863596 6675
1783179791176 0.0201406292617321 6676
1783179791195 0.020699728280305862 6677
1783179791211 0.11195039749145508 6678
1783179791223 0.20110179483890533 6679
1783179791289 0.01218978501856327 6680
1783179791302 0.010202096775174141 6681
1783179791314 0.05938900262117386 6682
1783179791326 0.01889762468636036 6683
1783179791338 0.11751452833414078 6684
1783179791350 0.10491792857646942 6685
1783179791457 0.11162763088941574 6686
1783179791558 0.19272316992282867 6687
1783179791640 0.1483909636735916 6688
1783179791740 0.025920221582055092 6689
1783179791832 0.1086561530828476 6690
1783179791866 0.04175578057765961 6691
1783179791882 0.06603431701660156 6692
1783179791913 0.07541609555482864 6693
1783179791993 0.034758809953927994 6694
1783179792097 0.019122414290905 6695
1783179792202 0.1261083036661148 6696
1783179792315 0.08753269910812378 6697
1783179792437 0.006040358450263739 6698
1783179792547 0.015244395472109318 6699
1783179792615 0.07954296469688416 6700
1783179792650 0.049861498177051544 6701
1783179792675 0.03421585634350777 6702
1783179792684 0.05663887783885002 6703
1783179792690 0.006926752161234617 6704
1783179792700 0.0654505267739296 6705
1783179792713 0.04343496635556221 6706
1783179792775 0.2054806351661682 6707
1783179792814 0.2374618649482727 6708
1783179792924 0.009090438485145569 6709
1783179793035 0.030567973852157593 6710
1783179793136 0.04182524234056473 6711
1783179793225 0.18430659174919128 6712
1783179793331 0.07732009142637253 6713
1783179793435 0.4908376932144165 6714
1783179793557 0.03037552535533905 6715
1783179793645 0.02072817087173462 6716
1783179793756 0.08022572845220566 6717
1783179793859 0.06659641861915588 6718
1783179793971 0.02668750286102295 6719
1783179794076 0.047664154320955276 6720
1783179794187 0.09238099306821823 6721
1783179794290 0.028800558298826218 6722
1783179794398 0.17270059883594513 6723
1783179794501 0.13376134634017944 6724
1783179794600 0.024587320163846016 6725
1783179794700 0.19259090721607208 6726
1783179794805 0.02987555041909218 6727
1783179794868 0.046742141246795654 6728
1783179794876 0.0957522764801979 6729
1783179794894 0.1514424979686737 6730
1783179794900 0.19069088995456696 6731
1783179794911 0.15015681087970734 6732
1783179795017 0.09525531530380249 6733
1783179795120 0.050795841962099075 6734
1783179795226 0.011803435161709785 6735
1783179795331 0.07378599792718887 6736
1783179795448 0.12412767112255096 6737
1783179795557 0.002005557995289564 6738
1783179795662 0.007675861474126577 6739
1783179795766 0.0373719185590744 6740
1783179795868 0.21192504465579987 6741
1783179795972 0.10527375340461731 6742
1783179796078 0.05469370633363724 6743
1783179796183 0.2918148934841156 6744
1783179796288 0.021085523068904877 6745
1783179796389 0.1404770016670227 6746
1783179796495 0.09142491966485977 6747
1783179796600 0.015424331650137901 6748
1783179796710 0.03840383514761925 6749
1783179796817 0.08309730887413025 6750
1783179796926 0.0602135993540287 6751
1783179797029 0.06891117990016937 6752
1783179797139 0.20118208229541779 6753
1783179797247 0.0646144226193428 6754
1783179797350 0.011775314807891846 6755
1783179797457 0.1939290165901184 6756
1783179797568 0.06265749782323837 6757
1783179797677 0.11466027051210403 6758
1783179797785 0.11496051400899887 6759
1783179797900 0.01616171933710575 6760
1783179798010 0.03809880465269089 6761
1783179798113 0.09575934708118439 6762
1783179798222 0.0052443984895944595 6763
1783179798333 0.14208531379699707 6764
1783179798449 0.06341743469238281 6765
1783179798576 0.051413413137197495 6766
1783179798685 0.012336568906903267 6767
1783179798792 0.1437700092792511 6768
1783179798902 0.07208224385976791 6769
1783179798996 0.1923539638519287 6770
1783179799082 0.0644078329205513 6771
1783179799166 0.275131493806839 6772
1783179799257 0.11401364952325821 6773
1783179799351 0.09967215359210968 6774
1783179799449 0.17495721578598022 6775
1783179799535 0.032601479440927505 6776
1783179799615 0.016227440908551216 6777
1783179799702 0.09344352036714554 6778
1783179799713 0.058078158646821976 6779
1783179799725 0.15737348794937134 6780
1783179799754 0.455694317817688 6781
1783179799771 0.09261506795883179 6782
1783179799795 0.013749267905950546 6783
1783179799814 0.25547027587890625 6784
1783179799825 0.014585659839212894 6785
1783179799838 0.3262426257133484 6786
1783179799849 0.04957238957285881 6787
1783179799862 0.023036029189825058 6788
1783179799893 0.2093011885881424 6789
1783179799909 0.233414888381958 6790
1783179800005 0.0980941504240036 6791
1783179800027 0.30968716740608215 6792
1783179800127 0.03287873789668083 6793
1783179800233 0.06522951275110245 6794
1783179800338 0.023721307516098022 6795
1783179800439 0.03737524524331093 6796
1783179800542 0.20196133852005005 6797
1783179800644 0.004355990793555975 6798
1783179800745 0.05282438546419144 6799
1783179800848 0.003861279459670186 6800
1783179800949 0.20948533713817596 6801
1783179801055 0.08131567388772964 6802
1783179801073 0.4578862488269806 6803
1783179801095 0.03051067888736725 6804
1783179801105 0.38919082283973694 6805
1783179801140 0.025928936898708344 6806
1783179801243 0.1210646852850914 6807
1783179801356 0.05606083571910858 6808
1783179801458 0.12241784483194351 6809
1783179801561 0.07329200953245163 6810
1783179801599 0.06310995668172836 6811
1783179801705 0.08547075092792511 6812
1783179801815 0.1911577582359314 6813
1783179801923 0.19389905035495758 6814
1783179802028 0.005276859272271395 6815
1783179802135 0.003437427105382085 6816
1783179802240 0.5176841616630554 6817
1783179802344 0.04096849262714386 6818
1783179802451 0.06114600598812103 6819
1783179802556 0.5984980463981628 6820
1783179802660 0.21312610805034637 6821
1783179802768 0.13026423752307892 6822
1783179802875 0.1563105583190918 6823
1783179802982 0.07637491077184677 6824
1783179803088 0.109876848757267 6825
1783179803202 0.0475042387843132 6826
1783179803308 0.07122627645730972 6827
1783179803417 0.08474616706371307 6828
1783179803528 0.03959605470299721 6829
1783179803639 0.08822415769100189 6830
1783179803742 0.04657818749547005 6831
1783179803854 0.013076459057629108 6832
1783179803959 0.19272448122501373 6833
1783179804058 0.1953587681055069 6834
1783179804157 0.08499875664710999 6835
1783179804263 0.02613566257059574 6836
1783179804365 0.05731448158621788 6837
1783179804473 0.10087559372186661 6838
1783179804585 0.2214033603668213 6839
1783179804686 0.08357185870409012 6840
1783179804779 0.10668803751468658 6841
1783179804888 0.0916975736618042 6842
1783179804993 0.03668547049164772 6843
1783179805096 0.12160053104162216 6844
1783179805146 0.017980314791202545 6845
1783179805159 0.08982128649950027 6846
1783179805166 0.036396559327840805 6847
1783179805224 0.11778590828180313 6848
1783179805230 0.06739649921655655 6849
1783179805310 0.1033971756696701 6850
1783179805316 0.1137315183877945 6851
1783179805407 0.1543092578649521 6852
1783179805413 0.056840069591999054 6853
1783179805419 0.025585783645510674 6854
1783179805424 0.010432383976876736 6855
1783179805430 0.029661038890480995 6856
1783179805437 0.0593528151512146 6857
1783179805446 0.02065831422805786 6858
1783179805452 0.06414598226547241 6859
1783179805472 0.07540543377399445 6860
1783179805488 0.03709494695067406 6861
1783179805593 0.04732576012611389 6862
1783179805704 0.001994561171159148 6863
1783179805760 0.26020732522010803 6864
1783179805772 0.011126969009637833 6865
1783179805879 0.017028747126460075 6866
1783179805982 0.21089725196361542 6867
1783179806082 0.17596033215522766 6868
1783179806185 0.18277430534362793 6869
1783179806295 0.058382660150527954 6870
1783179806401 0.3960311710834503 6871
1783179806503 0.03147315979003906 6872
1783179806605 0.17037400603294373 6873
1783179806707 0.02955542877316475 6874
1783179806809 0.021029887720942497 6875
1783179806911 0.1324274241924286 6876
1783179807014 0.141120046377182 6877
1783179807033 0.06792011111974716 6878
1783179807039 0.08220766484737396 6879
1783179807046 0.09055642038583755 6880
1783179807057 0.013007190078496933 6881
1783179807064 0.10553181916475296 6882
1783179807070 0.04140815883874893 6883
1783179807081 0.022095847874879837 6884
1783179807094 0.3587968349456787 6885
1783179807104 0.08642387390136719 6886
1783179807112 0.20901000499725342 6887
1783179807122 0.054103996604681015 6888
1783179807135 0.23965539038181305 6889
1783179807143 0.03894788771867752 6890
1783179807149 0.006857188418507576 6891
1783179807248 0.1817617267370224 6892
1783179807351 0.48327773809432983 6893
1783179807452 0.165384441614151 6894
1783179807557 0.016891099512577057 6895
1783179807659 0.06345700472593307 6896
1783179807763 0.2624533176422119 6897
1783179807861 0.09582679718732834 6898
1783179807965 0.04295438528060913 6899
1783179808066 0.011846205219626427 6900
1783179808168 0.09991437196731567 6901
1783179808266 0.04924773424863815 6902
1783179808366 0.10981784760951996 6903
1783179808460 0.11144854873418808 6904
1783179808561 0.17997786402702332 6905
1783179808660 0.2255304753780365 6906
1783179808761 0.22961395978927612 6907
1783179808863 0.1975754201412201 6908
1783179808959 0.055672787129879 6909
1783179809058 0.06876305490732193 6910
1783179809152 0.04526268690824509 6911
1783179809249 0.14116403460502625 6912
1783179809350 0.30304229259490967 6913
1783179809446 0.04512743279337883 6914
1783179809543 0.09185061603784561 6915
1783179809642 0.06022283062338829 6916
1783179809740 0.05831221491098404 6917
1783179809838 0.03220087289810181 6918
1783179809937 0.22436927258968353 6919
1783179810036 0.2841556966304779 6920
1783179810112 0.010625399649143219 6921
1783179810120 0.08521217852830887 6922
1783179810127 0.07175573706626892 6923
1783179810134 0.03537740185856819 6924
1783179810140 0.0952126681804657 6925
1783179810145 0.2561405897140503 6926
1783179810152 0.017235804349184036 6927
1783179810158 0.07885219156742096 6928
1783179810164 0.010584854520857334 6929
1783179810169 0.07125541567802429 6930
1783179810176 0.05180760845541954 6931
1783179810182 0.03419448807835579 6932
1783179810187 0.2804195284843445 6933
1783179810248 0.1920749992132187 6934
1783179810254 0.09163665771484375 6935
1783179810260 0.10361135005950928 6936
1783179810266 0.07828006148338318 6937
1783179810272 0.07010653614997864 6938
1783179810375 0.06081397831439972 6939
1783179810379 0.2147948145866394 6940
1783179810390 0.07478451728820801 6941
1783179810398 0.11447279155254364 6942
1783179810409 0.014842580072581768 6943
1783179810415 0.1786709427833557 6944
1783179810421 0.0333252027630806 6945
1783179810427 0.341961532831192 6946
1783179810433 0.014620151370763779 6947
1783179810439 0.036522213369607925 6948
1783179810445 0.0945940837264061 6949
1783179810451 0.14522531628608704 6950
1783179810457 0.09007730334997177 6951
1783179810463 0.6963748335838318 6952
1783179810469 0.005580811761319637 6953
1783179810475 0.008152928203344345 6954
1783179810482 0.12664279341697693 6955
1783179810488 0.008649442344903946 6956
1783179810494 0.02428010292351246 6957
1783179810500 0.10509029030799866 6958
1783179810506 0.04604186862707138 6959
1783179810523 0.06913237273693085 6960
1783179810529 0.11054552346467972 6961
1783179810537 0.08306863903999329 6962
1783179810560 0.13673962652683258 6963
1783179810567 0.06922873854637146 6964
1783179810573 0.060727037489414215 6965
1783179810579 0.10997047275304794 6966
1783179810585 0.09358339011669159 6967
1783179810591 0.1674632430076599 6968
1783179810597 0.19825005531311035 6969
1783179810603 0.04680382460355759 6970
1783179810610 0.34238988161087036 6971
1783179810615 0.11471714079380035 6972
1783179810621 0.012586405500769615 6973
1783179810628 0.2955355942249298 6974
1783179810633 0.08850742131471634 6975
1783179810638 0.08094742894172668 6976
1783179810645 0.39352118968963623 6977
1783179810739 0.008029432967305183 6978
1783179810791 0.0379260890185833 6979
1783179810797 0.11710294336080551 6980
1783179810803 0.2028517723083496 6981
1783179810812 0.10165958851575851 6982
1783179810862 0.038460586220026016 6983
1783179810892 0.07093227654695511 6984
1783179810906 0.13587749004364014 6985
1783179810919 0.0547402985394001 6986
1783179810924 0.008699759840965271 6987
1783179810937 0.07721082866191864 6988
1783179810955 0.04608788341283798 6989
1783179811042 0.025836410000920296 6990
1783179811064 0.08232315629720688 6991
1783179811136 0.13512873649597168 6992
1783179811166 0.18815486133098602 6993
1783179811171 0.010937073267996311 6994
1783179811181 0.1091998890042305 6995
1783179811193 0.06668228656053543 6996
1783179811212 0.09057120978832245 6997
1783179811224 0.16351915895938873 6998
1783179811255 0.09297115355730057 6999
1783179811263 0.12861019372940063 7000
1783179811285 0.025992313399910927 7001
1783179811380 0.06405716389417648 7002
1783179811391 0.0025931147392839193 7003
1783179811398 0.3578640818595886 7004
1783179811408 0.05985214561223984 7005
1783179811440 0.17014122009277344 7006
1783179811457 0.14041288197040558 7007
1783179811468 0.014904460869729519 7008
1783179811475 0.0882294699549675 7009
1783179811488 0.09812930226325989 7010
1783179811504 0.08966877311468124 7011
1783179811517 0.18311873078346252 7012
1783179811523 0.08770547807216644 7013
1783179811530 0.04541058465838432 7014
1783179811630 0.058811262249946594 7015
1783179811697 0.24612978100776672 7016
1783179811704 0.010975327342748642 7017
1783179811710 0.12084159255027771 7018
1783179811745 0.007376721128821373 7019
1783179811751 0.06629695743322372 7020
1783179811756 0.04320409893989563 7021
1783179811812 0.12852756679058075 7022
1783179811820 0.2836799621582031 7023
1783179811826 0.04417514428496361 7024
1783179811832 0.053769711405038834 7025
1783179811838 0.032734692096710205 7026
1783179811846 0.10306345671415329 7027
1783179811851 0.0728612095117569 7028
1783179811857 0.044305190443992615 7029
1783179811863 0.025813108310103416 7030
1783179811869 0.02991054579615593 7031
1783179811874 0.027092186734080315 7032
1783179811881 0.021185269579291344 7033
1783179811885 0.2185102105140686 7034
1783179811891 0.14170347154140472 7035
1783179811898 0.4565475285053253 7036
1783179811995 0.07313492149114609 7037
1783179812042 0.008065369911491871 7038
1783179812093 0.09771821647882462 7039
1783179812102 0.19693608582019806 7040
1783179812112 0.1832887828350067 7041
1783179812118 0.3071918785572052 7042
1783179812184 0.22587469220161438 7043
1783179812217 0.01838318631052971 7044
1783179812322 0.06180915981531143 7045
1783179812434 0.00782165490090847 7046
1783179812523 0.3026896119117737 7047
1783179812626 0.3543241024017334 7048
1783179812729 0.05877538397908211 7049
1783179812826 0.010957567021250725 7050
1783179812926 0.07224100083112717 7051
1783179813029 0.15302415192127228 7052
1783179813132 0.0183568112552166 7053
1783179813234 0.0417744517326355 7054
1783179813333 0.02326573245227337 7055
1783179813440 0.17121851444244385 7056
1783179813531 0.1378491371870041 7057
1783179813634 0.06179073825478554 7058
1783179813733 0.22972646355628967 7059
1783179813834 0.052379295229911804 7060
1783179813946 0.12024414539337158 7061
1783179813993 0.06112803891301155 7062
1783179814000 0.09810904413461685 7063
1783179814024 0.16778138279914856 7064
1783179814035 0.2759063243865967 7065
1783179814039 0.1810639649629593 7066
1783179814043 0.22958537936210632 7067
1783179814048 0.0748496875166893 7068
1783179814055 0.12701715528964996 7069
1783179814061 0.04540399834513664 7070
1783179814067 0.07581884413957596 7071
1783179814073 0.08356973528862 7072
1783179814080 0.06361144781112671 7073
1783179814087 0.0074194953776896 7074
1783179814091 0.024634219706058502 7075
1783179814108 0.01947258785367012 7076
1783179814126 0.013048175722360611 7077
1783179814138 0.10602492839097977 7078
1783179814145 0.13379527628421783 7079
1783179814151 0.11887381225824356 7080
1783179814158 0.037443265318870544 7081
1783179814196 0.20567210018634796 7082
1783179814208 0.06332907825708389 7083
1783179814216 0.0484556145966053 7084
1783179814221 0.0031979260966181755 7085
1783179814226 0.1821252703666687 7086
1783179814234 0.015047931112349033 7087
1783179814240 0.0423453263938427 7088
1783179814245 0.178460955619812 7089
1783179814251 0.2219187319278717 7090
1783179814259 0.02536889910697937 7091
1783179814270 0.09803859144449234 7092
1783179814330 0.003968807402998209 7093
1783179814366 0.0209139846265316 7094
1783179814369 0.26288336515426636 7095
1783179814376 0.033675625920295715 7096
1783179814384 0.046085722744464874 7097
1783179814389 0.045498866587877274 7098
1783179814395 0.13637426495552063 7099
1783179814401 0.15874584019184113 7100
1783179814407 0.023334402590990067 7101
1783179814419 0.037641167640686035 7102
1783179814425 0.114556685090065 7103
1783179814432 0.15184426307678223 7104
1783179814437 0.011756912805140018 7105
1783179814445 0.0239085853099823 7106
1783179814451 0.2113938182592392 7107
1783179814456 0.07900732755661011 7108
1783179814546 0.20241466164588928 7109
1783179814560 0.042401235550642014 7110
1783179814571 0.08035742491483688 7111
1783179814576 0.06633330136537552 7112
1783179814581 0.10703743249177933 7113
1783179814587 0.0032900001388043165 7114
1783179814593 0.08929681777954102 7115
1783179814623 0.09563452750444412 7116
1783179814698 0.07560941576957703 7117
1783179814717 0.050710272043943405 7118
1783179814723 0.048035625368356705 7119
1783179814735 0.05555535480380058 7120
1783179814771 0.1225680336356163 7121
1783179814788 0.026139527559280396 7122
1783179814822 0.14873060584068298 7123
1783179814836 0.06031019613146782 7124
1783179814841 0.011014273390173912 7125
1783179814849 0.020697616040706635 7126
1783179814853 0.022647183388471603 7127
1783179814858 0.09213059395551682 7128
1783179814865 0.03476177528500557 7129
1783179814871 0.12779474258422852 7130
1783179814877 0.10352429747581482 7131
1783179814883 0.20699116587638855 7132
1783179814894 0.08373823016881943 7133
1783179814907 0.02554711326956749 7134
1783179814928 0.025881092995405197 7135
1783179814931 0.015005727298557758 7136
1783179814937 0.03236861899495125 7137
1783179814944 0.09983878582715988 7138
1783179815027 0.11303233355283737 7139
1783179815035 0.1818360537290573 7140
1783179815041 0.041358113288879395 7141
1783179815047 0.012357957661151886 7142
1783179815054 0.09011977165937424 7143
1783179815060 0.0014055344508960843 7144
1783179815071 0.06055820733308792 7145
1783179815153 0.05197714641690254 7146
1783179815169 0.018585005775094032 7147
1783179815177 0.010686513036489487 7148
1783179815186 0.0787820890545845 7149
1783179815253 0.09582509100437164 7150
1783179815337 0.15865977108478546 7151
1783179815396 0.09402821958065033 7152
1783179815402 0.10731370002031326 7153
1783179815408 0.06947769969701767 7154
1783179815415 0.17962853610515594 7155
1783179815422 0.10488329082727432 7156
1783179815518 0.20308631658554077 7157
1783179815524 0.03875810280442238 7158
1783179815610 0.11690729111433029 7159
1783179815621 0.06849875301122665 7160
1783179815646 0.0011912663467228413 7161
1783179815743 0.026935212314128876 7162
1783179815747 0.02153674326837063 7163
1783179815752 0.06464581191539764 7164
1783179815760 0.02638779580593109 7165
1783179815768 0.1684459000825882 7166
1783179815775 0.044289927929639816 7167
1783179815835 0.03797237575054169 7168
1783179815838 0.021012194454669952 7169
1783179815844 0.0030942081939429045 7170
1783179815853 0.015133553184568882 7171
1783179815857 0.10259341448545456 7172
1783179815864 0.025232311338186264 7173
1783179815964 0.06665792316198349 7174
1783179815994 0.020336845889687538 7175
1783179816001 0.050453003495931625 7176
1783179816008 0.005720669403672218 7177
1783179816015 0.06573767215013504 7178
1783179816023 0.0030532567761838436 7179
1783179816028 0.00844549760222435 7180
1783179816037 0.07561494410037994 7181
1783179816043 0.0650591179728508 7182
1783179816050 0.09073594957590103 7183
1783179816054 0.020133865997195244 7184
1783179816059 0.0355009026825428 7185
1783179816064 0.010781267657876015 7186
1783179816070 0.005051987711340189 7187
1783179816075 0.023333730176091194 7188
1783179816081 0.015343526378273964 7189
1783179816087 0.00853968970477581 7190
1783179816090 0.011467697098851204 7191
1783179816096 0.028037074953317642 7192
1783179816102 0.0891677513718605 7193
1783179816108 0.026677310466766357 7194
1783179816118 0.030941618606448174 7195
1783179816141 0.003463316708803177 7196
1783179816224 0.08660667389631271 7197
1783179816326 0.002958145458251238 7198
1783179816409 0.044732216745615005 7199
1783179816476 0.13589400053024292 7200
1783179816572 0.003535166848450899 7201
1783179816652 0.01682271994650364 7202
1783179816726 0.0246358010917902 7203
1783179816803 0.09950128197669983 7204
1783179816889 0.16684529185295105 7205
1783179816973 0.0535479299724102 7206
1783179817061 0.09581400454044342 7207
1783179817153 0.009009315632283688 7208
1783179817258 0.02499903179705143 7209
1783179817351 0.007293289061635733 7210
1783179817456 0.019389808177947998 7211
1783179817537 0.0579882487654686 7212
1783179817621 0.20737862586975098 7213
1783179817691 0.14956210553646088 7214
1783179817781 0.014126540161669254 7215
1783179817877 0.015344584360718727 7216
1783179817967 0.0352865532040596 7217
1783179818051 0.05204632878303528 7218
1783179818128 0.10930290818214417 7219
1783179818216 0.014978793449699879 7220
1783179818299 0.05494895577430725 7221
1783179818392 0.06099097430706024 7222
1783179818485 0.011212460696697235 7223
1783179818576 0.15728244185447693 7224
1783179818681 0.014347696676850319 7225
1783179818780 0.030333315953612328 7226
1783179818876 0.23674285411834717 7227
1783179818973 0.005356974899768829 7228
1783179819059 0.0060320389457046986 7229
1783179819150 0.0033069979399442673 7230
1783179819249 0.09902869910001755 7231
1783179819350 0.05379653349518776 7232
1783179819361 0.06494475156068802 7233
1783179819382 0.04121680185198784 7234
1783179819458 0.1565009206533432 7235
1783179819467 0.04556438699364662 7236
1783179819476 0.1409030556678772 7237
1783179819485 0.2212403267621994 7238
1783179819494 0.042542219161987305 7239
1783179819597 0.038742005825042725 7240
1783179819609 0.009531634859740734 7241
1783179819693 0.013509433716535568 7242
1783179819704 0.1605517715215683 7243
1783179819714 0.23512160778045654 7244
1783179819718 0.0806143581867218 7245
1783179819819 0.14872696995735168 7246
1783179819854 0.02925945818424225 7247
1783179819861 0.07343973964452744 7248
1783179819879 0.08324266970157623 7249
1783179819894 0.010293028317391872 7250
1783179819991 0.0019425988430157304 7251
1783179819997 0.024130091071128845 7252
1783179820028 0.0722460150718689 7253
1783179820033 0.028881976380944252 7254
1783179820046 0.017726289108395576 7255
1783179820060 0.008636318147182465 7256
1783179820064 0.04383552819490433 7257
1783179820176 0.054905664175748825 7258
1783179820282 0.4233824610710144 7259
1783179820382 0.10504498332738876 7260
1783179820492 0.0019792530220001936 7261
1783179820600 0.2470642775297165 7262
1783179820701 0.18018360435962677 7263
1783179820806 0.0783718079328537 7264
1783179820905 0.02871403656899929 7265
1783179821006 0.24873220920562744 7266
1783179821105 0.012226772494614124 7267
1783179821208 0.0075154355727136135 7268
1783179821308 0.047244053333997726 7269
1783179821413 0.043930597603321075 7270
1783179821512 0.09037967771291733 7271
1783179821615 0.09184303879737854 7272
1783179821719 0.09500820189714432 7273
1783179821816 0.19926570355892181 7274
1783179821911 0.023911338299512863 7275
1783179822009 0.007755757309496403 7276
1783179822109 0.1393986940383911 7277
1783179822215 0.01935652270913124 7278
1783179822312 0.11994435638189316 7279
1783179822417 0.014038491062819958 7280
1783179822518 0.029720086604356766 7281
1783179822619 0.07030991464853287 7282
1783179822710 0.056592874228954315 7283
1783179822812 0.19387094676494598 7284
1783179822912 0.09266751259565353 7285
1783179823015 0.1152469590306282 7286
1783179823101 0.08466275781393051 7287
1783179823116 0.015596818178892136 7288
1783179823175 0.2050921618938446 7289
1783179823197 0.2785472571849823 7290
1783179823240 0.17574238777160645 7291
1783179823340 0.13266831636428833 7292
1783179823443 0.0502847321331501 7293
1783179823504 0.005907515063881874 7294
1783179823509 0.016998140141367912 7295
1783179823521 0.04184641316533089 7296
1783179823532 0.026701675727963448 7297
1783179823547 0.24096456170082092 7298
1783179823642 0.04416941478848457 7299
1783179823690 0.019868001341819763 7300
1783179823706 0.159091517329216 7301
1783179823712 0.21440541744232178 7302
1783179823792 0.11888005584478378 7303
1783179823813 0.050381578505039215 7304
1783179823907 0.014745727181434631 7305
1783179824008 0.003972585313022137 7306
1783179824108 0.03246070444583893 7307
1783179824210 0.005425462499260902 7308
1783179824285 0.03645458444952965 7309
1783179824298 0.09286078810691833 7310
1783179824304 0.006729687098413706 7311
1783179824310 0.05542072653770447 7312
1783179824363 0.007668153382837772 7313
1783179824371 0.018956022337079048 7314
1783179824376 0.012996860779821873 7315
1783179824388 0.09648294746875763 7316
1783179824430 0.007205558940768242 7317
1783179824486 0.09752130508422852 7318
1783179824495 0.029873661696910858 7319
1783179824503 0.027969347313046455 7320
1783179824510 0.006421780679374933 7321
1783179824515 0.25170180201530457 7322
1783179824521 0.01151190884411335 7323
1783179824526 0.01266474649310112 7324
1783179824534 0.20242100954055786 7325
1783179824635 0.0039273640140891075 7326
1783179824737 0.0491485521197319 7327
1783179824833 0.2943800091743469 7328
1783179824934 0.05770249292254448 7329
1783179825029 0.09344720095396042 7330
1783179825110 0.013275687582790852 7331
1783179825206 0.1121613010764122 7332
1783179825305 0.03969825431704521 7333
1783179825387 0.39259979128837585 7334
1783179825393 0.013520387932658195 7335
1783179825397 0.057762887328863144 7336
1783179825404 0.0125981280580163 7337
1783179825410 0.09431547671556473 7338
1783179825415 0.01740887761116028 7339
1783179825422 0.12415695190429688 7340
1783179825429 0.012377353385090828 7341
1783179825436 0.15491627156734467 7342
1783179825451 0.062095507979393005 7343
1783179825454 0.09358200430870056 7344
1783179825463 0.027130866423249245 7345
1783179825471 0.1885896921157837 7346
1783179825481 0.14657483994960785 7347
1783179825488 0.3073751628398895 7348
1783179825495 0.043282028287649155 7349
1783179825505 0.09337857365608215 7350
1783179825514 0.007039292715489864 7351
1783179825519 0.05653294548392296 7352
1783179825526 0.21476727724075317 7353
1783179825538 0.08130096644163132 7354
1783179825546 0.14633551239967346 7355
1783179825577 0.029728060588240623 7356
1783179825595 0.22530262172222137 7357
1783179825607 0.08258169144392014 7358
1783179825625 0.20060217380523682 7359
1783179825644 0.10328832268714905 7360
1783179825656 0.34749022126197815 7361
1783179825666 0.010379412211477757 7362
1783179825674 0.009176843799650669 7363
1783179825679 0.014801792800426483 7364
1783179825686 0.0070502739399671555 7365
1783179825698 0.691525399684906 7366
1783179825721 0.07688810676336288 7367
1783179825766 0.07625823467969894 7368
1783179825777 0.004972986876964569 7369
1783179825875 0.2386644035577774 7370
1783179825933 0.003394237020984292 7371
1783179825938 0.14069172739982605 7372
1783179826038 0.08408293128013611 7373
1783179826142 0.009930876083672047 7374
1783179826244 0.022057997062802315 7375
1783179826337 0.0035232321824878454 7376
1783179826433 0.037111569195985794 7377
1783179826525 0.0932864174246788 7378
1783179826609 0.0778808444738388 7379
1783179826703 0.015861375257372856 7380
1783179826793 0.006766178645193577 7381
1783179826892 0.026290923357009888 7382
1783179826963 0.15046426653862 7383
1783179826968 0.02326481230556965 7384
1783179826974 0.06166164204478264 7385
1783179826979 0.0625767707824707 7386
1783179826986 0.09673842787742615 7387
1783179826991 0.08870203793048859 7388
1783179827098 0.017256800085306168 7389
1783179827203 0.06127099692821503 7390
1783179827305 0.2326088696718216 7391
1783179827407 0.052539609372615814 7392
1783179827511 0.14713820815086365 7393
1783179827618 0.08745258301496506 7394
1783179827727 0.055390097200870514 7395
1783179827843 0.10306762158870697 7396
1783179827946 0.02096584253013134 7397
1783179828048 0.053787827491760254 7398
1783179828149 0.13442081212997437 7399
1783179828253 0.03758005425333977 7400
1783179828354 0.14890208840370178 7401
1783179828445 0.03129677101969719 7402
1783179828453 0.1694418489933014 7403
1783179828458 0.1749780923128128 7404
1783179828465 0.02687871642410755 7405
1783179828470 0.029996566474437714 7406
1783179828480 0.07750318944454193 7407
1783179828489 0.11206670105457306 7408
1783179828527 0.005212423391640186 7409
1783179828532 0.012082064524292946 7410
1783179828536 0.0016681649722158909 7411
1783179828542 0.0073667108081281185 7412
1783179828548 0.13520486652851105 7413
1783179828566 0.017298907041549683 7414
1783179828620 0.032679591327905655 7415
1783179828626 0.1044912040233612 7416
1783179828729 0.006150273606181145 7417
1783179828830 0.0506647527217865 7418
1783179828935 0.07136671990156174 7419
1783179829039 0.015495171770453453 7420
1783179829124 0.1444094032049179 7421
1783179829219 0.006585750728845596 7422
1783179829333 0.01061405148357153 7423
1783179829441 0.1855587214231491 7424
1783179829538 0.09374945610761642 7425
1783179829645 0.005216856487095356 7426
1783179829757 0.036507103592157364 7427
1783179829868 0.008598986081779003 7428
1783179829973 0.14456701278686523 7429
1783179830080 0.09386450797319412 7430
1783179830182 0.003630414605140686 7431
1783179830286 0.1130264401435852 7432
1783179830392 0.05413199961185455 7433
1783179830493 0.0024406968150287867 7434
1783179830595 0.011112079955637455 7435
1783179830697 0.12101204693317413 7436
1783179830788 0.052595414221286774 7437
1783179830797 0.051217641681432724 7438
1783179830859 0.13557438552379608 7439
1783179830892 0.09967580437660217 7440
1783179830992 0.11914427578449249 7441
1783179831106 0.16945084929466248 7442
1783179831232 0.045535363256931305 7443
1783179831342 0.1122572049498558 7444
1783179831447 0.10471442341804504 7445
1783179831564 0.0784665122628212 7446
1783179831670 0.009030316956341267 7447
1783179831773 0.02320912666618824 7448
1783179831885 0.04810246452689171 7449
1783179832067 0.021861493587493896 7450
1783179832171 0.00685251597315073 7451
1783179832281 0.006300537381321192 7452
1783179832393 0.07568015158176422 7453
1783179832501 0.26989421248435974 7454
1783179832609 0.05691837519407272 7455
1783179832716 0.1355745494365692 7456
1783179832819 0.05341717600822449 7457
1783179832923 0.014114154502749443 7458
1783179833023 0.12692032754421234 7459
1783179833091 0.02792905643582344 7460
1783179833096 0.07648305594921112 7461
1783179833203 0.0871787741780281 7462
1783179833263 0.10975942760705948 7463
1783179833359 0.03577301278710365 7464
1783179833469 0.15761035680770874 7465
1783179833576 0.09857410192489624 7466
1783179833681 0.13291259109973907 7467
1783179833785 0.13245922327041626 7468
1783179833843 0.03526023030281067 7469
1783179833948 0.11237845569849014 7470
1783179833971 0.0665351077914238 7471
1783179834065 0.003244793741032481 7472
1783179834164 0.005172195378690958 7473
1783179834227 0.06480337679386139 7474
1783179834235 0.0159224234521389 7475
1783179834245 0.023106444627046585 7476
1783179834250 0.30251815915107727 7477
1783179834257 0.18663601577281952 7478
1783179834269 0.20423002541065216 7479
1783179834293 0.2587254047393799 7480
1783179834304 0.05761752650141716 7481
1783179834311 0.006681626662611961 7482
1783179834317 0.024848151952028275 7483
1783179834322 0.0028223437257111073 7484
1783179834380 0.019285617396235466 7485
1783179834460 0.015142757445573807 7486
1783179834562 0.0053024981170892715 7487
1783179834605 0.06283468753099442 7488
1783179834614 0.021914176642894745 7489
1783179834655 0.3824426531791687 7490
1783179834753 0.01121904980391264 7491
1783179834853 0.11525272578001022 7492
1783179834945 0.02417084202170372 7493
1783179835006 0.005399354733526707 7494
1783179835100 0.02729535847902298 7495
1783179835200 0.1678599715232849 7496
1783179835243 0.06678038835525513 7497
1783179835349 0.14064325392246246 7498
1783179835429 0.03786788135766983 7499
1783179838556 0.03029983676970005 7500
1783179838626 0.09626269340515137 7501
1783179838683 0.030191313475370407 7502
1783179838695 0.24383632838726044 7503
1783179838707 0.054427485913038254 7504
1783179838713 0.01398975308984518 7505
1783179838731 0.05035495385527611 7506
1783179838790 0.024352755397558212 7507
1783179838796 0.03199620172381401 7508
1783179838803 0.010700114071369171 7509
1783179838808 0.015137961134314537 7510
1783179838821 0.03553606569766998 7511
1783179838827 0.11818280816078186 7512
1783179838839 0.21105919778347015 7513
1783179838872 0.014554953202605247 7514
1783179838881 0.03773394972085953 7515
1783179838887 0.010099307633936405 7516
1783179838899 0.020951656624674797 7517
1783179838905 0.023037340492010117 7518
1783179838911 0.08749819546937943 7519
1783179838932 0.12514980137348175 7520
1783179838945 0.01946570910513401 7521
1783179838951 0.019861340522766113 7522
1783179838957 0.08473057299852371 7523
1783179838983 0.060781802982091904 7524
1783179838987 0.00808198843151331 7525
1783179838999 0.03459092974662781 7526
1783179839047 0.007107140962034464 7527
1783179839058 0.00333311571739614 7528
1783179839069 0.004291990306228399 7529
1783179839077 0.0223078653216362 7530
1783179839083 0.13588638603687286 7531
1783179839089 0.04312140494585037 7532
1783179839095 0.02381981536746025 7533
1783179839101 0.012191741727292538 7534
1783179839108 0.12922057509422302 7535
1783179839114 0.0018708874704316258 7536
1783179839120 0.006218491587787867 7537
1783179839126 0.14820897579193115 7538
1783179839131 0.02390798181295395 7539
1783179839137 0.031117795035243034 7540
1783179839143 0.18348385393619537 7541
1783179839149 0.16043499112129211 7542
1783179839155 0.04938039183616638 7543
1783179839161 0.05684761703014374 7544
1783179839167 0.039372704923152924 7545
1783179839173 0.020884880796074867 7546
1783179839179 0.033951662480831146 7547
1783179839187 0.03094509430229664 7548
1783179839193 0.1568279266357422 7549
1783179839199 0.022903097793459892 7550
1783179839205 0.05488422140479088 7551
1783179839211 0.008740033954381943 7552
1783179839216 0.06128762289881706 7553
1783179839222 0.013523695059120655 7554
1783179839228 0.07797348499298096 7555
1783179839234 0.009156061336398125 7556
1783179839240 0.04056914523243904 7557
1783179839246 0.025606995448470116 7558
1783179839290 0.011382786557078362 7559
1783179839313 0.0334223248064518 7560
1783179839321 0.2334328442811966 7561
1783179839330 0.016089558601379395 7562
1783179839336 0.0026170117780566216 7563
1783179839342 0.1829189658164978 7564
1783179839348 0.06517080217599869 7565
1783179839354 0.04764570668339729 7566
1783179839366 0.22611987590789795 7567
1783179839372 0.004288783762603998 7568
1783179839378 0.0479465052485466 7569
1783179839384 0.033186689019203186 7570
1783179839390 0.028757117688655853 7571
1783179839396 0.16814137995243073 7572
1783179839408 0.1475904881954193 7573
1783179839504 0.008984693326056004 7574
1783179839522 0.04722334071993828 7575
1783179839534 0.19391311705112457 7576
1783179839629 0.006565185729414225 7577
1783179839641 0.4280319809913635 7578
1783179839648 0.03947816789150238 7579
1783179839656 0.1928185522556305 7580
1783179839692 0.03147583827376366 7581
1783179839698 0.07603946328163147 7582
1783179839709 0.26652464270591736 7583
1783179839722 0.19401337206363678 7584
1783179839733 0.032353565096855164 7585
1783179839740 0.025164730846881866 7586
1783179839744 0.12864051759243011 7587
1783179839751 0.17279216647148132 7588
1783179839798 0.0313342846930027 7589
1783179839806 0.06872275471687317 7590
1783179839810 0.03290475532412529 7591
1783179839817 0.0375191792845726 7592
1783179839822 0.05236896127462387 7593
1783179839828 0.13769365847110748 7594
1783179839834 0.0229190643876791 7595
1783179839842 0.12660126388072968 7596
1783179839846 0.09918179363012314 7597
1783179839852 0.1301385760307312 7598
1783179839858 0.2654155194759369 7599
1783179839864 0.10920993238687515 7600
1783179839871 0.009327642619609833 7601
1783179839876 0.024108517915010452 7602
1783179839895 0.015890955924987793 7603
1783179839907 0.014389492571353912 7604
1783179839912 0.02039434388279915 7605
1783179839918 0.16927045583724976 7606
1783179839924 0.06344836205244064 7607
1783179839932 0.04828264191746712 7608
1783179839936 0.2574223577976227 7609
1783179839942 0.07570445537567139 7610
1783179839948 0.04147813469171524 7611
1783179839954 0.11006864160299301 7612
1783179839960 0.076176218688488 7613
1783179839968 0.19174149632453918 7614
1783179839973 0.0371970608830452 7615
1783179839979 0.07666019350290298 7616
1783179839985 0.097486712038517 7617
1783179839991 0.013236560858786106 7618
1783179839997 0.037946395576000214 7619
1783179840022 0.09293346852064133 7620
1783179840026 0.008052329532802105 7621
1783179840034 0.021982312202453613 7622
1783179840038 0.022526690736413002 7623
1783179840052 0.01168743520975113 7624
1783179840056 0.035211898386478424 7625
1783179840064 0.1085892841219902 7626
1783179840079 0.2123251110315323 7627
1783179840086 0.02226235345005989 7628
1783179840093 0.07422859221696854 7629
1783179840098 0.026171645149588585 7630
1783179840153 0.0711996927857399 7631
1783179840158 0.0043747154995799065 7632
1783179840165 0.1227661669254303 7633
1783179840171 0.07924637198448181 7634
1783179840176 0.0593910738825798 7635
1783179840182 0.19629690051078796 7636
1783179840189 0.016473665833473206 7637
1783179840195 0.021509040147066116 7638
1783179840201 0.004671888425946236 7639
1783179840206 0.005483792629092932 7640
1783179840219 0.03138230741024017 7641
1783179840224 0.12410180270671844 7642
1783179840231 0.09544087946414948 7643
1783179840236 0.21191300451755524 7644
1783179840243 0.15675848722457886 7645
1783179840248 0.035679951310157776 7646
1783179840254 0.05084237456321716 7647
1783179840262 0.0034077169839292765 7648
1783179840267 0.08026818186044693 7649
1783179840273 0.02955160103738308 7650
1783179840290 0.3004968762397766 7651
1783179840304 0.01589706353843212 7652
1783179840309 0.013658171519637108 7653
1783179840314 0.07439794391393661 7654
1783179840344 0.17402222752571106 7655
1783179840351 0.030818229541182518 7656
1783179840357 0.004803137853741646 7657
1783179840363 0.023936135694384575 7658
1783179840370 0.007748669479042292 7659
1783179840375 0.01640958897769451 7660
1783179840381 0.005795885343104601 7661
1783179840388 0.002201179740950465 7662
1783179840393 0.00648224912583828 7663
1783179840399 0.053257450461387634 7664
1783179840405 0.12489344924688339 7665
1783179840410 0.03327002376317978 7666
1783179840417 0.08124466240406036 7667
1783179840423 0.06305866688489914 7668
1783179840429 0.026369044557213783 7669
1783179840435 0.0015000593848526478 7670
1783179840440 0.0560760572552681 7671
1783179840448 0.08413536846637726 7672
1783179840454 0.08339498937129974 7673
1783179840459 0.025502491742372513 7674
1783179840465 0.3747672140598297 7675
1783179840472 0.023764897137880325 7676
1783179840477 0.04072804003953934 7677
1783179840483 0.24925373494625092 7678
1783179840489 0.009205435402691364 7679
1783179840495 0.033016446977853775 7680
1783179840500 0.028265824541449547 7681
1783179840506 0.0374322235584259 7682
1783179840513 0.01862521469593048 7683
1783179840518 0.021728474646806717 7684
1783179840525 0.01999157853424549 7685
1783179840530 0.021541519090533257 7686
1783179840543 0.04514475166797638 7687
1783179840549 0.04120368883013725 7688
1783179840556 0.11599130928516388 7689
1783179840562 0.020918067544698715 7690
1783179840567 0.04243036359548569 7691
1783179840573 0.019317083060741425 7692
1783179840578 0.06978031247854233 7693
1783179840585 0.1142406240105629 7694
1783179840591 0.026198334991931915 7695
1783179840605 0.004907774273306131 7696
1783179840610 0.08056023716926575 7697
1783179840626 0.010870167054235935 7698
1783179840650 0.05295214429497719 7699
1783179840660 0.006670456379652023 7700
1783179840668 0.05250389873981476 7701
1783179840674 0.03000849112868309 7702
1783179840680 0.14413876831531525 7703
1783179840686 0.09644673019647598 7704
1783179840692 0.05366064980626106 7705
1783179840702 0.06626911461353302 7706
1783179840715 0.08003780990839005 7707
1783179840722 0.16621288657188416 7708
1783179840733 0.11418970674276352 7709
1783179840740 0.004762333817780018 7710
1783179840745 0.011646130122244358 7711
1783179840758 0.026425670832395554 7712
1783179840775 0.05362720787525177 7713
1783179840781 0.06576163321733475 7714
1783179840789 0.10348375141620636 7715
1783179840794 0.004618973471224308 7716
1783179840800 0.07456482946872711 7717
1783179840806 0.15503525733947754 7718
1783179840812 0.005798251833766699 7719
1783179840817 0.473861962556839 7720
1783179840825 0.010350328870117664 7721
1783179840831 0.0031047347001731396 7722
1783179840835 0.13675667345523834 7723
1783179840841 0.06606367975473404 7724
1783179840846 0.21456290781497955 7725
1783179840853 0.0564403235912323 7726
1783179840859 0.004706729669123888 7727
1783179840864 0.020451147109270096 7728
1783179840872 0.08114450424909592 7729
1783179840878 0.06840481609106064 7730
1783179840883 0.120582215487957 7731
1783179840897 0.20453478395938873 7732
1783179840902 0.05851539224386215 7733
1783179840914 0.22305762767791748 7734
1783179840926 0.07832524925470352 7735
1783179840932 0.05095392465591431 7736
1783179841011 0.0163312666118145 7737
1783179841032 0.2526121437549591 7738
1783179841039 0.021830398589372635 7739
1783179841045 0.01244552806019783 7740
1783179841051 0.04813474416732788 7741
1783179841060 0.08367368578910828 7742
1783179841087 0.13168421387672424 7743
1783179841166 0.14137540757656097 7744
1783179841183 0.018448181450366974 7745
1783179841191 0.0675901547074318 7746
1783179841209 0.04804360494017601 7747
1783179841213 0.02020338922739029 7748
1783179841219 0.02109643444418907 7749
1783179841224 0.0677090510725975 7750
1783179841238 0.13409070670604706 7751
1783179841243 0.027387820184230804 7752
1783179841309 0.23270395398139954 7753
1783179841321 0.041679393500089645 7754
1783179841326 0.020492112264037132 7755
1783179841333 0.06856248527765274 7756
1783179841339 0.05087897554039955 7757
1783179841344 0.1861802488565445 7758
1783179841350 0.0872262641787529 7759
1783179841389 0.1632135659456253 7760
1783179841394 0.06538576632738113 7761
1783179841412 0.008748428896069527 7762
1783179841416 0.012476256117224693 7763
1783179841423 0.006433504167944193 7764
1783179841428 0.004840316716581583 7765
1783179841467 0.013153581880033016 7766
1783179841510 0.05536174774169922 7767
1783179841558 0.051275115460157394 7768
1783179841564 0.023690123111009598 7769
1783179841569 0.03439677879214287 7770
1783179841579 0.06723590195178986 7771
1783179841586 0.030421877279877663 7772
1783179841599 0.037507303059101105 7773
1783179841695 0.020275438204407692 7774
1783179841701 0.11693516373634338 7775
1783179841724 0.005683864001184702 7776
1783179841747 0.0009668306447565556 7777
1783179841759 0.06071307882666588 7778
1783179841845 0.019783493131399155 7779
1783179841849 0.23476658761501312 7780
1783179841876 0.0606926791369915 7781
1783179841905 0.0736285075545311 7782
1783179841913 0.03335028886795044 7783
1783179841916 0.09369993209838867 7784
1783179841923 0.14558163285255432 7785
1783179841929 0.013063346967101097 7786
1783179841934 0.023357480764389038 7787
1783179841939 0.044514354318380356 7788
1783179841942 0.31090396642684937 7789
1783179841949 0.027960728853940964 7790
1783179841952 0.046130139380693436 7791
1783179841957 0.09532620757818222 7792
1783179841960 0.02554379589855671 7793
1783179841964 0.04321065545082092 7794
1783179841968 0.0277206189930439 7795
1783179841973 0.12865330278873444 7796
1783179841975 0.029442714527249336 7797
1783179841981 0.028931403532624245 7798
1783179841985 0.011493860743939877 7799
1783179841988 0.027993815019726753 7800
1783179841993 0.04603409767150879 7801
1783179841996 0.13833096623420715 7802
1783179842001 0.049646563827991486 7803
1783179842006 0.03851133957505226 7804
1783179842012 0.046829696744680405 7805
1783179842020 0.007610577158629894 7806
1783179842026 0.024278346449136734 7807
1783179842032 0.06521415710449219 7808
1783179842036 0.01613553985953331 7809
1783179842041 0.04007503390312195 7810
1783179842048 0.01060754619538784 7811
1783179842054 0.02546045556664467 7812
1783179842060 0.15685869753360748 7813
1783179842065 0.0025597393978387117 7814
1783179842068 0.06079241633415222 7815
1783179842072 0.008149177767336369 7816
1783179842077 0.004130994901061058 7817
1783179842083 0.0051115634851157665 7818
1783179842086 0.3155882656574249 7819
1783179842091 0.004833201412111521 7820
1783179842096 0.13574600219726562 7821
1783179842106 0.009401194751262665 7822
1783179842114 0.04359002411365509 7823
1783179842120 0.06500280648469925 7824
1783179842123 0.023287765681743622 7825
1783179842129 0.25266629457473755 7826
1783179842136 0.0324447825551033 7827
1783179842141 0.07736296206712723 7828
1783179842148 0.02386629208922386 7829
1783179842154 0.006982418242841959 7830
1783179842162 0.05534800514578819 7831
1783179842167 0.078077033162117 7832
1783179842220 0.009552054107189178 7833
1783179842297 0.015156670473515987 7834
1783179842386 0.050722766667604446 7835
1783179842436 0.028195515275001526 7836
1783179842442 0.02924361638724804 7837
1783179842447 0.1954922378063202 7838
1783179842452 0.042430341243743896 7839
1783179842459 0.009581026621162891 7840
1783179842472 0.018674124032258987 7841
1783179842476 0.02263723500072956 7842
1783179842483 0.3859347105026245 7843
1783179842567 0.20946675539016724 7844
1783179842624 0.19885888695716858 7845
1783179842631 0.0354352705180645 7846
1783179842637 0.13257430493831635 7847
1783179842643 0.15706709027290344 7848
1783179842649 0.05411915108561516 7849
1783179842656 0.13196860253810883 7850
1783179842661 0.04974151775240898 7851
1783179842668 0.060711923986673355 7852
1783179842672 0.0439959391951561 7853
1783179842676 0.0022407867945730686 7854
1783179842680 0.004788945894688368 7855
1783179842689 0.037681981921195984 7856
1783179842694 0.05304073542356491 7857
1783179842703 0.03632866591215134 7858
1783179842706 0.005720203742384911 7859
1783179842714 0.003591538406908512 7860
1783179842718 0.10241221636533737 7861
1783179842731 0.02695685438811779 7862
1783179842736 0.003133955877274275 7863
1783179842832 0.07222320139408112 7864
1783179842929 0.020716246217489243 7865
1783179843023 0.16451597213745117 7866
1783179843102 0.07128987461328506 7867
1783179843110 0.0608462393283844 7868
1783179843164 0.07193391025066376 7869
1783179843168 0.05599439516663551 7870
1783179843175 0.22240181267261505 7871
1783179843181 0.155082568526268 7872
1783179843186 0.01338929496705532 7873
1783179843229 0.2703557312488556 7874
1783179843244 0.003186692949384451 7875
1783179843337 0.017361396923661232 7876
1783179843365 0.10952520370483398 7877
1783179843374 0.13012191653251648 7878
1783179843379 0.10060715675354004 7879
1783179843384 0.018581634387373924 7880
1783179843398 0.02575020119547844 7881
1783179843402 0.08601921796798706 7882
1783179843426 0.005376312881708145 7883
1783179843431 0.02419092133641243 7884
1783179843436 0.02119453437626362 7885
1783179843523 0.04333646595478058 7886
1783179843570 0.025058021768927574 7887
1783179843577 0.022092152386903763 7888
1783179843673 0.16011254489421844 7889
1783179843694 0.3406522572040558 7890
1783179843701 0.1782817840576172 7891
1783179843802 0.04908314347267151 7892
1783179843834 0.10698296874761581 7893
1783179843845 0.09851265698671341 7894
1783179843852 0.05347030609846115 7895
1783179843938 0.02518693543970585 7896
1783179844033 0.0492313876748085 7897
1783179844135 0.0679701715707779 7898
1783179844184 0.39161574840545654 7899
1783179844288 0.034616585820913315 7900
1783179844382 0.04047195613384247 7901
1783179844488 0.0967232957482338 7902
1783179844593 0.06731986999511719 7903
1783179844702 0.016964007169008255 7904
1783179844829 0.0915958508849144 7905
1783179844920 0.038073427975177765 7906
1783179845016 0.00967833399772644 7907
1783179845035 0.012498021125793457 7908
1783179845106 0.07791248708963394 7909
1783179845125 0.05329405143857002 7910
1783179845161 0.22197046875953674 7911
1783179845271 0.09795601665973663 7912
1783179845374 0.0036387129221111536 7913
1783179845477 0.0995301827788353 7914
1783179845582 0.17630000412464142 7915
1783179845687 0.036152083426713943 7916
1783179845790 0.0635051354765892 7917
1783179845861 0.01411777175962925 7918
1783179845892 0.07102225720882416 7919
1783179845898 0.20420712232589722 7920
1783179845903 0.12436293810606003 7921
1783179845914 0.06478943675756454 7922
1783179845921 0.05029793083667755 7923
1783179845930 0.2481672465801239 7924
1783179845938 0.17763543128967285 7925
1783179846000 0.025590719655156136 7926
1783179846006 0.006591312121599913 7927
1783179846012 0.1668432503938675 7928
1783179846017 0.004445673897862434 7929
1783179846028 0.05799654498696327 7930
1783179846097 0.021668149158358574 7931
1783179846153 0.09953254461288452 7932
1783179846250 0.010140362195670605 7933
1783179846329 0.04151240736246109 7934
1783179846335 0.01855974644422531 7935
1783179846342 0.15359088778495789 7936
1783179846404 0.00982421264052391 7937
1783179846418 0.011960281990468502 7938
1783179846421 0.03861381486058235 7939
1783179846434 0.009219300001859665 7940
1783179846440 0.040728840976953506 7941
1783179846446 0.004713782109320164 7942
1783179846463 0.03949686139822006 7943
1783179846469 0.05172841623425484 7944
1783179846484 0.01563376560807228 7945
1783179846494 0.16272994875907898 7946
1783179846501 0.12726861238479614 7947
1783179846507 0.08480958640575409 7948
1783179846552 0.006735944654792547 7949
1783179846560 0.0924319326877594 7950
1783179846565 0.09577522426843643 7951
1783179846572 0.020975515246391296 7952
1783179846578 0.061782050877809525 7953
1783179846583 0.08095697313547134 7954
1783179846589 0.18721319735050201 7955
1783179846603 0.019893396645784378 7956
1783179846609 0.1714705228805542 7957
1783179846615 0.01438257098197937 7958
1783179846620 0.1101025640964508 7959
1783179846628 0.11414353549480438 7960
1783179846634 0.02274082601070404 7961
1783179846641 0.01867452636361122 7962
1783179846650 0.09846094995737076 7963
1783179846672 0.06402761489152908 7964
1783179846678 0.12809592485427856 7965
1783179846690 0.01898907497525215 7966
1783179846695 0.06362741440534592 7967
1783179846702 0.06728675216436386 7968
1783179846708 0.20554032921791077 7969
1783179846714 0.01242520846426487 7970
1783179846719 0.04846879467368126 7971
1783179846729 0.07801187038421631 7972
1783179846734 0.07354480773210526 7973
1783179846743 0.11865294724702835 7974
1783179846748 0.007956610061228275 7975
1783179846753 0.027253834530711174 7976
1783179846759 0.016077354550361633 7977
1783179846769 0.005962919443845749 7978
1783179846778 0.25115442276000977 7979
1783179846782 0.03301682323217392 7980
1783179846787 0.04933619499206543 7981
1783179846801 0.10213923454284668 7982
1783179846831 0.10546965897083282 7983
1783179846848 0.0010141178499907255 7984
1783179846854 0.05945084989070892 7985
1783179846859 0.0024478395935148 7986
1783179846864 0.03520720452070236 7987
1783179846869 0.029369210824370384 7988
1783179846875 0.14867211878299713 7989
1783179846908 0.09168105572462082 7990
1783179846919 0.050292760133743286 7991
1783179846931 0.010733349248766899 7992
1783179846938 0.365745484828949 7993
1783179846944 0.018022147938609123 7994
1783179846949 0.25172173976898193 7995
1783179846956 0.014543363824486732 7996
1783179846962 0.01666976697742939 7997
1783179846966 0.030878335237503052 7998
1783179846972 0.007118492852896452 7999
1783179846978 0.13300594687461853 8000
1783179846984 0.04414427652955055 8001
1783179846990 0.14589548110961914 8002
1783179846998 0.01318303868174553 8003
1783179847004 0.123040571808815 8004
1783179847009 0.022368518635630608 8005
1783179847015 0.14272865653038025 8006
1783179847022 0.0451442189514637 8007
1783179847028 0.27818262577056885 8008
1783179847031 0.04287286847829819 8009
1783179847038 0.2972312271595001 8010
1783179847043 0.04427340254187584 8011
1783179847049 0.008276142179965973 8012
1783179847056 0.10253901779651642 8013
1783179847068 0.1673671007156372 8014
1783179847085 0.01651754602789879 8015
1783179847097 0.021942028775811195 8016
1783179847107 0.06735440343618393 8017
1783179847113 0.04588843882083893 8018
1783179847120 0.1560915857553482 8019
1783179847128 0.009242748841643333 8020
1783179847136 0.07442398369312286 8021
1783179847151 0.0028489925898611546 8022
1783179847160 0.078432597219944 8023
1783179847163 0.09489903599023819 8024
1783179847170 0.12222380191087723 8025
1783179847181 0.08683496713638306 8026
1783179847193 0.043707191944122314 8027
1783179847196 0.020644987002015114 8028
1783179847203 0.2570537328720093 8029
1783179847233 0.051730405539274216 8030
1783179847244 0.018785320222377777 8031
1783179847250 0.1343178153038025 8032
1783179847256 0.04340013489127159 8033
1783179847264 0.007437937892973423 8034
1783179847274 0.06409627199172974 8035
1783179847293 0.3930606544017792 8036
1783179847300 0.02401566132903099 8037
1783179847312 0.07412047684192657 8038
1783179847318 0.004906787071377039 8039
1783179847323 0.04544622451066971 8040
1783179847329 0.10889822244644165 8041
1783179847336 0.03599640727043152 8042
1783179847342 0.006529130972921848 8043
1783179847348 0.04301288723945618 8044
1783179847354 0.09305894374847412 8045
1783179847359 0.04685760661959648 8046
1783179847365 0.02486529015004635 8047
1783179847371 0.0036460584960877895 8048
1783179847376 0.005379387643188238 8049
1783179847380 0.24233058094978333 8050
1783179847386 0.06678850948810577 8051
1783179847392 0.015620900318026543 8052
1783179847399 0.09540581703186035 8053
1783179847405 0.007911046035587788 8054
1783179847409 0.008268985897302628 8055
1783179847413 0.03992865979671478 8056
1783179847418 0.032855648547410965 8057
1783179847425 0.046096861362457275 8058
1783179847431 0.004801999777555466 8059
1783179847436 0.1444057822227478 8060
1783179847441 0.18260176479816437 8061
1783179847445 0.029506463557481766 8062
1783179847459 0.3494323790073395 8063
1783179847465 0.02264358289539814 8064
1783179847470 0.11004910618066788 8065
1783179847476 0.21432998776435852 8066
1783179847483 0.2879025638103485 8067
1783179847488 0.02354675531387329 8068
1783179847494 0.13900946080684662 8069
1783179847508 0.007187644951045513 8070
1783179847512 0.07845482975244522 8071
1783179847517 0.005843625403940678 8072
1783179847525 0.047254905104637146 8073
1783179847536 0.11154045909643173 8074
1783179847548 0.022351818159222603 8075
1783179847601 0.017536355182528496 8076
1783179847607 0.3772459328174591 8077
1783179847612 0.008299320004880428 8078
1783179847631 0.10868371278047562 8079
1783179847637 0.1725831925868988 8080
1783179847644 0.17238464951515198 8081
1783179847654 0.032502368092536926 8082
1783179847661 0.0070457844994962215 8083
1783179847668 0.08397605270147324 8084
1783179847675 0.047018956393003464 8085
1783179847679 0.14376001060009003 8086
1783179847728 0.006838393863290548 8087
1783179847798 0.007534976117312908 8088
1783179847808 0.03572759032249451 8089
1783179847815 0.03447352349758148 8090
1783179847867 0.026373259723186493 8091
1783179847874 0.028572896495461464 8092
1783179847880 0.16935743391513824 8093
1783179847886 0.04942646622657776 8094
1783179847891 0.13686369359493256 8095
1783179847898 0.1707751303911209 8096
1783179847904 0.016188401728868484 8097
1783179847916 0.0132457185536623 8098
1783179847923 0.01243575755506754 8099
1783179847929 0.009156165644526482 8100
1783179847934 0.009623328223824501 8101
1783179847941 0.11833271384239197 8102
1783179847946 0.0036127641797065735 8103
1783179848038 0.08507091552019119 8104
1783179848045 0.002154409419745207 8105
1783179848050 0.05222314968705177 8106
1783179848056 0.13190388679504395 8107
1783179848061 0.04846740514039993 8108
1783179848068 0.03782787546515465 8109
1783179848074 0.11801833659410477 8110
1783179848081 0.07915931940078735 8111
1783179848086 0.053178004920482635 8112
1783179848098 0.09435368329286575 8113
1783179848105 0.014624142087996006 8114
1783179848117 0.042890723794698715 8115
1783179848122 0.005650547333061695 8116
1783179848128 0.07375127077102661 8117
1783179848134 0.0653151348233223 8118
1783179848140 0.06530234962701797 8119
1783179848146 0.02110653556883335 8120
1783179848151 0.25222301483154297 8121
1783179848155 0.17586392164230347 8122
1783179848162 0.007200383581221104 8123
1783179848167 0.10139872878789902 8124
1783179848172 0.1468106508255005 8125
1783179848178 0.0029851114377379417 8126
1783179848185 0.2954219877719879 8127
1783179848190 0.1050756424665451 8128
1783179848197 0.0387113131582737 8129
1783179848203 0.026092447340488434 8130
1783179848209 0.04472878947854042 8131
1783179848215 0.1302787810564041 8132
1783179848221 0.09570485353469849 8133
1783179848233 0.02359827235341072 8134
1783179848251 0.016762124374508858 8135
1783179848262 0.013958285562694073 8136
1783179848269 0.0269310399889946 8137
1783179848276 0.033395927399396896 8138
1783179848281 0.18857163190841675 8139
1783179848287 0.19448307156562805 8140
1783179848295 0.08596547693014145 8141
1783179848300 0.013967090286314487 8142
1783179848306 0.012117148377001286 8143
1783179848312 0.09135570377111435 8144
1783179848319 0.03856658935546875 8145
1783179848332 0.032353390008211136 8146
1783179848339 0.0593084990978241 8147
1783179848345 0.029981542378664017 8148
1783179848349 0.008283746428787708 8149
1783179848415 0.019009264186024666 8150
1783179848429 0.06999125331640244 8151
1783179848434 0.021098775789141655 8152
1783179848441 0.04998001828789711 8153
1783179848447 0.027593813836574554 8154
1783179848454 0.011597292497754097 8155
1783179848456 0.017660576850175858 8156
1783179848465 0.1548069715499878 8157
1783179848470 0.09757402539253235 8158
1783179848478 0.045336779206991196 8159
1783179848482 0.052569493651390076 8160
1783179848489 0.15051469206809998 8161
1783179848496 0.013395732268691063 8162
1783179848541 0.02018553391098976 8163
1783179848548 0.04536839574575424 8164
1783179848567 0.01029154658317566 8165
1783179848595 0.17117059230804443 8166
1783179848612 0.06139447167515755 8167
1783179848645 0.08065558969974518 8168
1783179848673 0.009013835340738297 8169
1783179848679 0.06750750541687012 8170
1783179848689 0.12672658264636993 8171
1783179848739 0.14326196908950806 8172
1783179848757 0.07271017879247665 8173
1783179848775 0.15470555424690247 8174
1783179848781 0.036270420998334885 8175
1783179848786 0.006334106437861919 8176
1783179848864 0.1559138298034668 8177
1783179848881 0.052309341728687286 8178
1783179848887 0.010342167690396309 8179
1783179848900 0.007632493507117033 8180
1783179848905 0.04755190759897232 8181
1783179848920 0.08948826044797897 8182
1783179848925 0.06521882861852646 8183
1783179848933 0.10382934659719467 8184
1783179848937 0.009776639752089977 8185
1783179848948 0.027096126228570938 8186
1783179848954 0.19927944242954254 8187
1783179848961 0.10374091565608978 8188
1783179848965 0.017216145992279053 8189
1783179848968 0.0483374260365963 8190
1783179848973 0.012606228701770306 8191
1783179848979 0.039228323847055435 8192
1783179848983 0.04190407693386078 8193
1783179848986 0.006425010971724987 8194
1783179848991 0.05482674017548561 8195
1783179848995 0.0533793643116951 8196
1783179848998 0.02858670987188816 8197
1783179849003 0.23867374658584595 8198
1783179849007 0.042283594608306885 8199
1783179849012 0.030937721952795982 8200
1783179849016 0.1399419754743576 8201
1783179849020 0.007249251939356327 8202
1783179849027 0.06404801458120346 8203
1783179849033 0.00315329572185874 8204
1783179849039 0.04536525160074234 8205
1783179849044 0.02198035828769207 8206
1783179849049 0.026119939982891083 8207
1783179849061 0.06331177055835724 8208
1783179849067 0.03714149817824364 8209
1783179849073 0.11046972870826721 8210
1783179849079 0.035957228392362595 8211
1783179849084 0.01914907805621624 8212
1783179849091 0.034425053745508194 8213
1783179849105 0.21070122718811035 8214
1783179849112 0.29232123494148254 8215
1783179849118 0.15606966614723206 8216
1783179849141 0.0107007697224617 8217
1783179849156 0.040955595672130585 8218
1783179849182 0.08463390916585922 8219
1783179849229 0.031233791261911392 8220
1783179849241 0.007740037515759468 8221
1783179849247 0.023962436243891716 8222
1783179849254 0.02374928630888462 8223
1783179849259 0.07284989953041077 8224
1783179849265 0.35357606410980225 8225
1783179849271 0.08457750827074051 8226
1783179849285 0.0068552857264876366 8227
1783179849296 0.06183220446109772 8228
1783179849308 0.04842584952712059 8229
1783179849322 0.040966808795928955 8230
1783179849329 0.0758819431066513 8231
1783179849335 0.13979102671146393 8232
1783179849357 0.040426772087812424 8233
1783179849362 0.07520480453968048 8234
1783179849424 0.03870604559779167 8235
1783179849445 0.09166485071182251 8236
1783179849448 0.03287496417760849 8237
1783179849482 0.13405346870422363 8238
1783179849569 0.21487274765968323 8239
1783179849594 0.005690888501703739 8240
1783179849598 0.1727864146232605 8241
1783179849602 0.13242089748382568 8242
1783179849608 0.10955635458230972 8243
1783179849614 0.019433477893471718 8244
1783179849620 0.08690473437309265 8245
1783179849633 0.10330691188573837 8246
1783179849640 0.055175065994262695 8247
1783179849652 0.008105885237455368 8248
1783179849658 0.014824848622083664 8249
1783179849664 0.033168867230415344 8250
1783179849670 0.025485927239060402 8251
1783179849675 0.2766675055027008 8252
1783179849681 0.09988843649625778 8253
1783179849687 0.057266850024461746 8254
1783179849696 0.06322699040174484 8255
1783179849699 0.15377245843410492 8256
1783179849706 0.002061324194073677 8257
1783179849713 0.11259890347719193 8258
1783179849725 0.04181631654500961 8259
1783179849731 0.16049571335315704 8260
1783179849737 0.10382702946662903 8261
1783179849742 0.03975056856870651 8262
1783179849748 0.3567346930503845 8263
1783179849753 0.16433760523796082 8264
1783179849760 0.06715081632137299 8265
1783179849765 0.011678692884743214 8266
1783179849772 0.015375673770904541 8267
1783179849783 0.049914538860321045 8268
1783179849789 0.0952717587351799 8269
1783179849794 0.008840182796120644 8270
1783179849801 0.016777310520410538 8271
1783179849904 0.011181944981217384 8272
1783179849916 0.008520121686160564 8273
1783179849923 0.01570289582014084 8274
1783179849941 0.16063997149467468 8275
1783179849947 0.16751426458358765 8276
1783179849953 0.02307806722819805 8277
1783179849964 0.03904583677649498 8278
1783179850009 0.0236606914550066 8279
1783179850016 0.01366876158863306 8280
1783179850022 0.007901079021394253 8281
1783179850034 0.13340474665164948 8282
1783179850040 0.05392319709062576 8283
1783179850048 0.07725019752979279 8284
1783179850057 0.21912875771522522 8285
1783179850064 0.04597830772399902 8286
1783179850070 0.002694527618587017 8287
1783179850075 0.016921252012252808 8288
1783179850082 0.0070864614099264145 8289
1783179850087 0.06517678499221802 8290
1783179850092 0.176261767745018 8291
1783179850097 0.13401369750499725 8292
1783179850104 0.11345374584197998 8293
1783179850109 0.05078640207648277 8294
1783179850117 0.0070543838664889336 8295
1783179850124 0.10842062532901764 8296
1783179850130 0.24973970651626587 8297
1783179850136 0.005950071848928928 8298
1783179850154 0.0374559685587883 8299
1783179850165 0.009516947902739048 8300
1783179850211 0.031090619042515755 8301
1783179850218 0.00914373155683279 8302
1783179850223 0.19230422377586365 8303
1783179850290 0.098474882543087 8304
1783179850325 0.06742662936449051 8305
1783179850333 0.10341741889715195 8306
1783179850349 0.021739518269896507 8307
1783179850356 0.09216196835041046 8308
1783179850371 0.004792540799826384 8309
1783179850386 0.005228124558925629 8310
1783179850397 0.26325154304504395 8311
1783179850404 0.08757072687149048 8312
1783179850410 0.17126189172267914 8313
1783179850415 0.005749416071921587 8314
1783179850426 0.0886145830154419 8315
1783179850460 0.1368689090013504 8316
1783179850466 0.039948705583810806 8317
1783179850471 0.09417294710874557 8318
1783179850479 0.02139727585017681 8319
1783179850487 0.060466911643743515 8320
1783179850511 0.07447296380996704 8321
1783179850516 0.009199864231050014 8322
1783179850530 0.006274248007684946 8323
1783179850560 0.00640459917485714 8324
1783179850568 0.34108874201774597 8325
1783179850576 0.0959576964378357 8326
1783179850583 0.013878904283046722 8327
1783179850589 0.06279470771551132 8328
1783179850595 0.050786055624485016 8329
1783179850639 0.07517338544130325 8330
1783179850649 0.009385178796947002 8331
1783179850655 0.191982701420784 8332
1783179850668 0.15750323235988617 8333
1783179850674 0.029824765399098396 8334
1783179850680 0.007331984117627144 8335
1783179850685 0.11745373159646988 8336
1783179850691 0.029508400708436966 8337
1783179850697 0.2542557120323181 8338
1783179850704 0.03702706843614578 8339
1783179850709 0.03650306537747383 8340
1783179850716 0.24988055229187012 8341
1783179850722 0.017052792012691498 8342
1783179850777 0.004186502657830715 8343
1783179850874 0.03411432355642319 8344
1783179850895 0.13667544722557068 8345
1783179850902 0.0901612788438797 8346
1783179850908 0.027635673061013222 8347
1783179850920 0.02259325049817562 8348
1783179850925 0.09125522524118423 8349
1783179850935 0.04317742586135864 8350
1783179850947 0.015390133485198021 8351
1783179850959 0.055070579051971436 8352
1783179850966 0.054656289517879486 8353
1783179850972 0.0336022786796093 8354
1783179850978 0.10516132414340973 8355
1783179851018 0.047942694276571274 8356
1783179851024 0.11014605313539505 8357
1783179851030 0.1554359793663025 8358
1783179851036 0.1631881296634674 8359
1783179851041 0.06801141798496246 8360
1783179851048 0.021781321614980698 8361
1783179851053 0.04117920249700546 8362
1783179851060 0.0044582197442650795 8363
1783179851066 0.27876895666122437 8364
1783179851072 0.1061275526881218 8365
1783179851079 0.3197523057460785 8366
1783179851084 0.10024510324001312 8367
1783179851090 0.016782883554697037 8368
1783179851096 0.01444866694509983 8369
1783179851103 0.10073865205049515 8370
1783179851205 0.0205977912992239 8371
1783179851302 0.007701756898313761 8372
1783179851405 0.008915487676858902 8373
1783179851508 0.022755783051252365 8374
1783179851614 0.11200163513422012 8375
1783179851626 0.02881401591002941 8376
1783179851640 0.25242534279823303 8377
1783179851739 0.006508307531476021 8378
1783179851753 0.10122375935316086 8379
1783179851760 0.03331533446907997 8380
1783179851766 0.08258456736803055 8381
1783179851770 0.18960879743099213 8382
1783179851778 0.16399197280406952 8383
1783179851783 0.16500207781791687 8384
1783179851790 0.015359962359070778 8385
1783179851795 0.01029864139854908 8386
1783179851802 0.13630464673042297 8387
1783179851808 0.01897219941020012 8388
1783179851820 0.08158056437969208 8389
1783179851825 0.0025349119678139687 8390
1783179851832 0.11331077665090561 8391
1783179851838 0.0049413046799600124 8392
1783179851843 0.09003812819719315 8393
1783179851850 0.11706323176622391 8394
1783179851855 0.1427544355392456 8395
1783179851859 0.07579376548528671 8396
1783179851866 0.004458305425941944 8397
1783179851871 0.020142557099461555 8398
1783179851878 0.017283502966165543 8399
1783179851884 0.05267342925071716 8400
1783179851889 0.022573314607143402 8401
1783179851896 0.03175700083374977 8402
1783179851901 0.06866008788347244 8403
1783179851907 0.007329018320888281 8404
1783179851914 0.028318582102656364 8405
1783179851920 0.03864574804902077 8406
1783179851926 0.03978196531534195 8407
1783179851950 0.06074900925159454 8408
1783179851961 0.004230468533933163 8409
1783179851974 0.08479214459657669 8410
1783179852001 0.016763169318437576 8411
1783179852019 0.02374373935163021 8412
1783179852026 0.19789762794971466 8413
1783179852031 0.04352949559688568 8414
1783179852049 0.20016945898532867 8415
1783179852055 0.10972052067518234 8416
1783179852061 0.04761362820863724 8417
1783179852067 0.003830723464488983 8418
1783179852074 0.006367982365190983 8419
1783179852078 0.0230217594653368 8420
1783179852085 0.010736487805843353 8421
1783179852091 0.1598168909549713 8422
1783179852097 0.0414421409368515 8423
1783179852103 0.20911094546318054 8424
1783179852153 0.2614712417125702 8425
1783179852158 0.007563620340079069 8426
1783179852169 0.03798926621675491 8427
1783179852177 0.06830670684576035 8428
1783179852182 0.00514200609177351 8429
1783179852187 0.08380676060914993 8430
1783179852192 0.02017783559858799 8431
1783179852199 0.20497456192970276 8432
1783179852205 0.0029025215189903975 8433
1783179852211 0.08086109906435013 8434
1783179852216 0.027156058698892593 8435
1783179852222 0.01903260499238968 8436
1783179852229 0.031036660075187683 8437
1783179852233 0.005852024536579847 8438
1783179852240 0.07344195246696472 8439
1783179852245 0.03176882117986679 8440
1783179852250 0.17925302684307098 8441
1783179852257 0.010009346529841423 8442
1783179852263 0.02185440994799137 8443
1783179852356 0.04891917482018471 8444
1783179852360 0.11134698987007141 8445
1783179852367 0.011806554161012173 8446
1783179852372 0.029473213478922844 8447
1783179852379 0.04418708384037018 8448
1783179852384 0.025507815182209015 8449
1783179852391 0.026381153613328934 8450
1783179852396 0.0048794494941830635 8451
1783179852402 0.11255166679620743 8452
1783179852408 0.05124789476394653 8453
1783179852420 0.03595158830285072 8454
1783179852428 0.00969371572136879 8455
1783179852433 0.15792866051197052 8456
1783179852445 0.021212393417954445 8457
1783179852450 0.13014070689678192 8458
1783179852456 0.017464498057961464 8459
1783179852497 0.023348553106188774 8460
1783179852503 0.006445879582315683 8461
1783179852604 0.012455064803361893 8462
1783179852654 0.03700730577111244 8463
1783179852660 0.16171808540821075 8464
1783179852666 0.03957061842083931 8465
1783179852674 0.0633181780576706 8466
1783179852678 0.10622336715459824 8467
1783179852689 0.08360819518566132 8468
1783179852715 0.21633711457252502 8469
1783179852720 0.010826284065842628 8470
1783179852733 0.10352753102779388 8471
1783179852763 0.006232451647520065 8472
1783179852773 0.07365971803665161 8473
1783179852783 0.0029256974812597036 8474
1783179852787 0.034636277705430984 8475
1783179852792 0.1508260816335678 8476
1783179852805 0.04941234365105629 8477
1783179852826 0.09285090863704681 8478
1783179852842 0.05710630491375923 8479
1783179852853 0.019050970673561096 8480
1783179852860 0.05200251191854477 8481
1783179852878 0.22548143565654755 8482
1783179852892 0.022157849743962288 8483
1783179852913 0.13149771094322205 8484
1783179852970 0.013483574613928795 8485
1783179852982 0.025738319382071495 8486
1783179853011 0.04994893819093704 8487
1783179853109 0.042281754314899445 8488
1783179853214 0.06737248599529266 8489
1783179853316 0.3582841753959656 8490
1783179853415 0.13850536942481995 8491
1783179853519 0.044250164180994034 8492
1783179853619 0.01653783582150936 8493
1783179853676 0.11744311451911926 8494
1783179853691 0.11157973855733871 8495
1783179853735 0.04932750388979912 8496
1783179853842 0.019326932728290558 8497
1783179853946 0.0025238951202481985 8498
1783179854036 0.09880470484495163 8499
1783179854131 0.15239228308200836 8500
1783179854165 0.3316892683506012 8501
1783179854190 0.011288173496723175 8502
1783179854295 0.0017529005417600274 8503
1783179854396 0.059521060436964035 8504
1783179854498 0.019276000559329987 8505
1783179854604 0.12045532464981079 8506
1783179854704 0.03136105462908745 8507
1783179854805 0.0641048476099968 8508
1783179854886 0.045849721878767014 8509
1783179854916 0.21602387726306915 8510
1783179854924 0.026644345372915268 8511
1783179854937 0.010161582380533218 8512
1783179854971 0.44171613454818726 8513
1783179854978 0.02223419025540352 8514
1783179854984 0.2426677793264389 8515
1783179854989 0.009118677116930485 8516
1783179854996 0.05328284204006195 8517
1783179855053 0.01998434215784073 8518
1783179855059 0.11597290635108948 8519
1783179855076 0.105424664914608 8520
1783179855088 0.024725304916501045 8521
1783179855109 0.1258430778980255 8522
1783179855121 0.1827441155910492 8523
1783179855218 0.023831069469451904 8524
1783179855245 0.18419942259788513 8525
1783179855341 0.008325034752488136 8526
1783179855444 0.07359103858470917 8527
1783179855560 0.19558055698871613 8528
1783179855661 0.04149334877729416 8529
1783179855763 0.027890019118785858 8530
1783179855865 0.16906434297561646 8531
1783179855970 0.004115313291549683 8532
1783179856074 0.026695195585489273 8533
1783179856178 0.06302580237388611 8534
1783179856278 0.12671364843845367 8535
1783179856380 0.05823443457484245 8536
1783179856482 0.037190791219472885 8537
1783179856583 0.08452355116605759 8538
1783179856686 0.0513058565557003 8539
1783179856789 0.028310438618063927 8540
1783179856886 0.5774731040000916 8541
1783179856988 0.004537684842944145 8542
1783179857087 0.07548507302999496 8543
1783179857185 0.004479710943996906 8544
1783179857283 0.03894997760653496 8545
1783179857385 0.09272255003452301 8546
1783179857483 0.020469842478632927 8547
1783179857584 0.1760883331298828 8548
1783179857685 0.08120172470808029 8549
1783179857787 0.17399854958057404 8550
1783179857883 0.1302926242351532 8551
1783179857984 0.0036564315669238567 8552
1783179858084 0.04191417992115021 8553
1783179858180 0.15455545485019684 8554
1783179858190 0.056943703442811966 8555
1783179858211 0.1662548929452896 8556
1783179858237 0.1590176820755005 8557
1783179858243 0.12223521620035172 8558
1783179858247 0.09934618324041367 8559
1783179858253 0.22810086607933044 8560
1783179858258 0.04148969426751137 8561
1783179858265 0.07154732197523117 8562
1783179858272 0.05904421582818031 8563
1783179858277 0.014505629427731037 8564
1783179858291 0.007051113061606884 8565
1783179858302 0.1512611210346222 8566
1783179858320 0.05141059681773186 8567
1783179858337 0.027967624366283417 8568
1783179858349 0.04845990985631943 8569
1783179858361 0.1466696411371231 8570
1783179858373 0.3169705867767334 8571
1783179858380 0.005617065355181694 8572
1783179858391 0.2788354754447937 8573
1783179858408 0.05158179625868797 8574
1783179858502 0.12589064240455627 8575
1783179858510 0.06942114233970642 8576
1783179858515 0.05553871765732765 8577
1783179858522 0.020254788920283318 8578
1783179858528 0.047293249517679214 8579
1783179858543 0.024156542494893074 8580
1783179858549 0.22172056138515472 8581
1783179858559 0.14017146825790405 8582
1783179858566 0.003228754037991166 8583
1783179858571 0.06583722680807114 8584
1783179858590 0.09721440076828003 8585
1783179858598 0.01508568599820137 8586
1783179858604 0.011361896060407162 8587
1783179858608 0.03644823282957077 8588
1783179858614 0.06061992794275284 8589
1783179858738 0.11953101307153702 8590
1783179858826 0.023159870877861977 8591
1783179858925 0.042683690786361694 8592
1783179859029 0.022368039935827255 8593
1783179859115 0.3681952953338623 8594
1783179859208 0.051092732697725296 8595
1783179859309 0.041650742292404175 8596
1783179859412 0.0060951365157961845 8597
1783179859511 0.13656927645206451 8598
1783179859604 0.14806309342384338 8599
1783179859706 0.017905935645103455 8600
1783179859820 0.03647438809275627 8601
1783179859918 0.0323435515165329 8602
1783179860014 0.05727343633770943 8603
1783179860119 0.06444777548313141 8604
1783179860194 0.0010155262425541878 8605
1783179860203 0.012892846949398518 8606
1783179860208 0.1125718355178833 8607
1783179860214 0.07485917210578918 8608
1783179860219 0.08022395521402359 8609
1783179860225 0.050651613622903824 8610
1783179860231 0.044628627598285675 8611
1783179860242 0.03688076138496399 8612
1783179860248 0.1034281924366951 8613
1783179860280 0.1539090871810913 8614
1783179860287 0.08859965205192566 8615
1783179860348 0.05594002828001976 8616
1783179860449 0.04690222069621086 8617
1783179860549 0.1209757924079895 8618
1783179860622 0.16617397964000702 8619
1783179860713 0.14283159375190735 8620
1783179860733 0.2914775311946869 8621
1783179860739 0.005554556846618652 8622
1783179860745 0.013613213784992695 8623
1783179860750 0.04468365013599396 8624
1783179860762 0.001350288512185216 8625
1783179860773 0.014695307239890099 8626
1783179860793 0.01641770824790001 8627
1783179860810 0.10575898736715317 8628
1783179860820 0.024394869804382324 8629
1783179860832 0.01683874800801277 8630
1783179860843 0.022290606051683426 8631
1783179860852 0.06283063441514969 8632
1783179860858 0.005870121531188488 8633
1783179860869 0.0037978249602019787 8634
1783179860876 0.1046985536813736 8635
1783179860882 0.021391943097114563 8636
1783179860895 0.2775569260120392 8637
1783179860900 0.19419285655021667 8638
1783179860912 0.19946934282779694 8639
1783179860930 0.4015292823314667 8640
1783179860942 0.010662302374839783 8641
1783179860948 0.08479871600866318 8642
1783179860959 0.04766130819916725 8643
1783179860965 0.01516157016158104 8644
1783179860977 0.0383644625544548 8645
1783179860984 0.07453615218400955 8646
1783179860990 0.023166606202721596 8647
1783179861002 0.03514838591217995 8648
1783179861015 0.0399201475083828 8649
1783179861026 0.032182127237319946 8650
1783179861032 0.007330233696848154 8651
1783179861038 0.1760113537311554 8652
1783179861050 0.11047360301017761 8653
1783179861060 0.018884064629673958 8654
1783179861067 0.00819448009133339 8655
1783179861077 0.0732651799917221 8656
1783179861086 0.15787364542484283 8657
1783179861091 0.09157110005617142 8658
1783179861098 0.06360327452421188 8659
1783179861106 0.023096689954400063 8660
1783179861111 0.12491729110479355 8661
1783179861118 0.2783111333847046 8662
1783179861196 0.008233508095145226 8663
1783179861272 0.16076603531837463 8664
1783179861370 0.028380461037158966 8665
1783179861469 0.03111790120601654 8666
1783179861495 0.3284150958061218 8667
1783179861506 0.064593106508255 8668
1783179861549 0.02238662913441658 8669
1783179861568 0.01793047972023487 8670
1783179861673 0.0028642788529396057 8671
1783179861779 0.0685758963227272 8672
1783179861872 0.02433454804122448 8673
1783179861978 0.0025894278660416603 8674
1783179862009 0.08400524407625198 8675
1783179862120 0.060592904686927795 8676
1783179862226 0.0830686166882515 8677
1783179862318 0.006036099512130022 8678
1783179862430 0.010627266019582748 8679
1783179862460 0.00957302376627922 8680
1783179862478 0.051331497728824615 8681
1783179862490 0.02107664942741394 8682
1783179862590 0.05822477489709854 8683
1783179862689 0.07749202102422714 8684
1783179862797 0.009641773998737335 8685
1783179862909 0.02974456176161766 8686
1783179863008 0.027838047593832016 8687
1783179863024 0.019728582352399826 8688
1783179863040 0.013110716827213764 8689
1783179863068 0.03744443133473396 8690
1783179863074 0.025757573544979095 8691
1783179863080 0.0046104611828923225 8692
1783179863104 0.018411273136734962 8693
1783179863114 0.022327052429318428 8694
1783179863145 0.3683488667011261 8695
1783179863250 0.03779592365026474 8696
1783179863359 0.012929646298289299 8697
1783179863462 0.01953580044209957 8698
1783179863564 0.12008599191904068 8699
1783179863674 0.0058783600106835365 8700
1783179863778 0.02679547667503357 8701
1783179863886 0.0018673344748094678 8702
1783179863989 0.05037085711956024 8703
1783179864098 0.0730808824300766 8704
1783179864203 0.1946021169424057 8705
1783179864297 0.059392210096120834 8706
1783179864395 0.005132974591106176 8707
1783179864498 0.17103363573551178 8708
1783179864605 0.004649688955396414 8709
1783179864710 0.14819693565368652 8710
1783179864816 0.023359445855021477 8711
1783179864867 0.08411742746829987 8712
1783179864974 0.10954468697309494 8713
1783179865047 0.16785067319869995 8714
1783179865075 0.0949283167719841 8715
1783179865080 0.014597810804843903 8716
1783179865092 0.1377335488796234 8717
1783179865099 0.06519848853349686 8718
1783179865209 0.026554949581623077 8719
1783179865310 0.027183309197425842 8720
1783179865397 0.10080093890428543 8721
1783179865500 0.015401472337543964 8722
1783179865598 0.09868769347667694 8723
1783179865700 0.2533605694770813 8724
1783179865734 0.005267544649541378 8725
1783179865836 0.23615916073322296 8726
1783179865947 0.04128614068031311 8727
1783179866051 0.1322064995765686 8728
1783179866148 0.058320511132478714 8729
1783179866251 0.012183384969830513 8730
1783179866352 0.35351207852363586 8731
1783179866456 0.09995010495185852 8732
1783179866558 0.07471785694360733 8733
1783179866663 0.10626761615276337 8734
1783179866772 0.01710747554898262 8735
1783179866874 0.2759648859500885 8736
1783179866977 0.09794894605875015 8737
1783179867070 0.003932990599423647 8738
1783179867175 0.11288727074861526 8739
1783179867274 0.0033468487672507763 8740
1783179867350 0.111080601811409 8741
1783179867360 0.010773157700896263 8742
1783179867369 0.6222132444381714 8743
1783179867377 0.005137008614838123 8744
1783179867386 0.1208794042468071 8745
1783179867489 0.04563030228018761 8746
1783179867588 0.046543627977371216 8747
1783179867595 0.15620242059230804 8748
1783179867600 0.0021808738820254803 8749
1783179867602 0.019055072218179703 8750
1783179867606 0.03912058845162392 8751
1783179867614 0.022841500118374825 8752
1783179867619 0.04161863774061203 8753
1783179867624 0.13137128949165344 8754
1783179867631 0.032419975847005844 8755
1783179867637 0.08405883610248566 8756
1783179867644 0.15612901747226715 8757
1783179867651 0.02733803726732731 8758
1783179867657 0.12871985137462616 8759
1783179867662 0.1521664559841156 8760
1783179867767 0.013560478575527668 8761
1783179867869 0.06760191917419434 8762
1783179867903 0.12203936278820038 8763
1783179867916 0.08251481503248215 8764
1783179867923 0.16292935609817505 8765
1783179867934 0.022346509620547295 8766
1783179867941 0.03422741964459419 8767
1783179867957 0.040248215198516846 8768
1783179867977 0.11665681004524231 8769
1783179867994 0.4174712598323822 8770
1783179868017 0.035823021084070206 8771
1783179868030 0.09683503955602646 8772
1783179868041 0.10541051626205444 8773
1783179868048 0.048200931400060654 8774
1783179868066 0.003917700611054897 8775
1783179868111 0.10640981048345566 8776
1783179868214 0.034311458468437195 8777
1783179868291 0.22633877396583557 8778
1783179868327 0.06133084371685982 8779
1783179868382 0.046150676906108856 8780
1783179868474 0.01664537563920021 8781
1783179868567 0.011281721293926239 8782
1783179868657 0.003809163114055991 8783
1783179868748 0.11143974214792252 8784
1783179868826 0.23513633012771606 8785
1783179868903 0.1435708850622177 8786
1783179868957 0.1520538479089737 8787
1783179868969 0.02184290811419487 8788
1783179868981 0.2000044286251068 8789
1783179868988 0.06415782868862152 8790
1783179868994 0.180624857544899 8791
1783179869000 0.027466338127851486 8792
1783179869006 0.10493029654026031 8793
1783179869017 0.05456361547112465 8794
1783179869024 0.08055301755666733 8795
1783179869030 0.18023128807544708 8796
1783179869133 0.08596619963645935 8797
1783179869172 0.14524203538894653 8798
1783179869252 0.02199944481253624 8799
1783179869300 0.02940744161605835 8800
1783179869319 0.13433495163917542 8801
1783179869323 0.08815271407365799 8802
1783179869336 0.02175571583211422 8803
1783179869348 0.2364969551563263 8804
1783179869392 0.0034349109046161175 8805
1783179869421 0.22368863224983215 8806
1783179869528 0.146560400724411 8807
1783179869596 0.11800522357225418 8808
1783179869604 0.05826382711529732 8809
1783179869621 0.14403706789016724 8810
1783179869666 0.11111761629581451 8811
1783179869686 0.08236638456583023 8812
1783179869696 0.1858282834291458 8813
1783179869711 0.011042602360248566 8814
1783179869730 0.14485028386116028 8815
1783179869753 0.04750961437821388 8816
1783179869771 0.02058759331703186 8817
1783179869784 0.0019041140330955386 8818
1783179869854 0.29043689370155334 8819
1783179869864 0.18558767437934875 8820
1783179869878 0.08509492874145508 8821
1783179869890 0.3144505023956299 8822
1783179869897 0.09413844347000122 8823
1783179869902 0.020731104537844658 8824
1783179869913 0.05604846030473709 8825
1783179869965 0.05029139667749405 8826
1783179869976 0.033691566437482834 8827
1783179869985 0.007267037872225046 8828
1783179870085 0.09206850081682205 8829
1783179870151 0.018273940309882164 8830
1783179870158 0.007226534653455019 8831
1783179870170 0.0063210055232048035 8832
1783179870175 0.040336303412914276 8833
1783179870182 0.01499475259333849 8834
1783179870189 0.015770308673381805 8835
1783179870196 0.05875053629279137 8836
1783179870201 0.047684427350759506 8837
1783179870219 0.09550774097442627 8838
1783179870226 0.01974836364388466 8839
1783179870231 0.04426536709070206 8840
1783179870238 0.021916868165135384 8841
1783179870250 0.016629528254270554 8842
1783179870257 0.00219570635817945 8843
1783179870336 0.07440231740474701 8844
1783179870436 0.06576346606016159 8845
1783179870486 0.10796000063419342 8846
1783179870501 0.008351961150765419 8847
1783179870572 0.014479920268058777 8848
1783179870657 0.021220602095127106 8849
1783179870721 0.0375891849398613 8850
1783179870807 0.001968789380043745 8851
1783179870840 0.08152184635400772 8852
1783179870904 0.024745207279920578 8853
1783179870948 0.010109858587384224 8854
1783179871039 0.050098951905965805 8855
1783179871118 0.18792854249477386 8856
1783179871185 0.041105497628450394 8857
1783179871287 0.0024531532544642687 8858
1783179871354 0.04222448915243149 8859
1783179871430 0.03216354176402092 8860
1783179871499 0.004670117516070604 8861
1783179871510 0.017230037599802017 8862
1783179871518 0.0009974141139537096 8863
1783179871527 0.018033459782600403 8864
1783179871540 0.14178544282913208 8865
1783179871548 0.11414069682359695 8866
1783179871555 0.018454717472195625 8867
1783179871567 0.019427841529250145 8868
1783179871578 0.01836329698562622 8869
1783179871591 0.03164000064134598 8870
1783179871603 0.025607140734791756 8871
1783179871608 0.12582328915596008 8872
1783179871667 0.05674717575311661 8873
1783179871686 0.022671837359666824 8874
1783179871699 0.04251572862267494 8875
1783179871711 0.058002181351184845 8876
1783179871760 0.14355094730854034 8877
1783179871802 0.20177602767944336 8878
1783179871812 0.07918305695056915 8879
1783179871824 0.034876588732004166 8880
1783179871870 0.0677637979388237 8881
1783179871886 0.09924113750457764 8882
1783179871898 0.05552896857261658 8883
1783179871910 0.035234421491622925 8884
1783179871923 0.00314017990604043 8885
1783179871935 0.005173258483409882 8886
1783179871972 0.12994754314422607 8887
1783179872073 0.3018733561038971 8888
1783179872146 0.003558759344741702 8889
1783179872211 0.16053836047649384 8890
1783179872316 0.009497332386672497 8891
1783179872381 0.14391623437404633 8892
1783179872489 0.04158962145447731 8893
1783179872515 0.0787949189543724 8894
1783179872582 0.025669438764452934 8895
1783179872588 0.34963053464889526 8896
1783179872600 0.05397854745388031 8897
1783179872666 0.04015396907925606 8898
1783179872743 0.09410515427589417 8899
1783179872845 0.05775613710284233 8900
1783179872948 0.02978699281811714 8901
1783179873052 0.1129118800163269 8902
1783179873154 0.21092836558818817 8903
1783179873264 0.02756715565919876 8904
1783179873368 0.013521147891879082 8905
1783179873468 0.22584892809391022 8906
1783179873565 0.009420176967978477 8907
1783179873658 0.02683556079864502 8908
1783179873751 0.008324116468429565 8909
1783179873853 0.04627344012260437 8910
1783179873958 0.008982628583908081 8911
1783179874077 0.008343090303242207 8912
1783179874188 0.05185345187783241 8913
1783179874291 0.33416134119033813 8914
1783179874403 0.03956761956214905 8915
1783179874494 0.16025900840759277 8916
1783179874512 0.05315043777227402 8917
1783179874551 0.009413904510438442 8918
1783179874656 0.07696438580751419 8919
1783179874760 0.04140413925051689 8920
1783179874860 0.0492122583091259 8921
1783179874964 0.35748714208602905 8922
1783179875048 0.15238164365291595 8923
1783179875072 0.008295574225485325 8924
1783179875098 0.02495216205716133 8925
1783179875158 0.049568090587854385 8926
1783179875204 0.028529416769742966 8927
1783179875263 0.44171273708343506 8928
1783179875289 0.17932072281837463 8929
1783179875301 0.05284985899925232 8930
1783179875313 0.07138045877218246 8931
1783179875325 0.1579890251159668 8932
1783179875336 0.01355366688221693 8933
1783179875364 0.013023950159549713 8934
1783179875461 0.2833470106124878 8935
1783179875517 0.293997585773468 8936
1783179875631 0.153581902384758 8937
1783179875731 0.01231433916836977 8938
1783179875835 0.043801188468933105 8939
1783179875940 0.13546787202358246 8940
1783179875963 0.01868113875389099 8941
1783179875968 0.12620018422603607 8942
1783179875973 0.17166180908679962 8943
1783179875980 0.0464986190199852 8944
1783179875985 0.032665591686964035 8945
1783179875991 0.04292644187808037 8946
1783179875996 0.14160937070846558 8947
1783179876003 0.009359604679048061 8948
1783179876009 0.41690877079963684 8949
1783179876014 0.0585993230342865 8950
1783179876021 0.052134864032268524 8951
1783179876027 0.13475392758846283 8952
1783179876036 0.01732497476041317 8953
1783179876045 0.005840236786752939 8954
1783179876057 0.01177598349750042 8955
1783179876062 0.054638538509607315 8956
1783179876072 0.029695531353354454 8957
1783179876093 0.16168171167373657 8958
1783179876102 0.019623367115855217 8959
1783179876106 0.035506006330251694 8960
1783179876111 0.034286994487047195 8961
1783179876117 0.3309793770313263 8962
1783179876122 0.14755986630916595 8963
1783179876129 0.13446469604969025 8964
1783179876140 0.017790036275982857 8965
1783179876146 0.0008123879670165479 8966
1783179876152 0.005127350799739361 8967
1783179876159 0.0023310461547225714 8968
1783179876165 0.2535158395767212 8969
1783179876171 0.019198421388864517 8970
1783179876177 0.03254546970129013 8971
1783179876183 0.09799128770828247 8972
1783179876246 0.08210760354995728 8973
1783179876259 0.0037847552448511124 8974
1783179876303 0.06666053086519241 8975
1783179876326 0.03770192712545395 8976
1783179876425 0.005612723995000124 8977
1783179876525 0.06818322092294693 8978
1783179876622 0.00491804163902998 8979
1783179876717 0.19839268922805786 8980
1783179876816 0.1118289977312088 8981
1783179876913 0.30523785948753357 8982
1783179877009 0.12146306782960892 8983
1783179877114 0.17359256744384766 8984
1783179877215 0.025296464562416077 8985
1783179877320 0.021556643769145012 8986
1783179877428 0.004541958216577768 8987
1783179877531 0.07786379754543304 8988
1783179877634 0.16492076218128204 8989
1783179877745 0.1562977433204651 8990
1783179877855 0.08332941681146622 8991
1783179877958 0.007445997558534145 8992
1783179877998 0.06581054627895355 8993
1783179878010 0.1000630110502243 8994
1783179878104 0.09474923461675644 8995
1783179878141 0.3003891408443451 8996
1783179878165 0.008681166917085648 8997
1783179878172 0.1078055128455162 8998
1783179878178 0.012797814793884754 8999
1783179878184 0.003028445178642869 9000
1783179878190 0.013157770968973637 9001
1783179878196 0.02702251635491848 9002
1783179878212 0.011581342667341232 9003
1783179878223 0.180656298995018 9004
1783179878236 0.026711219921708107 9005
1783179878251 0.44417667388916016 9006
1783179878344 0.013700664043426514 9007
1783179878426 0.13397426903247833 9008
1783179878475 0.09483218938112259 9009
1783179878487 0.07424642145633698 9010
1783179878499 0.014641170389950275 9011
1783179878511 0.09050145745277405 9012
1783179878523 0.008819283917546272 9013
1783179878533 0.020337490364909172 9014
1783179878540 0.0057862610556185246 9015
1783179878547 0.017908088862895966 9016
1783179878560 0.019196661189198494 9017
1783179878565 0.027902057394385338 9018
1783179878572 0.12084072083234787 9019
1783179878583 0.04819672182202339 9020
1783179878593 0.15142910182476044 9021
1783179878653 0.1611555814743042 9022
1783179878692 0.022642720490694046 9023
1783179878698 0.04627758637070656 9024
1783179878710 0.022000333294272423 9025
1783179878715 0.009181388653814793 9026
1783179878722 0.2979661822319031 9027
1783179878728 0.04205736517906189 9028
1783179878733 0.06992573291063309 9029
1783179878739 0.020258445292711258 9030
1783179878745 0.009092554450035095 9031
1783179878751 0.044833239167928696 9032
1783179878762 0.03207359462976456 9033
1783179878780 0.020163483917713165 9034
1783179878798 0.0035836161114275455 9035
1783179878827 0.1688401699066162 9036
1783179878836 0.00816244538873434 9037
1783179878842 0.007020597346127033 9038
1783179878848 0.03725253790616989 9039
1783179878860 0.15997625887393951 9040
1783179878864 0.0004940453800372779 9041
1783179878877 0.12358423322439194 9042
1783179878883 0.04428527131676674 9043
1783179878895 0.3813404440879822 9044
1783179878908 0.016574237495660782 9045
1783179878923 0.38212940096855164 9046
1783179878942 0.053530286997556686 9047
1783179878953 0.09103864431381226 9048
1783179879056 0.008291034959256649 9049
1783179879160 0.005062615964561701 9050
1783179879178 0.004829181358218193 9051
1783179879192 0.008131351321935654 9052
1783179879206 0.005007132887840271 9053
1783179879215 0.006896049715578556 9054
1783179879314 0.012843899428844452 9055
1783179879320 0.031953826546669006 9056
1783179879326 0.01142265647649765 9057
1783179879331 0.0075421640649437904 9058
1783179879338 0.31779977679252625 9059
1783179879343 0.029000915586948395 9060
1783179879350 0.10337568074464798 9061
1783179879355 0.04323703050613403 9062
1783179879362 0.019150981679558754 9063
1783179879367 0.012496267445385456 9064
1783179879373 0.02307237684726715 9065
1783179879381 0.07260611653327942 9066
1783179879387 0.05034136772155762 9067
1783179879391 0.0418102964758873 9068
1783179879397 0.4267987012863159 9069
1783179879404 0.09690757840871811 9070
1783179879507 0.02414056658744812 9071
1783179879529 0.0456610806286335 9072
1783179879550 0.0803951844573021 9073
1783179879562 0.10983723402023315 9074
1783179879567 0.01895071007311344 9075
1783179879574 0.018749631941318512 9076
1783179879580 0.20494380593299866 9077
1783179879584 0.037548404186964035 9078
1783179879591 0.07559547573328018 9079
1783179879596 0.16905178129673004 9080
1783179879603 0.0020128916949033737 9081
1783179879609 0.02597993053495884 9082
1783179879614 0.07149747759103775 9083
1783179879655 0.106145478785038 9084
1783179879753 0.010550670325756073 9085
1783179879855 0.13290803134441376 9086
1783179879960 0.09611085802316666 9087
1783179880059 0.049897100776433945 9088
1783179880153 0.001445945119485259 9089
1783179880160 0.008819428272545338 9090
1783179880165 0.10952688008546829 9091
1783179880173 0.11899949610233307 9092
1783179880238 0.08391720801591873 9093
1783179880248 0.004452582448720932 9094
1783179880256 0.01882614754140377 9095
1783179880266 0.11212682723999023 9096
1783179880283 0.06836680322885513 9097
1783179880298 0.14174135029315948 9098
1783179880310 0.013201463967561722 9099
1783179880324 0.015813741832971573 9100
1783179880338 0.11919543147087097 9101
1783179880375 0.21097205579280853 9102
1783179880387 0.021093355491757393 9103
1783179880410 0.058768145740032196 9104
1783179880416 0.005221605766564608 9105
1783179880425 0.15026505291461945 9106
1783179880433 0.06288386136293411 9107
1783179880439 0.0030252602882683277 9108
1783179880444 0.07932915538549423 9109
1783179880449 0.23043078184127808 9110
1783179880456 0.02403463050723076 9111
1783179880462 0.024073820561170578 9112
1783179880468 0.10487687587738037 9113
1783179880474 0.11671558022499084 9114
1783179880485 0.0434844009578228 9115
1783179880519 0.19404222071170807 9116
1783179880530 0.025299901142716408 9117
1783179880536 0.05986886844038963 9118
1783179880543 0.045291054993867874 9119
1783179880565 0.027235062792897224 9120
1783179880576 0.08975706994533539 9121
1783179880587 0.023412849754095078 9122
1783179880603 0.17027859389781952 9123
1783179880617 0.06100990250706673 9124
1783179880635 0.12053820490837097 9125
1783179880730 0.024398624897003174 9126
1783179880823 0.0627666637301445 9127
1783179880835 0.07484955340623856 9128
1783179880847 0.01632404513657093 9129
1783179880893 0.11597321182489395 9130
1783179880911 0.2746948003768921 9131
1783179880928 0.036544445902109146 9132
1783179880958 0.005264360923320055 9133
1783179880995 0.2191714346408844 9134
1783179881045 0.004908552393317223 9135
1783179881142 0.03375765681266785 9136
1783179881226 0.08750048279762268 9137
1783179881256 0.20750847458839417 9138
1783179881365 0.003207352478057146 9139
1783179881395 0.012417822144925594 9140
1783179881500 0.07126553356647491 9141
1783179881606 0.002797175897285342 9142
1783179881714 0.0061392225325107574 9143
1783179881826 0.038994383066892624 9144
1783179881925 0.012057407759130001 9145
1783179882022 0.29005032777786255 9146
1783179882109 0.12396124005317688 9147
1783179882227 0.03792969509959221 9148
1783179882320 0.05241110920906067 9149
1783179882425 0.08446713536977768 9150
1783179882527 0.12431199848651886 9151
1783179882632 0.009996131993830204 9152
1783179882736 0.1480722576379776 9153
1783179882746 0.012068419717252254 9154
1783179882753 0.10942816734313965 9155
1783179882759 0.010615319944918156 9156
1783179882766 0.28081613779067993 9157
1783179882772 0.010960523039102554 9158
1783179882778 0.03174575790762901 9159
1783179882784 0.0019179470837116241 9160
1783179882791 0.05312404781579971 9161
1783179882797 0.010242785327136517 9162
1783179882802 0.1555153876543045 9163
1783179882809 0.1673349291086197 9164
1783179882814 0.05330091714859009 9165
1783179882870 0.026068976148962975 9166
1783179882876 0.05057850852608681 9167
1783179882884 0.006092377007007599 9168
1783179882891 0.19174756109714508 9169
1783179882897 0.00938394945114851 9170
1783179882994 0.15099593997001648 9171
1783179883084 0.08116128295660019 9172
1783179883090 0.08877047896385193 9173
1783179883095 0.029996182769536972 9174
1783179883101 0.06102921813726425 9175
1783179883107 0.13399146497249603 9176
1783179883114 0.15445053577423096 9177
1783179883212 0.13755181431770325 9178
1783179883317 0.012358466163277626 9179
1783179883420 0.01596176065504551 9180
1783179883522 0.21683725714683533 9181
1783179883623 0.24776048958301544 9182
1783179883724 0.035199590027332306 9183
1783179883826 0.0754859670996666 9184
1783179883924 0.2036968320608139 9185
1783179884028 0.08523014932870865 9186
1783179884125 0.0019057054305449128 9187
1783179884217 0.0009062918252311647 9188
1783179884317 0.020617321133613586 9189
1783179884411 0.02363710105419159 9190
1783179884498 0.011198965832591057 9191
1783179884588 0.05223000794649124 9192
1783179884599 0.033184196799993515 9193
1783179884605 0.036837443709373474 9194
1783179884616 0.02313801273703575 9195
1783179884624 0.0777219757437706 9196
1783179884682 0.19498595595359802 9197
1783179884706 0.0535665787756443 9198
1783179884712 0.017527766525745392 9199
1783179884724 0.020433882251381874 9200
1783179884773 0.014910232275724411 9201
1783179884878 0.11500367522239685 9202
1783179884981 0.0954432338476181 9203
1783179885087 0.020542452111840248 9204
1783179885193 0.04255824163556099 9205
1783179885287 0.1833813637495041 9206
1783179885381 0.23908525705337524 9207
1783179885481 0.1792237013578415 9208
1783179885583 0.00508819380775094 9209
1783179885682 0.11504721641540527 9210
1783179885779 0.04028788581490517 9211
1783179885876 0.20037062466144562 9212
1783179885978 0.07157538086175919 9213
1783179886078 0.06169204041361809 9214
1783179886177 0.17504411935806274 9215
1783179886272 0.08357298374176025 9216
1783179886377 0.07756293565034866 9217
1783179886478 0.15407779812812805 9218
1783179886579 0.03610999509692192 9219
1783179886674 0.066792793571949 9220
1783179886777 0.20311623811721802 9221
1783179886885 0.04932846873998642 9222
1783179886974 0.019395841285586357 9223
1783179887068 0.10002948343753815 9224
1783179887174 0.07177204638719559 9225
1783179887277 0.05590210482478142 9226
1783179887383 0.06287463009357452 9227
1783179887484 0.05770297348499298 9228
1783179887590 0.16649062931537628 9229
1783179887692 0.028859630227088928 9230
1783179887798 0.0766194611787796 9231
1783179887905 0.11960380524396896 9232
1783179888007 0.13410258293151855 9233
1783179888111 0.07454049587249756 9234
1783179888215 0.038536034524440765 9235
1783179888317 0.2357180118560791 9236
1783179888418 0.17914405465126038 9237
1783179888521 0.10203468054533005 9238
1783179888626 0.058980345726013184 9239
1783179888728 0.006556535139679909 9240
1783179888833 0.0033364829141646624 9241
1783179888935 0.09283304959535599 9242
1783179889039 0.4585217237472534 9243
1783179889142 0.07563606649637222 9244
1783179889247 0.22493226826190948 9245
1783179889349 0.056005362421274185 9246
1783179889450 0.12615907192230225 9247
1783179889552 0.006964637897908688 9248
1783179889655 0.02734127640724182 9249
1783179889760 0.007586630526930094 9250
1783179889862 0.03268231078982353 9251
1783179889964 0.0225096195936203 9252
1783179890065 0.08317086100578308 9253
1783179890170 0.049135882407426834 9254
1783179890274 0.11286653578281403 9255
1783179890375 0.1169482097029686 9256
1783179890476 0.012445773929357529 9257
1783179890581 0.1429489254951477 9258
1783179890686 0.0048023974522948265 9259
1783179890790 0.20891182124614716 9260
1783179890895 0.01182040385901928 9261
1783179890979 0.039627399295568466 9262
1783179891074 0.10666884481906891 9263
1783179891171 0.03485545516014099 9264
1783179891270 0.11723095178604126 9265
1783179891371 0.03375151380896568 9266
1783179891474 0.09975918382406235 9267
1783179891579 0.13231883943080902 9268
1783179891681 0.04459977149963379 9269
1783179891785 0.1199684739112854 9270
1783179891891 0.012256218120455742 9271
1783179891993 0.09003251791000366 9272
1783179892106 0.047780029475688934 9273
1783179892209 0.0573553703725338 9274
1783179892311 0.006292735692113638 9275
1783179892422 0.08194984495639801 9276
1783179892528 0.09330011904239655 9277
1783179892620 0.12723837792873383 9278
1783179892727 0.027160590514540672 9279
1783179892837 0.2926124334335327 9280
1783179892936 0.11658700555562973 9281
1783179893042 0.08917069435119629 9282
1783179893058 0.1252492070198059 9283
1783179893145 0.10968593508005142 9284
1783179893235 0.1900654137134552 9285
1783179893331 0.12802398204803467 9286
1783179893434 0.012324796058237553 9287
1783179893535 0.09588946402072906 9288
1783179893637 0.3807370662689209 9289
1783179893736 0.07106775790452957 9290
1783179893842 0.33584848046302795 9291
1783179893944 0.14240844547748566 9292
1783179894039 0.014185229316353798 9293
1783179894144 0.3903569281101227 9294
1783179894254 0.15467678010463715 9295
1783179894362 0.0035110609605908394 9296
1783179894473 0.022395972162485123 9297
1783179894555 0.04039536416530609 9298
1783179894659 0.020464226603507996 9299
1783179894764 0.06696940213441849 9300
1783179894876 0.033285483717918396 9301
1783179894984 0.04988023638725281 9302
1783179895089 0.48390674591064453 9303
1783179895199 0.03477417305111885 9304
1783179895304 0.0012550028041005135 9305
1783179895407 0.00698487926274538 9306
1783179895513 0.004152566194534302 9307
1783179895632 0.27850741147994995 9308
1783179895738 0.009846937842667103 9309
1783179895835 0.004538250621408224 9310
1783179895939 0.24077360332012177 9311
1783179896017 0.12229064106941223 9312
1783179896109 0.011613484472036362 9313
1783179896219 0.04893208667635918 9314
1783179896323 0.025115197524428368 9315
1783179896424 0.14960622787475586 9316
1783179896524 0.00518230302259326 9317
1783179896622 0.03198719397187233 9318
1783179896707 0.028790898621082306 9319
1783179896800 0.13073988258838654 9320
1783179896900 0.011039418168365955 9321
1783179896992 0.1897553950548172 9322
1783179897089 0.021731168031692505 9323
1783179897190 0.04941459372639656 9324
1783179897285 0.026548583060503006 9325
1783179897386 0.11691787093877792 9326
1783179897480 0.03364860638976097 9327
1783179897513 0.008996476419270039 9328
1783179897616 0.019259635359048843 9329
1783179897707 0.0045138453133404255 9330
1783179897798 0.020650789141654968 9331
1783179897901 0.08049080520868301 9332
1783179898006 0.06265721470117569 9333
1783179898108 0.00918670929968357 9334
1783179898210 0.06063355877995491 9335
1783179898310 0.038568928837776184 9336
1783179898413 0.1806732416152954 9337
1783179898513 0.07891548424959183 9338
1783179898614 0.03777765855193138 9339
1783179898719 0.0645608901977539 9340
1783179898823 0.0068503073416650295 9341
1783179898925 0.25931477546691895 9342
1783179899028 0.14920848608016968 9343
1783179899125 0.06380782276391983 9344
1783179899233 0.08964874595403671 9345
1783179899336 0.05815732106566429 9346
1783179899429 0.011155642569065094 9347
1783179899509 0.24247519671916962 9348
1783179899615 0.03850376605987549 9349
1783179899711 0.008332086727023125 9350
1783179899814 0.12592284381389618 9351
1783179899888 0.03319314867258072 9352
1783179899892 0.2673260569572449 9353
1783179899898 0.10544146597385406 9354
1783179899906 0.04817983880639076 9355
1783179899972 0.13032613694667816 9356
1783179899991 0.07159221917390823 9357
1783179899996 0.146547332406044 9358
1783179900007 0.05570056661963463 9359
1783179900026 0.05242948606610298 9360
1783179900032 0.04219786450266838 9361
1783179900086 0.05082842707633972 9362
1783179900103 0.15721634030342102 9363
1783179900127 0.05851704254746437 9364
1783179900141 0.02224932424724102 9365
1783179900147 0.035949163138866425 9366
1783179900153 0.05807486176490784 9367
1783179900260 0.020590495318174362 9368
1783179900317 0.18227460980415344 9369
1783179900418 0.002149481326341629 9370
1783179900483 0.08964463323354721 9371
1783179900584 0.007696996442973614 9372
1783179900689 0.03477434441447258 9373
1783179900766 0.030202755704522133 9374
