1782830773463 2.2920007705688477 0
1782830773467 2.439877510070801 1
1782830773470 2.1417059898376465 2
1782830773472 2.3608293533325195 3
1782830773475 1.9256300926208496 4
1782830773478 1.9671491384506226 5
1782830773481 2.004833221435547 6
1782830773484 1.8281676769256592 7
1782830773487 1.7547603845596313 8
1782830773491 1.575026035308838 9
1782830773494 1.5653252601623535 10
1782830773497 1.5161200761795044 11
1782830773500 1.3272531032562256 12
1782830773503 1.6902230978012085 13
1782830773506 1.2500505447387695 14
1782830773508 1.1373403072357178 15
1782830773510 1.2809135913848877 16
1782830773513 0.7811225652694702 17
1782830773515 1.422126293182373 18
1782830773518 0.6564454436302185 19
1782830773520 1.0653046369552612 20
1782830773524 0.9945318698883057 21
1782830773526 0.8207989931106567 22
1782830773529 0.7734318971633911 23
1782830773531 1.0453704595565796 24
1782830773533 0.6876901984214783 25
1782830773535 0.6370044350624084 26
1782830773537 0.7105571031570435 27
1782830773540 0.6913771033287048 28
1782830773542 1.1273040771484375 29
1782830773544 0.7879891991615295 30
1782830773546 0.7560259699821472 31
1782830773548 0.9097187519073486 32
1782830773551 0.8502047061920166 33
1782830773553 0.8249160647392273 34
1782830773555 0.9227805137634277 35
1782830773557 0.9799513816833496 36
1782830773559 0.7977307438850403 37
1782830773561 0.7011593580245972 38
1782830773563 0.706971287727356 39
1782830773566 0.7258383631706238 40
1782830773568 0.4067787826061249 41
1782830773570 0.6025593876838684 42
1782830773572 0.5908786058425903 43
1782830773574 0.5628929734230042 44
1782830773576 0.48334643244743347 45
1782830773578 0.6814682483673096 46
1782830773580 0.5685610175132751 47
1782830773582 0.4112758934497833 48
1782830773584 0.32813048362731934 49
1782830773586 0.3417602777481079 50
1782830773588 0.6492299437522888 51
1782830773590 0.7883543968200684 52
1782830773593 0.3256102204322815 53
1782830773595 0.6139594316482544 54
1782830773598 0.45150279998779297 55
1782830773600 0.3546026349067688 56
1782830773603 0.39803293347358704 57
1782830773606 0.6041714549064636 58
1782830773609 0.574272096157074 59
1782830773611 0.18575400114059448 60
1782830773613 0.2414456009864807 61
1782830773615 0.440710186958313 62
1782830773618 0.2878014147281647 63
1782830773620 0.8681493997573853 64
1782830773623 1.0220496654510498 65
1782830773625 0.3571470379829407 66
1782830773627 0.3375034034252167 67
1782830773629 0.5223175883293152 68
1782830773632 0.7387149333953857 69
1782830773634 0.5615444183349609 70
1782830773636 0.775077760219574 71
1782830773639 0.4731966257095337 72
1782830773641 0.8067678213119507 73
1782830773643 0.9290324449539185 74
1782830773646 0.6548256874084473 75
1782830773648 0.9428995847702026 76
1782830773650 0.4838990271091461 77
1782830773653 0.4572518467903137 78
1782830773655 0.35050806403160095 79
1782830773657 0.42062556743621826 80
1782830773659 0.9959429502487183 81
1782830773662 0.6113803386688232 82
1782830773664 0.5790678262710571 83
1782830773666 0.5532448291778564 84
1782830773668 0.7965501546859741 85
1782830773671 0.26644688844680786 86
1782830773673 0.4785137176513672 87
1782830773675 0.6166747808456421 88
1782830773678 0.3716956377029419 89
1782830773680 0.3653031587600708 90
1782830773682 0.5385199785232544 91
1782830773685 0.5114943385124207 92
1782830773687 0.4409961998462677 93
1782830773689 0.40727829933166504 94
1782830773691 0.2535131573677063 95
1782830773694 0.6048676371574402 96
1782830773696 0.22029906511306763 97
1782830773698 0.33558836579322815 98
1782830773700 0.4660918414592743 99
1782830773703 0.33844834566116333 100
1782830773705 0.4420832693576813 101
1782830773707 0.07206365466117859 102
1782830773709 0.4832551181316376 103
1782830773712 0.38807862997055054 104
1782830773714 0.46320611238479614 105
1782830773717 0.33231523633003235 106
1782830773719 0.22979837656021118 107
1782830773721 0.3574712574481964 108
1782830773723 0.2607528269290924 109
1782830773726 0.5388802886009216 110
1782830773728 0.7961055040359497 111
1782830773731 1.0145050287246704 112
1782830773733 0.5212701559066772 113
1782830773735 0.6254646182060242 114
1782830773737 0.6845936179161072 115
1782830773739 0.5376515984535217 116
1782830773741 0.4768736660480499 117
1782830773743 0.6309369802474976 118
1782830773745 0.3934781551361084 119
1782830773747 0.692238986492157 120
1782830773752 0.6154174208641052 121
1782830773754 0.476827472448349 122
1782830773756 0.8861798644065857 123
1782830773758 0.8540417551994324 124
1782830773760 0.5882290005683899 125
1782830773762 0.36791104078292847 126
1782830773765 0.6987571716308594 127
1782830773767 0.19178524613380432 128
1782830773770 0.6500074863433838 129
1782830773772 0.5279859900474548 130
1782830773774 0.794122576713562 131
1782830773777 0.3783113360404968 132
1782830773779 0.5867733359336853 133
1782830773781 0.26386377215385437 134
1782830773784 0.32305318117141724 135
1782830773786 0.6112792491912842 136
1782830773788 0.23418225347995758 137
1782830773790 0.24773049354553223 138
1782830773793 0.6694769263267517 139
1782830773796 0.4063909649848938 140
1782830773798 0.29186320304870605 141
1782830773801 0.44592520594596863 142
1782830773803 0.34256666898727417 143
1782830773806 0.6714895963668823 144
1782830773809 0.39280396699905396 145
1782830773812 0.282596230506897 146
1782830773815 0.29557788372039795 147
1782830773818 0.11593376845121384 148
1782830773821 0.6678491830825806 149
1782830773824 0.4123932719230652 150
1782830773827 0.05405634641647339 151
1782830773830 0.41287297010421753 152
1782830773832 0.4886709153652191 153
1782830773835 0.37636837363243103 154
1782830773838 0.3113415837287903 155
1782830773840 0.5862025022506714 156
1782830773843 0.6425460577011108 157
1782830773846 0.4812937378883362 158
1782830773848 0.173695906996727 159
1782830773851 0.48002493381500244 160
1782830773854 0.42400941252708435 161
1782830773856 0.3461207151412964 162
1782830773859 0.29502806067466736 163
1782830773862 0.3970913290977478 164
1782830773864 0.48904967308044434 165
1782830773867 0.6875082850456238 166
1782830773870 0.6582037210464478 167
1782830773872 0.42341116070747375 168
1782830773875 0.3575485646724701 169
1782830773878 0.9210060238838196 170
1782830773880 0.33378487825393677 171
1782830773883 0.5551350712776184 172
1782830773886 0.16675372421741486 173
1782830773888 0.37088799476623535 174
1782830773891 0.2981621026992798 175
1782830773894 0.16170674562454224 176
1782830773897 0.3862488865852356 177
1782830773899 0.4314746856689453 178
1782830773902 0.5997204184532166 179
1782830773904 0.3446531593799591 180
1782830773906 0.6097129583358765 181
1782830773908 0.1949818730354309 182
1782830773910 0.302886962890625 183
1782830773913 0.5205698609352112 184
1782830773915 0.5094907283782959 185
1782830773917 0.23874104022979736 186
1782830773919 0.3149571418762207 187
1782830773922 0.42415666580200195 188
1782830773924 0.3723753094673157 189
1782830773926 0.35883069038391113 190
1782830773929 0.24478453397750854 191
1782830773931 0.4025224447250366 192
1782830773933 0.10234931111335754 193
1782830773935 0.41045939922332764 194
1782830773938 0.0702737420797348 195
1782830773941 0.47276556491851807 196
1782830773943 0.37843605875968933 197
1782830773945 0.31079018115997314 198
1782830773948 0.27995193004608154 199
1782830773951 0.41277825832366943 200
1782830773953 0.7269207239151001 201
1782830773956 0.2946588695049286 202
1782830773959 0.11188135296106339 203
1782830773961 0.3775707185268402 204
1782830773964 0.5384552478790283 205
1782830773967 0.47802406549453735 206
1782830773969 0.319807231426239 207
1782830773972 0.2734573483467102 208
1782830773975 0.5906123518943787 209
1782830773977 0.6784099340438843 210
1782830773980 0.34306779503822327 211
1782830773982 0.3862345814704895 212
1782830773985 0.8340379595756531 213
1782830773987 0.35244572162628174 214
1782830773990 0.39974740147590637 215
1782830773993 0.5362022519111633 216
1782830773996 0.14229030907154083 217
1782830773998 0.28255730867385864 218
1782830774001 0.33887508511543274 219
1782830774004 0.610657274723053 220
1782830774007 0.4937967360019684 221
1782830774009 0.4058438539505005 222
1782830774012 0.5212108492851257 223
1782830774015 0.6864650249481201 224
1782830774017 0.35272857546806335 225
1782830774019 0.39478665590286255 226
1782830774021 0.1874627023935318 227
1782830774023 0.2584401071071625 228
1782830774025 0.30126357078552246 229
1782830774027 0.32110482454299927 230
1782830774028 0.2532692849636078 231
1782830774031 0.3463682234287262 232
1782830774033 0.39644551277160645 233
1782830774035 0.2992352843284607 234
1782830774037 0.32893967628479004 235
1782830774039 0.48769092559814453 236
1782830774041 0.4452452063560486 237
1782830774043 0.28447332978248596 238
1782830774045 0.3423832058906555 239
1782830774047 0.4485470950603485 240
1782830774049 0.28451913595199585 241
1782830774051 0.6469935178756714 242
1782830774053 0.6088438034057617 243
1782830774055 0.5843659043312073 244
1782830774057 0.220015287399292 245
1782830774059 0.4367896318435669 246
1782830774061 0.43029603362083435 247
1782830774063 0.5767171382904053 248
1782830774065 0.5140811800956726 249
1782830774067 0.7331569790840149 250
1782830774069 0.6379733681678772 251
1782830774071 0.6190828084945679 252
1782830774073 0.24253173172473907 253
1782830774076 0.6271227598190308 254
1782830774078 0.1915607899427414 255
1782830774080 0.44452229142189026 256
1782830774082 0.5864109396934509 257
1782830774084 0.2812281548976898 258
1782830774086 0.20541401207447052 259
1782830774089 0.39082297682762146 260
1782830774091 0.602898120880127 261
1782830774093 0.5360143780708313 262
1782830774095 0.2628878057003021 263
1782830774097 0.4841475188732147 264
1782830774100 0.29070910811424255 265
1782830774102 0.30818071961402893 266
1782830774104 0.49920329451560974 267
1782830774106 0.42575857043266296 268
1782830774108 0.4647494852542877 269
1782830774110 0.5683678984642029 270
1782830774112 0.19461026787757874 271
1782830774114 0.6339166760444641 272
1782830774116 0.1942438930273056 273
1782830774118 0.47926512360572815 274
1782830774120 0.3201160430908203 275
1782830774122 0.3670116364955902 276
1782830774125 0.23276449739933014 277
1782830774127 0.1858871728181839 278
1782830774129 0.3152936100959778 279
1782830774131 0.6507834792137146 280
1782830774134 0.23477019369602203 281
1782830774136 0.2608737349510193 282
1782830774139 0.24938854575157166 283
1782830774141 0.3857877850532532 284
1782830774144 0.41239309310913086 285
1782830774146 0.3470194637775421 286
1782830774149 0.46549999713897705 287
1782830774151 0.15678510069847107 288
1782830774154 0.3513602018356323 289
1782830774157 0.36141344904899597 290
1782830774159 0.19136157631874084 291
1782830774162 0.2982361614704132 292
1782830774165 0.2359922081232071 293
1782830774167 0.33954983949661255 294
1782830774170 0.07990127801895142 295
1782830774173 0.40430715680122375 296
1782830774175 0.6265271306037903 297
1782830774178 0.4067838788032532 298
1782830774181 0.5006973743438721 299
1782830774183 0.3772619366645813 300
1782830774186 0.440449059009552 301
1782830774188 0.24524196982383728 302
1782830774191 0.36762234568595886 303
1782830774194 0.43264833092689514 304
1782830774196 0.5901337265968323 305
1782830774199 0.7532781362533569 306
1782830774201 0.46172139048576355 307
1782830774204 0.23683013021945953 308
1782830774207 0.3528992533683777 309
1782830774210 0.17846298217773438 310
1782830774212 0.5602136850357056 311
1782830774215 0.42501282691955566 312
1782830774217 0.3358990252017975 313
1782830774220 0.5518691539764404 314
1782830774223 0.2932002544403076 315
1782830774226 0.33892130851745605 316
1782830774228 0.19543880224227905 317
1782830774231 0.3166433870792389 318
1782830774234 0.231191486120224 319
1782830774236 0.4659765362739563 320
1782830774239 0.1407036930322647 321
1782830774242 0.44640830159187317 322
1782830774244 0.5821378827095032 323
1782830774247 0.1398623138666153 324
1782830774250 0.3590679466724396 325
1782830774252 0.17482657730579376 326
1782830774255 0.4271950125694275 327
1782830774258 0.19500751793384552 328
1782830774260 0.2612856328487396 329
1782830774263 0.4794808030128479 330
1782830774266 0.4724304676055908 331
1782830774269 0.15247322618961334 332
1782830774272 0.35962367057800293 333
1782830774274 0.5151321887969971 334
1782830774277 0.33167311549186707 335
1782830774280 0.19679827988147736 336
1782830774282 0.39219748973846436 337
1782830774286 0.443787544965744 338
1782830774288 0.45494917035102844 339
1782830774291 0.35694408416748047 340
1782830774293 0.44280770421028137 341
1782830774296 0.2151779979467392 342
1782830774299 0.2306385338306427 343
1782830774301 0.29796934127807617 344
1782830774304 0.5410981178283691 345
1782830774307 0.13283880054950714 346
1782830774309 0.08947522193193436 347
1782830774311 0.25618353486061096 348
1782830774313 0.25468647480010986 349
1782830774315 0.29696327447891235 350
1782830774317 0.2286181002855301 351
1782830774319 0.24998942017555237 352
1782830774321 0.34949955344200134 353
1782830774324 0.39627838134765625 354
1782830774326 0.19016282260417938 355
1782830774328 0.22129535675048828 356
1782830774330 0.4635191559791565 357
1782830774332 0.26973986625671387 358
1782830774334 0.24068763852119446 359
1782830774336 0.13620126247406006 360
1782830774338 0.19791801273822784 361
1782830774340 0.2675713002681732 362
1782830774342 0.5219634771347046 363
1782830774344 0.2632901072502136 364
1782830774346 0.21959571540355682 365
1782830774348 0.4285135269165039 366
1782830774351 0.6758724451065063 367
1782830774353 0.2334991842508316 368
1782830774355 0.43393510580062866 369
1782830774357 0.27586546540260315 370
1782830774359 0.4383730888366699 371
1782830774362 0.19877131283283234 372
1782830774364 0.30063286423683167 373
1782830774367 0.3235485851764679 374
1782830774369 0.5600947737693787 375
1782830774371 0.3501642048358917 376
1782830774374 0.35909396409988403 377
1782830774376 0.31159698963165283 378
1782830774378 0.3850554823875427 379
1782830774380 0.09968174993991852 380
1782830774382 0.18622037768363953 381
1782830774384 0.34350916743278503 382
1782830774386 0.5228155851364136 383
1782830774388 0.22803108394145966 384
1782830774390 0.36696359515190125 385
1782830774392 0.3631875813007355 386
1782830774394 0.399842232465744 387
1782830774396 0.23579400777816772 388
1782830774399 0.5052650570869446 389
1782830774401 0.32131633162498474 390
1782830774403 0.40875503420829773 391
1782830774405 0.6235958337783813 392
1782830774407 0.24305187165737152 393
1782830774410 0.389908105134964 394
1782830774412 0.1235264241695404 395
1782830774415 0.24433940649032593 396
1782830774417 0.193155437707901 397
1782830774420 0.1238429993391037 398
1782830774422 0.3306010067462921 399
1782830774425 0.15918727219104767 400
1782830774428 0.067775197327137 401
1782830774430 0.1306033879518509 402
1782830774433 0.5237529277801514 403
1782830774436 0.04811699688434601 404
1782830774439 0.34909749031066895 405
1782830774442 0.33686816692352295 406
1782830774445 0.4331147372722626 407
1782830774447 0.06712073087692261 408
1782830774450 0.10916616767644882 409
1782830774453 0.3986985385417938 410
1782830774455 0.42133092880249023 411
1782830774458 0.1265115737915039 412
1782830774460 0.3483768403530121 413
1782830774462 0.3585308790206909 414
1782830774464 0.20584304630756378 415
1782830774467 0.14192333817481995 416
1782830774469 0.18022145330905914 417
1782830774471 0.16194123029708862 418
1782830774473 0.4029579758644104 419
1782830774475 0.1435500979423523 420
1782830774478 0.3564443588256836 421
1782830774481 0.48037752509117126 422
1782830774484 0.2014215886592865 423
1782830774487 0.11001663655042648 424
1782830774489 0.3138764500617981 425
1782830774492 0.13750505447387695 426
1782830774495 0.18139097094535828 427
1782830774498 0.910533607006073 428
1782830774500 0.31927061080932617 429
1782830774503 0.4820394515991211 430
1782830774506 0.1188468411564827 431
1782830774508 0.2561117708683014 432
1782830774511 0.5193986296653748 433
1782830774514 0.4689497947692871 434
1782830774516 0.10350850224494934 435
1782830774519 0.3711851239204407 436
1782830774523 0.6702199578285217 437
1782830774527 0.04325594753026962 438
1782830774529 0.4047621488571167 439
1782830774532 0.42428725957870483 440
1782830774535 0.46782273054122925 441
1782830774537 0.19871750473976135 442
1782830774540 0.13544327020645142 443
1782830774543 0.3418976068496704 444
1782830774546 0.443630576133728 445
1782830774548 0.2081015557050705 446
1782830774551 0.2998907268047333 447
1782830774554 0.4906059205532074 448
1782830774556 0.25677698850631714 449
1782830774559 0.13849753141403198 450
1782830774562 0.49410945177078247 451
1782830774565 0.17264652252197266 452
1782830774567 0.33367395401000977 453
1782830774570 0.6712674498558044 454
1782830774572 0.39715927839279175 455
1782830774575 0.19624648988246918 456
1782830774578 0.25577935576438904 457
1782830774580 0.2774747610092163 458
1782830774583 0.33672595024108887 459
1782830774586 0.29678773880004883 460
1782830774588 0.18779240548610687 461
1782830774591 0.12105388194322586 462
1782830774593 0.3244894742965698 463
1782830774596 0.14548659324645996 464
1782830774599 0.0632130578160286 465
1782830774602 0.19234593212604523 466
1782830774605 0.12292969226837158 467
1782830774608 0.31132936477661133 468
1782830774610 0.13414540886878967 469
1782830774613 0.16910484433174133 470
1782830774615 0.24367988109588623 471
1782830774618 0.258798748254776 472
1782830774621 0.17788735032081604 473
1782830774623 0.04623977467417717 474
1782830774626 0.3332758843898773 475
1782830774628 0.08853350579738617 476
1782830774631 0.0691336989402771 477
1782830774634 0.42316335439682007 478
1782830774637 0.2625681459903717 479
1782830774639 0.19363676011562347 480
1782830774642 0.26436883211135864 481
1782830774645 0.1618281602859497 482
1782830774647 0.3673155903816223 483
1782830774650 0.1435217559337616 484
1782830774653 0.34549954533576965 485
1782830774655 0.15536868572235107 486
1782830774658 0.22558937966823578 487
1782830774660 0.16779282689094543 488
1782830774662 0.15321224927902222 489
1782830774664 0.21761037409305573 490
1782830774666 0.7743721008300781 491
1782830774668 0.4437716603279114 492
1782830774670 0.1042054072022438 493
1782830774672 0.05623100325465202 494
1782830774674 0.1573561429977417 495
1782830774676 0.5601488351821899 496
1782830774678 0.4806266725063324 497
1782830774680 0.09549610316753387 498
1782830774682 0.17208586633205414 499
1782830774685 0.27691808342933655 500
1782830774687 0.10647932440042496 501
1782830774689 0.05918392166495323 502
1782830774691 0.33362865447998047 503
1782830774693 0.25238221883773804 504
1782830774695 0.34570395946502686 505
1782830774697 0.18382371962070465 506
1782830774699 0.20678865909576416 507
1782830774701 0.35767224431037903 508
1782830774703 0.05414216220378876 509
1782830774705 0.2658211588859558 510
1782830774707 0.28691366314888 511
1782830774710 0.23814328014850616 512
1782830774712 0.13429930806159973 513
1782830774714 0.12276862561702728 514
1782830774716 0.09470688551664352 515
1782830774718 0.16685713827610016 516
1782830774720 0.40281325578689575 517
1782830774722 0.22125256061553955 518
1782830774724 0.5372527241706848 519
1782830774727 0.45826247334480286 520
1782830774729 0.15727069973945618 521
1782830774731 0.07395713776350021 522
1782830774733 0.11653836816549301 523
1782830774735 0.5365186929702759 524
1782830774738 0.161906436085701 525
1782830774740 0.22276271879673004 526
1782830774742 0.12558548152446747 527
1782830774744 0.18720199167728424 528
1782830774746 0.35911595821380615 529
1782830774748 0.19458740949630737 530
1782830774750 0.23136410117149353 531
1782830774752 0.38106420636177063 532
1782830774754 0.21422292292118073 533
1782830774756 0.29333746433258057 534
1782830774758 0.28558996319770813 535
1782830774760 0.3663420081138611 536
1782830774762 0.11859750747680664 537
1782830774765 0.07685669511556625 538
1782830774767 0.10980568081140518 539
1782830774769 0.13334783911705017 540
1782830774771 0.2504766285419464 541
1782830774773 0.1333957463502884 542
1782830774775 0.4297018349170685 543
1782830774777 0.19331364333629608 544
1782830774779 0.37297821044921875 545
1782830774781 0.4378437399864197 546
1782830774783 0.3516894280910492 547
1782830774785 0.41324520111083984 548
1782830774787 0.161651149392128 549
1782830774789 0.27355891466140747 550
1782830774792 0.1739233136177063 551
1782830774794 0.18413536250591278 552
1782830774796 0.2052440196275711 553
1782830774798 0.4592234790325165 554
1782830774801 0.24752801656723022 555
1782830774804 0.05687708780169487 556
1782830774806 0.0833326205611229 557
1782830774809 0.164979949593544 558
1782830774812 0.24467891454696655 559
1782830774814 0.41988465189933777 560
1782830774817 0.29603442549705505 561
1782830774819 0.14993678033351898 562
1782830774822 0.7195914387702942 563
1782830774825 0.3747688829898834 564
1782830774827 0.39421501755714417 565
1782830774830 0.22655117511749268 566
1782830774833 0.34380820393562317 567
1782830774835 0.616640567779541 568
1782830774837 0.25295546650886536 569
1782830774840 0.21462155878543854 570
1782830774842 0.1977820247411728 571
1782830774844 0.2641485333442688 572
1782830774846 0.3033086955547333 573
1782830774848 0.2282625138759613 574
1782830774851 0.4752539098262787 575
1782830774853 0.23980137705802917 576
1782830774855 0.19451987743377686 577
1782830774857 0.1751275211572647 578
1782830774859 0.3740614354610443 579
1782830774862 0.2705320119857788 580
1782830774864 0.4130202531814575 581
1782830774866 0.13835257291793823 582
1782830774868 0.20052434504032135 583
1782830774870 0.3572559058666229 584
1782830774872 0.29557377099990845 585
1782830774874 0.26428788900375366 586
1782830774876 0.38903748989105225 587
1782830774878 0.34003758430480957 588
1782830774880 0.48288819193840027 589
1782830774883 0.5242964029312134 590
1782830774885 0.14306026697158813 591
1782830774887 0.5657802224159241 592
1782830774890 0.2506091594696045 593
1782830774892 0.1408414989709854 594
1782830774894 0.1861993968486786 595
1782830774896 0.30666157603263855 596
1782830774899 0.33926108479499817 597
1782830774901 0.5091371536254883 598
1782830774903 0.2639911472797394 599
1782830774906 0.19615265727043152 600
1782830774908 0.080356165766716 601
1782830774910 0.22285525500774384 602
1782830774913 0.24775142967700958 603
1782830774915 0.15290048718452454 604
1782830774917 0.16955019533634186 605
1782830774919 0.16761638224124908 606
1782830774921 0.24841932952404022 607
1782830774924 0.1559699922800064 608
1782830774926 0.11415501683950424 609
1782830774929 0.1653691828250885 610
1782830774931 0.8273294568061829 611
1782830774933 0.2375062257051468 612
1782830774935 0.27533265948295593 613
1782830774938 0.11865782737731934 614
1782830774940 0.42791059613227844 615
1782830774942 0.2744520604610443 616
1782830774944 0.4783374071121216 617
1782830774946 0.06919070333242416 618
1782830774949 0.34498608112335205 619
1782830774951 0.07695956528186798 620
1782830774953 0.29540926218032837 621
1782830774956 0.43077942728996277 622
1782830774958 0.22855475544929504 623
1782830774960 0.20299933850765228 624
1782830774962 0.28404268622398376 625
1782830774965 0.5238367319107056 626
1782830774967 0.5801136493682861 627
1782830774969 0.3633972704410553 628
1782830774971 0.39676573872566223 629
1782830774973 0.09213325381278992 630
1782830774975 0.24378462135791779 631
1782830774977 0.23382483422756195 632
1782830774979 0.3206075429916382 633
1782830774981 0.3121562600135803 634
1782830774983 0.1320822536945343 635
1782830774985 0.2568387985229492 636
1782830774987 0.24821758270263672 637
1782830774989 0.2763007581233978 638
1782830774992 0.38345205783843994 639
1782830774994 0.19769048690795898 640
1782830774996 0.33722662925720215 641
1782830774999 0.07370308041572571 642
1782830775001 0.3266489803791046 643
1782830775004 0.22330109775066376 644
1782830775006 0.2654523551464081 645
1782830775008 0.12842422723770142 646
1782830775011 0.37297284603118896 647
1782830775013 0.17084947228431702 648
1782830775015 0.3143126368522644 649
1782830775017 0.05465376377105713 650
1782830775020 0.17912784218788147 651
1782830775022 0.4154506325721741 652
1782830775024 0.1278335452079773 653
1782830775026 0.09983913600444794 654
1782830775028 0.2557096779346466 655
1782830775031 0.09508485347032547 656
1782830775033 0.22316312789916992 657
1782830775035 0.1600407212972641 658
1782830775038 0.09940803050994873 659
1782830775040 0.17920665442943573 660
1782830775042 0.5525667667388916 661
1782830775044 0.22870442271232605 662
1782830775046 0.3491854965686798 663
1782830775048 0.3009354770183563 664
1782830775050 0.20594199001789093 665
1782830775052 0.04233500361442566 666
1782830775054 0.1697131097316742 667
1782830775057 0.2232944816350937 668
1782830775059 0.04596642404794693 669
1782830775062 0.2965906858444214 670
1782830775064 0.17502468824386597 671
1782830775067 0.2518538534641266 672
1782830775070 0.8085600733757019 673
1782830775072 0.11015281826257706 674
1782830775075 0.2943880558013916 675
1782830775078 0.07273762673139572 676
1782830775080 0.23485098779201508 677
1782830775083 0.3739372491836548 678
1782830775086 0.2894759476184845 679
1782830775088 0.11645273119211197 680
1782830775091 0.42563846707344055 681
1782830775094 0.24262002110481262 682
1782830775096 0.346645712852478 683
1782830775099 0.21640583872795105 684
1782830775102 0.10481464862823486 685
1782830775104 0.5071119070053101 686
1782830775106 0.28121936321258545 687
1782830775108 0.10667366534471512 688
1782830775110 0.17777609825134277 689
1782830775112 0.2420629858970642 690
1782830775114 0.09165307879447937 691
1782830775116 0.16745419800281525 692
1782830775118 0.26808997988700867 693
1782830775120 0.21820728480815887 694
1782830775123 0.38615038990974426 695
1782830775125 0.04051594436168671 696
1782830775128 0.09812571108341217 697
1782830775131 0.35633769631385803 698
1782830775133 0.2548981010913849 699
1782830775136 0.09838319569826126 700
1782830775138 0.24325008690357208 701
1782830775141 0.30852997303009033 702
1782830775144 0.13901647925376892 703
1782830775146 0.03187325596809387 704
1782830775149 0.3045569658279419 705
1782830775152 0.12579984962940216 706
1782830775155 0.2800341844558716 707
1782830775157 0.23357434570789337 708
1782830775160 0.5236731767654419 709
1782830775163 0.29876643419265747 710
1782830775165 0.08290839940309525 711
1782830775168 0.08344890177249908 712
1782830775170 0.3612510859966278 713
1782830775172 0.4448438882827759 714
1782830775174 0.34101971983909607 715
1782830775176 0.22912921011447906 716
1782830775178 0.10249324142932892 717
1782830775180 0.08285960555076599 718
1782830775182 0.13163034617900848 719
1782830775184 0.1621517688035965 720
1782830775186 0.24757204949855804 721
1782830775188 0.33182060718536377 722
1782830775190 0.15288421511650085 723
1782830775192 0.23554560542106628 724
1782830775194 0.08872566372156143 725
1782830775196 0.12877637147903442 726
1782830775198 0.26113036274909973 727
1782830775201 0.3032427132129669 728
1782830775203 0.21556076407432556 729
1782830775205 0.3178459107875824 730
1782830775207 0.19122977554798126 731
1782830775210 0.20805351436138153 732
1782830775212 0.21285860240459442 733
1782830775214 0.24364033341407776 734
1782830775217 0.3562186062335968 735
1782830775220 0.36932092905044556 736
1782830775222 0.35702523589134216 737
1782830775225 0.24522271752357483 738
1782830775228 0.07239419966936111 739
1782830775235 0.14037185907363892 740
1782830775238 0.23233340680599213 741
1782830775241 0.33513736724853516 742
1782830775244 0.49616575241088867 743
1782830775246 0.24896815419197083 744
1782830775249 0.13743925094604492 745
1782830775252 0.44194790720939636 746
1782830775254 0.10002445429563522 747
1782830775257 0.23127546906471252 748
1782830775260 0.22105887532234192 749
1782830775262 0.30712154507637024 750
1782830775265 0.14789816737174988 751
1782830775268 0.23763065040111542 752
1782830775271 0.20275825262069702 753
1782830775273 0.100504569709301 754
1782830775276 0.05467430502176285 755
1782830775279 0.47973304986953735 756
1782830775281 0.14195311069488525 757
1782830775284 0.23496149480342865 758
1782830775287 0.26895952224731445 759
1782830775290 0.14408153295516968 760
1782830775292 0.5943378210067749 761
1782830775295 0.30719420313835144 762
1782830775297 0.10029971599578857 763
1782830775299 0.28187286853790283 764
1782830775301 0.5558764934539795 765
1782830775303 0.3473817706108093 766
1782830775305 0.5058766007423401 767
1782830775308 0.2799343168735504 768
1782830775310 0.6386187672615051 769
1782830775312 0.12671564519405365 770
1782830775314 0.2343674600124359 771
1782830775316 0.1008148044347763 772
1782830775319 0.35169461369514465 773
1782830775321 0.376738578081131 774
1782830775323 0.3210366368293762 775
1782830775325 0.2658523917198181 776
1782830775328 0.14071449637413025 777
1782830775330 0.18991892039775848 778
1782830775332 0.1149187982082367 779
1782830775335 0.1555565744638443 780
1782830775337 0.08217023313045502 781
1782830775339 0.05216881260275841 782
1782830775341 0.4441041946411133 783
1782830775343 0.216695636510849 784
1782830775346 0.12220986932516098 785
1782830775348 0.25415104627609253 786
1782830775350 0.16505983471870422 787
1782830775352 0.15826526284217834 788
1782830775354 0.08584890514612198 789
1782830775357 0.14666280150413513 790
1782830775359 0.4216022491455078 791
1782830775362 0.27546578645706177 792
1782830775364 0.1857631504535675 793
1782830775366 0.2131807804107666 794
1782830775368 0.04912776127457619 795
1782830775370 0.265743225812912 796
1782830775373 0.10857289284467697 797
1782830775375 0.27934303879737854 798
1782830775377 0.3655726909637451 799
1782830775379 0.03268098458647728 800
1782830775381 0.07110298424959183 801
1782830775383 0.21015720069408417 802
1782830775385 0.33906468749046326 803
1782830775387 0.09117114543914795 804
1782830775389 0.22220057249069214 805
1782830775391 0.6221845746040344 806
1782830775393 0.19891679286956787 807
1782830775396 0.23308642208576202 808
1782830775399 0.28682199120521545 809
1782830775401 0.451651930809021 810
1782830775404 0.06539040803909302 811
1782830775406 0.09418508410453796 812
1782830775409 0.08803160488605499 813
1782830775411 0.19093303382396698 814
1782830775413 0.05502091720700264 815
1782830775416 0.15536385774612427 816
1782830775418 0.19276456534862518 817
1782830775421 0.2354990541934967 818
1782830775423 0.23867399990558624 819
1782830775425 0.4926852583885193 820
1782830775428 0.07368530333042145 821
1782830775431 0.027976155281066895 822
1782830775433 0.8249995708465576 823
1782830775435 0.07062338292598724 824
1782830775438 0.17104780673980713 825
1782830775440 0.2979181706905365 826
1782830775442 0.45710036158561707 827
1782830775444 0.07977317273616791 828
1782830775446 0.3050374984741211 829
1782830775448 0.18670754134655 830
1782830775450 0.08594297617673874 831
1782830775452 0.3138536512851715 832
1782830775454 0.20172536373138428 833
1782830775456 0.1756354719400406 834
1782830775458 0.1749911606311798 835
1782830775460 0.5322633385658264 836
1782830775462 0.39126458764076233 837
1782830775464 0.20376725494861603 838
1782830775466 0.26837605237960815 839
1782830775469 0.03583783283829689 840
1782830775471 0.28462880849838257 841
1782830775473 0.09089797735214233 842
1782830775475 0.07436913251876831 843
1782830775478 0.14991530776023865 844
1782830775480 0.1569480448961258 845
1782830775482 0.043585989624261856 846
1782830775485 0.11696890741586685 847
1782830775487 0.08940297365188599 848
1782830775489 0.302426278591156 849
1782830775491 0.31763941049575806 850
1782830775493 0.31007373332977295 851
1782830775495 0.19526474177837372 852
1782830775497 0.09069161862134933 853
1782830775499 0.16356222331523895 854
1782830775502 0.21140766143798828 855
1782830775504 0.7723154425621033 856
1782830775506 0.2544788718223572 857
1782830775508 0.32600951194763184 858
1782830775510 0.20265914499759674 859
1782830775512 0.12658114731311798 860
1782830775514 0.3266746401786804 861
1782830775516 0.24516081809997559 862
1782830775518 0.28651854395866394 863
1782830775521 0.1462709903717041 864
1782830775524 0.07083088159561157 865
1782830775526 0.2764885723590851 866
1782830775529 0.25439003109931946 867
1782830775531 0.06816449761390686 868
1782830775533 0.14185264706611633 869
1782830775535 0.25588861107826233 870
1782830775537 0.3723165690898895 871
1782830775539 0.07682868838310242 872
1782830775541 0.1409795582294464 873
1782830775543 0.07990577071905136 874
1782830775545 0.17040632665157318 875
1782830775547 0.48092222213745117 876
1782830775549 0.10134386271238327 877
1782830775552 0.21404145658016205 878
1782830775554 0.28364962339401245 879
1782830775556 0.08938629180192947 880
1782830775558 0.571349561214447 881
1782830775560 0.13171905279159546 882
1782830775562 0.4069523513317108 883
1782830775564 0.2802780270576477 884
1782830775566 0.24861913919448853 885
1782830775568 0.08092297613620758 886
1782830775571 0.5049450993537903 887
1782830775573 0.3134098947048187 888
1782830775575 0.46892157196998596 889
1782830775577 0.4025838375091553 890
1782830775579 0.5571487545967102 891
1782830775581 0.031243911013007164 892
1782830775583 0.39087697863578796 893
1782830775585 0.32697176933288574 894
1782830775587 0.09600050002336502 895
1782830775589 0.5172946453094482 896
1782830775591 0.20988892018795013 897
1782830775593 0.08278415352106094 898
1782830775595 0.5536567568778992 899
1782830775598 0.05275098606944084 900
1782830775600 0.1335488259792328 901
1782830775602 0.2944677770137787 902
1782830775604 0.3928489089012146 903
1782830775607 0.4529481530189514 904
1782830775609 0.17804600298404694 905
1782830775611 0.3540100157260895 906
1782830775613 0.1559630036354065 907
1782830775615 0.25714778900146484 908
1782830775617 0.1451035737991333 909
1782830775619 0.11855801939964294 910
1782830775621 0.15061302483081818 911
1782830775623 0.2738766372203827 912
1782830775625 0.32586726546287537 913
1782830775627 0.1289253830909729 914
1782830775630 0.2677225172519684 915
1782830775632 0.1140073910355568 916
1782830775634 0.05325356870889664 917
1782830775636 0.05255073681473732 918
1782830775638 0.18595413863658905 919
1782830775640 0.07763484865427017 920
1782830775642 0.09435062855482101 921
1782830775645 0.21372166275978088 922
1782830775647 0.21025888621807098 923
1782830775649 0.10062096267938614 924
1782830775651 0.26238468289375305 925
1782830775653 0.25103795528411865 926
1782830775655 0.22437125444412231 927
1782830775657 0.48998114466667175 928
1782830775659 0.17629869282245636 929
1782830775661 0.1787419617176056 930
1782830775663 0.16288860142230988 931
1782830775665 0.23228590190410614 932
1782830775667 0.4395178258419037 933
1782830775669 0.3005363345146179 934
1782830775672 0.09437838941812515 935
1782830775674 0.1426975429058075 936
1782830775676 0.46725529432296753 937
1782830775678 0.30033934116363525 938
1782830775680 0.10929033905267715 939
1782830775682 0.2287658154964447 940
1782830775684 0.12369237840175629 941
1782830775686 0.14508897066116333 942
1782830775688 0.12064805626869202 943
1782830775690 0.32654887437820435 944
1782830775692 0.06111367046833038 945
1782830775695 0.15183216333389282 946
1782830775697 0.3189801573753357 947
1782830775699 0.8671802282333374 948
1782830775702 0.029627904295921326 949
1782830775704 0.14426520466804504 950
1782830775706 0.29048728942871094 951
1782830775708 0.271073579788208 952
1782830775711 0.13565966486930847 953
1782830775713 0.046027835458517075 954
1782830775715 0.7050835490226746 955
1782830775718 0.22998103499412537 956
1782830775720 0.2619837522506714 957
1782830775722 0.1363179236650467 958
1782830775724 0.2003146857023239 959
1782830775726 0.054247669875621796 960
1782830775729 0.23724651336669922 961
1782830775731 0.1271287202835083 962
1782830775733 0.1425306797027588 963
1782830775735 0.061029113829135895 964
1782830775737 0.18331117928028107 965
1782830775739 0.19456703960895538 966
1782830775741 0.4084409773349762 967
1782830775743 0.3343352675437927 968
1782830775745 0.17474901676177979 969
1782830775747 0.14168763160705566 970
1782830775749 0.22154277563095093 971
1782830775751 0.2665417790412903 972
1782830775753 0.16662709414958954 973
1782830775755 0.1099337711930275 974
1782830775757 0.11388761550188065 975
1782830775759 0.09128286689519882 976
1782830775761 0.07131554931402206 977
1782830775763 0.24426262080669403 978
1782830775766 0.11859655380249023 979
1782830775768 0.16251206398010254 980
1782830775770 0.16722708940505981 981
1782830775772 0.178238183259964 982
1782830775774 0.1618596911430359 983
1782830775776 0.1743541806936264 984
1782830775778 0.26687851548194885 985
1782830775780 0.13200342655181885 986
1782830775782 0.23275205492973328 987
1782830775784 0.21448497474193573 988
1782830775786 0.0850435271859169 989
1782830775788 0.10233963280916214 990
1782830775790 0.16467274725437164 991
1782830775792 0.08949892967939377 992
1782830775794 0.3288477659225464 993
1782830775796 0.059358589351177216 994
1782830775798 0.2316456288099289 995
1782830775801 0.0871896892786026 996
1782830775803 0.1395074427127838 997
1782830775805 0.5802534222602844 998
1782830775807 0.3383539021015167 999
1782830775809 0.09421858191490173 1000
1782830775811 0.04427807033061981 1001
1782830775813 0.5779300928115845 1002
1782830775816 0.13214653730392456 1003
1782830775818 0.11692153662443161 1004
1782830775820 0.10891894996166229 1005
1782830775822 0.37122708559036255 1006
1782830775824 0.16180968284606934 1007
1782830775826 0.47060203552246094 1008
1782830775828 0.12294474244117737 1009
1782830775829 0.16743025183677673 1010
1782830775832 0.20223073661327362 1011
1782830775834 0.28086355328559875 1012
1782830775836 0.46640193462371826 1013
1782830775838 0.32300058007240295 1014
1782830775840 0.0997672826051712 1015
1782830775842 0.08217468112707138 1016
1782830775844 0.27038824558258057 1017
1782830775846 0.08386805653572083 1018
1782830775848 0.2614242732524872 1019
1782830775851 0.270717054605484 1020
1782830775853 0.11529001593589783 1021
1782830775855 0.154202401638031 1022
1782830775857 0.23472346365451813 1023
1782830775859 0.06326638162136078 1024
1782830775861 0.2358693778514862 1025
1782830775863 0.09621760994195938 1026
1782830775866 0.3095405697822571 1027
1782830775868 0.14561748504638672 1028
1782830775870 0.20240016281604767 1029
1782830775872 0.10023504495620728 1030
1782830775874 0.11853303015232086 1031
1782830775877 0.251810222864151 1032
1782830775879 0.1526753455400467 1033
1782830775881 0.1918451339006424 1034
1782830775883 0.4104065001010895 1035
1782830775885 0.1383548229932785 1036
1782830775887 0.27120673656463623 1037
1782830775889 0.3852746784687042 1038
1782830775891 0.16741517186164856 1039
1782830775893 0.17886193096637726 1040
1782830775895 0.14035175740718842 1041
1782830775897 0.057610947638750076 1042
1782830775900 0.29311278462409973 1043
1782830775902 0.24792787432670593 1044
1782830775904 0.2697545886039734 1045
1782830775906 0.21879717707633972 1046
1782830775908 0.1430356502532959 1047
1782830775910 0.0753009244799614 1048
1782830775912 0.20169571042060852 1049
1782830775914 0.22585824131965637 1050
1782830775916 0.38501712679862976 1051
1782830775918 0.39341431856155396 1052
1782830775921 0.47492098808288574 1053
1782830775923 0.15645453333854675 1054
1782830775925 0.18562452495098114 1055
1782830775927 0.125863716006279 1056
1782830775929 0.16665413975715637 1057
1782830775931 0.25445136427879333 1058
1782830775933 0.24400858581066132 1059
1782830775935 0.16661840677261353 1060
1782830775937 0.4843088686466217 1061
1782830775939 0.1630653440952301 1062
1782830775941 0.3503478467464447 1063
1782830775943 0.10748010128736496 1064
1782830775945 0.1510723978281021 1065
1782830775947 0.20033197104930878 1066
1782830775950 0.028710899874567986 1067
1782830775952 0.1549527645111084 1068
1782830775954 0.05342010408639908 1069
1782830775956 0.4278867840766907 1070
1782830775958 0.42393743991851807 1071
1782830775960 0.2177840918302536 1072
1782830775962 0.1875985860824585 1073
1782830775965 0.4004155695438385 1074
1782830775967 0.12265149503946304 1075
1782830775969 0.25892940163612366 1076
1782830775971 0.029902618378400803 1077
1782830775973 0.05537354573607445 1078
1782830775975 0.22125108540058136 1079
1782830775978 0.35421136021614075 1080
1782830775980 0.10792501270771027 1081
1782830775982 0.08461707085371017 1082
1782830775984 0.12336831539869308 1083
1782830775986 0.07196274399757385 1084
1782830775988 0.3046242296695709 1085
1782830775990 0.3959081768989563 1086
1782830775992 0.4949178993701935 1087
1782830775994 0.1860816925764084 1088
1782830775996 0.4773041307926178 1089
1782830775998 0.3516045808792114 1090
1782830776001 0.1300952285528183 1091
1782830776003 0.20103906095027924 1092
1782830776006 0.25830939412117004 1093
1782830776008 0.24553462862968445 1094
1782830776010 0.11243177205324173 1095
1782830776012 0.2153116762638092 1096
1782830776014 0.24855870008468628 1097
1782830776016 0.24696530401706696 1098
1782830776018 0.140971377491951 1099
1782830776021 0.20240101218223572 1100
1782830776023 0.05604023113846779 1101
1782830776025 0.5643507242202759 1102
1782830776027 0.20159463584423065 1103
1782830776029 0.4623557925224304 1104
1782830776031 0.1512819528579712 1105
1782830776033 0.0610089972615242 1106
1782830776036 0.2284504622220993 1107
1782830776038 0.31014883518218994 1108
1782830776040 0.282573401927948 1109
1782830776042 0.1640992909669876 1110
1782830776044 0.48711055517196655 1111
1782830776047 0.052677903324365616 1112
1782830776049 0.5181574821472168 1113
1782830776051 0.5368804335594177 1114
1782830776053 0.48410505056381226 1115
1782830776055 0.1250293254852295 1116
1782830776057 0.15906915068626404 1117
1782830776060 0.1581345498561859 1118
1782830776062 0.24231216311454773 1119
1782830776064 0.2920410633087158 1120
1782830776066 0.3349890112876892 1121
1782830776068 0.22442615032196045 1122
1782830776071 0.2652456760406494 1123
1782830776073 0.04104221239686012 1124
1782830776075 0.07941386848688126 1125
1782830776077 0.4169986844062805 1126
1782830776080 0.32403358817100525 1127
1782830776082 0.07385855168104172 1128
1782830776085 0.22530807554721832 1129
1782830776087 0.13440686464309692 1130
1782830776089 0.054717037826776505 1131
1782830776091 0.0861513614654541 1132
1782830776093 0.3669380247592926 1133
1782830776095 0.08938018232584 1134
1782830776098 0.10876743495464325 1135
1782830776100 0.48160645365715027 1136
1782830776102 0.10896018147468567 1137
1782830776104 0.27236050367355347 1138
1782830776107 0.20787549018859863 1139
1782830776109 0.17474156618118286 1140
1782830776111 0.12525157630443573 1141
1782830776113 0.12458662688732147 1142
1782830776116 0.24125365912914276 1143
1782830776118 0.20437701046466827 1144
1782830776121 0.11924377083778381 1145
1782830776124 0.19301214814186096 1146
1782830776126 0.21334455907344818 1147
1782830776129 0.42064622044563293 1148
1782830776132 0.22732487320899963 1149
1782830776134 0.30103209614753723 1150
1782830776137 0.11466115713119507 1151
1782830776140 0.16994613409042358 1152
1782830776143 0.12290531396865845 1153
1782830776145 0.03744082525372505 1154
1782830776147 0.030451059341430664 1155
1782830776149 0.36793816089630127 1156
1782830776151 0.17321434617042542 1157
1782830776153 0.08887705206871033 1158
1782830776155 0.08002014458179474 1159
1782830776158 0.06045800819993019 1160
1782830776161 0.5133674740791321 1161
1782830776164 0.3822067379951477 1162
1782830776166 0.13121533393859863 1163
1782830776169 0.28726446628570557 1164
1782830776172 0.3902997374534607 1165
1782830776176 0.09421055763959885 1166
1782830776179 0.2914462685585022 1167
1782830776182 0.23515333235263824 1168
1782830776190 0.3337126076221466 1169
1782830776193 0.08658341318368912 1170
1782830776195 0.25611355900764465 1171
1782830776197 0.03831692785024643 1172
1782830776199 0.16493874788284302 1173
1782830776202 0.0374147891998291 1174
1782830776205 0.2097318321466446 1175
1782830776207 0.13922806084156036 1176
1782830776209 0.28708916902542114 1177
1782830776211 0.10751628130674362 1178
1782830776213 0.1348697543144226 1179
1782830776215 0.11153636127710342 1180
1782830776217 0.13146352767944336 1181
1782830776220 0.03243235498666763 1182
1782830776222 0.2831353545188904 1183
1782830776225 0.2749958038330078 1184
1782830776227 0.26533398032188416 1185
1782830776229 0.10354754328727722 1186
1782830776231 0.35812485218048096 1187
1782830776234 0.3550935387611389 1188
1782830776236 0.06636233627796173 1189
1782830776238 0.04659174010157585 1190
1782830776240 0.24751350283622742 1191
1782830776242 0.44919058680534363 1192
1782830776244 0.20477625727653503 1193
1782830776246 0.17797385156154633 1194
1782830776249 0.1998586505651474 1195
1782830776251 0.14762523770332336 1196
1782830776253 0.3802242577075958 1197
1782830776255 0.09031639993190765 1198
1782830776257 0.08287587761878967 1199
1782830776259 0.08607547730207443 1200
1782830776261 0.15245437622070312 1201
1782830776264 0.18641893565654755 1202
1782830776266 0.11017898470163345 1203
1782830776268 0.03592345491051674 1204
1782830776271 0.16970959305763245 1205
1782830776273 0.17100130021572113 1206
1782830776275 0.09792963415384293 1207
1782830776277 0.037420496344566345 1208
1782830776280 0.16790693998336792 1209
1782830776282 0.21760839223861694 1210
1782830776284 0.17118453979492188 1211
1782830776286 0.19705431163311005 1212
1782830776288 0.27798932790756226 1213
1782830776291 0.11584950983524323 1214
1782830776293 0.2299339920282364 1215
1782830776295 0.03563176468014717 1216
1782830776297 0.06413643807172775 1217
1782830776299 0.02036539651453495 1218
1782830776301 0.5715222954750061 1219
1782830776303 0.21537625789642334 1220
1782830776306 0.03547237068414688 1221
1782830776308 0.1127559021115303 1222
1782830776310 0.2589036822319031 1223
1782830776312 0.5643430352210999 1224
1782830776314 0.26877593994140625 1225
1782830776317 0.12798954546451569 1226
1782830776319 0.02228565514087677 1227
1782830776321 0.13905927538871765 1228
1782830776323 0.31110435724258423 1229
1782830776325 0.11665788292884827 1230
1782830776327 0.07433337718248367 1231
1782830776329 0.10520437359809875 1232
1782830776331 0.12880349159240723 1233
1782830776333 0.2529139816761017 1234
1782830776335 0.041036732494831085 1235
1782830776337 0.3222579061985016 1236
1782830776339 0.2881995141506195 1237
1782830776341 0.4610379636287689 1238
1782830776343 0.21224355697631836 1239
1782830776345 0.23354366421699524 1240
1782830776347 0.21427538990974426 1241
1782830776349 0.10228856652975082 1242
1782830776351 0.04899565503001213 1243
1782830776354 0.15283091366291046 1244
1782830776356 0.09375086426734924 1245
1782830776359 0.05947047099471092 1246
1782830776361 0.1774788647890091 1247
1782830776364 0.07841712236404419 1248
1782830776367 0.1793760508298874 1249
1782830776370 0.165254145860672 1250
1782830776372 0.18588612973690033 1251
1782830776375 0.12197493016719818 1252
1782830776377 0.16786058247089386 1253
1782830776380 0.4548340141773224 1254
1782830776382 0.44303300976753235 1255
1782830776385 0.24906271696090698 1256
1782830776388 0.2344578355550766 1257
1782830776390 0.09704587608575821 1258
1782830776393 0.1345600187778473 1259
1782830776395 0.12974119186401367 1260
1782830776398 0.32055723667144775 1261
1782830776401 0.03005385212600231 1262
1782830776404 0.20361444354057312 1263
1782830776406 0.5227069854736328 1264
1782830776409 0.22046791017055511 1265
1782830776412 0.014866732992231846 1266
1782830776414 0.07740100473165512 1267
1782830776417 0.2849269211292267 1268
1782830776420 0.06367366760969162 1269
1782830776422 0.15342384576797485 1270
1782830776425 0.12336107343435287 1271
1782830776428 0.12980085611343384 1272
1782830776431 0.04010153189301491 1273
1782830776433 0.12766219675540924 1274
1782830776436 0.4881534278392792 1275
1782830776439 0.24263454973697662 1276
1782830776442 0.038520731031894684 1277
1782830776444 0.1291569620370865 1278
1782830776447 0.2638850212097168 1279
1782830776450 0.08352462202310562 1280
1782830776452 0.28398415446281433 1281
1782830776455 0.08185166865587234 1282
1782830776458 0.07531451433897018 1283
1782830776460 0.29756125807762146 1284
1782830776463 0.13676318526268005 1285
1782830776465 0.08186070621013641 1286
1782830776468 0.21074140071868896 1287
1782830776471 0.3122393786907196 1288
1782830776474 0.2351091504096985 1289
1782830776476 0.2895117402076721 1290
1782830776479 0.07690826803445816 1291
1782830776482 0.12150028347969055 1292
1782830776485 0.09420765936374664 1293
1782830776487 0.33045873045921326 1294
1782830776490 0.26495957374572754 1295
1782830776493 0.17381560802459717 1296
1782830776495 0.07998582720756531 1297
1782830776498 0.17034640908241272 1298
1782830776501 0.09366435557603836 1299
1782830776504 0.05450891703367233 1300
1782830776506 0.062347542494535446 1301
1782830776509 0.12374645471572876 1302
1782830776512 0.10626117885112762 1303
1782830776514 0.15821535885334015 1304
1782830776516 0.3167925179004669 1305
1782830776519 0.16712069511413574 1306
1782830776522 0.058911778032779694 1307
1782830776525 0.24396270513534546 1308
1782830776527 0.2584182024002075 1309
1782830776530 0.10131274908781052 1310
1782830776532 0.13830094039440155 1311
1782830776534 0.4718884527683258 1312
1782830776537 0.3312370777130127 1313
1782830776539 0.3581092655658722 1314
1782830776542 0.011495600454509258 1315
1782830776544 0.3217403292655945 1316
1782830776547 0.26284074783325195 1317
1782830776549 0.12722449004650116 1318
1782830776552 0.16891704499721527 1319
1782830776555 0.21965470910072327 1320
1782830776557 0.23183634877204895 1321
1782830776559 0.14246317744255066 1322
1782830776561 0.08499766886234283 1323
1782830776564 0.4568442404270172 1324
1782830776566 0.1324828863143921 1325
1782830776568 0.034536633640527725 1326
1782830776570 0.4614642858505249 1327
1782830776572 0.3845902979373932 1328
1782830776574 0.12030467391014099 1329
1782830776576 0.14560078084468842 1330
1782830776578 0.11056946218013763 1331
1782830776580 0.23633423447608948 1332
1782830776582 0.04859016463160515 1333
1782830776584 0.23014327883720398 1334
1782830776586 0.4078952670097351 1335
1782830776588 0.19790902733802795 1336
1782830776590 0.18117284774780273 1337
1782830776592 0.2051851749420166 1338
1782830776594 0.23749366402626038 1339
1782830776596 0.2137698233127594 1340
1782830776598 0.30578944087028503 1341
1782830776600 0.1341724693775177 1342
1782830776602 0.14400222897529602 1343
1782830776605 0.4108804762363434 1344
1782830776607 0.1832074373960495 1345
1782830776609 0.17162221670150757 1346
1782830776612 0.21769031882286072 1347
1782830776615 0.2063031643629074 1348
1782830776617 0.11506209522485733 1349
1782830776620 0.1286190301179886 1350
1782830776623 0.2653489410877228 1351
1782830776625 0.09983924776315689 1352
1782830776628 0.030419494956731796 1353
1782830776631 0.13597823679447174 1354
1782830776633 0.30060213804244995 1355
1782830776636 0.10185012221336365 1356
1782830776639 0.22660528123378754 1357
1782830776642 0.14419110119342804 1358
1782830776644 0.1238558366894722 1359
1782830776647 0.30377674102783203 1360
1782830776650 0.25492018461227417 1361
1782830776653 0.15274333953857422 1362
1782830776656 0.11465225368738174 1363
1782830776659 0.2546123266220093 1364
1782830776661 0.16488170623779297 1365
1782830776664 0.039278071373701096 1366
1782830776667 0.05472813546657562 1367
1782830776669 0.18420155346393585 1368
1782830776672 0.140578493475914 1369
1782830776675 0.025828691199421883 1370
1782830776678 0.035119641572237015 1371
1782830776680 0.33384764194488525 1372
1782830776682 0.18043272197246552 1373
1782830776684 0.09504757821559906 1374
1782830776687 0.22960412502288818 1375
1782830776689 0.2909151017665863 1376
1782830776691 0.19267688691616058 1377
1782830776693 0.09244110435247421 1378
1782830776695 0.14268642663955688 1379
1782830776698 0.12378450483083725 1380
1782830776700 0.12162075191736221 1381
1782830776702 0.19715313613414764 1382
1782830776704 0.03344245254993439 1383
1782830776706 0.20946940779685974 1384
1782830776708 0.023976130411028862 1385
1782830776710 0.022466957569122314 1386
1782830776713 0.062322214245796204 1387
1782830776715 0.166033536195755 1388
1782830776717 0.19035878777503967 1389
1782830776719 0.48810797929763794 1390
1782830776721 0.13183537125587463 1391
1782830776723 0.15517796576023102 1392
1782830776726 0.16331560909748077 1393
1782830776729 0.12514156103134155 1394
1782830776731 0.46267208456993103 1395
1782830776733 0.11015712469816208 1396
1782830776735 0.1935659945011139 1397
1782830776738 0.19554990530014038 1398
1782830776740 0.21830715239048004 1399
1782830776742 0.08144394308328629 1400
1782830776744 0.3418537378311157 1401
1782830776746 0.1286477893590927 1402
1782830776748 0.10926984250545502 1403
1782830776750 0.20499785244464874 1404
1782830776753 0.15574949979782104 1405
1782830776756 0.24531880021095276 1406
1782830776758 0.1867838203907013 1407
1782830776761 0.10337498039007187 1408
1782830776763 0.04394139349460602 1409
1782830776766 0.3681652843952179 1410
1782830776769 0.09710060060024261 1411
1782830776772 0.09509681910276413 1412
1782830776774 0.09085425734519958 1413
1782830776777 0.1093752384185791 1414
1782830776779 0.591389536857605 1415
1782830776782 0.2602137327194214 1416
1782830776785 0.09750287234783173 1417
1782830776787 0.5404248237609863 1418
1782830776790 0.05207248777151108 1419
1782830776793 0.14685676991939545 1420
1782830776795 0.26409512758255005 1421
1782830776798 0.5949076414108276 1422
1782830776800 0.44210079312324524 1423
1782830776802 0.06814083456993103 1424
1782830776804 0.2468797117471695 1425
1782830776807 0.12219115346670151 1426
1782830776809 0.04537329450249672 1427
1782830776811 0.2314743548631668 1428
1782830776813 0.5355657339096069 1429
1782830776816 0.13974086940288544 1430
1782830776818 0.33836743235588074 1431
1782830776820 0.2852966785430908 1432
1782830776822 0.1830761730670929 1433
1782830776824 0.3766452968120575 1434
1782830776826 0.16302423179149628 1435
1782830776829 0.19229313731193542 1436
1782830776831 0.4262160360813141 1437
1782830776833 0.2560518980026245 1438
1782830776835 0.2064618021249771 1439
1782830776838 0.26146218180656433 1440
1782830776840 0.2610678970813751 1441
1782830776842 0.055621035397052765 1442
1782830776844 0.3717160224914551 1443
1782830776847 0.06430048495531082 1444
1782830776849 0.2418796420097351 1445
1782830776851 0.03707415610551834 1446
1782830776853 0.06808079779148102 1447
1782830776855 0.1504400074481964 1448
1782830776858 0.1773705780506134 1449
1782830776860 0.2390328049659729 1450
1782830776863 0.03369678556919098 1451
1782830776866 0.04390737786889076 1452
1782830776868 0.07428806275129318 1453
1782830776870 0.24891333281993866 1454
1782830776873 0.209682434797287 1455
1782830776876 0.08812504261732101 1456
1782830776879 0.28664952516555786 1457
1782830776881 0.04252420738339424 1458
1782830776884 0.01912768930196762 1459
1782830776887 0.1444862186908722 1460
1782830776890 0.5386273860931396 1461
1782830776892 0.44551825523376465 1462
1782830776895 0.3361786901950836 1463
1782830776898 0.19860443472862244 1464
1782830776900 0.27348771691322327 1465
1782830776903 0.12587574124336243 1466
1782830776906 0.04839705303311348 1467
1782830776908 0.18313820660114288 1468
1782830776911 0.40602993965148926 1469
1782830776914 0.12263418734073639 1470
1782830776917 0.10606439411640167 1471
1782830776919 0.018750682473182678 1472
1782830776922 0.17433391511440277 1473
1782830776925 0.17422647774219513 1474
1782830776928 0.17620344460010529 1475
1782830776930 0.08821932971477509 1476
1782830776933 0.23551437258720398 1477
1782830776936 0.39465975761413574 1478
1782830776938 0.06883449107408524 1479
1782830776941 0.40702757239341736 1480
1782830776944 0.13633787631988525 1481
1782830776946 0.07430337369441986 1482
1782830776949 0.16115054488182068 1483
1782830776952 0.07063455134630203 1484
1782830776954 0.19217516481876373 1485
1782830776957 0.28822532296180725 1486
1782830776960 0.09480060636997223 1487
1782830776962 0.1316225826740265 1488
1782830776965 0.35779905319213867 1489
1782830776968 0.054667793214321136 1490
1782830776971 0.18549691140651703 1491
1782830776974 0.053853586316108704 1492
1782830776976 0.27551624178886414 1493
1782830776979 0.31915581226348877 1494
1782830776982 0.11036588251590729 1495
1782830776984 0.13251283764839172 1496
1782830776987 0.18983252346515656 1497
1782830776989 0.09563231468200684 1498
1782830776992 0.24365994334220886 1499
1782830776995 0.1010402962565422 1500
1782830776998 0.43330103158950806 1501
1782830777000 0.0871715173125267 1502
1782830777003 0.06177303194999695 1503
1782830777006 0.13039425015449524 1504
1782830777009 0.7182971835136414 1505
1782830777012 0.06178087368607521 1506
1782830777014 0.13824203610420227 1507
1782830777017 0.2570011615753174 1508
1782830777020 0.06413788348436356 1509
1782830777022 0.029976869001984596 1510
1782830777025 0.16444095969200134 1511
1782830777027 0.16509132087230682 1512
1782830777030 0.09658223390579224 1513
1782830777033 0.4008323550224304 1514
1782830777035 0.029074981808662415 1515
1782830777038 0.2990632653236389 1516
1782830777041 0.1340508759021759 1517
1782830777043 0.12858983874320984 1518
1782830777046 0.3320978283882141 1519
1782830777049 0.08533088862895966 1520
1782830777052 0.2020261138677597 1521
1782830777054 0.14488485455513 1522
1782830777057 0.28427666425704956 1523
1782830777060 0.08531483262777328 1524
1782830777062 0.11231841146945953 1525
1782830777065 0.16664104163646698 1526
1782830777068 0.10736873000860214 1527
1782830777070 0.02884845994412899 1528
1782830777073 0.05459114536643028 1529
1782830777076 0.0653669461607933 1530
1782830777078 0.4688059985637665 1531
1782830777081 0.22606545686721802 1532
1782830777085 0.07918845117092133 1533
1782830777088 0.10153336077928543 1534
1782830777090 0.20151926577091217 1535
1782830777093 0.1402508169412613 1536
1782830777096 0.32025662064552307 1537
1782830777098 0.3568682074546814 1538
1782830777101 0.37179040908813477 1539
1782830777104 0.1445605754852295 1540
1782830777107 0.0951428934931755 1541
1782830777109 0.06872320920228958 1542
1782830777112 0.21410515904426575 1543
1782830777115 0.0691509023308754 1544
1782830777117 0.21589362621307373 1545
1782830777120 0.14873886108398438 1546
1782830777123 0.06857657432556152 1547
1782830777126 0.4616738557815552 1548
1782830777128 0.4725305140018463 1549
1782830777131 0.3729323148727417 1550
1782830777134 0.04580928385257721 1551
1782830777136 0.21640954911708832 1552
1782830777139 0.39169615507125854 1553
1782830777142 0.34000131487846375 1554
1782830777144 0.46666717529296875 1555
1782830777147 0.05327663570642471 1556
1782830777150 0.29639697074890137 1557
1782830777152 0.2220999300479889 1558
1782830777155 0.11698337644338608 1559
1782830777158 0.552125096321106 1560
1782830777160 0.15556050837039948 1561
1782830777163 0.07954347878694534 1562
1782830777166 0.16757629811763763 1563
1782830777168 0.3015066683292389 1564
1782830777170 0.1234581470489502 1565
1782830777172 0.42834770679473877 1566
1782830777174 0.07003012299537659 1567
1782830777176 0.08468164503574371 1568
1782830777178 0.047439657151699066 1569
1782830777180 0.10829009860754013 1570
1782830777182 0.23210319876670837 1571
1782830777184 0.29091206192970276 1572
1782830777186 0.6568129062652588 1573
1782830777188 0.10056959837675095 1574
1782830777190 0.06322752684354782 1575
1782830777192 0.483965128660202 1576
1782830777194 0.1761442869901657 1577
1782830777196 0.32907482981681824 1578
1782830777198 0.08722644299268723 1579
1782830777200 0.14284713566303253 1580
1782830777202 0.34177693724632263 1581
1782830777204 0.10683492571115494 1582
1782830777207 0.1665886789560318 1583
1782830777209 0.10844378173351288 1584
1782830777211 0.3487412631511688 1585
1782830777213 0.33603018522262573 1586
1782830777215 0.15956802666187286 1587
1782830777217 0.09400414675474167 1588
1782830777219 0.09317376464605331 1589
1782830777222 0.09684394299983978 1590
1782830777224 0.2209424078464508 1591
1782830777226 0.04600638896226883 1592
1782830777228 0.13088659942150116 1593
1782830777230 0.14095476269721985 1594
1782830777232 0.25792837142944336 1595
1782830777234 0.057016804814338684 1596
1782830777237 0.1462220400571823 1597
1782830777239 0.13804025948047638 1598
1782830777242 0.25404059886932373 1599
1782830777245 0.04248545318841934 1600
1782830777248 0.06276001036167145 1601
1782830777250 0.09549775719642639 1602
1782830777253 0.10514840483665466 1603
1782830777256 0.10771818459033966 1604
1782830777258 0.1783311516046524 1605
1782830777261 0.08360015600919724 1606
1782830777264 0.24308422207832336 1607
1782830777267 0.10001848638057709 1608
1782830777269 0.1448306441307068 1609
1782830777272 0.14582309126853943 1610
1782830777275 0.1344081461429596 1611
1782830777278 0.10646028816699982 1612
1782830777280 0.16716058552265167 1613
1782830777283 0.021474147215485573 1614
1782830777285 0.2900344133377075 1615
1782830777287 0.1866876184940338 1616
1782830777289 0.022061148658394814 1617
1782830777291 0.07511155307292938 1618
1782830777293 0.07968335598707199 1619
1782830777295 0.034809552133083344 1620
1782830777297 0.11071887612342834 1621
1782830777300 0.10175146162509918 1622
1782830777302 0.29576534032821655 1623
1782830777304 0.16590622067451477 1624
1782830777306 0.290604829788208 1625
1782830777308 0.28346043825149536 1626
1782830777310 0.12648697197437286 1627
1782830777312 0.08987701684236526 1628
1782830777315 0.027485281229019165 1629
1782830777317 0.07481106370687485 1630
1782830777319 0.22603417932987213 1631
1782830777321 0.3544311821460724 1632
1782830777323 0.6100640296936035 1633
1782830777325 0.20257093012332916 1634
1782830777327 0.18395406007766724 1635
1782830777329 0.8726837635040283 1636
1782830777331 0.02275972254574299 1637
1782830777333 0.15437351167201996 1638
1782830777335 0.1387253999710083 1639
1782830777337 0.09098237007856369 1640
1782830777339 0.2750651240348816 1641
1782830777341 0.2939595580101013 1642
1782830777343 0.09786427021026611 1643
1782830777345 0.08885085582733154 1644
1782830777347 0.0890955775976181 1645
1782830777349 0.6057106852531433 1646
1782830777352 0.09479004144668579 1647
1782830777354 0.1380699723958969 1648
1782830777356 0.11134259402751923 1649
1782830777358 0.1852531135082245 1650
1782830777360 0.18535208702087402 1651
1782830777362 0.08735455572605133 1652
1782830777364 0.03397958353161812 1653
1782830777366 0.2990613877773285 1654
1782830777369 0.08015550673007965 1655
1782830777371 0.1526101529598236 1656
1782830777373 0.035115838050842285 1657
1782830777375 0.03755364194512367 1658
1782830777377 0.2570856809616089 1659
1782830777379 0.03525831550359726 1660
1782830777381 0.38637080788612366 1661
1782830777383 0.20568625628948212 1662
1782830777385 0.3230147361755371 1663
1782830777387 0.11560294777154922 1664
1782830777389 0.11083897203207016 1665
1782830777391 0.2108926773071289 1666
1782830777393 0.04434477537870407 1667
1782830777396 0.21747185289859772 1668
1782830777398 0.02730451710522175 1669
1782830777400 0.4686919152736664 1670
1782830777402 0.18767201900482178 1671
1782830777404 0.11791105568408966 1672
1782830777406 0.07964059710502625 1673
1782830777408 0.3149469792842865 1674
1782830777410 0.015214918181300163 1675
1782830777412 0.269231915473938 1676
1782830777414 0.28827419877052307 1677
1782830777417 0.0157460980117321 1678
1782830777419 0.006043325178325176 1679
1782830777421 0.11296264082193375 1680
1782830777423 0.03233727812767029 1681
1782830777425 0.21446125209331512 1682
1782830777427 0.16871094703674316 1683
1782830777429 0.05703025311231613 1684
1782830777431 0.0631820410490036 1685
1782830777434 0.3247665762901306 1686
1782830777436 0.159920796751976 1687
1782830777438 0.07575927674770355 1688
1782830777440 0.0730614885687828 1689
1782830777442 0.08467043191194534 1690
1782830777444 0.14076298475265503 1691
1782830777446 0.01784675009548664 1692
1782830777448 0.2350977063179016 1693
1782830777450 0.21766410768032074 1694
1782830777452 0.18421903252601624 1695
1782830777455 0.2375745326280594 1696
1782830777457 0.25603753328323364 1697
1782830777459 0.042653147131204605 1698
1782830777461 0.1782839447259903 1699
1782830777463 0.060296542942523956 1700
1782830777465 0.20222413539886475 1701
1782830777467 0.04298589378595352 1702
1782830777469 0.26717260479927063 1703
1782830777471 0.1793559491634369 1704
1782830777473 0.31440797448158264 1705
1782830777475 0.25381359457969666 1706
1782830777477 0.09071631729602814 1707
1782830777479 0.2023516297340393 1708
1782830777482 0.22702735662460327 1709
1782830777484 0.05705376714468002 1710
1782830777486 0.2795354425907135 1711
1782830777488 0.2076132446527481 1712
1782830777490 0.18697206676006317 1713
1782830777492 0.09776365011930466 1714
1782830777494 0.18704630434513092 1715
1782830777496 0.35859566926956177 1716
1782830777499 0.32671231031417847 1717
1782830777501 0.29012221097946167 1718
1782830777503 0.14535506069660187 1719
1782830777505 0.031938303261995316 1720
1782830777507 0.22482837736606598 1721
1782830777509 0.2843751609325409 1722
1782830777511 0.10500092059373856 1723
1782830777514 0.029424794018268585 1724
1782830777516 0.11528199911117554 1725
1782830777518 0.26107046008110046 1726
1782830777520 0.266602098941803 1727
1782830777524 0.014650085009634495 1728
1782830777527 0.031587474048137665 1729
1782830777530 0.09143517911434174 1730
1782830777533 0.1034720167517662 1731
1782830777535 0.35821253061294556 1732
1782830777538 0.4119274616241455 1733
1782830777541 0.22255109250545502 1734
1782830777543 0.2529882490634918 1735
1782830777546 0.053236350417137146 1736
1782830777549 0.13075895607471466 1737
1782830777551 0.3508879244327545 1738
1782830777554 0.1698014736175537 1739
1782830777557 0.04670015722513199 1740
1782830777560 0.44831228256225586 1741
1782830777562 0.27927717566490173 1742
1782830777565 0.09175266325473785 1743
1782830777568 0.36829304695129395 1744
1782830777571 0.17045600712299347 1745
1782830777573 0.01670106127858162 1746
1782830777576 0.10932184010744095 1747
1782830777579 0.0453619658946991 1748
1782830777582 0.1952134072780609 1749
1782830777584 0.04255722835659981 1750
1782830777587 0.04962457716464996 1751
1782830777590 0.11699901521205902 1752
1782830777592 0.22732612490653992 1753
1782830777595 0.24029096961021423 1754
1782830777598 0.1512037068605423 1755
1782830777600 0.02722204104065895 1756
1782830777603 0.007332813926041126 1757
1782830777606 0.06572682410478592 1758
1782830777609 0.1022401750087738 1759
1782830777612 0.17266584932804108 1760
1782830777614 0.46633246541023254 1761
1782830777617 0.19539384543895721 1762
1782830777620 0.007697988301515579 1763
1782830777623 0.03656703978776932 1764
1782830777625 0.05070137232542038 1765
1782830777628 0.4677203297615051 1766
1782830777630 0.10100556164979935 1767
1782830777634 0.13802415132522583 1768
1782830777636 0.1319856494665146 1769
1782830777639 0.15030398964881897 1770
1782830777642 0.5381221771240234 1771
1782830777645 0.07695966958999634 1772
1782830777647 0.034862156957387924 1773
1782830777650 0.29929932951927185 1774
1782830777653 0.3936218023300171 1775
1782830777655 0.06822477281093597 1776
1782830777658 0.1849166303873062 1777
1782830777661 0.13022857904434204 1778
1782830777663 0.1882493644952774 1779
1782830777666 0.19116660952568054 1780
1782830777668 0.14418089389801025 1781
1782830777671 0.2967393696308136 1782
1782830777674 0.08514220267534256 1783
1782830777677 0.2730972468852997 1784
1782830777679 0.17184747755527496 1785
1782830777682 0.36672207713127136 1786
1782830777685 0.3435388207435608 1787
1782830777688 0.32627081871032715 1788
1782830777690 0.045793820172548294 1789
1782830777692 0.060131095349788666 1790
1782830777694 0.10302139073610306 1791
1782830777696 0.09358559548854828 1792
1782830777698 0.3295857608318329 1793
1782830777701 0.22288696467876434 1794
1782830777703 0.11591074615716934 1795
1782830777705 0.13852888345718384 1796
1782830777707 0.3282386064529419 1797
1782830777709 0.16880600154399872 1798
1782830777711 0.22289800643920898 1799
1782830777714 0.29787957668304443 1800
1782830777716 0.08929780125617981 1801
1782830777720 0.2055465579032898 1802
1782830777722 0.15918414294719696 1803
1782830777725 0.2330213189125061 1804
1782830777727 0.1855492740869522 1805
1782830777730 0.1633729338645935 1806
1782830777732 0.14125458896160126 1807
1782830777734 0.15755099058151245 1808
1782830777737 0.15162725746631622 1809
1782830777739 0.04173031076788902 1810
1782830777741 0.08211895823478699 1811
1782830777744 0.05621947720646858 1812
1782830777746 0.20758527517318726 1813
1782830777748 0.16328075528144836 1814
1782830777751 0.22545740008354187 1815
1782830777753 0.033358559012413025 1816
1782830777755 0.1073114350438118 1817
1782830777758 0.192535862326622 1818
1782830777760 0.0618261992931366 1819
1782830777762 0.03720739483833313 1820
1782830777765 0.16279393434524536 1821
1782830777767 0.24844081699848175 1822
1782830777770 0.03525311127305031 1823
1782830777772 0.013151504099369049 1824
1782830777774 0.12299533933401108 1825
1782830777776 0.15961195528507233 1826
1782830777779 0.1007855162024498 1827
1782830777781 0.0508510023355484 1828
1782830777784 0.25068411231040955 1829
1782830777786 0.1393093466758728 1830
1782830777788 0.07871665805578232 1831
1782830777790 0.04395967349410057 1832
1782830777793 0.3365788757801056 1833
1782830777795 0.30053970217704773 1834
1782830777797 0.1650739461183548 1835
1782830777800 0.10686517506837845 1836
1782830777802 0.1484585553407669 1837
1782830777805 0.09287552535533905 1838
1782830777807 0.2324802279472351 1839
1782830777810 0.06436166167259216 1840
1782830777812 0.13278856873512268 1841
1782830777814 0.2589323818683624 1842
1782830777816 0.14005018770694733 1843
1782830777818 0.24577389657497406 1844
1782830777820 0.2804916203022003 1845
1782830777822 0.310621976852417 1846
1782830777825 0.002418105723336339 1847
1782830777827 0.1920720487833023 1848
1782830777829 0.028807055205106735 1849
1782830777831 0.39094212651252747 1850
1782830777833 0.20434865355491638 1851
1782830777835 0.12333758175373077 1852
1782830777838 0.36840879917144775 1853
1782830777840 0.0882568210363388 1854
1782830777842 0.179433673620224 1855
1782830777844 0.22687700390815735 1856
1782830777846 0.07615791261196136 1857
1782830777849 0.3255327641963959 1858
1782830777851 0.010949328541755676 1859
1782830777853 0.06285997480154037 1860
1782830777855 0.048355549573898315 1861
1782830777857 0.10844657570123672 1862
1782830777859 0.31507888436317444 1863
1782830777862 0.02641770988702774 1864
1782830777865 0.03301570937037468 1865
1782830777868 0.13903531432151794 1866
1782830777870 0.032864805310964584 1867
1782830777872 0.1901610791683197 1868
1782830777874 0.14459161460399628 1869
1782830777877 0.31081464886665344 1870
1782830777879 0.22829484939575195 1871
1782830777881 0.040661681443452835 1872
1782830777883 0.02536202408373356 1873
1782830777885 0.08593054860830307 1874
1782830778030 0.22205829620361328 1875
1782830778032 0.2540428936481476 1876
1782830778035 0.08903983980417252 1877
1782830778037 0.2374895215034485 1878
1782830778039 0.07135951519012451 1879
1782830778041 0.02494543045759201 1880
1782830778043 0.09100769460201263 1881
1782830778046 0.27755019068717957 1882
1782830778048 0.39215588569641113 1883
1782830778050 0.20344051718711853 1884
1782830778053 0.01914656162261963 1885
1782830778055 0.08820920437574387 1886
1782830778057 0.047918349504470825 1887
1782830778059 0.3254016935825348 1888
1782830778061 0.1831893026828766 1889
1782830778063 0.025725029408931732 1890
1782830778065 0.10572393238544464 1891
1782830778067 0.40455329418182373 1892
1782830778069 0.06726352870464325 1893
1782830778072 0.0647563487291336 1894
1782830778074 0.2509317100048065 1895
1782830778076 0.1528213918209076 1896
1782830778078 0.15244273841381073 1897
1782830778080 0.033604081720113754 1898
1782830778082 0.14580222964286804 1899
1782830778085 0.10100112110376358 1900
1782830778087 0.2095259130001068 1901
1782830778089 0.21740883588790894 1902
1782830778091 0.08729048818349838 1903
1782830778093 0.07205404341220856 1904
1782830778095 0.02287839725613594 1905
1782830778097 0.23732219636440277 1906
1782830778099 0.15445038676261902 1907
1782830778101 0.18939191102981567 1908
1782830778104 0.028151391074061394 1909
1782830778106 0.01711910590529442 1910
1782830778108 0.16304811835289001 1911
1782830778110 0.025402871891856194 1912
1782830778112 0.1242513656616211 1913
1782830778114 0.23544146120548248 1914
1782830778116 0.04301242530345917 1915
1782830778118 0.22790957987308502 1916
1782830778121 0.1434195190668106 1917
1782830778123 0.05485659837722778 1918
1782830778125 0.1176236942410469 1919
1782830778127 0.1439606249332428 1920
1782830778129 0.0688541904091835 1921
1782830778131 0.021335937082767487 1922
1782830778133 0.12957873940467834 1923
1782830778135 0.03235496208071709 1924
1782830778137 0.17111265659332275 1925
1782830778139 0.3958134651184082 1926
1782830778141 0.19050844013690948 1927
1782830778143 0.05992719531059265 1928
1782830778145 0.14158134162425995 1929
1782830778147 0.09624914079904556 1930
1782830778149 0.08865595608949661 1931
1782830778151 0.09565700590610504 1932
1782830778154 0.40605175495147705 1933
1782830778156 0.025426512584090233 1934
1782830778159 0.40813037753105164 1935
1782830778161 0.42736318707466125 1936
1782830778164 0.22930799424648285 1937
1782830778167 0.320503294467926 1938
1782830778169 0.12245261669158936 1939
1782830778173 0.042198196053504944 1940
1782830778175 0.16429001092910767 1941
1782830778178 0.2582726776599884 1942
1782830778180 0.03505402430891991 1943
1782830778183 0.5165095329284668 1944
1782830778185 0.1645008772611618 1945
1782830778188 0.22131513059139252 1946
1782830778191 0.07725990563631058 1947
1782830778193 0.09533869475126266 1948
1782830778196 0.09417860954999924 1949
1782830778199 0.11323963850736618 1950
1782830778201 0.09373567253351212 1951
1782830778204 0.03760533034801483 1952
1782830778207 0.044654279947280884 1953
1782830778209 0.11088825762271881 1954
1782830778211 0.05943362042307854 1955
1782830778213 0.09079831093549728 1956
1782830778215 0.13291701674461365 1957
1782830778217 0.025102147832512856 1958
1782830778220 0.2698480486869812 1959
1782830778223 0.08894354104995728 1960
1782830778225 0.232645183801651 1961
1782830778227 0.35478222370147705 1962
1782830778229 0.07537819445133209 1963
1782830778232 0.11709792912006378 1964
1782830778234 0.07440021634101868 1965
1782830778237 0.23193484544754028 1966
1782830778239 0.165696918964386 1967
1782830778242 0.23283807933330536 1968
1782830778245 0.07297107577323914 1969
1782830778247 0.29542261362075806 1970
1782830778250 0.04152349382638931 1971
1782830778253 0.13726159930229187 1972
1782830778255 0.024720873683691025 1973
1782830778257 0.1441829949617386 1974
1782830778259 0.05737723782658577 1975
1782830778261 0.4355372190475464 1976
1782830778263 0.05572833493351936 1977
1782830778265 0.03465916961431503 1978
1782830778267 0.04884842038154602 1979
1782830778269 0.04336134344339371 1980
1782830778271 0.026741307228803635 1981
1782830778273 0.31239965558052063 1982
1782830778275 0.13619224727153778 1983
1782830778277 0.2173779159784317 1984
1782830778279 0.006578873377293348 1985
1782830778281 0.21951130032539368 1986
1782830778283 0.12086201459169388 1987
1782830778285 0.134268656373024 1988
1782830778287 0.12036269158124924 1989
1782830778290 0.20916461944580078 1990
1782830778292 0.3166274428367615 1991
1782830778293 0.08604739606380463 1992
1782830778295 0.014316937886178493 1993
1782830778298 0.052644696086645126 1994
1782830778300 0.09644318372011185 1995
1782830778302 0.1253802478313446 1996
1782830778304 0.3954125940799713 1997
1782830778306 0.4134643077850342 1998
1782830778308 0.12670381367206573 1999
1782830778310 0.034640565514564514 2000
1782830778313 0.18876385688781738 2001
1782830778315 0.2864149510860443 2002
1782830778318 0.08099581301212311 2003
1782830778320 0.18054820597171783 2004
1782830778323 0.016449926421046257 2005
1782830778326 0.044053733348846436 2006
1782830778329 0.411032497882843 2007
1782830778331 0.060099925845861435 2008
1782830778334 0.23381128907203674 2009
1782830778337 0.09151435643434525 2010
1782830778340 0.10954486578702927 2011
1782830778342 0.3830151855945587 2012
1782830778345 0.1765182763338089 2013
1782830778347 0.20494520664215088 2014
1782830778350 0.003984319977462292 2015
1782830778353 0.02237190306186676 2016
1782830778356 0.39483407139778137 2017
1782830778358 0.008372974582016468 2018
1782830778361 0.26651012897491455 2019
1782830778364 0.03655293583869934 2020
1782830778367 0.06832677125930786 2021
1782830778369 0.06549894064664841 2022
1782830778371 0.23349574208259583 2023
1782830778373 0.1444498598575592 2024
1782830778375 0.13608425855636597 2025
1782830778377 0.26064634323120117 2026
1782830778379 0.053229592740535736 2027
1782830778381 0.07011590898036957 2028
1782830778383 0.3408498466014862 2029
1782830778385 0.08561383187770844 2030
1782830778387 0.15784433484077454 2031
1782830778389 0.09577019512653351 2032
1782830778392 0.13404160737991333 2033
1782830778394 0.7381142973899841 2034
1782830778396 0.15122833847999573 2035
1782830778398 0.18587706983089447 2036
1782830778400 0.07908553630113602 2037
1782830778402 0.42646846175193787 2038
1782830778405 0.07265271991491318 2039
1782830778407 0.05661587044596672 2040
1782830778409 0.13453510403633118 2041
1782830778411 0.08815806359052658 2042
1782830778413 0.13037161529064178 2043
1782830778415 0.09994630515575409 2044
1782830778417 0.03809013217687607 2045
1782830778419 0.32130166888237 2046
1782830778421 0.00703976396471262 2047
1782830778423 0.2869510352611542 2048
1782830778425 0.023090673610568047 2049
1782830778427 0.13256382942199707 2050
1782830778429 0.17939385771751404 2051
1782830778431 0.504650354385376 2052
1782830778433 0.3654324412345886 2053
1782830778435 0.040994416922330856 2054
1782830778437 0.11645817756652832 2055
1782830778439 0.24325092136859894 2056
1782830778441 0.2705434262752533 2057
1782830778443 0.18381193280220032 2058
1782830778446 0.11306299269199371 2059
1782830778448 0.3545912504196167 2060
1782830778450 0.2789306044578552 2061
1782830778452 0.047968171536922455 2062
1782830778454 0.2062850147485733 2063
1782830778456 0.1564570665359497 2064
1782830778458 0.893183171749115 2065
1782830778460 0.025006825104355812 2066
1782830778462 0.14903591573238373 2067
1782830778465 0.7369164824485779 2068
1782830778467 0.3180091083049774 2069
1782830778470 0.5829553008079529 2070
1782830778473 0.31237131357192993 2071
1782830778476 0.1787973791360855 2072
1782830778478 0.3169238865375519 2073
1782830778481 0.09752478450536728 2074
1782830778484 0.12666785717010498 2075
1782830778486 0.14882095158100128 2076
1782830778488 0.11589518189430237 2077
1782830778490 0.2798652648925781 2078
1782830778492 0.11480949819087982 2079
1782830778494 0.4808386266231537 2080
1782830778496 0.07758022844791412 2081
1782830778499 0.19983601570129395 2082
1782830778502 0.17088846862316132 2083
1782830778505 0.10186974704265594 2084
1782830778508 0.22158217430114746 2085
1782830778511 0.0640212893486023 2086
1782830778514 0.1009470522403717 2087
1782830778518 0.2218000590801239 2088
1782830778522 0.11748114228248596 2089
1782830778526 0.0541100837290287 2090
1782830778528 0.12916299700737 2091
1782830778531 0.20375211536884308 2092
1782830778534 0.3255631625652313 2093
1782830778536 0.16425764560699463 2094
1782830778538 0.07368633151054382 2095
1782830778541 0.264879435300827 2096
1782830778543 0.16296154260635376 2097
1782830778546 0.050764985382556915 2098
1782830778548 0.027222974225878716 2099
1782830778550 0.14143840968608856 2100
1782830778552 0.004452396649867296 2101
1782830778555 0.16808047890663147 2102
1782830778557 0.012540034018456936 2103
1782830778559 0.22733962535858154 2104
1782830778561 0.27307209372520447 2105
1782830778563 0.08663750439882278 2106
1782830778566 0.29946956038475037 2107
1782830778568 0.12912365794181824 2108
1782830778570 0.37230435013771057 2109
1782830778572 0.028364647179841995 2110
1782830778574 0.0035143657587468624 2111
1782830778577 0.6927797198295593 2112
1782830778579 0.1480540633201599 2113
1782830778581 0.07019983977079391 2114
1782830778583 0.11370886117219925 2115
1782830778585 0.06256410479545593 2116
1782830778587 0.06296446919441223 2117
1782830778589 0.027710549533367157 2118
1782830778591 0.15438157320022583 2119
1782830778594 0.16826339066028595 2120
1782830778596 0.18761780858039856 2121
1782830778598 0.06526300311088562 2122
1782830778600 0.12733355164527893 2123
1782830778603 0.2554360628128052 2124
1782830778606 0.10095775127410889 2125
1782830778609 0.2518470287322998 2126
1782830778611 0.16039668023586273 2127
1782830778614 0.0856892541050911 2128
1782830778616 0.017223883420228958 2129
1782830778619 0.09817255288362503 2130
1782830778621 0.0606718510389328 2131
1782830778624 0.07824056595563889 2132
1782830778626 0.02577332966029644 2133
1782830778629 0.03232565149664879 2134
1782830778631 0.1277087926864624 2135
1782830778634 0.01948898658156395 2136
1782830778637 0.17591986060142517 2137
1782830778639 0.08647759258747101 2138
1782830778642 0.2894060015678406 2139
1782830778644 0.027469728142023087 2140
1782830778647 0.36876219511032104 2141
1782830778649 0.14529301226139069 2142
1782830778651 0.10396614670753479 2143
1782830778654 0.1392158567905426 2144
1782830778656 0.36526989936828613 2145
1782830778658 0.13593485951423645 2146
1782830778660 0.015079687349498272 2147
1782830778662 0.018866827711462975 2148
1782830778664 0.12453410029411316 2149
1782830778667 0.09755817800760269 2150
1782830778669 0.1514258235692978 2151
1782830778671 0.055239882320165634 2152
1782830778673 0.08526717126369476 2153
1782830778675 0.22477541863918304 2154
1782830778677 0.21687640249729156 2155
1782830778680 0.2087603509426117 2156
1782830778682 0.31898242235183716 2157
1782830778684 0.014694090001285076 2158
1782830778686 0.10836732387542725 2159
1782830778689 0.15104998648166656 2160
1782830778691 0.037265658378601074 2161
1782830778693 0.030955612659454346 2162
1782830778695 0.08162595331668854 2163
1782830778697 0.059885211288928986 2164
1782830778699 0.25651365518569946 2165
1782830778702 0.08009326457977295 2166
1782830778704 0.2655118405818939 2167
1782830778706 0.09574010223150253 2168
1782830778708 0.017082707956433296 2169
1782830778710 0.07841106504201889 2170
1782830778712 0.13537092506885529 2171
1782830778715 0.10931944847106934 2172
1782830778717 0.040230367332696915 2173
1782830778720 0.09208669513463974 2174
1782830778722 0.03484595566987991 2175
1782830778725 0.05531024560332298 2176
1782830778728 0.26596805453300476 2177
1782830778731 0.009908375330269337 2178
1782830778733 0.1333588808774948 2179
1782830778736 0.018150843679904938 2180
1782830778739 0.018054397776722908 2181
1782830778741 0.08919375389814377 2182
1782830778744 0.22274379432201385 2183
1782830778747 0.17848704755306244 2184
1782830778749 0.09532833099365234 2185
1782830778752 0.054736845195293427 2186
1782830778755 0.2716539800167084 2187
1782830778757 0.04786050319671631 2188
1782830778760 0.20982350409030914 2189
1782830778762 0.04028504341840744 2190
1782830778765 0.10196559131145477 2191
1782830778768 0.02137022651731968 2192
1782830778771 0.0770026221871376 2193
1782830778773 0.2644672393798828 2194
1782830778776 0.1408510059118271 2195
1782830778779 0.04862554371356964 2196
1782830778781 0.1892957240343094 2197
1782830778785 0.19094392657279968 2198
1782830778787 0.0332939475774765 2199
1782830778790 0.4600904881954193 2200
1782830778793 0.13601654767990112 2201
1782830778795 0.12090425193309784 2202
1782830778798 0.27140122652053833 2203
1782830778801 0.020436376333236694 2204
1782830778804 0.12150391191244125 2205
1782830778807 0.3632352948188782 2206
1782830778810 0.01755824312567711 2207
1782830778813 0.16531890630722046 2208
1782830778815 0.3252985179424286 2209
1782830778818 0.0731930285692215 2210
1782830778821 0.028670232743024826 2211
1782830778823 0.11709388345479965 2212
1782830778826 0.21047277748584747 2213
1782830778828 0.13582965731620789 2214
1782830778831 0.11889953911304474 2215
1782830778834 0.22510720789432526 2216
1782830778837 0.0682777464389801 2217
1782830778840 0.10471440106630325 2218
1782830778843 0.11351392418146133 2219
1782830778846 0.23654359579086304 2220
1782830778849 0.31090354919433594 2221
1782830778852 0.14696617424488068 2222
1782830778855 0.10077299177646637 2223
1782830778859 0.15122239291667938 2224
1782830778862 0.03456768020987511 2225
1782830778864 0.015275340527296066 2226
1782830778867 0.07429855316877365 2227
1782830778870 0.08160630613565445 2228
1782830778872 0.015015111304819584 2229
1782830778875 0.050070926547050476 2230
1782830778878 0.042548343539237976 2231
1782830778880 0.3677809536457062 2232
1782830778883 0.18338888883590698 2233
1782830778886 0.5546184778213501 2234
1782830778888 0.23779600858688354 2235
1782830778891 0.19459021091461182 2236
1782830778894 0.23491401970386505 2237
1782830778896 0.04916634410619736 2238
1782830778899 0.05196642875671387 2239
1782830778901 0.23140263557434082 2240
1782830778904 0.04339016228914261 2241
1782830778907 0.12633760273456573 2242
1782830778909 0.18366652727127075 2243
1782830778911 0.10302025824785233 2244
1782830778913 0.07510676980018616 2245
1782830778915 0.10624455660581589 2246
1782830778917 0.17347197234630585 2247
1782830778919 0.3162738084793091 2248
1782830778921 0.07470381259918213 2249
1782830778923 0.04043649509549141 2250
1782830778925 0.2396998256444931 2251
1782830778927 0.1976381093263626 2252
1782830778929 0.0361834280192852 2253
1782830778931 0.06945818662643433 2254
1782830778933 0.1370266079902649 2255
1782830778935 0.0464087538421154 2256
1782830778937 0.21545527875423431 2257
1782830778939 0.1744241565465927 2258
1782830778941 0.131880521774292 2259
1782830778943 0.29887333512306213 2260
1782830778945 0.1544978767633438 2261
1782830778947 0.04466429725289345 2262
1782830778949 0.13110554218292236 2263
1782830778952 0.12932045757770538 2264
1782830778954 0.04371882975101471 2265
1782830778956 0.2065339833498001 2266
1782830778958 0.06593004614114761 2267
1782830778960 0.05110224336385727 2268
1782830778962 0.1309363842010498 2269
1782830778964 0.41808903217315674 2270
1782830778966 0.03223938122391701 2271
1782830778968 0.31903770565986633 2272
1782830778970 0.11990004777908325 2273
1782830778972 0.016288021579384804 2274
1782830778974 0.1439499408006668 2275
1782830778977 0.132656529545784 2276
1782830778979 0.21869206428527832 2277
1782830778981 0.09125487506389618 2278
1782830778983 0.14205138385295868 2279
1782830778985 0.06828434020280838 2280
1782830778987 0.029499098658561707 2281
1782830778989 0.0962153971195221 2282
1782830778991 0.13172385096549988 2283
1782830778993 0.09946553409099579 2284
1782830778995 0.20949333906173706 2285
1782830778998 0.07239125669002533 2286
1782830779000 0.14026355743408203 2287
1782830779002 0.02829775959253311 2288
1782830779004 0.2756965756416321 2289
1782830779006 0.026421204209327698 2290
1782830779008 0.25493380427360535 2291
1782830779011 0.23524554073810577 2292
1782830779013 0.1030624583363533 2293
1782830779015 0.24832165241241455 2294
1782830779017 0.02714432403445244 2295
1782830779019 0.15480120480060577 2296
1782830779021 0.1174456924200058 2297
1782830779023 0.5846039056777954 2298
1782830779025 0.213030144572258 2299
1782830779027 0.18027366697788239 2300
1782830779029 0.04938424378633499 2301
1782830779031 0.1721429079771042 2302
1782830779033 0.16014733910560608 2303
1782830779035 0.027573712170124054 2304
1782830779037 0.14765147864818573 2305
1782830779039 0.14309945702552795 2306
1782830779041 0.05192527547478676 2307
1782830779044 0.1252823770046234 2308
1782830779046 0.01908239722251892 2309
1782830779048 0.09164588898420334 2310
1782830779050 0.20768536627292633 2311
1782830779052 0.11543640494346619 2312
1782830779054 0.08258287608623505 2313
1782830779056 0.2181035280227661 2314
1782830779058 0.30471694469451904 2315
1782830779060 0.02442076988518238 2316
1782830779062 0.16816434264183044 2317
1782830779064 0.023289307951927185 2318
1782830779066 0.08560506254434586 2319
1782830779068 0.053467925637960434 2320
1782830779070 0.3469485342502594 2321
1782830779072 0.739326536655426 2322
1782830779074 0.0308553297072649 2323
1782830779076 0.08213452249765396 2324
1782830779078 0.10147718340158463 2325
1782830779080 0.48131537437438965 2326
1782830779082 0.12024959176778793 2327
1782830779085 0.026364093646407127 2328
1782830779087 0.050999823957681656 2329
1782830779089 0.045613475143909454 2330
1782830779091 0.1522175669670105 2331
1782830779093 0.2872411906719208 2332
1782830779095 0.42132920026779175 2333
1782830779097 0.22485564649105072 2334
1782830779099 0.42663952708244324 2335
1782830779101 0.10156553983688354 2336
1782830779103 0.10026942938566208 2337
1782830779105 0.24801833927631378 2338
1782830779107 0.057119302451610565 2339
1782830779109 0.09309500455856323 2340
1782830779111 0.03628621995449066 2341
1782830779113 0.05947059392929077 2342
1782830779116 0.13042806088924408 2343
1782830779118 0.1325317770242691 2344
1782830779120 0.31532394886016846 2345
1782830779123 0.034321192651987076 2346
1782830779125 0.019184455275535583 2347
1782830779128 0.4884352684020996 2348
1782830779131 0.24556422233581543 2349
1782830779134 0.370151162147522 2350
1782830779136 0.06838781386613846 2351
1782830779139 0.08186165988445282 2352
1782830779142 0.19080743193626404 2353
1782830779145 0.09596818685531616 2354
1782830779147 0.1163167655467987 2355
1782830779150 0.10620196908712387 2356
1782830779153 0.046810511499643326 2357
1782830779156 0.030056970193982124 2358
1782830779159 0.05911780521273613 2359
1782830779162 0.18611231446266174 2360
1782830779165 0.2953750491142273 2361
1782830779168 0.1637984812259674 2362
1782830779171 0.07103095948696136 2363
1782830779174 0.054303865879774094 2364
1782830779177 0.13376475870609283 2365
1782830779181 0.11540067195892334 2366
1782830779183 0.23450039327144623 2367
1782830779186 0.07768610119819641 2368
1782830779189 0.03993852436542511 2369
1782830779191 0.0974070131778717 2370
1782830779194 0.08412124216556549 2371
1782830779198 0.02872277796268463 2372
1782830779202 0.08022186905145645 2373
1782830779205 0.23711004853248596 2374
1782830779208 0.14350324869155884 2375
1782830779211 0.08354190737009048 2376
1782830779213 0.06560228019952774 2377
1782830779216 0.032322682440280914 2378
1782830779219 0.03013439290225506 2379
1782830779222 0.05170667916536331 2380
1782830779225 0.30443668365478516 2381
1782830779227 0.022264087572693825 2382
1782830779230 0.11720645427703857 2383
1782830779233 0.009229275397956371 2384
1782830779235 0.20384211838245392 2385
1782830779238 0.2016490250825882 2386
1782830779240 0.09241440892219543 2387
1782830779243 0.2681468725204468 2388
1782830779246 0.24897703528404236 2389
1782830779249 0.18048065900802612 2390
1782830779251 0.06184709072113037 2391
1782830779254 0.12168503552675247 2392
1782830779256 0.19031722843647003 2393
1782830779258 0.050986699759960175 2394
1782830779260 0.16015921533107758 2395
1782830779262 0.1862984448671341 2396
1782830779264 0.09203355759382248 2397
1782830779266 0.3022776246070862 2398
1782830779268 0.16448438167572021 2399
1782830779270 0.043881576508283615 2400
1782830779273 0.08415225148200989 2401
1782830779275 0.1364317685365677 2402
1782830779277 0.15003164112567902 2403
1782830779279 0.010285623371601105 2404
1782830779281 0.18920490145683289 2405
1782830779283 0.07375973463058472 2406
1782830779285 0.07243502140045166 2407
1782830779287 0.17068828642368317 2408
1782830779289 0.0856616422533989 2409
1782830779291 0.0854281559586525 2410
1782830779293 0.06107987090945244 2411
1782830779295 0.045164331793785095 2412
1782830779297 0.024114735424518585 2413
1782830779299 0.15939116477966309 2414
1782830779301 0.2939685881137848 2415
1782830779303 0.07126785814762115 2416
1782830779305 0.07060988247394562 2417
1782830779307 0.10296713560819626 2418
1782830779309 0.09408771246671677 2419
1782830779312 0.09861962497234344 2420
1782830779314 0.08977831155061722 2421
1782830779316 0.2917574346065521 2422
1782830779318 0.09555260837078094 2423
1782830779320 0.0059828562662005424 2424
1782830779322 0.051908429712057114 2425
1782830779324 0.419260710477829 2426
1782830779326 0.1068926528096199 2427
1782830779328 0.1800099015235901 2428
1782830779330 0.011491408571600914 2429
1782830779332 0.22404031455516815 2430
1782830779334 0.5308414697647095 2431
1782830779336 0.22605125606060028 2432
1782830779338 0.06441225111484528 2433
1782830779340 0.16245540976524353 2434
1782830779342 0.12830692529678345 2435
1782830779344 0.21335934102535248 2436
1782830779346 0.1264791637659073 2437
1782830779348 0.27980536222457886 2438
1782830779350 0.14614759385585785 2439
1782830779353 0.2063189446926117 2440
1782830779355 0.05823426693677902 2441
1782830779357 0.18838834762573242 2442
1782830779359 0.13432422280311584 2443
1782830779361 0.04579672962427139 2444
1782830779363 0.050485316663980484 2445
1782830779365 0.3823056221008301 2446
1782830779367 0.2699286937713623 2447
1782830779369 0.04706358537077904 2448
1782830779371 0.14272023737430573 2449
1782830779373 0.0691760703921318 2450
1782830779375 0.06942164152860641 2451
1782830779377 0.13544532656669617 2452
1782830779380 0.10081352293491364 2453
1782830779382 0.20671357214450836 2454
1782830779384 0.11483800411224365 2455
1782830779386 0.3316148519515991 2456
1782830779388 0.18480920791625977 2457
1782830779390 0.12649892270565033 2458
1782830779392 0.07138005644083023 2459
1782830779394 0.14065223932266235 2460
1782830779396 0.12081024795770645 2461
1782830779398 0.2408834844827652 2462
1782830779400 0.023162413388490677 2463
1782830779402 0.18276463449001312 2464
1782830779404 0.19500473141670227 2465
1782830779407 0.04224811866879463 2466
1782830779409 0.11449556052684784 2467
1782830779411 0.12022296339273453 2468
1782830779413 0.2576473653316498 2469
1782830779415 0.040170688182115555 2470
1782830779417 0.04237981513142586 2471
1782830779419 0.020033055916428566 2472
1782830779421 0.6993079781532288 2473
1782830779423 0.18718469142913818 2474
1782830779425 0.09947781264781952 2475
1782830779427 0.22446586191654205 2476
1782830779429 0.05714474990963936 2477
1782830779432 0.2469222992658615 2478
1782830779434 0.3527357876300812 2479
1782830779436 0.05679457634687424 2480
1782830779438 0.217368021607399 2481
1782830779441 0.04847880080342293 2482
1782830779444 0.10161186009645462 2483
1782830779447 0.08917228877544403 2484
1782830779449 0.1742548942565918 2485
1782830779452 0.12057831883430481 2486
1782830779455 0.5761938691139221 2487
1782830779457 0.17810922861099243 2488
1782830779460 0.17011910676956177 2489
1782830779463 0.08857709914445877 2490
1782830779465 0.10196386277675629 2491
1782830779468 0.04502115026116371 2492
1782830779471 0.0759752094745636 2493
1782830779474 0.2933467924594879 2494
1782830779476 0.13993199169635773 2495
1782830779479 0.01778041571378708 2496
1782830779482 0.23760277032852173 2497
1782830779485 0.28088605403900146 2498
1782830779487 0.07747258991003036 2499
1782830779490 0.35676443576812744 2500
1782830779493 0.24036812782287598 2501
1782830779495 0.5368082523345947 2502
1782830779498 0.13440249860286713 2503
1782830779501 0.16972631216049194 2504
1782830779504 0.20946232974529266 2505
1782830779506 0.1335822194814682 2506
1782830779508 0.07748677581548691 2507
1782830779510 0.17101627588272095 2508
1782830779513 0.06811277568340302 2509
1782830779516 0.12202931195497513 2510
1782830779518 0.4837706685066223 2511
1782830779520 0.13603118062019348 2512
1782830779524 0.5982254147529602 2513
1782830779527 0.16761966049671173 2514
1782830779530 0.09146614372730255 2515
1782830779532 0.24128736555576324 2516
1782830779535 0.09745582938194275 2517
1782830779538 0.06177755072712898 2518
1782830779540 0.03016648255288601 2519
1782830779543 0.2538444995880127 2520
1782830779546 0.05950896441936493 2521
1782830779548 0.021515974774956703 2522
1782830779552 0.19978712499141693 2523
1782830779555 0.07124201953411102 2524
1782830779558 0.041971735656261444 2525
1782830779560 0.02813694067299366 2526
1782830779563 0.057025253772735596 2527
1782830779566 0.030628914013504982 2528
1782830779569 0.14016692340373993 2529
1782830779571 0.1881086230278015 2530
1782830779574 0.02804514393210411 2531
1782830779577 0.214799702167511 2532
1782830779579 0.06456312537193298 2533
1782830779582 0.16454236209392548 2534
1782830779584 0.19276191294193268 2535
1782830779587 0.15446048974990845 2536
1782830779590 0.03794471547007561 2537
1782830779592 0.18381275236606598 2538
1782830779595 0.26179808378219604 2539
1782830779598 0.34753936529159546 2540
1782830779600 0.23963885009288788 2541
1782830779602 0.11614307016134262 2542
1782830779605 0.2739396393299103 2543
1782830779608 0.2919132709503174 2544
1782830779611 0.04400044307112694 2545
1782830779613 0.22970327734947205 2546
1782830779616 0.18606464564800262 2547
1782830779619 0.03609688952565193 2548
1782830779622 0.17745628952980042 2549
1782830779624 0.2889585494995117 2550
1782830779627 0.10087153315544128 2551
1782830779629 0.18014051020145416 2552
1782830779632 0.27981236577033997 2553
1782830779635 0.13726310431957245 2554
1782830779638 0.03283742070198059 2555
1782830779640 0.2217709720134735 2556
1782830779643 0.09561371803283691 2557
1782830779646 0.0501379519701004 2558
1782830779649 0.0640033558011055 2559
1782830779651 0.03853301703929901 2560
1782830779654 0.018618673086166382 2561
1782830779657 0.11769916862249374 2562
1782830779660 0.7735993266105652 2563
1782830779663 0.2661156952381134 2564
1782830779665 0.07923580706119537 2565
1782830779668 0.03705599904060364 2566
1782830779671 0.1982269585132599 2567
1782830779674 0.4078299105167389 2568
1782830779676 0.263828307390213 2569
1782830779679 0.1377725899219513 2570
1782830779682 0.08562353253364563 2571
1782830779685 0.06572060286998749 2572
1782830779688 0.12061313539743423 2573
1782830779691 0.29900282621383667 2574
1782830779694 0.1762574464082718 2575
1782830779696 0.0383717380464077 2576
1782830779699 0.1783934384584427 2577
1782830779702 0.22099044919013977 2578
1782830779705 0.12148802727460861 2579
1782830779707 0.18590322136878967 2580
1782830779710 0.24828621745109558 2581
1782830779713 0.0018447969341650605 2582
1782830779716 0.22849136590957642 2583
1782830779719 0.14276981353759766 2584
1782830779721 0.11884211748838425 2585
1782830779724 0.10553883761167526 2586
1782830779727 0.1608092486858368 2587
1782830779730 0.13967646658420563 2588
1782830779733 0.10452631115913391 2589
1782830779735 0.12851931154727936 2590
1782830779738 0.24753619730472565 2591
1782830779741 0.05534874275326729 2592
1782830779743 0.15351633727550507 2593
1782830779746 0.07919821888208389 2594
1782830779749 0.07790128886699677 2595
1782830779751 0.18903005123138428 2596
1782830779754 0.20646531879901886 2597
1782830779757 0.03579459339380264 2598
1782830779759 0.1593678742647171 2599
1782830779762 0.09128490090370178 2600
1782830779764 0.024944711476564407 2601
1782830779767 0.26214849948883057 2602
1782830779769 0.1432856172323227 2603
1782830779771 0.037896666675806046 2604
1782830779773 0.25752925872802734 2605
1782830779775 0.15700103342533112 2606
1782830779777 0.10576557368040085 2607
1782830779780 0.37847763299942017 2608
1782830779782 0.025411009788513184 2609
1782830779785 0.11193093657493591 2610
1782830779787 0.038670625537633896 2611
1782830779789 0.028732862323522568 2612
1782830779792 0.1433899700641632 2613
1782830779794 0.13290297985076904 2614
1782830779796 0.08464895933866501 2615
1782830779798 0.18127034604549408 2616
1782830779800 0.17424847185611725 2617
1782830779802 0.2724263370037079 2618
1782830779805 0.06795607507228851 2619
1782830779807 0.42122533917427063 2620
1782830779809 0.013134843669831753 2621
1782830779811 0.00518481619656086 2622
1782830779813 0.012738916091620922 2623
1782830779815 0.011650067754089832 2624
1782830779817 0.1538284718990326 2625
1782830779819 0.07450283318758011 2626
1782830779821 0.20642805099487305 2627
1782830779823 0.06367143988609314 2628
1782830779825 0.07049605250358582 2629
1782830779827 0.20471806824207306 2630
1782830779829 0.16844779253005981 2631
1782830779832 0.13137373328208923 2632
1782830779834 0.07568910717964172 2633
1782830779836 0.021014168858528137 2634
1782830779838 0.11638827621936798 2635
1782830779840 0.11317306756973267 2636
1782830779842 0.04018441587686539 2637
1782830779844 0.21236005425453186 2638
1782830779847 0.3691142499446869 2639
1782830779850 0.1271207183599472 2640
1782830779852 0.06363465636968613 2641
1782830779855 0.03272068127989769 2642
1782830779858 0.2425200343132019 2643
1782830779860 0.13512879610061646 2644
1782830779864 0.039550699293613434 2645
1782830779867 0.033485297113657 2646
1782830779870 0.019538549706339836 2647
1782830779873 0.11801610887050629 2648
1782830779875 0.08446013182401657 2649
1782830779878 0.16512839496135712 2650
1782830779881 0.006458211224526167 2651
1782830779883 0.05671440809965134 2652
1782830779886 0.20332452654838562 2653
1782830779889 0.05269404128193855 2654
1782830779892 0.005862805061042309 2655
1782830779894 0.2588239312171936 2656
1782830779897 0.08017474412918091 2657
1782830779900 0.05480565130710602 2658
1782830779902 0.03420237824320793 2659
1782830779905 0.12148353457450867 2660
1782830779908 0.07639610022306442 2661
1782830779911 0.3368544280529022 2662
1782830779914 0.08073772490024567 2663
1782830779916 0.1284458190202713 2664
1782830779919 0.12249518930912018 2665
1782830779922 0.20708487927913666 2666
1782830779925 0.04557560011744499 2667
1782830779928 0.13483674824237823 2668
1782830779930 0.0460289902985096 2669
1782830779934 0.14772357046604156 2670
1782830779937 0.2624135911464691 2671
1782830779939 0.2276488095521927 2672
1782830779941 0.013375733979046345 2673
1782830779943 0.31270959973335266 2674
1782830779945 0.03104744292795658 2675
1782830779947 0.2475239336490631 2676
1782830779950 0.1770540177822113 2677
1782830779952 0.10880793631076813 2678
1782830779954 0.21531592309474945 2679
1782830779957 0.13343162834644318 2680
1782830779959 0.26562467217445374 2681
1782830779961 0.1443282961845398 2682
1782830779963 0.037884317338466644 2683
1782830779966 0.07182089984416962 2684
1782830779968 0.1941840946674347 2685
1782830779970 0.055664632469415665 2686
1782830779972 0.03723169490695 2687
1782830779974 0.09640379250049591 2688
1782830779976 0.17468063533306122 2689
1782830779978 0.17389866709709167 2690
1782830779981 0.19500477612018585 2691
1782830779983 0.4249751567840576 2692
1782830779985 0.06686698645353317 2693
1782830779987 0.07233475148677826 2694
1782830779989 0.23418287932872772 2695
1782830779991 0.0445905365049839 2696
1782830779993 0.10364319384098053 2697
1782830779995 0.09392684698104858 2698
1782830779997 0.10018220543861389 2699
1782830779999 0.04608641564846039 2700
1782830780002 0.3123265504837036 2701
1782830780004 0.06553181260824203 2702
1782830780007 0.1327294409275055 2703
1782830780009 0.05275963619351387 2704
1782830780011 0.15995945036411285 2705
1782830780013 0.10924220830202103 2706
1782830780015 0.08399523794651031 2707
1782830780017 0.3109343647956848 2708
1782830780019 0.25945308804512024 2709
1782830780021 0.15027832984924316 2710
1782830780023 0.08060658723115921 2711
1782830780025 0.19494624435901642 2712
1782830780027 0.20463626086711884 2713
1782830780029 0.1336885690689087 2714
1782830780031 0.035902995616197586 2715
1782830780034 0.08965368568897247 2716
1782830780036 0.028210271149873734 2717
1782830780038 0.21899674832820892 2718
1782830780040 0.20542891323566437 2719
1782830780043 0.1526474952697754 2720
1782830780046 0.18921054899692535 2721
1782830780048 0.3064219653606415 2722
1782830780051 0.0681132897734642 2723
1782830780054 0.09265904873609543 2724
1782830780056 0.23615621030330658 2725
1782830780059 0.042455609887838364 2726
1782830780062 0.01848149113357067 2727
1782830780064 0.23064759373664856 2728
1782830780067 0.07310324162244797 2729
1782830780070 0.14834342896938324 2730
1782830780072 0.05360330268740654 2731
1782830780075 0.0771360695362091 2732
1782830780078 0.022959072142839432 2733
1782830780080 0.0648389682173729 2734
1782830780083 0.014463919214904308 2735
1782830780086 0.02458278089761734 2736
1782830780089 0.20493409037590027 2737
1782830780091 0.19399365782737732 2738
1782830780094 0.1396966129541397 2739
1782830780097 0.04758897423744202 2740
1782830780099 0.48222267627716064 2741
1782830780102 0.29648861289024353 2742
1782830780105 0.023339012637734413 2743
1782830780108 0.017766062170267105 2744
1782830780110 0.05585106834769249 2745
1782830780113 0.053532280027866364 2746
1782830780115 0.007247395813465118 2747
1782830780117 0.2796107828617096 2748
1782830780119 0.10722458362579346 2749
1782830780121 0.08165562152862549 2750
1782830780123 0.03474711999297142 2751
1782830780125 0.2940548360347748 2752
1782830780128 0.18831849098205566 2753
1782830780130 0.19618119299411774 2754
1782830780132 0.011463391594588757 2755
1782830780134 0.2206098884344101 2756
1782830780136 0.18908415734767914 2757
1782830780138 0.04350711777806282 2758
1782830780140 0.26788246631622314 2759
1782830780142 0.028002193197607994 2760
1782830780144 0.11368585377931595 2761
1782830780146 0.15757200121879578 2762
1782830780148 0.07549513131380081 2763
1782830780151 0.042651429772377014 2764
1782830780153 0.16741912066936493 2765
1782830780156 0.008272702805697918 2766
1782830780158 0.10414767265319824 2767
1782830780160 0.18703514337539673 2768
1782830780162 0.03693348914384842 2769
1782830780164 0.24641026556491852 2770
1782830780166 0.12077005207538605 2771
1782830780168 0.16937729716300964 2772
1782830780170 0.31158602237701416 2773
1782830780173 0.24554097652435303 2774
1782830780175 0.057474199682474136 2775
1782830780177 0.21290960907936096 2776
1782830780179 0.25557005405426025 2777
1782830780181 0.06480731815099716 2778
1782830780183 0.3263035714626312 2779
1782830780185 0.3404395878314972 2780
1782830780187 0.09587955474853516 2781
1782830780190 0.1476481556892395 2782
1782830780192 0.27501508593559265 2783
1782830780194 0.1966405212879181 2784
1782830780196 0.08882979303598404 2785
1782830780198 0.08223418146371841 2786
1782830780200 0.08255942165851593 2787
1782830780203 0.16806070506572723 2788
1782830780205 0.037937723100185394 2789
1782830780207 0.24248935282230377 2790
1782830780210 0.039619073271751404 2791
1782830780212 0.07193683832883835 2792
1782830780214 0.03863764554262161 2793
1782830780216 0.3032436668872833 2794
1782830780219 0.11883366852998734 2795
1782830780224 0.27679264545440674 2796
1782830780226 0.20009833574295044 2797
1782830780229 0.05415912717580795 2798
1782830780231 0.014457437209784985 2799
1782830780233 0.10658124089241028 2800
1782830780236 0.2514241635799408 2801
1782830780238 0.024493638426065445 2802
1782830780240 0.095089390873909 2803
1782830780242 0.042612116783857346 2804
1782830780245 0.028276853263378143 2805
1782830780247 0.1511470079421997 2806
1782830780249 0.030964810401201248 2807
1782830780252 0.19300228357315063 2808
1782830780254 0.05584511160850525 2809
1782830780256 0.026562459766864777 2810
1782830780258 0.02370597794651985 2811
1782830780261 0.06685890257358551 2812
1782830780263 0.13522092998027802 2813
1782830780265 0.16704373061656952 2814
1782830780267 0.2467437982559204 2815
1782830780270 0.1785726398229599 2816
1782830780272 0.07499608397483826 2817
1782830780274 0.10443247109651566 2818
1782830780277 0.23661701381206512 2819
1782830780279 0.08372217416763306 2820
1782830780281 0.1254834681749344 2821
1782830780284 0.13250300288200378 2822
1782830780286 0.19114470481872559 2823
1782830780288 0.40548789501190186 2824
1782830780290 0.22691139578819275 2825
1782830780292 0.1233830600976944 2826
1782830780294 0.20901112258434296 2827
1782830780296 0.13465924561023712 2828
1782830780299 0.25809377431869507 2829
1782830780301 0.19977697730064392 2830
1782830780303 0.009951064363121986 2831
1782830780305 0.13367599248886108 2832
1782830780307 0.09595030546188354 2833
1782830780309 0.33536791801452637 2834
1782830780312 0.3956112265586853 2835
1782830780314 0.1046753004193306 2836
1782830780316 0.11793079227209091 2837
1782830780318 0.12699395418167114 2838
1782830780320 0.14488805830478668 2839
1782830780322 0.29404744505882263 2840
1782830780324 0.23145774006843567 2841
1782830780327 0.17033275961875916 2842
1782830780329 0.16099560260772705 2843
1782830780331 0.04916602373123169 2844
1782830780333 0.0534345805644989 2845
1782830780334 0.08311517536640167 2846
1782830780336 0.14138685166835785 2847
1782830780339 0.029937569051980972 2848
1782830780341 0.2297704517841339 2849
1782830780343 0.05445505678653717 2850
1782830780345 0.29685622453689575 2851
1782830780347 0.131693035364151 2852
1782830780348 0.025708891451358795 2853
1782830780350 0.3681238293647766 2854
1782830780353 0.11634696274995804 2855
1782830780355 0.06594033539295197 2856
1782830780357 0.1530914157629013 2857
1782830780359 0.09522487968206406 2858
1782830780361 0.018934465944767 2859
1782830780363 0.017134644091129303 2860
1782830780365 0.041246261447668076 2861
1782830780368 0.37595388293266296 2862
1782830780370 0.14540505409240723 2863
1782830780372 0.3061453700065613 2864
1782830780374 0.04150080308318138 2865
1782830780376 0.13807502388954163 2866
1782830780378 0.06712494790554047 2867
1782830780380 0.1409882754087448 2868
1782830780382 0.12669003009796143 2869
1782830780384 0.03317040205001831 2870
1782830780386 0.013682495802640915 2871
1782830780388 0.014087986201047897 2872
1782830780390 0.1066485121846199 2873
1782830780392 0.08114014565944672 2874
1782830780394 0.017469065263867378 2875
1782830780396 0.4727865755558014 2876
1782830780398 0.09763901680707932 2877
1782830780400 0.0727197453379631 2878
1782830780402 0.028090866282582283 2879
1782830780404 0.0408734455704689 2880
1782830780407 0.022764617577195168 2881
1782830780409 0.1930752396583557 2882
1782830780411 0.041153982281684875 2883
1782830780413 0.036496978253126144 2884
1782830780415 0.055979520082473755 2885
1782830780418 0.3676821291446686 2886
1782830780420 0.06588070094585419 2887
1782830780422 0.1694585233926773 2888
1782830780424 0.05769455432891846 2889
1782830780426 0.10742171108722687 2890
1782830780428 0.18668965995311737 2891
1782830780430 0.007046164479106665 2892
1782830780432 0.10450849682092667 2893
1782830780435 0.07580065727233887 2894
1782830780437 0.04955146089196205 2895
1782830780439 0.18665431439876556 2896
1782830780441 0.051483530551195145 2897
1782830780443 0.02205078862607479 2898
1782830780445 0.05399123579263687 2899
1782830780448 0.278777539730072 2900
1782830780450 0.22719603776931763 2901
1782830780452 0.04187306389212608 2902
1782830780454 0.11983925849199295 2903
1782830780456 0.007448810152709484 2904
1782830780458 0.13416719436645508 2905
1782830780460 0.10338550060987473 2906
1782830780462 0.08352475613355637 2907
1782830780464 0.2190447747707367 2908
1782830780466 0.020719392225146294 2909
1782830780469 0.17010869085788727 2910
1782830780471 0.13013017177581787 2911
1782830780473 0.3763413429260254 2912
1782830780475 0.026175931096076965 2913
1782830780478 0.017217349261045456 2914
1782830780480 0.15511378645896912 2915
1782830780482 0.08478013426065445 2916
1782830780484 0.3273698687553406 2917
1782830780486 0.23170745372772217 2918
1782830780488 0.03244176134467125 2919
1782830780490 0.05748458206653595 2920
1782830780492 0.23502174019813538 2921
1782830780495 0.1785135269165039 2922
1782830780497 0.06588511168956757 2923
1782830780499 0.05491289496421814 2924
1782830780501 0.23271401226520538 2925
1782830780503 0.27015259861946106 2926
1782830780504 0.17223796248435974 2927
1782830780507 0.19713665544986725 2928
1782830780509 0.08239114284515381 2929
1782830780511 0.18285268545150757 2930
1782830780513 0.019614823162555695 2931
1782830780515 0.05374018847942352 2932
1782830780517 0.022357961162924767 2933
1782830780519 0.26023176312446594 2934
1782830780523 0.05569282919168472 2935
1782830780526 0.12905250489711761 2936
1782830780528 0.1669345647096634 2937
1782830780530 0.13111309707164764 2938
1782830780532 0.23482319712638855 2939
1782830780534 0.010095568373799324 2940
1782830780536 0.17050372064113617 2941
1782830780538 0.02042384259402752 2942
1782830780540 0.00852075032889843 2943
1782830780542 0.060527198016643524 2944
1782830780544 0.10983813554048538 2945
1782830780546 0.34731525182724 2946
1782830780548 0.22559086978435516 2947
1782830780550 0.21410410106182098 2948
1782830780552 0.13236041367053986 2949
1782830780555 0.2870613634586334 2950
1782830780557 0.5683509707450867 2951
1782830780559 0.012285514734685421 2952
1782830780561 0.3156108856201172 2953
1782830780563 0.15450432896614075 2954
1782830780565 0.29886841773986816 2955
1782830780567 0.1811961531639099 2956
1782830780569 0.18239420652389526 2957
1782830780571 0.17688734829425812 2958
1782830780573 0.1634272038936615 2959
1782830780575 0.01816393807530403 2960
1782830780577 0.023947352543473244 2961
1782830780580 0.032132040709257126 2962
1782830780582 0.08082496374845505 2963
1782830780584 0.12769518792629242 2964
1782830780586 0.10751733183860779 2965
1782830780588 0.0624052956700325 2966
1782830780590 0.026685241609811783 2967
1782830780592 0.05154627561569214 2968
1782830780594 0.01169715728610754 2969
1782830780596 0.0917937383055687 2970
1782830780598 0.10966873168945312 2971
1782830780600 0.12424167990684509 2972
1782830780602 0.29613950848579407 2973
1782830780604 0.07712487876415253 2974
1782830780607 0.023558685556054115 2975
1782830780609 0.05788170173764229 2976
1782830780611 0.21187017858028412 2977
1782830780613 0.1079462394118309 2978
1782830780615 0.005244171712547541 2979
1782830780617 0.24287205934524536 2980
1782830780619 0.06550136208534241 2981
1782830780622 0.169834166765213 2982
1782830780624 0.18260031938552856 2983
1782830780626 0.11873717606067657 2984
1782830780628 0.264529824256897 2985
1782830780630 0.14816030859947205 2986
1782830780632 0.06838886439800262 2987
1782830780634 0.08833242207765579 2988
1782830780636 0.1363324373960495 2989
1782830780638 0.06586243957281113 2990
1782830780640 0.1438881754875183 2991
1782830780642 0.1692454218864441 2992
1782830780645 0.15512728691101074 2993
1782830780647 0.14899206161499023 2994
1782830780649 0.08840780705213547 2995
1782830780651 0.03992079570889473 2996
1782830780653 0.14431801438331604 2997
1782830780656 0.39161232113838196 2998
1782830780658 0.052076756954193115 2999
1782830780660 0.08095477521419525 3000
1782830780662 0.15801595151424408 3001
1782830780664 0.013206083327531815 3002
1782830780666 0.0076775397174060345 3003
1782830780668 0.26038867235183716 3004
1782830780670 0.060143835842609406 3005
1782830780673 0.2005743831396103 3006
1782830780675 0.1426704376935959 3007
1782830780677 0.11155102401971817 3008
1782830780679 0.21052385866641998 3009
1782830780681 0.051165930926799774 3010
1782830780683 0.05612558126449585 3011
1782830780686 0.06953077018260956 3012
1782830780689 0.24152575433254242 3013
1782830780692 0.12232352793216705 3014
1782830780694 0.2154795378446579 3015
1782830780697 0.048209868371486664 3016
1782830780700 0.07468889653682709 3017
1782830780703 0.0832832008600235 3018
1782830780706 0.13686589896678925 3019
1782830780708 0.06776504218578339 3020
1782830780711 0.007011571433395147 3021
1782830780714 0.17587855458259583 3022
1782830780717 0.06686381250619888 3023
1782830780719 0.10559740662574768 3024
1782830780722 0.08158949762582779 3025
1782830780725 0.26158642768859863 3026
1782830780728 0.08537717908620834 3027
1782830780731 0.02355613186955452 3028
1782830780734 0.18012848496437073 3029
1782830780737 0.028127919882535934 3030
1782830780739 0.06674447655677795 3031
1782830780742 0.13182112574577332 3032
1782830780745 0.1461511105298996 3033
1782830780748 0.08171805739402771 3034
1782830780751 0.19682374596595764 3035
1782830780754 0.0457107238471508 3036
1782830780757 0.11277097463607788 3037
1782830780760 0.12797555327415466 3038
1782830780762 0.37416350841522217 3039
1782830780765 0.06802121549844742 3040
1782830780768 0.23808737099170685 3041
1782830780771 0.051689937710762024 3042
1782830780773 0.06164775788784027 3043
1782830780776 0.28637340664863586 3044
1782830780779 0.09132546186447144 3045
1782830780782 0.13722644746303558 3046
1782830780784 0.07363922894001007 3047
1782830780787 0.2344396561384201 3048
1782830780790 0.19646961987018585 3049
1782830780792 0.0373145267367363 3050
1782830780795 0.0775650218129158 3051
1782830780798 0.06547359377145767 3052
1782830780801 0.051568225026130676 3053
1782830780803 0.014194794930517673 3054
1782830780807 0.0314696803689003 3055
1782830780809 0.2718479633331299 3056
1782830780812 0.25728800892829895 3057
1782830780815 0.039773110300302505 3058
1782830780818 0.10774663835763931 3059
1782830780820 0.0900021567940712 3060
1782830780823 0.07441218942403793 3061
1782830780825 0.04105097055435181 3062
1782830780828 0.11722880601882935 3063
1782830780830 0.010368507355451584 3064
1782830780834 0.26167750358581543 3065
1782830780836 0.030739912763237953 3066
1782830780838 0.048302460461854935 3067
1782830780841 0.325451135635376 3068
1782830780844 0.16232830286026 3069
1782830780847 0.005812701303511858 3070
1782830780849 0.17578694224357605 3071
1782830780852 0.22914882004261017 3072
1782830780854 0.029655762016773224 3073
1782830780857 0.022807197645306587 3074
1782830780860 0.2465825378894806 3075
1782830780863 0.00526789203286171 3076
1782830780866 0.48124271631240845 3077
1782830780869 0.1578444391489029 3078
1782830780871 0.08845899999141693 3079
1782830780874 0.01021728664636612 3080
1782830780877 0.011361205019056797 3081
1782830780879 0.08430525660514832 3082
1782830780882 0.25697699189186096 3083
1782830780885 0.03860368952155113 3084
1782830780888 0.03931485489010811 3085
1782830780890 0.1269911527633667 3086
1782830780893 0.23041577637195587 3087
1782830780896 0.023906715214252472 3088
1782830780898 0.004342523869127035 3089
1782830780901 0.3143671751022339 3090
1782830780904 0.13663138449192047 3091
1782830780906 0.21124739944934845 3092
1782830780909 0.06596343964338303 3093
1782830780912 0.14073628187179565 3094
1782830780915 0.1416955441236496 3095
1782830780917 0.07831447571516037 3096
1782830780920 0.16407962143421173 3097
1782830780923 0.0584183894097805 3098
1782830780925 0.3965524435043335 3099
1782830780928 0.014133496209979057 3100
1782830780931 0.2108229398727417 3101
1782830780934 0.053569868206977844 3102
1782830780936 0.06004531309008598 3103
1782830780939 0.017087092623114586 3104
1782830780942 0.07663729786872864 3105
1782830780944 0.13972803950309753 3106
1782830780947 0.18190281093120575 3107
1782830780949 0.08175443112850189 3108
1782830780952 0.058311577886343 3109
1782830780955 0.5029637813568115 3110
1782830780958 0.14308103919029236 3111
1782830780960 0.09828237444162369 3112
1782830780963 0.03585977852344513 3113
1782830780966 0.08662129193544388 3114
1782830780968 0.22693730890750885 3115
1782830780971 0.029932618141174316 3116
1782830780974 0.087321937084198 3117
1782830780976 0.06898357719182968 3118
1782830780979 0.2362145185470581 3119
1782830780982 0.13449527323246002 3120
1782830780984 0.08279567956924438 3121
1782830780987 0.10956859588623047 3122
1782830780990 0.10270201414823532 3123
1782830780993 0.15306474268436432 3124
1782830780995 0.050056833773851395 3125
1782830780998 0.08209671825170517 3126
1782830781000 0.05366715043783188 3127
1782830781003 0.010221362113952637 3128
1782830781005 0.05335864797234535 3129
1782830781007 0.03640494868159294 3130
1782830781010 0.21259231865406036 3131
1782830781012 0.26111161708831787 3132
1782830781014 0.043019868433475494 3133
1782830781016 0.5260738134384155 3134
1782830781019 0.2946544885635376 3135
1782830781021 0.18363919854164124 3136
1782830781023 0.1307026892900467 3137
1782830781025 0.04208758473396301 3138
1782830781028 0.045279644429683685 3139
1782830781030 0.13695067167282104 3140
1782830781032 0.1324566751718521 3141
1782830781035 0.1893165111541748 3142
1782830781037 0.0160367414355278 3143
1782830781039 0.23343993723392487 3144
1782830781042 0.32131683826446533 3145
1782830781044 0.02560320496559143 3146
1782830781046 0.06494376808404922 3147
1782830781049 0.12541402876377106 3148
1782830781051 0.29348915815353394 3149
1782830781053 0.016639482229948044 3150
1782830781055 0.03147412836551666 3151
1782830781057 0.6371502876281738 3152
1782830781059 0.06117996200919151 3153
1782830781061 0.08413060009479523 3154
1782830781063 0.02134830132126808 3155
1782830781065 0.012441194616258144 3156
1782830781067 0.14148861169815063 3157
1782830781069 0.042755842208862305 3158
1782830781071 0.1575021594762802 3159
1782830781074 0.27170246839523315 3160
1782830781076 0.014074156060814857 3161
1782830781078 0.02529088780283928 3162
1782830781080 0.05718594416975975 3163
1782830781082 0.04307880252599716 3164
1782830781084 0.012575963512063026 3165
1782830781086 0.10409274697303772 3166
1782830781088 0.21135614812374115 3167
1782830781090 0.16619955003261566 3168
1782830781092 0.03402955085039139 3169
1782830781094 0.04943520203232765 3170
1782830781097 0.08094701170921326 3171
1782830781099 0.0160599946975708 3172
1782830781101 0.16197261214256287 3173
1782830781103 0.0649564117193222 3174
1782830781105 0.36400532722473145 3175
1782830781107 0.22853991389274597 3176
1782830781109 0.099071204662323 3177
1782830781111 0.08291834592819214 3178
1782830781114 0.23275624215602875 3179
1782830781116 0.04374443739652634 3180
1782830781118 0.24213114380836487 3181
1782830781120 0.04282895848155022 3182
1782830781122 0.0704333558678627 3183
1782830781124 0.2503150701522827 3184
1782830781126 0.010912537574768066 3185
1782830781128 0.06873857975006104 3186
1782830781130 0.17692410945892334 3187
1782830781132 0.16463449597358704 3188
1782830781134 0.18818716704845428 3189
1782830781137 0.07288239896297455 3190
1782830781139 0.0663713663816452 3191
1782830781141 0.053654205054044724 3192
1782830781143 0.05938207358121872 3193
1782830781145 0.27056312561035156 3194
1782830781147 0.08524279296398163 3195
1782830781149 0.048966001719236374 3196
1782830781151 0.26234135031700134 3197
1782830781153 0.22828631103038788 3198
1782830781155 0.4110596776008606 3199
1782830781157 0.09507647901773453 3200
1782830781160 0.13761167228221893 3201
1782830781162 0.21838092803955078 3202
1782830781164 0.10356227308511734 3203
1782830781166 0.07897064834833145 3204
1782830781169 0.2079607993364334 3205
1782830781171 0.07215086370706558 3206
1782830781173 0.06176484003663063 3207
1782830781175 0.02469721995294094 3208
1782830781178 0.3290477991104126 3209
1782830781180 0.018843261525034904 3210
1782830781182 0.08330459147691727 3211
1782830781184 0.1058247983455658 3212
1782830781187 0.05760237202048302 3213
1782830781189 0.03545002639293671 3214
1782830781191 0.09873562306165695 3215
1782830781194 0.07877907902002335 3216
1782830781196 0.1527438908815384 3217
1782830781198 0.12526777386665344 3218
1782830781200 0.21152976155281067 3219
1782830781202 0.13654962182044983 3220
1782830781204 0.15610353648662567 3221
1782830781207 0.015719015151262283 3222
1782830781209 0.13718697428703308 3223
1782830781211 0.1825188249349594 3224
1782830781213 0.12929385900497437 3225
1782830781215 0.17474783957004547 3226
1782830781218 0.20107443630695343 3227
1782830781221 0.467323362827301 3228
1782830781224 0.08996980637311935 3229
1782830781226 0.36586061120033264 3230
1782830781229 0.26221534609794617 3231
1782830781232 0.05956193804740906 3232
1782830781235 0.04885385185480118 3233
1782830781237 0.046225473284721375 3234
1782830781240 0.09683391451835632 3235
1782830781243 0.16364064812660217 3236
1782830781246 0.1825493574142456 3237
1782830781248 0.052051842212677 3238
1782830781251 0.08743135631084442 3239
1782830781254 0.054228637367486954 3240
1782830781256 0.11325106769800186 3241
1782830781259 0.11527302116155624 3242
1782830781262 0.2913161814212799 3243
1782830781264 0.099954754114151 3244
1782830781267 0.40071219205856323 3245
1782830781270 0.2636442184448242 3246
1782830781273 0.04760514944791794 3247
1782830781276 0.11296305805444717 3248
1782830781278 0.5864466428756714 3249
1782830781280 0.28037378191947937 3250
1782830781282 0.11597740650177002 3251
1782830781284 0.03165974095463753 3252
1782830781286 0.008719310164451599 3253
1782830781288 0.015155027620494366 3254
1782830781290 0.1390279233455658 3255
1782830781292 0.09056175500154495 3256
1782830781294 0.15843157470226288 3257
1782830781296 0.2508397102355957 3258
1782830781298 0.13850080966949463 3259
1782830781300 0.35966193675994873 3260
1782830781302 0.16312476992607117 3261
1782830781304 0.06744326651096344 3262
1782830781306 0.24108126759529114 3263
1782830781309 0.1896895319223404 3264
1782830781312 0.042198117822408676 3265
1782830781315 0.05719457566738129 3266
1782830781317 0.033845674246549606 3267
1782830781320 0.049923092126846313 3268
1782830781323 0.09040576219558716 3269
1782830781326 0.01955820806324482 3270
1782830781328 0.015241893008351326 3271
1782830781331 0.22483855485916138 3272
1782830781334 0.0950266644358635 3273
1782830781336 0.03848730027675629 3274
1782830781339 0.25123530626296997 3275
1782830781342 0.14630022644996643 3276
1782830781344 0.023632731288671494 3277
1782830781347 0.2840922474861145 3278
1782830781349 0.06428936868906021 3279
1782830781352 0.2407810091972351 3280
1782830781355 0.21609261631965637 3281
1782830781357 0.10229239612817764 3282
1782830781359 0.048199016600847244 3283
1782830781361 0.11259349435567856 3284
1782830781363 0.030736586079001427 3285
1782830781366 0.25407567620277405 3286
1782830781368 0.09914027154445648 3287
1782830781370 0.049513716250658035 3288
1782830781372 0.07030298560857773 3289
1782830781374 0.22505460679531097 3290
1782830781376 0.0999346598982811 3291
1782830781378 0.25093376636505127 3292
1782830781380 0.0659138485789299 3293
1782830781382 0.1883155256509781 3294
1782830781384 0.11440213769674301 3295
1782830781386 0.008401264436542988 3296
1782830781388 0.24641305208206177 3297
1782830781390 0.138397678732872 3298
1782830781393 0.08145063370466232 3299
1782830781395 0.1961088627576828 3300
1782830781398 0.28187593817710876 3301
1782830781400 0.17314623296260834 3302
1782830781402 0.022254951298236847 3303
1782830781405 0.0824137032032013 3304
1782830781407 0.05441899225115776 3305
1782830781410 0.24095824360847473 3306
1782830781412 0.033266033977270126 3307
1782830781414 0.07388979941606522 3308
1782830781416 0.10805775225162506 3309
1782830781419 0.01991155371069908 3310
1782830781421 0.20708096027374268 3311
1782830781424 0.033198364078998566 3312
1782830781426 0.1812298446893692 3313
1782830781428 0.03915368393063545 3314
1782830781430 0.19556134939193726 3315
1782830781433 0.3825586140155792 3316
1782830781435 0.5830016732215881 3317
1782830781437 0.4037252366542816 3318
1782830781440 0.078138068318367 3319
1782830781442 0.02800929918885231 3320
1782830781444 0.0920916274189949 3321
1782830781447 0.07646041363477707 3322
1782830781449 0.02439335733652115 3323
1782830781451 0.14192484319210052 3324
1782830781454 0.12240365892648697 3325
1782830781456 0.45006510615348816 3326
1782830781458 0.06510772556066513 3327
1782830781460 0.43029382824897766 3328
1782830781463 0.12011000514030457 3329
1782830781465 0.1443362683057785 3330
1782830781467 0.1064641997218132 3331
1782830781470 0.03770964592695236 3332
1782830781472 0.09238188713788986 3333
1782830781475 0.22566576302051544 3334
1782830781477 0.09304840862751007 3335
1782830781479 0.10462888330221176 3336
1782830781481 0.25618329644203186 3337
1782830781484 0.07323731482028961 3338
1782830781486 0.09718362987041473 3339
1782830781488 0.03995940089225769 3340
1782830781491 0.18051829934120178 3341
1782830781493 0.1183658167719841 3342
1782830781495 0.1520036906003952 3343
1782830781497 0.10711939632892609 3344
1782830781499 0.13417309522628784 3345
1782830781501 0.03320033848285675 3346
1782830781503 0.19826245307922363 3347
1782830781505 0.13991685211658478 3348
1782830781507 0.11071895062923431 3349
1782830781509 0.21791252493858337 3350
1782830781512 0.0433339923620224 3351
1782830781514 0.11260824650526047 3352
1782830781517 0.35296952724456787 3353
1782830781520 0.039560526609420776 3354
1782830781524 0.09006121754646301 3355
1782830781527 0.11398596316576004 3356
1782830781529 0.08855374902486801 3357
1782830781532 0.22192591428756714 3358
1782830781535 0.2680962085723877 3359
1782830781537 0.15924537181854248 3360
1782830781540 0.035262949764728546 3361
1782830781543 0.01131761446595192 3362
1782830781545 0.012017520144581795 3363
1782830781547 0.12353122234344482 3364
1782830781550 0.21433401107788086 3365
1782830781552 0.01348585169762373 3366
1782830781554 0.26300060749053955 3367
1782830781556 0.2804427146911621 3368
1782830781558 0.11572317779064178 3369
1782830781560 0.027033617720007896 3370
1782830781562 0.08823925256729126 3371
1782830781564 0.186747208237648 3372
1782830781566 0.23915505409240723 3373
1782830781568 0.013139407150447369 3374
1782830781571 0.1453641802072525 3375
1782830781572 0.20311599969863892 3376
1782830781575 0.04643227905035019 3377
1782830781577 0.10809355974197388 3378
1782830781579 0.008224891498684883 3379
1782830781581 0.45059525966644287 3380
1782830781583 0.14844436943531036 3381
1782830781585 0.03824503347277641 3382
1782830781587 0.018675679340958595 3383
1782830781589 0.11258840560913086 3384
1782830781591 0.0834728255867958 3385
1782830781593 0.07300864160060883 3386
1782830781595 0.1150910034775734 3387
1782830781597 0.029047124087810516 3388
1782830781599 0.2712271809577942 3389
1782830781602 0.31901440024375916 3390
1782830781604 0.15463754534721375 3391
1782830781606 0.025516584515571594 3392
1782830781609 0.05244245380163193 3393
1782830781611 0.18079428374767303 3394
1782830781613 0.12303998321294785 3395
1782830781615 0.21909530460834503 3396
1782830781617 0.0901758074760437 3397
1782830781620 0.1319885402917862 3398
1782830781622 0.07665489614009857 3399
1782830781625 0.054781921207904816 3400
1782830781627 0.0529327318072319 3401
1782830781630 0.291937917470932 3402
1782830781633 0.030034612864255905 3403
1782830781635 0.10092916339635849 3404
1782830781638 0.03176359832286835 3405
1782830781641 0.032242387533187866 3406
1782830781643 0.07836977392435074 3407
1782830781646 0.16884258389472961 3408
1782830781649 0.06264960020780563 3409
1782830781652 0.06550201028585434 3410
1782830781655 0.0917624905705452 3411
1782830781657 0.041424110531806946 3412
1782830781660 0.006998023949563503 3413
1782830781663 0.19619041681289673 3414
1782830781665 0.06103045865893364 3415
1782830781668 0.03671891987323761 3416
1782830781671 0.005582242272794247 3417
1782830781674 0.14870648086071014 3418
1782830781676 0.10992839932441711 3419
1782830781679 0.012021583504974842 3420
1782830781682 0.34466060996055603 3421
1782830781684 0.03457293659448624 3422
1782830781687 0.12501555681228638 3423
1782830781690 0.024802688509225845 3424
1782830781693 0.025003697723150253 3425
1782830781695 0.0669550746679306 3426
1782830781697 0.1992354840040207 3427
1782830781699 0.31287696957588196 3428
1782830781701 0.18868474662303925 3429
1782830781703 0.36773982644081116 3430
1782830781705 0.11686751991510391 3431
1782830781707 0.17407134175300598 3432
1782830781709 0.010448569431900978 3433
1782830781711 0.2874852120876312 3434
1782830781714 0.07306085526943207 3435
1782830781716 0.07908421009778976 3436
1782830781718 0.1032228022813797 3437
1782830781720 0.021122131496667862 3438
1782830781723 0.275191992521286 3439
1782830781725 0.07826844602823257 3440
1782830781727 0.12419020384550095 3441
1782830781730 0.05952788144350052 3442
1782830781733 0.1371060162782669 3443
1782830781735 0.012624937109649181 3444
1782830781743 0.005910120438784361 3445
1782830781745 0.3090733289718628 3446
1782830781747 0.08221503347158432 3447
1782830781749 0.05623980984091759 3448
1782830781751 0.05296504124999046 3449
1782830781754 0.0358520969748497 3450
1782830781756 0.02606530673801899 3451
1782830781758 0.13721740245819092 3452
1782830781760 0.16073386371135712 3453
1782830781763 0.06791859120130539 3454
1782830781765 0.09668172150850296 3455
1782830781767 0.08683407306671143 3456
1782830781770 0.07321405410766602 3457
1782830781772 0.20549868047237396 3458
1782830781774 0.14401152729988098 3459
1782830781777 0.019544819369912148 3460
1782830781779 0.048639118671417236 3461
1782830781781 0.29440170526504517 3462
1782830781783 0.027404285967350006 3463
1782830781786 0.15163837373256683 3464
1782830781789 0.029905345290899277 3465
1782830781791 0.01965092308819294 3466
1782830781794 0.10733361542224884 3467
1782830781796 0.07397633790969849 3468
1782830781799 0.05578393489122391 3469
1782830781801 0.07287333905696869 3470
1782830781804 0.2535665035247803 3471
1782830781807 0.11822380870580673 3472
1782830781809 0.040422599762678146 3473
1782830781812 0.019879989326000214 3474
1782830781814 0.15388354659080505 3475
1782830781817 0.010304674506187439 3476
1782830781819 0.1553230732679367 3477
1782830781821 0.293599009513855 3478
1782830781824 0.4078412353992462 3479
1782830781826 0.24055765569210052 3480
1782830781828 0.05352168530225754 3481
1782830781831 0.046281639486551285 3482
1782830781833 0.0538305826485157 3483
1782830781835 0.03514927998185158 3484
1782830781838 0.19189275801181793 3485
1782830781840 0.09280949831008911 3486
1782830781842 0.20645764470100403 3487
1782830781845 0.1021457388997078 3488
1782830781847 0.16419649124145508 3489
1782830781849 0.05587892606854439 3490
1782830781852 0.4764370024204254 3491
1782830781854 0.08622215688228607 3492
1782830781856 0.17223981022834778 3493
1782830781859 0.35379698872566223 3494
1782830781861 0.5430185198783875 3495
1782830781864 0.06307262182235718 3496
1782830781866 0.21597063541412354 3497
1782830781869 0.23891331255435944 3498
1782830781871 0.13727523386478424 3499
1782830781874 0.296745628118515 3500
1782830781876 0.1652054637670517 3501
1782830781878 0.1655517965555191 3502
1782830781880 0.07470177859067917 3503
1782830781883 0.2613207995891571 3504
1782830781885 0.14905749261379242 3505
1782830781887 0.06260444223880768 3506
1782830781890 0.04673902317881584 3507
1782830781892 0.07480916380882263 3508
1782830781894 0.019844260066747665 3509
1782830781897 0.22268258035182953 3510
1782830781899 0.2554740607738495 3511
1782830781901 0.18068471550941467 3512
1782830781903 0.12433795630931854 3513
1782830781906 0.26990070939064026 3514
1782830781908 0.07100890576839447 3515
1782830781911 0.3405930697917938 3516
1782830781913 0.2178552746772766 3517
1782830781915 0.1541595607995987 3518
1782830781918 0.08357445150613785 3519
1782830781920 0.06875205039978027 3520
1782830781922 0.24123091995716095 3521
1782830781924 0.0681774914264679 3522
1782830781927 0.011569207534193993 3523
1782830781929 0.3750479817390442 3524
1782830781931 0.06685703247785568 3525
1782830781933 0.058014944195747375 3526
1782830781936 0.12251156568527222 3527
1782830781938 0.13643531501293182 3528
1782830781940 0.08827774226665497 3529
1782830781942 0.12463339418172836 3530
1782830781944 0.03922475129365921 3531
1782830781947 0.029502058401703835 3532
1782830781949 0.05927525460720062 3533
1782830781951 0.12039700150489807 3534
1782830781954 0.10267738252878189 3535
1782830781956 0.07867360860109329 3536
1782830781958 0.22670558094978333 3537
1782830781960 0.03479459136724472 3538
1782830781962 0.26390501856803894 3539
1782830781965 0.13040316104888916 3540
1782830781968 0.3256366550922394 3541
1782830781970 0.07242652773857117 3542
1782830781973 0.1291338950395584 3543
1782830781976 0.061850305646657944 3544
1782830781978 0.15110211074352264 3545
1782830781981 0.11711712926626205 3546
1782830781984 0.06991666555404663 3547
1782830781986 0.10010956227779388 3548
1782830781989 0.006717640906572342 3549
1782830781991 0.15048113465309143 3550
1782830781994 0.031955476850271225 3551
1782830781997 0.30193981528282166 3552
1782830782000 0.03925950080156326 3553
1782830782002 0.12269336730241776 3554
1782830782006 0.12457332760095596 3555
1782830782009 0.05674796178936958 3556
1782830782012 0.14691787958145142 3557
1782830782014 0.22134703397750854 3558
1782830782017 0.05751849710941315 3559
1782830782020 0.1461155265569687 3560
1782830782022 0.18262365460395813 3561
1782830782025 0.01717677153646946 3562
1782830782028 0.19812865555286407 3563
1782830782030 0.2595537006855011 3564
1782830782033 0.21094560623168945 3565
1782830782036 0.030959680676460266 3566
1782830782038 0.15713167190551758 3567
1782830782041 0.2816541790962219 3568
1782830782044 0.07339739799499512 3569
1782830782046 0.3493596315383911 3570
1782830782049 0.02235531620681286 3571
1782830782052 0.2294597327709198 3572
1782830782055 0.06888356059789658 3573
1782830782058 0.20099452137947083 3574
1782830782060 0.19927248358726501 3575
1782830782063 0.18421882390975952 3576
1782830782065 0.2504631578922272 3577
1782830782068 0.08596695214509964 3578
1782830782070 0.09818465262651443 3579
1782830782073 0.14803558588027954 3580
1782830782076 0.137191504240036 3581
1782830782078 0.033584125339984894 3582
1782830782081 0.4801236689090729 3583
1782830782083 0.2994978427886963 3584
1782830782086 0.054261673241853714 3585
1782830782089 0.10987456887960434 3586
1782830782091 0.0975261777639389 3587
1782830782094 0.12926141917705536 3588
1782830782097 0.11289076507091522 3589
1782830782099 0.21183420717716217 3590
1782830782102 0.0898633599281311 3591
1782830782105 0.2052554339170456 3592
1782830782107 0.09962734580039978 3593
1782830782110 0.03675730153918266 3594
1782830782112 0.2174343764781952 3595
1782830782114 0.12837307155132294 3596
1782830782116 0.07064037024974823 3597
1782830782118 0.04121891409158707 3598
1782830782120 0.021302003413438797 3599
1782830782122 0.04219527170062065 3600
1782830782124 0.28528860211372375 3601
1782830782127 0.020633738487958908 3602
1782830782129 0.37843263149261475 3603
1782830782132 0.12746721506118774 3604
1782830782135 0.0304582379758358 3605
1782830782137 0.03707233443856239 3606
1782830782140 0.1621173620223999 3607
1782830782142 0.08447014540433884 3608
1782830782145 0.37435123324394226 3609
1782830782147 0.011071505956351757 3610
1782830782150 0.13756820559501648 3611
1782830782153 0.1669313609600067 3612
1782830782155 0.18367846310138702 3613
1782830782158 0.014142890460789204 3614
1782830782161 0.43346256017684937 3615
1782830782163 0.021269500255584717 3616
1782830782166 0.046358540654182434 3617
1782830782169 0.1165815070271492 3618
1782830782172 0.04031388834118843 3619
1782830782175 0.2362787127494812 3620
1782830782178 0.06541045755147934 3621
1782830782181 0.12496815621852875 3622
1782830782184 0.12098883837461472 3623
1782830782187 0.04830630123615265 3624
1782830782190 0.0759475976228714 3625
1782830782193 0.13703271746635437 3626
1782830782195 0.10785931348800659 3627
1782830782198 0.022892773151397705 3628
1782830782200 0.1933157593011856 3629
1782830782202 0.030834965407848358 3630
1782830782204 0.16998983919620514 3631
1782830782206 0.40847158432006836 3632
1782830782209 0.042124193161726 3633
1782830782211 0.06416643410921097 3634
1782830782213 0.12760217487812042 3635
1782830782215 0.023103786632418633 3636
1782830782217 0.014824672602117062 3637
1782830782219 0.08903460949659348 3638
1782830782222 0.13864465057849884 3639
1782830782224 0.33515000343322754 3640
1782830782226 0.16421273350715637 3641
1782830782228 0.11708631366491318 3642
1782830782230 0.041399698704481125 3643
1782830782232 0.014488202519714832 3644
1782830782234 0.17007200419902802 3645
1782830782236 0.03140696883201599 3646
1782830782239 0.007945062592625618 3647
1782830782241 0.33780911564826965 3648
1782830782243 0.025994112715125084 3649
1782830782245 0.04095456376671791 3650
1782830782247 0.12939561903476715 3651
1782830782249 0.10623980313539505 3652
1782830782252 0.14225336909294128 3653
1782830782254 0.1404264122247696 3654
1782830782256 0.03575298190116882 3655
1782830782258 0.10839084535837173 3656
1782830782260 0.06258422136306763 3657
1782830782262 0.15237416326999664 3658
1782830782265 0.12120386958122253 3659
1782830782267 0.3114619851112366 3660
1782830782269 0.2052876204252243 3661
1782830782271 0.0644783154129982 3662
1782830782274 0.2357015311717987 3663
1782830782276 0.2028818279504776 3664
1782830782278 0.07445178925991058 3665
1782830782280 0.17428165674209595 3666
1782830782282 0.0355711430311203 3667
1782830782285 0.019946705549955368 3668
1782830782287 0.055002715438604355 3669
1782830782289 0.08252967894077301 3670
1782830782291 0.4233558773994446 3671
1782830782293 0.12579920887947083 3672
1782830782295 0.25453728437423706 3673
1782830782297 0.03808730095624924 3674
1782830782299 0.11100679636001587 3675
1782830782301 0.1280655562877655 3676
1782830782304 0.11686138808727264 3677
1782830782306 0.5657209157943726 3678
1782830782308 0.016866689547896385 3679
1782830782310 0.07257945090532303 3680
1782830782312 0.21809598803520203 3681
1782830782314 0.01494684163480997 3682
1782830782317 0.00763282086700201 3683
1782830782319 0.012433026917278767 3684
1782830782321 0.30622923374176025 3685
1782830782323 0.04940018430352211 3686
1782830782326 0.024342231452465057 3687
1782830782329 0.1134743019938469 3688
1782830782331 0.17034831643104553 3689
1782830782334 0.10119514912366867 3690
1782830782336 0.2853344976902008 3691
1782830782339 0.03622293099761009 3692
1782830782342 0.12558579444885254 3693
1782830782344 0.05848638713359833 3694
1782830782347 0.03794478997588158 3695
1782830782349 0.10814809054136276 3696
1782830782352 0.1426958441734314 3697
1782830782355 0.2818564176559448 3698
1782830782358 0.01917346939444542 3699
1782830782361 0.0056091551668941975 3700
1782830782364 0.22201822698116302 3701
1782830782366 0.047166258096694946 3702
1782830782369 0.26569515466690063 3703
1782830782372 0.07673905789852142 3704
1782830782375 0.05042487382888794 3705
1782830782377 0.10306407511234283 3706
1782830782380 0.044089317321777344 3707
1782830782383 0.041981041431427 3708
1782830782385 0.037578437477350235 3709
1782830782388 0.0103433383628726 3710
1782830782390 0.25838175415992737 3711
1782830782392 0.05174562335014343 3712
1782830782394 0.16309627890586853 3713
1782830782396 0.08171413093805313 3714
1782830782398 0.031916819512844086 3715
1782830782400 0.04089968651533127 3716
1782830782402 0.11873764544725418 3717
1782830782404 0.06593150645494461 3718
1782830782407 0.381666362285614 3719
1782830782409 0.04144636541604996 3720
1782830782411 0.1479852944612503 3721
1782830782413 0.07446077466011047 3722
1782830782415 0.11387863010168076 3723
1782830782417 0.016258137300610542 3724
1782830782419 0.17526927590370178 3725
1782830782421 0.02388695999979973 3726
1782830782423 0.07302363961935043 3727
1782830782425 0.03813780099153519 3728
1782830782427 0.10807245224714279 3729
1782830782429 0.06280721724033356 3730
1782830782432 0.044526826590299606 3731
1782830782434 0.18761694431304932 3732
1782830782436 0.1921323835849762 3733
1782830782439 0.11978200078010559 3734
1782830782442 0.02567068487405777 3735
1782830782445 0.057666853070259094 3736
1782830782448 0.023715028539299965 3737
1782830782451 0.05657432973384857 3738
1782830782453 0.059814564883708954 3739
1782830782456 0.12159550935029984 3740
1782830782459 0.185834139585495 3741
1782830782461 0.32686811685562134 3742
1782830782464 0.025222983211278915 3743
1782830782466 0.17062601447105408 3744
1782830782469 0.07449258118867874 3745
1782830782472 0.03439955785870552 3746
1782830782475 0.06939387321472168 3747
1782830782477 0.18764661252498627 3748
1782830782480 0.17383399605751038 3749
1782830782628 0.12158537656068802 3750
1782830782631 0.24486470222473145 3751
1782830782634 0.10116523504257202 3752
1782830782636 0.28223732113838196 3753
1782830782639 0.042842499911785126 3754
1782830782641 0.018326280638575554 3755
1782830782644 0.08059775829315186 3756
1782830782647 0.11293618381023407 3757
1782830782650 0.045242972671985626 3758
1782830782652 0.02022036910057068 3759
1782830782655 0.04062604531645775 3760
1782830782658 0.13089458644390106 3761
1782830782660 0.3210616409778595 3762
1782830782663 0.06629037857055664 3763
1782830782665 0.20260782539844513 3764
1782830782668 0.24695631861686707 3765
1782830782671 0.32041361927986145 3766
1782830782673 0.07871515303850174 3767
1782830782676 0.4109455943107605 3768
1782830782679 0.032439474016427994 3769
1782830782681 0.18729665875434875 3770
1782830782684 0.16652168333530426 3771
1782830782686 0.22325600683689117 3772
1782830782689 0.10070200264453888 3773
1782830782692 0.15173766016960144 3774
1782830782694 0.28959447145462036 3775
1782830782697 0.08632135391235352 3776
1782830782700 0.09831199795007706 3777
1782830782703 0.06610175967216492 3778
1782830782705 0.02573099546134472 3779
1782830782708 0.0834769755601883 3780
1782830782711 0.17748935520648956 3781
1782830782714 0.022566288709640503 3782
1782830782717 0.0611230842769146 3783
1782830782719 0.0628606528043747 3784
1782830782722 0.05415120720863342 3785
1782830782725 0.06335002183914185 3786
1782830782728 0.00943534541875124 3787
1782830782730 0.12972603738307953 3788
1782830782733 0.04239097982645035 3789
1782830782735 0.1482996642589569 3790
1782830782738 0.2634775638580322 3791
1782830782741 0.04059435427188873 3792
1782830782743 0.02256227470934391 3793
1782830782746 0.07299720495939255 3794
1782830782748 0.1285591870546341 3795
1782830782751 0.06757546216249466 3796
1782830782754 0.31435179710388184 3797
1782830782757 0.04957369342446327 3798
1782830782759 0.04002515599131584 3799
1782830782762 0.0325196236371994 3800
1782830782765 0.04203422740101814 3801
1782830782767 0.006372572388499975 3802
1782830782771 0.1250947266817093 3803
1782830782773 0.10746393352746964 3804
1782830782776 0.025500232353806496 3805
1782830782779 0.10443029552698135 3806
1782830782781 0.023665960878133774 3807
1782830782784 0.12341746687889099 3808
1782830782786 0.03331095352768898 3809
1782830782789 0.033672794699668884 3810
1782830782791 0.10088738054037094 3811
1782830782794 0.028911232948303223 3812
1782830782797 0.09094367176294327 3813
1782830782799 0.012065952643752098 3814
1782830782802 0.117843858897686 3815
1782830782805 0.11627651751041412 3816
1782830782808 0.1698714792728424 3817
1782830782810 0.10203269869089127 3818
1782830782813 0.09396571666002274 3819
1782830782816 0.0914096012711525 3820
1782830782818 0.05078136920928955 3821
1782830782821 0.05769182741641998 3822
1782830782824 0.004577440209686756 3823
1782830782826 0.053445007652044296 3824
1782830782829 0.09528673440217972 3825
1782830782831 0.09390966594219208 3826
1782830782834 0.033162303268909454 3827
1782830782837 0.03478214144706726 3828
1782830782839 0.012417985126376152 3829
1782830782842 0.16664183139801025 3830
1782830782845 0.058595672249794006 3831
1782830782847 0.05056547373533249 3832
1782830782850 0.05233363062143326 3833
1782830782853 0.13141725957393646 3834
1782830782855 0.12311258912086487 3835
1782830782858 0.042905766516923904 3836
1782830782861 0.16773419082164764 3837
1782830782864 0.286881685256958 3838
1782830782867 0.009431112557649612 3839
1782830782869 0.09877616167068481 3840
1782830782872 0.1657213270664215 3841
1782830782875 0.029226461425423622 3842
1782830782878 0.15588104724884033 3843
1782830782881 0.10035192221403122 3844
1782830782883 0.025323765352368355 3845
1782830782886 0.0016951473662629724 3846
1782830782889 0.009901203215122223 3847
1782830782891 0.07693769037723541 3848
1782830782894 0.14927048981189728 3849
1782830782897 0.13793785870075226 3850
1782830782900 0.18521203100681305 3851
1782830782902 0.12603479623794556 3852
1782830782905 0.07908656448125839 3853
1782830782907 0.21346330642700195 3854
1782830782910 0.2985222637653351 3855
1782830782913 0.02783510833978653 3856
1782830782916 0.035568080842494965 3857
1782830782918 0.010238164104521275 3858
1782830782921 0.20837555825710297 3859
1782830782923 0.05449672415852547 3860
1782830782925 0.04286444932222366 3861
1782830782927 0.10797034204006195 3862
1782830782929 0.12514610588550568 3863
1782830782931 0.026727600023150444 3864
1782830782933 0.46411100029945374 3865
1782830782935 0.22170719504356384 3866
1782830782937 0.07082758843898773 3867
1782830782940 0.06548154354095459 3868
1782830782942 0.03821605071425438 3869
1782830782945 0.05766068771481514 3870
1782830782947 0.2239321917295456 3871
1782830782950 0.02009042724967003 3872
1782830782952 0.028246169909834862 3873
1782830782955 0.11729754507541656 3874
1782830782958 0.08580292761325836 3875
1782830782960 0.04199318215250969 3876
1782830782963 0.2156253606081009 3877
1782830782966 0.019607625901699066 3878
1782830782968 0.11586713790893555 3879
1782830782971 0.13918200135231018 3880
1782830782974 0.08794146776199341 3881
1782830782976 0.03123738057911396 3882
1782830782979 0.14454714953899384 3883
1782830782982 0.03607943281531334 3884
1782830782984 0.09017781913280487 3885
1782830782987 0.13112476468086243 3886
1782830782990 0.005723829381167889 3887
1782830782992 0.1238492950797081 3888
1782830782995 0.1427394300699234 3889
1782830782998 0.37622082233428955 3890
1782830783000 0.12480465322732925 3891
1782830783003 0.023858945816755295 3892
1782830783006 0.13446369767189026 3893
1782830783009 0.03862632438540459 3894
1782830783013 0.10775135457515717 3895
1782830783015 0.027357591316103935 3896
1782830783018 0.1512734293937683 3897
1782830783021 0.023575201630592346 3898
1782830783023 0.059643544256687164 3899
1782830783026 0.006729866378009319 3900
1782830783029 0.014720100909471512 3901
1782830783031 0.28288984298706055 3902
1782830783034 0.023141618818044662 3903
1782830783037 0.32866957783699036 3904
1782830783039 0.017700914293527603 3905
1782830783042 0.3174821734428406 3906
1782830783044 0.1523522436618805 3907
1782830783047 0.044409800320863724 3908
1782830783050 0.09694470465183258 3909
1782830783052 0.020934751257300377 3910
1782830783054 0.034415461122989655 3911
1782830783056 0.05058002099394798 3912
1782830783058 0.1777310073375702 3913
1782830783060 0.0260090883821249 3914
1782830783062 0.06966417282819748 3915
1782830783064 0.06326910108327866 3916
1782830783066 0.13642758131027222 3917
1782830783068 0.12754207849502563 3918
1782830783070 0.18002326786518097 3919
1782830783072 0.11478511989116669 3920
1782830783074 0.1724250763654709 3921
1782830783076 0.013171478174626827 3922
1782830783078 0.16762836277484894 3923
1782830783080 0.1540125459432602 3924
1782830783082 0.31907883286476135 3925
1782830783084 0.09959708154201508 3926
1782830783087 0.02110367827117443 3927
1782830783090 0.09945254027843475 3928
1782830783092 0.30131739377975464 3929
1782830783095 0.10318151861429214 3930
1782830783098 0.06286992877721786 3931
1782830783100 0.09125807881355286 3932
1782830783103 0.1467246115207672 3933
1782830783106 0.011114049702882767 3934
1782830783108 0.5241560935974121 3935
1782830783111 0.16403935849666595 3936
1782830783114 0.059448957443237305 3937
1782830783117 0.08658447861671448 3938
1782830783120 0.07739532738924026 3939
1782830783122 0.0373624712228775 3940
1782830783125 0.08253946900367737 3941
1782830783128 0.16057166457176208 3942
1782830783131 0.11265774816274643 3943
1782830783133 0.01573607698082924 3944
1782830783136 0.18738791346549988 3945
1782830783139 0.09749569743871689 3946
1782830783141 0.06356332451105118 3947
1782830783144 0.04046071320772171 3948
1782830783147 0.04233450070023537 3949
1782830783149 0.15153741836547852 3950
1782830783152 0.04196622222661972 3951
1782830783155 0.07089924812316895 3952
1782830783158 0.038321979343891144 3953
1782830783160 0.039564669132232666 3954
1782830783163 0.03723854944109917 3955
1782830783165 0.0750860795378685 3956
1782830783167 0.0007365020574070513 3957
1782830783170 0.20830978453159332 3958
1782830783172 0.12732796370983124 3959
1782830783175 0.05825331434607506 3960
1782830783177 0.09196485579013824 3961
1782830783179 0.22292113304138184 3962
1782830783181 0.016437305137515068 3963
1782830783184 0.2824743688106537 3964
1782830783186 0.1987878382205963 3965
1782830783189 0.03179823234677315 3966
1782830783192 0.09575925767421722 3967
1782830783195 0.06021946296095848 3968
1782830783197 0.313242644071579 3969
1782830783200 0.15944626927375793 3970
1782830783202 0.18095150589942932 3971
1782830783204 0.05917719379067421 3972
1782830783206 0.05758601799607277 3973
1782830783209 0.021894851699471474 3974
1782830783211 0.107880599796772 3975
1782830783214 0.06546936929225922 3976
1782830783216 0.11258509755134583 3977
1782830783219 0.10754822194576263 3978
1782830783221 0.07353197783231735 3979
1782830783225 0.10783485323190689 3980
1782830783228 0.08433496206998825 3981
1782830783230 0.12499252706766129 3982
1782830783233 0.011333114467561245 3983
1782830783237 0.035836149007081985 3984
1782830783240 0.3211415410041809 3985
1782830783242 0.037094488739967346 3986
1782830783245 0.05240411311388016 3987
1782830783248 0.1079786941409111 3988
1782830783250 0.02988012135028839 3989
1782830783252 0.07558578252792358 3990
1782830783254 0.030780773609876633 3991
1782830783257 0.23838822543621063 3992
1782830783259 0.041477758437395096 3993
1782830783261 0.10207396000623703 3994
1782830783264 0.044069577008485794 3995
1782830783266 0.19173017144203186 3996
1782830783268 0.11067131906747818 3997
1782830783271 0.04621368274092674 3998
1782830783273 0.5072203874588013 3999
1782830783275 0.08159733563661575 4000
1782830783278 0.016754062846302986 4001
1782830783280 0.033162109553813934 4002
1782830783283 0.2118980884552002 4003
1782830783285 0.008637936785817146 4004
1782830783288 0.04236822575330734 4005
1782830783291 0.00403186259791255 4006
1782830783293 0.11631428450345993 4007
1782830783296 0.04079107940196991 4008
1782830783298 0.2649410665035248 4009
1782830783301 0.020532550290226936 4010
1782830783303 0.03607228770852089 4011
1782830783306 0.2489774227142334 4012
1782830783308 0.12659378349781036 4013
1782830783311 0.08129753917455673 4014
1782830783314 0.17220287024974823 4015
1782830783316 0.09741879999637604 4016
1782830783319 0.03629133477807045 4017
1782830783321 0.05644211545586586 4018
1782830783324 0.06362493336200714 4019
1782830783326 0.07932304590940475 4020
1782830783329 0.007548260036855936 4021
1782830783332 0.06679730862379074 4022
1782830783334 0.10648832470178604 4023
1782830783337 0.00737165380269289 4024
1782830783339 0.0919109582901001 4025
1782830783342 0.1399228572845459 4026
1782830783344 0.305223673582077 4027
1782830783347 0.1031310185790062 4028
1782830783349 0.018492290750145912 4029
1782830783352 0.18338797986507416 4030
1782830783354 0.25556570291519165 4031
1782830783357 0.047555744647979736 4032
1782830783360 0.026474952697753906 4033
1782830783362 0.1526232659816742 4034
1782830783365 0.01075257919728756 4035
1782830783368 0.03274590149521828 4036
1782830783370 0.05007388815283775 4037
1782830783373 0.06797133386135101 4038
1782830783376 0.09228798002004623 4039
1782830783378 0.03881320729851723 4040
1782830783381 0.09563537687063217 4041
1782830783383 0.027719441801309586 4042
1782830783386 0.35071077942848206 4043
1782830783388 0.10310380905866623 4044
1782830783391 0.15359920263290405 4045
1782830783393 0.10895643383264542 4046
1782830783396 0.034953754395246506 4047
1782830783399 0.026534687727689743 4048
1782830783401 0.022727567702531815 4049
1782830783404 0.0897127240896225 4050
1782830783406 0.11306055635213852 4051
1782830783409 0.01975824497640133 4052
1782830783412 0.22084161639213562 4053
1782830783414 0.030560126528143883 4054
1782830783417 0.1060207188129425 4055
1782830783420 0.1206682100892067 4056
1782830783422 0.39911210536956787 4057
1782830783425 0.13612067699432373 4058
1782830783427 0.05790507048368454 4059
1782830783430 0.12496306747198105 4060
1782830783432 0.026467032730579376 4061
1782830783435 0.22486405074596405 4062
1782830783438 0.10833947360515594 4063
1782830783440 0.12407439947128296 4064
1782830783443 0.05418686196208 4065
1782830783445 0.08254168927669525 4066
1782830783448 0.021767867729067802 4067
1782830783451 0.11241510510444641 4068
1782830783453 0.1247076764702797 4069
1782830783456 0.08437179028987885 4070
1782830783458 0.11476895958185196 4071
1782830783461 0.0869898721575737 4072
1782830783463 0.015426578000187874 4073
1782830783466 0.021322982385754585 4074
1782830783468 0.03362729027867317 4075
1782830783471 0.21772906184196472 4076
1782830783473 0.0692676454782486 4077
1782830783476 0.3564492166042328 4078
1782830783479 0.10250981152057648 4079
1782830783481 0.016393013298511505 4080
1782830783484 0.004689953289926052 4081
1782830783487 0.18004301190376282 4082
1782830783489 0.07891115546226501 4083
1782830783492 0.15200470387935638 4084
1782830783494 0.021339915692806244 4085
1782830783496 0.08750598132610321 4086
1782830783498 0.012859143316745758 4087
1782830783500 0.23631125688552856 4088
1782830783502 0.01685008965432644 4089
1782830783504 0.060643862932920456 4090
1782830783506 0.035501595586538315 4091
1782830783508 0.004884800873696804 4092
1782830783510 0.031675685197114944 4093
1782830783513 0.05291563645005226 4094
1782830783515 0.012115378864109516 4095
1782830783518 0.016123853623867035 4096
1782830783520 0.04277002066373825 4097
1782830783524 0.030513836070895195 4098
1782830783526 0.07735003530979156 4099
1782830783528 0.24816793203353882 4100
1782830783531 0.09267289936542511 4101
1782830783533 0.10771066695451736 4102
1782830783536 0.02057974971830845 4103
1782830783538 0.03304745629429817 4104
1782830783541 0.016085844486951828 4105
1782830783543 0.05082901567220688 4106
1782830783546 0.10621953010559082 4107
1782830783549 0.15480969846248627 4108
1782830783553 0.00691513204947114 4109
1782830783556 0.011039658449590206 4110
1782830783559 0.1302315592765808 4111
1782830783562 0.047438617795705795 4112
1782830783565 0.0663895234465599 4113
1782830783568 0.04642321541905403 4114
1782830783571 0.042236458510160446 4115
1782830783574 0.01693582348525524 4116
1782830783576 0.03065888211131096 4117
1782830783579 0.06884656846523285 4118
1782830783582 0.1065567284822464 4119
1782830783584 0.03277943283319473 4120
1782830783587 0.043459780514240265 4121
1782830783590 0.12204189598560333 4122
1782830783592 0.1981825828552246 4123
1782830783595 0.03103836439549923 4124
1782830783598 0.07431492954492569 4125
1782830783600 0.17744143307209015 4126
1782830783603 0.022172417491674423 4127
1782830783606 0.013582912273705006 4128
1782830783610 0.05895312875509262 4129
1782830783612 0.014665278606116772 4130
1782830783615 0.08855781704187393 4131
1782830783618 0.0047943247482180595 4132
1782830783621 0.020993869751691818 4133
1782830783623 0.013750378973782063 4134
1782830783626 0.3849641680717468 4135
1782830783629 0.12397383153438568 4136
1782830783631 0.0029583966825157404 4137
1782830783634 0.011397911235690117 4138
1782830783638 0.0038927567657083273 4139
1782830783641 0.06424571573734283 4140
1782830783643 0.07320450991392136 4141
1782830783646 0.0030780043452978134 4142
1782830783650 0.1628294140100479 4143
1782830783653 0.06673810631036758 4144
1782830783655 0.07395710051059723 4145
1782830783658 0.07473678141832352 4146
1782830783661 0.005578629206866026 4147
1782830783665 0.02990907058119774 4148
1782830783667 0.4214248061180115 4149
1782830783670 0.041616763919591904 4150
1782830783673 0.27482175827026367 4151
1782830783677 0.025119736790657043 4152
1782830783680 0.05667511001229286 4153
1782830783682 0.13751715421676636 4154
1782830783685 0.08990581333637238 4155
1782830783688 0.09575226902961731 4156
1782830783692 0.06777356564998627 4157
1782830783694 0.02979191206395626 4158
1782830783697 0.022770920768380165 4159
1782830783700 0.11166537553071976 4160
1782830783702 0.20514358580112457 4161
1782830783705 0.020805079489946365 4162
1782830783708 0.19448420405387878 4163
1782830783710 0.005009520798921585 4164
1782830783713 0.009579875506460667 4165
1782830783716 0.2641206681728363 4166
1782830783719 0.29824551939964294 4167
1782830783722 0.05737763270735741 4168
1782830783724 0.015294480137526989 4169
1782830783727 0.009964028373360634 4170
1782830783730 0.03946609050035477 4171
1782830783732 0.11521511524915695 4172
1782830783735 0.043686941266059875 4173
1782830783738 0.050978317856788635 4174
1782830783740 0.12231633067131042 4175
1782830783743 0.1433161050081253 4176
1782830783746 0.07116025686264038 4177
1782830783748 0.30831119418144226 4178
1782830783751 0.09031142294406891 4179
1782830783754 0.05810951068997383 4180
1782830783756 0.20289009809494019 4181
1782830783759 0.06590032577514648 4182
1782830783762 0.05235927924513817 4183
1782830783764 0.07240694761276245 4184
1782830783767 0.016302747651934624 4185
1782830783770 0.1920817792415619 4186
1782830783772 0.07081922888755798 4187
1782830783775 0.06591338664293289 4188
1782830783778 0.1195387989282608 4189
1782830783781 0.2844706177711487 4190
1782830783783 0.14286749064922333 4191
1782830783786 0.36027756333351135 4192
1782830783789 0.4539293944835663 4193
1782830783791 0.008003917522728443 4194
1782830783794 0.18096908926963806 4195
1782830783797 0.05919768661260605 4196
1782830783800 0.339225709438324 4197
1782830783802 0.16399528086185455 4198
1782830783805 0.11320158839225769 4199
1782830783809 0.1526629626750946 4200
1782830783812 0.0693332850933075 4201
1782830783814 0.09487257897853851 4202
1782830783817 0.31983721256256104 4203
1782830783820 0.06615769118070602 4204
1782830783823 0.028576115146279335 4205
1782830783825 0.07932253926992416 4206
1782830783828 0.1575535237789154 4207
1782830783831 0.04585294425487518 4208
1782830783834 0.10031270980834961 4209
1782830783836 0.0802900418639183 4210
1782830783839 0.004959160462021828 4211
1782830783842 0.052244942635297775 4212
1782830783845 0.02060708776116371 4213
1782830783847 0.06407631933689117 4214
1782830783851 0.03702136501669884 4215
1782830783853 0.3361819386482239 4216
1782830783856 0.22712808847427368 4217
1782830783859 0.02371538057923317 4218
1782830783862 0.04238494485616684 4219
1782830783865 0.018868369981646538 4220
1782830783868 0.07789861410856247 4221
1782830783871 0.014810366556048393 4222
1782830783875 0.26538246870040894 4223
1782830783877 0.03963172063231468 4224
1782830783880 0.04957865551114082 4225
1782830783882 0.10867172479629517 4226
1782830783885 0.047271978110075 4227
1782830783887 0.0635431781411171 4228
1782830783890 0.04194197058677673 4229
1782830783892 0.08893892914056778 4230
1782830783894 0.011200706474483013 4231
1782830783896 0.1411062479019165 4232
1782830783898 0.0860823392868042 4233
1782830783900 0.01874137856066227 4234
1782830783902 0.062216367572546005 4235
1782830783904 0.017811618745326996 4236
1782830783906 0.02153320424258709 4237
1782830783908 0.09916511178016663 4238
1782830783911 0.007163308560848236 4239
1782830783913 0.14728409051895142 4240
1782830783916 0.07560048252344131 4241
1782830783919 0.03428530693054199 4242
1782830783921 0.029471388086676598 4243
1782830783923 0.025375161319971085 4244
1782830783925 0.10889331251382828 4245
1782830783928 0.10778096318244934 4246
1782830783930 0.10536247491836548 4247
1782830783932 0.2509862780570984 4248
1782830783934 0.06857730448246002 4249
1782830783937 0.02365906909108162 4250
1782830783939 0.004093964118510485 4251
1782830783941 0.020657358691096306 4252
1782830783943 0.029925737529993057 4253
1782830783945 0.133797287940979 4254
1782830783948 0.017727019265294075 4255
1782830783950 0.13479399681091309 4256
1782830783952 0.047113753855228424 4257
1782830783954 0.16799207031726837 4258
1782830783956 0.07832207530736923 4259
1782830783959 0.286347895860672 4260
1782830783961 0.1033865436911583 4261
1782830783963 0.17432211339473724 4262
1782830783965 0.1614225208759308 4263
1782830783967 0.1759413182735443 4264
1782830783969 0.01593690551817417 4265
1782830783971 0.007206419482827187 4266
1782830783974 0.01804226264357567 4267
1782830783976 0.30692070722579956 4268
1782830783978 0.04517052695155144 4269
1782830783980 0.07165548205375671 4270
1782830783982 0.05443727225065231 4271
1782830783984 0.14030301570892334 4272
1782830783986 0.03748422861099243 4273
1782830783988 0.026713456958532333 4274
1782830783990 0.3432404398918152 4275
1782830783993 0.1537008136510849 4276
1782830783995 0.09832175076007843 4277
1782830783997 0.22421516478061676 4278
1782830783999 0.07745466381311417 4279
1782830784001 0.10524164140224457 4280
1782830784004 0.133204385638237 4281
1782830784006 0.10142297297716141 4282
1782830784008 0.25338882207870483 4283
1782830784011 0.03599919006228447 4284
1782830784014 0.02305217832326889 4285
1782830784017 0.08941260725259781 4286
1782830784020 0.21684086322784424 4287
1782830784022 0.04523172229528427 4288
1782830784025 0.42083093523979187 4289
1782830784027 0.06084692105650902 4290
1782830784030 0.17401815950870514 4291
1782830784032 0.1629372239112854 4292
1782830784035 0.02399979718029499 4293
1782830784038 0.03035891242325306 4294
1782830784040 0.010870032012462616 4295
1782830784043 0.014788615517318249 4296
1782830784045 0.305525004863739 4297
1782830784048 0.0602496862411499 4298
1782830784050 0.09663031250238419 4299
1782830784053 0.10361528396606445 4300
1782830784056 0.21741613745689392 4301
1782830784058 0.015965968370437622 4302
1782830784061 0.41811543703079224 4303
1782830784063 0.05527161434292793 4304
1782830784065 0.09863608330488205 4305
1782830784067 0.060373447835445404 4306
1782830784068 0.21191611886024475 4307
1782830784070 0.020369742065668106 4308
1782830784073 0.1857060045003891 4309
1782830784075 0.10705795884132385 4310
1782830784077 0.09884292632341385 4311
1782830784079 0.18245069682598114 4312
1782830784081 0.001721592154353857 4313
1782830784083 0.26595979928970337 4314
1782830784085 0.03957590460777283 4315
1782830784087 0.16928730905056 4316
1782830784089 0.18318875133991241 4317
1782830784091 0.33461669087409973 4318
1782830784093 0.09590104222297668 4319
1782830784095 0.2292654663324356 4320
1782830784098 0.12776708602905273 4321
1782830784100 0.07300269603729248 4322
1782830784102 0.06284628063440323 4323
1782830784104 0.06819573789834976 4324
1782830784106 0.19465720653533936 4325
1782830784108 0.10988788306713104 4326
1782830784110 0.218584805727005 4327
1782830784113 0.13518519699573517 4328
1782830784115 0.09437062591314316 4329
1782830784117 0.05248572677373886 4330
1782830784119 0.3281790018081665 4331
1782830784121 0.20995184779167175 4332
1782830784123 0.040304992347955704 4333
1782830784125 0.0505857989192009 4334
1782830784128 0.111204132437706 4335
1782830784131 0.4068435728549957 4336
1782830784134 0.34134095907211304 4337
1782830784136 0.11543400585651398 4338
1782830784139 0.3064545691013336 4339
1782830784142 0.22873352468013763 4340
1782830784146 0.03622277453541756 4341
1782830784148 0.020469944924116135 4342
1782830784151 0.25906944274902344 4343
1782830784154 0.19262269139289856 4344
1782830784157 0.19464552402496338 4345
1782830784159 0.07884752750396729 4346
1782830784162 0.1669662743806839 4347
1782830784164 0.26570993661880493 4348
1782830784167 0.11729174852371216 4349
1782830784170 0.26904481649398804 4350
1782830784173 0.19588865339756012 4351
1782830784175 0.0988188162446022 4352
1782830784178 0.03625478968024254 4353
1782830784181 0.16192957758903503 4354
1782830784183 0.10005003213882446 4355
1782830784186 0.11709614843130112 4356
1782830784189 0.042202986776828766 4357
1782830784191 0.2288457304239273 4358
1782830784194 0.2383747696876526 4359
1782830784197 0.18443067371845245 4360
1782830784200 0.04247952625155449 4361
1782830784202 0.16968713700771332 4362
1782830784205 0.0833379253745079 4363
1782830784208 0.08574467152357101 4364
1782830784210 0.08238404244184494 4365
1782830784212 0.14947116374969482 4366
1782830784214 0.04592382162809372 4367
1782830784216 0.03663186356425285 4368
1782830784219 0.1590917557477951 4369
1782830784221 0.05386189743876457 4370
1782830784224 0.25549644231796265 4371
1782830784226 0.20951810479164124 4372
1782830784228 0.3215213119983673 4373
1782830784230 0.16006001830101013 4374
1782830784232 0.09873662143945694 4375
1782830784235 0.14142505824565887 4376
1782830784237 0.26053962111473083 4377
1782830784239 0.2455138862133026 4378
1782830784241 0.05363205820322037 4379
1782830784243 0.07647103816270828 4380
1782830784245 0.03282993659377098 4381
1782830784247 0.011585569940507412 4382
1782830784249 0.1752879023551941 4383
1782830784252 0.08418311178684235 4384
1782830784254 0.07259112596511841 4385
1782830784256 0.08751711249351501 4386
1782830784258 0.3580016791820526 4387
1782830784260 0.005382703151553869 4388
1782830784262 0.049638234078884125 4389
1782830784264 0.06029915809631348 4390
1782830784266 0.1382945328950882 4391
1782830784268 0.19280189275741577 4392
1782830784270 0.041963595896959305 4393
1782830784273 0.3675045967102051 4394
1782830784275 0.05151589959859848 4395
1782830784277 0.04134140908718109 4396
1782830784279 0.035110194236040115 4397
1782830784281 0.034813109785318375 4398
1782830784283 0.04622682183980942 4399
1782830784285 0.47768476605415344 4400
1782830784287 0.15423475205898285 4401
1782830784290 0.0707254484295845 4402
1782830784292 0.11098171770572662 4403
1782830784294 0.27391472458839417 4404
1782830784296 0.11575064063072205 4405
1782830784298 0.19224371016025543 4406
1782830784300 0.19378456473350525 4407
1782830784302 0.14913789927959442 4408
1782830784304 0.1449366956949234 4409
1782830784306 0.059610165655612946 4410
1782830784308 0.05328970402479172 4411
1782830784310 0.020515412092208862 4412
1782830784313 0.059943582862615585 4413
1782830784315 0.2062888741493225 4414
1782830784318 0.1438329964876175 4415
1782830784320 0.09853123128414154 4416
1782830784322 0.05758792906999588 4417
1782830784324 0.06677956134080887 4418
1782830784327 0.08541835099458694 4419
1782830784330 0.05843694880604744 4420
1782830784333 0.08784837275743484 4421
1782830784335 0.15431669354438782 4422
1782830784338 0.023986009880900383 4423
1782830784340 0.02245095558464527 4424
1782830784343 0.048399943858385086 4425
1782830784346 0.2652665972709656 4426
1782830784348 0.01076052337884903 4427
1782830784351 0.07719115912914276 4428
1782830784354 0.1266159564256668 4429
1782830784358 0.1497834026813507 4430
1782830784361 0.12925446033477783 4431
1782830784363 0.13249216973781586 4432
1782830784365 0.05504721403121948 4433
1782830784367 0.012229246087372303 4434
1782830784369 0.07574997842311859 4435
1782830784372 0.06919708847999573 4436
1782830784374 0.009403878822922707 4437
1782830784376 0.060160789638757706 4438
1782830784378 0.014939537271857262 4439
1782830784380 0.20419585704803467 4440
1782830784382 0.03941681608557701 4441
1782830784384 0.005176754202693701 4442
1782830784386 0.16490447521209717 4443
1782830784388 0.475150465965271 4444
1782830784390 0.03014402836561203 4445
1782830784393 0.014162439852952957 4446
1782830784395 0.15691861510276794 4447
1782830784397 0.05258573591709137 4448
1782830784399 0.12555627524852753 4449
1782830784401 0.021373752504587173 4450
1782830784403 0.10842667520046234 4451
1782830784406 0.07000762224197388 4452
1782830784408 0.128963902592659 4453
1782830784410 0.15002654492855072 4454
1782830784412 0.1940067708492279 4455
1782830784415 0.04040404036641121 4456
1782830784417 0.11473963409662247 4457
1782830784419 0.06595538556575775 4458
1782830784421 0.16562466323375702 4459
1782830784423 0.38306164741516113 4460
1782830784425 0.12449422478675842 4461
1782830784427 0.3189958930015564 4462
1782830784429 0.0876409262418747 4463
1782830784431 0.08499448001384735 4464
1782830784433 0.0058319405652582645 4465
1782830784435 0.20091044902801514 4466
1782830784438 0.7566512227058411 4467
1782830784440 0.11565303057432175 4468
1782830784442 0.04133230820298195 4469
1782830784444 0.12891024351119995 4470
1782830784446 0.005338837392628193 4471
1782830784448 0.20755606889724731 4472
1782830784450 0.3474319875240326 4473
1782830784452 0.23382508754730225 4474
1782830784454 0.1356663554906845 4475
1782830784456 0.12900276482105255 4476
1782830784459 0.12836560606956482 4477
1782830784461 0.22565914690494537 4478
1782830784463 0.023137971758842468 4479
1782830784465 0.18553519248962402 4480
1782830784467 0.23602554202079773 4481
1782830784469 0.0420682355761528 4482
1782830784471 0.026662904769182205 4483
1782830784473 0.09179061651229858 4484
1782830784475 0.4573225975036621 4485
1782830784477 0.0695471316576004 4486
1782830784479 0.0165265966206789 4487
1782830784481 0.01352042518556118 4488
1782830784483 0.06843579560518265 4489
1782830784486 0.19450104236602783 4490
1782830784488 0.04274957254528999 4491
1782830784490 0.3070484399795532 4492
1782830784492 0.18768525123596191 4493
1782830784495 0.09685570001602173 4494
1782830784498 0.0753072053194046 4495
1782830784500 0.09065577387809753 4496
1782830784503 0.38078540563583374 4497
1782830784505 0.026807894930243492 4498
1782830784508 0.20029142498970032 4499
1782830784511 0.006534684915095568 4500
1782830784513 0.11295462399721146 4501
1782830784515 0.03944918140769005 4502
1782830784517 0.01233410183340311 4503
1782830784519 0.11388073116540909 4504
1782830784523 0.08387798815965652 4505
1782830784526 0.19099725782871246 4506
1782830784529 0.307322233915329 4507
1782830784531 0.09679803997278214 4508
1782830784534 0.08383245766162872 4509
1782830784537 0.07421433925628662 4510
1782830784539 0.17670348286628723 4511
1782830784542 0.11950649321079254 4512
1782830784544 0.15338031947612762 4513
1782830784547 0.3734683394432068 4514
1782830784550 0.04408717527985573 4515
1782830784552 0.007676105014979839 4516
1782830784555 0.2934076488018036 4517
1782830784558 0.04515685513615608 4518
1782830784560 0.03542675822973251 4519
1782830784563 0.07851140946149826 4520
1782830784566 0.19895927608013153 4521
1782830784569 0.048466719686985016 4522
1782830784571 0.3824683427810669 4523
1782830784574 0.20528945326805115 4524
1782830784576 0.1675996333360672 4525
1782830784578 0.04112947732210159 4526
1782830784580 0.150320366024971 4527
1782830784582 0.1237822100520134 4528
1782830784584 0.011533699929714203 4529
1782830784586 0.007233806420117617 4530
1782830784588 0.21019205451011658 4531
1782830784590 0.0909019410610199 4532
1782830784593 0.03561229258775711 4533
1782830784595 0.19812794029712677 4534
1782830784597 0.02936382219195366 4535
1782830784599 0.13691537082195282 4536
1782830784602 0.4176276922225952 4537
1782830784604 0.12282915413379669 4538
1782830784606 0.031467340886592865 4539
1782830784609 0.031659964472055435 4540
1782830784611 0.08535988628864288 4541
1782830784613 0.01753629557788372 4542
1782830784615 0.06144450604915619 4543
1782830784618 0.017218511551618576 4544
1782830784620 0.15667106211185455 4545
1782830784622 0.011144915595650673 4546
1782830784624 0.05340820923447609 4547
1782830784626 0.09500522166490555 4548
1782830784629 0.024805724620819092 4549
1782830784632 0.08956418931484222 4550
1782830784634 0.013273531571030617 4551
1782830784636 0.07228269428014755 4552
1782830784639 0.07479704916477203 4553
1782830784641 0.12026768922805786 4554
1782830784643 0.026737699285149574 4555
1782830784645 0.20623911917209625 4556
1782830784647 0.03904283046722412 4557
1782830784649 0.09201910346746445 4558
1782830784651 0.37786948680877686 4559
1782830784653 0.2366095632314682 4560
1782830784656 0.05176125839352608 4561
1782830784658 0.12692496180534363 4562
1782830784660 0.052289340645074844 4563
1782830784662 0.026900697499513626 4564
1782830784664 0.005670907907187939 4565
1782830784666 0.45253223180770874 4566
1782830784668 0.2235577255487442 4567
1782830784670 0.08862169086933136 4568
1782830784673 0.0421428419649601 4569
1782830784675 0.32172805070877075 4570
1782830784677 0.02223936840891838 4571
1782830784679 0.02587433159351349 4572
1782830784681 0.20301057398319244 4573
1782830784683 0.2387581616640091 4574
1782830784686 0.2238970398902893 4575
1782830784688 0.15744203329086304 4576
1782830784690 0.1534302830696106 4577
1782830784693 0.07942003011703491 4578
1782830784695 0.021189497783780098 4579
1782830784697 0.021229881793260574 4580
1782830784699 0.04237538203597069 4581
1782830784701 0.07685056328773499 4582
1782830784703 0.3212359547615051 4583
1782830784705 0.031807076185941696 4584
1782830784708 0.1326344907283783 4585
1782830784710 0.03505288437008858 4586
1782830784712 0.0832688957452774 4587
1782830784715 0.03154229372739792 4588
1782830784717 0.007492768112570047 4589
1782830784720 0.12364654242992401 4590
1782830784722 0.03471376746892929 4591
1782830784724 0.00418408727273345 4592
1782830784726 0.11448124796152115 4593
1782830784728 0.14257462322711945 4594
1782830784731 0.03441179171204567 4595
1782830784733 0.08644174784421921 4596
1782830784735 0.04472416639328003 4597
1782830784737 0.06801000982522964 4598
1782830784739 0.05698704347014427 4599
1782830784741 0.14984551072120667 4600
1782830784744 0.07105910032987595 4601
1782830784746 0.024523023515939713 4602
1782830784748 0.08229271322488785 4603
1782830784750 0.07270132750272751 4604
1782830784752 0.0403253473341465 4605
1782830784754 0.37480318546295166 4606
1782830784757 0.004437764175236225 4607
1782830784759 0.07050658762454987 4608
1782830784761 0.12036369740962982 4609
1782830784763 0.3204086124897003 4610
1782830784765 0.024876151233911514 4611
1782830784768 0.1398943066596985 4612
1782830784770 0.16310445964336395 4613
1782830784772 0.13686741888523102 4614
1782830784774 0.47175225615501404 4615
1782830784776 0.06815390288829803 4616
1782830784778 0.08988092094659805 4617
1782830784781 0.03100964054465294 4618
1782830784783 0.09471824020147324 4619
1782830784785 0.03571878373622894 4620
1782830784787 0.015825193375349045 4621
1782830784789 0.04970680549740791 4622
1782830784791 0.1739656627178192 4623
1782830784793 0.21723833680152893 4624
1782830784795 0.033984944224357605 4625
1782830784797 0.12328808009624481 4626
1782830784799 0.20263758301734924 4627
1782830784801 0.03703906387090683 4628
1782830784803 0.10754556953907013 4629
1782830784806 0.1376972645521164 4630
1782830784808 0.004654481541365385 4631
1782830784810 0.023115646094083786 4632
1782830784812 0.11984507739543915 4633
1782830784814 0.18702641129493713 4634
1782830784817 0.08631863445043564 4635
1782830784819 0.02180183120071888 4636
1782830784821 0.05289137363433838 4637
1782830784823 0.008703406900167465 4638
1782830784825 0.1984913945198059 4639
1782830784827 0.15837131440639496 4640
1782830784829 0.4899493157863617 4641
1782830784831 0.069962278008461 4642
1782830784834 0.4764644205570221 4643
1782830784836 0.017777713015675545 4644
1782830784838 0.050731558352708817 4645
1782830784840 0.06843199580907822 4646
1782830784842 0.3433251976966858 4647
1782830784844 0.08413086086511612 4648
1782830784847 0.10079363733530045 4649
1782830784849 0.1329583376646042 4650
1782830784851 0.22490094602108002 4651
1782830784853 0.024663779884576797 4652
1782830784855 0.031584057956933975 4653
1782830784857 0.3483305871486664 4654
1782830784860 0.20416557788848877 4655
1782830784862 0.011363396421074867 4656
1782830784864 0.3756091594696045 4657
1782830784867 0.05006564036011696 4658
1782830784869 0.08157997578382492 4659
1782830784871 0.05534740537405014 4660
1782830784873 0.02963167615234852 4661
1782830784875 0.08473838120698929 4662
1782830784878 0.037034932523965836 4663
1782830784880 0.07517654448747635 4664
1782830784882 0.042403433471918106 4665
1782830784884 0.009993304498493671 4666
1782830784886 0.1058129295706749 4667
1782830784888 0.008992965333163738 4668
1782830784891 0.18297511339187622 4669
1782830784893 0.12434784322977066 4670
1782830784895 0.13055327534675598 4671
1782830784897 0.07082901149988174 4672
1782830784899 0.0019017425365746021 4673
1782830784901 0.04201704263687134 4674
1782830784904 0.016931582242250443 4675
1782830784906 0.049090027809143066 4676
1782830784908 0.16021990776062012 4677
1782830784910 0.09323682636022568 4678
1782830784912 0.03187042847275734 4679
1782830784915 0.0558658204972744 4680
1782830784917 0.05117698758840561 4681
1782830784919 0.03978961706161499 4682
1782830784921 0.3480261564254761 4683
1782830784924 0.04650059714913368 4684
1782830784926 0.09695674479007721 4685
1782830784928 0.06916512548923492 4686
1782830784930 0.10432343930006027 4687
1782830784933 0.08210508525371552 4688
1782830784935 0.04576250538229942 4689
1782830784937 0.10181562602519989 4690
1782830784939 0.022381240501999855 4691
1782830784941 0.02641003578901291 4692
1782830784943 0.2830856740474701 4693
1782830784945 0.005911408923566341 4694
1782830784947 0.2396574318408966 4695
1782830784951 0.22664643824100494 4696
1782830784954 0.009438559412956238 4697
1782830784957 0.006921723019331694 4698
1782830784959 0.14478608965873718 4699
1782830784961 0.17371904850006104 4700
1782830784963 0.012554311193525791 4701
1782830784965 0.07647642493247986 4702
1782830784968 0.10892316699028015 4703
1782830784970 0.10865535587072372 4704
1782830784972 0.019221583381295204 4705
1782830784974 0.36892640590667725 4706
1782830784976 0.023277416825294495 4707
1782830784978 0.04081293195486069 4708
1782830784981 0.23586755990982056 4709
1782830784983 0.03866618871688843 4710
1782830784985 0.051524363458156586 4711
1782830784988 0.07344900816679001 4712
1782830784990 0.03917515650391579 4713
1782830784992 0.020721398293972015 4714
1782830784995 0.09697900712490082 4715
1782830784997 0.1695403903722763 4716
1782830784999 0.1301434487104416 4717
1782830785002 0.08214794844388962 4718
1782830785004 0.01685727760195732 4719
1782830785006 0.09701691567897797 4720
1782830785009 0.036251723766326904 4721
1782830785012 0.01746361330151558 4722
1782830785014 0.11507593840360641 4723
1782830785017 0.2396703064441681 4724
1782830785019 0.13353091478347778 4725
1782830785021 0.04963110759854317 4726
1782830785024 0.15434525907039642 4727
1782830785027 0.014410327188670635 4728
1782830785029 0.018897227942943573 4729
1782830785031 0.08331461995840073 4730
1782830785033 0.07102439552545547 4731
1782830785035 0.14503364264965057 4732
1782830785037 0.1163208931684494 4733
1782830785039 0.24218599498271942 4734
1782830785041 0.05030330643057823 4735
1782830785043 0.1006208062171936 4736
1782830785045 0.11282123625278473 4737
1782830785048 0.16724665462970734 4738
1782830785050 0.011205723509192467 4739
1782830785052 0.1623448133468628 4740
1782830785054 0.010996217839419842 4741
1782830785056 0.35638684034347534 4742
1782830785058 0.06878652423620224 4743
1782830785060 0.08252090960741043 4744
1782830785062 0.050430573523044586 4745
1782830785064 0.048891544342041016 4746
1782830785066 0.015763284638524055 4747
1782830785068 0.19547775387763977 4748
1782830785070 0.041677944362163544 4749
1782830785073 0.1354573667049408 4750
1782830785075 0.34647101163864136 4751
1782830785077 0.1856468766927719 4752
1782830785079 0.15789151191711426 4753
1782830785081 0.025045568123459816 4754
1782830785083 0.057248495519161224 4755
1782830785085 0.04003635793924332 4756
1782830785087 0.14135156571865082 4757
1782830785089 0.1533828228712082 4758
1782830785091 0.012954987585544586 4759
1782830785093 0.014111828990280628 4760
1782830785095 0.0771159678697586 4761
1782830785097 0.052382148802280426 4762
1782830785099 0.11935079842805862 4763
1782830785101 0.06421956419944763 4764
1782830785103 0.030953561887145042 4765
1782830785105 0.027080584317445755 4766
1782830785107 0.03070913441479206 4767
1782830785109 0.09349401295185089 4768
1782830785112 0.04185030981898308 4769
1782830785114 0.1968841552734375 4770
1782830785116 0.01205262541770935 4771
1782830785119 0.008195389062166214 4772
1782830785121 0.22955399751663208 4773
1782830785123 0.18615545332431793 4774
1782830785125 0.011567994020879269 4775
1782830785127 0.1468583196401596 4776
1782830785129 0.05474042892456055 4777
1782830785132 0.13194610178470612 4778
1782830785134 0.06663904339075089 4779
1782830785136 0.07852783799171448 4780
1782830785138 0.0071984766982495785 4781
1782830785140 0.014656473882496357 4782
1782830785142 0.1958252638578415 4783
1782830785144 0.07592092454433441 4784
1782830785146 0.26054272055625916 4785
1782830785148 0.1656205952167511 4786
1782830785150 0.10537613928318024 4787
1782830785153 0.07877955585718155 4788
1782830785155 0.12823829054832458 4789
1782830785157 0.04751187935471535 4790
1782830785160 0.16871540248394012 4791
1782830785162 0.0662241205573082 4792
1782830785164 0.02373926341533661 4793
1782830785166 0.1759377270936966 4794
1782830785169 0.10972370207309723 4795
1782830785171 0.09487762302160263 4796
1782830785174 0.0248248353600502 4797
1782830785176 0.3427492380142212 4798
1782830785179 0.023273414000868797 4799
1782830785181 0.17316125333309174 4800
1782830785184 0.32144492864608765 4801
1782830785186 0.017883671447634697 4802
1782830785188 0.01134464330971241 4803
1782830785191 0.34909918904304504 4804
1782830785194 0.11417066305875778 4805
1782830785196 0.07901379466056824 4806
1782830785199 0.1373414248228073 4807
1782830785202 0.07409394532442093 4808
1782830785205 0.270536869764328 4809
1782830785207 0.061606477946043015 4810
1782830785209 0.03976966813206673 4811
1782830785212 0.150039941072464 4812
1782830785214 0.05638996139168739 4813
1782830785216 0.013698485679924488 4814
1782830785219 0.3374522626399994 4815
1782830785221 0.21798469126224518 4816
1782830785224 0.04455997422337532 4817
1782830785226 0.44161227345466614 4818
1782830785229 0.05252547189593315 4819
1782830785232 0.06577437371015549 4820
1782830785235 0.05770772695541382 4821
1782830785237 0.041485387831926346 4822
1782830785240 0.1315714567899704 4823
1782830785243 0.12592168152332306 4824
1782830785245 0.05842193588614464 4825
1782830785248 0.1629948914051056 4826
1782830785251 0.22337588667869568 4827
1782830785254 0.041943036019802094 4828
1782830785256 0.11163847148418427 4829
1782830785259 0.4052463173866272 4830
1782830785262 0.07690722495317459 4831
1782830785264 0.02136022225022316 4832
1782830785267 0.0486079640686512 4833
1782830785270 0.07178892940282822 4834
1782830785273 0.0025166072882711887 4835
1782830785276 0.4795585572719574 4836
1782830785279 0.03605031967163086 4837
1782830785281 0.14095664024353027 4838
1782830785284 0.04388878121972084 4839
1782830785287 0.06531167775392532 4840
1782830785289 0.22332486510276794 4841
1782830785292 0.12583976984024048 4842
1782830785295 0.13100475072860718 4843
1782830785298 0.027118511497974396 4844
1782830785300 0.03382309526205063 4845
1782830785303 0.13344058394432068 4846
1782830785306 0.004474488086998463 4847
1782830785308 0.14806602895259857 4848
1782830785311 0.024529574438929558 4849
1782830785315 0.031206753104925156 4850
1782830785318 0.04491105303168297 4851
1782830785321 0.16531190276145935 4852
1782830785324 0.006064770743250847 4853
1782830785327 0.1012648418545723 4854
1782830785330 0.1970122754573822 4855
1782830785333 0.005211976822465658 4856
1782830785336 0.07566754519939423 4857
1782830785339 0.10870880633592606 4858
1782830785341 0.05353472754359245 4859
1782830785344 0.02825956419110298 4860
1782830785347 0.009438334964215755 4861
1782830785350 0.2602178752422333 4862
1782830785352 0.07438325881958008 4863
1782830785355 0.04238554462790489 4864
1782830785358 0.16013967990875244 4865
1782830785361 0.006192054133862257 4866
1782830785363 0.013334264047443867 4867
1782830785366 0.011152531020343304 4868
1782830785369 0.07871203869581223 4869
1782830785371 0.0018679536879062653 4870
1782830785373 0.021571021527051926 4871
1782830785376 0.1464330554008484 4872
1782830785379 0.1073436588048935 4873
1782830785381 0.09565223008394241 4874
1782830785384 0.22028487920761108 4875
1782830785387 0.08347660303115845 4876
1782830785389 0.08626037836074829 4877
1782830785392 0.22227880358695984 4878
1782830785395 0.011730608530342579 4879
1782830785398 0.11536122858524323 4880
1782830785400 0.1115032285451889 4881
1782830785403 0.24247543513774872 4882
1782830785406 0.04527540132403374 4883
1782830785409 0.07568109780550003 4884
1782830785411 0.2492826282978058 4885
1782830785414 0.012410391122102737 4886
1782830785417 0.055095989257097244 4887
1782830785420 0.0066711329855024815 4888
1782830785422 0.11875955760478973 4889
1782830785425 0.12074839323759079 4890
1782830785428 0.050834447145462036 4891
1782830785430 0.03505425900220871 4892
1782830785434 0.1265341192483902 4893
1782830785436 0.08014087378978729 4894
1782830785439 0.019455205649137497 4895
1782830785441 0.26904821395874023 4896
1782830785443 0.42861559987068176 4897
1782830785446 0.10867493599653244 4898
1782830785448 0.02820991724729538 4899
1782830785450 0.04102292284369469 4900
1782830785453 0.14445631206035614 4901
1782830785455 0.018265923485159874 4902
1782830785457 0.16380229592323303 4903
1782830785459 0.10772055387496948 4904
1782830785461 0.042534712702035904 4905
1782830785463 0.1905696988105774 4906
1782830785466 0.09533517062664032 4907
1782830785468 0.01956738531589508 4908
1782830785470 0.06957081705331802 4909
1782830785472 0.09813916683197021 4910
1782830785475 0.003528157714754343 4911
1782830785478 0.09452324360609055 4912
1782830785480 0.014875894412398338 4913
1782830785483 0.044262055307626724 4914
1782830785485 0.2283889651298523 4915
1782830785488 0.1275606006383896 4916
1782830785491 0.15494289994239807 4917
1782830785494 0.03266878426074982 4918
1782830785496 0.16459515690803528 4919
1782830785499 0.0679464340209961 4920
1782830785502 0.052409131079912186 4921
1782830785504 0.059932611882686615 4922
1782830785507 0.01785154826939106 4923
1782830785509 0.15241414308547974 4924
1782830785512 0.056047022342681885 4925
1782830785515 0.19823358952999115 4926
1782830785518 0.49335092306137085 4927
1782830785522 0.006116775330156088 4928
1782830785525 0.018889278173446655 4929
1782830785528 0.006542130373418331 4930
1782830785531 0.0526084303855896 4931
1782830785534 0.11112651228904724 4932
1782830785536 0.17028647661209106 4933
1782830785539 0.06366479396820068 4934
1782830785542 0.06081683561205864 4935
1782830785544 0.0933842658996582 4936
1782830785547 0.036797430366277695 4937
1782830785550 0.02510622888803482 4938
1782830785552 0.037853218615055084 4939
1782830785555 0.04995909705758095 4940
1782830785557 0.2754083275794983 4941
1782830785560 0.15394462645053864 4942
1782830785563 0.16403444111347198 4943
1782830785565 0.00922452099621296 4944
1782830785568 0.16250905394554138 4945
1782830785571 0.015974272042512894 4946
1782830785574 0.07759460061788559 4947
1782830785576 0.031901564449071884 4948
1782830785579 0.02286674827337265 4949
1782830785582 0.19102875888347626 4950
1782830785584 0.05234845355153084 4951
1782830785586 0.06319039314985275 4952
1782830785588 0.13534799218177795 4953
1782830785590 0.05966711416840553 4954
1782830785593 0.1129101812839508 4955
1782830785595 0.4415416121482849 4956
1782830785597 0.1220787987112999 4957
1782830785599 0.07459275424480438 4958
1782830785601 0.1509646773338318 4959
1782830785603 0.02278793975710869 4960
1782830785605 0.20858271420001984 4961
1782830785607 0.010790073312819004 4962
1782830785609 0.03661756217479706 4963
1782830785612 0.09548921138048172 4964
1782830785615 0.19806398451328278 4965
1782830785617 0.22453999519348145 4966
1782830785620 0.6390691995620728 4967
1782830785623 0.00032514543272554874 4968
1782830785625 0.049223802983760834 4969
1782830785628 0.0418342761695385 4970
1782830785631 0.3077193796634674 4971
1782830785633 0.014208917506039143 4972
1782830785636 0.02233007363975048 4973
1782830785639 0.26044535636901855 4974
1782830785642 0.05266506224870682 4975
1782830785644 0.005986434873193502 4976
1782830785647 0.13664163649082184 4977
1782830785649 0.12557636201381683 4978
1782830785652 0.08493108302354813 4979
1782830785654 0.04549515247344971 4980
1782830785656 0.005021871533244848 4981
1782830785658 0.0741010457277298 4982
1782830785660 0.4085434079170227 4983
1782830785662 0.15280872583389282 4984
1782830785664 0.009343242272734642 4985
1782830785666 0.07192783057689667 4986
1782830785668 0.025990555062890053 4987
1782830785670 0.01889726147055626 4988
1782830785672 0.6165077686309814 4989
1782830785674 0.02904888056218624 4990
1782830785676 0.021014921367168427 4991
1782830785678 0.020794352516531944 4992
1782830785680 0.0615864172577858 4993
1782830785682 0.30218610167503357 4994
1782830785684 0.32111868262290955 4995
1782830785687 0.006369249429553747 4996
1782830785689 0.026409585028886795 4997
1782830785691 0.024289539083838463 4998
1782830785693 0.24317875504493713 4999
1782830785695 0.17587235569953918 5000
1782830785697 0.07220545411109924 5001
1782830785699 0.12151387333869934 5002
1782830785701 0.06501049548387527 5003
1782830785703 0.1931144893169403 5004
1782830785705 0.11867387592792511 5005
1782830785707 0.04968000948429108 5006
1782830785709 0.009449993260204792 5007
1782830785711 0.013193701393902302 5008
1782830785713 0.17916321754455566 5009
1782830785716 0.07908186316490173 5010
1782830785718 0.04092828556895256 5011
1782830785720 0.07807185500860214 5012
1782830785722 0.013150302693247795 5013
1782830785724 0.377073734998703 5014
1782830785727 0.6858519315719604 5015
1782830785729 0.3517571985721588 5016
1782830785731 0.023018497973680496 5017
1782830785733 0.02803138829767704 5018
1782830785735 0.15065187215805054 5019
1782830785737 0.30217134952545166 5020
1782830785739 0.11125205457210541 5021
1782830785741 0.07906025648117065 5022
1782830785743 0.09500546753406525 5023
1782830785745 0.025367114692926407 5024
1782830785747 0.3614314794540405 5025
1782830785749 0.16803540289402008 5026
1782830785751 0.057150471955537796 5027
1782830785753 0.14025874435901642 5028
1782830785755 0.10003575682640076 5029
1782830785757 0.14502044022083282 5030
1782830785759 0.01965058036148548 5031
1782830785761 0.12431783974170685 5032
1782830785763 0.023051368072628975 5033
1782830785765 0.03986773639917374 5034
1782830785768 0.0839359313249588 5035
1782830785771 0.15018095076084137 5036
1782830785773 0.037007857114076614 5037
1782830785775 0.028078855946660042 5038
1782830785777 0.05162001773715019 5039
1782830785779 0.017270980402827263 5040
1782830785781 0.032659780234098434 5041
1782830785783 0.026503652334213257 5042
1782830785785 0.006161277648061514 5043
1782830785787 0.6175563335418701 5044
1782830785789 0.3017725348472595 5045
1782830785791 0.01622859202325344 5046
1782830785794 0.357966810464859 5047
1782830785796 0.027332203462719917 5048
1782830785799 0.15195152163505554 5049
1782830785801 0.14700865745544434 5050
1782830785803 0.1328340470790863 5051
1782830785805 0.21196648478507996 5052
1782830785807 0.03474769741296768 5053
1782830785810 0.15756891667842865 5054
1782830785812 0.06338673830032349 5055
1782830785815 0.2553189992904663 5056
1782830785817 0.17932523787021637 5057
1782830785819 0.004273376893252134 5058
1782830785821 0.04028555005788803 5059
1782830785823 0.0965651348233223 5060
1782830785825 0.2297181338071823 5061
1782830785827 0.0030443291179835796 5062
1782830785829 0.06823460757732391 5063
1782830785831 0.1597595065832138 5064
1782830785834 0.23627498745918274 5065
1782830785836 0.14694124460220337 5066
1782830785839 0.16795110702514648 5067
1782830785841 0.15790574252605438 5068
1782830785843 0.030089041218161583 5069
1782830785845 0.14041365683078766 5070
1782830785848 0.08593007922172546 5071
1782830785850 0.022368529811501503 5072
1782830785853 0.10488604009151459 5073
1782830785855 0.0572311133146286 5074
1782830785857 0.04427429288625717 5075
1782830785859 0.05963977798819542 5076
1782830785862 0.09683427214622498 5077
1782830785865 0.3474193513393402 5078
1782830785867 0.14082925021648407 5079
1782830785869 0.14770258963108063 5080
1782830785871 0.06567195057868958 5081
1782830785874 0.04538486525416374 5082
1782830785876 0.13146740198135376 5083
1782830785878 0.0484321229159832 5084
1782830785880 0.29434993863105774 5085
1782830785882 0.010298039764165878 5086
1782830785884 0.10654408484697342 5087
1782830785887 0.03023098036646843 5088
1782830785889 0.11011496186256409 5089
1782830785891 0.03246936947107315 5090
1782830785893 0.13552998006343842 5091
1782830785895 0.07487910985946655 5092
1782830785898 0.023820335045456886 5093
1782830785900 0.09801502525806427 5094
1782830785902 0.08477712422609329 5095
1782830785904 0.06288410723209381 5096
1782830785906 0.1420963704586029 5097
1782830785908 0.007587260566651821 5098
1782830785910 0.073403500020504 5099
1782830785912 0.09539712965488434 5100
1782830785915 0.018358083441853523 5101
1782830785918 0.040507104247808456 5102
1782830785920 0.013078792952001095 5103
1782830785923 0.031542617827653885 5104
1782830785926 0.08504051715135574 5105
1782830785928 0.009543269872665405 5106
1782830785930 0.06491904705762863 5107
1782830785932 0.012988422065973282 5108
1782830785934 0.0034148048143833876 5109
1782830785936 0.20918139815330505 5110
1782830785938 0.25286561250686646 5111
1782830785941 0.09013672173023224 5112
1782830785943 0.027600785717368126 5113
1782830785945 0.05859154835343361 5114
1782830785947 0.0668284222483635 5115
1782830785949 0.17712657153606415 5116
1782830785951 0.004955104552209377 5117
1782830785954 0.019151896238327026 5118
1782830785956 0.0209039319306612 5119
1782830785959 0.19576235115528107 5120
1782830785961 0.05617077648639679 5121
1782830785963 0.08268893510103226 5122
1782830785965 0.03963962197303772 5123
1782830785967 0.10884983837604523 5124
1782830785969 0.09160303324460983 5125
1782830785972 0.11366549134254456 5126
1782830785974 0.031019994989037514 5127
1782830785976 0.06777247041463852 5128
1782830785978 0.056804899126291275 5129
1782830785980 0.03089657612144947 5130
1782830785982 0.020036902278661728 5131
1782830785984 0.032171960920095444 5132
1782830785986 0.21606089174747467 5133
1782830785988 0.22036752104759216 5134
1782830785991 0.14343991875648499 5135
1782830785993 0.2897967994213104 5136
1782830785995 0.21940867602825165 5137
1782830785998 0.2003035992383957 5138
1782830786000 0.27072638273239136 5139
1782830786003 0.266746461391449 5140
1782830786006 0.1371624767780304 5141
1782830786009 0.08630049973726273 5142
1782830786011 0.022206773981451988 5143
1782830786014 0.3385099768638611 5144
1782830786017 0.18745113909244537 5145
1782830786020 0.04845097288489342 5146
1782830786022 0.027599908411502838 5147
1782830786025 0.03309621289372444 5148
1782830786028 0.15950888395309448 5149
1782830786030 0.09651140868663788 5150
1782830786033 0.06389644742012024 5151
1782830786036 0.05279051139950752 5152
1782830786039 0.05482128635048866 5153
1782830786041 0.2539466321468353 5154
1782830786044 0.052179791033267975 5155
1782830786047 0.12266281247138977 5156
1782830786050 0.0971398800611496 5157
1782830786053 0.22558501362800598 5158
1782830786055 0.19254224002361298 5159
1782830786058 0.21275046467781067 5160
1782830786061 0.0706743523478508 5161
1782830786064 0.1086924746632576 5162
1782830786066 0.6355285048484802 5163
1782830786069 0.03714735805988312 5164
1782830786072 0.12385571748018265 5165
1782830786075 0.37930750846862793 5166
1782830786077 0.10108085721731186 5167
1782830786079 0.009759999811649323 5168
1782830786081 0.06195057928562164 5169
1782830786083 0.037280354648828506 5170
1782830786085 0.02358008548617363 5171
1782830786088 0.04331475496292114 5172
1782830786090 0.03801853209733963 5173
1782830786092 0.05857991799712181 5174
1782830786094 0.24401652812957764 5175
1782830786096 0.09133993089199066 5176
1782830786098 0.0997365415096283 5177
1782830786100 0.04570132493972778 5178
1782830786103 0.07645056396722794 5179
1782830786105 0.19428156316280365 5180
1782830786107 0.2694412171840668 5181
1782830786109 0.2466491162776947 5182
1782830786112 0.04962718486785889 5183
1782830786115 0.0657520666718483 5184
1782830786117 0.16676491498947144 5185
1782830786119 0.13092781603336334 5186
1782830786122 0.1656983345746994 5187
1782830786124 0.07063916325569153 5188
1782830786127 0.05743713676929474 5189
1782830786129 0.03956696018576622 5190
1782830786132 0.10395713895559311 5191
1782830786134 0.046091191470623016 5192
1782830786136 0.09155567735433578 5193
1782830786139 0.13104914128780365 5194
1782830786141 0.11212649941444397 5195
1782830786143 0.2015017569065094 5196
1782830786146 0.023439422249794006 5197
1782830786148 0.4380200207233429 5198
1782830786150 0.0873953327536583 5199
1782830786152 0.15479588508605957 5200
1782830786155 0.3081408739089966 5201
1782830786157 0.1578550785779953 5202
1782830786160 0.03511098399758339 5203
1782830786162 0.051956698298454285 5204
1782830786165 0.09492308646440506 5205
1782830786167 0.05921317636966705 5206
1782830786169 0.1457107961177826 5207
1782830786172 0.15447448194026947 5208
1782830786174 0.05867738649249077 5209
1782830786177 0.049971215426921844 5210
1782830786179 0.2900225818157196 5211
1782830786181 0.02742978371679783 5212
1782830786184 0.05899381265044212 5213
1782830786186 0.05540131777524948 5214
1782830786188 0.004054625518620014 5215
1782830786190 0.06881844997406006 5216
1782830786193 0.020290356129407883 5217
1782830786195 0.42766866087913513 5218
1782830786198 0.04723796993494034 5219
1782830786200 0.19205260276794434 5220
1782830786202 0.22388051450252533 5221
1782830786205 0.15429319441318512 5222
1782830786207 0.07333429902791977 5223
1782830786209 0.10601981729269028 5224
1782830786212 0.06222685053944588 5225
1782830786215 0.053768500685691833 5226
1782830786217 0.21566295623779297 5227
1782830786219 0.24354282021522522 5228
1782830786222 0.13667789101600647 5229
1782830786225 0.27510297298431396 5230
1782830786227 0.05748797953128815 5231
1782830786229 0.024355804547667503 5232
1782830786232 0.1800898313522339 5233
1782830786234 0.09151551127433777 5234
1782830786237 0.07515999674797058 5235
1782830786239 0.0766269639134407 5236
1782830786242 0.08656622469425201 5237
1782830786245 0.03774239122867584 5238
1782830786247 0.0406603068113327 5239
1782830786249 0.014752447605133057 5240
1782830786252 0.05536269396543503 5241
1782830786254 0.08373092114925385 5242
1782830786257 0.2197062373161316 5243
1782830786259 0.0912061333656311 5244
1782830786261 0.020062537863850594 5245
1782830786264 0.021483641117811203 5246
1782830786266 0.0445934422314167 5247
1782830786268 0.23842372000217438 5248
1782830786271 0.13937577605247498 5249
1782830786273 0.08199243247509003 5250
1782830786276 0.1526671051979065 5251
1782830786278 0.02856510691344738 5252
1782830786280 0.045388806611299515 5253
1782830786283 0.08722195029258728 5254
1782830786285 0.07334520667791367 5255
1782830786288 0.07875237613916397 5256
1782830786290 0.12349682301282883 5257
1782830786292 0.00715956836938858 5258
1782830786295 0.003562812227755785 5259
1782830786297 0.15650784969329834 5260
1782830786299 0.005106381606310606 5261
1782830786302 0.23899339139461517 5262
1782830786304 0.20209072530269623 5263
1782830786306 0.03191833198070526 5264
1782830786309 0.31473496556282043 5265
1782830786311 0.1085066869854927 5266
1782830786313 0.015997769311070442 5267
1782830786316 0.03651893883943558 5268
1782830786319 0.028718803077936172 5269
1782830786321 0.1236163005232811 5270
1782830786323 0.132620707154274 5271
1782830786326 0.05757692828774452 5272
1782830786328 0.04766476899385452 5273
1782830786330 0.1886010468006134 5274
1782830786332 0.38396215438842773 5275
1782830786334 0.002111593494191766 5276
1782830786336 0.11293252557516098 5277
1782830786339 0.001213337411172688 5278
1782830786341 0.1496388167142868 5279
1782830786343 0.005274861119687557 5280
1782830786345 0.17992345988750458 5281
1782830786347 0.170454740524292 5282
1782830786349 0.16948658227920532 5283
1782830786351 0.020103830844163895 5284
1782830786353 0.005031384527683258 5285
1782830786355 0.0239516980946064 5286
1782830786357 0.40456488728523254 5287
1782830786360 0.10657252371311188 5288
1782830786362 0.34969672560691833 5289
1782830786365 0.1294877827167511 5290
1782830786367 0.0442923977971077 5291
1782830786369 0.009516578167676926 5292
1782830786372 0.17425768077373505 5293
1782830786375 0.0845896527171135 5294
1782830786377 0.15170718729496002 5295
1782830786379 0.23079392313957214 5296
1782830786382 0.2043919563293457 5297
1782830786385 0.020128272473812103 5298
1782830786387 0.14060458540916443 5299
1782830786389 0.11040685325860977 5300
1782830786392 0.08688324689865112 5301
1782830786395 0.2780226469039917 5302
1782830786397 0.027523068711161613 5303
1782830786399 0.13628193736076355 5304
1782830786401 0.06534664332866669 5305
1782830786403 0.1151275709271431 5306
1782830786405 0.11803772300481796 5307
1782830786408 0.1382383555173874 5308
1782830786410 0.19861310720443726 5309
1782830786413 0.19272899627685547 5310
1782830786416 0.15012866258621216 5311
1782830786418 0.020665278658270836 5312
1782830786421 0.12063305079936981 5313
1782830786424 0.008724641054868698 5314
1782830786426 0.30154696106910706 5315
1782830786429 0.04401363432407379 5316
1782830786432 0.03118230029940605 5317
1782830786435 0.01891416683793068 5318
1782830786437 0.08258430659770966 5319
1782830786440 0.10058405250310898 5320
1782830786443 0.026852624490857124 5321
1782830786445 0.10253692418336868 5322
1782830786448 0.02639978751540184 5323
1782830786451 0.2987237274646759 5324
1782830786454 0.07566840946674347 5325
1782830786456 0.09843017160892487 5326
1782830786459 0.19549743831157684 5327
1782830786462 0.05305462330579758 5328
1782830786464 0.027613583952188492 5329
1782830786467 0.19052547216415405 5330
1782830786469 0.005823785439133644 5331
1782830786472 0.019508594647049904 5332
1782830786475 0.02367379330098629 5333
1782830786478 0.06265764683485031 5334
1782830786481 0.021425332874059677 5335
1782830786483 0.3405371904373169 5336
1782830786486 0.1499229222536087 5337
1782830786488 0.05362177640199661 5338
1782830786490 0.0101686492562294 5339
1782830786493 0.18855230510234833 5340
1782830786496 0.05493580549955368 5341
1782830786498 0.02828196808695793 5342
1782830786501 0.025052450597286224 5343
1782830786504 0.2745615839958191 5344
1782830786506 0.6090734601020813 5345
1782830786509 0.016718916594982147 5346
1782830786511 0.054941438138484955 5347
1782830786514 0.21427369117736816 5348
1782830786517 0.11711928248405457 5349
1782830786520 0.14993329346179962 5350
1782830786524 0.231236070394516 5351
1782830786527 0.0910947173833847 5352
1782830786530 0.08387446403503418 5353
1782830786532 0.04307614266872406 5354
1782830786535 0.020574988797307014 5355
1782830786538 0.027597835287451744 5356
1782830786540 0.21573247015476227 5357
1782830786543 0.052831631153821945 5358
1782830786546 0.1053738072514534 5359
1782830786548 0.20400358736515045 5360
1782830786551 0.039893414825201035 5361
1782830786554 0.019050631672143936 5362
1782830786556 0.20138037204742432 5363
1782830786559 0.004106847103685141 5364
1782830786562 0.16433696448802948 5365
1782830786564 0.09776433557271957 5366
1782830786567 0.0879034623503685 5367
1782830786570 0.11335848271846771 5368
1782830786573 0.06942933052778244 5369
1782830786575 0.11124204099178314 5370
1782830786578 0.04582453519105911 5371
1782830786581 0.03380979597568512 5372
1782830786583 0.15568919479846954 5373
1782830786586 0.15714845061302185 5374
1782830786589 0.020083848387002945 5375
1782830786591 0.22961081564426422 5376
1782830786594 0.43567079305648804 5377
1782830786597 0.31000494956970215 5378
1782830786600 0.0935647189617157 5379
1782830786602 0.03086012415587902 5380
1782830786604 0.1575966626405716 5381
1782830786607 0.5846851468086243 5382
1782830786609 0.013778645545244217 5383
1782830786611 0.14534027874469757 5384
1782830786614 0.017809761688113213 5385
1782830786616 0.11670810729265213 5386
1782830786618 0.09287533909082413 5387
1782830786620 0.07112281769514084 5388
1782830786622 0.09936530143022537 5389
1782830786625 0.15726198256015778 5390
1782830786627 0.11859063804149628 5391
1782830786629 0.047456689178943634 5392
1782830786631 0.44941362738609314 5393
1782830786634 0.11097198724746704 5394
1782830786636 0.1910073310136795 5395
1782830786638 0.10591240227222443 5396
1782830786640 0.13155749440193176 5397
1782830786642 0.1716926395893097 5398
1782830786644 0.011972319334745407 5399
1782830786647 0.011846274137496948 5400
1782830786649 0.2890464663505554 5401
1782830786651 0.11836066842079163 5402
1782830786653 0.007539884187281132 5403
1782830786655 0.08416317403316498 5404
1782830786657 0.18015709519386292 5405
1782830786659 0.062310390174388885 5406
1782830786661 0.32101890444755554 5407
1782830786663 0.0506102591753006 5408
1782830786665 0.006569418590515852 5409
1782830786667 0.43127894401550293 5410
1782830786669 0.07218481600284576 5411
1782830786671 0.11126144975423813 5412
1782830786674 0.2731146514415741 5413
1782830786676 0.12174434214830399 5414
1782830786678 0.08682659268379211 5415
1782830786680 0.1909112185239792 5416
1782830786682 0.31323710083961487 5417
1782830786684 0.16098549962043762 5418
1782830786687 0.03220755234360695 5419
1782830786689 0.06079418212175369 5420
1782830786691 0.0367887057363987 5421
1782830786693 0.13311095535755157 5422
1782830786695 0.13621148467063904 5423
1782830786697 0.11536659300327301 5424
1782830786699 0.05154085159301758 5425
1782830786701 0.07968124002218246 5426
1782830786703 0.1438528448343277 5427
1782830786705 0.05305835232138634 5428
1782830786707 0.024252550676465034 5429
1782830786709 0.008597239851951599 5430
1782830786711 0.19879963994026184 5431
1782830786713 0.1059798002243042 5432
1782830786716 0.02484923228621483 5433
1782830786719 0.18984884023666382 5434
1782830786722 0.323631227016449 5435
1782830786724 0.018427610397338867 5436
1782830786727 0.0143164386972785 5437
1782830786730 0.13892365992069244 5438
1782830786733 0.05388389155268669 5439
1782830786735 0.03200746700167656 5440
1782830786738 0.029963240027427673 5441
1782830786740 0.014518655836582184 5442
1782830786743 0.1306137889623642 5443
1782830786746 0.08433926105499268 5444
1782830786748 0.04456609487533569 5445
1782830786751 0.30257055163383484 5446
1782830786754 0.04182443022727966 5447
1782830786756 0.07021664828062057 5448
1782830786759 0.2514505088329315 5449
1782830786762 0.008977477438747883 5450
1782830786764 0.1294027417898178 5451
1782830786767 0.0634470209479332 5452
1782830786770 0.05938856303691864 5453
1782830786773 0.12693361937999725 5454
1782830786776 0.06345023959875107 5455
1782830786778 0.19865839183330536 5456
1782830786781 0.22423090040683746 5457
1782830786783 0.016322651877999306 5458
1782830786786 0.1394646316766739 5459
1782830786789 0.037397947162389755 5460
1782830786791 0.030424538999795914 5461
1782830786794 0.012162160128355026 5462
1782830786797 0.11414051800966263 5463
1782830786799 0.032007090747356415 5464
1782830786802 0.064785435795784 5465
1782830786805 0.2088659405708313 5466
1782830786807 0.24886402487754822 5467
1782830786810 0.07936030626296997 5468
1782830786813 0.002696707146242261 5469
1782830786816 0.06096348911523819 5470
1782830786819 0.09841465204954147 5471
1782830786822 0.02454284206032753 5472
1782830786824 0.5565280318260193 5473
1782830786827 0.019937044009566307 5474
1782830786830 0.03971020132303238 5475
1782830786832 0.07755319029092789 5476
1782830786835 0.067283995449543 5477
1782830786838 0.02509361132979393 5478
1782830786841 0.11691708117723465 5479
1782830786843 0.29580554366111755 5480
1782830786846 0.04300491884350777 5481
1782830786849 0.027630183845758438 5482
1782830786851 0.036378465592861176 5483
1782830786854 0.5201208591461182 5484
1782830786856 0.13197341561317444 5485
1782830786859 0.016224432736635208 5486
1782830786862 0.04805472493171692 5487
1782830786864 0.18027831614017487 5488
1782830786867 0.2022203952074051 5489
1782830786869 0.20884916186332703 5490
1782830786872 0.14310359954833984 5491
1782830786875 0.02457047626376152 5492
1782830786878 0.014688496477901936 5493
1782830786880 0.06905035674571991 5494
1782830786883 0.06531952321529388 5495
1782830786886 0.04611162841320038 5496
1782830786889 0.028939593583345413 5497
1782830786892 0.02097358927130699 5498
1782830786894 0.14813031256198883 5499
1782830786897 0.11356455087661743 5500
1782830786900 0.027685977518558502 5501
1782830786903 0.25070783495903015 5502
1782830786905 0.0027423487044870853 5503
1782830786908 0.08835431933403015 5504
1782830786910 0.044215355068445206 5505
1782830786913 0.016900144517421722 5506
1782830786916 0.03735322132706642 5507
1782830786919 0.22027546167373657 5508
1782830786924 0.08069292455911636 5509
1782830786926 0.18242260813713074 5510
1782830786929 0.07709643244743347 5511
1782830786931 0.19053462147712708 5512
1782830786933 0.06702104210853577 5513
1782830786935 0.4390275180339813 5514
1782830786937 0.01692468300461769 5515
1782830786940 0.19999291002750397 5516
1782830786943 0.22452864050865173 5517
1782830786945 0.02226223051548004 5518
1782830786948 0.029906338080763817 5519
1782830786950 0.07273460924625397 5520
1782830786953 0.13507305085659027 5521
1782830786956 0.17960003018379211 5522
1782830786959 0.07553351670503616 5523
1782830786961 0.11348607391119003 5524
1782830786964 0.07062642276287079 5525
1782830786967 0.27820253372192383 5526
1782830786970 0.28738856315612793 5527
1782830786972 0.37918606400489807 5528
1782830786975 0.01817028410732746 5529
1782830786978 0.0551803782582283 5530
1782830786981 0.09523533284664154 5531
1782830786983 0.07736578583717346 5532
1782830786986 0.014906829223036766 5533
1782830786988 0.12182589620351791 5534
1782830786991 0.020913835614919662 5535
1782830786994 0.1609402447938919 5536
1782830786996 0.3054234981536865 5537
1782830786998 0.1725427359342575 5538
1782830787000 0.04449579119682312 5539
1782830787002 0.04631095379590988 5540
1782830787004 0.04405366629362106 5541
1782830787006 0.01881515607237816 5542
1782830787008 0.33008283376693726 5543
1782830787010 0.08063630759716034 5544
1782830787013 0.029086245223879814 5545
1782830787015 0.03616832569241524 5546
1782830787017 0.20454959571361542 5547
1782830787019 0.042560577392578125 5548
1782830787021 0.0172381903976202 5549
1782830787023 0.014720506966114044 5550
1782830787025 0.24180634319782257 5551
1782830787027 0.008503472432494164 5552
1782830787029 0.016118541359901428 5553
1782830787031 0.03960571065545082 5554
1782830787033 0.06730757653713226 5555
1782830787035 0.14547660946846008 5556
1782830787037 0.049220919609069824 5557
1782830787039 0.007291822694242001 5558
1782830787041 0.03880103677511215 5559
1782830787043 0.037043504416942596 5560
1782830787046 0.1142653226852417 5561
1782830787048 0.02845693938434124 5562
1782830787050 0.08061624318361282 5563
1782830787052 0.15688247978687286 5564
1782830787054 0.2182285636663437 5565
1782830787056 0.012672031298279762 5566
1782830787059 0.2635490596294403 5567
1782830787061 0.014636744745075703 5568
1782830787063 0.029690055176615715 5569
1782830787065 0.025390954688191414 5570
1782830787067 0.011690321378409863 5571
1782830787069 0.3612411916255951 5572
1782830787071 0.10293176025152206 5573
1782830787074 0.013070769608020782 5574
1782830787076 0.10494688898324966 5575
1782830787078 0.11653522402048111 5576
1782830787080 0.03384209796786308 5577
1782830787082 0.07284817099571228 5578
1782830787084 0.056917108595371246 5579
1782830787087 0.015857264399528503 5580
1782830787089 0.17345964908599854 5581
1782830787091 0.11376453191041946 5582
1782830787093 0.05157763138413429 5583
1782830787095 0.04945189505815506 5584
1782830787097 0.0637020543217659 5585
1782830787099 0.030748380348086357 5586
1782830787102 0.004528248682618141 5587
1782830787104 0.012515923008322716 5588
1782830787106 0.08984104543924332 5589
1782830787108 0.03782085329294205 5590
1782830787110 0.007814781740307808 5591
1782830787112 0.1473408341407776 5592
1782830787115 0.11958345025777817 5593
1782830787117 0.06112555041909218 5594
1782830787120 0.07136272639036179 5595
1782830787122 0.023816406726837158 5596
1782830787124 0.01694231480360031 5597
1782830787126 0.016855761408805847 5598
1782830787128 0.05763627961277962 5599
1782830787130 0.16580742597579956 5600
1782830787132 0.10765498876571655 5601
1782830787134 0.02991076558828354 5602
1782830787137 0.0830337256193161 5603
1782830787139 0.014359576627612114 5604
1782830787141 0.2544373869895935 5605
1782830787143 0.0302417054772377 5606
1782830787145 0.019413460046052933 5607
1782830787147 0.22163188457489014 5608
1782830787149 0.08487360924482346 5609
1782830787151 0.04890235513448715 5610
1782830787154 0.016580799594521523 5611
1782830787156 0.10788916796445847 5612
1782830787158 0.19374100863933563 5613
1782830787160 0.16897015273571014 5614
1782830787162 0.058607932180166245 5615
1782830787164 0.11218573898077011 5616
1782830787166 0.012402229942381382 5617
1782830787169 0.11540869623422623 5618
1782830787171 0.24619778990745544 5619
1782830787173 0.042134158313274384 5620
1782830787175 0.01863463595509529 5621
1782830787177 0.1752341091632843 5622
1782830787179 0.028420183807611465 5623
1782830787181 0.10306832194328308 5624
1782830787327 0.01124157290905714 5625
1782830787330 0.15204480290412903 5626
1782830787332 0.02071641944348812 5627
1782830787334 0.021527284756302834 5628
1782830787336 0.023624928668141365 5629
1782830787339 0.0109822116792202 5630
1782830787341 0.06567662209272385 5631
1782830787343 0.142527237534523 5632
1782830787345 0.006153356749564409 5633
1782830787347 0.07463547587394714 5634
1782830787349 0.058261219412088394 5635
1782830787351 0.00626865029335022 5636
1782830787354 0.06594210863113403 5637
1782830787356 0.15008161962032318 5638
1782830787358 0.02890106290578842 5639
1782830787360 0.014841262251138687 5640
1782830787362 0.21489354968070984 5641
1782830787364 0.11342976242303848 5642
1782830787367 0.034589897841215134 5643
1782830787369 0.20912475883960724 5644
1782830787371 0.09720838069915771 5645
1782830787374 0.054742228239774704 5646
1782830787377 0.12481426447629929 5647
1782830787379 0.048403382301330566 5648
1782830787381 0.026956189423799515 5649
1782830787383 0.07187623530626297 5650
1782830787385 0.11367111653089523 5651
1782830787387 0.07041685283184052 5652
1782830787389 0.1308724582195282 5653
1782830787391 0.012217647396028042 5654
1782830787393 0.019409697502851486 5655
1782830787396 0.07219662517309189 5656
1782830787398 0.08110212534666061 5657
1782830787400 0.006812227424234152 5658
1782830787403 0.0073837945237755775 5659
1782830787405 0.1686815470457077 5660
1782830787408 0.008093392476439476 5661
1782830787410 0.043047040700912476 5662
1782830787412 0.036670710891485214 5663
1782830787415 0.18936027586460114 5664
1782830787417 0.016083579510450363 5665
1782830787419 0.062451738864183426 5666
1782830787421 0.0012357726227492094 5667
1782830787423 0.04214489087462425 5668
1782830787425 0.03677000105381012 5669
1782830787427 0.0030999097507447004 5670
1782830787430 0.302655965089798 5671
1782830787432 0.01686313934624195 5672
1782830787435 0.13239659368991852 5673
1782830787438 0.007760958280414343 5674
1782830787440 0.12360888719558716 5675
1782830787442 0.02580908313393593 5676
1782830787444 0.014292102307081223 5677
1782830787446 0.07478149235248566 5678
1782830787448 0.10711975395679474 5679
1782830787450 0.0025146640837192535 5680
1782830787452 0.040695302188396454 5681
1782830787455 0.005536157637834549 5682
1782830787457 0.014329267665743828 5683
1782830787459 0.00551245454698801 5684
1782830787461 0.25644639134407043 5685
1782830787463 0.015113409608602524 5686
1782830787465 0.1390964388847351 5687
1782830787467 0.024885332211852074 5688
1782830787469 0.0024010068736970425 5689
1782830787471 0.07172795385122299 5690
1782830787473 0.19680757820606232 5691
1782830787475 0.258762001991272 5692
1782830787477 0.04960199072957039 5693
1782830787479 0.3006177246570587 5694
1782830787481 0.26701658964157104 5695
1782830787483 0.01910322904586792 5696
1782830787485 0.008480163291096687 5697
1782830787488 0.07898131012916565 5698
1782830787490 0.16429172456264496 5699
1782830787492 0.03126825392246246 5700
1782830787494 0.16039320826530457 5701
1782830787496 0.0050453366711735725 5702
1782830787498 0.007580163888633251 5703
1782830787500 0.006140691693872213 5704
1782830787502 0.08513209968805313 5705
1782830787504 0.16840533912181854 5706
1782830787506 0.37917760014533997 5707
1782830787508 0.30147793889045715 5708
1782830787510 0.004474113695323467 5709
1782830787512 0.02720446139574051 5710
1782830787514 0.010682854801416397 5711
1782830787517 0.12299956381320953 5712
1782830787519 0.034309230744838715 5713
1782830787522 0.12705396115779877 5714
1782830787525 0.1576729118824005 5715
1782830787528 0.03903958573937416 5716
1782830787530 0.0512884184718132 5717
1782830787532 0.1979042887687683 5718
1782830787534 0.1721712201833725 5719
1782830787536 0.45186999440193176 5720
1782830787538 0.0002237172011518851 5721
1782830787540 0.013948244042694569 5722
1782830787542 0.09217673540115356 5723
1782830787544 0.031135333701968193 5724
1782830787546 0.17199747264385223 5725
1782830787548 0.030436692759394646 5726
1782830787550 0.06552914530038834 5727
1782830787552 0.05156923085451126 5728
1782830787555 0.101007379591465 5729
1782830787557 0.06577393412590027 5730
1782830787559 0.05509065464138985 5731
1782830787561 0.06965940445661545 5732
1782830787563 0.0850684642791748 5733
1782830787565 0.2630523145198822 5734
1782830787568 0.24463140964508057 5735
1782830787570 0.007906535640358925 5736
1782830787572 0.0006147032836452127 5737
1782830787574 0.1040877103805542 5738
1782830787576 0.2372475564479828 5739
1782830787578 0.05031535401940346 5740
1782830787580 0.03069259785115719 5741
1782830787582 0.10041391849517822 5742
1782830787584 0.09894123673439026 5743
1782830787586 0.3056078553199768 5744
1782830787588 0.06540467590093613 5745
1782830787590 0.011656259186565876 5746
1782830787592 0.027930833399295807 5747
1782830787595 0.034468114376068115 5748
1782830787597 0.19420798122882843 5749
1782830787599 0.005154760554432869 5750
1782830787601 0.13260817527770996 5751
1782830787603 0.013747883960604668 5752
1782830787605 0.0120522640645504 5753
1782830787607 0.06080429628491402 5754
1782830787610 0.22455628216266632 5755
1782830787612 0.016239797696471214 5756
1782830787614 0.0441422238945961 5757
1782830787617 0.06992779672145844 5758
1782830787619 0.028230905532836914 5759
1782830787621 0.15946893393993378 5760
1782830787623 0.04431714117527008 5761
1782830787625 0.11914581805467606 5762
1782830787627 0.018229708075523376 5763
1782830787629 0.14197124540805817 5764
1782830787631 0.033792972564697266 5765
1782830787633 0.08006611466407776 5766
1782830787635 0.0367969311773777 5767
1782830787637 0.00791441835463047 5768
1782830787639 0.11034157127141953 5769
1782830787641 0.042243681848049164 5770
1782830787643 0.06023456156253815 5771
1782830787646 0.051981449127197266 5772
1782830787648 0.011231833137571812 5773
1782830787650 0.12544840574264526 5774
1782830787652 0.06490856409072876 5775
1782830787654 0.09256846457719803 5776
1782830787656 0.021227726712822914 5777
1782830787659 0.08340597152709961 5778
1782830787661 0.3536117374897003 5779
1782830787663 0.1379845291376114 5780
1782830787665 0.021755535155534744 5781
1782830787667 0.003659646725282073 5782
1782830787669 0.036092523485422134 5783
1782830787671 0.10910522192716599 5784
1782830787673 0.005790184251964092 5785
1782830787676 0.07312960177659988 5786
1782830787678 0.09197046607732773 5787
1782830787680 0.05442006513476372 5788
1782830787682 0.16454386711120605 5789
1782830787684 0.21723823249340057 5790
1782830787687 0.0039181215688586235 5791
1782830787689 0.05719112977385521 5792
1782830787691 0.007047309540212154 5793
1782830787693 0.29240861535072327 5794
1782830787695 0.06611505895853043 5795
1782830787698 0.14165838062763214 5796
1782830787700 0.018291661515831947 5797
1782830787702 0.11514721810817719 5798
1782830787704 0.021095795556902885 5799
1782830787706 0.007331805303692818 5800
1782830787708 0.09396985918283463 5801
1782830787710 0.0736042782664299 5802
1782830787713 0.06076637655496597 5803
1782830787715 0.0472387820482254 5804
1782830787718 0.1427096277475357 5805
1782830787720 0.02926523983478546 5806
1782830787722 0.4855426847934723 5807
1782830787724 0.06008601561188698 5808
1782830787727 0.13494311273097992 5809
1782830787729 0.022750183939933777 5810
1782830787731 0.01601116545498371 5811
1782830787733 0.2906659245491028 5812
1782830787735 0.01745518669486046 5813
1782830787737 0.0380777083337307 5814
1782830787740 0.08132554590702057 5815
1782830787742 0.040383435785770416 5816
1782830787744 0.16559873521327972 5817
1782830787746 0.11590130627155304 5818
1782830787748 0.2596735954284668 5819
1782830787750 0.23983269929885864 5820
1782830787752 0.017418161034584045 5821
1782830787755 0.07417020201683044 5822
1782830787757 0.04465513303875923 5823
1782830787759 0.17943955957889557 5824
1782830787761 0.022344455122947693 5825
1782830787763 0.128337100148201 5826
1782830787765 0.18033893406391144 5827
1782830787768 0.20428526401519775 5828
1782830787770 0.16378892958164215 5829
1782830787772 0.18058143556118011 5830
1782830787774 0.06435767561197281 5831
1782830787776 0.11631184071302414 5832
1782830787779 0.021003510802984238 5833
1782830787781 0.06632822006940842 5834
1782830787783 0.03622502088546753 5835
1782830787785 0.2035597413778305 5836
1782830787787 0.04757223278284073 5837
1782830787789 0.07017107307910919 5838
1782830787791 0.224744975566864 5839
1782830787794 0.004951597191393375 5840
1782830787796 0.0549803152680397 5841
1782830787798 0.04681524261832237 5842
1782830787800 0.09263493120670319 5843
1782830787802 0.17322294414043427 5844
1782830787804 0.1648665815591812 5845
1782830787807 0.058235518634319305 5846
1782830787809 0.008017831481993198 5847
1782830787811 0.1030828058719635 5848
1782830787813 0.06370193511247635 5849
1782830787815 0.16282492876052856 5850
1782830787818 0.20798319578170776 5851
1782830787820 0.4108385741710663 5852
1782830787822 0.08941918611526489 5853
1782830787824 0.0734952762722969 5854
1782830787827 0.13462956249713898 5855
1782830787829 0.10463808476924896 5856
1782830787831 0.030542844906449318 5857
1782830787833 0.30866003036499023 5858
1782830787835 0.06970793008804321 5859
1782830787837 0.05958445370197296 5860
1782830787840 0.005362998694181442 5861
1782830787842 0.32572469115257263 5862
1782830787844 0.06992100179195404 5863
1782830787846 0.2150777131319046 5864
1782830787849 0.16984006762504578 5865
1782830787851 0.0673798993229866 5866
1782830787853 0.016967976465821266 5867
1782830787855 0.013543935492634773 5868
1782830787857 0.1119520366191864 5869
1782830787859 0.18603497743606567 5870
1782830787862 0.03275618329644203 5871
1782830787864 0.015360082499682903 5872
1782830787866 0.05789424851536751 5873
1782830787868 0.03141716122627258 5874
1782830787870 0.15066687762737274 5875
1782830787873 0.17418406903743744 5876
1782830787875 0.5099649429321289 5877
1782830787877 0.22934092581272125 5878
1782830787879 0.031599972397089005 5879
1782830787881 0.02218853496015072 5880
1782830787883 0.05533467233181 5881
1782830787886 0.015140391886234283 5882
1782830787888 0.012097273021936417 5883
1782830787890 0.14092150330543518 5884
1782830787892 0.1152350902557373 5885
1782830787894 0.011266720481216908 5886
1782830787896 0.0597480908036232 5887
1782830787899 0.010645541362464428 5888
1782830787901 0.10701945424079895 5889
1782830787903 0.1562231034040451 5890
1782830787905 0.05744052305817604 5891
1782830787908 0.06973464041948318 5892
1782830787910 0.054138123989105225 5893
1782830787912 0.16845647990703583 5894
1782830787914 0.0196993350982666 5895
1782830787916 0.00672087911516428 5896
1782830787919 0.009105926379561424 5897
1782830787922 0.02850968763232231 5898
1782830787925 0.03916260972619057 5899
1782830787927 0.05891821160912514 5900
1782830787930 0.10185607522726059 5901
1782830787933 0.029547467827796936 5902
1782830787935 0.04023568704724312 5903
1782830787938 0.002047791378572583 5904
1782830787941 0.017878638580441475 5905
1782830787943 0.07066448777914047 5906
1782830787946 0.028617767617106438 5907
1782830787949 0.0032261828891932964 5908
1782830787951 0.009913213551044464 5909
1782830787954 0.003209664486348629 5910
1782830787957 0.042363788932561874 5911
1782830787959 0.020232247188687325 5912
1782830787962 0.006939919199794531 5913
1782830787965 0.05000191181898117 5914
1782830787968 0.008378524333238602 5915
1782830787970 0.0024333877954632044 5916
1782830787973 0.06668657809495926 5917
1782830787976 0.11074656993150711 5918
1782830787978 0.05736737325787544 5919
1782830787981 0.19696322083473206 5920
1782830787984 0.013440325856208801 5921
1782830787987 0.004296708852052689 5922
1782830787989 0.010356870479881763 5923
1782830787992 0.05429109185934067 5924
1782830787995 0.061676256358623505 5925
1782830787997 0.0043485164642333984 5926
1782830788000 0.04941138997673988 5927
1782830788003 0.053712185472249985 5928
1782830788006 0.15265898406505585 5929
1782830788009 0.03048812225461006 5930
1782830788011 0.00794508121907711 5931
1782830788014 0.06921376287937164 5932
1782830788017 0.01750275306403637 5933
1782830788020 0.0787748172879219 5934
1782830788023 0.04335465282201767 5935
1782830788025 0.27480506896972656 5936
1782830788028 0.06298235803842545 5937
1782830788031 0.07586365938186646 5938
1782830788033 0.0241403728723526 5939
1782830788036 0.03014327585697174 5940
1782830788039 0.0035651272628456354 5941
1782830788041 0.3706437945365906 5942
1782830788044 0.10190054774284363 5943
1782830788047 0.021027930080890656 5944
1782830788051 0.11169914901256561 5945
1782830788054 0.01068335771560669 5946
1782830788056 0.019696660339832306 5947
1782830788059 0.012249533087015152 5948
1782830788062 0.19742566347122192 5949
1782830788065 0.09526436775922775 5950
1782830788067 0.019399369135499 5951
1782830788070 0.02262433059513569 5952
1782830788073 0.04104231670498848 5953
1782830788075 0.031409844756126404 5954
1782830788078 0.17649142444133759 5955
1782830788081 0.015213385224342346 5956
1782830788083 0.10293550044298172 5957
1782830788086 0.09846492856740952 5958
1782830788089 0.12843479216098785 5959
1782830788092 0.1865571290254593 5960
1782830788094 0.02614547312259674 5961
1782830788097 0.1038799062371254 5962
1782830788100 0.017145302146673203 5963
1782830788102 0.11403602361679077 5964
1782830788105 0.23858994245529175 5965
1782830788107 0.03695375472307205 5966
1782830788109 0.0019099708879366517 5967
1782830788111 0.04160651937127113 5968
1782830788114 0.24099791049957275 5969
1782830788117 0.039051640778779984 5970
1782830788119 0.01985250785946846 5971
1782830788121 0.1333671510219574 5972
1782830788123 0.0012122219195589423 5973
1782830788126 0.009774615988135338 5974
1782830788128 0.056565992534160614 5975
1782830788130 0.00897538848221302 5976
1782830788132 0.08326685428619385 5977
1782830788135 0.006931769661605358 5978
1782830788136 0.013463141396641731 5979
1782830788139 0.002648071153089404 5980
1782830788141 0.2241770327091217 5981
1782830788143 0.1533804088830948 5982
1782830788145 0.006305568851530552 5983
1782830788147 0.026116466149687767 5984
1782830788149 0.005668504163622856 5985
1782830788151 0.024598989635705948 5986
1782830788153 0.00806492380797863 5987
1782830788155 0.17411379516124725 5988
1782830788157 0.02667163498699665 5989
1782830788160 0.018848761916160583 5990
1782830788162 0.09104806184768677 5991
1782830788164 0.1089504137635231 5992
1782830788166 0.02028234489262104 5993
1782830788168 0.0030924961902201176 5994
1782830788171 0.0006678288336843252 5995
1782830788173 0.018465932458639145 5996
1782830788176 0.11035898327827454 5997
1782830788179 0.05773100629448891 5998
1782830788182 0.08458045870065689 5999
1782830788185 0.0740322470664978 6000
1782830788188 0.007477304898202419 6001
1782830788190 0.002650216221809387 6002
1782830788193 0.1366475224494934 6003
1782830788196 0.1852564513683319 6004
1782830788198 0.017498036846518517 6005
1782830788202 0.15566878020763397 6006
1782830788205 0.11279158294200897 6007
1782830788208 0.017719818279147148 6008
1782830788211 0.14394770562648773 6009
1782830788215 0.01831163465976715 6010
1782830788218 0.06089049205183983 6011
1782830788221 0.2092733234167099 6012
1782830788224 0.04402948170900345 6013
1782830788227 0.004705168306827545 6014
1782830788229 0.1336885243654251 6015
1782830788232 0.08053580671548843 6016
1782830788235 0.26193803548812866 6017
1782830788238 0.0151373827829957 6018
1782830788241 0.07942165434360504 6019
1782830788243 0.016162686049938202 6020
1782830788246 0.06798315048217773 6021
1782830788248 0.15314987301826477 6022
1782830788251 0.0973530188202858 6023
1782830788254 0.029204444959759712 6024
1782830788256 0.015665892511606216 6025
1782830788259 0.137488454580307 6026
1782830788261 0.02926664426922798 6027
1782830788264 0.036920420825481415 6028
1782830788266 0.17098484933376312 6029
1782830788269 0.08387351781129837 6030
1782830788271 0.04301305115222931 6031
1782830788274 0.03587070852518082 6032
1782830788277 0.01879788748919964 6033
1782830788279 0.06521155685186386 6034
1782830788282 0.07661488652229309 6035
1782830788285 0.06138986721634865 6036
1782830788287 0.1725194752216339 6037
1782830788290 0.011562866158783436 6038
1782830788293 0.24644754827022552 6039
1782830788295 0.09831861406564713 6040
1782830788298 0.07261386513710022 6041
1782830788300 0.21593905985355377 6042
1782830788303 0.008941158652305603 6043
1782830788306 0.16919691860675812 6044
1782830788308 0.13300517201423645 6045
1782830788311 0.015698784962296486 6046
1782830788313 0.022461367771029472 6047
1782830788315 0.0013161443639546633 6048
1782830788317 0.05002230405807495 6049
1782830788320 0.10623126477003098 6050
1782830788322 0.15456733107566833 6051
1782830788324 0.2876569628715515 6052
1782830788326 0.024562053382396698 6053
1782830788329 0.03257991001009941 6054
1782830788332 0.021485544741153717 6055
1782830788335 0.025121517479419708 6056
1782830788338 0.07414847612380981 6057
1782830788340 0.05004341900348663 6058
1782830788343 0.11205988377332687 6059
1782830788346 0.06265828758478165 6060
1782830788348 0.09384958446025848 6061
1782830788351 0.03213680535554886 6062
1782830788354 0.005898559000343084 6063
1782830788357 0.023783493787050247 6064
1782830788360 0.23150785267353058 6065
1782830788363 0.005958881229162216 6066
1782830788366 0.01106575969606638 6067
1782830788369 0.049939367920160294 6068
1782830788372 0.08563627302646637 6069
1782830788375 0.007807295303791761 6070
1782830788377 0.005805439315736294 6071
1782830788379 0.06202962249517441 6072
1782830788381 0.009916753508150578 6073
1782830788383 0.12642785906791687 6074
1782830788386 0.027061421424150467 6075
1782830788388 0.0016853043343871832 6076
1782830788390 0.012182911857962608 6077
1782830788392 0.025911955162882805 6078
1782830788394 0.005013791844248772 6079
1782830788397 0.03355013579130173 6080
1782830788399 0.060420796275138855 6081
1782830788401 0.07972971349954605 6082
1782830788403 0.02889607474207878 6083
1782830788405 0.03291109949350357 6084
1782830788408 0.14520657062530518 6085
1782830788410 0.008834884501993656 6086
1782830788412 0.10305514186620712 6087
1782830788415 0.0871177390217781 6088
1782830788418 0.010750770568847656 6089
1782830788420 0.049192532896995544 6090
1782830788423 0.020476646721363068 6091
1782830788426 0.06079229339957237 6092
1782830788428 0.008033223450183868 6093
1782830788431 0.08927624672651291 6094
1782830788434 0.019052330404520035 6095
1782830788437 0.42704254388809204 6096
1782830788440 0.19475743174552917 6097
1782830788442 0.01101594790816307 6098
1782830788445 0.01690782606601715 6099
1782830788449 0.19197143614292145 6100
1782830788452 0.008982663974165916 6101
1782830788454 0.04524989798665047 6102
1782830788458 0.09448038786649704 6103
1782830788460 0.05917399004101753 6104
1782830788463 0.02339162677526474 6105
1782830788466 0.17677608132362366 6106
1782830788469 0.06660999357700348 6107
1782830788471 0.0024368956219404936 6108
1782830788474 0.09929909557104111 6109
1782830788477 0.18416602909564972 6110
1782830788480 0.05934711918234825 6111
1782830788483 0.20161902904510498 6112
1782830788485 0.06273940205574036 6113
1782830788488 0.03927763178944588 6114
1782830788490 0.00997881405055523 6115
1782830788493 0.02862975001335144 6116
1782830788496 0.24652163684368134 6117
1782830788498 0.024282090365886688 6118
1782830788507 0.0933007299900055 6119
1782830788509 0.07668641954660416 6120
1782830788511 0.016148876398801804 6121
1782830788514 0.3769179582595825 6122
1782830788516 0.03654707223176956 6123
1782830788518 0.08961518108844757 6124
1782830788521 0.00931965745985508 6125
1782830788524 0.06509973108768463 6126
1782830788527 0.03291395679116249 6127
1782830788529 0.06687357276678085 6128
1782830788531 0.07022980600595474 6129
1782830788533 0.07697760313749313 6130
1782830788536 0.04521956294775009 6131
1782830788539 0.014980889856815338 6132
1782830788541 0.022268259897828102 6133
1782830788544 0.19946134090423584 6134
1782830788546 0.0060857804492115974 6135
1782830788549 0.004210465122014284 6136
1782830788552 0.08613068610429764 6137
1782830788554 0.16131044924259186 6138
1782830788557 0.03367939963936806 6139
1782830788560 0.0988905280828476 6140
1782830788563 0.11117446422576904 6141
1782830788566 0.029322868213057518 6142
1782830788569 0.10874120891094208 6143
1782830788573 0.20956699550151825 6144
1782830788576 0.019690964370965958 6145
1782830788578 0.0010626694420352578 6146
1782830788582 0.34375590085983276 6147
1782830788585 0.04096408933401108 6148
1782830788588 0.03086617961525917 6149
1782830788591 0.004845132119953632 6150
1782830788593 0.019362470135092735 6151
1782830788596 0.08784499019384384 6152
1782830788599 0.0027445938903838396 6153
1782830788601 0.017042677849531174 6154
1782830788604 0.2133776843547821 6155
1782830788607 0.048833996057510376 6156
1782830788610 0.3182373046875 6157
1782830788612 0.033095210790634155 6158
1782830788615 0.08157449960708618 6159
1782830788618 0.003313064342364669 6160
1782830788621 0.023313816636800766 6161
1782830788624 0.18478482961654663 6162
1782830788626 0.05099582299590111 6163
1782830788629 0.04228903725743294 6164
1782830788631 0.3564096689224243 6165
1782830788634 0.02544332481920719 6166
1782830788637 0.27914148569107056 6167
1782830788640 0.07959450781345367 6168
1782830788642 0.05507072061300278 6169
1782830788645 0.20274727046489716 6170
1782830788648 0.2368888407945633 6171
1782830788651 0.1413438767194748 6172
1782830788653 0.11129927635192871 6173
1782830788656 0.01819838397204876 6174
1782830788659 0.4543810486793518 6175
1782830788661 0.02628917247056961 6176
1782830788664 0.053528524935245514 6177
1782830788666 0.0962885171175003 6178
1782830788669 0.04857904464006424 6179
1782830788672 0.3308180570602417 6180
1782830788674 0.026828866451978683 6181
1782830788677 0.09648054838180542 6182
1782830788680 0.30063459277153015 6183
1782830788683 0.0729709044098854 6184
1782830788686 0.15293386578559875 6185
1782830788690 0.03241576626896858 6186
1782830788693 0.06877875328063965 6187
1782830788695 0.003060408867895603 6188
1782830788698 0.058106765151023865 6189
1782830788701 0.07140329480171204 6190
1782830788703 0.5409872531890869 6191
1782830788706 0.0925857424736023 6192
1782830788709 0.0617249421775341 6193
1782830788711 0.015477466396987438 6194
1782830788714 0.012504328973591328 6195
1782830788717 0.09615050256252289 6196
1782830788720 0.1171349436044693 6197
1782830788723 0.07011137157678604 6198
1782830788725 0.06954843550920486 6199
1782830788728 0.027902808040380478 6200
1782830788731 0.060545071959495544 6201
1782830788734 0.2545798718929291 6202
1782830788736 0.023993346840143204 6203
1782830788739 0.06955152004957199 6204
1782830788742 0.049604661762714386 6205
1782830788744 0.16906288266181946 6206
1782830788747 0.04841916635632515 6207
1782830788750 0.004140621051192284 6208
1782830788752 0.12959226965904236 6209
1782830788755 0.0057846540585160255 6210
1782830788758 0.0642419382929802 6211
1782830788760 0.0849805623292923 6212
1782830788763 0.028553955256938934 6213
1782830788766 0.01816621422767639 6214
1782830788769 0.016581280156970024 6215
1782830788771 0.013507182709872723 6216
1782830788774 0.05473264306783676 6217
1782830788776 0.10730400681495667 6218
1782830788778 0.04576745629310608 6219
1782830788781 0.11522521823644638 6220
1782830788783 0.026842577382922173 6221
1782830788786 0.13208474218845367 6222
1782830788789 0.16435079276561737 6223
1782830788791 0.1427440047264099 6224
1782830788793 0.0026110922917723656 6225
1782830788795 0.014413412660360336 6226
1782830788797 0.10433638095855713 6227
1782830788799 0.041969183832407 6228
1782830788802 0.0641598254442215 6229
1782830788804 0.011997579596936703 6230
1782830788806 0.059188615530729294 6231
1782830788808 0.05084087699651718 6232
1782830788810 0.006920476444065571 6233
1782830788812 0.023688221350312233 6234
1782830788814 0.0948086529970169 6235
1782830788817 0.008770541287958622 6236
1782830788819 0.14671464264392853 6237
1782830788822 0.0024276147596538067 6238
1782830788824 0.12338083237409592 6239
1782830788827 0.40559521317481995 6240
1782830788829 0.09791924059391022 6241
1782830788832 0.01867903769016266 6242
1782830788835 0.1066552996635437 6243
1782830788837 0.11164665967226028 6244
1782830788840 0.15712715685367584 6245
1782830788842 0.2508307695388794 6246
1782830788845 0.01249048113822937 6247
1782830788848 0.009303802624344826 6248
1782830788850 0.04217710718512535 6249
1782830788853 0.021984413266181946 6250
1782830788855 0.08853466808795929 6251
1782830788858 0.1345946341753006 6252
1782830788861 0.044996477663517 6253
1782830788864 0.06264133006334305 6254
1782830788867 0.005429505370557308 6255
1782830788870 0.0691387727856636 6256
1782830788872 0.003786296583712101 6257
1782830788874 0.04812554270029068 6258
1782830788876 0.16625253856182098 6259
1782830788878 0.029451875016093254 6260
1782830788881 0.08935005217790604 6261
1782830788884 0.13482481241226196 6262
1782830788886 0.24298924207687378 6263
1782830788889 0.10056860744953156 6264
1782830788892 0.07422793656587601 6265
1782830788895 0.002327883383259177 6266
1782830788898 0.03838713839650154 6267
1782830788902 0.004064296372234821 6268
1782830788905 0.2631809413433075 6269
1782830788908 0.28977131843566895 6270
1782830788911 0.11258963495492935 6271
1782830788914 0.003930218517780304 6272
1782830788917 0.005450679920613766 6273
1782830788919 0.057654522359371185 6274
1782830788922 0.006119296886026859 6275
1782830788925 0.24911950528621674 6276
1782830788927 0.07685680687427521 6277
1782830788930 0.10317277908325195 6278
1782830788933 0.1811257302761078 6279
1782830788935 0.0238579660654068 6280
1782830788938 0.16989567875862122 6281
1782830788940 0.09710872173309326 6282
1782830788943 0.03099910542368889 6283
1782830788945 0.07541745901107788 6284
1782830788948 0.04557572305202484 6285
1782830788950 0.03500175476074219 6286
1782830788953 0.006035556551069021 6287
1782830788956 0.05916723981499672 6288
1782830788959 0.012244190089404583 6289
1782830788961 0.047946054488420486 6290
1782830788964 0.010749048553407192 6291
1782830788966 0.005943954922258854 6292
1782830788968 0.08325792104005814 6293
1782830788971 0.044605374336242676 6294
1782830788974 0.011551054194569588 6295
1782830788976 0.004941730760037899 6296
1782830788979 0.07597725838422775 6297
1782830788981 0.06901009380817413 6298
1782830788984 0.20357713103294373 6299
1782830788986 0.055968355387449265 6300
1782830788989 0.006483340635895729 6301
1782830788991 0.3522624373435974 6302
1782830788994 0.009207996539771557 6303
1782830788997 0.007805858738720417 6304
1782830789000 0.009053504094481468 6305
1782830789002 0.1010303646326065 6306
1782830789005 0.005799373146146536 6307
1782830789008 0.08904927968978882 6308
1782830789010 0.0580187626183033 6309
1782830789013 0.03541820868849754 6310
1782830789016 0.04621386528015137 6311
1782830789018 0.06785618513822556 6312
1782830789021 0.1205313429236412 6313
1782830789024 0.015644922852516174 6314
1782830789026 0.05585275590419769 6315
1782830789029 0.10755250602960587 6316
1782830789031 0.02145998924970627 6317
1782830789034 0.05524294078350067 6318
1782830789037 0.035811811685562134 6319
1782830789039 0.00893972534686327 6320
1782830789042 0.1461053192615509 6321
1782830789044 0.027859453111886978 6322
1782830789047 0.359479695558548 6323
1782830789050 0.036928318440914154 6324
1782830789052 0.03252861648797989 6325
1782830789055 0.11358703672885895 6326
1782830789058 0.3237060606479645 6327
1782830789060 0.22873975336551666 6328
1782830789063 0.004318660125136375 6329
1782830789066 0.12272116541862488 6330
1782830789068 0.019941944628953934 6331
1782830789071 0.004067113623023033 6332
1782830789073 0.033796027302742004 6333
1782830789076 0.11725791543722153 6334
1782830789078 0.24230636656284332 6335
1782830789081 0.19549871981143951 6336
1782830789083 0.3333529531955719 6337
1782830789085 0.03186958655714989 6338
1782830789088 0.0014056677464395761 6339
1782830789090 0.04095333442091942 6340
1782830789092 0.046686526387929916 6341
1782830789094 0.03306593373417854 6342
1782830789097 0.06133493408560753 6343
1782830789099 0.3628363013267517 6344
1782830789101 0.0024405077565461397 6345
1782830789103 0.35870394110679626 6346
1782830789106 0.06404338777065277 6347
1782830789108 0.27990996837615967 6348
1782830789110 0.30110061168670654 6349
1782830789112 0.122193843126297 6350
1782830789115 0.043927278369665146 6351
1782830789117 0.02782149240374565 6352
1782830789120 0.02793389931321144 6353
1782830789122 0.004979829769581556 6354
1782830789124 0.05118133872747421 6355
1782830789126 0.028194410726428032 6356
1782830789129 0.03875906392931938 6357
1782830789131 0.001989370211958885 6358
1782830789133 0.03699542209506035 6359
1782830789135 0.04210728779435158 6360
1782830789137 0.026576725766062737 6361
1782830789140 0.011903796344995499 6362
1782830789142 0.09555209428071976 6363
1782830789144 0.011244264431297779 6364
1782830789146 0.06529022008180618 6365
1782830789148 0.012880684807896614 6366
1782830789150 0.03941823169589043 6367
1782830789152 0.007729231379926205 6368
1782830789155 0.053516875952482224 6369
1782830789157 0.00586301926523447 6370
1782830789160 0.09831269085407257 6371
1782830789162 0.002955833449959755 6372
1782830789165 0.01665542833507061 6373
1782830789167 0.07480546087026596 6374
1782830789170 0.03526095673441887 6375
1782830789173 0.040532369166612625 6376
1782830789175 0.1690971851348877 6377
1782830789178 0.03905859589576721 6378
1782830789181 0.14081643521785736 6379
1782830789183 0.0327376089990139 6380
1782830789186 0.1411282867193222 6381
1782830789188 0.02597212605178356 6382
1782830789191 0.06537344306707382 6383
1782830789194 0.05584372207522392 6384
1782830789196 0.007159460335969925 6385
1782830789198 0.01571923866868019 6386
1782830789200 0.020613161846995354 6387
1782830789202 0.14726808667182922 6388
1782830789204 0.016102401539683342 6389
1782830789206 0.06276840716600418 6390
1782830789208 0.001482205232605338 6391
1782830789210 0.00919260922819376 6392
1782830789213 0.09705183655023575 6393
1782830789215 0.0008972804062068462 6394
1782830789217 0.014532270841300488 6395
1782830789219 0.1445968598127365 6396
1782830789222 0.009745213203132153 6397
1782830789224 0.11600681394338608 6398
1782830789226 0.09576353430747986 6399
1782830789228 0.22481679916381836 6400
1782830789231 0.06794478744268417 6401
1782830789233 0.04282406345009804 6402
1782830789235 0.07523075491189957 6403
1782830789238 0.1202273964881897 6404
1782830789240 0.228453129529953 6405
1782830789243 0.21247613430023193 6406
1782830789246 0.011619530618190765 6407
1782830789248 0.07989270985126495 6408
1782830789251 0.28865131735801697 6409
1782830789254 0.035885345190763474 6410
1782830789256 0.13984788954257965 6411
1782830789258 0.1343429684638977 6412
1782830789260 0.06099141761660576 6413
1782830789263 0.044957008212804794 6414
1782830789265 0.12528188526630402 6415
1782830789268 0.15387322008609772 6416
1782830789270 0.036070432513952255 6417
1782830789272 0.014281125739216805 6418
1782830789274 0.021933117881417274 6419
1782830789277 0.004132627975195646 6420
1782830789280 0.028073791414499283 6421
1782830789282 0.011314810253679752 6422
1782830789284 0.1654820740222931 6423
1782830789287 0.0043707252480089664 6424
1782830789289 0.1040218323469162 6425
1782830789291 0.09767662733793259 6426
1782830789293 0.00062394212000072 6427
1782830789295 0.021438295021653175 6428
1782830789297 0.02311204932630062 6429
1782830789299 0.10633793473243713 6430
1782830789302 0.2724463641643524 6431
1782830789304 0.005580137018114328 6432
1782830789306 0.005620976909995079 6433
1782830789308 0.019951049238443375 6434
1782830789310 0.22127200663089752 6435
1782830789312 0.06215278059244156 6436
1782830789314 0.09723413735628128 6437
1782830789316 0.08933261036872864 6438
1782830789319 0.003322044387459755 6439
1782830789321 0.15894177556037903 6440
1782830789323 0.019179310649633408 6441
1782830789325 0.007969429716467857 6442
1782830789327 0.00508227851241827 6443
1782830789329 0.039010096341371536 6444
1782830789331 0.20762719213962555 6445
1782830789334 0.004614930599927902 6446
1782830789336 0.03298817202448845 6447
1782830789338 0.02951076440513134 6448
1782830789340 0.0032772948034107685 6449
1782830789342 0.010101988911628723 6450
1782830789344 0.02503204345703125 6451
1782830789346 0.42780816555023193 6452
1782830789348 0.13503213226795197 6453
1782830789350 0.14250260591506958 6454
1782830789352 0.23914523422718048 6455
1782830789354 0.162429079413414 6456
1782830789356 0.015089659951627254 6457
1782830789358 0.009163299575448036 6458
1782830789361 0.11486515402793884 6459
1782830789363 0.005253496114164591 6460
1782830789365 0.010255523025989532 6461
1782830789367 0.20383338630199432 6462
1782830789369 0.18977108597755432 6463
1782830789371 0.019077958539128304 6464
1782830789373 0.007029792293906212 6465
1782830789375 0.021650362759828568 6466
1782830789377 0.027554677799344063 6467
1782830789379 0.08705784380435944 6468
1782830789382 0.10594460368156433 6469
1782830789384 0.014005244709551334 6470
1782830789386 0.20349743962287903 6471
1782830789389 0.027782227843999863 6472
1782830789391 0.02345951460301876 6473
1782830789393 0.09534963220357895 6474
1782830789395 0.10530325025320053 6475
1782830789397 0.0762176513671875 6476
1782830789399 0.04292083531618118 6477
1782830789401 0.1590127944946289 6478
1782830789403 0.08417684584856033 6479
1782830789405 0.007532703690230846 6480
1782830789408 0.05939028784632683 6481
1782830789410 0.1844112128019333 6482
1782830789412 0.04230804741382599 6483
1782830789414 0.10890495777130127 6484
1782830789416 0.4574751555919647 6485
1782830789418 0.03398101031780243 6486
1782830789421 0.07674023509025574 6487
1782830789423 0.3186987638473511 6488
1782830789425 0.03427894040942192 6489
1782830789427 0.06386101990938187 6490
1782830789429 0.03672472760081291 6491
1782830789431 0.01271635852754116 6492
1782830789433 0.030193904414772987 6493
1782830789435 0.3155132234096527 6494
1782830789437 0.0021298842038959265 6495
1782830789440 0.07955192029476166 6496
1782830789442 0.012774440459907055 6497
1782830789444 0.0727827325463295 6498
1782830789446 0.06613215804100037 6499
1782830789448 0.26745614409446716 6500
1782830789450 0.013684626668691635 6501
1782830789452 0.014445247128605843 6502
1782830789454 0.02817695215344429 6503
1782830789456 0.15501335263252258 6504
1782830789458 0.05488555505871773 6505
1782830789461 0.24953962862491608 6506
1782830789463 0.1732224076986313 6507
1782830789465 0.020767202600836754 6508
1782830789467 0.04396701976656914 6509
1782830789469 0.07157865166664124 6510
1782830789471 0.03487514331936836 6511
1782830789473 0.004973534494638443 6512
1782830789475 0.014646794646978378 6513
1782830789477 0.05359695106744766 6514
1782830789479 0.174212247133255 6515
1782830789482 0.009730578400194645 6516
1782830789484 0.20899049937725067 6517
1782830789486 0.04029189050197601 6518
1782830789489 0.010612718760967255 6519
1782830789491 0.06371942907571793 6520
1782830789494 0.05511688441038132 6521
1782830789496 0.02431684173643589 6522
1782830789499 0.01796770468354225 6523
1782830789502 0.2166077196598053 6524
1782830789504 0.13585114479064941 6525
1782830789507 0.08153843879699707 6526
1782830789509 0.07018204778432846 6527
1782830789512 0.030473630875349045 6528
1782830789514 0.003348537487909198 6529
1782830789517 0.010156923905014992 6530
1782830789520 0.29767629504203796 6531
1782830789524 0.11747604608535767 6532
1782830789527 0.07208412885665894 6533
1782830789530 0.1513427495956421 6534
1782830789533 0.6151739358901978 6535
1782830789535 0.08943262696266174 6536
1782830789538 0.0027388921007514 6537
1782830789540 0.054856978356838226 6538
1782830789542 0.0431550033390522 6539
1782830789544 0.053820621222257614 6540
1782830789546 0.43374601006507874 6541
1782830789548 0.003468432929366827 6542
1782830789550 0.04088853299617767 6543
1782830789552 0.06213910132646561 6544
1782830789555 0.027283664792776108 6545
1782830789557 0.05678622052073479 6546
1782830789559 0.09055448323488235 6547
1782830789561 0.04599107801914215 6548
1782830789563 0.02110181376338005 6549
1782830789565 0.1625846028327942 6550
1782830789567 0.0180183257907629 6551
1782830789569 0.006062119733542204 6552
1782830789571 0.16234800219535828 6553
1782830789574 0.0214841365814209 6554
1782830789576 0.026768198236823082 6555
1782830789578 0.2150288224220276 6556
1782830789580 0.04745389521121979 6557
1782830789582 0.047401413321495056 6558
1782830789584 0.09302210807800293 6559
1782830789586 0.02796328440308571 6560
1782830789588 0.07746730744838715 6561
1782830789590 0.006936743855476379 6562
1782830789592 0.03143937140703201 6563
1782830789594 0.04964934289455414 6564
1782830789596 0.04961027204990387 6565
1782830789599 0.24870721995830536 6566
1782830789601 0.062100209295749664 6567
1782830789603 0.158219113945961 6568
1782830789605 0.03368841111660004 6569
1782830789608 0.03435472026467323 6570
1782830789610 0.06033027172088623 6571
1782830789612 0.005809555295854807 6572
1782830789614 0.297298789024353 6573
1782830789616 0.32070907950401306 6574
1782830789619 0.01772533915936947 6575
1782830789621 0.07622984051704407 6576
1782830789623 0.14199860394001007 6577
1782830789625 0.07131372392177582 6578
1782830789628 0.18104594945907593 6579
1782830789630 0.09944210946559906 6580
1782830789632 0.13712739944458008 6581
1782830789634 0.04417591169476509 6582
1782830789636 0.051010534167289734 6583
1782830789638 0.08696208149194717 6584
1782830789641 0.4173397421836853 6585
1782830789643 0.16467474400997162 6586
1782830789645 0.11192217469215393 6587
1782830789647 0.17806260287761688 6588
1782830789649 0.10448962450027466 6589
1782830789652 0.1448085606098175 6590
1782830789654 0.02638375200331211 6591
1782830789656 0.030887722969055176 6592
1782830789658 0.019242577254772186 6593
1782830789660 0.05633276328444481 6594
1782830789662 0.0420343242585659 6595
1782830789664 0.20465026795864105 6596
1782830789666 0.23724928498268127 6597
1782830789668 0.04377106577157974 6598
1782830789670 0.0812452957034111 6599
1782830789673 0.02602304518222809 6600
1782830789675 0.0066681066527962685 6601
1782830789677 0.010074486956000328 6602
1782830789679 0.015355526469647884 6603
1782830789682 0.08927412331104279 6604
1782830789684 0.007343709468841553 6605
1782830789686 0.005367627367377281 6606
1782830789688 0.09380443394184113 6607
1782830789690 0.02487223781645298 6608
1782830789693 0.26100072264671326 6609
1782830789695 0.4267407953739166 6610
1782830789697 0.04838830977678299 6611
1782830789699 0.03420272469520569 6612
1782830789701 0.09516242891550064 6613
1782830789703 0.02244328334927559 6614
1782830789705 0.180373877286911 6615
1782830789708 0.14602632820606232 6616
1782830789710 0.0062659503892064095 6617
1782830789712 0.1400379091501236 6618
1782830789714 0.4252319037914276 6619
1782830789717 0.010817277245223522 6620
1782830789719 0.08314100652933121 6621
1782830789722 0.07375092804431915 6622
1782830789724 0.003177251201122999 6623
1782830789726 0.09339937567710876 6624
1782830789728 0.1605277955532074 6625
1782830789730 0.17985843122005463 6626
1782830789733 0.157878115773201 6627
1782830789735 0.13018853962421417 6628
1782830789737 0.0034567208494991064 6629
1782830789739 0.0029475598130375147 6630
1782830789741 0.013370662927627563 6631
1782830789744 0.2504814863204956 6632
1782830789746 0.01803092285990715 6633
1782830789748 0.035334136337041855 6634
1782830789750 0.17284654080867767 6635
1782830789752 0.06719661504030228 6636
1782830789754 0.03236279636621475 6637
1782830789756 0.11770644783973694 6638
1782830789759 0.03780233860015869 6639
1782830789761 0.07930849492549896 6640
1782830789763 0.0758565291762352 6641
1782830789765 0.021995784714818 6642
1782830789768 0.1255609393119812 6643
1782830789771 0.09156667441129684 6644
1782830789773 0.009247233159840107 6645
1782830789776 0.11353636533021927 6646
1782830789778 0.001275367452763021 6647
1782830789781 0.3126974403858185 6648
1782830789784 0.15810631215572357 6649
1782830789786 0.23096181452274323 6650
1782830789789 0.01822029799222946 6651
1782830789791 0.13964466750621796 6652
1782830789794 0.1531984657049179 6653
1782830789797 0.14227192103862762 6654
1782830789799 0.015537216328084469 6655
1782830789802 0.13465934991836548 6656
1782830789804 0.181621253490448 6657
1782830789807 0.05100179836153984 6658
1782830789810 0.1764848828315735 6659
1782830789812 0.14411501586437225 6660
1782830789815 0.032239869236946106 6661
1782830789818 0.16192784905433655 6662
1782830789821 0.03014441765844822 6663
1782830789823 0.19843922555446625 6664
1782830789825 0.04151239991188049 6665
1782830789827 0.08557387441396713 6666
1782830789829 0.07733938097953796 6667
1782830789831 0.007560857571661472 6668
1782830789833 0.002680140780285001 6669
1782830789835 0.03840827941894531 6670
1782830789838 0.004897355567663908 6671
1782830789840 0.30498096346855164 6672
1782830789842 0.07219076156616211 6673
1782830789844 0.04102491959929466 6674
1782830789846 0.20228451490402222 6675
1782830789848 0.1683294177055359 6676
1782830789850 0.14856848120689392 6677
1782830789853 0.07453417778015137 6678
1782830789855 0.040860846638679504 6679
1782830789857 0.040672335773706436 6680
1782830789859 0.10045729577541351 6681
1782830789861 0.13600897789001465 6682
1782830789863 0.006056646816432476 6683
1782830789866 0.15671448409557343 6684
1782830789869 0.014194894582033157 6685
1782830789871 0.16332438588142395 6686
1782830789874 0.0022159095387905836 6687
1782830789876 0.39960983395576477 6688
1782830789879 0.019574806094169617 6689
1782830789882 0.18970920145511627 6690
1782830789884 0.1030324399471283 6691
1782830789887 0.03031761385500431 6692
1782830789890 0.009667464531958103 6693
1782830789892 0.11016117036342621 6694
1782830789895 0.23561535775661469 6695
1782830789897 0.06741210073232651 6696
1782830789900 0.09665637463331223 6697
1782830789903 0.030040010809898376 6698
1782830789905 0.35288697481155396 6699
1782830789908 0.03767922893166542 6700
1782830789910 0.028272895142436028 6701
1782830789913 0.02031882479786873 6702
1782830789915 0.020699184387922287 6703
1782830789918 0.10905734449625015 6704
1782830789920 0.007132804486900568 6705
1782830789922 0.44125276803970337 6706
1782830789924 0.09092921763658524 6707
1782830789926 0.017361506819725037 6708
1782830789928 0.15482443571090698 6709
1782830789930 0.07068174332380295 6710
1782830789932 0.03637995570898056 6711
1782830789934 0.10566507279872894 6712
1782830789936 0.046786654740571976 6713
1782830789939 0.06714143604040146 6714
1782830789941 0.00761582562699914 6715
1782830789943 0.05354263260960579 6716
1782830789945 0.019440073519945145 6717
1782830789947 0.24605275690555573 6718
1782830789949 0.0033347420394420624 6719
1782830789951 0.21770824491977692 6720
1782830789953 0.11986979097127914 6721
1782830789956 0.012149577960371971 6722
1782830789958 0.004711054731160402 6723
1782830789960 0.11897284537553787 6724
1782830789962 0.015378249809145927 6725
1782830789964 0.014708428643643856 6726
1782830789966 0.15137097239494324 6727
1782830789968 0.4417075514793396 6728
1782830789970 0.0809236392378807 6729
1782830789972 0.08190657943487167 6730
1782830789974 0.0735550969839096 6731
1782830789977 0.018916882574558258 6732
1782830789980 0.03370014205574989 6733
1782830789982 0.006348115392029285 6734
1782830789985 0.04825533553957939 6735
1782830789988 0.025773659348487854 6736
1782830789990 0.02481027878820896 6737
1782830789993 0.1596199870109558 6738
1782830789996 0.19014865159988403 6739
1782830789999 0.07489092648029327 6740
1782830790001 0.20065172016620636 6741
1782830790004 0.035952139645814896 6742
1782830790007 0.003827733686193824 6743
1782830790009 0.2973775565624237 6744
1782830790012 0.043564070016145706 6745
1782830790014 0.0029195803217589855 6746
1782830790016 0.026151930913329124 6747
1782830790018 0.17191335558891296 6748
1782830790020 0.26402002573013306 6749
1782830790023 0.012952931225299835 6750
1782830790025 0.008035322651267052 6751
1782830790027 0.25650641322135925 6752
1782830790029 0.02521873265504837 6753
1782830790031 0.19518503546714783 6754
1782830790033 0.6623014807701111 6755
1782830790036 0.16200867295265198 6756
1782830790038 0.23269763588905334 6757
1782830790040 0.03310297429561615 6758
1782830790042 0.26384520530700684 6759
1782830790045 0.10325869917869568 6760
1782830790047 0.05682961642742157 6761
1782830790049 0.009541511535644531 6762
1782830790051 0.06958431750535965 6763
1782830790053 0.04354536160826683 6764
1782830790055 0.08853147178888321 6765
1782830790057 0.21747541427612305 6766
1782830790059 0.015875643119215965 6767
1782830790061 0.026128945872187614 6768
1782830790063 0.11864035576581955 6769
1782830790066 0.08060312271118164 6770
1782830790068 0.041562046855688095 6771
1782830790070 0.12277773022651672 6772
1782830790072 0.06658567488193512 6773
1782830790074 0.13196666538715363 6774
1782830790076 0.14238648116588593 6775
1782830790078 0.04675845056772232 6776
1782830790080 0.06932707875967026 6777
1782830790082 0.08337707072496414 6778
1782830790085 0.2125551551580429 6779
1782830790087 0.10718733072280884 6780
1782830790089 0.010733245871961117 6781
1782830790091 0.03539859130978584 6782
1782830790093 0.2821766138076782 6783
1782830790096 0.010880379006266594 6784
1782830790098 0.00910069141536951 6785
1782830790100 0.01573438197374344 6786
1782830790102 0.013797297142446041 6787
1782830790104 0.03353868052363396 6788
1782830790106 0.0442848764359951 6789
1782830790108 0.08681663870811462 6790
1782830790110 0.03482593968510628 6791
1782830790112 0.04486234113574028 6792
1782830790115 0.11327695101499557 6793
1782830790117 0.1162765771150589 6794
1782830790120 0.01283715758472681 6795
1782830790122 0.03391106799244881 6796
1782830790125 0.2259773164987564 6797
1782830790127 0.06771093606948853 6798
1782830790130 0.20487329363822937 6799
1782830790133 0.18814551830291748 6800
1782830790135 0.3012620508670807 6801
1782830790138 0.19542282819747925 6802
1782830790141 0.009891444817185402 6803
1782830790143 0.09394887834787369 6804
1782830790146 0.04860858619213104 6805
1782830790148 0.07248944044113159 6806
1782830790151 0.19016921520233154 6807
1782830790153 0.048531897366046906 6808
1782830790155 0.05301734432578087 6809
1782830790157 0.005040155723690987 6810
1782830790159 0.08723340928554535 6811
1782830790161 0.00944679044187069 6812
1782830790163 0.18186484277248383 6813
1782830790165 0.017014268785715103 6814
1782830790168 0.0770701915025711 6815
1782830790170 0.06989621371030807 6816
1782830790172 0.1349565088748932 6817
1782830790174 0.12719684839248657 6818
1782830790176 0.11978654563426971 6819
1782830790178 0.13172972202301025 6820
1782830790180 0.036622483283281326 6821
1782830790182 0.10606777667999268 6822
1782830790184 0.07861955463886261 6823
1782830790186 0.04841665178537369 6824
1782830790189 0.03703872859477997 6825
1782830790191 0.09468361735343933 6826
1782830790193 0.18749988079071045 6827
1782830790195 0.17020104825496674 6828
1782830790197 0.0553584024310112 6829
1782830790199 0.02012082375586033 6830
1782830790202 0.05663445591926575 6831
1782830790204 0.09332995861768723 6832
1782830790206 0.07898550480604172 6833
1782830790208 0.1430184543132782 6834
1782830790210 0.15993167459964752 6835
1782830790212 0.14542146027088165 6836
1782830790214 0.08981410413980484 6837
1782830790216 0.005438662134110928 6838
1782830790219 0.026292268186807632 6839
1782830790221 0.12381402403116226 6840
1782830790223 0.04824945703148842 6841
1782830790226 0.25776273012161255 6842
1782830790228 0.17338770627975464 6843
1782830790230 0.17918552458286285 6844
1782830790232 0.004191387444734573 6845
1782830790234 0.06679311394691467 6846
1782830790237 0.37687164545059204 6847
1782830790239 0.021388685330748558 6848
1782830790241 0.14792534708976746 6849
1782830790243 0.4616435766220093 6850
1782830790246 0.07241702824831009 6851
1782830790248 0.15666604042053223 6852
1782830790251 0.05766521021723747 6853
1782830790253 0.03460090607404709 6854
1782830790255 0.014089148491621017 6855
1782830790257 0.12017303705215454 6856
1782830790260 0.3007485568523407 6857
1782830790262 0.06768998503684998 6858
1782830790264 0.040042657405138016 6859
1782830790266 0.03730887919664383 6860
1782830790268 0.04514423385262489 6861
1782830790270 0.1505758911371231 6862
1782830790272 0.11606836318969727 6863
1782830790274 0.008531243540346622 6864
1782830790277 0.03739715367555618 6865
1782830790279 0.02185765653848648 6866
1782830790281 0.019493896514177322 6867
1782830790283 0.005841376259922981 6868
1782830790285 0.0627327561378479 6869
1782830790287 0.2712886929512024 6870
1782830790289 0.022459160536527634 6871
1782830790292 0.12500301003456116 6872
1782830790294 0.03927047178149223 6873
1782830790296 0.05314936116337776 6874
1782830790298 0.021610945463180542 6875
1782830790300 0.11401624977588654 6876
1782830790302 0.008236700668931007 6877
1782830790305 0.08468650281429291 6878
1782830790307 0.27501505613327026 6879
1782830790310 0.011186212301254272 6880
1782830790312 0.20276020467281342 6881
1782830790315 0.07783347368240356 6882
1782830790318 0.21770861744880676 6883
1782830790321 0.05282336845993996 6884
1782830790324 0.09087647497653961 6885
1782830790326 0.15349483489990234 6886
1782830790329 0.24982115626335144 6887
1782830790332 0.2797079086303711 6888
1782830790335 0.04390690103173256 6889
1782830790338 0.13963431119918823 6890
1782830790341 0.07073838263750076 6891
1782830790343 0.01131961029022932 6892
1782830790347 0.17527787387371063 6893
1782830790349 0.11952493339776993 6894
1782830790352 0.16240918636322021 6895
1782830790355 0.15305207669734955 6896
1782830790359 0.038511041551828384 6897
1782830790362 0.10690370947122574 6898
1782830790364 0.02061670832335949 6899
1782830790368 0.06060529872775078 6900
1782830790370 0.22376026213169098 6901
1782830790376 0.1604442298412323 6902
1782830790379 0.022395271807909012 6903
1782830790382 0.09044961631298065 6904
1782830790385 0.07417060434818268 6905
1782830790387 0.07466436177492142 6906
1782830790390 0.1812296360731125 6907
1782830790393 0.07778577506542206 6908
1782830790396 0.20488551259040833 6909
1782830790399 0.047685373574495316 6910
1782830790402 0.11795716732740402 6911
1782830790405 0.024732423946261406 6912
1782830790409 0.06681403517723083 6913
1782830790412 0.10115674138069153 6914
1782830790415 0.13028517365455627 6915
1782830790418 0.43623918294906616 6916
1782830790420 0.32565462589263916 6917
1782830790423 0.032797664403915405 6918
1782830790425 0.13229581713676453 6919
1782830790427 0.456545352935791 6920
1782830790429 0.04935862869024277 6921
1782830790431 0.02999006025493145 6922
1782830790434 0.001985674723982811 6923
1782830790436 0.038829971104860306 6924
1782830790439 0.06957398355007172 6925
1782830790441 0.010267168283462524 6926
1782830790443 0.08010119944810867 6927
1782830790445 0.5841275453567505 6928
1782830790448 0.012791169807314873 6929
1782830790450 0.17784307897090912 6930
1782830790453 0.3827836215496063 6931
1782830790455 0.32172343134880066 6932
1782830790457 0.1995893269777298 6933
1782830790459 0.1547699272632599 6934
1782830790462 0.018779566511511803 6935
1782830790464 0.002805467927828431 6936
1782830790466 0.012840013019740582 6937
1782830790468 0.29460012912750244 6938
1782830790471 0.2632114291191101 6939
1782830790473 0.05653008818626404 6940
1782830790475 0.07892345637083054 6941
1782830790478 0.16142213344573975 6942
1782830790480 0.010898344218730927 6943
1782830790482 0.11248860508203506 6944
1782830790485 0.1548851579427719 6945
1782830790487 0.022512732073664665 6946
1782830790490 0.021959146484732628 6947
1782830790492 0.16659829020500183 6948
1782830790494 0.12468229234218597 6949
1782830790497 0.1614728718996048 6950
1782830790499 0.06169137358665466 6951
1782830790501 0.15084046125411987 6952
1782830790504 0.01857588067650795 6953
1782830790506 0.13171842694282532 6954
1782830790508 0.06378138810396194 6955
1782830790510 0.3138820230960846 6956
1782830790513 0.1446775197982788 6957
1782830790515 0.11968974024057388 6958
1782830790518 0.0053939917124807835 6959
1782830790521 0.04281804710626602 6960
1782830790524 0.02116338349878788 6961
1782830790526 0.048420507460832596 6962
1782830790529 0.04704057797789574 6963
1782830790531 0.01535658910870552 6964
1782830790533 0.014657199382781982 6965
1782830790535 0.021310720592737198 6966
1782830790537 0.013221615925431252 6967
1782830790539 0.2382161021232605 6968
1782830790541 0.05633331462740898 6969
1782830790543 0.2554841637611389 6970
1782830790545 0.0816950649023056 6971
1782830790547 0.054993875324726105 6972
1782830790549 0.20247650146484375 6973
1782830790551 0.022469937801361084 6974
1782830790553 0.1624184399843216 6975
1782830790556 0.011134003289043903 6976
1782830790558 0.2047758400440216 6977
1782830790560 0.13769039511680603 6978
1782830790562 0.07365957647562027 6979
1782830790564 0.09950649738311768 6980
1782830790566 0.42529264092445374 6981
1782830790568 0.014550603926181793 6982
1782830790570 0.006262419745326042 6983
1782830790572 0.017375869676470757 6984
1782830790574 0.008766182698309422 6985
1782830790576 0.014137161895632744 6986
1782830790578 0.4187759757041931 6987
1782830790581 0.07634935528039932 6988
1782830790583 0.18144889175891876 6989
1782830790585 0.045213207602500916 6990
1782830790587 0.018306789919734 6991
1782830790589 0.014839363284409046 6992
1782830790591 0.1820470690727234 6993
1782830790593 0.043801065534353256 6994
1782830790595 0.008685620501637459 6995
1782830790597 0.03299944847822189 6996
1782830790599 0.06625017523765564 6997
1782830790601 0.012538819573819637 6998
1782830790603 0.1357605904340744 6999
1782830790606 0.09948000311851501 7000
1782830790608 0.002479182556271553 7001
1782830790611 0.23292875289916992 7002
1782830790613 0.016199856996536255 7003
1782830790615 0.04012570530176163 7004
1782830790617 0.15500511229038239 7005
1782830790620 0.048626046627759933 7006
1782830790622 0.32145121693611145 7007
1782830790625 0.0560191348195076 7008
1782830790627 0.02839689329266548 7009
1782830790629 0.17760255932807922 7010
1782830790631 0.2280205488204956 7011
1782830790634 0.13471105694770813 7012
1782830790636 0.21500112116336823 7013
1782830790638 0.03424597904086113 7014
1782830790641 0.06055701524019241 7015
1782830790643 0.03288736194372177 7016
1782830790645 0.02504129707813263 7017
1782830790648 0.11137828230857849 7018
1782830790650 0.04522949457168579 7019
1782830790653 0.21614915132522583 7020
1782830790655 0.0222253929823637 7021
1782830790657 0.15000499784946442 7022
1782830790660 0.23351061344146729 7023
1782830790662 0.012641428038477898 7024
1782830790664 0.09076064825057983 7025
1782830790666 0.04387296363711357 7026
1782830790669 0.03290426358580589 7027
1782830790671 0.02532351389527321 7028
1782830790673 0.10467413812875748 7029
1782830790677 0.008977252058684826 7030
1782830790680 0.10166866332292557 7031
1782830790682 0.30863118171691895 7032
1782830790685 0.16311697661876678 7033
1782830790689 0.23589222133159637 7034
1782830790692 0.241104856133461 7035
1782830790695 0.10737244784832001 7036
1782830790697 0.186879962682724 7037
1782830790700 0.0020615162793546915 7038
1782830790703 0.18538902699947357 7039
1782830790705 0.04324661195278168 7040
1782830790708 0.06222234293818474 7041
1782830790711 0.022629575803875923 7042
1782830790714 0.023824509233236313 7043
1782830790717 0.06855028122663498 7044
1782830790721 0.04178173094987869 7045
1782830790723 0.014687811024487019 7046
1782830790726 0.009246818721294403 7047
1782830790729 0.00853764358907938 7048
1782830790732 0.08270271867513657 7049
1782830790735 0.4059140086174011 7050
1782830790737 0.11677633970975876 7051
1782830790740 0.03335585072636604 7052
1782830790743 0.07786475867033005 7053
1782830790745 0.0567203126847744 7054
1782830790748 0.027972860261797905 7055
1782830790751 0.009289678186178207 7056
1782830790753 0.019349118694663048 7057
1782830790756 0.15869629383087158 7058
1782830790759 0.05684972181916237 7059
1782830790762 0.149529829621315 7060
1782830790764 0.04524890333414078 7061
1782830790767 0.01957758143544197 7062
1782830790770 0.1058565080165863 7063
1782830790773 0.04184649884700775 7064
1782830790775 0.09705829620361328 7065
1782830790778 0.22693200409412384 7066
1782830790781 0.37059345841407776 7067
1782830790783 0.061886150389909744 7068
1782830790786 0.02254815772175789 7069
1782830790788 0.2285950630903244 7070
1782830790791 0.019288362935185432 7071
1782830790794 0.00410886574536562 7072
1782830790796 0.3183477818965912 7073
1782830790799 0.0020278433803468943 7074
1782830790802 0.07741376012563705 7075
1782830790804 0.02546781301498413 7076
1782830790807 0.026756418868899345 7077
1782830790810 0.06570003181695938 7078
1782830790812 0.05762391537427902 7079
1782830790815 0.08366397768259048 7080
1782830790818 0.3599463999271393 7081
1782830790820 0.018189333379268646 7082
1782830790823 0.002208955120295286 7083
1782830790826 0.03548761084675789 7084
1782830790828 0.0752595067024231 7085
1782830790831 0.05572465807199478 7086
1782830790834 0.10067655891180038 7087
1782830790836 0.0030148003716021776 7088
1782830790839 0.07682502269744873 7089
1782830790842 0.07293117791414261 7090
1782830790844 0.03524823859333992 7091
1782830790847 0.12349753081798553 7092
1782830790850 0.3469521105289459 7093
1782830790852 0.04030228033661842 7094
1782830790855 0.023132260888814926 7095
1782830790858 0.20821575820446014 7096
1782830790861 0.18914757668972015 7097
1782830790863 0.24198803305625916 7098
1782830790866 0.018966253846883774 7099
1782830790869 0.10467233508825302 7100
1782830790871 0.1065966784954071 7101
1782830790874 0.07725001871585846 7102
1782830790877 0.07166992127895355 7103
1782830790879 0.22374694049358368 7104
1782830790882 0.02207181043922901 7105
1782830790885 0.051982007920742035 7106
1782830790888 0.24363265931606293 7107
1782830790890 0.003980609588325024 7108
1782830790893 0.009790915064513683 7109
1782830790896 0.038724396377801895 7110
1782830790898 0.09789623320102692 7111
1782830790901 0.16486987471580505 7112
1782830790904 0.06057453155517578 7113
1782830790906 0.032106366008520126 7114
1782830790909 0.019033201038837433 7115
1782830790911 0.14869503676891327 7116
1782830790914 0.16020837426185608 7117
1782830790917 0.2277418076992035 7118
1782830790920 0.03808971494436264 7119
1782830790922 0.1619185358285904 7120
1782830790925 0.03902052342891693 7121
1782830790928 0.025090930983424187 7122
1782830790931 0.24305418133735657 7123
1782830790933 0.005690522957593203 7124
1782830790936 0.22341367602348328 7125
1782830790939 0.1522764265537262 7126
1782830790941 0.0659647211432457 7127
1782830790944 0.1564919799566269 7128
1782830790947 0.08353548496961594 7129
1782830790949 0.05883890017867088 7130
1782830790952 0.017020389437675476 7131
1782830790954 0.08848676085472107 7132
1782830790957 0.2827700078487396 7133
1782830790960 0.2754289209842682 7134
1782830790963 0.03207071125507355 7135
1782830790965 0.04778502136468887 7136
1782830790968 0.022529257461428642 7137
1782830790971 0.004534771200269461 7138
1782830790974 0.012049132958054543 7139
1782830790976 0.08374680578708649 7140
1782830790979 0.10351613909006119 7141
1782830790982 0.0813329741358757 7142
1782830790984 0.050947483628988266 7143
1782830790986 0.23343652486801147 7144
1782830790988 0.04691540449857712 7145
1782830790990 0.0214557982981205 7146
1782830790992 0.0722891092300415 7147
1782830790995 0.05504884570837021 7148
1782830790997 0.15639379620552063 7149
1782830790999 0.02156100422143936 7150
1782830791001 0.026614248752593994 7151
1782830791004 0.07334081083536148 7152
1782830791006 0.00918695330619812 7153
1782830791008 0.20882050693035126 7154
1782830791010 0.0742679312825203 7155
1782830791012 0.017062271013855934 7156
1782830791015 0.4385986626148224 7157
1782830791017 0.34165263175964355 7158
1782830791019 0.1948213279247284 7159
1782830791021 0.03344239667057991 7160
1782830791023 0.07862617820501328 7161
1782830791025 0.07243595272302628 7162
1782830791028 0.007660827599465847 7163
1782830791030 0.02650514245033264 7164
1782830791032 0.040103647857904434 7165
1782830791034 0.1335594803094864 7166
1782830791036 0.2394484430551529 7167
1782830791038 0.22366273403167725 7168
1782830791040 0.07440019398927689 7169
1782830791042 0.024330176413059235 7170
1782830791044 0.22065293788909912 7171
1782830791047 0.004936641547828913 7172
1782830791049 0.14668896794319153 7173
1782830791051 0.04025934264063835 7174
1782830791053 0.08014189451932907 7175
1782830791055 0.1185106635093689 7176
1782830791057 0.09467858821153641 7177
1782830791059 0.10475851595401764 7178
1782830791061 0.04740176349878311 7179
1782830791063 0.03989632427692413 7180
1782830791066 0.30745360255241394 7181
1782830791068 0.12855075299739838 7182
1782830791070 0.06596233695745468 7183
1782830791072 0.06654099375009537 7184
1782830791074 0.12995857000350952 7185
1782830791076 0.02003602311015129 7186
1782830791078 0.0074644070118665695 7187
1782830791080 0.04921325668692589 7188
1782830791082 0.04850935935974121 7189
1782830791084 0.10382730513811111 7190
1782830791087 0.012481081299483776 7191
1782830791092 0.03155558556318283 7192
1782830791094 0.0825088620185852 7193
1782830791096 0.23854753375053406 7194
1782830791098 0.0068913912400603294 7195
1782830791100 0.13263270258903503 7196
1782830791102 0.12912030518054962 7197
1782830791104 0.0013134728651493788 7198
1782830791106 0.00483414251357317 7199
1782830791108 0.0564291886985302 7200
1782830791110 0.004662974271923304 7201
1782830791112 0.09068615734577179 7202
1782830791115 0.0459221750497818 7203
1782830791117 0.32039737701416016 7204
1782830791119 0.09807101637125015 7205
1782830791121 0.3010729253292084 7206
1782830791123 0.03322485461831093 7207
1782830791125 0.07508092373609543 7208
1782830791128 0.010222976095974445 7209
1782830791130 0.17951500415802002 7210
1782830791132 0.07027925550937653 7211
1782830791134 0.04243659973144531 7212
1782830791136 0.15081541240215302 7213
1782830791138 0.08016085624694824 7214
1782830791141 0.07570702582597733 7215
1782830791143 0.06709238886833191 7216
1782830791145 0.08721497654914856 7217
1782830791147 0.013412664644420147 7218
1782830791149 0.05988214537501335 7219
1782830791151 0.08159317076206207 7220
1782830791153 0.06956944614648819 7221
1782830791155 0.0026736559811979532 7222
1782830791157 0.004114256240427494 7223
1782830791160 0.3604655861854553 7224
1782830791162 0.169138565659523 7225
1782830791164 0.18945494294166565 7226
1782830791166 0.03269499912858009 7227
1782830791168 0.15376074612140656 7228
1782830791171 0.19465473294258118 7229
1782830791173 0.11615145951509476 7230
1782830791175 0.0647098645567894 7231
1782830791177 0.18833068013191223 7232
1782830791179 0.016038162633776665 7233
1782830791182 0.08436962217092514 7234
1782830791184 0.10351936519145966 7235
1782830791186 0.0879521444439888 7236
1782830791188 0.030113518238067627 7237
1782830791191 0.04408235847949982 7238
1782830791194 0.022026799619197845 7239
1782830791198 0.059453900903463364 7240
1782830791202 0.3350135087966919 7241
1782830791205 0.04288085922598839 7242
1782830791208 0.28157877922058105 7243
1782830791210 0.1552032083272934 7244
1782830791213 0.007112591993063688 7245
1782830791217 0.06670146435499191 7246
1782830791220 0.10324282944202423 7247
1782830791223 0.029688937589526176 7248
1782830791226 0.07856824994087219 7249
1782830791229 0.12207356840372086 7250
1782830791232 0.012916970066726208 7251
1782830791234 0.20357836782932281 7252
1782830791237 0.10936176776885986 7253
1782830791240 0.09773796796798706 7254
1782830791242 0.00992372166365385 7255
1782830791245 0.1920628845691681 7256
1782830791248 0.09044021368026733 7257
1782830791250 0.037132952362298965 7258
1782830791253 0.13169927895069122 7259
1782830791256 0.027489259839057922 7260
1782830791258 0.1422429084777832 7261
1782830791261 0.11799467355012894 7262
1782830791263 0.18572688102722168 7263
1782830791265 0.007997732609510422 7264
1782830791268 0.17626671493053436 7265
1782830791271 0.09185027331113815 7266
1782830791274 0.019548436626791954 7267
1782830791277 0.07318778336048126 7268
1782830791279 0.26549190282821655 7269
1782830791282 0.1538240760564804 7270
1782830791285 0.11136668175458908 7271
1782830791287 0.0392594039440155 7272
1782830791290 0.20373691618442535 7273
1782830791293 0.007097508292645216 7274
1782830791295 0.007772072684019804 7275
1782830791298 0.03356456384062767 7276
1782830791301 0.018264181911945343 7277
1782830791303 0.06029034033417702 7278
1782830791306 0.14551249146461487 7279
1782830791308 0.01943405717611313 7280
1782830791311 0.010697385296225548 7281
1782830791313 0.210246741771698 7282
1782830791316 0.01780005358159542 7283
1782830791319 0.005607559345662594 7284
1782830791322 0.011589246802031994 7285
1782830791325 0.04434574767947197 7286
1782830791327 0.016182415187358856 7287
1782830791330 0.0018829719629138708 7288
1782830791333 0.014304826967418194 7289
1782830791335 0.2612242102622986 7290
1782830791338 0.012735004536807537 7291
1782830791340 0.014045982621610165 7292
1782830791343 0.04504861310124397 7293
1782830791346 0.08329497277736664 7294
1782830791348 0.19490449130535126 7295
1782830791351 0.20195332169532776 7296
1782830791353 0.365934818983078 7297
1782830791356 0.0011256569996476173 7298
1782830791359 0.033663779497146606 7299
1782830791362 0.1094265729188919 7300
1782830791364 0.000971179106272757 7301
1782830791367 0.07111876457929611 7302
1782830791370 0.05935480073094368 7303
1782830791372 0.01925169862806797 7304
1782830791375 0.001983604161068797 7305
1782830791378 0.28655993938446045 7306
1782830791381 0.05323779582977295 7307
1782830791383 0.36097976565361023 7308
1782830791386 0.003875026013702154 7309
1782830791388 0.07529467344284058 7310
1782830791391 0.03714682161808014 7311
1782830791394 0.005897240713238716 7312
1782830791397 0.2631666362285614 7313
1782830791399 0.04984342306852341 7314
1782830791402 0.10858836024999619 7315
1782830791405 0.01772327348589897 7316
1782830791407 0.010962300933897495 7317
1782830791410 0.025290977209806442 7318
1782830791413 0.09566961228847504 7319
1782830791416 0.16476231813430786 7320
1782830791418 0.042792532593011856 7321
1782830791421 0.015984414145350456 7322
1782830791424 0.013476073741912842 7323
1782830791426 0.06791224330663681 7324
1782830791429 0.02321750298142433 7325
1782830791431 0.01886960305273533 7326
1782830791434 0.05160938948392868 7327
1782830791437 0.08791067451238632 7328
1782830791439 0.10808777809143066 7329
1782830791442 0.20523715019226074 7330
1782830791445 0.01744644157588482 7331
1782830791447 0.02394413761794567 7332
1782830791450 0.02507856860756874 7333
1782830791453 0.7093443870544434 7334
1782830791456 0.06732138991355896 7335
1782830791458 0.13405731320381165 7336
1782830791461 0.033958643674850464 7337
1782830791464 0.33038467168807983 7338
1782830791467 0.008692625910043716 7339
1782830791469 0.06189877539873123 7340
1782830791472 0.04663107544183731 7341
1782830791474 0.02645525522530079 7342
1782830791477 0.06985985487699509 7343
1782830791480 0.1671484410762787 7344
1782830791482 0.052434127777814865 7345
1782830791485 0.0816037729382515 7346
1782830791488 0.04630599170923233 7347
1782830791490 0.010777170769870281 7348
1782830791493 0.0751977413892746 7349
1782830791496 0.0026289671659469604 7350
1782830791499 0.16161710023880005 7351
1782830791501 0.12788981199264526 7352
1782830791504 0.12193182855844498 7353
1782830791507 0.09741879254579544 7354
1782830791509 0.2171650230884552 7355
1782830791512 0.021526381373405457 7356
1782830791514 0.04904003068804741 7357
1782830791517 0.0031525520607829094 7358
1782830791520 0.0034956999588757753 7359
1782830791524 0.0782204270362854 7360
1782830791527 0.08621250838041306 7361
1782830791530 0.005129133351147175 7362
1782830791533 0.015066788531839848 7363
1782830791536 0.04729282110929489 7364
1782830791538 0.18683120608329773 7365
1782830791541 0.01233278214931488 7366
1782830791544 0.017657043412327766 7367
1782830791546 0.007051144260913134 7368
1782830791549 0.04519744962453842 7369
1782830791551 0.041989099234342575 7370
1782830791554 0.057956092059612274 7371
1782830791557 0.1183156967163086 7372
1782830791560 0.16246022284030914 7373
1782830791562 0.14915689826011658 7374
1782830791565 0.06822492182254791 7375
1782830791568 0.0169038325548172 7376
1782830791571 0.032230012118816376 7377
1782830791573 0.06883346289396286 7378
1782830791576 0.08158940821886063 7379
1782830791579 0.062391575425863266 7380
1782830791581 0.1445765197277069 7381
1782830791584 0.026927728205919266 7382
1782830791587 0.1638491451740265 7383
1782830791589 0.4170302152633667 7384
1782830791592 0.01715971529483795 7385
1782830791595 0.025697873905301094 7386
1782830791598 0.004648934118449688 7387
1782830791601 0.060771338641643524 7388
1782830791603 0.11598092317581177 7389
1782830791606 0.021693583577871323 7390
1782830791609 0.026907607913017273 7391
1782830791611 0.1516382098197937 7392
1782830791614 0.01894896849989891 7393
1782830791616 0.02176837995648384 7394
1782830791619 0.05343195050954819 7395
1782830791622 0.014433726668357849 7396
1782830791625 0.030383441597223282 7397
1782830791627 0.01522696204483509 7398
1782830791630 0.03353920951485634 7399
1782830791633 0.146341010928154 7400
1782830791635 0.015876207500696182 7401
1782830791638 0.05509061738848686 7402
1782830791641 0.022946534678339958 7403
1782830791644 0.007483684923499823 7404
1782830791646 0.0006419412093237042 7405
1782830791649 0.0004527353448793292 7406
1782830791652 0.0036518059205263853 7407
1782830791655 0.07190060615539551 7408
1782830791657 0.10763110965490341 7409
1782830791659 0.27425456047058105 7410
1782830791661 0.09522344172000885 7411
1782830791663 0.08100716024637222 7412
1782830791665 0.20803983509540558 7413
1782830791667 0.20526765286922455 7414
1782830791669 0.00719342241063714 7415
1782830791671 0.051227301359176636 7416
1782830791673 0.04201877862215042 7417
1782830791676 0.0025631203316152096 7418
1782830791678 0.186556875705719 7419
1782830791680 0.01087593287229538 7420
1782830791682 0.022767122834920883 7421
1782830791684 0.03271280601620674 7422
1782830791686 0.05689053237438202 7423
1782830791688 0.09906919300556183 7424
1782830791690 0.00925284530967474 7425
1782830791693 0.011132283136248589 7426
1782830791695 0.07288248091936111 7427
1782830791697 0.0019504324300214648 7428
1782830791699 0.018526025116443634 7429
1782830791701 0.06436949223279953 7430
1782830791704 0.05765965208411217 7431
1782830791706 0.03439335525035858 7432
1782830791708 0.4321812689304352 7433
1782830791710 0.007512415759265423 7434
1782830791712 0.020809130743145943 7435
1782830791714 0.21140970289707184 7436
1782830791716 0.014429820701479912 7437
1782830791720 0.06807928532361984 7438
1782830791722 0.09871166944503784 7439
1782830791724 0.00626792386174202 7440
1782830791726 0.08405279368162155 7441
1782830791729 0.018737290054559708 7442
1782830791731 0.038888975977897644 7443
1782830791734 0.04181661456823349 7444
1782830791737 0.12973812222480774 7445
1782830791739 0.017870835959911346 7446
1782830791741 0.022421017289161682 7447
1782830791744 0.3558407425880432 7448
1782830791746 0.09258631616830826 7449
1782830791748 0.05464569851756096 7450
1782830791750 0.11864327639341354 7451
1782830791752 0.1730877012014389 7452
1782830791755 0.03940160572528839 7453
1782830791757 0.005211701616644859 7454
1782830791760 0.01070355623960495 7455
1782830791762 0.22827152907848358 7456
1782830791764 0.05813709273934364 7457
1782830791766 0.010796524584293365 7458
1782830791769 0.11694259196519852 7459
1782830791772 0.19938050210475922 7460
1782830791774 0.07864592969417572 7461
1782830791777 0.020783981308341026 7462
1782830791779 0.014953897334635258 7463
1782830791782 0.05064482241868973 7464
1782830791785 0.02628939040005207 7465
1782830791787 0.1152421161532402 7466
1782830791790 0.044345587491989136 7467
1782830791793 0.17133773863315582 7468
1782830791796 0.007079736795276403 7469
1782830791799 0.007653212174773216 7470
1782830791802 0.054329805076122284 7471
1782830791805 0.2236291617155075 7472
1782830791808 0.029794838279485703 7473
1782830791811 0.0051284548826515675 7474
1782830791814 0.04293990880250931 7475
1782830791816 0.051269594579935074 7476
1782830791820 0.3661712408065796 7477
1782830791823 0.18124444782733917 7478
1782830791826 0.03965393081307411 7479
1782830791829 0.012138915248215199 7480
1782830791831 0.007932865992188454 7481
1782830791834 0.3640187680721283 7482
1782830791837 0.008752821944653988 7483
1782830791840 0.22958095371723175 7484
1782830791843 0.2669801115989685 7485
1782830791846 0.3813682794570923 7486
1782830791849 0.12091578543186188 7487
1782830791851 0.09320971369743347 7488
1782830791854 0.12186283618211746 7489
1782830791856 0.013754253275692463 7490
1782830791859 0.08966486155986786 7491
1782830791862 0.2758665680885315 7492
1782830791865 0.04397672787308693 7493
1782830791870 0.10170993953943253 7494
1782830791873 0.0225993562489748 7495
1782830791876 0.04396217688918114 7496
1782830791879 0.1690664291381836 7497
1782830791882 0.19778896868228912 7498
1782830791884 0.06367640197277069 7499
1782830792038 0.04662668704986572 7500
1782830792040 0.03478890657424927 7501
1782830792042 0.02896290272474289 7502
1782830792045 0.012896738946437836 7503
1782830792047 0.1520640105009079 7504
1782830792050 0.014749602414667606 7505
1782830792052 0.12983466684818268 7506
1782830792055 0.030341584235429764 7507
1782830792057 0.2819019556045532 7508
1782830792059 0.01728137396275997 7509
1782830792061 0.13133014738559723 7510
1782830792063 0.07724275439977646 7511
1782830792065 0.004194466397166252 7512
1782830792068 0.028010718524456024 7513
1782830792071 0.2797442674636841 7514
1782830792073 0.027312278747558594 7515
1782830792075 0.013928123749792576 7516
1782830792077 0.012202062644064426 7517
1782830792079 0.07449875771999359 7518
1782830792081 0.0038585250731557608 7519
1782830792083 0.020486971363425255 7520
1782830792086 0.16032125055789948 7521
1782830792089 0.029912322759628296 7522
1782830792092 0.19483353197574615 7523
1782830792095 0.22232767939567566 7524
1782830792097 0.045948561280965805 7525
1782830792099 0.14195048809051514 7526
1782830792102 0.010927220806479454 7527
1782830792104 0.018646523356437683 7528
1782830792107 0.2657099664211273 7529
1782830792109 0.060905907303094864 7530
1782830792111 0.15992498397827148 7531
1782830792114 0.06516727805137634 7532
1782830792116 0.32853493094444275 7533
1782830792118 0.16962718963623047 7534
1782830792121 0.04896130785346031 7535
1782830792123 0.020017316564917564 7536
1782830792125 0.043893348425626755 7537
1782830792127 0.07726418226957321 7538
1782830792129 0.031725261360406876 7539
1782830792132 0.08665499091148376 7540
1782830792134 0.001056387205608189 7541
1782830792136 0.03536628559231758 7542
1782830792138 0.014472131617367268 7543
1782830792140 0.052942585200071335 7544
1782830792142 0.006351681426167488 7545
1782830792144 0.024985436350107193 7546
1782830792147 0.0501224659383297 7547
1782830792149 0.03102022595703602 7548
1782830792151 0.06995634734630585 7549
1782830792153 0.012600007466971874 7550
1782830792155 0.09952948987483978 7551
1782830792157 0.13746027648448944 7552
1782830792159 0.0018553909612819552 7553
1782830792161 0.016608020290732384 7554
1782830792163 0.3234620690345764 7555
1782830792165 0.003150737378746271 7556
1782830792167 0.16031697392463684 7557
1782830792170 0.017735889181494713 7558
1782830792172 0.15575432777404785 7559
1782830792174 0.025936560705304146 7560
1782830792176 0.14530466496944427 7561
1782830792178 0.06689982861280441 7562
1782830792180 0.14178389310836792 7563
1782830792182 0.014798266813158989 7564
1782830792184 0.06246068701148033 7565
1782830792186 0.12353762239217758 7566
1782830792188 0.013970812782645226 7567
1782830792190 0.045285653322935104 7568
1782830792192 0.0034670820459723473 7569
1782830792195 0.20917187631130219 7570
1782830792197 0.004344658460468054 7571
1782830792199 0.03521236777305603 7572
1782830792201 0.025405943393707275 7573
1782830792203 0.027817437425255775 7574
1782830792205 0.11894093453884125 7575
1782830792207 0.005806187633424997 7576
1782830792210 0.010033069178462029 7577
1782830792212 0.07830914109945297 7578
1782830792214 0.10407254099845886 7579
1782830792216 0.0601227805018425 7580
1782830792218 0.0066559407860040665 7581
1782830792221 0.003620153060182929 7582
1782830792223 0.018964961171150208 7583
1782830792226 0.04754647612571716 7584
1782830792228 0.18562158942222595 7585
1782830792230 0.0567072331905365 7586
1782830792232 0.03786195069551468 7587
1782830792234 0.04105718433856964 7588
1782830792237 0.014663864858448505 7589
1782830792239 0.0029438845813274384 7590
1782830792241 0.0002982256410177797 7591
1782830792243 0.03805345296859741 7592
1782830792245 0.024798158556222916 7593
1782830792247 0.0609809085726738 7594
1782830792249 0.011479688808321953 7595
1782830792251 0.23089665174484253 7596
1782830792254 0.01157675962895155 7597
1782830792256 0.006736316718161106 7598
1782830792258 0.015242083929479122 7599
1782830792260 0.09293225407600403 7600
1782830792262 0.0024980097077786922 7601
1782830792264 0.0031650234013795853 7602
1782830792266 0.26441073417663574 7603
1782830792269 0.037689805030822754 7604
1782830792271 0.0017639996949583292 7605
1782830792273 0.009600912220776081 7606
1782830792275 0.059674449265003204 7607
1782830792277 0.0693449005484581 7608
1782830792279 0.1251509040594101 7609
1782830792281 0.1614173799753189 7610
1782830792283 0.029983874410390854 7611
1782830792285 0.027122480794787407 7612
1782830792288 0.08793668448925018 7613
1782830792290 0.015601648017764091 7614
1782830792292 0.06458719074726105 7615
1782830792294 0.006419218610972166 7616
1782830792296 0.22454439103603363 7617
1782830792298 0.03286278620362282 7618
1782830792300 0.10673356056213379 7619
1782830792303 0.11076898127794266 7620
1782830792305 0.07584228366613388 7621
1782830792307 0.011026740074157715 7622
1782830792309 0.08059133589267731 7623
1782830792311 0.004508228041231632 7624
1782830792313 0.003365253796800971 7625
1782830792315 0.06375356018543243 7626
1782830792317 0.0858113244175911 7627
1782830792320 0.016240194439888 7628
1782830792324 0.012289037927985191 7629
1782830792327 0.047061096876859665 7630
1782830792329 0.016539927572011948 7631
1782830792332 0.02534574642777443 7632
1782830792334 0.061853401362895966 7633
1782830792336 0.008682812564074993 7634
1782830792338 0.08588362485170364 7635
1782830792340 0.0006837458349764347 7636
1782830792342 0.21428921818733215 7637
1782830792344 0.1403537541627884 7638
1782830792346 0.09800166636705399 7639
1782830792348 0.03908294066786766 7640
1782830792350 0.14599788188934326 7641
1782830792353 0.0035553774796426296 7642
1782830792355 0.07727733999490738 7643
1782830792357 0.003262672573328018 7644
1782830792359 0.0025539526250213385 7645
1782830792361 0.2186208814382553 7646
1782830792363 0.22328755259513855 7647
1782830792366 0.27627256512641907 7648
1782830792368 0.03851250931620598 7649
1782830792371 0.0009435779647901654 7650
1782830792373 0.037413060665130615 7651
1782830792376 0.09831796586513519 7652
1782830792379 0.11719775944948196 7653
1782830792381 0.1861604005098343 7654
1782830792384 0.10469543933868408 7655
1782830792387 0.07433388382196426 7656
1782830792390 0.06650928407907486 7657
1782830792392 0.005744853988289833 7658
1782830792395 0.14202620089054108 7659
1782830792399 0.04495890811085701 7660
1782830792402 0.0873725637793541 7661
1782830792405 0.27314355969429016 7662
1782830792408 0.19093486666679382 7663
1782830792410 0.01883646845817566 7664
1782830792414 0.0034514402505010366 7665
1782830792417 0.007641219068318605 7666
1782830792419 0.0299189742654562 7667
1782830792422 0.05685719475150108 7668
1782830792425 0.015959683805704117 7669
1782830792428 0.004639273975044489 7670
1782830792431 0.06458232551813126 7671
1782830792433 0.02789997309446335 7672
1782830792436 0.0011980888666585088 7673
1782830792440 0.019354697316884995 7674
1782830792443 0.2519465982913971 7675
1782830792446 0.056568730622529984 7676
1782830792449 0.04139340668916702 7677
1782830792451 0.006205650512129068 7678
1782830792455 0.01210826262831688 7679
1782830792458 0.16893193125724792 7680
1782830792461 0.14696377515792847 7681
1782830792464 0.01490440871566534 7682
1782830792467 0.028821423649787903 7683
1782830792470 0.013914610259234905 7684
1782830792473 0.016137579455971718 7685
1782830792476 0.24376094341278076 7686
1782830792478 0.02453543432056904 7687
1782830792482 0.04914717748761177 7688
1782830792485 0.2841030955314636 7689
1782830792488 0.07318443804979324 7690
1782830792490 0.08262352645397186 7691
1782830792494 0.0837387666106224 7692
1782830792496 0.017203815281391144 7693
1782830792499 0.0038573944475501776 7694
1782830792502 0.08807414770126343 7695
1782830792505 0.056809499859809875 7696
1782830792507 0.023893818259239197 7697
1782830792510 0.23031607270240784 7698
1782830792513 0.11902358382940292 7699
1782830792516 0.278188556432724 7700
1782830792520 0.036706794053316116 7701
1782830792524 0.018642403185367584 7702
1782830792527 0.19180741906166077 7703
1782830792530 0.13235025107860565 7704
1782830792532 0.13003009557724 7705
1782830792534 0.028152722865343094 7706
1782830792536 0.3339765667915344 7707
1782830792538 0.20300056040287018 7708
1782830792540 0.0028476575389504433 7709
1782830792542 0.02192317321896553 7710
1782830792544 0.1794264316558838 7711
1782830792546 0.01975829340517521 7712
1782830792548 0.09800243377685547 7713
1782830792550 0.0055632577277719975 7714
1782830792552 0.011377401649951935 7715
1782830792554 0.013724057003855705 7716
1782830792557 0.24680781364440918 7717
1782830792559 0.01989826373755932 7718
1782830792561 0.007485231850296259 7719
1782830792563 0.08725984394550323 7720
1782830792565 0.09519011527299881 7721
1782830792567 0.020228631794452667 7722
1782830792569 0.028617506846785545 7723
1782830792572 0.10296078026294708 7724
1782830792575 0.23939162492752075 7725
1782830792577 0.02479017898440361 7726
1782830792580 0.14966635406017303 7727
1782830792583 0.03617488220334053 7728
1782830792585 0.10126857459545135 7729
1782830792588 0.05105484277009964 7730
1782830792591 0.15836521983146667 7731
1782830792593 0.027204638347029686 7732
1782830792595 0.07768501341342926 7733
1782830792597 0.0611291341483593 7734
1782830792599 0.029438480734825134 7735
1782830792602 0.003937833476811647 7736
1782830792604 0.011450191959738731 7737
1782830792607 0.009049143642187119 7738
1782830792610 0.0025751320645213127 7739
1782830792613 0.048688460141420364 7740
1782830792616 0.027713943272829056 7741
1782830792618 0.015141448006033897 7742
1782830792621 0.004568153060972691 7743
1782830792623 0.07451432943344116 7744
1782830792625 0.006135988049209118 7745
1782830792627 0.09385744482278824 7746
1782830792629 0.5719097852706909 7747
1782830792631 0.023090524598956108 7748
1782830792633 0.016408855095505714 7749
1782830792636 0.10754942148923874 7750
1782830792638 0.010983800515532494 7751
1782830792640 0.006568166892975569 7752
1782830792642 0.025145405903458595 7753
1782830792644 0.09914784133434296 7754
1782830792646 0.023024199530482292 7755
1782830792648 0.19545792043209076 7756
1782830792651 0.1388709396123886 7757
1782830792653 0.022476185113191605 7758
1782830792656 0.060998909175395966 7759
1782830792658 0.1324271559715271 7760
1782830792661 0.039666641503572464 7761
1782830792663 0.01670815236866474 7762
1782830792666 0.06158961355686188 7763
1782830792668 0.24683381617069244 7764
1782830792671 0.06275364756584167 7765
1782830792673 0.2762870788574219 7766
1782830792676 0.06727661937475204 7767
1782830792679 0.0019899748731404543 7768
1782830792682 0.013819086365401745 7769
1782830792684 0.09954241663217545 7770
1782830792687 0.03878264129161835 7771
1782830792690 0.035722024738788605 7772
1782830792693 0.033738862723112106 7773
1782830792695 0.043547242879867554 7774
1782830792698 0.014130847528576851 7775
1782830792701 0.049066212028265 7776
1782830792703 0.06684232503175735 7777
1782830792706 0.12752828001976013 7778
1782830792708 0.03777848184108734 7779
1782830792711 0.5417596101760864 7780
1782830792714 0.004679732955992222 7781
1782830792717 0.03357063606381416 7782
1782830792720 0.06326371431350708 7783
1782830792722 0.06323488056659698 7784
1782830792725 0.0026001082733273506 7785
1782830792728 0.062379468232393265 7786
1782830792730 0.2211514711380005 7787
1782830792732 0.02310197427868843 7788
1782830792734 0.014376393519341946 7789
1782830792736 0.02179148979485035 7790
1782830792738 0.09262488782405853 7791
1782830792741 0.013670800253748894 7792
1782830792743 0.042008597403764725 7793
1782830792745 0.024338727816939354 7794
1782830792747 0.007842767983675003 7795
1782830792749 0.027991052716970444 7796
1782830792751 0.21631722152233124 7797
1782830792753 0.025443971157073975 7798
1782830792756 0.00121084984857589 7799
1782830792758 0.09143449366092682 7800
1782830792760 0.00799586158245802 7801
1782830792762 0.029890799894928932 7802
1782830792764 0.02735493704676628 7803
1782830792766 0.025182684883475304 7804
1782830792769 0.07925934344530106 7805
1782830792771 0.026289844885468483 7806
1782830792773 0.06732736527919769 7807
1782830792775 0.008783520199358463 7808
1782830792777 0.22363948822021484 7809
1782830792780 0.014621520414948463 7810
1782830792782 0.08889437466859818 7811
1782830792784 0.024291159585118294 7812
1782830792786 0.13362199068069458 7813
1782830792788 0.007826154120266438 7814
1782830792790 0.0010870705591514707 7815
1782830792792 0.003943147137761116 7816
1782830792795 0.11909355968236923 7817
1782830792797 0.16417740285396576 7818
1782830792799 0.028111450374126434 7819
1782830792801 0.03479577228426933 7820
1782830792803 0.0031685740686953068 7821
1782830792805 0.03835127502679825 7822
1782830792807 0.014859735034406185 7823
1782830792810 0.008211484178900719 7824
1782830792812 0.035034824162721634 7825
1782830792814 0.016046203672885895 7826
1782830792816 0.0028765264432877302 7827
1782830792818 0.04179796949028969 7828
1782830792820 0.03069310262799263 7829
1782830792823 0.10574322193861008 7830
1782830792825 0.003382674418389797 7831
1782830792827 0.053535860031843185 7832
1782830792829 0.023036573082208633 7833
1782830792831 0.0008023013942874968 7834
1782830792833 0.06136835366487503 7835
1782830792836 0.0061445580795407295 7836
1782830792838 0.04280781000852585 7837
1782830792840 0.026925185695290565 7838
1782830792842 0.08789587765932083 7839
1782830792844 0.030874941498041153 7840
1782830792846 0.29418331384658813 7841
1782830792849 0.055119533091783524 7842
1782830792852 0.11840800195932388 7843
1782830792854 0.009348581545054913 7844
1782830792857 0.22978758811950684 7845
1782830792860 0.005956149660050869 7846
1782830792863 0.23706413805484772 7847
1782830792865 0.11316631734371185 7848
1782830792869 0.005163965281099081 7849
1782830792871 0.13273552060127258 7850
1782830792874 0.15961013734340668 7851
1782830792877 0.23852673172950745 7852
1782830792880 0.018486032262444496 7853
1782830792882 0.1668936312198639 7854
1782830792885 0.22600354254245758 7855
1782830792888 0.11774750053882599 7856
1782830792891 0.009026208892464638 7857
1782830792893 0.06530501693487167 7858
1782830792896 0.0913899838924408 7859
1782830792899 0.07223237305879593 7860
1782830792901 0.012778111733496189 7861
1782830792903 0.06715301424264908 7862
1782830792905 0.10959803313016891 7863
1782830792907 0.04900609329342842 7864
1782830792909 0.042476873844861984 7865
1782830792911 0.15974007546901703 7866
1782830792913 0.1361824870109558 7867
1782830792915 0.06691625714302063 7868
1782830792917 0.05493621528148651 7869
1782830792919 0.007973846979439259 7870
1782830792922 0.04803339019417763 7871
1782830792924 0.045298896729946136 7872
1782830792926 0.3778489828109741 7873
1782830792929 0.31009483337402344 7874
1782830792931 0.032124098390340805 7875
1782830792933 0.09813838452100754 7876
1782830792935 0.1355798989534378 7877
1782830792937 0.1334327906370163 7878
1782830792939 0.017801441252231598 7879
1782830792941 0.056672412902116776 7880
1782830792943 0.06278210133314133 7881
1782830792945 0.03399188071489334 7882
1782830792947 0.19528670608997345 7883
1782830792949 0.08072266727685928 7884
1782830792951 0.20617058873176575 7885
1782830792953 0.07729952782392502 7886
1782830792956 0.020602548494935036 7887
1782830792958 0.03798921778798103 7888
1782830792960 0.023481538519263268 7889
1782830792962 0.041556015610694885 7890
1782830792964 0.04624420776963234 7891
1782830792966 0.0022581350058317184 7892
1782830792968 0.008467113599181175 7893
1782830792970 0.017429664731025696 7894
1782830792972 0.06807377934455872 7895
1782830792974 0.013793112710118294 7896
1782830792976 0.04160434007644653 7897
1782830792978 0.12201014161109924 7898
1782830792981 0.03793720528483391 7899
1782830792983 0.46905866265296936 7900
1782830792985 0.016162564978003502 7901
1782830792987 0.04594466835260391 7902
1782830792989 0.0720454528927803 7903
1782830792991 0.08498113602399826 7904
1782830792993 0.0005084053846076131 7905
1782830792995 0.26180458068847656 7906
1782830792997 0.015601323917508125 7907
1782830792999 0.05457510054111481 7908
1782830793001 0.06611405313014984 7909
1782830793003 0.06170446425676346 7910
1782830793006 0.018266793340444565 7911
1782830793009 0.012054269202053547 7912
1782830793011 0.030759373679757118 7913
1782830793013 0.028226710855960846 7914
1782830793015 0.006928842980414629 7915
1782830793017 0.22836895287036896 7916
1782830793019 0.0013337169075384736 7917
1782830793021 0.014069096185266972 7918
1782830793024 0.03310549259185791 7919
1782830793026 0.10045751929283142 7920
1782830793028 0.019480183720588684 7921
1782830793030 0.04447054862976074 7922
1782830793032 0.09535551071166992 7923
1782830793034 0.23771549761295319 7924
1782830793037 0.23146261274814606 7925
1782830793039 0.019936423748731613 7926
1782830793041 0.005043006036430597 7927
1782830793043 0.13181224465370178 7928
1782830793045 0.05732392147183418 7929
1782830793047 0.009076531045138836 7930
1782830793050 0.10256457328796387 7931
1782830793052 0.010427283123135567 7932
1782830793054 0.012538053095340729 7933
1782830793056 0.1185937151312828 7934
1782830793058 0.08214879781007767 7935
1782830793060 0.020780008286237717 7936
1782830793062 0.02409648336470127 7937
1782830793064 0.13431352376937866 7938
1782830793067 0.07506749778985977 7939
1782830793070 0.00919448770582676 7940
1782830793072 0.00356118381023407 7941
1782830793075 0.10935267060995102 7942
1782830793078 0.053898561745882034 7943
1782830793081 0.04918089509010315 7944
1782830793084 0.1607952117919922 7945
1782830793087 0.30871033668518066 7946
1782830793090 0.03473689407110214 7947
1782830793094 0.08005845546722412 7948
1782830793096 0.31443241238594055 7949
1782830793099 0.3880014419555664 7950
1782830793102 0.18640388548374176 7951
1782830793105 0.06494180113077164 7952
1782830793108 0.09929614514112473 7953
1782830793110 0.03444169461727142 7954
1782830793113 0.1626061201095581 7955
1782830793116 0.020326077938079834 7956
1782830793118 0.22788314521312714 7957
1782830793121 0.004845739807933569 7958
1782830793124 0.18986378610134125 7959
1782830793127 0.2904112637042999 7960
1782830793130 0.0048591638915240765 7961
1782830793132 0.4226408898830414 7962
1782830793135 0.019395187497138977 7963
1782830793137 0.04300781711935997 7964
1782830793140 0.10026708990335464 7965
1782830793143 0.07395367324352264 7966
1782830793145 0.007932379841804504 7967
1782830793148 0.025375934317708015 7968
1782830793150 0.03441207855939865 7969
1782830793153 0.0707148090004921 7970
1782830793156 0.05106372386217117 7971
1782830793158 0.029799748212099075 7972
1782830793161 0.011513562873005867 7973
1782830793164 0.05062076076865196 7974
1782830793166 0.015189328230917454 7975
1782830793169 0.14913766086101532 7976
1782830793171 0.048886582255363464 7977
1782830793173 0.04169721528887749 7978
1782830793175 0.001136156264692545 7979
1782830793177 0.015261427499353886 7980
1782830793179 0.014636730775237083 7981
1782830793182 0.0036662365309894085 7982
1782830793184 0.009095448069274426 7983
1782830793186 0.11290283501148224 7984
1782830793188 0.0023694203700870275 7985
1782830793190 0.04013149440288544 7986
1782830793192 0.14250461757183075 7987
1782830793194 0.013164571486413479 7988
1782830793196 0.26724451780319214 7989
1782830793198 0.1357748955488205 7990
1782830793201 0.26167717576026917 7991
1782830793203 0.004647918976843357 7992
1782830793205 0.03373420611023903 7993
1782830793207 0.024210309609770775 7994
1782830793209 0.03261260315775871 7995
1782830793211 0.10564558207988739 7996
1782830793213 0.08958279341459274 7997
1782830793215 0.1989450752735138 7998
1782830793217 0.15168491005897522 7999
1782830793219 0.15366877615451813 8000
1782830793222 0.13312634825706482 8001
1782830793224 0.02579846791923046 8002
1782830793227 0.003281474346294999 8003
1782830793229 0.05253078043460846 8004
1782830793231 0.047049880027770996 8005
1782830793233 0.021014632657170296 8006
1782830793236 0.01957615837454796 8007
1782830793238 0.2886015772819519 8008
1782830793241 0.09362929314374924 8009
1782830793244 0.06109181046485901 8010
1782830793246 0.00893021933734417 8011
1782830793249 0.012758814729750156 8012
1782830793252 0.21751593053340912 8013
1782830793254 0.003557192860171199 8014
1782830793257 0.0444379486143589 8015
1782830793260 0.020764756947755814 8016
1782830793262 0.06022907420992851 8017
1782830793265 0.03639652580022812 8018
1782830793268 0.03740678355097771 8019
1782830793271 0.09429782629013062 8020
1782830793273 0.08867543935775757 8021
1782830793276 0.17678752541542053 8022
1782830793279 0.26332274079322815 8023
1782830793281 0.012906961143016815 8024
1782830793284 0.04170779138803482 8025
1782830793287 0.039454516023397446 8026
1782830793290 0.010624812915921211 8027
1782830793292 0.019356664270162582 8028
1782830793295 0.3980732858181 8029
1782830793297 0.1130523532629013 8030
1782830793300 0.10457120090723038 8031
1782830793303 0.009057620540261269 8032
1782830793306 0.07386176288127899 8033
1782830793308 0.04488696902990341 8034
1782830793311 0.14417408406734467 8035
1782830793314 0.12259900569915771 8036
1782830793316 0.0603821724653244 8037
1782830793319 0.002970451954752207 8038
1782830793322 0.03568011149764061 8039
1782830793325 0.0825769379734993 8040
1782830793328 0.13460798561573029 8041
1782830793330 0.13935637474060059 8042
1782830793333 0.011042900383472443 8043
1782830793336 0.0477592833340168 8044
1782830793338 0.03615725785493851 8045
1782830793341 0.10878784209489822 8046
1782830793344 0.0016249127220362425 8047
1782830793346 0.019482439383864403 8048
1782830793348 0.021070308983325958 8049
1782830793350 0.05094091221690178 8050
1782830793352 0.04579029232263565 8051
1782830793354 0.08266560733318329 8052
1782830793357 0.05522781237959862 8053
1782830793359 0.010891111567616463 8054
1782830793361 0.17727522552013397 8055
1782830793363 0.023608608171343803 8056
1782830793365 0.0033895205706357956 8057
1782830793368 0.13644516468048096 8058
1782830793370 0.011624211445450783 8059
1782830793372 0.007124127354472876 8060
1782830793374 0.2591412365436554 8061
1782830793376 0.25971469283103943 8062
1782830793379 0.048096418380737305 8063
1782830793381 0.002256711246445775 8064
1782830793383 0.14564241468906403 8065
1782830793385 0.1558314561843872 8066
1782830793387 0.011571078561246395 8067
1782830793389 0.0608622282743454 8068
1782830793391 0.04560449346899986 8069
1782830793393 0.1691044420003891 8070
1782830793395 0.5737989544868469 8071
1782830793397 0.08642171323299408 8072
1782830793399 0.0156477652490139 8073
1782830793401 0.05355796962976456 8074
1782830793403 0.009357062168419361 8075
1782830793405 0.06657499074935913 8076
1782830793407 0.016535189002752304 8077
1782830793410 0.023893557488918304 8078
1782830793412 0.02097686566412449 8079
1782830793414 0.003192273434251547 8080
1782830793416 0.005222691223025322 8081
1782830793418 0.03296109288930893 8082
1782830793420 0.0394335575401783 8083
1782830793423 0.04643939062952995 8084
1782830793425 0.07054454833269119 8085
1782830793427 0.27838119864463806 8086
1782830793430 0.15431058406829834 8087
1782830793432 0.02478671260178089 8088
1782830793434 0.008753214031457901 8089
1782830793437 0.002716387389227748 8090
1782830793439 0.01567217707633972 8091
1782830793441 0.002330167917534709 8092
1782830793444 0.01072343997657299 8093
1782830793446 0.009698769077658653 8094
1782830793448 0.010522408410906792 8095
1782830793451 0.0312650203704834 8096
1782830793453 0.16022932529449463 8097
1782830793456 0.3041829764842987 8098
1782830793458 0.07624383270740509 8099
1782830793460 0.07870472967624664 8100
1782830793462 0.0743613988161087 8101
1782830793465 0.0007715115207247436 8102
1782830793467 0.04170539602637291 8103
1782830793469 0.014091103337705135 8104
1782830793471 0.29441139101982117 8105
1782830793474 0.07175382971763611 8106
1782830793476 0.0410553403198719 8107
1782830793479 0.012089971452951431 8108
1782830793481 0.01217982079833746 8109
1782830793483 0.015483285300433636 8110
1782830793486 0.2772076725959778 8111
1782830793488 0.10785093158483505 8112
1782830793490 0.11822009086608887 8113
1782830793493 0.06344150006771088 8114
1782830793495 0.00994003377854824 8115
1782830793497 0.08901192992925644 8116
1782830793500 0.20596414804458618 8117
1782830793502 0.005458511877804995 8118
1782830793504 0.0036187695804983377 8119
1782830793506 0.09274280816316605 8120
1782830793509 0.06158920004963875 8121
1782830793511 0.01659201830625534 8122
1782830793513 0.07648356258869171 8123
1782830793515 0.010109673254191875 8124
1782830793517 0.022573363035917282 8125
1782830793520 0.016695596277713776 8126
1782830793524 0.009707327000796795 8127
1782830793527 0.1348399817943573 8128
1782830793530 0.010653999634087086 8129
1782830793532 0.022309821099042892 8130
1782830793534 0.037783507257699966 8131
1782830793537 0.15235942602157593 8132
1782830793539 0.0007655839435756207 8133
1782830793541 0.21886105835437775 8134
1782830793544 0.0010479568736627698 8135
1782830793546 0.053490519523620605 8136
1782830793548 0.12114919722080231 8137
1782830793550 0.07303718477487564 8138
1782830793553 0.020316414535045624 8139
1782830793555 0.013149204663932323 8140
1782830793557 0.257065087556839 8141
1782830793560 0.007678131107240915 8142
1782830793562 0.003272533882409334 8143
1782830793564 0.01553917583078146 8144
1782830793567 0.06761538982391357 8145
1782830793569 0.09145325422286987 8146
1782830793571 0.27049434185028076 8147
1782830793574 0.04594960808753967 8148
1782830793576 0.09791135042905807 8149
1782830793578 0.013245689682662487 8150
1782830793581 0.04662822559475899 8151
1782830793583 0.012771401554346085 8152
1782830793586 0.031991686671972275 8153
1782830793588 0.047654930502176285 8154
1782830793591 0.0044163488782942295 8155
1782830793593 0.0536847785115242 8156
1782830793597 0.2775435149669647 8157
1782830793600 0.024854080751538277 8158
1782830793603 0.11255428940057755 8159
1782830793606 0.0025446780491620302 8160
1782830793609 0.22507868707180023 8161
1782830793612 0.005192232318222523 8162
1782830793615 0.46498745679855347 8163
1782830793618 0.3601498305797577 8164
1782830793621 0.0034685912542045116 8165
1782830793624 0.05303437262773514 8166
1782830793626 0.026289021596312523 8167
1782830793629 0.02174607664346695 8168
1782830793632 0.0934109166264534 8169
1782830793635 0.021416740491986275 8170
1782830793637 0.09259369969367981 8171
1782830793640 0.2272656112909317 8172
1782830793643 0.06598372757434845 8173
1782830793645 0.1269608438014984 8174
1782830793648 0.24831067025661469 8175
1782830793651 0.11328168958425522 8176
1782830793654 0.05264207720756531 8177
1782830793657 0.23395580053329468 8178
1782830793659 0.025445476174354553 8179
1782830793662 0.0019036107696592808 8180
1782830793665 0.06285032629966736 8181
1782830793667 0.06707888841629028 8182
1782830793670 0.033419907093048096 8183
1782830793673 0.2365700751543045 8184
1782830793676 0.042323559522628784 8185
1782830793678 0.14366480708122253 8186
1782830793681 0.0326363667845726 8187
1782830793684 0.033558864146471024 8188
1782830793687 0.0024798486847430468 8189
1782830793689 0.445156067609787 8190
1782830793692 0.07433734089136124 8191
1782830793695 0.04300747066736221 8192
1782830793697 0.021427245810627937 8193
1782830793700 0.19839701056480408 8194
1782830793703 0.012247935868799686 8195
1782830793705 0.025156579911708832 8196
1782830793707 0.011677566915750504 8197
1782830793710 0.04212542250752449 8198
1782830793712 0.0015755255008116364 8199
1782830793714 0.2885102927684784 8200
1782830793717 0.04597056284546852 8201
1782830793720 0.00047117320355027914 8202
1782830793722 0.00892738625407219 8203
1782830793724 0.06303605437278748 8204
1782830793727 0.020867304876446724 8205
1782830793729 0.04660939425230026 8206
1782830793732 0.00837549939751625 8207
1782830793734 0.21001654863357544 8208
1782830793736 0.04442832991480827 8209
1782830793741 0.021763402968645096 8210
1782830793743 0.023958720266819 8211
1782830793745 0.15537823736667633 8212
1782830793747 0.44109874963760376 8213
1782830793749 0.015602032653987408 8214
1782830793751 0.11057107150554657 8215
1782830793753 0.0037298533134162426 8216
1782830793755 0.13507473468780518 8217
1782830793757 0.07549091428518295 8218
1782830793759 0.014697397127747536 8219
1782830793762 0.0018679038621485233 8220
1782830793764 0.12783221900463104 8221
1782830793766 0.06723572313785553 8222
1782830793768 0.003880247939378023 8223
1782830793770 0.0035756523720920086 8224
1782830793772 0.09853386878967285 8225
1782830793775 0.0036485609598457813 8226
1782830793777 0.05383696034550667 8227
1782830793779 0.28727588057518005 8228
1782830793781 0.08148476481437683 8229
1782830793783 0.10131482779979706 8230
1782830793785 0.0077032968401908875 8231
1782830793787 0.12295552343130112 8232
1782830793789 0.024276433512568474 8233
1782830793791 0.08161447197198868 8234
1782830793793 0.02428409270942211 8235
1782830793796 0.015337338671088219 8236
1782830793798 0.0012409304035827518 8237
1782830793800 0.017117489129304886 8238
1782830793802 0.050625283271074295 8239
1782830793804 0.00978726428002119 8240
1782830793806 0.14535655081272125 8241
1782830793809 0.00721773924306035 8242
1782830793811 0.08029738813638687 8243
1782830793813 0.15342546999454498 8244
1782830793815 0.05796351283788681 8245
1782830793817 0.3472793400287628 8246
1782830793820 0.011774256825447083 8247
1782830793822 0.1646970808506012 8248
1782830793824 0.058268025517463684 8249
1782830793827 0.20350918173789978 8250
1782830793829 0.020514827221632004 8251
1782830793831 0.02358846366405487 8252
1782830793833 0.013026086613535881 8253
1782830793835 0.08433480560779572 8254
1782830793837 0.008639313280582428 8255
1782830793839 0.2880822718143463 8256
1782830793841 0.09804590791463852 8257
1782830793843 0.03104577027261257 8258
1782830793845 0.00988631509244442 8259
1782830793848 0.023904992267489433 8260
1782830793850 0.013806013390421867 8261
1782830793852 0.013405414298176765 8262
1782830793854 0.03622216358780861 8263
1782830793856 0.08844462782144547 8264
1782830793858 0.32061532139778137 8265
1782830793861 0.06318574398756027 8266
1782830793863 0.051711928099393845 8267
1782830793865 0.04174729436635971 8268
1782830793868 0.25549283623695374 8269
1782830793871 0.21434344351291656 8270
1782830793874 0.017192892730236053 8271
1782830793876 0.033701345324516296 8272
1782830793879 0.00968751311302185 8273
1782830793882 0.129555344581604 8274
1782830793884 0.020306238904595375 8275
1782830793887 0.04624674469232559 8276
1782830793890 0.19678501784801483 8277
1782830793893 0.00800134427845478 8278
1782830793896 0.11702678352594376 8279
1782830793899 0.17240765690803528 8280
1782830793901 0.06731235235929489 8281
1782830793904 0.010031428188085556 8282
1782830793907 0.19824084639549255 8283
1782830793909 0.044082481414079666 8284
1782830793912 0.13445405662059784 8285
1782830793915 0.2339019477367401 8286
1782830793917 0.06009222939610481 8287
1782830793920 0.1295744925737381 8288
1782830793924 0.2975013852119446 8289
1782830793927 0.11288091540336609 8290
1782830793930 0.05434655025601387 8291
1782830793933 0.022107990458607674 8292
1782830793936 0.12818849086761475 8293
1782830793939 0.06197262555360794 8294
1782830793942 0.03010707162320614 8295
1782830793944 0.05456524342298508 8296
1782830793947 0.24401552975177765 8297
1782830793950 0.0338144488632679 8298
1782830793952 0.3617298901081085 8299
1782830793955 0.1313771903514862 8300
1782830793958 0.016738586127758026 8301
1782830793960 0.015133941546082497 8302
1782830793963 0.04833798110485077 8303
1782830793966 0.06866348534822464 8304
1782830793969 0.07650096714496613 8305
1782830793971 0.033116310834884644 8306
1782830793974 0.017403217032551765 8307
1782830793977 0.1740512102842331 8308
1782830793979 0.004507333040237427 8309
1782830793982 0.048959407955408096 8310
1782830793984 0.14233388006687164 8311
1782830793987 0.0387909859418869 8312
1782830793990 0.04854271560907364 8313
1782830793992 0.0056661986745893955 8314
1782830793995 0.0011227403301745653 8315
1782830793998 0.015391667373478413 8316
1782830794000 0.2061421275138855 8317
1782830794003 0.015264591202139854 8318
1782830794006 0.2843290865421295 8319
1782830794009 0.09253647178411484 8320
1782830794012 0.12513667345046997 8321
1782830794014 0.07676797360181808 8322
1782830794016 0.07092496752738953 8323
1782830794018 0.012713843956589699 8324
1782830794020 0.01147526316344738 8325
1782830794022 0.053825683891773224 8326
1782830794024 0.17760826647281647 8327
1782830794026 0.07829765230417252 8328
1782830794028 0.12772595882415771 8329
1782830794030 0.026187129318714142 8330
1782830794032 0.021421100944280624 8331
1782830794035 0.07584813982248306 8332
1782830794037 0.24309563636779785 8333
1782830794039 0.10471446067094803 8334
1782830794041 0.022709669545292854 8335
1782830794043 0.08752854913473129 8336
1782830794045 0.0860879123210907 8337
1782830794048 0.0017170347273349762 8338
1782830794050 0.1025284007191658 8339
1782830794052 0.0039125713519752026 8340
1782830794054 0.13458256423473358 8341
1782830794056 0.0006015562685206532 8342
1782830794058 0.22374063730239868 8343
1782830794060 0.005773195531219244 8344
1782830794063 0.0029689406510442495 8345
1782830794065 0.19077956676483154 8346
1782830794067 0.03894846886396408 8347
1782830794069 0.004186756908893585 8348
1782830794071 0.008825855329632759 8349
1782830794073 0.022375773638486862 8350
1782830794076 0.04798893257975578 8351
1782830794078 0.005294936243444681 8352
1782830794080 0.02745744213461876 8353
1782830794082 0.12534485757350922 8354
1782830794084 0.006132888607680798 8355
1782830794086 0.02204243466258049 8356
1782830794089 0.031764619052410126 8357
1782830794091 0.014973824843764305 8358
1782830794093 0.08209826797246933 8359
1782830794095 0.010944314301013947 8360
1782830794097 0.1027650311589241 8361
1782830794099 0.10545698553323746 8362
1782830794101 0.024167489260435104 8363
1782830794103 0.007061132695525885 8364
1782830794105 0.1953882873058319 8365
1782830794107 0.03713245317339897 8366
1782830794109 0.002847997471690178 8367
1782830794111 0.0007098183268681169 8368
1782830794113 0.14222471415996552 8369
1782830794115 0.006996792741119862 8370
1782830794117 0.039445385336875916 8371
1782830794120 0.15179963409900665 8372
1782830794122 0.13637758791446686 8373
1782830794124 0.028996746987104416 8374
1782830794126 0.007586273364722729 8375
1782830794129 0.003585332538932562 8376
1782830794131 0.03479471430182457 8377
1782830794133 0.07206087559461594 8378
1782830794135 0.07133592665195465 8379
1782830794138 0.005995148327201605 8380
1782830794140 0.05397060886025429 8381
1782830794143 0.08493400365114212 8382
1782830794145 0.07411477714776993 8383
1782830794147 0.0709424540400505 8384
1782830794150 0.3772881031036377 8385
1782830794153 0.054627351462841034 8386
1782830794155 0.10462386906147003 8387
1782830794158 0.08661411702632904 8388
1782830794161 0.08901523053646088 8389
1782830794163 0.0765514224767685 8390
1782830794166 0.011175756342709064 8391
1782830794169 0.040991730988025665 8392
1782830794171 0.13009551167488098 8393
1782830794174 0.11636095494031906 8394
1782830794177 0.013516795821487904 8395
1782830794179 0.030630815774202347 8396
1782830794182 0.3396259546279907 8397
1782830794185 0.03510883450508118 8398
1782830794188 0.2067737877368927 8399
1782830794191 0.11365446448326111 8400
1782830794195 0.06472926586866379 8401
1782830794199 0.1002088114619255 8402
1782830794203 0.025140821933746338 8403
1782830794206 0.1663079857826233 8404
1782830794209 0.10281429439783096 8405
1782830794212 0.021743811666965485 8406
1782830794216 0.030666884034872055 8407
1782830794219 0.10962247103452682 8408
1782830794222 0.03495540842413902 8409
1782830794226 0.23980754613876343 8410
1782830794229 0.3027474880218506 8411
1782830794231 0.042538054287433624 8412
1782830794234 0.2943184971809387 8413
1782830794237 0.08356881141662598 8414
1782830794240 0.01884506270289421 8415
1782830794242 0.0060974108055233955 8416
1782830794245 0.29491087794303894 8417
1782830794248 0.020787542685866356 8418
1782830794251 0.06993386894464493 8419
1782830794253 0.0659070536494255 8420
1782830794256 0.07082828134298325 8421
1782830794259 0.07932336628437042 8422
1782830794262 0.235811248421669 8423
1782830794265 0.04212679713964462 8424
1782830794267 0.09371468424797058 8425
1782830794269 0.010613166727125645 8426
1782830794271 0.0427401065826416 8427
1782830794274 0.001350906677544117 8428
1782830794276 0.31728842854499817 8429
1782830794279 0.02604404278099537 8430
1782830794281 0.07702327519655228 8431
1782830794283 0.03460194915533066 8432
1782830794285 0.016079187393188477 8433
1782830794288 0.07288343459367752 8434
1782830794290 0.11358422785997391 8435
1782830794292 0.053289588540792465 8436
1782830794294 0.1067470908164978 8437
1782830794296 0.008404741995036602 8438
1782830794298 0.001977125881239772 8439
1782830794300 0.01340850256383419 8440
1782830794302 0.006440458353608847 8441
1782830794304 0.08233512192964554 8442
1782830794306 0.03802758455276489 8443
1782830794308 0.02652248926460743 8444
1782830794310 0.016190936788916588 8445
1782830794313 0.009254120290279388 8446
1782830794315 0.02635638229548931 8447
1782830794317 0.0041687339544296265 8448
1782830794320 0.09408233314752579 8449
1782830794322 0.020185157656669617 8450
1782830794324 0.027109956368803978 8451
1782830794326 0.04194409400224686 8452
1782830794328 0.03738256171345711 8453
1782830794331 0.2187526971101761 8454
1782830794333 0.01779921166598797 8455
1782830794335 0.0056439973413944244 8456
1782830794337 0.1315011978149414 8457
1782830794339 0.15164071321487427 8458
1782830794341 0.00853721983730793 8459
1782830794343 0.015302163548767567 8460
1782830794345 0.12047544121742249 8461
1782830794348 0.0021364097483456135 8462
1782830794350 0.012466522864997387 8463
1782830794352 0.01591949723660946 8464
1782830794354 0.004423791542649269 8465
1782830794357 0.02339928224682808 8466
1782830794359 0.2057880163192749 8467
1782830794361 0.07508748024702072 8468
1782830794363 0.1430579274892807 8469
1782830794365 0.04450331628322601 8470
1782830794368 0.1296388953924179 8471
1782830794370 0.10803455859422684 8472
1782830794372 0.11103195697069168 8473
1782830794374 0.02584468573331833 8474
1782830794376 0.03449748829007149 8475
1782830794378 0.16578805446624756 8476
1782830794381 0.11692891269922256 8477
1782830794383 0.03699006885290146 8478
1782830794385 0.00301271746866405 8479
1782830794387 0.2177993804216385 8480
1782830794389 0.19851911067962646 8481
1782830794391 0.11878853291273117 8482
1782830794393 0.12246829271316528 8483
1782830794396 0.12200178951025009 8484
1782830794398 0.012342623434960842 8485
1782830794400 0.02250569686293602 8486
1782830794402 0.004731413908302784 8487
1782830794404 0.062414318323135376 8488
1782830794406 0.06856448948383331 8489
1782830794408 0.0326378159224987 8490
1782830794410 0.04471321403980255 8491
1782830794413 0.02985399216413498 8492
1782830794415 0.11064322292804718 8493
1782830794417 0.02620665915310383 8494
1782830794419 0.18087565898895264 8495
1782830794421 0.013764267787337303 8496
1782830794423 0.1821097433567047 8497
1782830794425 0.0068659186363220215 8498
1782830794427 0.09182153642177582 8499
1782830794429 0.08174833655357361 8500
1782830794432 0.03178425505757332 8501
1782830794434 0.04391865059733391 8502
1782830794436 0.31527286767959595 8503
1782830794438 0.0017747430829331279 8504
1782830794440 0.003980528097599745 8505
1782830794443 0.04387490078806877 8506
1782830794445 0.10670304298400879 8507
1782830794447 0.0013523227535188198 8508
1782830794449 0.056763388216495514 8509
1782830794452 0.20962771773338318 8510
1782830794454 0.04351336881518364 8511
1782830794456 0.03734280914068222 8512
1782830794459 0.09731145203113556 8513
1782830794461 0.03889454901218414 8514
1782830794464 0.1373761147260666 8515
1782830794466 0.006620434578508139 8516
1782830794469 0.014726812951266766 8517
1782830794471 0.02129952609539032 8518
1782830794473 0.14045344293117523 8519
1782830794475 0.16840948164463043 8520
1782830794478 0.048474982380867004 8521
1782830794480 0.017772575840353966 8522
1782830794482 0.006280902773141861 8523
1782830794484 0.014989854767918587 8524
1782830794486 0.0320596918463707 8525
1782830794488 0.005435468629002571 8526
1782830794491 0.04351917654275894 8527
1782830794493 0.1271377056837082 8528
1782830794495 0.03867869824171066 8529
1782830794497 0.2825882136821747 8530
1782830794499 0.07876909524202347 8531
1782830794501 0.018434368073940277 8532
1782830794503 0.08935287594795227 8533
1782830794505 0.1668587028980255 8534
1782830794507 0.021552523598074913 8535
1782830794509 0.09338878095149994 8536
1782830794512 0.0006990349502302706 8537
1782830794514 0.2396554946899414 8538
1782830794516 0.0033012828789651394 8539
1782830794519 0.2535257935523987 8540
1782830794521 0.11632047593593597 8541
1782830794525 0.09629924595355988 8542
1782830794528 0.060229141265153885 8543
1782830794531 0.019968517124652863 8544
1782830794534 0.3488609492778778 8545
1782830794536 0.012991327792406082 8546
1782830794538 0.0099313510581851 8547
1782830794540 0.02583950385451317 8548
1782830794543 0.017626481130719185 8549
1782830794545 0.05278585106134415 8550
1782830794547 0.052627041935920715 8551
1782830794549 0.0019549247808754444 8552
1782830794552 0.013684136793017387 8553
1782830794554 0.011095804162323475 8554
1782830794557 0.05207294598221779 8555
1782830794559 0.03173259645700455 8556
1782830794561 0.06426466256380081 8557
1782830794564 0.08691360801458359 8558
1782830794566 0.0014919321984052658 8559
1782830794568 0.006922297645360231 8560
1782830794571 0.027273787185549736 8561
1782830794573 0.03887274116277695 8562
1782830794575 0.17054688930511475 8563
1782830794577 0.10152417421340942 8564
1782830794579 0.008443793281912804 8565
1782830794581 0.2432575821876526 8566
1782830794583 0.1655217707157135 8567
1782830794586 0.26161661744117737 8568
1782830794588 0.07957686483860016 8569
1782830794590 0.18940038979053497 8570
1782830794592 0.044904109090566635 8571
1782830794594 0.24216382205486298 8572
1782830794597 0.003311985870823264 8573
1782830794599 0.009980505332350731 8574
1782830794601 0.17569223046302795 8575
1782830794603 0.05770563706755638 8576
1782830794605 0.017327403649687767 8577
1782830794607 0.07620744407176971 8578
1782830794610 0.1560109704732895 8579
1782830794612 0.12893682718276978 8580
1782830794614 0.03484153002500534 8581
1782830794616 0.042218733578920364 8582
1782830794619 0.05158662423491478 8583
1782830794621 0.025120727717876434 8584
1782830794624 0.03830431029200554 8585
1782830794627 0.11760005354881287 8586
1782830794630 0.008438656106591225 8587
1782830794632 0.018332894891500473 8588
1782830794635 0.2187926024198532 8589
1782830794638 0.020645668730139732 8590
1782830794641 0.22369416058063507 8591
1782830794644 0.18930409848690033 8592
1782830794647 0.0090937539935112 8593
1782830794650 0.08664200454950333 8594
1782830794652 0.014640594832599163 8595
1782830794654 0.010068271309137344 8596
1782830794656 0.020192846655845642 8597
1782830794659 0.03274209052324295 8598
1782830794661 0.021989179775118828 8599
1782830794663 0.09119822084903717 8600
1782830794665 0.10068871080875397 8601
1782830794667 0.09412930905818939 8602
1782830794669 0.06343167275190353 8603
1782830794671 0.12269393354654312 8604
1782830794673 0.04829836264252663 8605
1782830794676 0.007817850448191166 8606
1782830794678 0.0418696291744709 8607
1782830794680 0.05972271040081978 8608
1782830794682 0.019023902714252472 8609
1782830794684 0.030850287526845932 8610
1782830794686 0.01590372622013092 8611
1782830794689 0.21034279465675354 8612
1782830794692 0.038825344294309616 8613
1782830794694 0.01706499233841896 8614
1782830794697 0.11730904132127762 8615
1782830794700 0.006455049850046635 8616
1782830794702 0.14619208872318268 8617
1782830794705 0.04933439567685127 8618
1782830794707 0.00467261578887701 8619
1782830794709 0.013070207089185715 8620
1782830794711 0.08359670639038086 8621
1782830794714 0.03909683600068092 8622
1782830794716 0.37817615270614624 8623
1782830794719 0.0016778579447418451 8624
1782830794721 0.05322067439556122 8625
1782830794723 0.01602090708911419 8626
1782830794725 0.005724628455936909 8627
1782830794728 0.12554936110973358 8628
1782830794730 0.14119279384613037 8629
1782830794732 0.015734203159809113 8630
1782830794734 0.029261507093906403 8631
1782830794736 0.16614291071891785 8632
1782830794738 0.007506551221013069 8633
1782830794740 0.07030424475669861 8634
1782830794742 0.27062392234802246 8635
1782830794744 0.02085498534142971 8636
1782830794746 0.0049047404900193214 8637
1782830794748 0.13404981791973114 8638
1782830794750 0.08471027761697769 8639
1782830794752 0.14868396520614624 8640
1782830794754 0.1287832111120224 8641
1782830794756 0.012372075580060482 8642
1782830794759 0.002798019675537944 8643
1782830794761 0.15959754586219788 8644
1782830794763 0.16949857771396637 8645
1782830794765 0.20349110662937164 8646
1782830794767 0.3433452546596527 8647
1782830794770 0.0025211102329194546 8648
1782830794772 0.008552046492695808 8649
1782830794775 0.017155157402157784 8650
1782830794777 0.03402123600244522 8651
1782830794780 0.0021240143105387688 8652
1782830794783 0.025241203606128693 8653
1782830794785 0.023254863917827606 8654
1782830794788 0.12087567150592804 8655
1782830794790 0.287434846162796 8656
1782830794793 0.027160119265317917 8657
1782830794796 0.07849426567554474 8658
1782830794798 0.06828537583351135 8659
1782830794801 0.004368422087281942 8660
1782830794804 0.043168939650058746 8661
1782830794806 0.18390320241451263 8662
1782830794809 0.000560390530154109 8663
1782830794812 0.15490204095840454 8664
1782830794814 0.10437514632940292 8665
1782830794817 0.05197227746248245 8666
1782830794820 0.12088977545499802 8667
1782830794822 0.06606737524271011 8668
1782830794825 0.1714707612991333 8669
1782830794828 0.029373038560152054 8670
1782830794830 0.13434377312660217 8671
1782830794833 0.07333319634199142 8672
1782830794836 0.01166161336004734 8673
1782830794839 0.18014806509017944 8674
1782830794841 0.006570173427462578 8675
1782830794844 0.05579400062561035 8676
1782830794846 0.05899687111377716 8677
1782830794849 0.2322024405002594 8678
1782830794851 0.1522568017244339 8679
1782830794853 0.015387867577373981 8680
1782830794855 0.0059765116311609745 8681
1782830794857 0.1727488934993744 8682
1782830794859 0.009532851167023182 8683
1782830794861 0.042212724685668945 8684
1782830794864 0.02357880026102066 8685
1782830794867 0.003788537345826626 8686
1782830794870 0.16374462842941284 8687
1782830794872 0.003675888292491436 8688
1782830794875 0.18194139003753662 8689
1782830794878 0.021705741062760353 8690
1782830794881 0.06263718754053116 8691
1782830794884 0.004338761325925589 8692
1782830794886 0.2102101445198059 8693
1782830794889 0.15127864480018616 8694
1782830794892 0.010379329323768616 8695
1782830794895 0.07237246632575989 8696
1782830794897 0.0013650491600856185 8697
1782830794900 0.008219165727496147 8698
1782830794903 0.04257612302899361 8699
1782830794905 0.12904848158359528 8700
1782830794908 0.004685489926487207 8701
1782830794911 0.02680009789764881 8702
1782830794913 0.026504484936594963 8703
1782830794916 0.15189066529273987 8704
1782830794919 0.10660123080015182 8705
1782830794921 0.12123282998800278 8706
1782830794923 0.0017201511655002832 8707
1782830794926 0.41239312291145325 8708
1782830794929 0.08089728653430939 8709
1782830794932 0.156707763671875 8710
1782830794934 0.13369415700435638 8711
1782830794937 0.0067662582732737064 8712
1782830794939 0.16947360336780548 8713
1782830794942 0.13570119440555573 8714
1782830794944 0.0067685507237911224 8715
1782830794946 0.3425126075744629 8716
1782830794947 0.008038079366087914 8717
1782830794949 0.005940832197666168 8718
1782830794951 0.18800926208496094 8719
1782830794953 0.17828090488910675 8720
1782830794956 0.10559076070785522 8721
1782830794958 0.20497195422649384 8722
1782830794960 0.06531041860580444 8723
1782830794962 0.19682809710502625 8724
1782830794964 0.022383466362953186 8725
1782830794966 0.27104267477989197 8726
1782830794968 0.01135878823697567 8727
1782830794971 0.0027939006686210632 8728
1782830794974 0.21284905076026917 8729
1782830794976 0.053384535014629364 8730
1782830794979 0.19275692105293274 8731
1782830794982 0.03363945335149765 8732
1782830794985 0.018404612317681313 8733
1782830794987 0.31732577085494995 8734
1782830794990 0.25912463665008545 8735
1782830794993 0.12445896863937378 8736
1782830794995 0.1623474806547165 8737
1782830794998 0.014713187702000141 8738
1782830795001 0.3981439173221588 8739
1782830795004 0.15893599390983582 8740
1782830795006 0.005602335557341576 8741
1782830795009 0.04356832802295685 8742
1782830795012 0.01813572831451893 8743
1782830795015 0.02109077386558056 8744
1782830795018 0.05218302458524704 8745
1782830795021 0.04951132833957672 8746
1782830795023 0.04283082112669945 8747
1782830795026 0.09726747125387192 8748
1782830795029 0.20665009319782257 8749
1782830795032 0.42709410190582275 8750
1782830795034 0.005102964583784342 8751
1782830795037 0.0019479840993881226 8752
1782830795040 0.05602286756038666 8753
1782830795043 0.033567752689123154 8754
1782830795045 0.02054775319993496 8755
1782830795048 0.008591441437602043 8756
1782830795051 0.0030009234324097633 8757
1782830795054 0.0032530715689063072 8758
1782830795056 0.057835210114717484 8759
1782830795059 0.1466204822063446 8760
1782830795062 0.015768546611070633 8761
1782830795064 0.015633363276720047 8762
1782830795067 0.04012482985854149 8763
1782830795070 0.13856874406337738 8764
1782830795073 0.03599172085523605 8765
1782830795075 0.01500675454735756 8766
1782830795078 0.033972837030887604 8767
1782830795080 0.0711788460612297 8768
1782830795082 0.04257287085056305 8769
1782830795084 0.06890072673559189 8770
1782830795087 0.07051306962966919 8771
1782830795089 0.033940594643354416 8772
1782830795091 0.05499506741762161 8773
1782830795093 0.05810192599892616 8774
1782830795095 0.013166756369173527 8775
1782830795097 0.03495832160115242 8776
1782830795099 0.0095598129555583 8777
1782830795101 0.008572893217206001 8778
1782830795103 0.22286170721054077 8779
1782830795105 0.05352753773331642 8780
1782830795107 0.004623779095709324 8781
1782830795109 0.038744647055864334 8782
1782830795111 0.07747526466846466 8783
1782830795113 0.1862913966178894 8784
1782830795116 0.06177492439746857 8785
1782830795118 0.0039605977945029736 8786
1782830795120 0.18164697289466858 8787
1782830795122 0.023587018251419067 8788
1782830795124 0.14557045698165894 8789
1782830795127 0.01289577316492796 8790
1782830795129 0.043337397277355194 8791
1782830795131 0.05941742658615112 8792
1782830795133 0.009221951477229595 8793
1782830795135 0.344722718000412 8794
1782830795137 0.0021349438466131687 8795
1782830795139 0.08068017661571503 8796
1782830795142 0.06825371086597443 8797
1782830795144 0.19241757690906525 8798
1782830795146 0.021377142518758774 8799
1782830795148 0.026288393884897232 8800
1782830795150 0.26187846064567566 8801
1782830795152 0.03637157753109932 8802
1782830795154 0.03746841847896576 8803
1782830795156 0.009368378669023514 8804
1782830795158 0.03018132969737053 8805
1782830795160 0.019859032705426216 8806
1782830795162 0.09307904541492462 8807
1782830795164 0.14337140321731567 8808
1782830795167 0.0688222274184227 8809
1782830795169 0.02561732567846775 8810
1782830795171 0.0012531807878986 8811
1782830795173 0.0028337992262095213 8812
1782830795175 0.006654623430222273 8813
1782830795177 0.12483343482017517 8814
1782830795179 0.35774651169776917 8815
1782830795182 0.01264319010078907 8816
1782830795184 0.04917219281196594 8817
1782830795186 0.025541841983795166 8818
1782830795188 0.013585814274847507 8819
1782830795190 0.020563041791319847 8820
1782830795192 0.1811109185218811 8821
1782830795194 0.02571556530892849 8822
1782830795196 0.00541839562356472 8823
1782830795199 0.07540763914585114 8824
1782830795201 0.10480083525180817 8825
1782830795203 0.0693918839097023 8826
1782830795205 0.07468602806329727 8827
1782830795207 0.013814326375722885 8828
1782830795209 0.05903276801109314 8829
1782830795211 0.20363536477088928 8830
1782830795214 0.0715068057179451 8831
1782830795216 0.07069849222898483 8832
1782830795218 0.08419893682003021 8833
1782830795220 0.014928959310054779 8834
1782830795222 0.0006646543042734265 8835
1782830795225 0.023953508585691452 8836
1782830795227 0.008714240975677967 8837
1782830795229 0.038572970777750015 8838
1782830795232 0.020549999549984932 8839
1782830795234 0.014503071084618568 8840
1782830795236 0.21508319675922394 8841
1782830795238 0.23818689584732056 8842
1782830795240 0.10218986123800278 8843
1782830795243 0.06957137584686279 8844
1782830795245 0.012902697548270226 8845
1782830795247 0.05455636978149414 8846
1782830795249 0.05739240720868111 8847
1782830795251 0.05767682194709778 8848
1782830795253 0.540734589099884 8849
1782830795255 0.02461954765021801 8850
1782830795257 0.0347648486495018 8851
1782830795259 0.054808322340250015 8852
1782830795262 0.03650600463151932 8853
1782830795264 0.13722307980060577 8854
1782830795266 0.09903896600008011 8855
1782830795268 0.11388863623142242 8856
1782830795270 0.21486109495162964 8857
1782830795272 0.05428929626941681 8858
1782830795275 0.6393803358078003 8859
1782830795277 0.0187968909740448 8860
1782830795279 0.039763495326042175 8861
1782830795281 0.04898986965417862 8862
1782830795284 0.10229471325874329 8863
1782830795286 0.09258683025836945 8864
1782830795288 0.2665744125843048 8865
1782830795290 0.25106650590896606 8866
1782830795292 0.2618933916091919 8867
1782830795294 0.3953699469566345 8868
1782830795296 0.0977061465382576 8869
1782830795298 0.07905969023704529 8870
1782830795300 0.05541905760765076 8871
1782830795302 0.5435183644294739 8872
1782830795304 0.014345255680382252 8873
1782830795306 0.21910803020000458 8874
1782830795309 0.024187928065657616 8875
1782830795311 0.14068616926670074 8876
1782830795313 0.023894360288977623 8877
1782830795315 0.020396973937749863 8878
1782830795318 0.016913097351789474 8879
1782830795320 0.18603885173797607 8880
1782830795322 0.11867420375347137 8881
1782830795324 0.013637712225317955 8882
1782830795327 0.030120400711894035 8883
1782830795329 0.07098150253295898 8884
1782830795331 0.057671427726745605 8885
1782830795333 0.2029361128807068 8886
1782830795336 0.0032922360114753246 8887
1782830795338 0.1032959446310997 8888
1782830795340 0.1561385542154312 8889
1782830795342 0.02232005074620247 8890
1782830795344 0.1409492790699005 8891
1782830795346 0.15006951987743378 8892
1782830795348 0.031300511211156845 8893
1782830795350 0.046963613480329514 8894
1782830795352 0.1582985818386078 8895
1782830795355 0.00793059729039669 8896
1782830795357 0.007697683293372393 8897
1782830795359 0.15958817303180695 8898
1782830795361 0.04552686959505081 8899
1782830795364 0.02966601401567459 8900
1782830795366 0.08363080769777298 8901
1782830795368 0.13392241299152374 8902
1782830795371 0.21276473999023438 8903
1782830795373 0.31609392166137695 8904
1782830795375 0.08212029188871384 8905
1782830795377 0.20338165760040283 8906
1782830795379 0.32139310240745544 8907
1782830795382 0.05742020159959793 8908
1782830795384 0.10014420747756958 8909
1782830795386 0.03804679214954376 8910
1782830795388 0.07731855660676956 8911
1782830795390 0.08335616439580917 8912
1782830795392 0.03864246979355812 8913
1782830795401 0.11740435659885406 8914
1782830795403 0.13127082586288452 8915
1782830795406 0.029027964919805527 8916
1782830795408 0.020145371556282043 8917
1782830795410 0.029842566698789597 8918
1782830795413 0.03766299784183502 8919
1782830795415 0.07151621580123901 8920
1782830795417 0.14795848727226257 8921
1782830795419 0.03360419720411301 8922
1782830795421 0.21032389998435974 8923
1782830795423 0.30337461829185486 8924
1782830795426 0.010069039650261402 8925
1782830795428 0.03153006732463837 8926
1782830795430 0.04768754169344902 8927
1782830795432 0.2425217628479004 8928
1782830795435 0.016530025750398636 8929
1782830795437 0.06810147315263748 8930
1782830795439 0.053601089864969254 8931
1782830795441 0.03260337561368942 8932
1782830795443 0.5534183979034424 8933
1782830795446 0.008249425329267979 8934
1782830795448 0.05697207152843475 8935
1782830795450 0.027292821556329727 8936
1782830795452 0.09727973490953445 8937
1782830795455 0.020435936748981476 8938
1782830795457 0.05825266242027283 8939
1782830795459 0.06405510008335114 8940
1782830795461 0.1154162809252739 8941
1782830795463 0.0162945669144392 8942
1782830795465 0.03805570304393768 8943
1782830795468 0.04182607680559158 8944
1782830795470 0.0943402647972107 8945
1782830795472 0.07744989544153214 8946
1782830795474 0.10810312628746033 8947
1782830795477 0.10133342444896698 8948
1782830795479 0.04901502653956413 8949
1782830795481 0.04429968073964119 8950
1782830795483 0.007135896012187004 8951
1782830795485 0.1033235713839531 8952
1782830795487 0.27831125259399414 8953
1782830795490 0.0030024684965610504 8954
1782830795492 0.023344770073890686 8955
1782830795494 0.004517971072345972 8956
1782830795496 0.07943159341812134 8957
1782830795498 0.03939778357744217 8958
1782830795501 0.05988519266247749 8959
1782830795503 0.026684466749429703 8960
1782830795505 0.061930812895298004 8961
1782830795507 0.3136747479438782 8962
1782830795509 0.0333261713385582 8963
1782830795511 0.07200975716114044 8964
1782830795513 0.007173248566687107 8965
1782830795516 0.22763216495513916 8966
1782830795518 0.08730139583349228 8967
1782830795520 0.01763719692826271 8968
1782830795524 0.0021800396498292685 8969
1782830795526 0.012552776373922825 8970
1782830795529 0.06516120582818985 8971
1782830795531 0.010585377924144268 8972
1782830795534 0.12207068502902985 8973
1782830795536 0.019512508064508438 8974
1782830795538 0.08848772197961807 8975
1782830795540 0.00807515624910593 8976
1782830795543 0.04750050604343414 8977
1782830795545 0.14882004261016846 8978
1782830795549 0.07953046262264252 8979
1782830795552 0.09997592121362686 8980
1782830795555 0.2350478321313858 8981
1782830795558 0.11597365885972977 8982
1782830795560 0.24369986355304718 8983
1782830795563 0.0544968880712986 8984
1782830795566 0.006735058967024088 8985
1782830795568 0.07053044438362122 8986
1782830795571 0.14606621861457825 8987
1782830795574 0.10302229225635529 8988
1782830795577 0.010318562388420105 8989
1782830795579 0.025929044932127 8990
1782830795582 0.010130400769412518 8991
1782830795585 0.02906963974237442 8992
1782830795587 0.026156915351748466 8993
1782830795590 0.052865199744701385 8994
1782830795592 0.047042377293109894 8995
1782830795595 0.058423999696969986 8996
1782830795598 0.001721495995298028 8997
1782830795601 0.005016077775508165 8998
1782830795603 0.018232226371765137 8999
1782830795605 0.011195577681064606 9000
1782830795608 0.1426258683204651 9001
1782830795611 0.029771216213703156 9002
1782830795613 0.0011022464605048299 9003
1782830795616 0.025832753628492355 9004
1782830795619 0.020681031048297882 9005
1782830795621 0.0062440019100904465 9006
1782830795624 0.0026495796628296375 9007
1782830795627 0.09427634626626968 9008
1782830795630 0.03299887850880623 9009
1782830795632 0.0825340524315834 9010
1782830795635 0.04893719404935837 9011
1782830795638 0.0038795897271484137 9012
1782830795641 0.00772986002266407 9013
1782830795644 0.06917544454336166 9014
1782830795646 0.00933661125600338 9015
1782830795650 0.0015621837228536606 9016
1782830795653 0.19446270167827606 9017
1782830795655 0.02719717100262642 9018
1782830795658 0.12671145796775818 9019
1782830795661 0.003633880987763405 9020
1782830795663 0.0013997280038893223 9021
1782830795666 0.00190108607057482 9022
1782830795669 0.039672378450632095 9023
1782830795671 0.3973848521709442 9024
1782830795673 0.21380844712257385 9025
1782830795677 0.11111103743314743 9026
1782830795680 0.06982142478227615 9027
1782830795682 0.22192662954330444 9028
1782830795685 0.18468643724918365 9029
1782830795688 0.04225502535700798 9030
1782830795692 0.17979590594768524 9031
1782830795694 0.2004382163286209 9032
1782830795697 0.04530293494462967 9033
1782830795700 0.033816054463386536 9034
1782830795703 0.047115083783864975 9035
1782830795705 0.02083057165145874 9036
1782830795708 0.11852774769067764 9037
1782830795711 0.08518507331609726 9038
1782830795714 0.05357849597930908 9039
1782830795716 0.06544042378664017 9040
1782830795720 0.22851267457008362 9041
1782830795723 0.13734020292758942 9042
1782830795726 0.04677106812596321 9043
1782830795729 0.06477462500333786 9044
1782830795732 0.04702617600560188 9045
1782830795735 0.007601737044751644 9046
1782830795737 0.4703880846500397 9047
1782830795740 0.04748409241437912 9048
1782830795743 0.011512558907270432 9049
1782830795745 0.03075900301337242 9050
1782830795748 0.00024187997041735798 9051
1782830795751 0.17163948714733124 9052
1782830795753 0.11908268928527832 9053
1782830795755 0.18723997473716736 9054
1782830795757 0.2329513430595398 9055
1782830795759 0.08875840902328491 9056
1782830795761 0.043593790382146835 9057
1782830795763 0.012468976899981499 9058
1782830795766 0.03800896555185318 9059
1782830795768 0.0024247621186077595 9060
1782830795770 0.15530818700790405 9061
1782830795772 0.07587798684835434 9062
1782830795774 0.005291142966598272 9063
1782830795776 0.09345132112503052 9064
1782830795778 0.23414582014083862 9065
1782830795780 0.1654249131679535 9066
1782830795782 0.11572007834911346 9067
1782830795784 0.12777847051620483 9068
1782830795786 0.01423992495983839 9069
1782830795788 0.02989146299660206 9070
1782830795790 0.12696176767349243 9071
1782830795792 0.09579244256019592 9072
1782830795795 0.021987464278936386 9073
1782830795797 0.0007935423636808991 9074
1782830795799 0.2527523338794708 9075
1782830795801 0.17828728258609772 9076
1782830795803 0.13267330825328827 9077
1782830795805 0.01774023473262787 9078
1782830795807 0.17897219955921173 9079
1782830795809 0.1279507279396057 9080
1782830795811 0.06334187090396881 9081
1782830795813 0.03735816478729248 9082
1782830795815 0.04525906592607498 9083
1782830795817 0.11013180762529373 9084
1782830795819 0.031410302966833115 9085
1782830795821 0.046877242624759674 9086
1782830795824 0.006571281235665083 9087
1782830795826 0.031563013792037964 9088
1782830795828 0.26033276319503784 9089
1782830795830 0.06753694266080856 9090
1782830795832 0.08059454709291458 9091
1782830795834 0.07745012640953064 9092
1782830795836 0.06981456279754639 9093
1782830795838 0.022223209962248802 9094
1782830795840 0.14729993045330048 9095
1782830795842 0.04110496863722801 9096
1782830795845 0.0011360014323145151 9097
1782830795847 0.003707068506628275 9098
1782830795849 0.055085960775613785 9099
1782830795851 0.053075578063726425 9100
1782830795853 0.13872525095939636 9101
1782830795855 0.14399389922618866 9102
1782830795857 0.006252949591726065 9103
1782830795859 0.011966452933847904 9104
1782830795861 0.19825249910354614 9105
1782830795864 0.44719457626342773 9106
1782830795866 0.023034993559122086 9107
1782830795869 0.14752128720283508 9108
1782830795871 0.09884913265705109 9109
1782830795873 0.05116161331534386 9110
1782830795875 0.013591738417744637 9111
1782830795878 0.012404684908688068 9112
1782830795880 0.05211972817778587 9113
1782830795883 0.10703908652067184 9114
1782830795886 0.022791843861341476 9115
1782830795889 0.044601570814847946 9116
1782830795891 0.1889471411705017 9117
1782830795894 0.20127776265144348 9118
1782830795897 0.00630358699709177 9119
1782830795899 0.004844669718295336 9120
1782830795902 0.0935712605714798 9121
1782830795905 0.1761550009250641 9122
1782830795907 0.07835003733634949 9123
1782830795909 0.08955230563879013 9124
1782830795911 0.01927003636956215 9125
1782830795913 0.022060981020331383 9126
1782830795915 0.25083544850349426 9127
1782830795917 0.09420172870159149 9128
1782830795919 0.03330571949481964 9129
1782830795921 0.006667023524641991 9130
1782830795923 0.09444239735603333 9131
1782830795925 0.1344614028930664 9132
1782830795928 0.02586129680275917 9133
1782830795930 0.023511826992034912 9134
1782830795932 0.04851824790239334 9135
1782830795934 0.2103598713874817 9136
1782830795936 0.24007529020309448 9137
1782830795938 0.19699065387248993 9138
1782830795940 0.18488968908786774 9139
1782830795943 0.011876890435814857 9140
1782830795945 0.028324920684099197 9141
1782830795947 0.03629014641046524 9142
1782830795949 0.09432244300842285 9143
1782830795951 0.19111888110637665 9144
1782830795953 0.24713750183582306 9145
1782830795955 0.010643020272254944 9146
1782830795957 0.015918005257844925 9147
1782830795959 0.0791916474699974 9148
1782830795961 0.16187329590320587 9149
1782830795963 0.06525974720716476 9150
1782830795966 0.23297084867954254 9151
1782830795968 0.36824336647987366 9152
1782830795970 0.00032503792317584157 9153
1782830795973 0.0017119201365858316 9154
1782830795975 0.5355278253555298 9155
1782830795977 0.06483694165945053 9156
1782830795979 0.2705423831939697 9157
1782830795981 0.013552161864936352 9158
1782830795983 0.07209302484989166 9159
1782830795985 0.047466352581977844 9160
1782830795987 0.04360353574156761 9161
1782830795989 0.0036920306738466024 9162
1782830795991 0.4152156710624695 9163
1782830795993 0.005387693643569946 9164
1782830795996 0.39318737387657166 9165
1782830795998 0.008637286722660065 9166
1782830796000 0.07820805162191391 9167
1782830796003 0.02044573985040188 9168
1782830796005 0.03301869332790375 9169
1782830796008 0.02286800928413868 9170
1782830796011 0.13246862590312958 9171
1782830796014 0.32608380913734436 9172
1782830796016 0.16815011203289032 9173
1782830796019 0.022728124633431435 9174
1782830796022 0.02557191252708435 9175
1782830796025 0.2000216394662857 9176
1782830796028 0.13425903022289276 9177
1782830796030 0.03847545385360718 9178
1782830796033 0.2771379351615906 9179
1782830796035 0.008290683850646019 9180
1782830796038 0.11713857203722 9181
1782830796041 0.005838346667587757 9182
1782830796043 0.03522542491555214 9183
1782830796046 0.10064133256673813 9184
1782830796049 0.2249719649553299 9185
1782830796051 0.026428528130054474 9186
1782830796054 0.05270179361104965 9187
1782830796057 0.020343635231256485 9188
1782830796059 0.004560422617942095 9189
1782830796061 0.3481334149837494 9190
1782830796063 0.10888002812862396 9191
1782830796065 0.009710396640002728 9192
1782830796067 0.059612974524497986 9193
1782830796069 0.11858830600976944 9194
1782830796071 0.12255813926458359 9195
1782830796073 0.03474629297852516 9196
1782830796075 0.038676917552948 9197
1782830796078 0.011956900358200073 9198
1782830796080 0.006188604980707169 9199
1782830796082 0.1706777811050415 9200
1782830796084 0.07721918076276779 9201
1782830796086 0.04425620660185814 9202
1782830796088 0.0013725622557103634 9203
1782830796090 0.03611302748322487 9204
1782830796093 0.001719485386274755 9205
1782830796095 0.10108573734760284 9206
1782830796097 0.04068826138973236 9207
1782830796099 0.015409805811941624 9208
1782830796101 0.049803946167230606 9209
1782830796103 0.13817951083183289 9210
1782830796105 0.004017653875052929 9211
1782830796107 0.008288584649562836 9212
1782830796109 0.003554431488737464 9213
1782830796111 0.05160488933324814 9214
1782830796113 0.3104656934738159 9215
1782830796116 0.06849130988121033 9216
1782830796118 0.035398948937654495 9217
1782830796120 0.14536292850971222 9218
1782830796122 0.012626506388187408 9219
1782830796124 0.09772048145532608 9220
1782830796126 0.011687511578202248 9221
1782830796129 0.02154730260372162 9222
1782830796132 0.039567116647958755 9223
1782830796134 0.07476994395256042 9224
1782830796137 0.05321592837572098 9225
1782830796140 0.004607683978974819 9226
1782830796142 0.333734929561615 9227
1782830796145 0.04218285530805588 9228
1782830796147 0.11913470923900604 9229
1782830796150 0.02642780728638172 9230
1782830796152 0.11204205453395844 9231
1782830796155 0.07224801182746887 9232
1782830796158 0.011889563873410225 9233
1782830796161 0.14178456366062164 9234
1782830796163 0.056281279772520065 9235
1782830796166 0.09088601917028427 9236
1782830796168 0.01193314604461193 9237
1782830796171 0.0830468162894249 9238
1782830796174 0.36131107807159424 9239
1782830796177 0.030640974640846252 9240
1782830796179 0.005963997449725866 9241
1782830796182 0.009149574674665928 9242
1782830796185 0.25129157304763794 9243
1782830796187 0.0011279276804998517 9244
1782830796190 0.15762625634670258 9245
1782830796193 0.1679687649011612 9246
1782830796195 0.16652056574821472 9247
1782830796198 0.13892848789691925 9248
1782830796201 0.06281577050685883 9249
1782830796204 0.036852844059467316 9250
1782830796206 0.05428312346339226 9251
1782830796209 0.006043755449354649 9252
1782830796212 0.4602828919887543 9253
1782830796215 0.019703680649399757 9254
1782830796218 0.17961318790912628 9255
1782830796220 0.007643235381692648 9256
1782830796223 0.23881620168685913 9257
1782830796228 0.007663161028176546 9258
1782830796230 0.11373627185821533 9259
1782830796233 0.038648106157779694 9260
1782830796236 0.019059663638472557 9261
1782830796240 0.017077062278985977 9262
1782830796243 0.30699118971824646 9263
1782830796245 0.04361707344651222 9264
1782830796248 0.07569676637649536 9265
1782830796252 0.02773849479854107 9266
1782830796254 0.11417615413665771 9267
1782830796257 0.024720702320337296 9268
1782830796260 0.018266448751091957 9269
1782830796263 0.21588823199272156 9270
1782830796266 0.10514739155769348 9271
1782830796269 0.20457418262958527 9272
1782830796271 0.06882426887750626 9273
1782830796274 0.08228942006826401 9274
1782830796278 0.18914060294628143 9275
1782830796281 0.05165829136967659 9276
1782830796283 0.053466346114873886 9277
1782830796286 0.12936420738697052 9278
1782830796289 0.11679303646087646 9279
1782830796293 0.028694892302155495 9280
1782830796295 0.016859430819749832 9281
1782830796298 0.03236937150359154 9282
1782830796301 0.15359267592430115 9283
1782830796304 0.17044901847839355 9284
1782830796306 0.19721375405788422 9285
1782830796309 0.0022610414307564497 9286
1782830796312 0.07761793583631516 9287
1782830796314 0.03295227512717247 9288
1782830796317 0.0040265535935759544 9289
1782830796320 0.019646774977445602 9290
1782830796323 0.2539965808391571 9291
1782830796325 0.016076715663075447 9292
1782830796328 0.07395406812429428 9293
1782830796331 0.019154325127601624 9294
1782830796333 0.28438714146614075 9295
1782830796336 0.07766930013895035 9296
1782830796339 0.011616951785981655 9297
1782830796342 0.024269601330161095 9298
1782830796344 0.04872153699398041 9299
1782830796347 0.15169347822666168 9300
1782830796349 0.014257734641432762 9301
1782830796351 0.04623277857899666 9302
1782830796353 0.17499838769435883 9303
1782830796356 0.011453923769295216 9304
1782830796358 0.013671085238456726 9305
1782830796360 0.00447258073836565 9306
1782830796362 0.06707710772752762 9307
1782830796364 0.19119849801063538 9308
1782830796366 0.028385736048221588 9309
1782830796368 0.05277329683303833 9310
1782830796371 0.10250350832939148 9311
1782830796373 0.001011835876852274 9312
1782830796375 0.11075765639543533 9313
1782830796377 0.31175529956817627 9314
1782830796379 0.2030343860387802 9315
1782830796381 0.13419179618358612 9316
1782830796383 0.08622673898935318 9317
1782830796385 0.05861399695277214 9318
1782830796387 0.011653072200715542 9319
1782830796389 0.21513894200325012 9320
1782830796391 0.10864391922950745 9321
1782830796393 0.2189561277627945 9322
1782830796396 0.1143103539943695 9323
1782830796398 0.00491336639970541 9324
1782830796400 0.19253133237361908 9325
1782830796402 0.06246925890445709 9326
1782830796404 0.12073769420385361 9327
1782830796406 0.040093183517456055 9328
1782830796408 0.1759265661239624 9329
1782830796411 0.5086774230003357 9330
1782830796413 0.035202186554670334 9331
1782830796415 0.1003538966178894 9332
1782830796417 0.27676424384117126 9333
1782830796419 0.017184283584356308 9334
1782830796421 0.09294262528419495 9335
1782830796423 0.017282482236623764 9336
1782830796425 0.3022659122943878 9337
1782830796428 0.006331604905426502 9338
1782830796430 0.019178515300154686 9339
1782830796432 0.5850533246994019 9340
1782830796434 0.06126711517572403 9341
1782830796436 0.01977543532848358 9342
1782830796438 0.014143419452011585 9343
1782830796440 0.0537860244512558 9344
1782830796442 0.16751472651958466 9345
1782830796444 0.03650683909654617 9346
1782830796446 0.015565754845738411 9347
1782830796449 0.0794014036655426 9348
1782830796451 0.01690705120563507 9349
1782830796453 0.036602623760700226 9350
1782830796455 0.13195689022541046 9351
1782830796458 0.10853299498558044 9352
1782830796460 0.05658373981714249 9353
1782830796462 0.1345960795879364 9354
1782830796464 0.10411765426397324 9355
1782830796467 0.027527842670679092 9356
1782830796469 0.009693482890725136 9357
1782830796471 0.058140870183706284 9358
1782830796473 0.18710505962371826 9359
1782830796476 0.050160884857177734 9360
1782830796478 0.053054329007864 9361
1782830796481 0.02780323661863804 9362
1782830796483 0.03790631517767906 9363
1782830796485 0.04595782235264778 9364
1782830796487 0.1435239464044571 9365
1782830796490 0.09768334031105042 9366
1782830796492 0.05149642378091812 9367
1782830796495 0.02711094170808792 9368
1782830796497 0.023538777604699135 9369
1782830796499 0.16722340881824493 9370
1782830796501 0.2565044164657593 9371
1782830796504 0.0111917145550251 9372
1782830796506 0.04156782850623131 9373
1782830796508 0.03868952766060829 9374
