1783058313835 14.772809982299805 0
1783058313837 7.003971576690674 1
1783058313839 0.9458166360855103 2
1783058313842 1.0426238775253296 3
1783058313844 1.0978246927261353 4
1783058313846 1.1642236709594727 5
1783058313848 1.1999974250793457 6
1783058313850 1.2310553789138794 7
1783058313852 1.224602222442627 8
1783058313854 1.233541488647461 9
1783058313856 1.2504390478134155 10
1783058313858 1.2439320087432861 11
1783058313860 1.1597834825515747 12
1783058313862 1.0789334774017334 13
1783058313864 1.0780577659606934 14
1783058313866 1.0533180236816406 15
1783058313868 1.0369659662246704 16
1783058313870 0.9943984150886536 17
1783058313872 0.9487114548683167 18
1783058313874 0.9069747924804688 19
1783058313876 0.8778060674667358 20
1783058313878 0.8487609028816223 21
1783058313880 0.8261356949806213 22
1783058313882 0.7923714518547058 23
1783058313884 0.7567006945610046 24
1783058313885 0.6909079551696777 25
1783058313887 0.7165562510490417 26
1783058313889 0.6196686625480652 27
1783058313891 0.6082883477210999 28
1783058313894 0.5758604407310486 29
1783058313896 0.517911970615387 30
1783058313898 0.5788434743881226 31
1783058313901 0.4487146735191345 32
1783058313903 0.4778049886226654 33
1783058313906 0.4535088837146759 34
1783058313908 0.3807893991470337 35
1783058313910 0.38595566153526306 36
1783058313913 0.3511101007461548 37
1783058313915 0.3587123453617096 38
1783058313917 0.3194844722747803 39
1783058313920 0.3582013249397278 40
1783058313922 0.3557687997817993 41
1783058313925 0.3445866107940674 42
1783058313927 0.3789362907409668 43
1783058313930 0.3480895757675171 44
1783058313932 0.39509040117263794 45
1783058313934 0.35562118887901306 46
1783058313937 0.3975559175014496 47
1783058313939 0.3486928343772888 48
1783058313941 0.3780062198638916 49
1783058313943 0.388047456741333 50
1783058313946 0.3239891231060028 51
1783058313948 0.3649648129940033 52
1783058313950 0.3158492147922516 53
1783058313953 0.3732359707355499 54
1783058313955 0.365082710981369 55
1783058313957 0.32597965002059937 56
1783058313960 0.3828289210796356 57
1783058313962 0.3541395366191864 58
1783058313965 0.33278974890708923 59
1783058313968 0.33810821175575256 60
1783058313970 0.3026627004146576 61
1783058313972 0.324288934469223 62
1783058313974 0.29755082726478577 63
1783058313976 0.32615146040916443 64
1783058313978 0.3368319272994995 65
1783058313980 0.3062647879123688 66
1783058313982 0.3088902533054352 67
1783058313984 0.2981371283531189 68
1783058313985 0.31304171681404114 69
1783058313987 0.30359703302383423 70
1783058313989 0.2855207622051239 71
1783058313991 0.2964271605014801 72
1783058313993 0.28818750381469727 73
1783058313995 0.2851791977882385 74
1783058313997 0.3053669035434723 75
1783058313999 0.26986628770828247 76
1783058314001 0.31157374382019043 77
1783058314003 0.3104773163795471 78
1783058314006 0.3116765022277832 79
1783058314008 0.29154467582702637 80
1783058314010 0.3339785039424896 81
1783058314012 0.3436484932899475 82
1783058314014 0.27027979493141174 83
1783058314016 0.3457013666629791 84
1783058314018 0.3102807104587555 85
1783058314021 0.3389882445335388 86
1783058314023 0.343561053276062 87
1783058314025 0.2903653383255005 88
1783058314027 0.3821089565753937 89
1783058314030 0.38975703716278076 90
1783058314032 0.2952824831008911 91
1783058314034 0.35999783873558044 92
1783058314036 0.420940101146698 93
1783058314038 0.38204845786094666 94
1783058314041 0.27143609523773193 95
1783058314043 0.35195380449295044 96
1783058314045 0.3756501376628876 97
1783058314047 0.300101101398468 98
1783058314049 0.3407588005065918 99
1783058314051 0.3890869617462158 100
1783058314053 0.3544643223285675 101
1783058314056 0.2702208161354065 102
1783058314058 0.33216938376426697 103
1783058314060 0.3141006827354431 104
1783058314063 0.2671375572681427 105
1783058314065 0.2939017117023468 106
1783058314068 0.24816323816776276 107
1783058314070 0.3039380609989166 108
1783058314072 0.28995954990386963 109
1783058314075 0.2845925986766815 110
1783058314077 0.28864786028862 111
1783058314079 0.3076822757720947 112
1783058314082 0.30427294969558716 113
1783058314084 0.28008294105529785 114
1783058314086 0.27792394161224365 115
1783058314089 0.28833234310150146 116
1783058314091 0.26756301522254944 117
1783058314093 0.28570473194122314 118
1783058314096 0.27958232164382935 119
1783058314098 0.2806645929813385 120
1783058314101 0.2647992670536041 121
1783058314103 0.28897398710250854 122
1783058314105 0.28051069378852844 123
1783058314108 0.29738619923591614 124
1783058314110 0.28056445717811584 125
1783058314112 0.2835538685321808 126
1783058314115 0.2992839813232422 127
1783058314117 0.28577813506126404 128
1783058314119 0.27311092615127563 129
1783058314122 0.2738212049007416 130
1783058314124 0.2833629846572876 131
1783058314126 0.287213534116745 132
1783058314129 0.2930621802806854 133
1783058314131 0.28503432869911194 134
1783058314134 0.2815278470516205 135
1783058314136 0.29289892315864563 136
1783058314138 0.293376624584198 137
1783058314141 0.27203696966171265 138
1783058314143 0.26455357670783997 139
1783058314145 0.2700931131839752 140
1783058314148 0.2879103124141693 141
1783058314150 0.27429741621017456 142
1783058314153 0.2884993553161621 143
1783058314154 0.2962842583656311 144
1783058314156 0.29928961396217346 145
1783058314159 0.2643958628177643 146
1783058314161 0.27289652824401855 147
1783058314163 0.2868471145629883 148
1783058314166 0.2844320833683014 149
1783058314168 0.2970353364944458 150
1783058314170 0.26724907755851746 151
1783058314173 0.28469863533973694 152
1783058314175 0.2842808663845062 153
1783058314178 0.30567917227745056 154
1783058314180 0.2843550741672516 155
1783058314181 0.2822865843772888 156
1783058314183 0.2978695333003998 157
1783058314185 0.26017996668815613 158
1783058314187 0.27515849471092224 159
1783058314189 0.2730728089809418 160
1783058314191 0.25603222846984863 161
1783058314192 0.28054293990135193 162
1783058314194 0.24463799595832825 163
1783058314196 0.269265353679657 164
1783058314198 0.2599567472934723 165
1783058314200 0.25770869851112366 166
1783058314202 0.252753347158432 167
1783058314203 0.27785632014274597 168
1783058314205 0.2588313817977905 169
1783058314207 0.2763492465019226 170
1783058314209 0.27877455949783325 171
1783058314211 0.2625156044960022 172
1783058314212 0.265682578086853 173
1783058314214 0.24445953965187073 174
1783058314216 0.25664830207824707 175
1783058314218 0.25820595026016235 176
1783058314220 0.24519838392734528 177
1783058314222 0.26129502058029175 178
1783058314223 0.29478293657302856 179
1783058314225 0.26012876629829407 180
1783058314227 0.29109689593315125 181
1783058314229 0.2885547876358032 182
1783058314231 0.29635414481163025 183
1783058314233 0.3056218922138214 184
1783058314235 0.2592845857143402 185
1783058314236 0.31148773431777954 186
1783058314238 0.3110843300819397 187
1783058314240 0.2600269615650177 188
1783058314242 0.2734941244125366 189
1783058314244 0.2691095173358917 190
1783058314246 0.2678796947002411 191
1783058314247 0.24454599618911743 192
1783058314249 0.29011017084121704 193
1783058314251 0.2744029760360718 194
1783058314253 0.2967257499694824 195
1783058314255 0.27649158239364624 196
1783058314257 0.2549278140068054 197
1783058314258 0.26724889874458313 198
1783058314260 0.2713606059551239 199
1783058314262 0.26912921667099 200
1783058314264 0.27886688709259033 201
1783058314266 0.2545357644557953 202
1783058314268 0.2836328148841858 203
1783058314270 0.2910299599170685 204
1783058314272 0.2767256200313568 205
1783058314274 0.2761499285697937 206
1783058314276 0.26555466651916504 207
1783058314279 0.27826640009880066 208
1783058314281 0.2891453802585602 209
1783058314283 0.28393855690956116 210
1783058314286 0.2719886600971222 211
1783058314288 0.27732381224632263 212
1783058314290 0.26696038246154785 213
1783058314293 0.2726325988769531 214
1783058314295 0.2698034644126892 215
1783058314297 0.26919224858283997 216
1783058314299 0.2813374400138855 217
1783058314302 0.27822816371917725 218
1783058314304 0.27741771936416626 219
1783058314306 0.2663021385669708 220
1783058314309 0.291293203830719 221
1783058314311 0.2698917090892792 222
1783058314313 0.2744828164577484 223
1783058314316 0.2791195213794708 224
1783058314318 0.26812222599983215 225
1783058314320 0.26731234788894653 226
1783058314322 0.2734856903553009 227
1783058314324 0.2567286491394043 228
1783058314326 0.2635238766670227 229
1783058314327 0.2580209970474243 230
1783058314329 0.25329306721687317 231
1783058314331 0.2532564699649811 232
1783058314333 0.2587732970714569 233
1783058314335 0.26790812611579895 234
1783058314337 0.27265626192092896 235
1783058314338 0.25921347737312317 236
1783058314340 0.2788482904434204 237
1783058314342 0.2572742700576782 238
1783058314344 0.24905267357826233 239
1783058314347 0.2590840458869934 240
1783058314349 0.25128990411758423 241
1783058314351 0.3037247061729431 242
1783058314354 0.2696599066257477 243
1783058314356 0.2649107575416565 244
1783058314359 0.2745094299316406 245
1783058314361 0.2944258153438568 246
1783058314364 0.2590771019458771 247
1783058314367 0.276400089263916 248
1783058314369 0.2843935191631317 249
1783058314372 0.28092795610427856 250
1783058314374 0.2762291431427002 251
1783058314377 0.2547450661659241 252
1783058314380 0.2826640009880066 253
1783058314382 0.26518309116363525 254
1783058314384 0.2742004692554474 255
1783058314387 0.26842808723449707 256
1783058314390 0.2767817974090576 257
1783058314392 0.26249346137046814 258
1783058314395 0.25754204392433167 259
1783058314398 0.2880611717700958 260
1783058314401 0.2759270668029785 261
1783058314404 0.28310883045196533 262
1783058314407 0.27700942754745483 263
1783058314410 0.26731887459754944 264
1783058314412 0.24737457931041718 265
1783058314416 0.25810107588768005 266
1783058314418 0.25036919116973877 267
1783058314421 0.2627411186695099 268
1783058314424 0.25926145911216736 269
1783058314426 0.25741398334503174 270
1783058314429 0.28086748719215393 271
1783058314431 0.26473793387413025 272
1783058314433 0.2876388430595398 273
1783058314436 0.27784550189971924 274
1783058314438 0.24999816715717316 275
1783058314441 0.2712155282497406 276
1783058314443 0.26714158058166504 277
1783058314445 0.29281339049339294 278
1783058314448 0.29823359847068787 279
1783058314450 0.2631657123565674 280
1783058314452 0.315247505903244 281
1783058314455 0.3143080770969391 282
1783058314457 0.2806568145751953 283
1783058314460 0.31115108728408813 284
1783058314462 0.31949296593666077 285
1783058314464 0.3219631016254425 286
1783058314467 0.25921449065208435 287
1783058314469 0.301345556974411 288
1783058314472 0.3506549894809723 289
1783058314474 0.3463246822357178 290
1783058314476 0.26745927333831787 291
1783058314479 0.3201240301132202 292
1783058314481 0.34909459948539734 293
1783058314484 0.34790700674057007 294
1783058314486 0.3083696663379669 295
1783058314488 0.2903217673301697 296
1783058314491 0.3303161859512329 297
1783058314493 0.2945643365383148 298
1783058314496 0.28042149543762207 299
1783058314498 0.3055500090122223 300
1783058314501 0.31670665740966797 301
1783058314503 0.3032257556915283 302
1783058314506 0.2686554789543152 303
1783058314509 0.2901519238948822 304
1783058314511 0.27222439646720886 305
1783058314514 0.27229389548301697 306
1783058314516 0.29271477460861206 307
1783058314519 0.27135130763053894 308
1783058314521 0.2966897189617157 309
1783058314523 0.3047846853733063 310
1783058314525 0.26563021540641785 311
1783058314526 0.2777864634990692 312
1783058314528 0.3009830117225647 313
1783058314530 0.26878291368484497 314
1783058314532 0.2768402099609375 315
1783058314534 0.3022458851337433 316
1783058314536 0.28431299328804016 317
1783058314538 0.2977989614009857 318
1783058314541 0.30174440145492554 319
1783058314543 0.27844107151031494 320
1783058314545 0.2536390721797943 321
1783058314547 0.2865876853466034 322
1783058314549 0.260587602853775 323
1783058314551 0.2664196491241455 324
1783058314554 0.2821761667728424 325
1783058314556 0.25481900572776794 326
1783058314558 0.2882675528526306 327
1783058314561 0.2815660238265991 328
1783058314563 0.2874402701854706 329
1783058314565 0.2767987549304962 330
1783058314567 0.2625506520271301 331
1783058314570 0.28899914026260376 332
1783058314572 0.27238038182258606 333
1783058314575 0.2647829055786133 334
1783058314577 0.28195932507514954 335
1783058314579 0.25955310463905334 336
1783058314581 0.27611687779426575 337
1783058314583 0.2660442590713501 338
1783058314586 0.2649117708206177 339
1783058314588 0.2611020505428314 340
1783058314591 0.25520822405815125 341
1783058314593 0.25493887066841125 342
1783058314596 0.2612762749195099 343
1783058314599 0.28959155082702637 344
1783058314601 0.2610684335231781 345
1783058314604 0.27480119466781616 346
1783058314606 0.26520031690597534 347
1783058314609 0.2655050754547119 348
1783058314611 0.2723422646522522 349
1783058314614 0.2619808316230774 350
1783058314617 0.28390440344810486 351
1783058314619 0.2716563045978546 352
1783058314622 0.25370022654533386 353
1783058314624 0.267294317483902 354
1783058314627 0.2781231999397278 355
1783058314629 0.2748277187347412 356
1783058314631 0.26771673560142517 357
1783058314634 0.24293409287929535 358
1783058314636 0.2597535252571106 359
1783058314639 0.2781711220741272 360
1783058314641 0.2654411196708679 361
1783058314644 0.27635395526885986 362
1783058314646 0.2683868706226349 363
1783058314649 0.27361351251602173 364
1783058314651 0.2770039141178131 365
1783058314654 0.24865347146987915 366
1783058314656 0.28061747550964355 367
1783058314658 0.2504916191101074 368
1783058314661 0.2535140812397003 369
1783058314663 0.24444584548473358 370
1783058314666 0.2674001455307007 371
1783058314668 0.2576063573360443 372
1783058314671 0.2879704535007477 373
1783058314673 0.26875561475753784 374
1783058314675 0.2638648748397827 375
1783058314678 0.2744218409061432 376
1783058314680 0.27747640013694763 377
1783058314683 0.27041560411453247 378
1783058314685 0.26840779185295105 379
1783058314688 0.2698003053665161 380
1783058314690 0.2629081606864929 381
1783058314693 0.2598890960216522 382
1783058314695 0.25306209921836853 383
1783058314697 0.26531460881233215 384
1783058314700 0.2674521505832672 385
1783058314702 0.26935702562332153 386
1783058314704 0.2731584906578064 387
1783058314707 0.27549436688423157 388
1783058314709 0.2704850733280182 389
1783058314712 0.25980252027511597 390
1783058314714 0.2685816287994385 391
1783058314716 0.2700636088848114 392
1783058314719 0.27455395460128784 393
1783058314721 0.2421497255563736 394
1783058314724 0.26888617873191833 395
1783058314726 0.25438472628593445 396
1783058314728 0.28292950987815857 397
1783058314731 0.2523839473724365 398
1783058314733 0.27339446544647217 399
1783058314736 0.2828035056591034 400
1783058314738 0.2878217399120331 401
1783058314740 0.27619293332099915 402
1783058314743 0.25656652450561523 403
1783058314745 0.2831851840019226 404
1783058314747 0.2761269509792328 405
1783058314750 0.265201598405838 406
1783058314752 0.2688913643360138 407
1783058314754 0.2610888183116913 408
1783058314757 0.2593584656715393 409
1783058314759 0.2705070674419403 410
1783058314761 0.2846725881099701 411
1783058314764 0.25971221923828125 412
1783058314766 0.26825228333473206 413
1783058314768 0.27232542634010315 414
1783058314771 0.25146380066871643 415
1783058314773 0.27451279759407043 416
1783058314776 0.2477044314146042 417
1783058314778 0.2789350748062134 418
1783058314781 0.2789839804172516 419
1783058314783 0.28144147992134094 420
1783058314785 0.275068074464798 421
1783058314788 0.29732027649879456 422
1783058314790 0.2515413761138916 423
1783058314793 0.26540908217430115 424
1783058314795 0.2691231071949005 425
1783058314797 0.2706661522388458 426
1783058314800 0.27269771695137024 427
1783058314802 0.2770479619503021 428
1783058314805 0.2673395574092865 429
1783058314807 0.2783271372318268 430
1783058314809 0.273014098405838 431
1783058314812 0.27102404832839966 432
1783058314814 0.2671172022819519 433
1783058314816 0.2733345627784729 434
1783058314819 0.2684137523174286 435
1783058314821 0.26961466670036316 436
1783058314823 0.2741730809211731 437
1783058314826 0.2631274163722992 438
1783058314828 0.27222496271133423 439
1783058314831 0.27658629417419434 440
1783058314833 0.25434544682502747 441
1783058314835 0.2755981385707855 442
1783058314838 0.2535843253135681 443
1783058314840 0.26438501477241516 444
1783058314843 0.2565958499908447 445
1783058314845 0.28037482500076294 446
1783058314848 0.2715895473957062 447
1783058314850 0.26151198148727417 448
1783058314852 0.2502060830593109 449
1783058314855 0.2823629677295685 450
1783058314857 0.26524147391319275 451
1783058314859 0.27724868059158325 452
1783058314862 0.2656514644622803 453
1783058314864 0.275004506111145 454
1783058314867 0.25731393694877625 455
1783058314869 0.27166107296943665 456
1783058314871 0.2530554234981537 457
1783058314874 0.28738078474998474 458
1783058314876 0.2906636595726013 459
1783058314878 0.2617107629776001 460
1783058314881 0.27280327677726746 461
1783058314883 0.2794606387615204 462
1783058314886 0.2579081654548645 463
1783058314888 0.2762529253959656 464
1783058314890 0.2590102255344391 465
1783058314891 0.2695363163948059 466
1783058314893 0.2880015969276428 467
1783058314895 0.2624426484107971 468
1783058314897 0.2566889822483063 469
1783058314899 0.277669757604599 470
1783058314901 0.2670738697052002 471
1783058314903 0.26988685131073 472
1783058314905 0.2730790674686432 473
1783058314906 0.2677725851535797 474
1783058314908 0.2566947042942047 475
1783058314910 0.2501632273197174 476
1783058314912 0.27488672733306885 477
1783058314914 0.26607534289360046 478
1783058314916 0.25682613253593445 479
1783058314918 0.26882728934288025 480
1783058314920 0.2664455473423004 481
1783058314922 0.2613201141357422 482
1783058314928 0.2538345456123352 483
1783058314929 0.2700136601924896 484
1783058314931 0.24479082226753235 485
1783058314933 0.26436689496040344 486
1783058314935 0.2737357020378113 487
1783058314937 0.25169017910957336 488
1783058314939 0.24905161559581757 489
1783058314941 0.2691187858581543 490
1783058314943 0.2611895799636841 491
1783058314945 0.2759231925010681 492
1783058314947 0.27529335021972656 493
1783058314948 0.2635173201560974 494
1783058314950 0.26847583055496216 495
1783058314952 0.2536167502403259 496
1783058314954 0.278888463973999 497
1783058314956 0.24618315696716309 498
1783058314958 0.2796342968940735 499
1783058314961 0.26321783661842346 500
1783058314962 0.24942417442798615 501
1783058314964 0.26472991704940796 502
1783058314966 0.25909802317619324 503
1783058314968 0.2818286418914795 504
1783058314970 0.2766348421573639 505
1783058314972 0.25179263949394226 506
1783058314974 0.2783183753490448 507
1783058314976 0.2589243948459625 508
1783058314977 0.2694869041442871 509
1783058314979 0.2638463079929352 510
1783058314981 0.26691433787345886 511
1783058314983 0.2571758031845093 512
1783058314985 0.2713029384613037 513
1783058314987 0.25625351071357727 514
1783058314989 0.27216634154319763 515
1783058314991 0.23001013696193695 516
1783058314993 0.2629294991493225 517
1783058314994 0.2558889091014862 518
1783058314997 0.2692091166973114 519
1783058314999 0.27779027819633484 520
1783058315001 0.24744707345962524 521
1783058315003 0.2579389214515686 522
1783058315005 0.2517484426498413 523
1783058315007 0.2626819312572479 524
1783058315009 0.25733721256256104 525
1783058315011 0.2744046449661255 526
1783058315013 0.256357342004776 527
1783058315015 0.25798338651657104 528
1783058315018 0.260061115026474 529
1783058315020 0.26859050989151 530
1783058315022 0.2640431523323059 531
1783058315025 0.26030585169792175 532
1783058315027 0.2687317430973053 533
1783058315029 0.2652583122253418 534
1783058315031 0.259378045797348 535
1783058315034 0.2587903141975403 536
1783058315036 0.2717869281768799 537
1783058315038 0.24084995687007904 538
1783058315041 0.26374128460884094 539
1783058315043 0.251034140586853 540
1783058315045 0.2586083710193634 541
1783058315047 0.2623928487300873 542
1783058315050 0.24379971623420715 543
1783058315052 0.27937430143356323 544
1783058315054 0.22818319499492645 545
1783058315057 0.2667925953865051 546
1783058315059 0.2683132290840149 547
1783058315061 0.24412430822849274 548
1783058315064 0.269531786441803 549
1783058315066 0.2515879273414612 550
1783058315068 0.2639123499393463 551
1783058315070 0.2641263008117676 552
1783058315073 0.24580419063568115 553
1783058315075 0.26094046235084534 554
1783058315077 0.26392480731010437 555
1783058315080 0.2603953778743744 556
1783058315082 0.263919860124588 557
1783058315084 0.24786673486232758 558
1783058315087 0.24782297015190125 559
1783058315089 0.2613494396209717 560
1783058315091 0.25114893913269043 561
1783058315094 0.26910123229026794 562
1783058315096 0.26410168409347534 563
1783058315098 0.25993427634239197 564
1783058315101 0.2556014060974121 565
1783058315103 0.2609451711177826 566
1783058315105 0.26475298404693604 567
1783058315108 0.250762403011322 568
1783058315110 0.25305280089378357 569
1783058315113 0.26012760400772095 570
1783058315115 0.2742549479007721 571
1783058315118 0.2532501816749573 572
1783058315120 0.28846368193626404 573
1783058315123 0.2603387236595154 574
1783058315125 0.2612197697162628 575
1783058315128 0.278387188911438 576
1783058315130 0.2788557708263397 577
1783058315133 0.2761131525039673 578
1783058315135 0.2592660188674927 579
1783058315137 0.28691062331199646 580
1783058315140 0.2588532269001007 581
1783058315142 0.26134249567985535 582
1783058315145 0.2533959448337555 583
1783058315148 0.2633088529109955 584
1783058315150 0.2605128884315491 585
1783058315153 0.25022807717323303 586
1783058315156 0.2513275146484375 587
1783058315158 0.26213347911834717 588
1783058315161 0.27208226919174194 589
1783058315164 0.25609394907951355 590
1783058315167 0.25944215059280396 591
1783058315169 0.2730160057544708 592
1783058315172 0.26669785380363464 593
1783058315174 0.25490280985832214 594
1783058315177 0.2790469825267792 595
1783058315180 0.23961427807807922 596
1783058315182 0.2860372066497803 597
1783058315185 0.27710962295532227 598
1783058315187 0.26559534668922424 599
1783058315190 0.2601982355117798 600
1783058315192 0.27298519015312195 601
1783058315195 0.2492789775133133 602
1783058315198 0.27681297063827515 603
1783058315200 0.2659146189689636 604
1783058315202 0.26908376812934875 605
1783058315204 0.2802533507347107 606
1783058315207 0.2718413472175598 607
1783058315209 0.2585725486278534 608
1783058315211 0.27459025382995605 609
1783058315213 0.27195703983306885 610
1783058315215 0.27870839834213257 611
1783058315218 0.2727048099040985 612
1783058315220 0.2697578966617584 613
1783058315223 0.26835355162620544 614
1783058315226 0.25072023272514343 615
1783058315229 0.2578188478946686 616
1783058315232 0.261691689491272 617
1783058315234 0.263290673494339 618
1783058315237 0.257856160402298 619
1783058315240 0.2738354206085205 620
1783058315242 0.2403099685907364 621
1783058315245 0.2651231586933136 622
1783058315248 0.2566708028316498 623
1783058315250 0.2652041018009186 624
1783058315252 0.27270621061325073 625
1783058315255 0.24890291690826416 626
1783058315258 0.2580554485321045 627
1783058315260 0.26473909616470337 628
1783058315261 0.25914740562438965 629
1783058315263 0.2498544156551361 630
1783058315266 0.2682819664478302 631
1783058315268 0.2612767219543457 632
1783058315271 0.24609456956386566 633
1783058315273 0.273347944021225 634
1783058315275 0.2724182605743408 635
1783058315278 0.26858529448509216 636
1783058315280 0.2489384263753891 637
1783058315283 0.2715740203857422 638
1783058315285 0.2839888036251068 639
1783058315287 0.235326886177063 640
1783058315290 0.2766938805580139 641
1783058315292 0.2527150809764862 642
1783058315295 0.3000035285949707 643
1783058315297 0.28645870089530945 644
1783058315300 0.23466505110263824 645
1783058315302 0.30452367663383484 646
1783058315305 0.27762845158576965 647
1783058315307 0.26204967498779297 648
1783058315310 0.307786226272583 649
1783058315312 0.31696417927742004 650
1783058315315 0.28393787145614624 651
1783058315317 0.26832664012908936 652
1783058315319 0.2813316583633423 653
1783058315322 0.26621565222740173 654
1783058315324 0.28078770637512207 655
1783058315327 0.29871708154678345 656
1783058315329 0.28972768783569336 657
1783058315332 0.26930078864097595 658
1783058315334 0.27858585119247437 659
1783058315336 0.2556051015853882 660
1783058315339 0.28770723938941956 661
1783058315341 0.31031879782676697 662
1783058315344 0.2866433262825012 663
1783058315346 0.2724262475967407 664
1783058315349 0.2834298312664032 665
1783058315351 0.2653387486934662 666
1783058315354 0.2823563516139984 667
1783058315356 0.29011207818984985 668
1783058315358 0.24934247136116028 669
1783058315361 0.27127134799957275 670
1783058315363 0.2955721914768219 671
1783058315366 0.26041388511657715 672
1783058315368 0.2917083501815796 673
1783058315370 0.27342644333839417 674
1783058315373 0.2597765326499939 675
1783058315375 0.25774553418159485 676
1783058315378 0.2572244107723236 677
1783058315380 0.2454938292503357 678
1783058315382 0.2548973262310028 679
1783058315385 0.2847067415714264 680
1783058315387 0.27142855525016785 681
1783058315390 0.25367408990859985 682
1783058315392 0.25795289874076843 683
1783058315395 0.255165696144104 684
1783058315397 0.29066577553749084 685
1783058315400 0.28587812185287476 686
1783058315402 0.258433073759079 687
1783058315404 0.3053188621997833 688
1783058315407 0.30795931816101074 689
1783058315409 0.263288289308548 690
1783058315412 0.30559536814689636 691
1783058315414 0.30687522888183594 692
1783058315417 0.29925280809402466 693
1783058315419 0.2523035407066345 694
1783058315422 0.3037518560886383 695
1783058315424 0.32010912895202637 696
1783058315426 0.2868441641330719 697
1783058315429 0.27047502994537354 698
1783058315431 0.2845385670661926 699
1783058315434 0.27591654658317566 700
1783058315436 0.28859061002731323 701
1783058315438 0.2993128299713135 702
1783058315441 0.27597254514694214 703
1783058315443 0.27126285433769226 704
1783058315446 0.2604076862335205 705
1783058315448 0.27045437693595886 706
1783058315450 0.2811114192008972 707
1783058315453 0.2861056327819824 708
1783058315455 0.2702183723449707 709
1783058315458 0.24729187786579132 710
1783058315460 0.26104626059532166 711
1783058315463 0.24803580343723297 712
1783058315465 0.2561717629432678 713
1783058315467 0.2576742470264435 714
1783058315470 0.2650257349014282 715
1783058315472 0.2759917080402374 716
1783058315475 0.26955434679985046 717
1783058315477 0.2665996551513672 718
1783058315480 0.25277024507522583 719
1783058315482 0.2475215345621109 720
1783058315484 0.26518145203590393 721
1783058315487 0.27601709961891174 722
1783058315489 0.25749558210372925 723
1783058315491 0.2814863622188568 724
1783058315494 0.2710348963737488 725
1783058315496 0.2678588330745697 726
1783058315499 0.26323139667510986 727
1783058315501 0.26996535062789917 728
1783058315503 0.26945969462394714 729
1783058315505 0.25393158197402954 730
1783058315507 0.28054144978523254 731
1783058315509 0.24895332753658295 732
1783058315511 0.2659696936607361 733
1783058315513 0.26805034279823303 734
1783058315515 0.24363619089126587 735
1783058315517 0.2686479985713959 736
1783058315519 0.256334513425827 737
1783058315521 0.2346247136592865 738
1783058315522 0.2609094977378845 739
1783058315524 0.2386215329170227 740
1783058315526 0.2691807150840759 741
1783058315528 0.2568053603172302 742
1783058315530 0.2717001438140869 743
1783058315532 0.26674884557724 744
1783058315534 0.2508564293384552 745
1783058315536 0.2582981288433075 746
1783058315538 0.24755021929740906 747
1783058315540 0.2590261995792389 748
1783058315542 0.26429179310798645 749
1783058315544 0.263496994972229 750
1783058315547 0.2619759440422058 751
1783058315549 0.26726311445236206 752
1783058315551 0.2638843059539795 753
1783058315554 0.24524497985839844 754
1783058315556 0.23684482276439667 755
1783058315558 0.23500365018844604 756
1783058315561 0.262921541929245 757
1783058315563 0.26177847385406494 758
1783058315566 0.2566164433956146 759
1783058315568 0.24910199642181396 760
1783058315570 0.2549450993537903 761
1783058315573 0.26088207960128784 762
1783058315575 0.26793694496154785 763
1783058315577 0.2520303428173065 764
1783058315579 0.2824079692363739 765
1783058315581 0.24630106985569 766
1783058315583 0.2541632354259491 767
1783058315585 0.26396894454956055 768
1783058315587 0.2513209283351898 769
1783058315589 0.2497129589319229 770
1783058315591 0.28591910004615784 771
1783058315592 0.2773198187351227 772
1783058315594 0.25992724299430847 773
1783058315596 0.2850060760974884 774
1783058315598 0.26323676109313965 775
1783058315600 0.2647254467010498 776
1783058315602 0.274381160736084 777
1783058315604 0.26643362641334534 778
1783058315606 0.27019521594047546 779
1783058315608 0.26690638065338135 780
1783058315610 0.28025591373443604 781
1783058315612 0.25430625677108765 782
1783058315614 0.2540380656719208 783
1783058315616 0.2665138840675354 784
1783058315618 0.26182112097740173 785
1783058315620 0.2855672836303711 786
1783058315622 0.2525043487548828 787
1783058315623 0.26186901330947876 788
1783058315625 0.24397030472755432 789
1783058315627 0.27056097984313965 790
1783058315629 0.2606579661369324 791
1783058315631 0.25856542587280273 792
1783058315633 0.25040194392204285 793
1783058315635 0.2752782106399536 794
1783058315637 0.2601080536842346 795
1783058315639 0.2880913019180298 796
1783058315641 0.24668189883232117 797
1783058315643 0.2836777865886688 798
1783058315645 0.27309179306030273 799
1783058315647 0.2486904263496399 800
1783058315649 0.2728613317012787 801
1783058315651 0.26955392956733704 802
1783058315653 0.26722201704978943 803
1783058315655 0.26643115282058716 804
1783058315656 0.2790319621562958 805
1783058315658 0.26883262395858765 806
1783058315661 0.26522505283355713 807
1783058315663 0.2738921046257019 808
1783058315665 0.25472816824913025 809
1783058315668 0.2581143379211426 810
1783058315670 0.2682916224002838 811
1783058315673 0.2621006965637207 812
1783058315675 0.2557157278060913 813
1783058315677 0.2676220238208771 814
1783058315680 0.24531979858875275 815
1783058315682 0.2730272114276886 816
1783058315685 0.2506309151649475 817
1783058315687 0.2972202003002167 818
1783058315690 0.2636374235153198 819
1783058315692 0.24412232637405396 820
1783058315694 0.28921473026275635 821
1783058315697 0.26143839955329895 822
1783058315699 0.2685052156448364 823
1783058315702 0.2903539836406708 824
1783058315704 0.2671896815299988 825
1783058315707 0.2999877631664276 826
1783058315709 0.2931819558143616 827
1783058315711 0.25439631938934326 828
1783058315714 0.30434542894363403 829
1783058315716 0.30277925729751587 830
1783058315719 0.30589577555656433 831
1783058315721 0.2681543529033661 832
1783058315723 0.2930055856704712 833
1783058315725 0.29818180203437805 834
1783058315727 0.26786255836486816 835
1783058315729 0.29340627789497375 836
1783058315731 0.3088838458061218 837
1783058315733 0.2895323634147644 838
1783058315735 0.26975494623184204 839
1783058315736 0.27875128388404846 840
1783058315738 0.26236942410469055 841
1783058315740 0.2642267048358917 842
1783058315742 0.2752426266670227 843
1783058315744 0.2478656768798828 844
1783058315746 0.2873779237270355 845
1783058315748 0.25508520007133484 846
1783058315750 0.265648752450943 847
1783058315752 0.26503151655197144 848
1783058315753 0.2658144235610962 849
1783058315755 0.268968790769577 850
1783058315757 0.2621478736400604 851
1783058315759 0.25758734345436096 852
1783058315761 0.2836969196796417 853
1783058315763 0.2555633783340454 854
1783058315765 0.2520090937614441 855
1783058315767 0.26425614953041077 856
1783058315769 0.2649649679660797 857
1783058315770 0.2632402181625366 858
1783058315772 0.2920110523700714 859
1783058315774 0.2870980501174927 860
1783058315776 0.25152498483657837 861
1783058315778 0.2628573477268219 862
1783058315780 0.25193625688552856 863
1783058315782 0.27693942189216614 864
1783058315784 0.29459166526794434 865
1783058315786 0.27434784173965454 866
1783058315788 0.2874829173088074 867
1783058315789 0.28785234689712524 868
1783058315791 0.25374072790145874 869
1783058315793 0.2920684814453125 870
1783058315795 0.29604873061180115 871
1783058315797 0.282095730304718 872
1783058315799 0.28596168756484985 873
1783058315801 0.2694340646266937 874
1783058315803 0.2623057961463928 875
1783058315804 0.27997568249702454 876
1783058315806 0.2936401963233948 877
1783058315808 0.26860588788986206 878
1783058315810 0.29156625270843506 879
1783058315812 0.2917126715183258 880
1783058315814 0.2740771770477295 881
1783058315816 0.2843278646469116 882
1783058315818 0.2997463643550873 883
1783058315820 0.28843140602111816 884
1783058315821 0.2716659605503082 885
1783058315823 0.2898211181163788 886
1783058315825 0.26051732897758484 887
1783058315827 0.26896557211875916 888
1783058315829 0.26730722188949585 889
1783058315831 0.25895294547080994 890
1783058315833 0.26901599764823914 891
1783058315835 0.281556099653244 892
1783058315836 0.2657240927219391 893
1783058315838 0.26395004987716675 894
1783058315840 0.24544896185398102 895
1783058315842 0.2718096673488617 896
1783058315844 0.2540958523750305 897
1783058315846 0.26272138953208923 898
1783058315848 0.254726767539978 899
1783058315850 0.26972949504852295 900
1783058315852 0.2477138638496399 901
1783058315854 0.28022101521492004 902
1783058315855 0.252474308013916 903
1783058315857 0.26039546728134155 904
1783058315859 0.2589476406574249 905
1783058315861 0.25065910816192627 906
1783058315863 0.2443827986717224 907
1783058315865 0.2609773874282837 908
1783058315867 0.24461528658866882 909
1783058315869 0.2463960498571396 910
1783058315871 0.2442028671503067 911
1783058315873 0.24627117812633514 912
1783058315875 0.26759621500968933 913
1783058315876 0.26875969767570496 914
1783058315879 0.2528004050254822 915
1783058315880 0.2578257620334625 916
1783058315882 0.27556419372558594 917
1783058315884 0.2595696449279785 918
1783058315886 0.2531419098377228 919
1783058315888 0.26638975739479065 920
1783058315890 0.25005078315734863 921
1783058315892 0.2624610960483551 922
1783058315894 0.25336575508117676 923
1783058315896 0.25624221563339233 924
1783058315898 0.24793146550655365 925
1783058315900 0.2657122015953064 926
1783058315902 0.26305660605430603 927
1783058315904 0.2521411180496216 928
1783058315907 0.24374572932720184 929
1783058315909 0.23385313153266907 930
1783058315911 0.24343560636043549 931
1783058315914 0.2571413815021515 932
1783058315916 0.2544337511062622 933
1783058315918 0.25629085302352905 934
1783058315921 0.24411657452583313 935
1783058315923 0.24958926439285278 936
1783058316028 0.2670207619667053 937
1783058316031 0.26064398884773254 938
1783058316033 0.24930542707443237 939
1783058316035 0.24830028414726257 940
1783058316037 0.2543991506099701 941
1783058316039 0.24119150638580322 942
1783058316041 0.23616911470890045 943
1783058316042 0.273061603307724 944
1783058316044 0.262112021446228 945
1783058316046 0.2634289860725403 946
1783058316048 0.26069092750549316 947
1783058316050 0.2686244249343872 948
1783058316052 0.2737298607826233 949
1783058316054 0.25879231095314026 950
1783058316056 0.2705605626106262 951
1783058316059 0.28389328718185425 952
1783058316061 0.2489938586950302 953
1783058316063 0.29231080412864685 954
1783058316066 0.3038800358772278 955
1783058316068 0.27244386076927185 956
1783058316070 0.2700762450695038 957
1783058316072 0.27771666646003723 958
1783058316074 0.2706075608730316 959
1783058316077 0.27885186672210693 960
1783058316079 0.2842165231704712 961
1783058316081 0.27218642830848694 962
1783058316084 0.29007488489151 963
1783058316086 0.2946794927120209 964
1783058316088 0.2661736309528351 965
1783058316090 0.28305506706237793 966
1783058316093 0.3013637065887451 967
1783058316095 0.2815000116825104 968
1783058316097 0.25845885276794434 969
1783058316099 0.26900067925453186 970
1783058316102 0.2422408014535904 971
1783058316105 0.3052354156970978 972
1783058316107 0.28525468707084656 973
1783058316110 0.24795874953269958 974
1783058316113 0.2814371585845947 975
1783058316116 0.2826066017150879 976
1783058316119 0.26097169518470764 977
1783058316123 0.28218066692352295 978
1783058316128 0.2467983067035675 979
1783058316131 0.2687942087650299 980
1783058316134 0.2821616232395172 981
1783058316138 0.2601611614227295 982
1783058316142 0.2718218266963959 983
1783058316145 0.25840243697166443 984
1783058316149 0.24956201016902924 985
1783058316151 0.2698343098163605 986
1783058316163 0.27799466252326965 987
1783058316167 0.2648122310638428 988
1783058316169 0.24371568858623505 989
1783058316172 0.2664814889431 990
1783058316174 0.26040759682655334 991
1783058316176 0.2657625675201416 992
1783058316178 0.2685682773590088 993
1783058316180 0.27451059222221375 994
1783058316182 0.28658929467201233 995
1783058316185 0.27899739146232605 996
1783058316187 0.2699238955974579 997
1783058316189 0.28969481587409973 998
1783058316191 0.2592199742794037 999
1783058316193 0.2863045036792755 1000
1783058316196 0.28063035011291504 1001
1783058316198 0.2647666335105896 1002
1783058316200 0.2807497978210449 1003
1783058316202 0.27661117911338806 1004
1783058316205 0.270882785320282 1005
1783058316207 0.2914165258407593 1006
1783058316209 0.3071868121623993 1007
1783058316211 0.28543201088905334 1008
1783058316214 0.2675563395023346 1009
1783058316216 0.2876712381839752 1010
1783058316218 0.2726689875125885 1011
1783058316221 0.2759069800376892 1012
1783058316223 0.27360257506370544 1013
1783058316225 0.2596941292285919 1014
1783058316227 0.2756724953651428 1015
1783058316229 0.2761380076408386 1016
1783058316232 0.26806390285491943 1017
1783058316234 0.26108282804489136 1018
1783058316236 0.26366081833839417 1019
1783058316239 0.28014740347862244 1020
1783058316241 0.2727822959423065 1021
1783058316242 0.24877949059009552 1022
1783058316244 0.2753913700580597 1023
1783058316246 0.26075538992881775 1024
1783058316248 0.26574984192848206 1025
1783058316250 0.2645609974861145 1026
1783058316252 0.2613297998905182 1027
1783058316254 0.2547113001346588 1028
1783058316256 0.2517138421535492 1029
1783058316258 0.2581702768802643 1030
1783058316261 0.25877177715301514 1031
1783058316263 0.25896570086479187 1032
1783058316266 0.2633669674396515 1033
1783058316268 0.2602885663509369 1034
1783058316270 0.24333369731903076 1035
1783058316272 0.2557820677757263 1036
1783058316274 0.2584638297557831 1037
1783058316275 0.2676538825035095 1038
1783058316277 0.275160551071167 1039
1783058316280 0.25711196660995483 1040
1783058316282 0.2677316963672638 1041
1783058316284 0.25410255789756775 1042
1783058316286 0.2615910768508911 1043
1783058316288 0.2794628441333771 1044
1783058316290 0.2600472569465637 1045
1783058316292 0.2616584897041321 1046
1783058316294 0.27240392565727234 1047
1783058316296 0.2567039430141449 1048
1783058316298 0.26696673035621643 1049
1783058316300 0.26804113388061523 1050
1783058316302 0.2945365011692047 1051
1783058316304 0.2898957431316376 1052
1783058316306 0.2632960081100464 1053
1783058316308 0.28020477294921875 1054
1783058316310 0.2731621563434601 1055
1783058316312 0.24834103882312775 1056
1783058316314 0.2935020923614502 1057
1783058316316 0.2741731107234955 1058
1783058316318 0.26713261008262634 1059
1783058316320 0.28280940651893616 1060
1783058316322 0.28828164935112 1061
1783058316324 0.2673209011554718 1062
1783058316326 0.25213193893432617 1063
1783058316329 0.2712760865688324 1064
1783058316331 0.25442349910736084 1065
1783058316333 0.2684604823589325 1066
1783058316335 0.25068819522857666 1067
1783058316337 0.2735229432582855 1068
1783058316339 0.25259318947792053 1069
1783058316341 0.2482871562242508 1070
1783058316343 0.283428430557251 1071
1783058316345 0.25496554374694824 1072
1783058316347 0.25857749581336975 1073
1783058316349 0.26113659143447876 1074
1783058316351 0.24769486486911774 1075
1783058316353 0.25465694069862366 1076
1783058316355 0.23464681208133698 1077
1783058316358 0.26288771629333496 1078
1783058316360 0.24737350642681122 1079
1783058316362 0.24360953271389008 1080
1783058316365 0.2611331641674042 1081
1783058316367 0.2778588831424713 1082
1783058316369 0.2567099630832672 1083
1783058316371 0.25727903842926025 1084
1783058316373 0.2571214437484741 1085
1783058316375 0.25622954964637756 1086
1783058316378 0.2513735592365265 1087
1783058316380 0.2551537752151489 1088
1783058316382 0.2405685931444168 1089
1783058316384 0.24492809176445007 1090
1783058316386 0.25908276438713074 1091
1783058316388 0.25676965713500977 1092
1783058316390 0.2456895112991333 1093
1783058316393 0.25460386276245117 1094
1783058316395 0.25440549850463867 1095
1783058316397 0.2431953400373459 1096
1783058316399 0.24939237534999847 1097
1783058316401 0.26530182361602783 1098
1783058316403 0.24924422800540924 1099
1783058316405 0.25839290022850037 1100
1783058316407 0.2421475648880005 1101
1783058316409 0.2621317207813263 1102
1783058316411 0.27257299423217773 1103
1783058316413 0.25722235441207886 1104
1783058316415 0.26300299167633057 1105
1783058316417 0.26669174432754517 1106
1783058316419 0.25330543518066406 1107
1783058316421 0.24489839375019073 1108
1783058316423 0.26114022731781006 1109
1783058316425 0.24536217749118805 1110
1783058316427 0.26592597365379333 1111
1783058316429 0.26996126770973206 1112
1783058316431 0.2550996243953705 1113
1783058316433 0.26919299364089966 1114
1783058316435 0.27680662274360657 1115
1783058316437 0.27175572514533997 1116
1783058316439 0.26055771112442017 1117
1783058316440 0.26531538367271423 1118
1783058316442 0.2624824345111847 1119
1783058316444 0.2672973573207855 1120
1783058316446 0.26153630018234253 1121
1783058316448 0.2753853499889374 1122
1783058316450 0.27340367436408997 1123
1783058316452 0.25637537240982056 1124
1783058316454 0.29411885142326355 1125
1783058316456 0.256408154964447 1126
1783058316458 0.2617117166519165 1127
1783058316460 0.2502586543560028 1128
1783058316461 0.27124643325805664 1129
1783058316463 0.2596398890018463 1130
1783058316465 0.2633093297481537 1131
1783058316467 0.2724997401237488 1132
1783058316469 0.25398507714271545 1133
1783058316471 0.25656983256340027 1134
1783058316473 0.2766280174255371 1135
1783058316475 0.26704344153404236 1136
1783058316477 0.28002017736434937 1137
1783058316479 0.2616656422615051 1138
1783058316480 0.26399168372154236 1139
1783058316482 0.2690609097480774 1140
1783058316484 0.24736334383487701 1141
1783058316486 0.25441867113113403 1142
1783058316488 0.26221781969070435 1143
1783058316490 0.23691290616989136 1144
1783058316492 0.27012816071510315 1145
1783058316494 0.24898283183574677 1146
1783058316496 0.27410998940467834 1147
1783058316498 0.2625051736831665 1148
1783058316499 0.27675721049308777 1149
1783058316501 0.27423906326293945 1150
1783058316503 0.2470480054616928 1151
1783058316505 0.26537853479385376 1152
1783058316507 0.2522733211517334 1153
1783058316509 0.268767386674881 1154
1783058316511 0.27815836668014526 1155
1783058316513 0.256418377161026 1156
1783058316515 0.2733286917209625 1157
1783058316517 0.26233020424842834 1158
1783058316519 0.25998157262802124 1159
1783058316520 0.27976587414741516 1160
1783058316522 0.2751707434654236 1161
1783058316524 0.27524080872535706 1162
1783058316526 0.26901161670684814 1163
1783058316528 0.26614633202552795 1164
1783058316530 0.2528667151927948 1165
1783058316532 0.2569894790649414 1166
1783058316534 0.2731025815010071 1167
1783058316536 0.2587997317314148 1168
1783058316538 0.2547711431980133 1169
1783058316540 0.26039743423461914 1170
1783058316541 0.259062796831131 1171
1783058316543 0.25959816575050354 1172
1783058316545 0.2541160583496094 1173
1783058316547 0.24601885676383972 1174
1783058316549 0.2578545808792114 1175
1783058316551 0.2490990310907364 1176
1783058316553 0.2548539340496063 1177
1783058316555 0.2484276443719864 1178
1783058316557 0.248366117477417 1179
1783058316559 0.2641567587852478 1180
1783058316561 0.27358198165893555 1181
1783058316562 0.2655179798603058 1182
1783058316564 0.2502220869064331 1183
1783058316566 0.2462569624185562 1184
1783058316568 0.27403751015663147 1185
1783058316570 0.26752227544784546 1186
1783058316572 0.2798904776573181 1187
1783058316574 0.27031224966049194 1188
1783058316576 0.24385389685630798 1189
1783058316578 0.2788206934928894 1190
1783058316580 0.2688032388687134 1191
1783058316582 0.26256638765335083 1192
1783058316584 0.27225184440612793 1193
1783058316586 0.25871503353118896 1194
1783058316588 0.27549856901168823 1195
1783058316590 0.26145848631858826 1196
1783058316591 0.25637125968933105 1197
1783058316593 0.264370322227478 1198
1783058316595 0.2555931806564331 1199
1783058316597 0.29386016726493835 1200
1783058316599 0.2646133303642273 1201
1783058316601 0.26355281472206116 1202
1783058316604 0.2709804177284241 1203
1783058316606 0.26183900237083435 1204
1783058316608 0.2581024467945099 1205
1783058316610 0.2604731023311615 1206
1783058316613 0.24417343735694885 1207
1783058316615 0.27357229590415955 1208
1783058316617 0.2568831443786621 1209
1783058316619 0.2668135166168213 1210
1783058316621 0.27814599871635437 1211
1783058316624 0.26237228512763977 1212
1783058316626 0.27722281217575073 1213
1783058316628 0.26378118991851807 1214
1783058316630 0.278172105550766 1215
1783058316632 0.2666163444519043 1216
1783058316634 0.2580704689025879 1217
1783058316637 0.25672876834869385 1218
1783058316639 0.25580766797065735 1219
1783058316641 0.2589653432369232 1220
1783058316643 0.24939291179180145 1221
1783058316645 0.25857463479042053 1222
1783058316647 0.2690437138080597 1223
1783058316649 0.2612847685813904 1224
1783058316651 0.2639559805393219 1225
1783058316653 0.2370455265045166 1226
1783058316656 0.25947242975234985 1227
1783058316658 0.2607259154319763 1228
1783058316660 0.2494528442621231 1229
1783058316662 0.253278523683548 1230
1783058316665 0.2587887644767761 1231
1783058316667 0.26176807284355164 1232
1783058316670 0.2445213496685028 1233
1783058316672 0.26127368211746216 1234
1783058316674 0.2582351267337799 1235
1783058316676 0.2555950880050659 1236
1783058316679 0.26891428232192993 1237
1783058316682 0.2581144869327545 1238
1783058316684 0.2666251063346863 1239
1783058316687 0.26024961471557617 1240
1783058316690 0.2597774863243103 1241
1783058316692 0.25196292996406555 1242
1783058316694 0.2679113745689392 1243
1783058316697 0.2792980670928955 1244
1783058316700 0.25964078307151794 1245
1783058316702 0.2517572045326233 1246
1783058316704 0.25036898255348206 1247
1783058316707 0.2798650562763214 1248
1783058316709 0.2584078907966614 1249
1783058316711 0.2529102563858032 1250
1783058316714 0.25880932807922363 1251
1783058316716 0.2605789303779602 1252
1783058316718 0.2853442132472992 1253
1783058316721 0.26447179913520813 1254
1783058316723 0.26357582211494446 1255
1783058316725 0.27473217248916626 1256
1783058316728 0.2503499686717987 1257
1783058316730 0.24432340264320374 1258
1783058316732 0.2615709900856018 1259
1783058316735 0.2555120289325714 1260
1783058316737 0.26275771856307983 1261
1783058316739 0.23466476798057556 1262
1783058316742 0.2686823308467865 1263
1783058316744 0.2731318175792694 1264
1783058316746 0.2445880025625229 1265
1783058316749 0.2632400095462799 1266
1783058316751 0.2817046642303467 1267
1783058316754 0.2781624495983124 1268
1783058316756 0.2689293920993805 1269
1783058316758 0.248932346701622 1270
1783058316761 0.26872938871383667 1271
1783058316763 0.2699930667877197 1272
1783058316766 0.2540333867073059 1273
1783058316769 0.26542070508003235 1274
1783058316771 0.2561107575893402 1275
1783058316773 0.24721872806549072 1276
1783058316776 0.25953444838523865 1277
1783058316778 0.2628754675388336 1278
1783058316780 0.2731815278530121 1279
1783058316783 0.2670617699623108 1280
1783058316785 0.26434430480003357 1281
1783058316787 0.2692381739616394 1282
1783058316790 0.2697156071662903 1283
1783058316792 0.2559360861778259 1284
1783058316794 0.2890045642852783 1285
1783058316797 0.25796929001808167 1286
1783058316799 0.2423718124628067 1287
1783058316801 0.2699075937271118 1288
1783058316804 0.25199049711227417 1289
1783058316806 0.271281898021698 1290
1783058316809 0.2694445252418518 1291
1783058316811 0.2823904752731323 1292
1783058316813 0.2689845561981201 1293
1783058316814 0.26722776889801025 1294
1783058316816 0.2704777717590332 1295
1783058316818 0.25448623299598694 1296
1783058316820 0.2629201114177704 1297
1783058316822 0.26033785939216614 1298
1783058316824 0.26827019453048706 1299
1783058316826 0.26137107610702515 1300
1783058316828 0.25071677565574646 1301
1783058316830 0.28303536772727966 1302
1783058316831 0.2628212869167328 1303
1783058316833 0.27200326323509216 1304
1783058316835 0.27642351388931274 1305
1783058316837 0.2486700713634491 1306
1783058316839 0.2790074348449707 1307
1783058316841 0.26123857498168945 1308
1783058316843 0.2732108235359192 1309
1783058316845 0.26470446586608887 1310
1783058316847 0.2673111855983734 1311
1783058316849 0.2535820007324219 1312
1783058316850 0.24700604379177094 1313
1783058316852 0.25129711627960205 1314
1783058316854 0.253685861825943 1315
1783058316856 0.25433632731437683 1316
1783058316858 0.2684487998485565 1317
1783058316861 0.26385876536369324 1318
1783058316863 0.2668519616127014 1319
1783058316865 0.278141587972641 1320
1783058316867 0.2821359932422638 1321
1783058316869 0.28233641386032104 1322
1783058316871 0.2946820855140686 1323
1783058316873 0.2496027648448944 1324
1783058316875 0.2664341628551483 1325
1783058316877 0.25505873560905457 1326
1783058316879 0.2634309232234955 1327
1783058316881 0.2630898356437683 1328
1783058316883 0.2588089406490326 1329
1783058316885 0.27714627981185913 1330
1783058316887 0.2536076009273529 1331
1783058316888 0.24522343277931213 1332
1783058316891 0.2485092729330063 1333
1783058316893 0.2663358151912689 1334
1783058316895 0.2729808986186981 1335
1783058316898 0.27578678727149963 1336
1783058316900 0.2577260136604309 1337
1783058316902 0.24721628427505493 1338
1783058316905 0.24882647395133972 1339
1783058316907 0.27138185501098633 1340
1783058316909 0.26828497648239136 1341
1783058316911 0.25544238090515137 1342
1783058316914 0.26603636145591736 1343
1783058316916 0.25048828125 1344
1783058316919 0.2553023397922516 1345
1783058316921 0.2616770267486572 1346
1783058316923 0.2535741627216339 1347
1783058316926 0.2506672143936157 1348
1783058316928 0.2665484547615051 1349
1783058316930 0.2538468837738037 1350
1783058316933 0.27511078119277954 1351
1783058316935 0.2573836147785187 1352
1783058316937 0.2719511091709137 1353
1783058316940 0.2606411278247833 1354
1783058316942 0.25987300276756287 1355
1783058316945 0.25396913290023804 1356
1783058316947 0.26732137799263 1357
1783058316949 0.2523922324180603 1358
1783058316952 0.24498604238033295 1359
1783058316954 0.26382264494895935 1360
1783058316956 0.2765659689903259 1361
1783058316959 0.2675825357437134 1362
1783058316961 0.26827967166900635 1363
1783058316963 0.2770138680934906 1364
1783058316966 0.27013394236564636 1365
1783058316968 0.2672496438026428 1366
1783058316971 0.2496698796749115 1367
1783058316973 0.2550284266471863 1368
1783058316975 0.24553456902503967 1369
1783058316977 0.2751625180244446 1370
1783058316980 0.2706700265407562 1371
1783058316982 0.26559731364250183 1372
1783058316985 0.26739054918289185 1373
1783058316987 0.25562357902526855 1374
1783058316989 0.2585281729698181 1375
1783058316991 0.2523900270462036 1376
1783058316994 0.2627824544906616 1377
1783058316996 0.26193493604660034 1378
1783058316998 0.26045769453048706 1379
1783058317001 0.26571786403656006 1380
1783058317003 0.24961625039577484 1381
1783058317005 0.2850200831890106 1382
1783058317007 0.25949373841285706 1383
1783058317009 0.2695479989051819 1384
1783058317011 0.25263532996177673 1385
1783058317012 0.26238876581192017 1386
1783058317014 0.27149561047554016 1387
1783058317016 0.26756131649017334 1388
1783058317018 0.24044102430343628 1389
1783058317020 0.2631615996360779 1390
1783058317022 0.25929388403892517 1391
1783058317024 0.2568899393081665 1392
1783058317026 0.24852491915225983 1393
1783058317028 0.2567082941532135 1394
1783058317030 0.2577696442604065 1395
1783058317032 0.25280895829200745 1396
1783058317034 0.2718595266342163 1397
1783058317036 0.260259211063385 1398
1783058317038 0.282500684261322 1399
1783058317040 0.2804450988769531 1400
1783058317042 0.25795912742614746 1401
1783058317044 0.24456238746643066 1402
1783058317046 0.26849812269210815 1403
1783058317048 0.27245333790779114 1404
1783058317049 0.2393113523721695 1405
1783058317051 0.2606130838394165 1406
1783058317053 0.25964686274528503 1407
1783058317055 0.2750416696071625 1408
1783058317057 0.26013466715812683 1409
1783058317059 0.24628405272960663 1410
1783058317061 0.26516321301460266 1411
1783058317063 0.27489417791366577 1412
1783058317065 0.2674730718135834 1413
1783058317067 0.2657851278781891 1414
1783058317069 0.2687155604362488 1415
1783058317071 0.2638505697250366 1416
1783058317073 0.25498682260513306 1417
1783058317075 0.2421150654554367 1418
1783058317077 0.24003465473651886 1419
1783058317079 0.2624007761478424 1420
1783058317081 0.2697318196296692 1421
1783058317083 0.26862892508506775 1422
1783058317085 0.2650263011455536 1423
1783058317087 0.2719045877456665 1424
1783058317089 0.2551899254322052 1425
1783058317091 0.2714728116989136 1426
1783058317093 0.265357106924057 1427
1783058317095 0.25362950563430786 1428
1783058317097 0.2554404139518738 1429
1783058317099 0.2583996057510376 1430
1783058317100 0.26142269372940063 1431
1783058317102 0.24017859995365143 1432
1783058317104 0.25702133774757385 1433
1783058317106 0.2704477906227112 1434
1783058317108 0.2437707930803299 1435
1783058317110 0.2687852382659912 1436
1783058317113 0.2563647925853729 1437
1783058317114 0.24989311397075653 1438
1783058317116 0.27093616127967834 1439
1783058317119 0.23853056132793427 1440
1783058317120 0.25011569261550903 1441
1783058317122 0.27411386370658875 1442
1783058317124 0.2520001530647278 1443
1783058317126 0.25671207904815674 1444
1783058317128 0.26792892813682556 1445
1783058317130 0.25380411744117737 1446
1783058317132 0.2586349546909332 1447
1783058317134 0.25489115715026855 1448
1783058317137 0.24544233083724976 1449
1783058317139 0.2539093494415283 1450
1783058317141 0.25702574849128723 1451
1783058317144 0.2684474587440491 1452
1783058317146 0.26670846343040466 1453
1783058317148 0.24358661472797394 1454
1783058317151 0.24980439245700836 1455
1783058317153 0.25580015778541565 1456
1783058317155 0.25657233595848083 1457
1783058317158 0.2644609808921814 1458
1783058317160 0.26640206575393677 1459
1783058317162 0.2643880546092987 1460
1783058317164 0.2452443242073059 1461
1783058317167 0.267153799533844 1462
1783058317169 0.24499240517616272 1463
1783058317171 0.2742381989955902 1464
1783058317174 0.26380664110183716 1465
1783058317176 0.28442075848579407 1466
1783058317179 0.27906838059425354 1467
1783058317181 0.27379778027534485 1468
1783058317183 0.26212960481643677 1469
1783058317186 0.2641962766647339 1470
1783058317188 0.2714553475379944 1471
1783058317190 0.27973711490631104 1472
1783058317193 0.24280337989330292 1473
1783058317195 0.28441566228866577 1474
1783058317197 0.25291749835014343 1475
1783058317200 0.26219549775123596 1476
1783058317202 0.272499144077301 1477
1783058317204 0.27739670872688293 1478
1783058317206 0.28310060501098633 1479
1783058317207 0.26669296622276306 1480
1783058317209 0.2947205901145935 1481
1783058317211 0.2625935673713684 1482
1783058317213 0.2636584937572479 1483
1783058317215 0.26597467064857483 1484
1783058317217 0.2607586979866028 1485
1783058317219 0.2666667699813843 1486
1783058317221 0.2898656129837036 1487
1783058317222 0.2438841462135315 1488
1783058317224 0.2760653495788574 1489
1783058317226 0.27303871512413025 1490
1783058317228 0.2527056634426117 1491
1783058317230 0.2565951347351074 1492
1783058317232 0.2613523304462433 1493
1783058317234 0.25201529264450073 1494
1783058317236 0.2656726539134979 1495
1783058317238 0.24221603572368622 1496
1783058317240 0.27924859523773193 1497
1783058317241 0.2726939618587494 1498
1783058317243 0.26835060119628906 1499
1783058317245 0.27423059940338135 1500
1783058317247 0.2709366977214813 1501
1783058317249 0.2607545256614685 1502
1783058317251 0.26100850105285645 1503
1783058317253 0.27728071808815 1504
1783058317255 0.27769842743873596 1505
1783058317257 0.27521225810050964 1506
1783058317259 0.2704578638076782 1507
1783058317261 0.24820055067539215 1508
1783058317263 0.263245165348053 1509
1783058317265 0.254316121339798 1510
1783058317267 0.24306254088878632 1511
1783058317269 0.26180699467658997 1512
1783058317270 0.26394161581993103 1513
1783058317272 0.25421905517578125 1514
1783058317274 0.26696664094924927 1515
1783058317276 0.27374356985092163 1516
1783058317278 0.25118792057037354 1517
1783058317280 0.28436926007270813 1518
1783058317282 0.2671532928943634 1519
1783058317284 0.2487810105085373 1520
1783058317286 0.27178022265434265 1521
1783058317288 0.27147161960601807 1522
1783058317290 0.26315855979919434 1523
1783058317292 0.2923869490623474 1524
1783058317294 0.2984895408153534 1525
1783058317296 0.2882688045501709 1526
1783058317298 0.2676549553871155 1527
1783058317299 0.2952762544155121 1528
1783058317301 0.2733716070652008 1529
1783058317303 0.27994540333747864 1530
1783058317305 0.28550857305526733 1531
1783058317307 0.25493115186691284 1532
1783058317309 0.25850656628608704 1533
1783058317311 0.29965126514434814 1534
1783058317313 0.27552682161331177 1535
1783058317315 0.2875395715236664 1536
1783058317317 0.276962548494339 1537
1783058317319 0.26455575227737427 1538
1783058317321 0.27499616146087646 1539
1783058317324 0.2700027823448181 1540
1783058317327 0.25737038254737854 1541
1783058317329 0.28260642290115356 1542
1783058317332 0.2675481140613556 1543
1783058317334 0.27056872844696045 1544
1783058317336 0.26517176628112793 1545
1783058317339 0.2599274814128876 1546
1783058317341 0.26648053526878357 1547
1783058317344 0.28379562497138977 1548
1783058317346 0.26449111104011536 1549
1783058317348 0.2872808277606964 1550
1783058317351 0.27177706360816956 1551
1783058317353 0.2752174139022827 1552
1783058317355 0.2525447905063629 1553
1783058317358 0.25887352228164673 1554
1783058317360 0.26664236187934875 1555
1783058317363 0.25889521837234497 1556
1783058317365 0.26063114404678345 1557
1783058317367 0.26133841276168823 1558
1783058317370 0.25168365240097046 1559
1783058317372 0.26156437397003174 1560
1783058317375 0.2567906975746155 1561
1783058317376 0.2632789611816406 1562
1783058317378 0.26260367035865784 1563
1783058317380 0.26375874876976013 1564
1783058317382 0.27245479822158813 1565
1783058317383 0.2798028886318207 1566
1783058317385 0.2595224678516388 1567
1783058317387 0.26295241713523865 1568
1783058317389 0.271685928106308 1569
1783058317391 0.2822832465171814 1570
1783058317393 0.2701752781867981 1571
1783058317395 0.25826916098594666 1572
1783058317396 0.2713448703289032 1573
1783058317398 0.25804492831230164 1574
1783058317400 0.28001973032951355 1575
1783058317402 0.25088411569595337 1576
1783058317404 0.26279231905937195 1577
1783058317406 0.25828132033348083 1578
1783058317408 0.2722770869731903 1579
1783058317410 0.24461983144283295 1580
1783058317411 0.2553847134113312 1581
1783058317413 0.2764514684677124 1582
1783058317415 0.2574833333492279 1583
1783058317417 0.26363715529441833 1584
1783058317419 0.2521091103553772 1585
1783058317421 0.2622074484825134 1586
1783058317423 0.2473059743642807 1587
1783058317425 0.28650298714637756 1588
1783058317427 0.26134970784187317 1589
1783058317428 0.257077693939209 1590
1783058317430 0.25165891647338867 1591
1783058317432 0.2702976167201996 1592
1783058317434 0.25368234515190125 1593
1783058317436 0.2646608054637909 1594
1783058317438 0.25581151247024536 1595
1783058317440 0.24466001987457275 1596
1783058317442 0.2485855668783188 1597
1783058317443 0.2429770678281784 1598
1783058317445 0.2729862332344055 1599
1783058317447 0.24931146204471588 1600
1783058317449 0.2554034888744354 1601
1783058317451 0.24985040724277496 1602
1783058317453 0.24710464477539062 1603
1783058317455 0.2627962529659271 1604
1783058317456 0.24795950949192047 1605
1783058317458 0.2599024176597595 1606
1783058317460 0.2705317437648773 1607
1783058317462 0.262203574180603 1608
1783058317464 0.25697895884513855 1609
1783058317466 0.24423129856586456 1610
1783058317468 0.2485061138868332 1611
1783058317470 0.24888364970684052 1612
1783058317472 0.24923044443130493 1613
1783058317473 0.24337157607078552 1614
1783058317475 0.2435688078403473 1615
1783058317477 0.2420257329940796 1616
1783058317479 0.2615233361721039 1617
1783058317481 0.2771527171134949 1618
1783058317483 0.2523643672466278 1619
1783058317485 0.288674533367157 1620
1783058317487 0.2700270414352417 1621
1783058317488 0.2579297423362732 1622
1783058317490 0.26951301097869873 1623
1783058317492 0.24923351407051086 1624
1783058317494 0.2691805362701416 1625
1783058317496 0.26751330494880676 1626
1783058317498 0.2597830593585968 1627
1783058317500 0.27767181396484375 1628
1783058317502 0.24490109086036682 1629
1783058317503 0.2733367085456848 1630
1783058317505 0.2533699572086334 1631
1783058317507 0.2622828483581543 1632
1783058317509 0.2648692727088928 1633
1783058317511 0.2697798013687134 1634
1783058317513 0.25929027795791626 1635
1783058317515 0.27019834518432617 1636
1783058317517 0.2718549370765686 1637
1783058317519 0.25721028447151184 1638
1783058317521 0.2662581503391266 1639
1783058317523 0.2598097026348114 1640
1783058317526 0.2629016041755676 1641
1783058317529 0.248839870095253 1642
1783058317531 0.24996523559093475 1643
1783058317534 0.27000802755355835 1644
1783058317537 0.2705915868282318 1645
1783058317540 0.2590221166610718 1646
1783058317542 0.26269853115081787 1647
1783058317545 0.2577102482318878 1648
1783058317547 0.261370450258255 1649
1783058317550 0.26465609669685364 1650
1783058317553 0.2428821325302124 1651
1783058317556 0.24665552377700806 1652
1783058317558 0.2569250464439392 1653
1783058317561 0.2593710422515869 1654
1783058317563 0.2495793104171753 1655
1783058317567 0.24371956288814545 1656
1783058317569 0.26171737909317017 1657
1783058317572 0.2608397603034973 1658
1783058317574 0.24709896743297577 1659
1783058317577 0.25968435406684875 1660
1783058317579 0.26054370403289795 1661
1783058317582 0.2620072364807129 1662
1783058317584 0.27561691403388977 1663
1783058317587 0.2630612850189209 1664
1783058317590 0.2591628134250641 1665
1783058317593 0.2789330780506134 1666
1783058317595 0.26425299048423767 1667
1783058317598 0.2690252661705017 1668
1783058317601 0.27668097615242004 1669
1783058317604 0.2635017931461334 1670
1783058317607 0.263888955116272 1671
1783058317610 0.26958227157592773 1672
1783058317613 0.28474417328834534 1673
1783058317616 0.25858989357948303 1674
1783058317619 0.2685120701789856 1675
1783058317622 0.25375980138778687 1676
1783058317625 0.2572222054004669 1677
1783058317627 0.2490960657596588 1678
1783058317630 0.2704443633556366 1679
1783058317632 0.2555284798145294 1680
1783058317635 0.26273125410079956 1681
1783058317638 0.2745465636253357 1682
1783058317640 0.27737435698509216 1683
1783058317643 0.25272542238235474 1684
1783058317645 0.2500861585140228 1685
1783058317648 0.25314968824386597 1686
1783058317650 0.2643069326877594 1687
1783058317653 0.25828662514686584 1688
1783058317655 0.27576160430908203 1689
1783058317658 0.24629910290241241 1690
1783058317660 0.27680692076683044 1691
1783058317663 0.2578117847442627 1692
1783058317665 0.2633383870124817 1693
1783058317668 0.2638101577758789 1694
1783058317670 0.2622509002685547 1695
1783058317673 0.24799206852912903 1696
1783058317675 0.2635347843170166 1697
1783058317678 0.2567845284938812 1698
1783058317680 0.26069140434265137 1699
1783058317683 0.2484484761953354 1700
1783058317685 0.27836859226226807 1701
1783058317687 0.25912001729011536 1702
1783058317690 0.25097018480300903 1703
1783058317692 0.2569132149219513 1704
1783058317695 0.2707374691963196 1705
1783058317698 0.2617998421192169 1706
1783058317700 0.2597894072532654 1707
1783058317703 0.26154741644859314 1708
1783058317705 0.2552788257598877 1709
1783058317707 0.2698685824871063 1710
1783058317710 0.2449883371591568 1711
1783058317712 0.2581388056278229 1712
1783058317715 0.2604396939277649 1713
1783058317717 0.25519558787345886 1714
1783058317719 0.2592194676399231 1715
1783058317722 0.23610100150108337 1716
1783058317724 0.2570646107196808 1717
1783058317727 0.2600369453430176 1718
1783058317729 0.2868838310241699 1719
1783058317732 0.2784530222415924 1720
1783058317734 0.2804322838783264 1721
1783058317736 0.2644725441932678 1722
1783058317739 0.26604560017585754 1723
1783058317741 0.28492802381515503 1724
1783058317744 0.2574535310268402 1725
1783058317746 0.262596994638443 1726
1783058317748 0.24908670783042908 1727
1783058317751 0.26427334547042847 1728
1783058317753 0.2554425299167633 1729
1783058317756 0.25976958870887756 1730
1783058317758 0.23028697073459625 1731
1783058317761 0.26882219314575195 1732
1783058317763 0.25900718569755554 1733
1783058317765 0.24160416424274445 1734
1783058317768 0.24936960637569427 1735
1783058317770 0.2767612040042877 1736
1783058317773 0.24788124859333038 1737
1783058317775 0.26499849557876587 1738
1783058317777 0.25768664479255676 1739
1783058317781 0.2620909512042999 1740
1783058317783 0.24948732554912567 1741
1783058317786 0.2552243769168854 1742
1783058317788 0.2589091956615448 1743
1783058317790 0.25291749835014343 1744
1783058317793 0.23151056468486786 1745
1783058317795 0.2692095637321472 1746
1783058317798 0.26977798342704773 1747
1783058317800 0.2572374939918518 1748
1783058317802 0.27362310886383057 1749
1783058317804 0.25648197531700134 1750
1783058317806 0.26367178559303284 1751
1783058317808 0.2548971474170685 1752
1783058317810 0.2600831091403961 1753
1783058317812 0.27388837933540344 1754
1783058317814 0.2556445002555847 1755
1783058317815 0.2625953257083893 1756
1783058317817 0.24123740196228027 1757
1783058317819 0.27646276354789734 1758
1783058317821 0.27059119939804077 1759
1783058317823 0.25432953238487244 1760
1783058317825 0.2626587748527527 1761
1783058317827 0.273449569940567 1762
1783058317829 0.2684277594089508 1763
1783058317831 0.2542433738708496 1764
1783058317833 0.2546965181827545 1765
1783058317835 0.27709054946899414 1766
1783058317837 0.25047895312309265 1767
1783058317839 0.25412508845329285 1768
1783058317841 0.25092771649360657 1769
1783058317843 0.25875163078308105 1770
1783058317845 0.2654080390930176 1771
1783058317847 0.27385327219963074 1772
1783058317849 0.26407814025878906 1773
1783058317851 0.26899948716163635 1774
1783058317853 0.25648078322410583 1775
1783058317855 0.2634953558444977 1776
1783058317857 0.2704593539237976 1777
1783058317859 0.2461618334054947 1778
1783058317861 0.25051385164260864 1779
1783058317863 0.2670999765396118 1780
1783058317864 0.27497854828834534 1781
1783058317867 0.2688167989253998 1782
1783058317868 0.27432820200920105 1783
1783058317870 0.2731786370277405 1784
1783058317872 0.2556236684322357 1785
1783058317874 0.26557669043540955 1786
1783058317876 0.2640303671360016 1787
1783058317878 0.24030689895153046 1788
1783058317880 0.2522446811199188 1789
1783058317882 0.25941726565361023 1790
1783058317884 0.2584306597709656 1791
1783058317885 0.2610663175582886 1792
1783058317887 0.2572704255580902 1793
1783058317889 0.2645767629146576 1794
1783058317891 0.27879106998443604 1795
1783058317893 0.2798326909542084 1796
1783058317895 0.27765846252441406 1797
1783058317897 0.2607008218765259 1798
1783058317899 0.26697346568107605 1799
1783058317900 0.25568661093711853 1800
1783058317902 0.2677517235279083 1801
1783058317904 0.2779223620891571 1802
1783058317906 0.25581449270248413 1803
1783058317908 0.2529740631580353 1804
1783058317910 0.25878119468688965 1805
1783058317912 0.2700580358505249 1806
1783058317915 0.25529807806015015 1807
1783058317916 0.2744666337966919 1808
1783058317918 0.27889057993888855 1809
1783058317920 0.2636147439479828 1810
1783058317923 0.27611297369003296 1811
1783058317925 0.2677006125450134 1812
1783058317927 0.2639981806278229 1813
1783058317929 0.2595338523387909 1814
1783058317931 0.2660471796989441 1815
1783058317934 0.26507532596588135 1816
1783058317936 0.2539965808391571 1817
1783058317939 0.275058776140213 1818
1783058317942 0.268232136964798 1819
1783058317944 0.25193315744400024 1820
1783058317947 0.26019492745399475 1821
1783058317950 0.2629455626010895 1822
1783058317952 0.275879442691803 1823
1783058317954 0.24363379180431366 1824
1783058317957 0.2707969844341278 1825
1783058317961 0.2686772346496582 1826
1783058317964 0.27652350068092346 1827
1783058317967 0.26361188292503357 1828
1783058317969 0.24829035997390747 1829
1783058317972 0.26012569665908813 1830
1783058317975 0.26747986674308777 1831
1783058317978 0.2553047835826874 1832
1783058317981 0.2626078724861145 1833
1783058317984 0.25985297560691833 1834
1783058317986 0.2550915777683258 1835
1783058317989 0.27592748403549194 1836
1783058317992 0.25728240609169006 1837
1783058317995 0.27310729026794434 1838
1783058317997 0.2689773142337799 1839
1783058318000 0.27505260705947876 1840
1783058318004 0.26314428448677063 1841
1783058318007 0.2661401927471161 1842
1783058318009 0.2584540843963623 1843
1783058318012 0.2612621784210205 1844
1783058318015 0.261452317237854 1845
1783058318017 0.25965210795402527 1846
1783058318020 0.2537387013435364 1847
1783058318022 0.26021355390548706 1848
1783058318025 0.273896187543869 1849
1783058318027 0.26079344749450684 1850
1783058318029 0.2598225474357605 1851
1783058318032 0.2419046312570572 1852
1783058318034 0.2604310214519501 1853
1783058318037 0.2548770606517792 1854
1783058318039 0.2497260421514511 1855
1783058318041 0.25551435351371765 1856
1783058318044 0.27388572692871094 1857
1783058318047 0.2507835030555725 1858
1783058318049 0.2709018290042877 1859
1783058318052 0.26108330488204956 1860
1783058318054 0.2715393602848053 1861
1783058318057 0.26088035106658936 1862
1783058318059 0.2597564458847046 1863
1783058318062 0.27810582518577576 1864
1783058318064 0.26347020268440247 1865
1783058318066 0.26621708273887634 1866
1783058318069 0.24233803153038025 1867
1783058318071 0.24708250164985657 1868
1783058318074 0.24777355790138245 1869
1783058318076 0.25820133090019226 1870
1783058318078 0.24964721500873566 1871
1783058318081 0.24550700187683105 1872
1783058318083 0.2687496542930603 1873
1783058318190 0.2483392059803009 1874
1783058318192 0.253261923789978 1875
1783058318194 0.25417548418045044 1876
1783058318196 0.26304253935813904 1877
1783058318198 0.252622127532959 1878
1783058318200 0.2667710781097412 1879
1783058318202 0.25559142231941223 1880
1783058318203 0.27557268738746643 1881
1783058318205 0.2673840820789337 1882
1783058318207 0.2549399137496948 1883
1783058318209 0.28135964274406433 1884
1783058318211 0.2615661323070526 1885
1783058318213 0.2685021460056305 1886
1783058318215 0.2627721428871155 1887
1783058318217 0.26231396198272705 1888
1783058318219 0.2739599645137787 1889
1783058318220 0.26658061146736145 1890
1783058318222 0.2623639702796936 1891
1783058318224 0.26963135600090027 1892
1783058318226 0.2644161283969879 1893
1783058318228 0.2695642113685608 1894
1783058318230 0.27364301681518555 1895
1783058318232 0.25165095925331116 1896
1783058318234 0.2632810175418854 1897
1783058318236 0.263601154088974 1898
1783058318237 0.2745389938354492 1899
1783058318239 0.2757214605808258 1900
1783058318241 0.2642284333705902 1901
1783058318243 0.2742091715335846 1902
1783058318245 0.2689339518547058 1903
1783058318247 0.2554331421852112 1904
1783058318249 0.2607448995113373 1905
1783058318251 0.25271013379096985 1906
1783058318253 0.26601624488830566 1907
1783058318254 0.2425672560930252 1908
1783058318256 0.2550247609615326 1909
1783058318258 0.2513171434402466 1910
1783058318260 0.26033058762550354 1911
1783058318263 0.27345070242881775 1912
1783058318265 0.24573485553264618 1913
1783058318268 0.26800966262817383 1914
1783058318271 0.27870434522628784 1915
1783058318274 0.2744418978691101 1916
1783058318277 0.2589302957057953 1917
1783058318280 0.2719252109527588 1918
1783058318283 0.2776830494403839 1919
1783058318286 0.24249400198459625 1920
1783058318289 0.26184606552124023 1921
1783058318293 0.2702324092388153 1922
1783058318296 0.2620674967765808 1923
1783058318299 0.24347583949565887 1924
1783058318302 0.2631162106990814 1925
1783058318306 0.2578626275062561 1926
1783058318309 0.27001649141311646 1927
1783058318312 0.2639327943325043 1928
1783058318317 0.2494228482246399 1929
1783058318320 0.25103452801704407 1930
1783058318323 0.2715459167957306 1931
1783058318327 0.28105902671813965 1932
1783058318331 0.2692577540874481 1933
1783058318336 0.2717430591583252 1934
1783058318340 0.25103044509887695 1935
1783058318342 0.2579096853733063 1936
1783058318345 0.25866612792015076 1937
1783058318348 0.26653197407722473 1938
1783058318350 0.27174824476242065 1939
1783058318353 0.2487035095691681 1940
1783058318355 0.25546929240226746 1941
1783058318358 0.2507401704788208 1942
1783058318361 0.27432405948638916 1943
1783058318363 0.2621764838695526 1944
1783058318366 0.28026220202445984 1945
1783058318368 0.2647206485271454 1946
1783058318371 0.2634883522987366 1947
1783058318373 0.28320708870887756 1948
1783058318376 0.26799529790878296 1949
1783058318379 0.28637951612472534 1950
1783058318381 0.26848602294921875 1951
1783058318383 0.28148654103279114 1952
1783058318386 0.2504796087741852 1953
1783058318388 0.27715596556663513 1954
1783058318391 0.2650538682937622 1955
1783058318393 0.25325849652290344 1956
1783058318396 0.2701738476753235 1957
1783058318398 0.2784688174724579 1958
1783058318401 0.23966501653194427 1959
1783058318403 0.26714542508125305 1960
1783058318405 0.2675759494304657 1961
1783058318408 0.26601776480674744 1962
1783058318410 0.2651277780532837 1963
1783058318413 0.26669448614120483 1964
1783058318415 0.27050429582595825 1965
1783058318418 0.259732723236084 1966
1783058318420 0.2498583048582077 1967
1783058318423 0.24705497920513153 1968
1783058318425 0.248296856880188 1969
1783058318427 0.26735496520996094 1970
1783058318430 0.2577478885650635 1971
1783058318432 0.2564495801925659 1972
1783058318435 0.2761763036251068 1973
1783058318437 0.26802942156791687 1974
1783058318439 0.26167064905166626 1975
1783058318442 0.2663753926753998 1976
1783058318444 0.2553376853466034 1977
1783058318447 0.2623758614063263 1978
1783058318449 0.27140355110168457 1979
1783058318451 0.2657715082168579 1980
1783058318454 0.26964929699897766 1981
1783058318457 0.2506667673587799 1982
1783058318459 0.25423693656921387 1983
1783058318461 0.24676482379436493 1984
1783058318464 0.2772068977355957 1985
1783058318466 0.25650715827941895 1986
1783058318469 0.26572486758232117 1987
1783058318471 0.2785603702068329 1988
1783058318473 0.2791990637779236 1989
1783058318476 0.2596488893032074 1990
1783058318478 0.2566719055175781 1991
1783058318481 0.24892611801624298 1992
1783058318483 0.26303789019584656 1993
1783058318486 0.2632596790790558 1994
1783058318488 0.26523348689079285 1995
1783058318490 0.28587082028388977 1996
1783058318493 0.248733788728714 1997
1783058318495 0.27882012724876404 1998
1783058318498 0.24763111770153046 1999
1783058318500 0.2747074067592621 2000
1783058318502 0.25392502546310425 2001
1783058318505 0.28894394636154175 2002
1783058318507 0.27170202136039734 2003
1783058318510 0.25271329283714294 2004
1783058318512 0.2913122773170471 2005
1783058318514 0.27632424235343933 2006
1783058318517 0.2745935618877411 2007
1783058318519 0.27208197116851807 2008
1783058318522 0.26457828283309937 2009
1783058318524 0.27233174443244934 2010
1783058318527 0.2771978974342346 2011
1783058318529 0.28282928466796875 2012
1783058318532 0.2548461854457855 2013
1783058318534 0.27958422899246216 2014
1783058318536 0.2667035162448883 2015
1783058318539 0.2654573619365692 2016
1783058318541 0.26268839836120605 2017
1783058318544 0.25388121604919434 2018
1783058318546 0.25829023122787476 2019
1783058318548 0.2547529637813568 2020
1783058318551 0.26092812418937683 2021
1783058318553 0.2660244107246399 2022
1783058318556 0.23769837617874146 2023
1783058318558 0.2491971254348755 2024
1783058318560 0.2714720070362091 2025
1783058318562 0.27168747782707214 2026
1783058318564 0.27160871028900146 2027
1783058318566 0.2616473436355591 2028
1783058318568 0.26666656136512756 2029
1783058318569 0.27569741010665894 2030
1783058318571 0.25763577222824097 2031
1783058318573 0.25693145394325256 2032
1783058318575 0.24844710528850555 2033
1783058318577 0.24934493005275726 2034
1783058318579 0.25529903173446655 2035
1783058318581 0.24143384397029877 2036
1783058318583 0.2731344401836395 2037
1783058318585 0.25529396533966064 2038
1783058318588 0.26838114857673645 2039
1783058318590 0.2615763545036316 2040
1783058318593 0.2724567651748657 2041
1783058318595 0.25419116020202637 2042
1783058318600 0.24916920065879822 2043
1783058318602 0.2549443244934082 2044
1783058318605 0.26647862792015076 2045
1783058318608 0.26221024990081787 2046
1783058318610 0.269574910402298 2047
1783058318613 0.2542884945869446 2048
1783058318616 0.2616986334323883 2049
1783058318618 0.255255788564682 2050
1783058318621 0.28092408180236816 2051
1783058318623 0.2719684839248657 2052
1783058318626 0.26042720675468445 2053
1783058318628 0.2676209807395935 2054
1783058318631 0.26188814640045166 2055
1783058318633 0.2790127098560333 2056
1783058318636 0.270677387714386 2057
1783058318638 0.2641181945800781 2058
1783058318641 0.25387051701545715 2059
1783058318643 0.26184916496276855 2060
1783058318646 0.26522296667099 2061
1783058318648 0.2658919394016266 2062
1783058318651 0.2518484890460968 2063
1783058318653 0.26360663771629333 2064
1783058318656 0.25904086232185364 2065
1783058318658 0.25667738914489746 2066
1783058318661 0.27046167850494385 2067
1783058318664 0.2646004855632782 2068
1783058318666 0.2617761194705963 2069
1783058318669 0.24927730858325958 2070
1783058318671 0.27364587783813477 2071
1783058318673 0.26175418496131897 2072
1783058318675 0.2790900766849518 2073
1783058318677 0.25781455636024475 2074
1783058318679 0.2501567006111145 2075
1783058318682 0.25577235221862793 2076
1783058318684 0.2773798406124115 2077
1783058318686 0.2567768096923828 2078
1783058318689 0.28513798117637634 2079
1783058318691 0.2517228126525879 2080
1783058318694 0.2715475261211395 2081
1783058318696 0.2432599514722824 2082
1783058318698 0.2641141712665558 2083
1783058318701 0.2540525794029236 2084
1783058318703 0.2649497389793396 2085
1783058318705 0.26359519362449646 2086
1783058318708 0.27296507358551025 2087
1783058318710 0.2643399238586426 2088
1783058318713 0.25049740076065063 2089
1783058318715 0.2628449499607086 2090
1783058318717 0.2643499970436096 2091
1783058318720 0.2781173586845398 2092
1783058318722 0.2817501127719879 2093
1783058318724 0.2631869316101074 2094
1783058318727 0.27068936824798584 2095
1783058318729 0.27615487575531006 2096
1783058318732 0.2646118402481079 2097
1783058318734 0.2537815272808075 2098
1783058318736 0.26653042435646057 2099
1783058318739 0.2617679834365845 2100
1783058318741 0.26183971762657166 2101
1783058318744 0.2609346807003021 2102
1783058318746 0.24890448153018951 2103
1783058318748 0.25898998975753784 2104
1783058318751 0.25568151473999023 2105
1783058318753 0.2727782130241394 2106
1783058318755 0.2614498734474182 2107
1783058318757 0.2382536083459854 2108
1783058318759 0.2663351893424988 2109
1783058318761 0.2624881863594055 2110
1783058318763 0.2447834014892578 2111
1783058318764 0.2634066641330719 2112
1783058318766 0.24813663959503174 2113
1783058318768 0.251665860414505 2114
1783058318770 0.26137250661849976 2115
1783058318772 0.28079044818878174 2116
1783058318774 0.25883302092552185 2117
1783058318777 0.2722654640674591 2118
1783058318779 0.26623663306236267 2119
1783058318781 0.25714966654777527 2120
1783058318784 0.2738349437713623 2121
1783058318786 0.2558498680591583 2122
1783058318788 0.2600191831588745 2123
1783058318791 0.2598126530647278 2124
1783058318793 0.262267142534256 2125
1783058318795 0.25287771224975586 2126
1783058318798 0.2731545865535736 2127
1783058318800 0.27082058787345886 2128
1783058318803 0.2577179968357086 2129
1783058318805 0.28252631425857544 2130
1783058318807 0.26899850368499756 2131
1783058318810 0.2780076265335083 2132
1783058318812 0.24758875370025635 2133
1783058318815 0.2548845112323761 2134
1783058318817 0.27204105257987976 2135
1783058318819 0.2702345848083496 2136
1783058318822 0.25825822353363037 2137
1783058318824 0.2532765567302704 2138
1783058318827 0.2564248740673065 2139
1783058318829 0.2545154392719269 2140
1783058318832 0.2676013112068176 2141
1783058318834 0.26618853211402893 2142
1783058318836 0.24976864457130432 2143
1783058318839 0.2725578546524048 2144
1783058318841 0.27306339144706726 2145
1783058318844 0.2579059600830078 2146
1783058318846 0.257951021194458 2147
1783058318848 0.26186057925224304 2148
1783058318851 0.2520827353000641 2149
1783058318853 0.2449159473180771 2150
1783058318856 0.2602258324623108 2151
1783058318858 0.24774037301540375 2152
1783058318861 0.25325116515159607 2153
1783058318863 0.2572615444660187 2154
1783058318865 0.2509967088699341 2155
1783058318868 0.2624867856502533 2156
1783058318870 0.23735789954662323 2157
1783058318872 0.2521457374095917 2158
1783058318875 0.2514490485191345 2159
1783058318877 0.25619950890541077 2160
1783058318880 0.2559281587600708 2161
1783058318882 0.27309396862983704 2162
1783058318884 0.22979678213596344 2163
1783058318887 0.2463272660970688 2164
1783058318889 0.2605210840702057 2165
1783058318891 0.258046954870224 2166
1783058318892 0.2551824748516083 2167
1783058318894 0.25472626090049744 2168
1783058318896 0.26453760266304016 2169
1783058318898 0.25579530000686646 2170
1783058318900 0.24573102593421936 2171
1783058318902 0.23935571312904358 2172
1783058318903 0.2533718943595886 2173
1783058318905 0.26118943095207214 2174
1783058318907 0.261241614818573 2175
1783058318909 0.25043779611587524 2176
1783058318911 0.22972458600997925 2177
1783058318913 0.26211994886398315 2178
1783058318915 0.27070021629333496 2179
1783058318916 0.2402612268924713 2180
1783058318918 0.2552383244037628 2181
1783058318920 0.24912777543067932 2182
1783058318922 0.2463090866804123 2183
1783058318924 0.2542015016078949 2184
1783058318926 0.24086086452007294 2185
1783058318928 0.24778632819652557 2186
1783058318930 0.24955633282661438 2187
1783058318932 0.2632703483104706 2188
1783058318934 0.2482215017080307 2189
1783058318935 0.23614387214183807 2190
1783058318937 0.26374512910842896 2191
1783058318939 0.2567761540412903 2192
1783058318941 0.26799750328063965 2193
1783058318943 0.23940733075141907 2194
1783058318945 0.27711260318756104 2195
1783058318947 0.27467307448387146 2196
1783058318949 0.2768579125404358 2197
1783058318951 0.27906787395477295 2198
1783058318953 0.2700022757053375 2199
1783058318954 0.24982024729251862 2200
1783058318956 0.2653903365135193 2201
1783058318958 0.2594177722930908 2202
1783058318960 0.2624034583568573 2203
1783058318962 0.2590957581996918 2204
1783058318964 0.26660704612731934 2205
1783058318966 0.25650134682655334 2206
1783058318968 0.2713805139064789 2207
1783058318969 0.27723389863967896 2208
1783058318971 0.2506924569606781 2209
1783058318973 0.2709582448005676 2210
1783058318975 0.26528945565223694 2211
1783058318977 0.2656281888484955 2212
1783058318979 0.29059234261512756 2213
1783058318981 0.25965777039527893 2214
1783058318983 0.25385311245918274 2215
1783058318985 0.2574201226234436 2216
1783058318987 0.25819575786590576 2217
1783058318988 0.271304190158844 2218
1783058318990 0.2572583854198456 2219
1783058318992 0.256693959236145 2220
1783058318994 0.26186659932136536 2221
1783058318996 0.2720066010951996 2222
1783058318998 0.2793463170528412 2223
1783058319000 0.251761257648468 2224
1783058319002 0.25173959136009216 2225
1783058319004 0.2666010558605194 2226
1783058319006 0.2732182443141937 2227
1783058319008 0.24898859858512878 2228
1783058319010 0.2615931034088135 2229
1783058319012 0.2705303132534027 2230
1783058319014 0.23838333785533905 2231
1783058319017 0.27040553092956543 2232
1783058319019 0.25128650665283203 2233
1783058319021 0.26711758971214294 2234
1783058319022 0.25346702337265015 2235
1783058319024 0.25720658898353577 2236
1783058319026 0.2650558650493622 2237
1783058319028 0.2536582052707672 2238
1783058319030 0.2684224247932434 2239
1783058319033 0.2506689429283142 2240
1783058319035 0.24387644231319427 2241
1783058319037 0.2652294337749481 2242
1783058319039 0.2591482698917389 2243
1783058319041 0.2617654800415039 2244
1783058319043 0.24061506986618042 2245
1783058319045 0.24459929764270782 2246
1783058319048 0.2687940299510956 2247
1783058319050 0.26274436712265015 2248
1783058319051 0.27517640590667725 2249
1783058319054 0.26634305715560913 2250
1783058319056 0.27615898847579956 2251
1783058319058 0.24097348749637604 2252
1783058319060 0.2594836950302124 2253
1783058319062 0.24736414849758148 2254
1783058319064 0.261825829744339 2255
1783058319066 0.26169851422309875 2256
1783058319068 0.2591405212879181 2257
1783058319070 0.26027926802635193 2258
1783058319072 0.24734993278980255 2259
1783058319074 0.2696736752986908 2260
1783058319076 0.2640995383262634 2261
1783058319078 0.2649982273578644 2262
1783058319080 0.24061863124370575 2263
1783058319083 0.25863274931907654 2264
1783058319085 0.26059243083000183 2265
1783058319087 0.2549102306365967 2266
1783058319090 0.27593502402305603 2267
1783058319092 0.25021207332611084 2268
1783058319095 0.2616889476776123 2269
1783058319098 0.25695136189460754 2270
1783058319101 0.25864511728286743 2271
1783058319103 0.2708650827407837 2272
1783058319106 0.2512083649635315 2273
1783058319109 0.2751477062702179 2274
1783058319112 0.24836234748363495 2275
1783058319115 0.26150742173194885 2276
1783058319118 0.2698083519935608 2277
1783058319121 0.26302844285964966 2278
1783058319124 0.2617679536342621 2279
1783058319127 0.2569957971572876 2280
1783058319129 0.26084643602371216 2281
1783058319132 0.2470870465040207 2282
1783058319134 0.28020039200782776 2283
1783058319137 0.25505268573760986 2284
1783058319140 0.25708529353141785 2285
1783058319143 0.2642950713634491 2286
1783058319145 0.2530544698238373 2287
1783058319148 0.27419576048851013 2288
1783058319150 0.24299877882003784 2289
1783058319153 0.2765958607196808 2290
1783058319155 0.2535737454891205 2291
1783058319158 0.2498978227376938 2292
1783058319160 0.260150283575058 2293
1783058319163 0.2616976797580719 2294
1783058319165 0.25833550095558167 2295
1783058319168 0.2475731521844864 2296
1783058319170 0.2533899247646332 2297
1783058319173 0.24990889430046082 2298
1783058319175 0.26610592007637024 2299
1783058319178 0.26907312870025635 2300
1783058319180 0.2567332983016968 2301
1783058319183 0.24820956587791443 2302
1783058319185 0.25307270884513855 2303
1783058319187 0.2585006356239319 2304
1783058319190 0.23518837988376617 2305
1783058319192 0.2552114725112915 2306
1783058319194 0.25246551632881165 2307
1783058319197 0.26706063747406006 2308
1783058319199 0.27123451232910156 2309
1783058319201 0.25258636474609375 2310
1783058319204 0.23950418829917908 2311
1783058319206 0.2500593662261963 2312
1783058319208 0.2621237635612488 2313
1783058319211 0.24025285243988037 2314
1783058319213 0.25212711095809937 2315
1783058319215 0.2502827048301697 2316
1783058319218 0.2714248597621918 2317
1783058319221 0.27291473746299744 2318
1783058319223 0.2563457787036896 2319
1783058319226 0.2521493434906006 2320
1783058319228 0.26168394088745117 2321
1783058319230 0.2778286933898926 2322
1783058319233 0.2443833202123642 2323
1783058319235 0.25425097346305847 2324
1783058319238 0.2658442258834839 2325
1783058319240 0.25213056802749634 2326
1783058319242 0.25819236040115356 2327
1783058319245 0.2600196599960327 2328
1783058319247 0.2559118866920471 2329
1783058319249 0.2535269856452942 2330
1783058319252 0.26669272780418396 2331
1783058319254 0.2525549829006195 2332
1783058319256 0.2575582265853882 2333
1783058319259 0.25220900774002075 2334
1783058319261 0.25612539052963257 2335
1783058319264 0.25690093636512756 2336
1783058319266 0.24773655831813812 2337
1783058319268 0.2673386037349701 2338
1783058319271 0.23562376201152802 2339
1783058319273 0.24680931866168976 2340
1783058319275 0.2594970762729645 2341
1783058319278 0.24775224924087524 2342
1783058319280 0.24982066452503204 2343
1783058319283 0.2594663202762604 2344
1783058319285 0.2429780811071396 2345
1783058319287 0.26297107338905334 2346
1783058319290 0.25135624408721924 2347
1783058319292 0.2504352629184723 2348
1783058319295 0.24103814363479614 2349
1783058319297 0.2490551471710205 2350
1783058319299 0.2588004767894745 2351
1783058319302 0.24265994131565094 2352
1783058319304 0.24770009517669678 2353
1783058319306 0.25388455390930176 2354
1783058319309 0.2539026141166687 2355
1783058319311 0.2618609368801117 2356
1783058319313 0.2732492983341217 2357
1783058319316 0.2652042508125305 2358
1783058319318 0.2522067725658417 2359
1783058319320 0.25676026940345764 2360
1783058319323 0.24426613748073578 2361
1783058319325 0.2679533362388611 2362
1783058319328 0.260559618473053 2363
1783058319330 0.2850463390350342 2364
1783058319332 0.26944500207901 2365
1783058319334 0.25750988721847534 2366
1783058319336 0.25878363847732544 2367
1783058319338 0.26051580905914307 2368
1783058319340 0.2651323080062866 2369
1783058319342 0.26044586300849915 2370
1783058319344 0.25193876028060913 2371
1783058319346 0.2782920002937317 2372
1783058319348 0.27224335074424744 2373
1783058319350 0.24758493900299072 2374
1783058319352 0.2892968952655792 2375
1783058319354 0.2550848126411438 2376
1783058319356 0.252566397190094 2377
1783058319358 0.26423534750938416 2378
1783058319360 0.26240217685699463 2379
1783058319362 0.27236902713775635 2380
1783058319364 0.25840291380882263 2381
1783058319366 0.25302863121032715 2382
1783058319367 0.26743313670158386 2383
1783058319369 0.2634141147136688 2384
1783058319371 0.24037909507751465 2385
1783058319373 0.2697480320930481 2386
1783058319375 0.2442096471786499 2387
1783058319377 0.273708701133728 2388
1783058319379 0.28562015295028687 2389
1783058319381 0.26674166321754456 2390
1783058319383 0.2818106412887573 2391
1783058319385 0.27159714698791504 2392
1783058319386 0.2534659504890442 2393
1783058319388 0.26886045932769775 2394
1783058319390 0.2519855797290802 2395
1783058319392 0.25627440214157104 2396
1783058319394 0.28227055072784424 2397
1783058319396 0.26083847880363464 2398
1783058319398 0.24781231582164764 2399
1783058319400 0.2658305764198303 2400
1783058319402 0.2614566385746002 2401
1783058319403 0.2648366689682007 2402
1783058319405 0.24913369119167328 2403
1783058319407 0.2663200795650482 2404
1783058319409 0.26389411091804504 2405
1783058319411 0.2555593252182007 2406
1783058319413 0.24147579073905945 2407
1783058319415 0.2615083158016205 2408
1783058319417 0.2604435980319977 2409
1783058319419 0.26324447989463806 2410
1783058319420 0.26386141777038574 2411
1783058319422 0.260612815618515 2412
1783058319424 0.2638006806373596 2413
1783058319426 0.2595316767692566 2414
1783058319428 0.2544691264629364 2415
1783058319430 0.2621585726737976 2416
1783058319432 0.23307843506336212 2417
1783058319434 0.26075243949890137 2418
1783058319436 0.27838632464408875 2419
1783058319437 0.2572987973690033 2420
1783058319439 0.2502540647983551 2421
1783058319441 0.2534370422363281 2422
1783058319443 0.2528518736362457 2423
1783058319445 0.2543351650238037 2424
1783058319447 0.24082598090171814 2425
1783058319449 0.26080450415611267 2426
1783058319451 0.25140342116355896 2427
1783058319452 0.2566545605659485 2428
1783058319454 0.2609241008758545 2429
1783058319456 0.2451077252626419 2430
1783058319458 0.2582795023918152 2431
1783058319460 0.24324584007263184 2432
1783058319462 0.24481843411922455 2433
1783058319464 0.2505017817020416 2434
1783058319466 0.2611464262008667 2435
1783058319468 0.260626882314682 2436
1783058319470 0.2563948631286621 2437
1783058319471 0.24534665048122406 2438
1783058319473 0.25464972853660583 2439
1783058319475 0.2577615976333618 2440
1783058319477 0.2565322518348694 2441
1783058319479 0.25307193398475647 2442
1783058319481 0.2444266825914383 2443
1783058319483 0.25616511702537537 2444
1783058319485 0.2546020448207855 2445
1783058319487 0.2555307149887085 2446
1783058319488 0.25300347805023193 2447
1783058319490 0.26686930656433105 2448
1783058319492 0.27108144760131836 2449
1783058319494 0.2712990641593933 2450
1783058319496 0.261661171913147 2451
1783058319498 0.26552122831344604 2452
1783058319500 0.2585129737854004 2453
1783058319502 0.28145337104797363 2454
1783058319503 0.29834863543510437 2455
1783058319505 0.25187426805496216 2456
1783058319507 0.28440332412719727 2457
1783058319509 0.2844400107860565 2458
1783058319511 0.24588122963905334 2459
1783058319513 0.2882791757583618 2460
1783058319515 0.2757589817047119 2461
1783058319517 0.2564174234867096 2462
1783058319519 0.2829538583755493 2463
1783058319521 0.2577005922794342 2464
1783058319522 0.2698688507080078 2465
1783058319524 0.2790689170360565 2466
1783058319526 0.25010234117507935 2467
1783058319528 0.27424344420433044 2468
1783058319530 0.26717033982276917 2469
1783058319532 0.25995635986328125 2470
1783058319534 0.25424864888191223 2471
1783058319536 0.267589807510376 2472
1783058319538 0.27184411883354187 2473
1783058319539 0.259352445602417 2474
1783058319541 0.27045947313308716 2475
1783058319543 0.2684879004955292 2476
1783058319545 0.27042829990386963 2477
1783058319548 0.2635553777217865 2478
1783058319550 0.25817927718162537 2479
1783058319552 0.25739023089408875 2480
1783058319555 0.27032163739204407 2481
1783058319557 0.2634950280189514 2482
1783058319559 0.2563599646091461 2483
1783058319562 0.25135543942451477 2484
1783058319564 0.2574045658111572 2485
1783058319566 0.24847133457660675 2486
1783058319569 0.2502521574497223 2487
1783058319571 0.25236186385154724 2488
1783058319574 0.25741517543792725 2489
1783058319576 0.2558720111846924 2490
1783058319578 0.25071069598197937 2491
1783058319581 0.24762238562107086 2492
1783058319583 0.24539534747600555 2493
1783058319585 0.2582635283470154 2494
1783058319588 0.2607455551624298 2495
1783058319590 0.26635050773620605 2496
1783058319593 0.2692486643791199 2497
1783058319595 0.26193755865097046 2498
1783058319597 0.2626880705356598 2499
1783058319600 0.27250921726226807 2500
1783058319602 0.26409590244293213 2501
1783058319605 0.254100501537323 2502
1783058319607 0.27539992332458496 2503
1783058319609 0.2808212637901306 2504
1783058319612 0.267251580953598 2505
1783058319614 0.27057626843452454 2506
1783058319616 0.25614139437675476 2507
1783058319619 0.26168280839920044 2508
1783058319621 0.25792163610458374 2509
1783058319624 0.2519451379776001 2510
1783058319626 0.25913870334625244 2511
1783058319629 0.2520807683467865 2512
1783058319631 0.2602350413799286 2513
1783058319633 0.24742870032787323 2514
1783058319636 0.24008528888225555 2515
1783058319638 0.2610136568546295 2516
1783058319641 0.2751254141330719 2517
1783058319643 0.26629918813705444 2518
1783058319645 0.2614193856716156 2519
1783058319648 0.2667462229728699 2520
1783058319650 0.2644738256931305 2521
1783058319652 0.23935775458812714 2522
1783058319655 0.25320321321487427 2523
1783058319657 0.26821961998939514 2524
1783058319659 0.2469298243522644 2525
1783058319662 0.26575493812561035 2526
1783058319664 0.26016905903816223 2527
1783058319667 0.25570783019065857 2528
1783058319669 0.25295448303222656 2529
1783058319671 0.2639175057411194 2530
1783058319674 0.2690255045890808 2531
1783058319676 0.2601805329322815 2532
1783058319678 0.25876671075820923 2533
1783058319681 0.23949693143367767 2534
1783058319683 0.2470274567604065 2535
1783058319685 0.2536128759384155 2536
1783058319688 0.24864742159843445 2537
1783058319690 0.2521277964115143 2538
1783058319692 0.26582181453704834 2539
1783058319695 0.2508934736251831 2540
1783058319697 0.24681979417800903 2541
1783058319699 0.26025933027267456 2542
1783058319701 0.264229416847229 2543
1783058319703 0.27259573340415955 2544
1783058319705 0.25042724609375 2545
1783058319707 0.2553842067718506 2546
1783058319709 0.25526267290115356 2547
1783058319711 0.25723695755004883 2548
1783058319713 0.2685997486114502 2549
1783058319714 0.2593861222267151 2550
1783058319716 0.27143386006355286 2551
1783058319718 0.24642428755760193 2552
1783058319720 0.26428231596946716 2553
1783058319722 0.26146993041038513 2554
1783058319724 0.2571377158164978 2555
1783058319726 0.27105626463890076 2556
1783058319728 0.26484405994415283 2557
1783058319730 0.25728780031204224 2558
1783058319731 0.27701130509376526 2559
1783058319733 0.2592870891094208 2560
1783058319735 0.2548229694366455 2561
1783058319737 0.2608332633972168 2562
1783058319739 0.27439960837364197 2563
1783058319741 0.230912446975708 2564
1783058319744 0.2591116726398468 2565
1783058319746 0.2631990909576416 2566
1783058319748 0.27081671357154846 2567
1783058319751 0.24857093393802643 2568
1783058319753 0.2453363537788391 2569
1783058319755 0.2528231739997864 2570
1783058319757 0.2629365622997284 2571
1783058319760 0.25184252858161926 2572
1783058319762 0.25133854150772095 2573
1783058319764 0.2523866295814514 2574
1783058319767 0.26046013832092285 2575
1783058319769 0.24950562417507172 2576
1783058319771 0.2515350580215454 2577
1783058319774 0.2740798592567444 2578
1783058319777 0.2657441198825836 2579
1783058319779 0.2621736228466034 2580
1783058319782 0.2522333562374115 2581
1783058319784 0.25455668568611145 2582
1783058319787 0.25823327898979187 2583
1783058319789 0.26734867691993713 2584
1783058319792 0.26029881834983826 2585
1783058319794 0.2608146071434021 2586
1783058319796 0.27723363041877747 2587
1783058319799 0.24259521067142487 2588
1783058319801 0.25895196199417114 2589
1783058319804 0.26769956946372986 2590
1783058319806 0.2442455291748047 2591
1783058319808 0.25766679644584656 2592
1783058319811 0.2533687949180603 2593
1783058319813 0.2466963678598404 2594
1783058319816 0.2555386424064636 2595
1783058319819 0.2524465322494507 2596
1783058319821 0.24698729813098907 2597
1783058319823 0.25716760754585266 2598
1783058319825 0.2555561065673828 2599
1783058319827 0.2647813558578491 2600
1783058319829 0.2598317563533783 2601
1783058319832 0.23406709730625153 2602
1783058319834 0.2667040228843689 2603
1783058319836 0.25917041301727295 2604
1783058319844 0.23791803419589996 2605
1783058319846 0.2753129303455353 2606
1783058319848 0.26329946517944336 2607
1783058319850 0.25789982080459595 2608
1783058319852 0.26714780926704407 2609
1783058319854 0.2360183149576187 2610
1783058319857 0.25624024868011475 2611
1783058319859 0.24346181750297546 2612
1783058319861 0.2535954415798187 2613
1783058319863 0.246942400932312 2614
1783058319865 0.25637948513031006 2615
1783058319867 0.26265308260917664 2616
1783058319869 0.2557491064071655 2617
1783058319872 0.2399939000606537 2618
1783058319874 0.25502780079841614 2619
1783058319876 0.2526344060897827 2620
1783058319878 0.2441394180059433 2621
1783058319881 0.25760382413864136 2622
1783058319883 0.2641643285751343 2623
1783058319886 0.24274201691150665 2624
1783058319888 0.25982198119163513 2625
1783058319890 0.2719535231590271 2626
1783058319892 0.271380752325058 2627
1783058319895 0.2813522219657898 2628
1783058319897 0.2640642523765564 2629
1783058319900 0.25220924615859985 2630
1783058319902 0.2552966773509979 2631
1783058319904 0.2505968511104584 2632
1783058319907 0.2469119280576706 2633
1783058319909 0.2494450807571411 2634
1783058319911 0.2567562460899353 2635
1783058319914 0.2562883198261261 2636
1783058319916 0.2525438666343689 2637
1783058319918 0.2428085207939148 2638
1783058319920 0.25501126050949097 2639
1783058319922 0.25602883100509644 2640
1783058319924 0.25375330448150635 2641
1783058319926 0.2629946768283844 2642
1783058319929 0.23886552453041077 2643
1783058319931 0.25455451011657715 2644
1783058319933 0.23341359198093414 2645
1783058319935 0.2538703680038452 2646
1783058319937 0.2557806372642517 2647
1783058319939 0.24487590789794922 2648
1783058319942 0.28045499324798584 2649
1783058319944 0.25072017312049866 2650
1783058319946 0.2469853162765503 2651
1783058319948 0.25957974791526794 2652
1783058319951 0.256762832403183 2653
1783058319953 0.2642209529876709 2654
1783058319955 0.2722958028316498 2655
1783058319958 0.26494863629341125 2656
1783058319960 0.25229257345199585 2657
1783058319962 0.2542124092578888 2658
1783058319965 0.26992541551589966 2659
1783058319967 0.24767117202281952 2660
1783058319969 0.26202392578125 2661
1783058319972 0.26991552114486694 2662
1783058319974 0.26328688859939575 2663
1783058319976 0.25946906208992004 2664
1783058319979 0.26003244519233704 2665
1783058319981 0.2448974847793579 2666
1783058319983 0.2639475464820862 2667
1783058319985 0.2517893612384796 2668
1783058319988 0.2561786472797394 2669
1783058319990 0.2680967152118683 2670
1783058319992 0.2533453404903412 2671
1783058319995 0.284405916929245 2672
1783058319997 0.24430350959300995 2673
1783058319999 0.27151256799697876 2674
1783058320002 0.2507551610469818 2675
1783058320004 0.2773290276527405 2676
1783058320006 0.2460135966539383 2677
1783058320009 0.26462477445602417 2678
1783058320011 0.26404327154159546 2679
1783058320013 0.2622204124927521 2680
1783058320016 0.2566453814506531 2681
1783058320018 0.2606302499771118 2682
1783058320020 0.26895812153816223 2683
1783058320023 0.2578916847705841 2684
1783058320025 0.2696441411972046 2685
1783058320027 0.25640612840652466 2686
1783058320030 0.2739851176738739 2687
1783058320032 0.255331814289093 2688
1783058320034 0.2520570456981659 2689
1783058320037 0.25112661719322205 2690
1783058320039 0.2697764039039612 2691
1783058320041 0.25237998366355896 2692
1783058320044 0.2545299232006073 2693
1783058320046 0.2553786635398865 2694
1783058320048 0.2589865028858185 2695
1783058320051 0.26358795166015625 2696
1783058320053 0.2580941617488861 2697
1783058320055 0.2656218409538269 2698
1783058320057 0.25956621766090393 2699
1783058320060 0.2776612937450409 2700
1783058320062 0.26483964920043945 2701
1783058320065 0.25882476568222046 2702
1783058320067 0.25810202956199646 2703
1783058320069 0.2686994969844818 2704
1783058320072 0.2652287781238556 2705
1783058320075 0.26714378595352173 2706
1783058320077 0.28966444730758667 2707
1783058320079 0.26277512311935425 2708
1783058320082 0.27626505494117737 2709
1783058320084 0.27817484736442566 2710
1783058320087 0.2566656470298767 2711
1783058320090 0.269010454416275 2712
1783058320092 0.2673119008541107 2713
1783058320095 0.26487240195274353 2714
1783058320097 0.2484629899263382 2715
1783058320100 0.2568088173866272 2716
1783058320102 0.25318875908851624 2717
1783058320105 0.2552872598171234 2718
1783058320107 0.23739638924598694 2719
1783058320110 0.24819457530975342 2720
1783058320112 0.2686663269996643 2721
1783058320115 0.26819199323654175 2722
1783058320117 0.264803409576416 2723
1783058320120 0.2549096345901489 2724
1783058320122 0.26264721155166626 2725
1783058320125 0.262360543012619 2726
1783058320127 0.25832584500312805 2727
1783058320130 0.24679617583751678 2728
1783058320132 0.27538278698921204 2729
1783058320135 0.27073144912719727 2730
1783058320137 0.26467880606651306 2731
1783058320140 0.26342108845710754 2732
1783058320143 0.2551974952220917 2733
1783058320145 0.27583009004592896 2734
1783058320148 0.2754150629043579 2735
1783058320150 0.26188644766807556 2736
1783058320152 0.2683267891407013 2737
1783058320155 0.2599281072616577 2738
1783058320157 0.25276628136634827 2739
1783058320159 0.25284343957901 2740
1783058320162 0.2595626413822174 2741
1783058320164 0.26499873399734497 2742
1783058320166 0.26556703448295593 2743
1783058320169 0.2785041332244873 2744
1783058320171 0.26144400238990784 2745
1783058320174 0.26584985852241516 2746
1783058320176 0.25231027603149414 2747
1783058320178 0.2676790654659271 2748
1783058320181 0.27336180210113525 2749
1783058320183 0.26428982615470886 2750
1783058320185 0.2590359151363373 2751
1783058320187 0.2401033341884613 2752
1783058320189 0.25952544808387756 2753
1783058320190 0.26287877559661865 2754
1783058320192 0.2702392637729645 2755
1783058320194 0.25781914591789246 2756
1783058320196 0.2646583020687103 2757
1783058320198 0.27638617157936096 2758
1783058320200 0.25248095393180847 2759
1783058320202 0.2775737941265106 2760
1783058320203 0.2740267515182495 2761
1783058320205 0.2601644694805145 2762
1783058320207 0.27712658047676086 2763
1783058320210 0.26532500982284546 2764
1783058320212 0.268444299697876 2765
1783058320214 0.25765261054039 2766
1783058320216 0.25732943415641785 2767
1783058320219 0.2788611948490143 2768
1783058320221 0.2584373652935028 2769
1783058320224 0.2605896294116974 2770
1783058320226 0.26859235763549805 2771
1783058320228 0.2638677656650543 2772
1783058320231 0.2591415345668793 2773
1783058320233 0.26517316699028015 2774
1783058320236 0.2606316804885864 2775
1783058320238 0.2824294865131378 2776
1783058320240 0.2570570409297943 2777
1783058320243 0.2633458077907562 2778
1783058320245 0.2589135766029358 2779
1783058320248 0.2537117898464203 2780
1783058320250 0.2700844705104828 2781
1783058320252 0.24841786921024323 2782
1783058320255 0.25202640891075134 2783
1783058320257 0.24587495625019073 2784
1783058320259 0.2579079866409302 2785
1783058320261 0.2686692178249359 2786
1783058320263 0.25396567583084106 2787
1783058320265 0.2508663237094879 2788
1783058320267 0.26876428723335266 2789
1783058320269 0.2535566985607147 2790
1783058320271 0.2626175880432129 2791
1783058320274 0.2662469148635864 2792
1783058320276 0.24992778897285461 2793
1783058320278 0.25677812099456787 2794
1783058320281 0.2626184821128845 2795
1783058320283 0.25570377707481384 2796
1783058320285 0.2662757635116577 2797
1783058320288 0.25762683153152466 2798
1783058320290 0.24594421684741974 2799
1783058320293 0.27225053310394287 2800
1783058320295 0.2649279236793518 2801
1783058320297 0.27093806862831116 2802
1783058320300 0.25626298785209656 2803
1783058320302 0.259528249502182 2804
1783058320304 0.2526109516620636 2805
1783058320307 0.273205041885376 2806
1783058320309 0.28288984298706055 2807
1783058320312 0.2501731514930725 2808
1783058320314 0.25328701734542847 2809
1783058320316 0.2822346091270447 2810
