1782836199269 2.3841159343719482 0
1782836199271 2.428825855255127 1
1782836199273 2.5344831943511963 2
1782836199274 2.3096039295196533 3
1782836199276 1.796394944190979 4
1782836199277 1.8214024305343628 5
1782836199279 1.651475191116333 6
1782836199280 1.875279426574707 7
1782836199281 1.7801655530929565 8
1782836199283 1.5249210596084595 9
1782836199284 1.2064330577850342 10
1782836199287 1.538116693496704 11
1782836199288 1.361583948135376 12
1782836199290 1.0967704057693481 13
1782836199292 1.212032437324524 14
1782836199294 1.3023145198822021 15
1782836199296 1.4354994297027588 16
1782836199298 1.2627965211868286 17
1782836199300 1.0212974548339844 18
1782836199302 1.062371850013733 19
1782836199304 0.8489049077033997 20
1782836199306 0.8213425278663635 21
1782836199307 1.0130661725997925 22
1782836199310 1.1640100479125977 23
1782836199311 1.2651031017303467 24
1782836199313 0.9010113477706909 25
1782836199315 0.9208635091781616 26
1782836199316 0.734012246131897 27
1782836199318 0.6333940625190735 28
1782836199320 0.8349748253822327 29
1782836199321 0.7455836534500122 30
1782836199323 0.8928231596946716 31
1782836199324 0.9683217406272888 32
1782836199326 0.6742766499519348 33
1782836199327 0.8094179034233093 34
1782836199328 0.8181591629981995 35
1782836199329 0.60269695520401 36
1782836199331 0.46260473132133484 37
1782836199332 0.6473339796066284 38
1782836199334 1.0076760053634644 39
1782836199335 0.6956855654716492 40
1782836199336 0.38579443097114563 41
1782836199338 0.4461677074432373 42
1782836199339 1.07571542263031 43
1782836199340 0.7270050644874573 44
1782836199342 0.867634654045105 45
1782836199343 0.36118051409721375 46
1782836199345 0.5276364088058472 47
1782836199346 0.6977565288543701 48
1782836199347 0.5369240045547485 49
1782836199349 0.6531035304069519 50
1782836199350 0.5295833349227905 51
1782836199351 0.4788355827331543 52
1782836199353 0.34206423163414 53
1782836199355 0.3794158697128296 54
1782836199357 0.3491882383823395 55
1782836199358 0.6854734420776367 56
1782836199361 0.5420427322387695 57
1782836199363 1.1013282537460327 58
1782836199365 0.7344096899032593 59
1782836199367 0.5301070809364319 60
1782836199369 0.9437593221664429 61
1782836199371 0.3340170979499817 62
1782836199373 0.5252862572669983 63
1782836199375 0.3924318850040436 64
1782836199377 0.531819760799408 65
1782836199378 0.33847951889038086 66
1782836199380 0.5868198275566101 67
1782836199381 0.33349043130874634 68
1782836199382 0.3186180889606476 69
1782836199384 0.5734190344810486 70
1782836199386 0.42468953132629395 71
1782836199388 0.5545632839202881 72
1782836199390 0.611504852771759 73
1782836199391 0.3580543100833893 74
1782836199392 0.8203937411308289 75
1782836199394 0.4955796003341675 76
1782836199395 0.23963694274425507 77
1782836199397 0.5367144346237183 78
1782836199398 0.6124811172485352 79
1782836199399 0.5419749021530151 80
1782836199401 0.4527335464954376 81
1782836199403 0.3965378999710083 82
1782836199404 0.7293358445167542 83
1782836199405 0.7024843096733093 84
1782836199407 0.60394287109375 85
1782836199408 0.5896655917167664 86
1782836199409 0.34548884630203247 87
1782836199410 0.8470874428749084 88
1782836199412 0.4175502061843872 89
1782836199413 0.5155047178268433 90
1782836199414 0.6022480726242065 91
1782836199416 0.7156561613082886 92
1782836199417 0.6997499465942383 93
1782836199418 0.8223475217819214 94
1782836199419 0.5362857580184937 95
1782836199421 0.6038667559623718 96
1782836199422 0.4745696187019348 97
1782836199424 0.3083343505859375 98
1782836199425 0.38903215527534485 99
1782836199426 0.7954668402671814 100
1782836199427 0.6739320755004883 101
1782836199429 0.9063143730163574 102
1782836199430 0.44437533617019653 103
1782836199431 0.34442251920700073 104
1782836199433 0.36975806951522827 105
1782836199434 0.6785717606544495 106
1782836199435 0.9423732757568359 107
1782836199437 0.6678009033203125 108
1782836199438 0.5211511850357056 109
1782836199439 0.557762861251831 110
1782836199441 0.6673386693000793 111
1782836199442 0.3917087912559509 112
1782836199444 0.8973228931427002 113
1782836199445 0.3519573509693146 114
1782836199446 0.6795004606246948 115
1782836199448 0.6495946645736694 116
1782836199451 0.27914151549339294 117
1782836199453 0.5646668672561646 118
1782836199455 0.2928469479084015 119
1782836199457 0.4318564832210541 120
1782836199460 0.43901926279067993 121
1782836199462 0.32526296377182007 122
1782836199464 0.5561673045158386 123
1782836199466 0.5808783173561096 124
1782836199468 0.15123586356639862 125
1782836199470 0.3333304524421692 126
1782836199472 0.4040546119213104 127
1782836199473 0.29387667775154114 128
1782836199475 0.6272674798965454 129
1782836199476 0.4069294333457947 130
1782836199477 0.30521267652511597 131
1782836199479 0.3596709072589874 132
1782836199480 0.5430669784545898 133
1782836199481 0.2774525284767151 134
1782836199483 0.5697516202926636 135
1782836199484 0.3623782992362976 136
1782836199486 0.37667331099510193 137
1782836199488 0.5537171363830566 138
1782836199489 0.2686997950077057 139
1782836199491 0.31427913904190063 140
1782836199492 0.2854987680912018 141
1782836199493 0.7165334224700928 142
1782836199495 0.3813806474208832 143
1782836199496 0.16747836768627167 144
1782836199497 0.5174090266227722 145
1782836199499 0.48657912015914917 146
1782836199500 0.3698231279850006 147
1782836199502 0.3495277166366577 148
1782836199503 0.18813151121139526 149
1782836199505 0.3850821256637573 150
1782836199506 0.4380962550640106 151
1782836199507 0.18531104922294617 152
1782836199509 0.2544296681880951 153
1782836199510 0.49437516927719116 154
1782836199511 0.36822378635406494 155
1782836199513 0.24267235398292542 156
1782836199514 0.4462410509586334 157
1782836199515 0.5921428799629211 158
1782836199518 0.2602681517601013 159
1782836199522 0.13784784078598022 160
1782836199524 0.16031572222709656 161
1782836199526 0.25976359844207764 162
1782836199528 0.3752223253250122 163
1782836199530 0.3130902051925659 164
1782836199532 0.44530174136161804 165
1782836199534 0.43108320236206055 166
1782836199535 0.5839394330978394 167
1782836199538 0.372030645608902 168
1782836199539 0.18530529737472534 169
1782836199541 0.22251097857952118 170
1782836199542 0.3925909698009491 171
1782836199544 0.263755738735199 172
1782836199545 0.40032538771629333 173
1782836199547 0.5334163904190063 174
1782836199548 0.2643369436264038 175
1782836199550 0.5566054582595825 176
1782836199552 0.46025678515434265 177
1782836199553 0.2663627862930298 178
1782836199555 0.31031420826911926 179
1782836199556 0.5777653455734253 180
1782836199558 0.6683664917945862 181
1782836199559 0.3981459438800812 182
1782836199561 0.37022215127944946 183
1782836199562 0.47594693303108215 184
1782836199564 0.5414175391197205 185
1782836199565 0.6420756578445435 186
1782836199566 0.23759812116622925 187
1782836199568 0.534116804599762 188
1782836199569 0.17090082168579102 189
1782836199571 0.12726740539073944 190
1782836199573 0.20457211136817932 191
1782836199574 0.41420331597328186 192
1782836199576 0.3075293004512787 193
1782836199577 0.6373058557510376 194
1782836199579 0.32624050974845886 195
1782836199580 0.42420005798339844 196
1782836199581 0.4213080108165741 197
1782836199583 0.5655972361564636 198
1782836199584 0.15878304839134216 199
1782836199585 0.25799527764320374 200
1782836199587 0.25416404008865356 201
1782836199588 0.44716864824295044 202
1782836199590 0.09744811803102493 203
1782836199591 0.14795251190662384 204
1782836199592 0.30215466022491455 205
1782836199594 0.20464324951171875 206
1782836199595 0.48774051666259766 207
1782836199597 0.3650650382041931 208
1782836199598 0.3824189007282257 209
1782836199599 0.3643394112586975 210
1782836199601 0.2097250521183014 211
1782836199602 0.27276724576950073 212
1782836199604 0.5657688975334167 213
1782836199605 0.22410638630390167 214
1782836199606 0.3518982231616974 215
1782836199608 0.5060036182403564 216
1782836199609 0.4206390380859375 217
1782836199611 0.2648929953575134 218
1782836199612 0.3890296220779419 219
1782836199613 0.2907411754131317 220
1782836199615 0.47996848821640015 221
1782836199616 0.19930286705493927 222
1782836199617 0.2767349183559418 223
1782836199619 0.5618874430656433 224
1782836199620 0.33860328793525696 225
1782836199622 0.49223244190216064 226
1782836199623 0.3479868173599243 227
1782836199625 0.2857510447502136 228
1782836199626 0.7380499243736267 229
1782836199627 0.30319538712501526 230
1782836199628 0.32749807834625244 231
1782836199630 0.21574993431568146 232
1782836199632 0.79170161485672 233
1782836199634 0.7471253275871277 234
1782836199636 0.3718257546424866 235
1782836199638 0.22326989471912384 236
1782836199640 0.43198728561401367 237
1782836199642 0.3496124744415283 238
1782836199644 0.2787483036518097 239
1782836199646 0.35716894268989563 240
1782836199649 0.31472015380859375 241
1782836199651 0.35627827048301697 242
1782836199652 0.3736279010772705 243
1782836199654 0.30903732776641846 244
1782836199655 0.25018876791000366 245
1782836199657 0.3774491846561432 246
1782836199659 0.31859076023101807 247
1782836199661 0.27466291189193726 248
1782836199663 0.07733489573001862 249
1782836199664 0.321492075920105 250
1782836199666 0.4197065532207489 251
1782836199667 0.41782528162002563 252
1782836199669 0.2949378788471222 253
1782836199670 0.2977270185947418 254
1782836199672 0.24940700829029083 255
1782836199673 0.2503155767917633 256
1782836199674 0.3871855139732361 257
1782836199676 0.5251240730285645 258
1782836199677 0.512566328048706 259
1782836199679 0.4141319990158081 260
1782836199680 0.3822486698627472 261
1782836199681 0.545455276966095 262
1782836199683 0.3133298456668854 263
1782836199684 0.3469453752040863 264
1782836199686 0.25275707244873047 265
1782836199687 0.3211514949798584 266
1782836199688 0.26418423652648926 267
1782836199690 0.34989145398139954 268
1782836199691 0.5139608383178711 269
1782836199693 0.2405635118484497 270
1782836199694 0.31558793783187866 271
1782836199695 0.7975519895553589 272
1782836199697 0.4199584722518921 273
1782836199698 0.30402979254722595 274
1782836199700 0.6242844462394714 275
1782836199701 0.29334795475006104 276
1782836199702 0.4483609199523926 277
1782836199704 0.41805005073547363 278
1782836199705 0.3536498546600342 279
1782836199707 0.4044247269630432 280
1782836199708 0.6129919290542603 281
1782836199709 0.4427979290485382 282
1782836199711 0.32469725608825684 283
1782836199712 0.3648124635219574 284
1782836199713 0.6212381720542908 285
1782836199714 0.6689881682395935 286
1782836199716 0.37692371010780334 287
1782836199717 0.12302109599113464 288
1782836199719 0.2222834974527359 289
1782836199720 0.5061264038085938 290
1782836199721 0.5607482194900513 291
1782836199723 0.7141852378845215 292
1782836199724 0.6739194989204407 293
1782836199725 0.5849298238754272 294
1782836199727 0.4228532612323761 295
1782836199728 0.50404292345047 296
1782836199729 0.15686185657978058 297
1782836199731 0.4090138375759125 298
1782836199732 0.5490695238113403 299
1782836199733 0.4640617072582245 300
1782836199735 0.13539068400859833 301
1782836199736 0.3218877911567688 302
1782836199737 0.30833321809768677 303
1782836199740 0.1259264051914215 304
1782836199741 0.38885417580604553 305
1782836199743 0.3631727397441864 306
1782836199744 0.2909510135650635 307
1782836199746 0.4770734906196594 308
1782836199747 0.32429084181785583 309
1782836199749 0.3160463273525238 310
1782836199750 0.5919525623321533 311
1782836199752 0.3998132646083832 312
1782836199753 0.5395811796188354 313
1782836199755 0.2029712200164795 314
1782836199756 0.7936374545097351 315
1782836199758 0.14402346312999725 316
1782836199759 0.12621356546878815 317
1782836199761 0.5381290316581726 318
1782836199762 0.2537946105003357 319
1782836199763 0.3095345199108124 320
1782836199765 0.4437374174594879 321
1782836199767 0.3348327577114105 322
1782836199769 0.42634016275405884 323
1782836199770 0.46665090322494507 324
1782836199772 0.29373931884765625 325
1782836199773 0.3284406065940857 326
1782836199775 0.40037357807159424 327
1782836199776 0.5055341720581055 328
1782836199778 0.38249894976615906 329
1782836199779 0.21008339524269104 330
1782836199781 0.23921124637126923 331
1782836199782 0.20977546274662018 332
1782836199784 0.7165784239768982 333
1782836199785 0.23802153766155243 334
1782836199786 0.17671285569667816 335
1782836199788 0.33144691586494446 336
1782836199789 0.4807594120502472 337
1782836199791 0.2991032302379608 338
1782836199792 0.4004436135292053 339
1782836199794 0.09243647009134293 340
1782836199795 0.3913363218307495 341
1782836199797 0.34236493706703186 342
1782836199798 0.23407766222953796 343
1782836199800 0.39732563495635986 344
1782836199801 0.1292136013507843 345
1782836199803 0.23012588918209076 346
1782836199804 0.45337042212486267 347
1782836199805 0.4352773427963257 348
1782836199807 0.26583656668663025 349
1782836199808 0.6871885657310486 350
1782836199810 0.4566477835178375 351
1782836199811 0.5246070027351379 352
1782836199813 0.44204962253570557 353
1782836199814 0.3147471845149994 354
1782836199816 0.3750767707824707 355
1782836199817 0.29828163981437683 356
1782836199818 0.26543647050857544 357
1782836199820 0.5546088218688965 358
1782836199822 0.21997684240341187 359
1782836199823 0.365440309047699 360
1782836199824 0.0704832375049591 361
1782836199826 0.49362075328826904 362
1782836199827 0.519957959651947 363
1782836199829 0.3178052306175232 364
1782836199830 0.3613000810146332 365
1782836199832 0.19988322257995605 366
1782836199834 0.2045467346906662 367
1782836199836 0.33669328689575195 368
1782836199838 0.5248585343360901 369
1782836199839 0.17450058460235596 370
1782836199841 0.4550178349018097 371
1782836199843 0.5358705520629883 372
1782836199845 0.13191065192222595 373
1782836199846 0.26409220695495605 374
1782836199848 0.16108091175556183 375
1782836199850 0.2662297189235687 376
1782836199851 0.32908475399017334 377
1782836199853 0.30475905537605286 378
1782836199854 0.5826469659805298 379
1782836199855 0.2003774791955948 380
1782836199857 0.3221762180328369 381
1782836199858 0.33820009231567383 382
1782836199859 0.6673656702041626 383
1782836199861 0.418885201215744 384
1782836199862 0.21846306324005127 385
1782836199864 0.32018253207206726 386
1782836199865 0.27136385440826416 387
1782836199866 0.28440338373184204 388
1782836199868 0.16267630457878113 389
1782836199870 0.46177148818969727 390
1782836199872 0.4891025125980377 391
1782836199874 0.364526629447937 392
1782836199875 0.18160532414913177 393
1782836199877 0.7485578060150146 394
1782836199879 0.14301790297031403 395
1782836199881 0.40459883213043213 396
1782836199883 0.30752846598625183 397
1782836199885 0.3603733777999878 398
1782836199887 0.3937661349773407 399
1782836199888 0.2455013394355774 400
1782836199890 0.4795711636543274 401
1782836199891 0.15092669427394867 402
1782836199892 0.46830353140830994 403
1782836199894 0.37020930647850037 404
1782836199896 0.37118279933929443 405
1782836199898 0.4879501760005951 406
1782836199900 0.16942915320396423 407
1782836199902 0.10757887363433838 408
1782836199904 0.31931155920028687 409
1782836199906 0.5568051338195801 410
1782836199909 0.2781607508659363 411
1782836199911 0.17957086861133575 412
1782836199913 0.31212595105171204 413
1782836199915 0.2986146807670593 414
1782836199917 0.6686910390853882 415
1782836199919 0.310408353805542 416
1782836199921 0.19015683233737946 417
1782836199923 0.4224932789802551 418
1782836199924 0.08587220311164856 419
1782836199926 0.3305959403514862 420
1782836199928 0.08950196951627731 421
1782836199930 0.6482095122337341 422
1782836199931 0.2657274305820465 423
1782836199933 0.06550390273332596 424
1782836199935 0.5635674595832825 425
1782836199936 0.1816851943731308 426
1782836199938 0.088779978454113 427
1782836199940 0.531424880027771 428
1782836199941 0.22296209633350372 429
1782836199943 0.3268575966358185 430
1782836199945 0.24381600320339203 431
1782836199946 0.33292505145072937 432
1782836199948 0.309921532869339 433
1782836199950 0.42229267954826355 434
1782836199951 0.2575347423553467 435
1782836199953 0.04432180896401405 436
1782836199955 0.406073659658432 437
1782836199956 0.1450793296098709 438
1782836199958 0.4622076749801636 439
1782836199960 0.22547844052314758 440
1782836199961 0.5550588369369507 441
1782836199963 0.19597560167312622 442
1782836199965 0.18758518993854523 443
1782836199967 0.16973517835140228 444
1782836199968 0.2796597480773926 445
1782836199970 0.24463582038879395 446
1782836199972 0.44149577617645264 447
1782836199973 0.2348034828901291 448
1782836199975 0.10880431532859802 449
1782836199977 0.25624555349349976 450
1782836199979 0.22308680415153503 451
1782836199981 0.25278928875923157 452
1782836199983 0.09325309842824936 453
1782836199985 0.2722976803779602 454
1782836199987 0.07840722799301147 455
1782836199989 0.2879927456378937 456
1782836199991 0.16801521182060242 457
1782836199993 0.12525883316993713 458
1782836199995 0.5328434109687805 459
1782836199997 0.2983311414718628 460
1782836199999 0.5424116849899292 461
1782836200000 0.1458299309015274 462
1782836200002 0.19412456452846527 463
1782836200004 0.1992216259241104 464
1782836200005 0.2579226791858673 465
1782836200007 0.17292208969593048 466
1782836200009 0.2585420608520508 467
1782836200010 0.2654120624065399 468
1782836200012 0.22300682961940765 469
1782836200013 0.2446601539850235 470
1782836200014 0.4168044924736023 471
1782836200016 0.3066728413105011 472
1782836200017 0.43025991320610046 473
1782836200019 0.22887343168258667 474
1782836200020 0.13544856011867523 475
1782836200021 0.05005544424057007 476
1782836200023 0.340446799993515 477
1782836200024 0.17097559571266174 478
1782836200025 0.3066839873790741 479
1782836200027 0.311846524477005 480
1782836200028 0.30996185541152954 481
1782836200029 0.2277624011039734 482
1782836200031 0.11409775912761688 483
1782836200032 0.7666687369346619 484
1782836200033 0.35376685857772827 485
1782836200035 0.3206530809402466 486
1782836200036 0.13305585086345673 487
1782836200037 0.5594379901885986 488
1782836200038 0.2708936333656311 489
1782836200040 0.5346420407295227 490
1782836200042 0.6245458126068115 491
1782836200044 0.20724204182624817 492
1782836200046 0.201040580868721 493
1782836200052 0.4399704933166504 494
1782836200054 0.261313259601593 495
1782836200057 0.12082798779010773 496
1782836200059 0.20548275113105774 497
1782836200061 0.37741968035697937 498
1782836200063 0.2927558422088623 499
1782836200065 0.2964459955692291 500
1782836200066 0.198795348405838 501
1782836200068 0.18244776129722595 502
1782836200070 0.3515380024909973 503
1782836200072 0.20271697640419006 504
1782836200073 0.4191815257072449 505
1782836200075 0.3523932993412018 506
1782836200077 0.2384062260389328 507
1782836200078 0.5746543407440186 508
1782836200080 0.4659630060195923 509
1782836200081 0.41930246353149414 510
1782836200082 0.4718889892101288 511
1782836200084 0.5100347995758057 512
1782836200085 0.15768612921237946 513
1782836200087 0.3203945755958557 514
1782836200088 0.09374409914016724 515
1782836200089 0.1985340565443039 516
1782836200091 0.2768338918685913 517
1782836200092 0.24819187819957733 518
1782836200093 0.1319643259048462 519
1782836200095 0.11162392795085907 520
1782836200096 0.3302316665649414 521
1782836200098 0.5739237666130066 522
1782836200099 0.27433067560195923 523
1782836200100 0.21343298256397247 524
1782836200101 0.141466423869133 525
1782836200103 0.29969313740730286 526
1782836200104 0.1939360499382019 527
1782836200105 0.3152090311050415 528
1782836200107 0.43338489532470703 529
1782836200108 0.19058293104171753 530
1782836200110 0.3987303078174591 531
1782836200111 0.2447633296251297 532
1782836200112 0.22358322143554688 533
1782836200114 0.318783164024353 534
1782836200115 0.3001076281070709 535
1782836200116 0.22193367779254913 536
1782836200118 0.1286402940750122 537
1782836200119 0.28090333938598633 538
1782836200121 0.43199899792671204 539
1782836200122 0.22690057754516602 540
1782836200124 0.5842099785804749 541
1782836200125 0.28350815176963806 542
1782836200126 0.19928424060344696 543
1782836200127 0.22024613618850708 544
1782836200129 0.12847013771533966 545
1782836200130 0.17043225467205048 546
1782836200131 0.15819448232650757 547
1782836200133 0.33094489574432373 548
1782836200134 0.2952650785446167 549
1782836200136 0.1984073519706726 550
1782836200137 0.44015610218048096 551
1782836200138 0.2322203814983368 552
1782836200140 0.6237782835960388 553
1782836200141 0.3121497929096222 554
1782836200144 0.10863947123289108 555
1782836200146 0.2493794560432434 556
1782836200148 0.4404151737689972 557
1782836200150 0.5542284250259399 558
1782836200152 0.14917290210723877 559
1782836200154 0.7384046912193298 560
1782836200156 0.47621914744377136 561
1782836200158 0.22466212511062622 562
1782836200160 0.3480827212333679 563
1782836200163 0.4685046672821045 564
1782836200165 0.22016319632530212 565
1782836200167 0.3381892144680023 566
1782836200169 0.2548411190509796 567
1782836200171 0.1835937201976776 568
1782836200172 0.49320971965789795 569
1782836200174 0.31293389201164246 570
1782836200176 0.3244841396808624 571
1782836200178 0.4796648621559143 572
1782836200180 0.5054787397384644 573
1782836200182 0.23504824936389923 574
1782836200184 0.10502295941114426 575
1782836200185 0.25628408789634705 576
1782836200187 0.5142766833305359 577
1782836200189 0.22361242771148682 578
1782836200191 0.2104857861995697 579
1782836200193 0.14189070463180542 580
1782836200195 0.14852112531661987 581
1782836200197 0.33457624912261963 582
1782836200199 0.3188495934009552 583
1782836200201 0.0626588761806488 584
1782836200202 0.12858054041862488 585
1782836200204 0.4782349169254303 586
1782836200206 0.3856455385684967 587
1782836200208 0.21248763799667358 588
1782836200210 0.20393013954162598 589
1782836200213 0.12919671833515167 590
1782836200215 0.41113153100013733 591
1782836200216 0.1801564246416092 592
1782836200218 0.2909465730190277 593
1782836200219 0.23093974590301514 594
1782836200221 0.23089590668678284 595
1782836200222 0.15657684206962585 596
1782836200223 0.1952432245016098 597
1782836200225 0.30937784910202026 598
1782836200226 0.10243791341781616 599
1782836200228 0.199045330286026 600
1782836200229 0.24130506813526154 601
1782836200230 0.22919484972953796 602
1782836200232 0.11379237473011017 603
1782836200233 0.24035809934139252 604
1782836200234 0.6000152230262756 605
1782836200236 0.2779255509376526 606
1782836200237 0.07515303790569305 607
1782836200238 0.8646141290664673 608
1782836200240 0.30715858936309814 609
1782836200241 0.19183750450611115 610
1782836200243 0.41963449120521545 611
1782836200244 0.4309841990470886 612
1782836200245 0.12039569020271301 613
1782836200247 0.34538358449935913 614
1782836200248 0.2994674742221832 615
1782836200249 0.22616562247276306 616
1782836200251 0.24262863397598267 617
1782836200252 0.20028772950172424 618
1782836200254 0.22357890009880066 619
1782836200255 0.08674666285514832 620
1782836200256 0.40164515376091003 621
1782836200258 0.328698992729187 622
1782836200259 0.32948464155197144 623
1782836200260 0.1944057047367096 624
1782836200261 0.2321518361568451 625
1782836200263 0.5534616112709045 626
1782836200264 0.5939754843711853 627
1782836200266 0.12658531963825226 628
1782836200267 0.3078109323978424 629
1782836200269 0.2775571346282959 630
1782836200270 0.3611861765384674 631
1782836200272 0.3060862720012665 632
1782836200273 0.22833769023418427 633
1782836200274 0.5268263816833496 634
1782836200276 0.2275438904762268 635
1782836200277 0.18388275802135468 636
1782836200279 0.6391584277153015 637
1782836200281 0.3496425449848175 638
1782836200283 0.28750836849212646 639
1782836200285 0.6316075921058655 640
1782836200287 0.8787212371826172 641
1782836200289 0.28303757309913635 642
1782836200291 0.3824898600578308 643
1782836200293 0.0629192665219307 644
1782836200295 0.389322966337204 645
1782836200296 0.44024279713630676 646
1782836200298 0.39415737986564636 647
1782836200300 0.2511470913887024 648
1782836200302 0.2364482283592224 649
1782836200303 0.340181440114975 650
1782836200305 0.18289703130722046 651
1782836200307 0.15285782516002655 652
1782836200308 0.3235439360141754 653
1782836200310 0.37893545627593994 654
1782836200311 0.26100802421569824 655
1782836200313 0.37834078073501587 656
1782836200315 0.20254996418952942 657
1782836200317 0.2508966028690338 658
1782836200318 0.24239511787891388 659
1782836200320 0.2662737965583801 660
1782836200322 0.20417484641075134 661
1782836200323 0.4096536338329315 662
1782836200324 0.25106850266456604 663
1782836200326 0.2677914500236511 664
1782836200327 0.39463385939598083 665
1782836200328 0.1452113687992096 666
1782836200329 0.33807697892189026 667
1782836200331 0.40195414423942566 668
1782836200332 0.11865504086017609 669
1782836200334 0.08166183531284332 670
1782836200335 0.20859217643737793 671
1782836200336 0.6229184865951538 672
1782836200338 0.1295982301235199 673
1782836200339 0.3308485448360443 674
1782836200340 0.23394572734832764 675
1782836200342 0.2699950337409973 676
1782836200343 0.09440599381923676 677
1782836200344 0.18874412775039673 678
1782836200346 0.46344563364982605 679
1782836200347 0.21494343876838684 680
1782836200348 0.24119186401367188 681
1782836200350 0.344242662191391 682
1782836200351 0.20931443572044373 683
1782836200352 0.18770341575145721 684
1782836200354 0.27984336018562317 685
1782836200355 0.2750888168811798 686
1782836200356 0.30333930253982544 687
1782836200358 0.29695290327072144 688
1782836200359 0.33901742100715637 689
1782836200360 0.29763785004615784 690
1782836200362 0.2749742567539215 691
1782836200363 0.13526400923728943 692
1782836200365 0.3059903383255005 693
1782836200366 0.22644773125648499 694
1782836200367 0.2995837926864624 695
1782836200369 0.21096885204315186 696
1782836200370 0.5000807642936707 697
1782836200371 0.3727661669254303 698
1782836200373 0.3159935176372528 699
1782836200374 0.24804161489009857 700
1782836200375 0.2510218620300293 701
1782836200377 0.09018188714981079 702
1782836200378 0.13677306473255157 703
1782836200379 0.24176336824893951 704
1782836200381 0.09958816319704056 705
1782836200383 0.18553727865219116 706
1782836200385 0.14219987392425537 707
1782836200386 0.6595807671546936 708
1782836200388 0.395951509475708 709
1782836200389 0.13453499972820282 710
1782836200391 0.30158731341362 711
1782836200394 0.4108189344406128 712
1782836200396 0.6648572087287903 713
1782836200399 0.3965100347995758 714
1782836200401 0.14335784316062927 715
1782836200403 0.15324077010154724 716
1782836200405 0.15537241101264954 717
1782836200407 0.20910899341106415 718
1782836200408 0.1705550104379654 719
1782836200410 0.1665840744972229 720
1782836200411 0.24808281660079956 721
1782836200413 0.4211398959159851 722
1782836200415 0.18297646939754486 723
1782836200417 0.20318709313869476 724
1782836200418 0.15791772305965424 725
1782836200419 0.4742432236671448 726
1782836200421 0.1761590540409088 727
1782836200422 0.08537773787975311 728
1782836200424 0.28914979100227356 729
1782836200425 0.2886391878128052 730
1782836200426 0.44253596663475037 731
1782836200427 0.44989070296287537 732
1782836200429 0.25245603919029236 733
1782836200430 0.2440238893032074 734
1782836200431 0.1551554650068283 735
1782836200433 0.10929354280233383 736
1782836200434 0.4699389934539795 737
1782836200435 0.1538112908601761 738
1782836200437 0.48946917057037354 739
1782836200439 0.20945312082767487 740
1782836200441 0.1388394832611084 741
1782836200443 0.26137441396713257 742
1782836200445 0.452281653881073 743
1782836200447 0.20806829631328583 744
1782836200449 0.29406237602233887 745
1782836200451 0.39237654209136963 746
1782836200453 0.4102071523666382 747
1782836200455 0.2042788863182068 748
1782836200457 0.17673984169960022 749
1782836200459 0.5344672203063965 750
1782836200461 0.08138052374124527 751
1782836200463 0.10121387243270874 752
1782836200465 0.17458157241344452 753
1782836200467 0.5521696209907532 754
1782836200469 0.4957127571105957 755
1782836200471 0.37893515825271606 756
1782836200473 0.19726283848285675 757
1782836200475 0.4770706593990326 758
1782836200477 0.2406928688287735 759
1782836200479 0.19330188632011414 760
1782836200481 0.0991748720407486 761
1782836200483 0.12081287801265717 762
1782836200485 0.4303862452507019 763
1782836200487 0.13155844807624817 764
1782836200489 0.2743164896965027 765
1782836200491 0.29092875123023987 766
1782836200493 0.5760097503662109 767
1782836200495 0.336234450340271 768
1782836200497 0.3447352945804596 769
1782836200499 0.16035999357700348 770
1782836200500 0.11078957468271255 771
1782836200501 0.6956249475479126 772
1782836200503 0.2925000488758087 773
1782836200504 0.3490675389766693 774
1782836200506 0.10810144245624542 775
1782836200507 0.2611677050590515 776
1782836200508 0.2942529320716858 777
1782836200510 0.032836269587278366 778
1782836200511 0.30542197823524475 779
1782836200512 0.2284955233335495 780
1782836200514 0.21075277030467987 781
1782836200515 0.5356073975563049 782
1782836200516 0.1102043017745018 783
1782836200518 0.16618701815605164 784
1782836200519 0.3087884485721588 785
1782836200521 0.4706254005432129 786
1782836200523 0.026943091303110123 787
1782836200524 0.0749627947807312 788
1782836200526 0.35079890489578247 789
1782836200527 0.23231779038906097 790
1782836200528 0.4634466767311096 791
1782836200530 0.21699044108390808 792
1782836200531 0.1502961367368698 793
1782836200533 0.18960563838481903 794
1782836200534 0.07704471796751022 795
1782836200537 0.061751339584589005 796
1782836200539 0.33953723311424255 797
1782836200541 0.29684942960739136 798
1782836200543 0.2213202267885208 799
1782836200545 0.21224316954612732 800
1782836200547 0.1097603365778923 801
1782836200549 0.41224777698516846 802
1782836200552 0.33815276622772217 803
1782836200554 0.34179043769836426 804
1782836200556 0.4004739224910736 805
1782836200558 0.23734426498413086 806
1782836200560 0.3396787643432617 807
1782836200561 0.2153356522321701 808
1782836200563 0.08938588201999664 809
1782836200564 0.15291287004947662 810
1782836200566 0.43965137004852295 811
1782836200568 0.17814579606056213 812
1782836200570 0.4191387891769409 813
1782836200572 0.3652469217777252 814
1782836200574 0.2683664560317993 815
1782836200576 0.3712315559387207 816
1782836200577 0.2664513885974884 817
1782836200579 0.3158036768436432 818
1782836200580 0.801766574382782 819
1782836200582 0.11680503189563751 820
1782836200583 0.18921931087970734 821
1782836200584 0.3817489743232727 822
1782836200586 0.1647152453660965 823
1782836200587 0.3538183271884918 824
1782836200589 0.31080466508865356 825
1782836200590 0.27676013112068176 826
1782836200591 0.22994312644004822 827
1782836200593 0.17703711986541748 828
1782836200594 0.11228875815868378 829
1782836200595 0.10269314050674438 830
1782836200597 0.1443977952003479 831
1782836200598 0.2116379588842392 832
1782836200600 0.16570046544075012 833
1782836200601 0.10831502079963684 834
1782836200602 0.07626694440841675 835
1782836200604 0.3215750753879547 836
1782836200606 0.20890508592128754 837
1782836200608 0.04820098355412483 838
1782836200609 0.10143323242664337 839
1782836200611 0.028467833995819092 840
1782836200613 0.10924488306045532 841
1782836200614 0.14835719764232635 842
1782836200616 0.1295158416032791 843
1782836200617 0.2660457193851471 844
1782836200619 0.045681118965148926 845
1782836200620 0.2857667803764343 846
1782836200622 0.1697886884212494 847
1782836200623 0.5656526684761047 848
1782836200625 0.40609875321388245 849
1782836200627 0.20606814324855804 850
1782836200628 0.3884049654006958 851
1782836200629 0.2160060703754425 852
1782836200631 0.354086697101593 853
1782836200632 0.1516728401184082 854
1782836200633 0.4838869869709015 855
1782836200635 0.15123051404953003 856
1782836200636 0.21418632566928864 857
1782836200637 0.1545640379190445 858
1782836200639 0.06472231447696686 859
1782836200640 0.27160581946372986 860
1782836200641 0.12131105363368988 861
1782836200642 0.2805233597755432 862
1782836200644 0.2019372284412384 863
1782836200645 0.6530199646949768 864
1782836200646 0.348594605922699 865
1782836200647 0.21163396537303925 866
1782836200649 0.13659889996051788 867
1782836200653 0.18471640348434448 868
1782836200655 0.15501433610916138 869
1782836200656 0.15038655698299408 870
1782836200658 0.1303551346063614 871
1782836200660 0.280418336391449 872
1782836200661 0.15046533942222595 873
1782836200663 0.23414699733257294 874
1782836200665 0.4408821165561676 875
1782836200667 0.06268636137247086 876
1782836200669 0.2659144699573517 877
1782836200671 0.06635908782482147 878
1782836200672 0.10768532752990723 879
1782836200674 0.27277955412864685 880
1782836200675 0.22104820609092712 881
1782836200677 0.08136621117591858 882
1782836200679 0.6303319334983826 883
1782836200681 0.10068600624799728 884
1782836200682 0.29407039284706116 885
1782836200684 0.10307148844003677 886
1782836200686 0.5696460008621216 887
1782836200687 0.18587438762187958 888
1782836200689 0.17104457318782806 889
1782836200690 0.47143059968948364 890
1782836200692 0.29664480686187744 891
1782836200694 0.5069547295570374 892
1782836200695 0.3687117397785187 893
1782836200697 0.10763682425022125 894
1782836200698 0.4108925759792328 895
1782836200700 0.11389224976301193 896
1782836200701 0.25631487369537354 897
1782836200703 0.07976305484771729 898
1782836200704 0.18849800527095795 899
1782836200706 0.17007924616336823 900
1782836200707 0.19438882172107697 901
1782836200709 0.13208603858947754 902
1782836200711 0.11246093362569809 903
1782836200712 0.237723246216774 904
1782836200714 0.1693403422832489 905
1782836200715 0.13933345675468445 906
1782836200717 0.5474398732185364 907
1782836200718 0.1978309005498886 908
1782836200720 0.22124989330768585 909
1782836200721 0.2152031511068344 910
1782836200723 0.16194596886634827 911
1782836200724 0.10277348011732101 912
1782836200726 0.18723060190677643 913
1782836200727 0.11281820386648178 914
1782836200728 0.23773598670959473 915
1782836200730 0.30974245071411133 916
1782836200731 0.26117411255836487 917
1782836200732 0.06867361813783646 918
1782836200734 0.5365092754364014 919
1782836200735 0.3595653772354126 920
1782836200736 0.16626451909542084 921
1782836200738 0.26437169313430786 922
1782836200739 0.45223891735076904 923
1782836200740 0.44656839966773987 924
1782836200741 0.22335092723369598 925
1782836200743 0.2693881690502167 926
1782836200744 0.22281129658222198 927
1782836200745 0.11195918172597885 928
1782836200747 0.24336835741996765 929
1782836200748 0.06354701519012451 930
1782836200749 0.25078749656677246 931
1782836200751 0.1201518252491951 932
1782836200752 0.15808194875717163 933
1782836200753 0.21325843036174774 934
1782836200754 0.19023707509040833 935
1782836200756 0.41533586382865906 936
1782836200757 0.3648037314414978 937
1782836200758 0.26413705945014954 938
1782836200760 0.39788833260536194 939
1782836200762 0.1056024432182312 940
1782836200763 0.3329678475856781 941
1782836200765 0.18554021418094635 942
1782836200767 0.06428855657577515 943
1782836200770 0.36356353759765625 944
1782836200772 0.14584551751613617 945
1782836200774 0.20102587342262268 946
1782836200776 0.21349838376045227 947
1782836200778 0.32598263025283813 948
1782836200780 0.09758414328098297 949
1782836200782 0.3633880317211151 950
1782836200783 0.2034931778907776 951
1782836200785 0.32760605216026306 952
1782836200787 0.23900657892227173 953
1782836200789 0.25652146339416504 954
1782836200790 0.2299860417842865 955
1782836200792 0.590508759021759 956
1782836200793 0.26457449793815613 957
1782836200795 0.12571705877780914 958
1782836200797 0.21855482459068298 959
1782836200799 0.24819131195545197 960
1782836200801 0.29139718413352966 961
1782836200803 0.16520348191261292 962
1782836200804 0.06611979007720947 963
1782836200806 0.24010902643203735 964
1782836200807 0.30711910128593445 965
1782836200809 0.36953839659690857 966
1782836200810 0.18716692924499512 967
1782836200812 0.18600010871887207 968
1782836200813 0.07985065132379532 969
1782836200815 0.09875278919935226 970
1782836200816 0.22917954623699188 971
1782836200817 0.18315665423870087 972
1782836200819 0.1051228940486908 973
1782836200820 0.10129617154598236 974
1782836200822 0.02885950729250908 975
1782836200823 0.1659141182899475 976
1782836200825 0.2824326157569885 977
1782836200826 0.08017894625663757 978
1782836200828 0.2141580730676651 979
1782836200830 0.16889779269695282 980
1782836200831 0.2645382285118103 981
1782836200832 0.06578554213047028 982
1782836200834 0.1075931265950203 983
1782836200835 0.17973046004772186 984
1782836200836 0.055751413106918335 985
1782836200838 0.09976960718631744 986
1782836200839 0.33823785185813904 987
1782836200841 0.08594845980405807 988
1782836200843 0.03194771334528923 989
1782836200844 0.09148643910884857 990
1782836200845 0.2486352026462555 991
1782836200847 0.2439674735069275 992
1782836200848 0.026478687301278114 993
1782836200850 0.07968449592590332 994
1782836200851 0.11585618555545807 995
1782836200852 0.25168323516845703 996
1782836200854 0.06488513946533203 997
1782836200855 0.07129483669996262 998
1782836200856 0.06196845695376396 999
1782836200858 0.2189132571220398 1000
1782836200859 0.02512548677623272 1001
1782836200860 0.1601438671350479 1002
1782836200862 0.09133722633123398 1003
1782836200863 0.35832762718200684 1004
1782836200864 0.1323717087507248 1005
1782836200866 0.3776155114173889 1006
1782836200867 0.1349300593137741 1007
1782836200868 0.4511836767196655 1008
1782836200869 0.08218906819820404 1009
1782836200871 0.18123948574066162 1010
1782836200872 0.15408077836036682 1011
1782836200873 0.3961019814014435 1012
1782836200875 0.40581175684928894 1013
1782836200877 0.06632670015096664 1014
1782836200879 0.2078913152217865 1015
1782836200881 0.13466638326644897 1016
1782836200883 0.2074691653251648 1017
1782836200885 0.18405787646770477 1018
1782836200887 0.06718339771032333 1019
1782836200889 0.3780630826950073 1020
1782836200891 0.1055937185883522 1021
1782836200893 0.19611485302448273 1022
1782836200895 0.1584610641002655 1023
1782836200897 0.17607760429382324 1024
1782836200899 0.5847312808036804 1025
1782836200900 0.5403161644935608 1026
1782836200902 0.4368477463722229 1027
1782836200903 0.045954931527376175 1028
1782836200905 0.25549909472465515 1029
1782836200906 0.20349900424480438 1030
1782836200908 0.0753597766160965 1031
1782836200910 0.37000173330307007 1032
1782836200912 0.11855746060609818 1033
1782836200913 0.19657789170742035 1034
1782836200914 0.31816548109054565 1035
1782836200916 0.19522133469581604 1036
1782836200917 0.21471093595027924 1037
1782836200919 0.32511788606643677 1038
1782836200920 0.24297618865966797 1039
1782836200922 0.05491027608513832 1040
1782836200923 0.14737468957901 1041
1782836200925 0.5431289672851562 1042
1782836200926 0.2532609701156616 1043
1782836200927 0.07839121669530869 1044
1782836200929 0.23614221811294556 1045
1782836200930 0.1755552738904953 1046
1782836200931 0.06881630420684814 1047
1782836200933 0.29299721121788025 1048
1782836200934 0.3177533447742462 1049
1782836200935 0.17816749215126038 1050
1782836200937 0.11722875386476517 1051
1782836200938 0.09973880648612976 1052
1782836200939 0.05523384362459183 1053
1782836200941 0.2138507217168808 1054
1782836200942 0.24215607345104218 1055
1782836200943 0.4666735529899597 1056
1782836200945 0.18101496994495392 1057
1782836200946 0.23373198509216309 1058
1782836200947 0.11562158912420273 1059
1782836200948 0.13018524646759033 1060
1782836200950 0.18669064342975616 1061
1782836200951 0.05669116601347923 1062
1782836200953 0.11885146051645279 1063
1782836200954 0.22809575498104095 1064
1782836200955 0.25254786014556885 1065
1782836200956 0.24440494179725647 1066
1782836200958 0.254607617855072 1067
1782836200959 0.17206358909606934 1068
1782836200961 0.1182665005326271 1069
1782836200962 0.23586063086986542 1070
1782836200963 0.3097408711910248 1071
1782836200965 0.33202922344207764 1072
1782836200966 0.06259308755397797 1073
1782836200968 0.1319829672574997 1074
1782836200969 0.28062909841537476 1075
1782836200971 0.18811021745204926 1076
1782836200972 0.08816713839769363 1077
1782836200973 0.3468489348888397 1078
1782836200975 0.03546943888068199 1079
1782836200976 0.369292676448822 1080
1782836200977 0.3564772605895996 1081
1782836200979 0.04522427171468735 1082
1782836200980 0.053552236407995224 1083
1782836200981 0.5192457437515259 1084
1782836200983 0.2346205711364746 1085
1782836200984 0.2947857677936554 1086
1782836200985 0.3315712511539459 1087
1782836200987 0.072549007833004 1088
1782836200989 0.0590699277818203 1089
1782836200991 0.23183317482471466 1090
1782836200993 0.43696460127830505 1091
1782836200995 0.16616708040237427 1092
1782836200997 0.6431282758712769 1093
1782836200999 0.21433910727500916 1094
1782836201000 0.057903606444597244 1095
1782836201002 0.33642417192459106 1096
1782836201004 0.27750125527381897 1097
1782836201006 0.3873513638973236 1098
1782836201008 0.1894657164812088 1099
1782836201010 0.31060224771499634 1100
1782836201011 0.294201523065567 1101
1782836201013 0.500744640827179 1102
1782836201014 0.18994824588298798 1103
1782836201016 0.3348192572593689 1104
1782836201018 0.10631231218576431 1105
1782836201020 0.21949553489685059 1106
1782836201022 0.3029373586177826 1107
1782836201023 0.13161113858222961 1108
1782836201025 0.19317923486232758 1109
1782836201026 0.16266661882400513 1110
1782836201028 0.31212136149406433 1111
1782836201029 0.18035943806171417 1112
1782836201030 0.319835364818573 1113
1782836201032 0.04979880526661873 1114
1782836201033 0.18476830422878265 1115
1782836201034 0.20661763846874237 1116
1782836201036 0.2203899770975113 1117
1782836201037 0.30572423338890076 1118
1782836201038 0.13062214851379395 1119
1782836201040 0.20649386942386627 1120
1782836201041 0.22576904296875 1121
1782836201042 0.20662342011928558 1122
1782836201043 0.1941467672586441 1123
1782836201045 0.34908998012542725 1124
1782836201046 0.23011919856071472 1125
1782836201047 0.375465989112854 1126
1782836201049 0.18021588027477264 1127
1782836201050 0.19408848881721497 1128
1782836201051 0.16366416215896606 1129
1782836201052 0.3727618455886841 1130
1782836201054 0.05992738530039787 1131
1782836201055 0.17543348670005798 1132
1782836201056 0.06949770450592041 1133
1782836201058 0.5710402727127075 1134
1782836201059 0.17957967519760132 1135
1782836201060 0.10676687955856323 1136
1782836201061 0.4145028591156006 1137
1782836201063 0.17610861361026764 1138
1782836201064 0.19128747284412384 1139
1782836201065 0.06572187691926956 1140
1782836201067 0.13057036697864532 1141
1782836201068 0.11567716300487518 1142
1782836201070 0.08440766483545303 1143
1782836201071 0.15653681755065918 1144
1782836201072 0.14395518600940704 1145
1782836201074 0.17634360492229462 1146
1782836201075 0.08713293820619583 1147
1782836201077 0.06473523378372192 1148
1782836201078 0.12009979784488678 1149
1782836201079 0.1823737919330597 1150
1782836201081 0.1468086987733841 1151
1782836201082 0.32204124331474304 1152
1782836201084 0.2182082086801529 1153
1782836201085 0.15901407599449158 1154
1782836201086 0.10459364950656891 1155
1782836201088 0.283297598361969 1156
1782836201089 0.27612897753715515 1157
1782836201090 0.2550487220287323 1158
1782836201092 0.36294710636138916 1159
1782836201094 0.12140326201915741 1160
1782836201096 0.061906781047582626 1161
1782836201098 0.03817275911569595 1162
1782836201100 0.031479399651288986 1163
1782836201102 0.18066298961639404 1164
1782836201104 0.19758006930351257 1165
1782836201107 0.3954208195209503 1166
1782836201109 0.25619757175445557 1167
1782836201111 0.16097679734230042 1168
1782836201112 0.2272728830575943 1169
1782836201114 0.21320131421089172 1170
1782836201116 0.1527833640575409 1171
1782836201117 0.1579892784357071 1172
1782836201119 0.2246341109275818 1173
1782836201120 0.0939902663230896 1174
1782836201122 0.09403153508901596 1175
1782836201123 0.012815027497708797 1176
1782836201125 0.20500601828098297 1177
1782836201126 0.19691672921180725 1178
1782836201128 0.06415138393640518 1179
1782836201130 0.2992580533027649 1180
1782836201132 0.21700844168663025 1181
1782836201134 0.1704901158809662 1182
1782836201135 0.012037512846291065 1183
1782836201137 0.24967074394226074 1184
1782836201138 0.5179554224014282 1185
1782836201140 0.1799321323633194 1186
1782836201142 0.3381366729736328 1187
1782836201143 0.16349387168884277 1188
1782836201145 0.2710077464580536 1189
1782836201147 0.0875796377658844 1190
1782836201149 0.2343847155570984 1191
1782836201150 0.22668130695819855 1192
1782836201152 0.2966757118701935 1193
1782836201153 0.05559508502483368 1194
1782836201155 0.16594107449054718 1195
1782836201156 0.1644599437713623 1196
1782836201158 0.15392637252807617 1197
1782836201159 0.07945458590984344 1198
1782836201161 0.17257019877433777 1199
1782836201162 0.1254657804965973 1200
1782836201163 0.10270073264837265 1201
1782836201165 0.1399758756160736 1202
1782836201166 0.24406056106090546 1203
1782836201167 0.08829613775014877 1204
1782836201169 0.2954200208187103 1205
1782836201170 0.04186512157320976 1206
1782836201172 0.48096054792404175 1207
1782836201173 0.1605120599269867 1208
1782836201175 0.08384528756141663 1209
1782836201177 0.14155201613903046 1210
1782836201178 0.25929775834083557 1211
1782836201180 0.24374708533287048 1212
1782836201181 0.048551883548498154 1213
1782836201182 0.40028801560401917 1214
1782836201184 0.09362025558948517 1215
1782836201185 0.1355188935995102 1216
1782836201187 0.2044757455587387 1217
1782836201188 0.10825180262327194 1218
1782836201189 0.11923866719007492 1219
1782836201191 0.10464487224817276 1220
1782836201192 0.23490998148918152 1221
1782836201194 0.1003432646393776 1222
1782836201195 0.18761464953422546 1223
1782836201196 0.304090291261673 1224
1782836201198 0.07431861013174057 1225
1782836201199 0.07267934083938599 1226
1782836201200 0.2855956554412842 1227
1782836201202 0.4045769274234772 1228
1782836201204 0.059318192303180695 1229
1782836201206 0.06706181168556213 1230
1782836201208 0.31541895866394043 1231
1782836201210 0.12751461565494537 1232
1782836201213 0.19812017679214478 1233
1782836201214 0.162541463971138 1234
1782836201217 0.07507025450468063 1235
1782836201218 0.15798333287239075 1236
1782836201220 0.4145468771457672 1237
1782836201222 0.2044631987810135 1238
1782836201224 0.19990678131580353 1239
1782836201226 0.05680634081363678 1240
1782836201228 0.12977057695388794 1241
1782836201231 0.17669586837291718 1242
1782836201233 0.20506532490253448 1243
1782836201237 0.40791812539100647 1244
1782836201239 0.3547677993774414 1245
1782836201241 0.44356510043144226 1246
1782836201243 0.0980815514922142 1247
1782836201245 0.08644281327724457 1248
1782836201246 0.14433112740516663 1249
1782836201248 0.2374328225851059 1250
1782836201249 0.0717410072684288 1251
1782836201251 0.057901035994291306 1252
1782836201253 0.07456602156162262 1253
1782836201255 0.2049420177936554 1254
1782836201256 0.2018149346113205 1255
1782836201258 0.16181856393814087 1256
1782836201259 0.31301939487457275 1257
1782836201261 0.08539559692144394 1258
1782836201262 0.4411559998989105 1259
1782836201264 0.41552579402923584 1260
1782836201266 0.44285863637924194 1261
1782836201267 0.07066299021244049 1262
1782836201269 0.22637245059013367 1263
1782836201271 0.1936987042427063 1264
1782836201272 0.348807156085968 1265
1782836201274 0.0678873285651207 1266
1782836201276 0.0780281350016594 1267
1782836201278 0.17048832774162292 1268
1782836201279 0.3752283751964569 1269
1782836201282 0.17462769150733948 1270
1782836201284 0.06639539450407028 1271
1782836201286 0.10888703912496567 1272
1782836201289 0.2940201461315155 1273
1782836201291 0.43066415190696716 1274
1782836201293 0.09616688638925552 1275
1782836201294 0.45531991124153137 1276
1782836201295 0.030207134783267975 1277
1782836201297 0.14937400817871094 1278
1782836201299 0.09664281457662582 1279
1782836201300 0.11529836803674698 1280
1782836201301 0.23223549127578735 1281
1782836201303 0.1456495225429535 1282
1782836201304 0.24611671268939972 1283
1782836201306 0.1303085833787918 1284
1782836201308 0.061212923377752304 1285
1782836201309 0.4024863541126251 1286
1782836201311 0.17396828532218933 1287
1782836201313 0.12361475825309753 1288
1782836201314 0.13803178071975708 1289
1782836201316 0.21936529874801636 1290
1782836201317 0.15127353370189667 1291
1782836201319 0.06007152050733566 1292
1782836201320 0.47058722376823425 1293
1782836201322 0.41721946001052856 1294
1782836201323 0.0681573748588562 1295
1782836201325 0.28569740056991577 1296
1782836201326 0.26416850090026855 1297
1782836201328 0.15917684137821198 1298
1782836201329 0.3406921923160553 1299
1782836201331 0.09353671967983246 1300
1782836201332 0.2813900411128998 1301
1782836201333 0.07848547399044037 1302
1782836201335 0.16189412772655487 1303
1782836201336 0.10909772664308548 1304
1782836201338 0.36199989914894104 1305
1782836201339 0.1760411560535431 1306
1782836201340 0.17218142747879028 1307
1782836201342 0.07394058257341385 1308
1782836201343 0.23648980259895325 1309
1782836201344 0.16429930925369263 1310
1782836201346 0.32870665192604065 1311
1782836201347 0.1563839465379715 1312
1782836201348 0.44761812686920166 1313
1782836201349 0.09326372295618057 1314
1782836201351 0.266271710395813 1315
1782836201352 0.14834851026535034 1316
1782836201353 0.17290841042995453 1317
1782836201354 0.06899596005678177 1318
1782836201356 0.4362490177154541 1319
1782836201357 0.3707587420940399 1320
1782836201359 0.17141184210777283 1321
1782836201360 0.186762735247612 1322
1782836201361 0.13501234352588654 1323
1782836201363 0.07955960184335709 1324
1782836201364 0.1942909210920334 1325
1782836201365 0.3968236744403839 1326
1782836201366 0.37721648812294006 1327
1782836201368 0.18070374429225922 1328
1782836201369 0.3428238034248352 1329
1782836201370 0.12630945444107056 1330
1782836201372 0.06353598088026047 1331
1782836201373 0.08340728282928467 1332
1782836201374 0.08176606148481369 1333
1782836201376 0.36952510476112366 1334
1782836201377 0.22208118438720703 1335
1782836201379 0.239511638879776 1336
1782836201380 0.04477602243423462 1337
1782836201384 0.12154113501310349 1338
1782836201386 0.6197735667228699 1339
1782836201388 0.09155836701393127 1340
1782836201390 0.11757954955101013 1341
1782836201392 0.04195065051317215 1342
1782836201394 0.08674675226211548 1343
1782836201397 0.2446552813053131 1344
1782836201399 0.11331337690353394 1345
1782836201401 0.11319546401500702 1346
1782836201403 0.28024590015411377 1347
1782836201405 0.3301661014556885 1348
1782836201406 0.13135647773742676 1349
1782836201408 0.23093317449092865 1350
1782836201410 0.11949758976697922 1351
1782836201411 0.10783210396766663 1352
1782836201413 0.20613139867782593 1353
1782836201415 0.04784366488456726 1354
1782836201417 0.4437106251716614 1355
1782836201419 0.09015686064958572 1356
1782836201420 0.5404701828956604 1357
1782836201422 0.4766524136066437 1358
1782836201423 0.3627064526081085 1359
1782836201425 0.047447558492422104 1360
1782836201426 0.05029594898223877 1361
1782836201428 0.16263285279273987 1362
1782836201429 0.10152765363454819 1363
1782836201431 0.15441425144672394 1364
1782836201432 0.3052258789539337 1365
1782836201433 0.34085819125175476 1366
1782836201435 0.07684755325317383 1367
1782836201436 0.0987703874707222 1368
1782836201437 0.12001193314790726 1369
1782836201439 0.23432564735412598 1370
1782836201441 0.06968608498573303 1371
1782836201442 0.4140555262565613 1372
1782836201443 0.2774691581726074 1373
1782836201445 0.22596310079097748 1374
1782836201446 0.15062405169010162 1375
1782836201447 0.18403883278369904 1376
1782836201448 0.05704697594046593 1377
1782836201450 0.10816551744937897 1378
1782836201451 0.2668626606464386 1379
1782836201453 0.16731932759284973 1380
1782836201455 0.11062046140432358 1381
1782836201456 0.14566516876220703 1382
1782836201457 0.14742544293403625 1383
1782836201459 0.43477535247802734 1384
1782836201460 0.12177830189466476 1385
1782836201461 0.13738857209682465 1386
1782836201463 0.33341285586357117 1387
1782836201464 0.17344646155834198 1388
1782836201465 0.19099140167236328 1389
1782836201467 0.13135413825511932 1390
1782836201468 0.06613893806934357 1391
1782836201469 0.154411181807518 1392
1782836201471 0.0685293897986412 1393
1782836201472 0.1562025099992752 1394
1782836201473 0.24122560024261475 1395
1782836201475 0.10851017385721207 1396
1782836201476 0.28050652146339417 1397
1782836201477 0.06725668162107468 1398
1782836201479 0.34639590978622437 1399
1782836201480 0.09527414292097092 1400
1782836201481 0.22994789481163025 1401
1782836201483 0.04284537211060524 1402
1782836201484 0.23634594678878784 1403
1782836201485 0.17620249092578888 1404
1782836201487 0.11239056289196014 1405
1782836201488 0.27083340287208557 1406
1782836201489 0.19177788496017456 1407
1782836201491 0.07462245970964432 1408
1782836201492 0.16594766080379486 1409
1782836201493 0.5542284846305847 1410
1782836201495 0.2337828278541565 1411
1782836201496 0.4748784005641937 1412
1782836201497 0.08419959247112274 1413
1782836201499 0.05961336940526962 1414
1782836201500 0.23683860898017883 1415
1782836201502 0.17866383492946625 1416
1782836201503 0.2196521759033203 1417
1782836201504 0.1557345688343048 1418
1782836201506 0.3463597595691681 1419
1782836201507 0.07697581499814987 1420
1782836201509 0.10145244002342224 1421
1782836201510 0.3628517985343933 1422
1782836201511 0.3489499092102051 1423
1782836201515 0.11692829430103302 1424
1782836201517 0.10446107387542725 1425
1782836201519 0.13019485771656036 1426
1782836201522 0.2708694040775299 1427
1782836201525 0.23574459552764893 1428
1782836201527 0.2587200105190277 1429
1782836201529 0.10739468038082123 1430
1782836201531 0.19555512070655823 1431
1782836201533 0.10422207415103912 1432
1782836201535 0.2919228672981262 1433
1782836201537 0.1901916116476059 1434
1782836201539 0.2984932065010071 1435
1782836201540 0.3149002492427826 1436
1782836201541 0.14378389716148376 1437
1782836201543 0.1868923455476761 1438
1782836201545 0.1604180932044983 1439
1782836201547 0.3760438561439514 1440
1782836201549 0.42032745480537415 1441
1782836201551 0.04347434639930725 1442
1782836201552 0.05421203747391701 1443
1782836201554 0.17355839908123016 1444
1782836201555 0.11712080240249634 1445
1782836201556 0.2127937376499176 1446
1782836201558 0.17686057090759277 1447
1782836201559 0.12585437297821045 1448
1782836201561 0.034824538975954056 1449
1782836201562 0.24326100945472717 1450
1782836201563 0.09828892350196838 1451
1782836201565 0.019260743632912636 1452
1782836201566 0.09282844513654709 1453
1782836201568 0.10204903036355972 1454
1782836201569 0.1417095959186554 1455
1782836201570 0.4230080246925354 1456
1782836201572 0.2844598591327667 1457
1782836201573 0.09622669965028763 1458
1782836201575 0.14970536530017853 1459
1782836201576 0.13709479570388794 1460
1782836201577 0.2706090211868286 1461
1782836201579 0.021944742649793625 1462
1782836201580 0.3358146548271179 1463
1782836201581 0.15479788184165955 1464
1782836201583 0.11650560051202774 1465
1782836201584 0.10343576967716217 1466
1782836201586 0.19895045459270477 1467
1782836201587 0.25549638271331787 1468
1782836201588 0.21938011050224304 1469
1782836201590 0.15128417313098907 1470
1782836201591 0.04499739781022072 1471
1782836201592 0.13560418784618378 1472
1782836201594 0.31703200936317444 1473
1782836201595 0.08082106709480286 1474
1782836201596 0.35471153259277344 1475
1782836201598 0.14605535566806793 1476
1782836201599 0.12864328920841217 1477
1782836201601 0.2979286313056946 1478
1782836201602 0.22296223044395447 1479
1782836201603 0.2911941707134247 1480
1782836201605 0.32222339510917664 1481
1782836201606 0.03853321447968483 1482
1782836201607 0.1212724819779396 1483
1782836201609 0.17316801846027374 1484
1782836201610 0.13477233052253723 1485
1782836201612 0.24199894070625305 1486
1782836201613 0.23012155294418335 1487
1782836201614 0.11398621648550034 1488
1782836201616 0.21921975910663605 1489
1782836201617 0.08576294034719467 1490
1782836201619 0.05401240289211273 1491
1782836201621 0.05858312174677849 1492
1782836201623 0.19276009500026703 1493
1782836201625 0.12335145473480225 1494
1782836201627 0.24429573118686676 1495
1782836201628 0.11667825281620026 1496
1782836201630 0.5068368911743164 1497
1782836201631 0.28915056586265564 1498
1782836201633 0.10467582941055298 1499
1782836201635 0.5241557359695435 1500
1782836201636 0.35353943705558777 1501
1782836201638 0.22878800332546234 1502
1782836201640 0.21893586218357086 1503
1782836201641 0.12435482442378998 1504
1782836201643 0.252716064453125 1505
1782836201645 0.033870719373226166 1506
1782836201646 0.1806941032409668 1507
1782836201647 0.16128462553024292 1508
1782836201649 0.06971735507249832 1509
1782836201650 0.13742735981941223 1510
1782836201652 0.13427507877349854 1511
1782836201654 0.11143678426742554 1512
1782836201656 0.029978549107909203 1513
1782836201658 0.1277051568031311 1514
1782836201659 0.12114613503217697 1515
1782836201661 0.12191537767648697 1516
1782836201662 0.08738817274570465 1517
1782836201664 0.043254610151052475 1518
1782836201665 0.35962608456611633 1519
1782836201667 0.29768630862236023 1520
1782836201668 0.5070429444313049 1521
1782836201670 0.0915827825665474 1522
1782836201671 0.1559688299894333 1523
1782836201672 0.06883037090301514 1524
1782836201674 0.2301483452320099 1525
1782836201676 0.33904486894607544 1526
1782836201677 0.09851487725973129 1527
1782836201679 0.2895261347293854 1528
1782836201680 0.06339193880558014 1529
1782836201681 0.03530102223157883 1530
1782836201683 0.7684125900268555 1531
1782836201684 0.052723318338394165 1532
1782836201686 0.18278665840625763 1533
1782836201687 0.30165544152259827 1534
1782836201689 0.15050897002220154 1535
1782836201690 0.6131411194801331 1536
1782836201692 0.08872516453266144 1537
1782836201693 0.06379152834415436 1538
1782836201695 0.013226239942014217 1539
1782836201696 0.1562904268503189 1540
1782836201698 0.1195325031876564 1541
1782836201699 0.14459966123104095 1542
1782836201701 0.10665326565504074 1543
1782836201702 0.1883809119462967 1544
1782836201704 0.10961750149726868 1545
1782836201705 0.17109711468219757 1546
1782836201707 0.05591127276420593 1547
1782836201708 0.10310330986976624 1548
1782836201710 0.1462172567844391 1549
1782836201711 0.09160571545362473 1550
1782836201713 0.1891569048166275 1551
1782836201714 0.033671919256448746 1552
1782836201715 0.09431416541337967 1553
1782836201717 0.14003333449363708 1554
1782836201718 0.12780921161174774 1555
1782836201720 0.26368507742881775 1556
1782836201721 0.21143391728401184 1557
1782836201723 0.12698514759540558 1558
1782836201724 0.0839439108967781 1559
1782836201725 0.11568813025951385 1560
1782836201727 0.11520635336637497 1561
1782836201728 0.09361796081066132 1562
1782836201729 0.23882009088993073 1563
1782836201731 0.060183800756931305 1564
1782836201733 0.0873035416007042 1565
1782836201735 0.08711884170770645 1566
1782836201737 0.11378636956214905 1567
1782836201738 0.021844593808054924 1568
1782836201740 0.05226009339094162 1569
1782836201742 0.04856765270233154 1570
1782836201743 0.10061275213956833 1571
1782836201745 0.3084554970264435 1572
1782836201747 0.1914307177066803 1573
1782836201748 0.05687354505062103 1574
1782836201750 0.19720953702926636 1575
1782836201751 0.25380489230155945 1576
1782836201753 0.4860454201698303 1577
1782836201754 0.14846168458461761 1578
1782836201756 0.1515735387802124 1579
1782836201757 0.016860727220773697 1580
1782836201759 0.04878648743033409 1581
1782836201760 0.21970966458320618 1582
1782836201762 0.2205815315246582 1583
1782836201764 0.07959271222352982 1584
1782836201766 0.2156125158071518 1585
1782836201768 0.040691304951906204 1586
1782836201769 0.09080838412046432 1587
1782836201771 0.11701391637325287 1588
1782836201773 0.06795841455459595 1589
1782836201774 0.2818487286567688 1590
1782836201775 0.15229181945323944 1591
1782836201777 0.22620297968387604 1592
1782836201778 0.20248959958553314 1593
1782836201780 0.048804305493831635 1594
1782836201781 0.14184552431106567 1595
1782836201782 0.8092906475067139 1596
1782836201784 0.41919320821762085 1597
1782836201785 0.04004287347197533 1598
1782836201787 0.016654938459396362 1599
1782836201788 0.14518646895885468 1600
1782836201789 0.2355833351612091 1601
1782836201791 0.28906533122062683 1602
1782836201792 0.12001608312129974 1603
1782836201793 0.1871749609708786 1604
1782836201795 0.12942557036876678 1605
1782836201796 0.2633082866668701 1606
1782836201797 0.21773245930671692 1607
1782836201799 0.24673137068748474 1608
1782836201800 0.029417967423796654 1609
1782836201801 0.3821043074131012 1610
1782836201803 0.0814586728811264 1611
1782836201804 0.13793230056762695 1612
1782836201805 0.20731016993522644 1613
1782836201807 0.1235552728176117 1614
1782836201808 0.10479288548231125 1615
1782836201809 0.022193543612957 1616
1782836201811 0.1291443407535553 1617
1782836201812 0.2786041498184204 1618
1782836201813 0.04706975072622299 1619
1782836201815 0.04006266966462135 1620
1782836201816 0.1380777209997177 1621
1782836201817 0.1319056898355484 1622
1782836201818 0.3570365905761719 1623
1782836201820 0.21992464363574982 1624
1782836201821 0.0343564935028553 1625
1782836201822 0.06922478973865509 1626
1782836201824 0.2508409321308136 1627
1782836201825 0.16769245266914368 1628
1782836201826 0.13217471539974213 1629
1782836201828 0.11508884280920029 1630
1782836201829 0.1121555045247078 1631
1782836201830 0.06216713786125183 1632
1782836201831 0.16583497822284698 1633
1782836201833 0.02614041231572628 1634
1782836201834 0.5280002951622009 1635
1782836201835 0.09406763315200806 1636
1782836201836 0.18188367784023285 1637
1782836201838 0.11492573469877243 1638
1782836201839 0.12038203328847885 1639
1782836201840 0.27211031317710876 1640
1782836201843 0.028503071516752243 1641
1782836201845 0.05496031418442726 1642
1782836201848 0.26174911856651306 1643
1782836201850 0.06771480292081833 1644
1782836201852 0.16684283316135406 1645
1782836201854 0.05036379396915436 1646
1782836201857 0.21114253997802734 1647
1782836201860 0.09369933605194092 1648
1782836201863 0.10386735200881958 1649
1782836201867 0.3741801381111145 1650
1782836201869 0.28156140446662903 1651
1782836201871 0.06015253812074661 1652
1782836201873 0.04280425235629082 1653
1782836201874 0.0349864661693573 1654
1782836201876 0.1681562215089798 1655
1782836201878 0.08491745591163635 1656
1782836201880 0.1041681319475174 1657
1782836201882 0.35488826036453247 1658
1782836201883 0.1758597195148468 1659
1782836201885 0.17292237281799316 1660
1782836201886 0.12286065518856049 1661
1782836201888 0.20984746515750885 1662
1782836201889 0.10003926604986191 1663
1782836201891 0.08890527486801147 1664
1782836201892 0.07283712923526764 1665
1782836201894 0.4076135456562042 1666
1782836201895 0.08079015463590622 1667
1782836201897 0.07687969505786896 1668
1782836201898 0.23143480718135834 1669
1782836201899 0.08502174913883209 1670
1782836201901 0.0416010282933712 1671
1782836201902 0.08017667382955551 1672
1782836201904 0.14789646863937378 1673
1782836201906 0.2847764492034912 1674
1782836201908 0.28754299879074097 1675
1782836201910 0.03225770220160484 1676
1782836201911 0.04360036924481392 1677
1782836201913 0.4215480089187622 1678
1782836201915 0.20795394480228424 1679
1782836201916 0.1313643753528595 1680
1782836201917 0.10866887867450714 1681
1782836201919 0.5150342583656311 1682
1782836201920 0.3478206694126129 1683
1782836201922 0.22285370528697968 1684
1782836201923 0.15474911034107208 1685
1782836201924 0.04812627658247948 1686
1782836201926 0.3938712179660797 1687
1782836201927 0.5108451247215271 1688
1782836201928 0.10072950273752213 1689
1782836201930 0.1795259267091751 1690
1782836201931 0.06592796742916107 1691
1782836201932 0.13774119317531586 1692
1782836201934 0.13359200954437256 1693
1782836201935 0.20336715877056122 1694
1782836201936 0.308529257774353 1695
1782836201938 0.28054115176200867 1696
1782836201939 0.3635099232196808 1697
1782836201941 0.1651240736246109 1698
1782836201942 0.2565874755382538 1699
1782836201943 0.12710325419902802 1700
1782836201945 0.2656583786010742 1701
1782836201946 0.15737511217594147 1702
1782836201948 0.22868119180202484 1703
1782836201949 0.0568196177482605 1704
1782836201950 0.14745020866394043 1705
1782836201952 0.17227351665496826 1706
1782836201953 0.18680812418460846 1707
1782836201955 0.10240653157234192 1708
1782836201956 0.23893111944198608 1709
1782836201959 0.17409665882587433 1710
1782836201962 0.09040132164955139 1711
1782836201965 0.06244164705276489 1712
1782836201967 0.15768550336360931 1713
1782836201970 0.15920911729335785 1714
1782836201972 0.11113053560256958 1715
1782836201974 0.544347882270813 1716
1782836201976 0.24300749599933624 1717
1782836201978 0.20777122676372528 1718
1782836201980 0.3705647885799408 1719
1782836201982 0.13058339059352875 1720
1782836201983 0.17054526507854462 1721
1782836201985 0.11138081550598145 1722
1782836201986 0.459868848323822 1723
1782836201988 0.09567089378833771 1724
1782836201990 0.12095094472169876 1725
1782836201992 0.07150063663721085 1726
1782836201994 0.34444767236709595 1727
1782836201995 0.179228276014328 1728
1782836201997 0.05797148123383522 1729
1782836201998 0.1760392189025879 1730
1782836202000 0.11723405867815018 1731
1782836202001 0.17544302344322205 1732
1782836202003 0.3934187889099121 1733
1782836202004 0.1488485187292099 1734
1782836202006 0.13152475655078888 1735
1782836202008 0.14483974874019623 1736
1782836202009 0.15711943805217743 1737
1782836202010 0.08049041032791138 1738
1782836202012 0.1549225151538849 1739
1782836202013 0.048540689051151276 1740
1782836202015 0.04704684019088745 1741
1782836202016 0.5851562023162842 1742
1782836202018 0.12667149305343628 1743
1782836202019 0.04024241864681244 1744
1782836202021 0.04120350629091263 1745
1782836202022 0.5955550670623779 1746
1782836202024 0.44382697343826294 1747
1782836202025 0.1416005939245224 1748
1782836202027 0.23411454260349274 1749
1782836202028 0.02596314251422882 1750
1782836202030 0.16744603216648102 1751
1782836202031 0.17059043049812317 1752
1782836202033 0.29056423902511597 1753
1782836202034 0.15253202617168427 1754
1782836202035 0.16004972159862518 1755
1782836202037 0.4289800524711609 1756
1782836202038 0.179701030254364 1757
1782836202039 0.17319618165493011 1758
1782836202041 0.10447311401367188 1759
1782836202042 0.16409803926944733 1760
1782836202043 0.4701119065284729 1761
1782836202045 0.22902223467826843 1762
1782836202046 0.15899617969989777 1763
1782836202047 0.15447744727134705 1764
1782836202049 0.08885087072849274 1765
1782836202050 0.16828285157680511 1766
1782836202051 0.22044147551059723 1767
1782836202053 0.22648514807224274 1768
1782836202054 0.08710695803165436 1769
1782836202055 0.2061186283826828 1770
1782836202057 0.16139215230941772 1771
1782836202058 0.145721897482872 1772
1782836202060 0.09854179620742798 1773
1782836202061 0.17789258062839508 1774
1782836202063 0.2977709472179413 1775
1782836202064 0.2810378670692444 1776
1782836202065 0.14269563555717468 1777
1782836202067 0.1412530541419983 1778
1782836202068 0.19098064303398132 1779
1782836202069 0.11947301030158997 1780
1782836202071 0.14248336851596832 1781
1782836202073 0.07765960693359375 1782
1782836202074 0.05591856688261032 1783
1782836202076 0.4427495002746582 1784
1782836202078 0.22712823748588562 1785
1782836202079 0.378663569688797 1786
1782836202081 0.20536689460277557 1787
1782836202083 0.09778887033462524 1788
1782836202085 0.28188464045524597 1789
1782836202086 0.2219499796628952 1790
1782836202088 0.08842958509922028 1791
1782836202089 0.17348618805408478 1792
1782836202091 0.20317663252353668 1793
1782836202093 0.01330031268298626 1794
1782836202095 0.33574753999710083 1795
1782836202096 0.015921713784337044 1796
1782836202098 0.3993595242500305 1797
1782836202099 0.28587985038757324 1798
1782836202100 0.1126035526394844 1799
1782836202102 0.15816451609134674 1800
1782836202104 0.14641045033931732 1801
1782836202106 0.20065578818321228 1802
1782836202107 0.15160538256168365 1803
1782836202109 0.055297646671533585 1804
1782836202110 0.18673215806484222 1805
1782836202111 0.13233868777751923 1806
1782836202113 0.3582550883293152 1807
1782836202114 0.09818744659423828 1808
1782836202115 0.03584785759449005 1809
1782836202117 0.15304547548294067 1810
1782836202119 0.03681955114006996 1811
1782836202121 0.12872625887393951 1812
1782836202123 0.08247943967580795 1813
1782836202124 0.3575817048549652 1814
1782836202126 0.23846036195755005 1815
1782836202127 0.2711319625377655 1816
1782836202129 0.08021795749664307 1817
1782836202130 0.19647428393363953 1818
1782836202132 0.019613508135080338 1819
1782836202133 0.13222165405750275 1820
1782836202135 0.03633136302232742 1821
1782836202137 0.2290867567062378 1822
1782836202138 0.15814712643623352 1823
1782836202140 0.17626811563968658 1824
1782836202142 0.3192513585090637 1825
1782836202144 0.12064901739358902 1826
1782836202146 0.076518714427948 1827
1782836202147 0.27064627408981323 1828
1782836202149 0.44091492891311646 1829
1782836202151 0.3092056214809418 1830
1782836202153 0.0787057876586914 1831
1782836202154 0.15650011599063873 1832
1782836202156 0.32109928131103516 1833
1782836202158 0.05300416797399521 1834
1782836202160 0.2040872871875763 1835
1782836202161 0.06258867681026459 1836
1782836202163 0.09658820927143097 1837
1782836202164 0.11911261081695557 1838
1782836202166 0.03747054561972618 1839
1782836202167 0.12491859495639801 1840
1782836202169 0.13090954720973969 1841
1782836202171 0.20539283752441406 1842
1782836202172 0.039853934198617935 1843
1782836202173 0.14037880301475525 1844
1782836202175 0.08413280546665192 1845
1782836202176 0.15447238087654114 1846
1782836202178 0.09941140562295914 1847
1782836202179 0.268310010433197 1848
1782836202180 0.044039901345968246 1849
1782836202182 0.10258456319570541 1850
1782836202183 0.05820634961128235 1851
1782836202184 0.05566034093499184 1852
1782836202186 0.17396286129951477 1853
1782836202187 0.13525249063968658 1854
1782836202189 0.27784815430641174 1855
1782836202190 0.09133432060480118 1856
1782836202192 0.07106032967567444 1857
1782836202193 0.07587280124425888 1858
1782836202195 0.21304883062839508 1859
1782836202197 0.02188524417579174 1860
1782836202199 0.016850456595420837 1861
1782836202201 0.15966267883777618 1862
1782836202203 0.14715535938739777 1863
1782836202205 0.16265805065631866 1864
1782836202207 0.06090226769447327 1865
1782836202209 0.3179004490375519 1866
1782836202211 0.30837512016296387 1867
1782836202213 0.3110511302947998 1868
1782836202214 0.2111462503671646 1869
1782836202216 0.4118597209453583 1870
1782836202217 0.19979362189769745 1871
1782836202219 0.08660324662923813 1872
1782836202220 0.1839013397693634 1873
1782836202222 0.06410965323448181 1874
1782836202343 0.036373138427734375 1875
1782836202345 0.16434703767299652 1876
1782836202347 0.16792002320289612 1877
1782836202348 0.3205370604991913 1878
1782836202349 0.139521524310112 1879
1782836202351 0.13170038163661957 1880
1782836202352 0.0633644163608551 1881
1782836202353 0.06359697878360748 1882
1782836202355 0.04429863765835762 1883
1782836202356 0.11779186874628067 1884
1782836202357 0.019415324553847313 1885
1782836202359 0.1447017788887024 1886
1782836202360 0.13899990916252136 1887
1782836202361 0.18179769814014435 1888
1782836202362 0.06980564445257187 1889
1782836202364 0.19954772293567657 1890
1782836202365 0.16147276759147644 1891
1782836202367 0.07967617362737656 1892
1782836202368 0.004983265418559313 1893
1782836202369 0.2835371494293213 1894
1782836202371 0.2135079801082611 1895
1782836202373 0.17747050523757935 1896
1782836202374 0.14130298793315887 1897
1782836202376 0.15954077243804932 1898
1782836202377 0.15218837559223175 1899
1782836202378 0.25156840682029724 1900
1782836202380 0.030076779425144196 1901
1782836202381 0.58732008934021 1902
1782836202382 0.0574493408203125 1903
1782836202384 0.1992419809103012 1904
1782836202385 0.05158061534166336 1905
1782836202387 0.20518487691879272 1906
1782836202388 0.1500144898891449 1907
1782836202389 0.10082661360502243 1908
1782836202391 0.06879696995019913 1909
1782836202392 0.05442457273602486 1910
1782836202394 0.1148504763841629 1911
1782836202395 0.15304642915725708 1912
1782836202396 0.12875241041183472 1913
1782836202398 0.07262419909238815 1914
1782836202399 0.03204535320401192 1915
1782836202401 0.14207333326339722 1916
1782836202402 0.07321719825267792 1917
1782836202404 0.10259027779102325 1918
1782836202405 0.1859857141971588 1919
1782836202406 0.12780702114105225 1920
1782836202408 0.23525342345237732 1921
1782836202409 0.26875606179237366 1922
1782836202411 0.1883949339389801 1923
1782836202414 0.04212350398302078 1924
1782836202416 0.1696828156709671 1925
1782836202418 0.13280434906482697 1926
1782836202420 0.08378703892230988 1927
1782836202422 0.0965370312333107 1928
1782836202424 0.1258336454629898 1929
1782836202426 0.11974453926086426 1930
1782836202428 0.4478127658367157 1931
1782836202430 0.03501775488257408 1932
1782836202432 0.15580929815769196 1933
1782836202433 0.02303779125213623 1934
1782836202435 0.02532099559903145 1935
1782836202437 0.1415223777294159 1936
1782836202439 0.027981199324131012 1937
1782836202441 0.14886973798274994 1938
1782836202443 0.04535561054944992 1939
1782836202444 0.1631942242383957 1940
1782836202446 0.07320677489042282 1941
1782836202447 0.09134367853403091 1942
1782836202448 0.13007290661334991 1943
1782836202450 0.05195295810699463 1944
1782836202451 0.1313365250825882 1945
1782836202452 0.022277353331446648 1946
1782836202454 0.3475798964500427 1947
1782836202455 0.5090253949165344 1948
1782836202456 0.03713246062397957 1949
1782836202458 0.05660403519868851 1950
1782836202459 0.17557229101657867 1951
1782836202460 0.04342300072312355 1952
1782836202462 0.059683386236429214 1953
1782836202463 0.06089731305837631 1954
1782836202464 0.09561890363693237 1955
1782836202466 0.12902292609214783 1956
1782836202467 0.170282781124115 1957
1782836202468 0.09957293421030045 1958
1782836202470 0.05123989284038544 1959
1782836202471 0.11838819831609726 1960
1782836202472 0.09213470667600632 1961
1782836202474 0.19997720420360565 1962
1782836202475 0.14972838759422302 1963
1782836202476 0.03919345140457153 1964
1782836202478 0.11706598848104477 1965
1782836202479 0.36095213890075684 1966
1782836202481 0.1128976047039032 1967
1782836202483 0.22166205942630768 1968
1782836202484 0.5244410037994385 1969
1782836202486 0.059280868619680405 1970
1782836202487 0.1831486076116562 1971
1782836202489 0.07418955117464066 1972
1782836202491 0.02841215580701828 1973
1782836202492 0.10498983412981033 1974
1782836202494 0.23567546904087067 1975
1782836202495 0.045165013521909714 1976
1782836202497 0.018241558223962784 1977
1782836202499 0.06497355550527573 1978
1782836202500 0.2196701318025589 1979
1782836202502 0.07721586525440216 1980
1782836202503 0.09477420896291733 1981
1782836202504 0.24274015426635742 1982
1782836202506 0.14348448812961578 1983
1782836202507 0.31397339701652527 1984
1782836202509 0.04255637526512146 1985
1782836202511 0.0860786885023117 1986
1782836202513 0.08863495290279388 1987
1782836202516 0.09453731775283813 1988
1782836202518 0.08182891458272934 1989
1782836202520 0.09299996495246887 1990
1782836202522 0.09570293128490448 1991
1782836202524 0.1802562177181244 1992
1782836202526 0.11900246888399124 1993
1782836202528 0.13191595673561096 1994
1782836202529 0.0688030868768692 1995
1782836202531 0.05099800229072571 1996
1782836202533 0.15230631828308105 1997
1782836202535 0.08527558296918869 1998
1782836202536 0.09925875812768936 1999
1782836202538 0.05497925728559494 2000
1782836202540 0.05161723494529724 2001
1782836202541 0.1564941555261612 2002
1782836202543 0.14107543230056763 2003
1782836202545 0.10461606085300446 2004
1782836202546 0.09277389943599701 2005
1782836202548 0.30088910460472107 2006
1782836202550 0.07892738282680511 2007
1782836202551 0.2140929251909256 2008
1782836202553 0.27280741930007935 2009
1782836202555 0.003152818651869893 2010
1782836202556 0.08303683251142502 2011
1782836202558 0.07302694767713547 2012
1782836202560 0.13972380757331848 2013
1782836202561 0.05550018697977066 2014
1782836202563 0.23526985943317413 2015
1782836202565 0.12584051489830017 2016
1782836202567 0.22979013621807098 2017
1782836202568 0.021418539807200432 2018
1782836202570 0.0336528979241848 2019
1782836202572 0.04668838158249855 2020
1782836202573 0.08339378237724304 2021
1782836202575 0.2516276240348816 2022
1782836202577 0.6020776629447937 2023
1782836202578 0.11342751234769821 2024
1782836202580 0.030405743047595024 2025
1782836202582 0.23141252994537354 2026
1782836202583 0.06311757117509842 2027
1782836202585 0.2816009819507599 2028
1782836202587 0.08945874124765396 2029
1782836202589 0.20476071536540985 2030
1782836202590 0.10436145961284637 2031
1782836202592 0.2805634140968323 2032
1782836202594 0.1358398050069809 2033
1782836202596 0.3302153944969177 2034
1782836202597 0.020177505910396576 2035
1782836202599 0.313223659992218 2036
1782836202600 0.11531389504671097 2037
1782836202601 0.1653793603181839 2038
1782836202603 0.1527622938156128 2039
1782836202604 0.03993717208504677 2040
1782836202605 0.3626207411289215 2041
1782836202606 0.4644257724285126 2042
1782836202608 0.0891476646065712 2043
1782836202610 0.1118970736861229 2044
1782836202612 0.11654156446456909 2045
1782836202614 0.23800939321517944 2046
1782836202616 0.6726178526878357 2047
1782836202618 0.08000382035970688 2048
1782836202620 0.13484269380569458 2049
1782836202622 0.26212605834007263 2050
1782836202624 0.11283203959465027 2051
1782836202626 0.11489947885274887 2052
1782836202628 0.0567702054977417 2053
1782836202630 0.31015685200691223 2054
1782836202631 0.20252454280853271 2055
1782836202632 0.21392926573753357 2056
1782836202634 0.1313992738723755 2057
1782836202635 0.07646612823009491 2058
1782836202637 0.1428898721933365 2059
1782836202639 0.10647568106651306 2060
1782836202641 0.17366823554039001 2061
1782836202643 0.28750669956207275 2062
1782836202645 0.17565689980983734 2063
1782836202646 0.2363373339176178 2064
1782836202648 0.06278812885284424 2065
1782836202649 0.11606673896312714 2066
1782836202651 0.16593138873577118 2067
1782836202653 0.2947774827480316 2068
1782836202654 0.12764972448349 2069
1782836202656 0.03509386628866196 2070
1782836202657 0.05327749624848366 2071
1782836202659 0.07868978381156921 2072
1782836202660 0.015411659143865108 2073
1782836202662 0.3213121294975281 2074
1782836202663 0.1940511167049408 2075
1782836202665 0.018871011212468147 2076
1782836202668 0.12757065892219543 2077
1782836202670 0.0908174216747284 2078
1782836202671 0.2021847516298294 2079
1782836202673 0.028141096234321594 2080
1782836202674 0.12254689633846283 2081
1782836202676 0.1438220888376236 2082
1782836202678 0.02771594561636448 2083
1782836202679 0.06340956687927246 2084
1782836202681 0.12105078995227814 2085
1782836202682 0.25107866525650024 2086
1782836202684 0.13612796366214752 2087
1782836202685 0.018960148096084595 2088
1782836202687 0.059241317212581635 2089
1782836202689 0.043293729424476624 2090
1782836202691 0.13205769658088684 2091
1782836202692 0.20419944822788239 2092
1782836202694 0.18081632256507874 2093
1782836202696 0.148392453789711 2094
1782836202698 0.12570826709270477 2095
1782836202700 0.19827930629253387 2096
1782836202702 0.20685264468193054 2097
1782836202703 0.200042262673378 2098
1782836202705 0.21147674322128296 2099
1782836202707 0.05536419153213501 2100
1782836202708 0.2961235046386719 2101
1782836202710 0.24578723311424255 2102
1782836202711 0.2659984529018402 2103
1782836202713 0.2805570960044861 2104
1782836202714 0.07388947904109955 2105
1782836202716 0.42002198100090027 2106
1782836202717 0.12134566903114319 2107
1782836202719 0.09904848039150238 2108
1782836202722 0.394850492477417 2109
1782836202724 0.2740166187286377 2110
1782836202726 0.28654345870018005 2111
1782836202728 0.09691409021615982 2112
1782836202730 0.505203902721405 2113
1782836202732 0.11986232548952103 2114
1782836202734 0.2700543999671936 2115
1782836202735 0.22612640261650085 2116
1782836202737 0.067259781062603 2117
1782836202739 0.0546223483979702 2118
1782836202741 0.05716051161289215 2119
1782836202742 0.25056323409080505 2120
1782836202744 0.2522192895412445 2121
1782836202745 0.22562654316425323 2122
1782836202746 0.2580115497112274 2123
1782836202749 0.47684741020202637 2124
1782836202750 0.050344210118055344 2125
1782836202752 0.05050915852189064 2126
1782836202754 0.2327006757259369 2127
1782836202755 0.03712158650159836 2128
1782836202757 0.5216502547264099 2129
1782836202758 0.22975218296051025 2130
1782836202760 0.066841721534729 2131
1782836202762 0.12715992331504822 2132
1782836202763 0.06481841206550598 2133
1782836202765 0.10871028900146484 2134
1782836202766 0.04956251010298729 2135
1782836202768 0.08837086707353592 2136
1782836202769 0.12312556803226471 2137
1782836202771 0.26748305559158325 2138
1782836202772 0.20237641036510468 2139
1782836202774 0.4160138964653015 2140
1782836202775 0.45536789298057556 2141
1782836202777 0.15536458790302277 2142
1782836202778 0.3380824029445648 2143
1782836202780 0.04208415001630783 2144
1782836202781 0.18450528383255005 2145
1782836202783 0.2314651906490326 2146
1782836202785 0.14710859954357147 2147
1782836202786 0.23965361714363098 2148
1782836202788 0.17571067810058594 2149
1782836202789 0.05708429217338562 2150
1782836202791 0.21498091518878937 2151
1782836202792 0.03714665398001671 2152
1782836202794 0.16546675562858582 2153
1782836202795 0.1698240041732788 2154
1782836202797 0.13842256367206573 2155
1782836202798 0.17977048456668854 2156
1782836202800 0.06374034285545349 2157
1782836202801 0.06706981360912323 2158
1782836202803 0.06632387638092041 2159
1782836202805 0.031102456152439117 2160
1782836202806 0.11224725842475891 2161
1782836202808 0.11458085477352142 2162
1782836202809 0.05244553089141846 2163
1782836202811 0.2265896499156952 2164
1782836202812 0.19469419121742249 2165
1782836202814 0.33592262864112854 2166
1782836202815 0.06178031116724014 2167
1782836202817 0.044574443250894547 2168
1782836202818 0.25918543338775635 2169
1782836202819 0.2438180297613144 2170
1782836202821 0.1287411004304886 2171
1782836202822 0.02431052178144455 2172
1782836202824 0.14566199481487274 2173
1782836202825 0.18269433081150055 2174
1782836202826 0.1022113561630249 2175
1782836202828 0.3553399443626404 2176
1782836202829 0.10758833587169647 2177
1782836202831 0.0798184722661972 2178
1782836202834 0.11478302627801895 2179
1782836202836 0.3029794692993164 2180
1782836202838 0.09681069105863571 2181
1782836202839 0.29827389121055603 2182
1782836202841 0.1356271654367447 2183
1782836202843 0.3016168177127838 2184
1782836202844 0.050356391817331314 2185
1782836202846 0.042887430638074875 2186
1782836202848 0.15082666277885437 2187
1782836202850 0.07266174256801605 2188
1782836202852 0.20034340023994446 2189
1782836202853 0.4605203866958618 2190
1782836202855 0.07425440847873688 2191
1782836202856 0.008406604640185833 2192
1782836202858 0.10077249258756638 2193
1782836202860 0.084177665412426 2194
1782836202862 0.1488497108221054 2195
1782836202865 0.09684915840625763 2196
1782836202867 0.10996764153242111 2197
1782836202869 0.2411312460899353 2198
1782836202871 0.12419109791517258 2199
1782836202873 0.091314896941185 2200
1782836202875 0.04990771785378456 2201
1782836202876 0.1260533183813095 2202
1782836202878 0.34811314940452576 2203
1782836202879 0.6250292062759399 2204
1782836202881 0.2616024613380432 2205
1782836202882 0.20983877778053284 2206
1782836202884 0.020923281088471413 2207
1782836202885 0.054729118943214417 2208
1782836202887 0.07866402715444565 2209
1782836202888 0.022639529779553413 2210
1782836202890 0.1522832065820694 2211
1782836202891 0.15062828361988068 2212
1782836202893 0.07290901988744736 2213
1782836202894 0.05089305713772774 2214
1782836202896 0.05901489406824112 2215
1782836202897 0.12100028991699219 2216
1782836202899 0.03124735876917839 2217
1782836202900 0.0865948274731636 2218
1782836202901 0.058874890208244324 2219
1782836202903 0.10378729552030563 2220
1782836202904 0.12273372709751129 2221
1782836202906 0.14027228951454163 2222
1782836202907 0.3365090787410736 2223
1782836202908 0.15632124245166779 2224
1782836202910 0.09376846253871918 2225
1782836202911 0.05694875121116638 2226
1782836202913 0.17402997612953186 2227
1782836202914 0.12188174575567245 2228
1782836202915 0.07279892265796661 2229
1782836202917 0.07814604789018631 2230
1782836202918 0.03300212323665619 2231
1782836202920 0.041561421006917953 2232
1782836202921 0.06493091583251953 2233
1782836202922 0.056176960468292236 2234
1782836202924 0.25086238980293274 2235
1782836202925 0.017627758905291557 2236
1782836202927 0.011082934215664864 2237
1782836202928 0.18135714530944824 2238
1782836202930 0.0994822159409523 2239
1782836202931 0.08609498292207718 2240
1782836202933 0.22813142836093903 2241
1782836202934 0.014138455502688885 2242
1782836202935 0.11420685797929764 2243
1782836202937 0.024673547595739365 2244
1782836202939 0.2614602744579315 2245
1782836202940 0.019382808357477188 2246
1782836202942 0.17589548230171204 2247
1782836202943 0.015332932583987713 2248
1782836202945 0.05209943279623985 2249
1782836202947 0.07124882936477661 2250
1782836202949 0.21621739864349365 2251
1782836202951 0.16347450017929077 2252
1782836202953 0.059329744428396225 2253
1782836202955 0.1728660762310028 2254
1782836202957 0.055356163531541824 2255
1782836202959 0.19830109179019928 2256
1782836202962 0.10684147477149963 2257
1782836202964 0.10355743765830994 2258
1782836202966 0.09029834717512131 2259
1782836202968 0.15405330061912537 2260
1782836202970 0.15821979939937592 2261
1782836202971 0.040499016642570496 2262
1782836202973 0.049176134169101715 2263
1782836202975 0.14675262570381165 2264
1782836202978 0.32065698504447937 2265
1782836202980 0.04665704444050789 2266
1782836202982 0.021437257528305054 2267
1782836202984 0.1938440054655075 2268
1782836202986 0.2421213835477829 2269
1782836202987 0.03972095623612404 2270
1782836202989 0.1530447006225586 2271
1782836202991 0.0163006279617548 2272
1782836202993 0.38588082790374756 2273
1782836202994 0.030546117573976517 2274
1782836202996 0.12541723251342773 2275
1782836202998 0.0433121882379055 2276
1782836203000 0.02878979779779911 2277
1782836203002 0.010800487361848354 2278
1782836203003 0.025084668770432472 2279
1782836203005 0.1746741533279419 2280
1782836203006 0.06230238825082779 2281
1782836203008 0.19617164134979248 2282
1782836203009 0.2109159231185913 2283
1782836203011 0.3773987293243408 2284
1782836203012 0.3527580797672272 2285
1782836203014 0.026385359466075897 2286
1782836203015 0.09059296548366547 2287
1782836203017 0.13368192315101624 2288
1782836203019 0.40934285521507263 2289
1782836203020 0.10555823892354965 2290
1782836203022 0.08397120982408524 2291
1782836203023 0.3075893521308899 2292
1782836203025 0.3593110740184784 2293
1782836203027 0.13786298036575317 2294
1782836203029 0.11618314683437347 2295
1782836203030 0.21690228581428528 2296
1782836203032 0.06435605883598328 2297
1782836203034 0.11987185478210449 2298
1782836203036 0.07626031339168549 2299
1782836203037 0.03227871656417847 2300
1782836203039 0.1916784942150116 2301
1782836203041 0.4175744950771332 2302
1782836203043 0.04800177738070488 2303
1782836203045 0.13208414614200592 2304
1782836203046 0.07564423233270645 2305
1782836203048 0.04785797744989395 2306
1782836203050 0.22342754900455475 2307
1782836203052 0.032781168818473816 2308
1782836203053 0.11883442848920822 2309
1782836203055 0.045580022037029266 2310
1782836203056 0.22297342121601105 2311
1782836203058 0.01938117854297161 2312
1782836203060 0.051678240299224854 2313
1782836203062 0.07407475262880325 2314
1782836203063 0.037175096571445465 2315
1782836203065 0.1681390106678009 2316
1782836203068 0.022312529385089874 2317
1782836203070 0.1124078705906868 2318
1782836203072 0.06662514805793762 2319
1782836203074 0.37063735723495483 2320
1782836203076 0.04398247227072716 2321
1782836203079 0.1771085411310196 2322
1782836203081 0.1873210072517395 2323
1782836203084 0.3605409562587738 2324
1782836203086 0.235841304063797 2325
1782836203087 0.022368257865309715 2326
1782836203089 0.08278053253889084 2327
1782836203091 0.6390613317489624 2328
1782836203094 0.40483540296554565 2329
1782836203096 0.2911906838417053 2330
1782836203098 0.01638990081846714 2331
1782836203100 0.003158745588734746 2332
1782836203102 0.18454429507255554 2333
1782836203104 0.6078870892524719 2334
1782836203107 0.24037183821201324 2335
1782836203108 0.08906519412994385 2336
1782836203109 0.015622721053659916 2337
1782836203111 0.23009280860424042 2338
1782836203112 0.011253561824560165 2339
1782836203114 0.08244644105434418 2340
1782836203115 0.18772581219673157 2341
1782836203116 0.019038258120417595 2342
1782836203118 0.09277118742465973 2343
1782836203119 0.537893533706665 2344
1782836203121 0.06972867250442505 2345
1782836203123 0.2179253101348877 2346
1782836203124 0.06463704258203506 2347
1782836203126 0.08712867647409439 2348
1782836203128 0.32302382588386536 2349
1782836203129 0.1185254231095314 2350
1782836203131 0.13645154237747192 2351
1782836203133 0.22716659307479858 2352
1782836203135 0.2157556563615799 2353
1782836203138 0.19613471627235413 2354
1782836203141 0.2366546392440796 2355
1782836203143 0.20181816816329956 2356
1782836203146 0.15078410506248474 2357
1782836203148 0.029036611318588257 2358
1782836203150 0.11966780573129654 2359
1782836203153 0.055571384727954865 2360
1782836203154 0.12979286909103394 2361
1782836203156 0.0664898008108139 2362
1782836203158 0.1023666262626648 2363
1782836203160 0.05737742781639099 2364
1782836203161 0.11517470329999924 2365
1782836203163 0.1778753250837326 2366
1782836203165 0.19697712361812592 2367
1782836203166 0.2704679071903229 2368
1782836203168 0.12015977501869202 2369
1782836203170 0.09669912606477737 2370
1782836203172 0.29474616050720215 2371
1782836203174 0.07717911899089813 2372
1782836203175 0.005507851950824261 2373
1782836203177 0.08419200032949448 2374
1782836203178 0.18098565936088562 2375
1782836203180 0.20341460406780243 2376
1782836203181 0.04261869564652443 2377
1782836203182 0.25014713406562805 2378
1782836203184 0.25355222821235657 2379
1782836203185 0.08395666629076004 2380
1782836203186 0.27733534574508667 2381
1782836203188 0.06578550487756729 2382
1782836203189 0.03482789173722267 2383
1782836203190 0.16669857501983643 2384
1782836203192 0.13933096826076508 2385
1782836203193 0.09323809295892715 2386
1782836203194 0.1880035698413849 2387
1782836203196 0.10559531301259995 2388
1782836203197 0.08830270171165466 2389
1782836203198 0.07299651950597763 2390
1782836203200 0.06257642060518265 2391
1782836203201 0.12075753509998322 2392
1782836203202 0.36828750371932983 2393
1782836203204 0.04890717566013336 2394
1782836203205 0.11917777359485626 2395
1782836203207 0.09724338352680206 2396
1782836203208 0.08575619012117386 2397
1782836203209 0.18535016477108002 2398
1782836203211 0.056882236152887344 2399
1782836203212 0.17810823023319244 2400
1782836203213 0.032229918986558914 2401
1782836203215 0.08692627400159836 2402
1782836203216 0.3611794710159302 2403
1782836203217 0.36334413290023804 2404
1782836203219 0.11988744884729385 2405
1782836203220 0.1798391044139862 2406
1782836203221 0.1861121654510498 2407
1782836203223 0.2516927719116211 2408
1782836203224 0.20964810252189636 2409
1782836203226 0.08093513548374176 2410
1782836203228 0.03695806860923767 2411
1782836203231 0.23861385881900787 2412
1782836203233 0.11327330023050308 2413
1782836203235 0.04011429101228714 2414
1782836203237 0.36185333132743835 2415
1782836203239 0.40997514128685 2416
1782836203241 0.10525477677583694 2417
1782836203243 0.0871681421995163 2418
1782836203245 0.21461059153079987 2419
1782836203247 0.43463215231895447 2420
1782836203249 0.09009749442338943 2421
1782836203250 0.06782668083906174 2422
1782836203252 0.07754821330308914 2423
1782836203254 0.25194618105888367 2424
1782836203255 0.06907884031534195 2425
1782836203257 0.06542807072401047 2426
1782836203258 0.1571788191795349 2427
1782836203260 0.06925410777330399 2428
1782836203262 0.016740702092647552 2429
1782836203263 0.03637414425611496 2430
1782836203265 0.14831115305423737 2431
1782836203266 0.040519390255212784 2432
1782836203267 0.15235400199890137 2433
1782836203269 0.1395127773284912 2434
1782836203270 0.1271764189004898 2435
1782836203271 0.13031266629695892 2436
1782836203273 0.09308603405952454 2437
1782836203274 0.15593868494033813 2438
1782836203275 0.17631156742572784 2439
1782836203277 0.3326466381549835 2440
1782836203278 0.046069707721471786 2441
1782836203279 0.028031866997480392 2442
1782836203281 0.07504676282405853 2443
1782836203282 0.11529701203107834 2444
1782836203284 0.09774484485387802 2445
1782836203285 0.051070477813482285 2446
1782836203286 0.051412977278232574 2447
1782836203288 0.04395657032728195 2448
1782836203289 0.023674283176660538 2449
1782836203290 0.08114633709192276 2450
1782836203292 0.12349364161491394 2451
1782836203293 0.07811567187309265 2452
1782836203294 0.06501127779483795 2453
1782836203296 0.30967456102371216 2454
1782836203297 0.06719988584518433 2455
1782836203298 0.10235455632209778 2456
1782836203300 0.04270949214696884 2457
1782836203301 0.19941683113574982 2458
1782836203302 0.14904014766216278 2459
1782836203304 0.07552067935466766 2460
1782836203305 0.09632950276136398 2461
1782836203306 0.3856950104236603 2462
1782836203308 0.06995102018117905 2463
1782836203309 0.08696781098842621 2464
1782836203310 0.18383187055587769 2465
1782836203311 0.05198219418525696 2466
1782836203313 0.21785369515419006 2467
1782836203314 0.1563073843717575 2468
1782836203315 0.21817639470100403 2469
1782836203320 0.1311006247997284 2470
1782836203322 0.030750295147299767 2471
1782836203325 0.045911360532045364 2472
1782836203327 0.2573464512825012 2473
1782836203329 0.12928162515163422 2474
1782836203332 0.014169711619615555 2475
1782836203334 0.048961952328681946 2476
1782836203337 0.07660994678735733 2477
1782836203339 0.08803694695234299 2478
1782836203341 0.03195179998874664 2479
1782836203343 0.18032893538475037 2480
1782836203344 0.17006932199001312 2481
1782836203347 0.12613236904144287 2482
1782836203349 0.3365197777748108 2483
1782836203352 0.08851481229066849 2484
1782836203353 0.10236363857984543 2485
1782836203355 0.12153919041156769 2486
1782836203356 0.15158161520957947 2487
1782836203358 0.2699469327926636 2488
1782836203359 0.12520046532154083 2489
1782836203361 0.22218063473701477 2490
1782836203362 0.014008888974785805 2491
1782836203363 0.07728183269500732 2492
1782836203365 0.07681617885828018 2493
1782836203366 0.10002803057432175 2494
1782836203368 0.33717894554138184 2495
1782836203369 0.194481760263443 2496
1782836203370 0.31793421506881714 2497
1782836203372 0.5286569595336914 2498
1782836203373 0.11530551314353943 2499
1782836203375 0.1021197959780693 2500
1782836203376 0.18596535921096802 2501
1782836203377 0.10460001230239868 2502
1782836203379 0.21334750950336456 2503
1782836203380 0.0293857641518116 2504
1782836203381 0.18313957750797272 2505
1782836203383 0.11945313960313797 2506
1782836203385 0.07294463366270065 2507
1782836203387 0.05401066690683365 2508
1782836203389 0.024056032299995422 2509
1782836203391 0.09895265102386475 2510
1782836203393 0.15705308318138123 2511
1782836203396 0.16405089199543 2512
1782836203398 0.09514397382736206 2513
1782836203399 0.4586077928543091 2514
1782836203401 0.0722254067659378 2515
1782836203402 0.04813208431005478 2516
1782836203404 0.1309116631746292 2517
1782836203405 0.05713867396116257 2518
1782836203407 0.21580079197883606 2519
1782836203408 0.06608685106039047 2520
1782836203410 0.034197039902210236 2521
1782836203411 0.09016268700361252 2522
1782836203413 0.057890962809324265 2523
1782836203414 0.30742236971855164 2524
1782836203416 0.04808065667748451 2525
1782836203417 0.0248040072619915 2526
1782836203419 0.49763286113739014 2527
1782836203420 0.2105705887079239 2528
1782836203421 0.012369777075946331 2529
1782836203423 0.12860001623630524 2530
1782836203424 0.32970309257507324 2531
1782836203426 0.18949612975120544 2532
1782836203427 0.019188450649380684 2533
1782836203431 0.23000355064868927 2534
1782836203434 0.041994769126176834 2535
1782836203436 0.18633124232292175 2536
1782836203438 0.022122735157608986 2537
1782836203440 0.23900511860847473 2538
1782836203441 0.04277975857257843 2539
1782836203443 0.1373698115348816 2540
1782836203445 0.1257404386997223 2541
1782836203447 0.08199024200439453 2542
1782836203449 0.34215226769447327 2543
1782836203451 0.1933286339044571 2544
1782836203452 0.09216707944869995 2545
1782836203454 0.13481272757053375 2546
1782836203455 0.023453406989574432 2547
1782836203457 0.07372332364320755 2548
1782836203459 0.12502329051494598 2549
1782836203461 0.4103694260120392 2550
1782836203462 0.23892532289028168 2551
1782836203464 0.14878028631210327 2552
1782836203466 0.021522467955946922 2553
1782836203467 0.060069382190704346 2554
1782836203469 0.03643902763724327 2555
1782836203471 0.220394566655159 2556
1782836203472 0.28217804431915283 2557
1782836203474 0.3032691776752472 2558
1782836203475 0.15642492473125458 2559
1782836203477 0.17282207310199738 2560
1782836203478 0.035991083830595016 2561
1782836203480 0.17795294523239136 2562
1782836203482 0.08957812935113907 2563
1782836203483 0.2856650650501251 2564
1782836203485 0.15806831419467926 2565
1782836203486 0.08609195798635483 2566
1782836203488 0.13033151626586914 2567
1782836203490 0.06536594778299332 2568
1782836203491 0.04277925565838814 2569
1782836203493 0.3120841383934021 2570
1782836203495 0.2826875150203705 2571
1782836203496 0.18983471393585205 2572
1782836203498 0.37332168221473694 2573
1782836203499 0.1501314640045166 2574
1782836203501 0.0953567773103714 2575
1782836203503 0.0595245286822319 2576
1782836203504 0.03725142404437065 2577
1782836203506 0.36785656213760376 2578
1782836203508 0.26827576756477356 2579
1782836203509 0.1506960541009903 2580
1782836203511 0.15869206190109253 2581
1782836203513 0.18895331025123596 2582
1782836203514 0.09236524999141693 2583
1782836203516 0.04266096279025078 2584
1782836203517 0.15833400189876556 2585
1782836203519 0.11751943081617355 2586
1782836203521 0.07290488481521606 2587
1782836203523 0.05971626937389374 2588
1782836203524 0.20136064291000366 2589
1782836203526 0.25443559885025024 2590
1782836203527 0.16590259969234467 2591
1782836203529 0.07034055888652802 2592
1782836203530 0.07410044223070145 2593
1782836203532 0.09450770169496536 2594
1782836203533 0.04156055673956871 2595
1782836203535 0.05835394188761711 2596
1782836203536 0.17929412424564362 2597
1782836203538 0.3731538951396942 2598
1782836203539 0.2404329627752304 2599
1782836203540 0.06162576749920845 2600
1782836203542 0.050703015178442 2601
1782836203543 0.2357301563024521 2602
1782836203545 0.20199209451675415 2603
1782836203546 0.0632711872458458 2604
1782836203548 0.22865767776966095 2605
1782836203549 0.1730252206325531 2606
1782836203551 0.022883424535393715 2607
1782836203552 0.16690288484096527 2608
1782836203553 0.1603897213935852 2609
1782836203555 0.014272425323724747 2610
1782836203556 0.3596033751964569 2611
1782836203557 0.05805160850286484 2612
1782836203560 0.10242054611444473 2613
1782836203562 0.32117441296577454 2614
1782836203565 0.08519456535577774 2615
1782836203567 0.048217546194791794 2616
1782836203568 0.03705540671944618 2617
1782836203570 0.09316689521074295 2618
1782836203572 0.11603805422782898 2619
1782836203573 0.027713196352124214 2620
1782836203575 0.050070829689502716 2621
1782836203576 0.09133588522672653 2622
1782836203578 0.04315629228949547 2623
1782836203580 0.014542989432811737 2624
1782836203581 0.08860974758863449 2625
1782836203583 0.10562437772750854 2626
1782836203584 0.06924692541360855 2627
1782836203586 0.19843006134033203 2628
1782836203587 0.10143126547336578 2629
1782836203589 0.1786443144083023 2630
1782836203590 0.028530264273285866 2631
1782836203592 0.06372816860675812 2632
1782836203594 0.2952413558959961 2633
1782836203595 0.05032495781779289 2634
1782836203597 0.04605478793382645 2635
1782836203599 0.07095034420490265 2636
1782836203600 0.10257818549871445 2637
1782836203602 0.12439928203821182 2638
1782836203603 0.08821234107017517 2639
1782836203605 0.24129942059516907 2640
1782836203606 0.03943495452404022 2641
1782836203608 0.09697549045085907 2642
1782836203609 0.16532175242900848 2643
1782836203611 0.1564367115497589 2644
1782836203612 0.0910927951335907 2645
1782836203614 0.051050618290901184 2646
1782836203616 0.020926687866449356 2647
1782836203617 0.06224992498755455 2648
1782836203619 0.025857584550976753 2649
1782836203620 0.22028788924217224 2650
1782836203622 0.12146871536970139 2651
1782836203623 0.07135672122240067 2652
1782836203625 0.11414387077093124 2653
1782836203627 0.06420531868934631 2654
1782836203628 0.15807853639125824 2655
1782836203630 0.03554315119981766 2656
1782836203631 0.29851680994033813 2657
1782836203633 0.057093724608421326 2658
1782836203635 0.1258169412612915 2659
1782836203636 0.033090025186538696 2660
1782836203638 0.5019461512565613 2661
1782836203640 0.09336866438388824 2662
1782836203641 0.17249727249145508 2663
1782836203643 0.05997338891029358 2664
1782836203644 0.13655881583690643 2665
1782836203646 0.3064885139465332 2666
1782836203647 0.17086289823055267 2667
1782836203649 0.05851772800087929 2668
1782836203650 0.15350724756717682 2669
1782836203652 0.15876586735248566 2670
1782836203654 0.10799018293619156 2671
1782836203656 0.21726685762405396 2672
1782836203658 0.27972444891929626 2673
1782836203659 0.1816435307264328 2674
1782836203661 0.057628609240055084 2675
1782836203663 0.017115864902734756 2676
1782836203665 0.17266255617141724 2677
1782836203667 0.2526739537715912 2678
1782836203669 0.044619832187891006 2679
1782836203671 0.1072683036327362 2680
1782836203672 0.07623520493507385 2681
1782836203674 0.3189069330692291 2682
1782836203675 0.258616179227829 2683
1782836203677 0.04998723044991493 2684
1782836203678 0.1571163535118103 2685
1782836203680 0.06643199920654297 2686
1782836203682 0.4581449627876282 2687
1782836203684 0.8129084706306458 2688
1782836203686 0.047179508954286575 2689
1782836203688 0.15366502106189728 2690
1782836203690 0.07321338355541229 2691
1782836203692 0.10223663598299026 2692
1782836203693 0.04871109500527382 2693
1782836203695 0.37408334016799927 2694
1782836203697 0.23422829806804657 2695
1782836203698 0.16423508524894714 2696
1782836203700 0.22067891061306 2697
1782836203701 0.32799461483955383 2698
1782836203703 0.5171909928321838 2699
1782836203704 0.3299633264541626 2700
1782836203706 0.08608678728342056 2701
1782836203708 0.03686429187655449 2702
1782836203709 0.13922855257987976 2703
1782836203711 0.057974010705947876 2704
1782836203712 0.03209353983402252 2705
1782836203714 0.2265353798866272 2706
1782836203715 0.534076452255249 2707
1782836203717 0.15733130276203156 2708
1782836203719 0.1329338699579239 2709
1782836203720 0.07197756320238113 2710
1782836203722 0.07134108990430832 2711
1782836203723 0.072549968957901 2712
1782836203725 0.04633275792002678 2713
1782836203727 0.18368639051914215 2714
1782836203728 0.09281370788812637 2715
1782836203730 0.38247358798980713 2716
1782836203732 0.0572967529296875 2717
1782836203733 0.06801696121692657 2718
1782836203735 0.32967251539230347 2719
1782836203736 0.33087611198425293 2720
1782836203738 0.05870676413178444 2721
1782836203739 0.02774462103843689 2722
1782836203740 0.1687147468328476 2723
1782836203743 0.3505706489086151 2724
1782836203745 0.19822822511196136 2725
1782836203747 0.012656663544476032 2726
1782836203749 0.12364789098501205 2727
1782836203751 0.15336480736732483 2728
1782836203753 0.03694763034582138 2729
1782836203755 0.07862943410873413 2730
1782836203756 0.04102623462677002 2731
1782836203758 0.13640747964382172 2732
1782836203760 0.05724305287003517 2733
1782836203762 0.05085998773574829 2734
1782836203764 0.10076717287302017 2735
1782836203765 0.2495284229516983 2736
1782836203766 0.21678543090820312 2737
1782836203767 0.03405153006315231 2738
1782836203769 0.1112341657280922 2739
1782836203771 0.37969970703125 2740
1782836203773 0.06569910794496536 2741
1782836203774 0.05376581847667694 2742
1782836203776 0.03597448766231537 2743
1782836203777 0.04975931718945503 2744
1782836203779 0.21730384230613708 2745
1782836203780 0.10988406091928482 2746
1782836203782 0.1602620631456375 2747
1782836203783 0.08474910259246826 2748
1782836203784 0.15167950093746185 2749
1782836203786 0.08603337407112122 2750
1782836203787 0.054990265518426895 2751
1782836203788 0.15313827991485596 2752
1782836203790 0.15588626265525818 2753
1782836203791 0.11366726458072662 2754
1782836203792 0.18033051490783691 2755
1782836203794 0.02629763074219227 2756
1782836203795 0.18148094415664673 2757
1782836203796 0.05325638875365257 2758
1782836203797 0.07385663688182831 2759
1782836203799 0.14942863583564758 2760
1782836203800 0.013886531814932823 2761
1782836203801 0.05468417704105377 2762
1782836203803 0.1357276439666748 2763
1782836203804 0.05868354067206383 2764
1782836203805 0.0843847319483757 2765
1782836203807 0.27210137248039246 2766
1782836203809 0.0468495711684227 2767
1782836203811 0.0746864452958107 2768
1782836203812 0.03890354186296463 2769
1782836203814 0.05075174197554588 2770
1782836203816 0.11682965606451035 2771
1782836203817 0.19669614732265472 2772
1782836203819 0.07378922402858734 2773
1782836203821 0.25421440601348877 2774
1782836203822 0.027581194415688515 2775
1782836203824 0.048069067299366 2776
1782836203826 0.03281092271208763 2777
1782836203828 0.11377578228712082 2778
1782836203829 0.06620718538761139 2779
1782836203831 0.031231604516506195 2780
1782836203832 0.23703931272029877 2781
1782836203833 0.12971928715705872 2782
1782836203835 0.2193073332309723 2783
1782836203837 0.2264261543750763 2784
1782836203839 0.13052043318748474 2785
1782836203840 0.09695140272378922 2786
1782836203842 0.2932613492012024 2787
1782836203843 0.016477255150675774 2788
1782836203845 0.12842367589473724 2789
1782836203846 0.09435459226369858 2790
1782836203847 0.04430151358246803 2791
1782836203849 0.03511267527937889 2792
1782836203850 0.13780780136585236 2793
1782836203851 0.21451708674430847 2794
1782836203853 0.20618051290512085 2795
1782836203854 0.17824779450893402 2796
1782836203855 0.12725964188575745 2797
1782836203857 0.09343209117650986 2798
1782836203858 0.06327959895133972 2799
1782836203859 0.01417976152151823 2800
1782836203861 0.06389293819665909 2801
1782836203862 0.16018842160701752 2802
1782836203863 0.09769360721111298 2803
1782836203865 0.07007624953985214 2804
1782836203866 0.24182014167308807 2805
1782836203868 0.03999149799346924 2806
1782836203869 0.1387825608253479 2807
1782836203870 0.03830323368310928 2808
1782836203871 0.0837758406996727 2809
1782836203873 0.02719615027308464 2810
1782836203874 0.03747248649597168 2811
1782836203875 0.010318298824131489 2812
1782836203877 0.15404486656188965 2813
1782836203878 0.3856421709060669 2814
1782836203879 0.047107551246881485 2815
1782836203881 0.08247973024845123 2816
1782836203882 0.04340275004506111 2817
1782836203883 0.10704580694437027 2818
1782836203884 0.0898451954126358 2819
1782836203886 0.29408398270606995 2820
1782836203887 0.044496435672044754 2821
1782836203888 0.10651964694261551 2822
1782836203889 0.0242996234446764 2823
1782836203891 0.19832417368888855 2824
1782836203892 0.04122547805309296 2825
1782836203893 0.24658828973770142 2826
1782836203895 0.05591964349150658 2827
1782836203896 0.13502974808216095 2828
1782836203898 0.08259791135787964 2829
1782836203900 0.05574529990553856 2830
1782836203902 0.13870075345039368 2831
1782836203903 0.06187601760029793 2832
1782836203905 0.008408569730818272 2833
1782836203907 0.009008176624774933 2834
1782836203909 0.2303965836763382 2835
1782836203911 0.1627153754234314 2836
1782836203913 0.2069094032049179 2837
1782836203915 0.036942191421985626 2838
1782836203916 0.19192524254322052 2839
1782836203918 0.11776348948478699 2840
1782836203919 0.2695913314819336 2841
1782836203921 0.06773512810468674 2842
1782836203922 0.33406537771224976 2843
1782836203924 0.46267077326774597 2844
1782836203926 0.2278597205877304 2845
1782836203928 0.04751124978065491 2846
1782836203930 0.1865316778421402 2847
1782836203932 0.16005733609199524 2848
1782836203934 0.04899049550294876 2849
1782836203937 0.11700914055109024 2850
1782836203939 0.036475230008363724 2851
1782836203940 0.12870217859745026 2852
1782836203942 0.29005950689315796 2853
1782836203944 0.2181464582681656 2854
1782836203946 0.20828978717327118 2855
1782836203948 0.14519937336444855 2856
1782836203949 0.10253172367811203 2857
1782836203951 0.020694030448794365 2858
1782836203952 0.09962226450443268 2859
1782836203954 0.3257289528846741 2860
1782836203956 0.20785319805145264 2861
1782836203957 0.12005370110273361 2862
1782836203959 0.052272118628025055 2863
1782836203960 0.0732765644788742 2864
1782836203961 0.07306493818759918 2865
1782836203963 0.21662795543670654 2866
1782836203964 0.04833563417196274 2867
1782836203965 0.12489739060401917 2868
1782836203967 0.028086666017770767 2869
1782836203968 0.13233792781829834 2870
1782836203969 0.47585299611091614 2871
1782836203971 0.04026532545685768 2872
1782836203972 0.015759302303195 2873
1782836203973 0.32552799582481384 2874
1782836203975 0.2681582570075989 2875
1782836203976 0.08430389314889908 2876
1782836203977 0.1718750149011612 2877
1782836203979 0.11285363882780075 2878
1782836203980 0.16871830821037292 2879
1782836203981 0.1729259341955185 2880
1782836203983 0.05291348695755005 2881
1782836203984 0.06028531864285469 2882
1782836203985 0.06858259439468384 2883
1782836203987 0.1051817312836647 2884
1782836203988 0.49036991596221924 2885
1782836203989 0.11681763082742691 2886
1782836203991 0.06850963830947876 2887
1782836203992 0.06454208493232727 2888
1782836203993 0.14497816562652588 2889
1782836203995 0.07436584681272507 2890
1782836203996 0.10848233103752136 2891
1782836203997 0.022658847272396088 2892
1782836203999 0.06993964314460754 2893
1782836204000 0.21328338980674744 2894
1782836204002 0.07318707555532455 2895
1782836204003 0.12803395092487335 2896
1782836204005 0.08195481449365616 2897
1782836204006 0.06812014430761337 2898
1782836204007 0.04120156913995743 2899
1782836204009 0.39593467116355896 2900
1782836204010 0.08236412703990936 2901
1782836204012 0.2787371575832367 2902
1782836204014 0.10810913145542145 2903
1782836204016 0.03189042583107948 2904
1782836204018 0.07271047681570053 2905
1782836204024 0.19009798765182495 2906
1782836204027 0.15267783403396606 2907
1782836204030 0.3558764159679413 2908
1782836204032 0.1575762927532196 2909
1782836204034 0.24408593773841858 2910
1782836204036 0.14934083819389343 2911
1782836204038 0.18531379103660583 2912
1782836204039 0.3126794397830963 2913
1782836204040 0.0915488600730896 2914
1782836204042 0.09308094531297684 2915
1782836204043 0.24127377569675446 2916
1782836204045 0.13138407468795776 2917
1782836204047 0.02639295533299446 2918
1782836204049 0.5923856496810913 2919
1782836204050 0.1512354612350464 2920
1782836204052 0.022682009264826775 2921
1782836204053 0.33675169944763184 2922
1782836204054 0.09825744479894638 2923
1782836204056 0.11362483352422714 2924
1782836204057 0.33721229434013367 2925
1782836204058 0.12146678566932678 2926
1782836204060 0.2739962339401245 2927
1782836204061 0.12241126596927643 2928
1782836204062 0.19209451973438263 2929
1782836204064 0.08928155153989792 2930
1782836204065 0.15662728250026703 2931
1782836204066 0.07516883313655853 2932
1782836204068 0.15448831021785736 2933
1782836204069 0.2518310248851776 2934
1782836204070 0.1525477170944214 2935
1782836204072 0.18075530230998993 2936
1782836204073 0.09100431203842163 2937
1782836204074 0.2857889235019684 2938
1782836204076 0.1879149228334427 2939
1782836204077 0.16596195101737976 2940
1782836204078 0.18941186368465424 2941
1782836204080 0.1515672206878662 2942
1782836204081 0.20282870531082153 2943
1782836204082 0.3601914942264557 2944
1782836204084 0.204156756401062 2945
1782836204085 0.3115310072898865 2946
1782836204086 0.3764088451862335 2947
1782836204088 0.2551555335521698 2948
1782836204090 0.29487431049346924 2949
1782836204092 0.12496309727430344 2950
1782836204094 0.2279154360294342 2951
1782836204096 0.1446683406829834 2952
1782836204098 0.24261221289634705 2953
1782836204099 0.11559383571147919 2954
1782836204101 0.04874052479863167 2955
1782836204103 0.1822819858789444 2956
1782836204105 0.0703883245587349 2957
1782836204107 0.14346516132354736 2958
1782836204108 0.04829803481698036 2959
1782836204110 0.2892949879169464 2960
1782836204112 0.05531017482280731 2961
1782836204114 0.22445635497570038 2962
1782836204116 0.0122746666893363 2963
1782836204118 0.11758314818143845 2964
1782836204119 0.02940310910344124 2965
1782836204121 0.24230968952178955 2966
1782836204122 0.14376728236675262 2967
1782836204124 0.528580367565155 2968
1782836204125 0.18590572476387024 2969
1782836204126 0.12087459117174149 2970
1782836204128 0.013344701379537582 2971
1782836204129 0.01985326036810875 2972
1782836204130 0.08605831861495972 2973
1782836204132 0.08033664524555206 2974
1782836204133 0.15854156017303467 2975
1782836204134 0.16006028652191162 2976
1782836204136 0.07135830819606781 2977
1782836204137 0.13741560280323029 2978
1782836204138 0.022463135421276093 2979
1782836204139 0.24673131108283997 2980
1782836204141 0.0368574857711792 2981
1782836204142 0.1061515137553215 2982
1782836204143 0.06536314636468887 2983
1782836204145 0.21905577182769775 2984
1782836204146 0.3481283485889435 2985
1782836204147 0.11441726982593536 2986
1782836204149 0.06748052686452866 2987
1782836204150 0.039355918765068054 2988
1782836204151 0.05430063605308533 2989
1782836204153 0.11577192693948746 2990
1782836204154 0.0537903718650341 2991
1782836204156 0.16979241371154785 2992
1782836204157 0.18341316282749176 2993
1782836204158 0.14169083535671234 2994
1782836204160 0.029768532142043114 2995
1782836204161 0.08435411006212234 2996
1782836204162 0.12624302506446838 2997
1782836204164 0.07465050369501114 2998
1782836204165 0.16301017999649048 2999
1782836204167 0.04171987250447273 3000
1782836204168 0.1270468831062317 3001
1782836204169 0.09338273853063583 3002
1782836204171 0.06762529909610748 3003
1782836204172 0.10623284429311752 3004
1782836204174 0.10861562192440033 3005
1782836204175 0.009561987593770027 3006
1782836204176 0.21462367475032806 3007
1782836204178 0.2807547152042389 3008
1782836204179 0.03506659343838692 3009
1782836204180 0.13738161325454712 3010
1782836204182 0.08723320811986923 3011
1782836204183 0.024851685389876366 3012
1782836204185 0.05567224323749542 3013
1782836204187 0.2229963093996048 3014
1782836204189 0.03023812733590603 3015
1782836204191 0.02429932914674282 3016
1782836204193 0.04968617111444473 3017
1782836204195 0.46529701352119446 3018
1782836204197 0.07771547138690948 3019
1782836204198 0.07208600640296936 3020
1782836204200 0.054424311965703964 3021
1782836204202 0.13210034370422363 3022
1782836204204 0.13569879531860352 3023
1782836204206 0.04220543056726456 3024
1782836204207 0.21630436182022095 3025
1782836204209 0.06309813261032104 3026
1782836204211 0.13010174036026 3027
1782836204213 0.04381341114640236 3028
1782836204215 0.04356343299150467 3029
1782836204217 0.012025165371596813 3030
1782836204218 0.20345249772071838 3031
1782836204220 0.09643317759037018 3032
1782836204221 0.10372158885002136 3033
1782836204223 0.1444123089313507 3034
1782836204224 0.21307367086410522 3035
1782836204226 0.22260798513889313 3036
1782836204227 0.052685391157865524 3037
1782836204228 0.1265454888343811 3038
1782836204230 0.04328189417719841 3039
1782836204231 0.19213351607322693 3040
1782836204233 0.06222895160317421 3041
1782836204234 0.14397357404232025 3042
1782836204235 0.3379993140697479 3043
1782836204237 0.20392285287380219 3044
1782836204239 0.04658019542694092 3045
1782836204240 0.24209800362586975 3046
1782836204242 0.009667833335697651 3047
1782836204243 0.08850468695163727 3048
1782836204244 0.027850832790136337 3049
1782836204245 0.2868610918521881 3050
1782836204247 0.02631787210702896 3051
1782836204248 0.10468829423189163 3052
1782836204249 0.06870238482952118 3053
1782836204251 0.3067707419395447 3054
1782836204252 0.2100156843662262 3055
1782836204253 0.11740097403526306 3056
1782836204255 0.08372706919908524 3057
1782836204256 0.07704117894172668 3058
1782836204258 0.03556251525878906 3059
1782836204259 0.04003099724650383 3060
1782836204260 0.020700868219137192 3061
1782836204261 0.09694487601518631 3062
1782836204263 0.2840198576450348 3063
1782836204264 0.160913348197937 3064
1782836204266 0.14357389509677887 3065
1782836204268 0.03560398146510124 3066
1782836204270 0.302670419216156 3067
1782836204271 0.022409195080399513 3068
1782836204273 0.014081188477575779 3069
1782836204275 0.1693880707025528 3070
1782836204276 0.236810103058815 3071
1782836204278 0.040518566966056824 3072
1782836204280 0.15044185519218445 3073
1782836204282 0.1508159190416336 3074
1782836204283 0.4356538653373718 3075
1782836204285 0.17295575141906738 3076
1782836204287 0.17475195229053497 3077
1782836204288 0.2719416916370392 3078
1782836204290 0.04342257231473923 3079
1782836204291 0.08156033605337143 3080
1782836204300 0.03682459145784378 3081
1782836204302 0.037512924522161484 3082
1782836204304 0.040714532136917114 3083
1782836204306 0.011901249177753925 3084
1782836204307 0.016089223325252533 3085
1782836204309 0.05052429810166359 3086
1782836204311 0.2347804307937622 3087
1782836204312 0.09661369025707245 3088
1782836204313 0.10571517050266266 3089
1782836204315 0.02757241763174534 3090
1782836204316 0.03977229446172714 3091
1782836204318 0.015505338087677956 3092
1782836204319 0.06927983462810516 3093
1782836204321 0.02743816003203392 3094
1782836204322 0.136299729347229 3095
1782836204324 0.26083317399024963 3096
1782836204325 0.03142493590712547 3097
1782836204327 0.32508617639541626 3098
1782836204328 0.13959085941314697 3099
1782836204330 0.03906171768903732 3100
1782836204332 0.06234278902411461 3101
1782836204334 0.11006312072277069 3102
1782836204335 0.0646984726190567 3103
1782836204337 0.35027647018432617 3104
1782836204338 0.16893167793750763 3105
1782836204340 0.14644384384155273 3106
1782836204342 0.21789708733558655 3107
1782836204343 0.35475099086761475 3108
1782836204345 0.01642479933798313 3109
1782836204347 0.08187540620565414 3110
1782836204348 0.07105647027492523 3111
1782836204350 0.049560025334358215 3112
1782836204351 0.24794112145900726 3113
1782836204353 0.060057494789361954 3114
1782836204354 0.32429617643356323 3115
1782836204355 0.26377391815185547 3116
1782836204357 0.10989528894424438 3117
1782836204359 0.12281511723995209 3118
1782836204360 0.12912039458751678 3119
1782836204362 0.023113010451197624 3120
1782836204363 0.1881343424320221 3121
1782836204365 0.09675068408250809 3122
1782836204366 0.27357250452041626 3123
1782836204368 0.06792441755533218 3124
1782836204369 0.14369015395641327 3125
1782836204371 0.015803717076778412 3126
1782836204372 0.19481027126312256 3127
1782836204373 0.06385235488414764 3128
1782836204375 0.07205262780189514 3129
1782836204376 0.2901850938796997 3130
1782836204377 0.10404520481824875 3131
1782836204379 0.07352226227521896 3132
1782836204380 0.054191045463085175 3133
1782836204381 0.0584375262260437 3134
1782836204383 0.18489563465118408 3135
1782836204384 0.10337657481431961 3136
1782836204386 0.08980540186166763 3137
1782836204387 0.083005391061306 3138
1782836204388 0.4094776213169098 3139
1782836204389 0.0714590921998024 3140
1782836204391 0.03480127453804016 3141
1782836204392 0.12942460179328918 3142
1782836204393 0.06770545244216919 3143
1782836204395 0.10117164254188538 3144
1782836204396 0.1025342121720314 3145
1782836204397 0.31811821460723877 3146
1782836204399 0.25694456696510315 3147
1782836204400 0.029289331287145615 3148
1782836204402 0.2933740019798279 3149
1782836204403 0.10895140469074249 3150
1782836204404 0.12066521495580673 3151
1782836204405 0.03382940962910652 3152
1782836204407 0.036253027617931366 3153
1782836204408 0.1378137469291687 3154
1782836204410 0.2833794951438904 3155
1782836204411 0.13303743302822113 3156
1782836204412 0.10854106396436691 3157
1782836204414 0.15080393850803375 3158
1782836204415 0.11573155969381332 3159
1782836204416 0.14077351987361908 3160
1782836204418 0.2981472611427307 3161
1782836204419 0.17238980531692505 3162
1782836204420 0.10183683037757874 3163
1782836204422 0.0775238499045372 3164
1782836204423 0.1643114686012268 3165
1782836204424 0.10579963028430939 3166
1782836204426 0.04827362671494484 3167
1782836204427 0.16475166380405426 3168
1782836204429 0.07719828188419342 3169
1782836204430 0.05071236565709114 3170
1782836204431 0.06914769113063812 3171
1782836204436 0.047814417630434036 3172
1782836204438 0.14994513988494873 3173
1782836204440 0.16746950149536133 3174
1782836204442 0.23668064177036285 3175
1782836204443 0.04584208130836487 3176
1782836204445 0.059205926954746246 3177
1782836204447 0.13096503913402557 3178
1782836204448 0.1018606647849083 3179
1782836204450 0.28848996758461 3180
1782836204452 0.06344341486692429 3181
1782836204454 0.11142373830080032 3182
1782836204455 0.2405112385749817 3183
1782836204456 0.06554773449897766 3184
1782836204458 0.0701255276799202 3185
1782836204459 0.05606500431895256 3186
1782836204461 0.02326218970119953 3187
1782836204463 0.0928734838962555 3188
1782836204465 0.09760339558124542 3189
1782836204466 0.04670053347945213 3190
1782836204468 0.21703696250915527 3191
1782836204469 0.2106654942035675 3192
1782836204471 0.07556222379207611 3193
1782836204472 0.19467271864414215 3194
1782836204474 0.0587303452193737 3195
1782836204475 0.06587255746126175 3196
1782836204476 0.055524978786706924 3197
1782836204478 0.05631859973073006 3198
1782836204479 0.08026210218667984 3199
1782836204480 0.1413675844669342 3200
1782836204482 0.05116816237568855 3201
1782836204483 0.059014253318309784 3202
1782836204484 0.11771881580352783 3203
1782836204485 0.04244830086827278 3204
1782836204487 0.013095466420054436 3205
1782836204488 0.03964793682098389 3206
1782836204489 0.19707287847995758 3207
1782836204491 0.14219239354133606 3208
1782836204492 0.029161928221583366 3209
1782836204493 0.19132594764232635 3210
1782836204495 0.08584669977426529 3211
1782836204496 0.0434831827878952 3212
1782836204497 0.435091495513916 3213
1782836204498 0.07568476349115372 3214
1782836204500 0.05322290584445 3215
1782836204501 0.11851626634597778 3216
1782836204502 0.20608022809028625 3217
1782836204504 0.4347670078277588 3218
1782836204505 0.058589790016412735 3219
1782836204506 0.08734901249408722 3220
1782836204508 0.05431468039751053 3221
1782836204509 0.09071022272109985 3222
1782836204510 0.04101036489009857 3223
1782836204511 0.18259777128696442 3224
1782836204513 0.22461993992328644 3225
1782836204514 0.09527722746133804 3226
1782836204515 0.017169350758194923 3227
1782836204517 0.14949694275856018 3228
1782836204518 0.16544251143932343 3229
1782836204519 0.018078507855534554 3230
1782836204521 0.08070855587720871 3231
1782836204523 0.10110503435134888 3232
1782836204524 0.216106116771698 3233
1782836204525 0.1965719610452652 3234
1782836204527 0.057719886302948 3235
1782836204529 0.045716892927885056 3236
1782836204531 0.143865168094635 3237
1782836204533 0.07412664592266083 3238
1782836204534 0.03764450550079346 3239
1782836204536 0.0760539323091507 3240
1782836204538 0.21467332541942596 3241
1782836204540 0.18962834775447845 3242
1782836204542 0.03050619177520275 3243
1782836204544 0.04068563133478165 3244
1782836204546 0.03738978132605553 3245
1782836204549 0.010116090066730976 3246
1782836204551 0.1226722002029419 3247
1782836204553 0.05805949866771698 3248
1782836204555 0.18966248631477356 3249
1782836204558 0.19181297719478607 3250
1782836204560 0.034516602754592896 3251
1782836204562 0.13201196491718292 3252
1782836204564 0.04720090329647064 3253
1782836204566 0.10074859112501144 3254
1782836204568 0.1823505312204361 3255
1782836204569 0.037534866482019424 3256
1782836204571 0.1829976737499237 3257
1782836204573 0.12192141264677048 3258
1782836204575 0.018884746357798576 3259
1782836204578 0.31762635707855225 3260
1782836204579 0.05836305767297745 3261
1782836204581 0.25840887427330017 3262
1782836204583 0.31549960374832153 3263
1782836204585 0.15248064696788788 3264
1782836204586 0.02217983640730381 3265
1782836204587 0.17022109031677246 3266
1782836204589 0.0879199206829071 3267
1782836204591 0.026020031422376633 3268
1782836204592 0.015080899931490421 3269
1782836204594 0.24439001083374023 3270
1782836204596 0.2945559322834015 3271
1782836204598 0.12476363778114319 3272
1782836204599 0.2941267788410187 3273
1782836204601 0.2785504460334778 3274
1782836204602 0.22135628759860992 3275
1782836204603 0.1832956075668335 3276
1782836204605 0.2445993423461914 3277
1782836204606 0.11545966565608978 3278
1782836204608 0.10685162991285324 3279
1782836204609 0.09896192699670792 3280
1782836204610 0.030670639127492905 3281
1782836204612 0.27646321058273315 3282
1782836204614 0.017656486481428146 3283
1782836204616 0.1387326568365097 3284
1782836204618 0.09313984215259552 3285
1782836204619 0.22214509546756744 3286
1782836204621 0.16638782620429993 3287
1782836204623 0.03767823800444603 3288
1782836204624 0.06643098592758179 3289
1782836204626 0.1906157284975052 3290
1782836204628 0.24245423078536987 3291
1782836204630 0.32895463705062866 3292
1782836204631 0.14507979154586792 3293
1782836204633 0.10654281079769135 3294
1782836204635 0.10317201912403107 3295
1782836204637 0.02863803133368492 3296
1782836204638 0.09606814384460449 3297
1782836204640 0.08640511333942413 3298
1782836204642 0.3056115508079529 3299
1782836204643 0.028947288170456886 3300
1782836204645 0.08477740734815598 3301
1782836204647 0.04444730281829834 3302
1782836204648 0.068425253033638 3303
1782836204650 0.08814768493175507 3304
1782836204652 0.1489318609237671 3305
1782836204653 0.16937735676765442 3306
1782836204655 0.1049947664141655 3307
1782836204657 0.16027362644672394 3308
1782836204658 0.02544916607439518 3309
1782836204660 0.06559061259031296 3310
1782836204662 0.14451029896736145 3311
1782836204664 0.03574332222342491 3312
1782836204665 0.31060147285461426 3313
1782836204667 0.12940655648708344 3314
1782836204669 0.3047488033771515 3315
1782836204671 0.09635261446237564 3316
1782836204673 0.0027307390701025724 3317
1782836204675 0.037270475178956985 3318
1782836204677 0.047233615070581436 3319
1782836204679 0.20148026943206787 3320
1782836204681 0.23933739960193634 3321
1782836204683 0.1355770379304886 3322
1782836204685 0.06705714017152786 3323
1782836204687 0.02524823695421219 3324
1782836204689 0.2571870982646942 3325
1782836204691 0.4612184464931488 3326
1782836204692 0.05142483487725258 3327
1782836204694 0.06288392841815948 3328
1782836204695 0.022363761439919472 3329
1782836204697 0.039983898401260376 3330
1782836204699 0.15368247032165527 3331
1782836204701 0.08280965685844421 3332
1782836204703 0.08195286244153976 3333
1782836204706 0.08943285048007965 3334
1782836204708 0.1292862892150879 3335
1782836204710 0.2250981479883194 3336
1782836204712 0.1102428138256073 3337
1782836204713 0.16549617052078247 3338
1782836204715 0.09305299073457718 3339
1782836204716 0.12709268927574158 3340
1782836204718 0.014472497627139091 3341
1782836204719 0.03103243187069893 3342
1782836204721 0.07199093699455261 3343
1782836204722 0.07031488418579102 3344
1782836204724 0.23749321699142456 3345
1782836204725 0.13263800740242004 3346
1782836204727 0.08452647924423218 3347
1782836204728 0.017143940553069115 3348
1782836204730 0.13674290478229523 3349
1782836204731 0.01762480102479458 3350
1782836204732 0.10273488610982895 3351
1782836204734 0.0365229956805706 3352
1782836204735 0.022453302517533302 3353
1782836204737 0.11095108836889267 3354
1782836204739 0.09524852782487869 3355
1782836204741 0.18545414507389069 3356
1782836204742 0.2547154724597931 3357
1782836204744 0.0634823590517044 3358
1782836204746 0.17409726977348328 3359
1782836204747 0.22628919780254364 3360
1782836204749 0.12820881605148315 3361
1782836204751 0.006533083971589804 3362
1782836204753 0.04578624665737152 3363
1782836204754 0.14924663305282593 3364
1782836204756 0.05163048580288887 3365
1782836204758 0.22986191511154175 3366
1782836204760 0.12705254554748535 3367
1782836204761 0.018393680453300476 3368
1782836204763 0.08809181302785873 3369
1782836204765 0.13394643366336823 3370
1782836204767 0.2763168513774872 3371
1782836204769 0.062288589775562286 3372
1782836204770 0.08145110309123993 3373
1782836204772 0.12400056421756744 3374
1782836204774 0.16184689104557037 3375
1782836204776 0.01683180220425129 3376
1782836204778 0.06528116017580032 3377
1782836204779 0.17169742286205292 3378
1782836204781 0.11072569340467453 3379
1782836204782 0.09373123943805695 3380
1782836204783 0.22075170278549194 3381
1782836204785 0.2552952170372009 3382
1782836204787 0.03840551897883415 3383
1782836204789 0.1348452866077423 3384
1782836204791 0.03989656642079353 3385
1782836204793 0.0503821037709713 3386
1782836204795 0.1804935187101364 3387
1782836204797 0.0933600664138794 3388
1782836204799 0.3003405034542084 3389
1782836204802 0.13551683723926544 3390
1782836204804 0.025478271767497063 3391
1782836204806 0.022944046184420586 3392
1782836204808 0.3754351735115051 3393
1782836204809 0.14909766614437103 3394
1782836204811 0.13594204187393188 3395
1782836204812 0.16734105348587036 3396
1782836204814 0.22442516684532166 3397
1782836204816 0.1247994676232338 3398
1782836204819 0.03593127802014351 3399
1782836204820 0.02697114832699299 3400
1782836204822 0.032607533037662506 3401
1782836204823 0.04433209449052811 3402
1782836204825 0.01752840168774128 3403
1782836204826 0.019226552918553352 3404
1782836204828 0.0036257740575820208 3405
1782836204829 0.168983593583107 3406
1782836204831 0.21584638953208923 3407
1782836204832 0.029262086376547813 3408
1782836204834 0.02277446538209915 3409
1782836204835 0.043834246695041656 3410
1782836204837 0.032314788550138474 3411
1782836204838 0.03612324967980385 3412
1782836204840 0.12160180509090424 3413
1782836204841 0.03442983701825142 3414
1782836204843 0.2470739781856537 3415
1782836204844 0.19880874454975128 3416
1782836204846 0.015475430525839329 3417
1782836204847 0.10436440259218216 3418
1782836204848 0.17068816721439362 3419
1782836204850 0.05869082361459732 3420
1782836204851 0.059141650795936584 3421
1782836204853 0.42229583859443665 3422
1782836204855 0.026220139116048813 3423
1782836204856 0.08784114569425583 3424
1782836204858 0.24316193163394928 3425
1782836204859 0.25337743759155273 3426
1782836204860 0.30508288741111755 3427
1782836204862 0.21073763072490692 3428
1782836204863 0.24901647865772247 3429
1782836204865 0.28908973932266235 3430
1782836204866 0.09011079370975494 3431
1782836204867 0.028062010183930397 3432
1782836204869 0.2698102295398712 3433
1782836204871 0.25856882333755493 3434
1782836204873 0.10662750154733658 3435
1782836204874 0.02908136136829853 3436
1782836204876 0.1296326071023941 3437
1782836204878 0.4617699682712555 3438
1782836204880 0.332282692193985 3439
1782836204882 0.14636211097240448 3440
1782836204884 0.044126614928245544 3441
1782836204887 0.2174978256225586 3442
1782836204889 0.16622291505336761 3443
1782836204891 0.47066864371299744 3444
1782836204892 0.07516233623027802 3445
1782836204894 0.12015755474567413 3446
1782836204895 0.15481045842170715 3447
1782836204897 0.19077551364898682 3448
1782836204899 0.09204399585723877 3449
1782836204901 0.41515740752220154 3450
1782836204903 0.10027425736188889 3451
1782836204905 0.13964128494262695 3452
1782836204906 0.119896799325943 3453
1782836204908 0.03686525672674179 3454
1782836204910 0.11763660609722137 3455
1782836204911 0.08882451802492142 3456
1782836204913 0.33053097128868103 3457
1782836204914 0.32527685165405273 3458
1782836204916 0.11796501278877258 3459
1782836204918 0.054094042629003525 3460
1782836204919 0.2841970920562744 3461
1782836204921 0.09335397183895111 3462
1782836204922 0.07767168432474136 3463
1782836204924 0.08045769482851028 3464
1782836204925 0.24011950194835663 3465
1782836204927 0.026507442817091942 3466
1782836204928 0.04336509108543396 3467
1782836204930 0.14378465712070465 3468
1782836204931 0.1194532960653305 3469
1782836204933 0.0628037378191948 3470
1782836204934 0.23760144412517548 3471
1782836204936 0.26594308018684387 3472
1782836204938 0.05890969932079315 3473
1782836204939 0.009827747941017151 3474
1782836204942 0.060918305069208145 3475
1782836204943 0.11213777214288712 3476
1782836204945 0.3321647644042969 3477
1782836204947 0.12025012075901031 3478
1782836204948 0.05241258442401886 3479
1782836204950 0.010683659464120865 3480
1782836204951 0.034083448350429535 3481
1782836204953 0.264858216047287 3482
1782836204954 0.018382620066404343 3483
1782836204956 0.04987824335694313 3484
1782836204958 0.12022712826728821 3485
1782836204959 0.1129075139760971 3486
1782836204961 0.08947387337684631 3487
1782836204962 0.029554879292845726 3488
1782836204964 0.04408284276723862 3489
1782836204965 0.018330426886677742 3490
1782836204967 0.5236019492149353 3491
1782836204969 0.08686551451683044 3492
1782836204970 0.110916368663311 3493
1782836204972 0.10456378757953644 3494
1782836204973 0.0448332279920578 3495
1782836204975 0.028014441952109337 3496
1782836204976 0.06109776720404625 3497
1782836204978 0.17483150959014893 3498
1782836204980 0.10182354599237442 3499
1782836204981 0.1269037127494812 3500
1782836204982 0.006830133497714996 3501
1782836204984 0.15049555897712708 3502
1782836204985 0.19327393174171448 3503
1782836204987 0.04430194944143295 3504
1782836204988 0.08705736696720123 3505
1782836204990 0.06937146186828613 3506
1782836204992 0.04244591295719147 3507
1782836204994 0.08549165725708008 3508
1782836204996 0.18456535041332245 3509
1782836204998 0.02129182033240795 3510
1782836205000 0.13345788419246674 3511
1782836205002 0.23198114335536957 3512
1782836205004 0.3265344500541687 3513
1782836205005 0.044937118887901306 3514
1782836205007 0.19575397670269012 3515
1782836205009 0.03129396215081215 3516
1782836205010 0.10412272810935974 3517
1782836205012 0.06855905801057816 3518
1782836205013 0.04727254435420036 3519
1782836205014 0.1445934772491455 3520
1782836205016 0.11411300301551819 3521
1782836205018 0.08544234931468964 3522
1782836205020 0.3922792375087738 3523
1782836205022 0.03395942971110344 3524
1782836205023 0.16371522843837738 3525
1782836205025 0.14478939771652222 3526
1782836205027 0.04598412662744522 3527
1782836205028 0.20369337499141693 3528
1782836205030 0.12629355490207672 3529
1782836205031 0.09231284260749817 3530
1782836205033 0.12788452208042145 3531
1782836205034 0.006543973460793495 3532
1782836205036 0.19266414642333984 3533
1782836205037 0.09290440380573273 3534
1782836205039 0.1991633176803589 3535
1782836205041 0.18710856139659882 3536
1782836205044 0.053093887865543365 3537
1782836205046 0.18161946535110474 3538
1782836205048 0.027747467160224915 3539
1782836205050 0.0685851201415062 3540
1782836205052 0.011105739511549473 3541
1782836205054 0.06848965585231781 3542
1782836205056 0.2564253509044647 3543
1782836205058 0.08692953735589981 3544
1782836205060 0.0509234294295311 3545
1782836205062 0.1873597800731659 3546
1782836205063 0.1683170348405838 3547
1782836205065 0.06393451988697052 3548
1782836205066 0.21906258165836334 3549
1782836205068 0.08307301998138428 3550
1782836205070 0.19927993416786194 3551
1782836205071 0.08232229948043823 3552
1782836205073 0.030222782865166664 3553
1782836205075 0.15532727539539337 3554
1782836205076 0.20958706736564636 3555
1782836205078 0.009918545372784138 3556
1782836205079 0.0346841923892498 3557
1782836205081 0.12890610098838806 3558
1782836205082 0.039797112345695496 3559
1782836205084 0.08197097480297089 3560
1782836205085 0.03942761570215225 3561
1782836205086 0.08098943531513214 3562
1782836205088 0.894956111907959 3563
1782836205089 0.5779692530632019 3564
1782836205091 0.25551626086235046 3565
1782836205092 0.2154465615749359 3566
1782836205094 0.7042194604873657 3567
1782836205096 0.4528128504753113 3568
1782836205098 0.1317647248506546 3569
1782836205099 0.45462337136268616 3570
1782836205101 0.1070592924952507 3571
1782836205102 0.22138242423534393 3572
1782836205104 0.2775568962097168 3573
1782836205105 0.19899402558803558 3574
1782836205107 0.2883963882923126 3575
1782836205108 0.08130373060703278 3576
1782836205110 0.0629991814494133 3577
1782836205111 0.0348990298807621 3578
1782836205113 0.23435191810131073 3579
1782836205114 0.10487207770347595 3580
1782836205115 0.0971895381808281 3581
1782836205117 0.19780199229717255 3582
1782836205119 0.16961751878261566 3583
1782836205121 0.2851458191871643 3584
1782836205123 0.04876396805047989 3585
1782836205125 0.13480186462402344 3586
1782836205127 0.03588121756911278 3587
1782836205129 0.04146581143140793 3588
1782836205131 0.07154906541109085 3589
1782836205133 0.152815580368042 3590
1782836205135 0.2714008092880249 3591
1782836205136 0.26944708824157715 3592
1782836205138 0.07707775384187698 3593
1782836205139 0.07017779350280762 3594
1782836205140 0.05652131140232086 3595
1782836205142 0.3895697295665741 3596
1782836205143 0.18352842330932617 3597
1782836205144 0.020634567365050316 3598
1782836205146 0.1706361472606659 3599
1782836205147 0.026660898700356483 3600
1782836205148 0.09431031346321106 3601
1782836205150 0.07877006381750107 3602
1782836205151 0.3693276643753052 3603
1782836205152 0.13763552904129028 3604
1782836205153 0.10673175752162933 3605
1782836205155 0.12964048981666565 3606
1782836205156 0.3372654318809509 3607
1782836205158 0.19032926857471466 3608
1782836205159 0.10781531780958176 3609
1782836205160 0.35389000177383423 3610
1782836205162 0.061897046864032745 3611
1782836205163 0.16064633429050446 3612
1782836205164 0.014339705929160118 3613
1782836205165 0.04595806449651718 3614
1782836205167 0.09373250603675842 3615
1782836205168 0.27456533908843994 3616
1782836205169 0.08487668633460999 3617
1782836205171 0.441938579082489 3618
1782836205175 0.19277460873126984 3619
1782836205176 0.06781203299760818 3620
1782836205178 0.08125583082437515 3621
1782836205180 0.15368784964084625 3622
1782836205181 0.08857040852308273 3623
1782836205183 0.13285280764102936 3624
1782836205184 0.16669973731040955 3625
1782836205186 0.46155479550361633 3626
1782836205187 0.15997040271759033 3627
1782836205189 0.058876946568489075 3628
1782836205191 0.13853603601455688 3629
1782836205192 0.08136186748743057 3630
1782836205194 0.019750650972127914 3631
1782836205195 0.025090638548135757 3632
1782836205197 0.08201619237661362 3633
1782836205199 0.15917956829071045 3634
1782836205201 0.6770095229148865 3635
1782836205203 0.12339909374713898 3636
1782836205206 0.035339437425136566 3637
1782836205208 0.023880507797002792 3638
1782836205209 0.05750494450330734 3639
1782836205211 0.029574327170848846 3640
1782836205213 0.05415073037147522 3641
1782836205215 0.1105993315577507 3642
1782836205216 0.0893862396478653 3643
1782836205218 0.21865497529506683 3644
1782836205219 0.046363960951566696 3645
1782836205221 0.2019723355770111 3646
1782836205223 0.03796937316656113 3647
1782836205224 0.04237334057688713 3648
1782836205226 0.26495808362960815 3649
1782836205228 0.012245225720107555 3650
1782836205229 0.04884469136595726 3651
1782836205231 0.0072717973962426186 3652
1782836205233 0.15703995525836945 3653
1782836205234 0.11118671298027039 3654
1782836205236 0.0941588506102562 3655
1782836205238 0.04462135210633278 3656
1782836205239 0.07285887748003006 3657
1782836205241 0.10599427670240402 3658
1782836205243 0.10776620358228683 3659
1782836205245 0.1665920466184616 3660
1782836205246 0.02212526649236679 3661
1782836205248 0.07846707105636597 3662
1782836205250 0.10081198811531067 3663
1782836205252 0.17172440886497498 3664
1782836205254 0.26423409581184387 3665
1782836205256 0.07981446385383606 3666
1782836205257 0.14946292340755463 3667
1782836205259 0.09666503965854645 3668
1782836205260 0.07191009074449539 3669
1782836205262 0.07418104261159897 3670
1782836205263 0.04742879793047905 3671
1782836205265 0.24589690566062927 3672
1782836205267 0.11331818252801895 3673
1782836205268 0.16345266997814178 3674
1782836205270 0.17000725865364075 3675
1782836205271 0.29918330907821655 3676
1782836205273 0.2159179002046585 3677
1782836205274 0.13804076611995697 3678
1782836205276 0.40343138575553894 3679
1782836205278 0.1418299674987793 3680
1782836205280 0.2440795600414276 3681
1782836205282 0.059542279690504074 3682
1782836205284 0.49089375138282776 3683
1782836205286 0.11697952449321747 3684
1782836205288 0.054273612797260284 3685
1782836205290 0.0341840460896492 3686
1782836205291 0.04305693134665489 3687
1782836205293 0.06366080045700073 3688
1782836205295 0.04643309488892555 3689
1782836205297 0.13359497487545013 3690
1782836205298 0.08475391566753387 3691
1782836205300 0.13110728561878204 3692
1782836205301 0.19707529246807098 3693
1782836205303 0.013705925084650517 3694
1782836205304 0.04629462584853172 3695
1782836205306 0.08226393163204193 3696
1782836205308 0.24120232462882996 3697
1782836205309 0.17223702371120453 3698
1782836205311 0.0603136271238327 3699
1782836205312 0.3730210065841675 3700
1782836205314 0.05974497273564339 3701
1782836205315 0.0999024286866188 3702
1782836205317 0.011358858086168766 3703
1782836205320 0.05555050075054169 3704
1782836205322 0.20976446568965912 3705
1782836205323 0.1988426297903061 3706
1782836205325 0.014658608473837376 3707
1782836205328 0.04646696522831917 3708
1782836205330 0.03625856712460518 3709
1782836205332 0.18872249126434326 3710
1782836205334 0.0658404752612114 3711
1782836205336 0.15972065925598145 3712
1782836205338 0.029102306813001633 3713
1782836205339 0.029204946011304855 3714
1782836205341 0.08052447438240051 3715
1782836205342 0.1634259968996048 3716
1782836205344 0.16253118216991425 3717
1782836205346 0.1330489218235016 3718
1782836205347 0.06000952795147896 3719
1782836205349 0.05229156091809273 3720
1782836205351 0.029731765389442444 3721
1782836205352 0.1101771742105484 3722
1782836205354 0.18949365615844727 3723
1782836205355 0.02403506264090538 3724
1782836205356 0.013666972517967224 3725
1782836205357 0.14327888190746307 3726
1782836205359 0.060757968574762344 3727
1782836205360 0.05798600986599922 3728
1782836205361 0.45654770731925964 3729
1782836205363 0.09164941310882568 3730
1782836205364 0.03501740097999573 3731
1782836205366 0.11354801803827286 3732
1782836205367 0.10860314965248108 3733
1782836205368 0.19410739839076996 3734
1782836205370 0.06615426391363144 3735
1782836205371 0.0764639675617218 3736
1782836205372 0.2740461528301239 3737
1782836205374 0.06247810646891594 3738
1782836205375 0.06225843355059624 3739
1782836205377 0.07391329109668732 3740
1782836205379 0.1427779197692871 3741
1782836205381 0.1608533263206482 3742
1782836205382 0.16203629970550537 3743
1782836205384 0.06732643395662308 3744
1782836205386 0.019000645726919174 3745
1782836205388 0.1062859296798706 3746
1782836205389 0.057120177894830704 3747
1782836205391 0.10675164312124252 3748
1782836205393 0.023672478273510933 3749
1782836205531 0.11562124639749527 3750
1782836205533 0.034243032336235046 3751
1782836205534 0.18610124289989471 3752
1782836205536 0.06198330968618393 3753
1782836205537 0.01624164916574955 3754
1782836205539 0.07564354687929153 3755
1782836205540 0.18173381686210632 3756
1782836205542 0.2659015655517578 3757
1782836205544 0.026403523981571198 3758
1782836205546 0.06766314804553986 3759
1782836205548 0.09063003212213516 3760
1782836205550 0.15538707375526428 3761
1782836205552 0.01970866695046425 3762
1782836205554 0.07236487418413162 3763
1782836205555 0.007481650449335575 3764
1782836205557 0.021957630291581154 3765
1782836205559 0.028383126482367516 3766
1782836205561 0.12326700240373611 3767
1782836205563 0.017756646499037743 3768
1782836205564 0.10588439553976059 3769
1782836205566 0.04104189947247505 3770
1782836205568 0.24233467876911163 3771
1782836205570 0.008720051497220993 3772
1782836205571 0.15379951894283295 3773
1782836205573 0.11429278552532196 3774
1782836205575 0.10235828906297684 3775
1782836205577 0.020091839134693146 3776
1782836205578 0.010054118931293488 3777
1782836205580 0.09482396394014359 3778
1782836205582 0.07768929749727249 3779
1782836205584 0.11249411106109619 3780
1782836205585 0.02727336436510086 3781
1782836205587 0.15713046491146088 3782
1782836205588 0.007909337989985943 3783
1782836205589 0.15646673738956451 3784
1782836205591 0.3109124004840851 3785
1782836205592 0.04813530296087265 3786
1782836205593 0.1877651959657669 3787
1782836205595 0.0885903537273407 3788
1782836205596 0.10408378392457962 3789
1782836205598 0.10066627711057663 3790
1782836205599 0.1541018933057785 3791
1782836205600 0.17740871012210846 3792
1782836205602 0.20055291056632996 3793
1782836205604 0.039289865642786026 3794
1782836205606 0.12208998948335648 3795
1782836205607 0.051586735993623734 3796
1782836205609 0.10865342617034912 3797
1782836205611 0.018756676465272903 3798
1782836205613 0.12653584778308868 3799
1782836205614 0.12702903151512146 3800
1782836205616 0.03572732210159302 3801
1782836205618 0.08097068965435028 3802
1782836205619 0.019765285775065422 3803
1782836205621 0.012181613594293594 3804
1782836205622 0.2032284289598465 3805
1782836205624 0.0388491190969944 3806
1782836205625 0.05996524542570114 3807
1782836205627 0.008195639587938786 3808
1782836205628 0.21287836134433746 3809
1782836205630 0.2348998486995697 3810
1782836205632 0.14228063821792603 3811
1782836205633 0.446739137172699 3812
1782836205635 0.028242601081728935 3813
1782836205636 0.03692493215203285 3814
1782836205638 0.017890293151140213 3815
1782836205639 0.005932483822107315 3816
1782836205641 0.16166667640209198 3817
1782836205642 0.07765723019838333 3818
1782836205644 0.10899045318365097 3819
1782836205645 0.15722382068634033 3820
1782836205647 0.12364666163921356 3821
1782836205648 0.007701557129621506 3822
1782836205650 0.10101169347763062 3823
1782836205651 0.09011626243591309 3824
1782836205653 0.041718993335962296 3825
1782836205654 0.01381000503897667 3826
1782836205656 0.17032666504383087 3827
1782836205657 0.054362449795007706 3828
1782836205658 0.012544366531074047 3829
1782836205660 0.2458363026380539 3830
1782836205661 0.013160175643861294 3831
1782836205663 0.02654801495373249 3832
1782836205664 0.09533427655696869 3833
1782836205666 0.07301264256238937 3834
1782836205668 0.03712951019406319 3835
1782836205669 0.08936016261577606 3836
1782836205671 0.008765161037445068 3837
1782836205672 0.3632028102874756 3838
1782836205674 0.12452360987663269 3839
1782836205675 0.05458585172891617 3840
1782836205677 0.1713840812444687 3841
1782836205679 0.33795249462127686 3842
1782836205681 0.1783137023448944 3843
1782836205684 0.05167103186249733 3844
1782836205686 0.013070260174572468 3845
1782836205688 0.0541095994412899 3846
1782836205690 0.02457159385085106 3847
1782836205691 0.11828345060348511 3848
1782836205693 0.21947099268436432 3849
1782836205695 0.067020945250988 3850
1782836205697 0.0641741082072258 3851
1782836205698 0.22314393520355225 3852
1782836205700 0.006015074905008078 3853
1782836205702 0.015478931367397308 3854
1782836205704 0.14366888999938965 3855
1782836205706 0.08535461872816086 3856
1782836205707 0.1414041966199875 3857
1782836205709 0.18145759403705597 3858
1782836205711 0.11073614656925201 3859
1782836205713 0.24970652163028717 3860
1782836205714 0.02557363361120224 3861
1782836205716 0.068910151720047 3862
1782836205718 0.22765599191188812 3863
1782836205720 0.041486117988824844 3864
1782836205721 0.07969707995653152 3865
1782836205723 0.18279646337032318 3866
1782836205725 0.15910805761814117 3867
1782836205726 0.029210515320301056 3868
1782836205728 0.10176485031843185 3869
1782836205730 0.11341657489538193 3870
1782836205731 0.05225493386387825 3871
1782836205733 0.4195890426635742 3872
1782836205734 0.22148971259593964 3873
1782836205737 0.013950026594102383 3874
1782836205738 0.11071061342954636 3875
1782836205740 0.0635962188243866 3876
1782836205741 0.3474530279636383 3877
1782836205743 0.13804633915424347 3878
1782836205745 0.09913922846317291 3879
1782836205746 0.13932080566883087 3880
1782836205748 0.11329995840787888 3881
1782836205750 0.1837552934885025 3882
1782836205752 0.07321199774742126 3883
1782836205754 0.14083878695964813 3884
1782836205756 0.028166264295578003 3885
1782836205757 0.14086195826530457 3886
1782836205759 0.057983145117759705 3887
1782836205761 0.18983948230743408 3888
1782836205763 0.0651753693819046 3889
1782836205765 0.037163157016038895 3890
1782836205767 0.1434716284275055 3891
1782836205768 0.03933676704764366 3892
1782836205770 0.3680317997932434 3893
1782836205771 0.13891932368278503 3894
1782836205773 0.22221171855926514 3895
1782836205774 0.02017080783843994 3896
1782836205776 0.026621686294674873 3897
1782836205777 0.04419002681970596 3898
1782836205778 0.015475052408874035 3899
1782836205780 0.05568699538707733 3900
1782836205781 0.2295854687690735 3901
1782836205783 0.006800536066293716 3902
1782836205784 0.09201657027006149 3903
1782836205785 0.023875871673226357 3904
1782836205787 0.020001109689474106 3905
1782836205788 0.1660488098859787 3906
1782836205790 0.25164708495140076 3907
1782836205791 0.022738318890333176 3908
1782836205792 0.18165776133537292 3909
1782836205794 0.09327942132949829 3910
1782836205795 0.07397737354040146 3911
1782836205796 0.20386509597301483 3912
1782836205798 0.010412371717393398 3913
1782836205801 0.021979089826345444 3914
1782836205803 0.01296741608530283 3915
1782836205805 0.08553284406661987 3916
1782836205807 0.11842917650938034 3917
1782836205809 0.2474154829978943 3918
1782836205811 0.13008245825767517 3919
1782836205814 0.22325973212718964 3920
1782836205816 0.16686037182807922 3921
1782836205818 0.08249449729919434 3922
1782836205821 0.05047913268208504 3923
1782836205823 0.03923018276691437 3924
1782836205824 0.20828017592430115 3925
1782836205826 0.21345080435276031 3926
1782836205827 0.013205219060182571 3927
1782836205829 0.26459288597106934 3928
1782836205832 0.018868055194616318 3929
1782836205834 0.036779798567295074 3930
1782836205836 0.036366742104291916 3931
1782836205838 0.05703960359096527 3932
1782836205840 0.2404540777206421 3933
1782836205842 0.12305957823991776 3934
1782836205844 0.025296084582805634 3935
1782836205846 0.03781784698367119 3936
1782836205848 0.006815004628151655 3937
1782836205850 0.3156640827655792 3938
1782836205852 0.14709016680717468 3939
1782836205853 0.012424902990460396 3940
1782836205855 0.10601361840963364 3941
1782836205857 0.09039563685655594 3942
1782836205859 0.004454267676919699 3943
1782836205860 0.02011251635849476 3944
1782836205862 0.1657484769821167 3945
1782836205863 0.24102783203125 3946
1782836205864 0.24413210153579712 3947
1782836205866 0.03410538658499718 3948
1782836205868 0.0970582365989685 3949
1782836205870 0.288963258266449 3950
1782836205871 0.05391203239560127 3951
1782836205873 0.13103175163269043 3952
1782836205875 0.11609109491109848 3953
1782836205876 0.17890186607837677 3954
1782836205877 0.03343096747994423 3955
1782836205879 0.2013494372367859 3956
1782836205880 0.02131381630897522 3957
1782836205882 0.06443042308092117 3958
1782836205883 0.1178470104932785 3959
1782836205884 0.08548423647880554 3960
1782836205886 0.07891129702329636 3961
1782836205887 0.03235045447945595 3962
1782836205888 0.14093047380447388 3963
1782836205890 0.21784742176532745 3964
1782836205891 0.05392659083008766 3965
1782836205893 0.05098992586135864 3966
1782836205895 0.03829873725771904 3967
1782836205896 0.07654441893100739 3968
1782836205897 0.38980570435523987 3969
1782836205899 0.044368065893650055 3970
1782836205900 0.0128142349421978 3971
1782836205901 0.04112190380692482 3972
1782836205903 0.1310817003250122 3973
1782836205904 0.01431079488247633 3974
1782836205905 0.11069982498884201 3975
1782836205907 0.21131367981433868 3976
1782836205908 0.07052360475063324 3977
1782836205910 0.04304909706115723 3978
1782836205911 0.011271745897829533 3979
1782836205912 0.19487272202968597 3980
1782836205914 0.10820603370666504 3981
1782836205915 0.025713808834552765 3982
1782836205917 0.1611407995223999 3983
1782836205918 0.11493717133998871 3984
1782836205923 0.09490291029214859 3985
1782836205925 0.04626785218715668 3986
1782836205928 0.20337165892124176 3987
1782836205930 0.18887300789356232 3988
1782836205932 0.09130878746509552 3989
1782836205934 0.09420878440141678 3990
1782836205936 0.12160926312208176 3991
1782836205938 0.015608041547238827 3992
1782836205940 0.3479926884174347 3993
1782836205942 0.010556347668170929 3994
1782836205944 0.16020265221595764 3995
1782836205946 0.057302266359329224 3996
1782836205948 0.0692870244383812 3997
1782836205951 0.054188795387744904 3998
1782836205953 0.11096036434173584 3999
1782836205955 0.019354427233338356 4000
1782836205957 0.08758240193128586 4001
1782836205959 0.10978889465332031 4002
1782836205960 0.20107893645763397 4003
1782836205962 0.1411256343126297 4004
1782836205964 0.09741053730249405 4005
1782836205965 0.0077996524050831795 4006
1782836205967 0.11783748865127563 4007
1782836205968 0.03667566552758217 4008
1782836205970 0.033296145498752594 4009
1782836205972 0.2109655737876892 4010
1782836205974 0.37335649132728577 4011
1782836205976 0.0789005309343338 4012
1782836205977 0.11981600522994995 4013
1782836205979 0.10607175529003143 4014
1782836205981 0.24642686545848846 4015
1782836205983 0.16546159982681274 4016
1782836205984 0.12380246818065643 4017
1782836205986 0.08450882881879807 4018
1782836205988 0.11624228209257126 4019
1782836205989 0.03154900297522545 4020
1782836205991 0.01906881108880043 4021
1782836205992 0.0848826989531517 4022
1782836205994 0.05384243279695511 4023
1782836205997 0.02162199467420578 4024
1782836205998 0.1489631086587906 4025
1782836206000 0.3456387519836426 4026
1782836206001 0.05235714465379715 4027
1782836206002 0.03771883621811867 4028
1782836206004 0.1289612203836441 4029
1782836206006 0.2372736632823944 4030
1782836206008 0.01769563928246498 4031
1782836206009 0.11173345148563385 4032
1782836206011 0.2458772361278534 4033
1782836206013 0.10056483000516891 4034
1782836206014 0.1920272707939148 4035
1782836206015 0.10581938177347183 4036
1782836206017 0.010226989164948463 4037
1782836206018 0.4356018006801605 4038
1782836206020 0.04437611624598503 4039
1782836206021 0.22588662803173065 4040
1782836206023 0.15344344079494476 4041
1782836206024 0.060041509568691254 4042
1782836206026 0.33088916540145874 4043
1782836206027 0.022939762100577354 4044
1782836206029 0.10400167852640152 4045
1782836206031 0.0705425813794136 4046
1782836206032 0.08145591616630554 4047
1782836206034 0.15692126750946045 4048
1782836206036 0.2591172158718109 4049
1782836206039 0.08688027411699295 4050
1782836206041 0.041954342275857925 4051
1782836206043 0.045684754848480225 4052
1782836206045 0.06637399643659592 4053
1782836206047 0.18784008920192719 4054
1782836206049 0.017493870109319687 4055
1782836206051 0.05764208361506462 4056
1782836206053 0.057682543992996216 4057
1782836206055 0.08403966575860977 4058
1782836206058 0.17577704787254333 4059
1782836206060 0.0523182712495327 4060
1782836206061 0.08322961628437042 4061
1782836206063 0.127046138048172 4062
1782836206065 0.036513231694698334 4063
1782836206066 0.04551493749022484 4064
1782836206068 0.2558286786079407 4065
1782836206070 0.06048287823796272 4066
1782836206072 0.1435427963733673 4067
1782836206074 0.01582932472229004 4068
1782836206076 0.24973216652870178 4069
1782836206077 0.030769502744078636 4070
1782836206079 0.010295365937054157 4071
1782836206081 0.30794376134872437 4072
1782836206082 0.011728981509804726 4073
1782836206084 0.23215346038341522 4074
1782836206086 0.12405562400817871 4075
1782836206088 0.08285060524940491 4076
1782836206090 0.23415407538414001 4077
1782836206091 0.03992487117648125 4078
1782836206093 0.11144886165857315 4079
1782836206095 0.15018810331821442 4080
1782836206097 0.08867739140987396 4081
1782836206099 0.1610099822282791 4082
1782836206100 0.06042168289422989 4083
1782836206102 0.4117618203163147 4084
1782836206104 0.15450778603553772 4085
1782836206105 0.20685508847236633 4086
1782836206107 0.18419602513313293 4087
1782836206108 0.08013824373483658 4088
1782836206110 0.26655617356300354 4089
1782836206112 0.0907285138964653 4090
1782836206113 0.03306104242801666 4091
1782836206115 0.08907902240753174 4092
1782836206117 0.05816970020532608 4093
1782836206120 0.1685616374015808 4094
1782836206122 0.15226255357265472 4095
1782836206124 0.10553429275751114 4096
1782836206126 0.10873209685087204 4097
1782836206129 0.05002852529287338 4098
1782836206131 0.018195362761616707 4099
1782836206133 0.008444336242973804 4100
1782836206135 0.06996919959783554 4101
1782836206137 0.10961154103279114 4102
1782836206139 0.08726325631141663 4103
1782836206141 0.01710054837167263 4104
1782836206143 0.14543922245502472 4105
1782836206144 0.11478672921657562 4106
1782836206146 0.11425326764583588 4107
1782836206148 0.18460962176322937 4108
1782836206150 0.10993567854166031 4109
1782836206152 0.03267723694443703 4110
1782836206154 0.2055557370185852 4111
1782836206156 0.08106733858585358 4112
1782836206157 0.0057615009136497974 4113
1782836206159 0.17513000965118408 4114
1782836206160 0.07583392411470413 4115
1782836206162 0.06864698231220245 4116
1782836206164 0.04543878138065338 4117
1782836206165 0.022042442113161087 4118
1782836206167 0.05077642574906349 4119
1782836206168 0.12395519018173218 4120
1782836206170 0.16808679699897766 4121
1782836206171 0.006234091706573963 4122
1782836206173 0.07504385709762573 4123
1782836206174 0.028972188010811806 4124
1782836206176 0.6169952154159546 4125
1782836206178 0.004171124193817377 4126
1782836206179 0.007134389132261276 4127
1782836206181 0.08732251077890396 4128
1782836206182 0.13062995672225952 4129
1782836206184 0.0654238685965538 4130
1782836206185 0.2414814531803131 4131
1782836206187 0.03142305091023445 4132
1782836206188 0.09202432632446289 4133
1782836206190 0.01438808348029852 4134
1782836206191 0.0326242558658123 4135
1782836206193 0.02212289720773697 4136
1782836206194 0.08160824328660965 4137
1782836206196 0.06991777569055557 4138
1782836206197 0.006064766552299261 4139
1782836206199 0.12609267234802246 4140
1782836206200 0.2056715190410614 4141
1782836206201 0.0598427839577198 4142
1782836206203 0.05957622453570366 4143
1782836206204 0.029899125918745995 4144
1782836206206 0.04587005078792572 4145
1782836206208 0.24079163372516632 4146
1782836206209 0.007443991489708424 4147
1782836206211 0.07153812050819397 4148
1782836206212 0.0539347305893898 4149
1782836206214 0.3463391661643982 4150
1782836206215 0.013821191154420376 4151
1782836206216 0.0165456160902977 4152
1782836206218 0.13143886625766754 4153
1782836206220 0.005031895823776722 4154
1782836206221 0.0027232421562075615 4155
1782836206222 0.05786794424057007 4156
1782836206224 0.005753440782427788 4157
1782836206225 0.20319803059101105 4158
1782836206227 0.045827850699424744 4159
1782836206228 0.01187287736684084 4160
1782836206229 0.04913302883505821 4161
1782836206231 0.13587190210819244 4162
1782836206233 0.08699294179677963 4163
1782836206236 0.1377134919166565 4164
1782836206238 0.032555337995290756 4165
1782836206240 0.17379045486450195 4166
1782836206242 0.16503004729747772 4167
1782836206244 0.10865991562604904 4168
1782836206246 0.16928771138191223 4169
1782836206248 0.17924964427947998 4170
1782836206250 0.09461057931184769 4171
1782836206252 0.12949120998382568 4172
1782836206255 0.09767981618642807 4173
1782836206256 0.25371208786964417 4174
1782836206258 0.10700276494026184 4175
1782836206259 0.15243422985076904 4176
1782836206261 0.017383426427841187 4177
1782836206262 0.013108686544001102 4178
1782836206265 0.052829042077064514 4179
1782836206267 0.10520309954881668 4180
1782836206269 0.007664111442863941 4181
1782836206270 0.013468736782670021 4182
1782836206272 0.8977237343788147 4183
1782836206274 0.17615842819213867 4184
1782836206276 0.10461446642875671 4185
1782836206277 0.13697241246700287 4186
1782836206279 0.10057371854782104 4187
1782836206280 0.10422932356595993 4188
1782836206282 0.0340774767100811 4189
1782836206283 0.022725583985447884 4190
1782836206285 0.16345930099487305 4191
1782836206286 0.06188017129898071 4192
1782836206288 0.17846134305000305 4193
1782836206290 0.13801604509353638 4194
1782836206292 0.053209736943244934 4195
1782836206294 0.33505725860595703 4196
1782836206296 0.053665775805711746 4197
1782836206298 0.11464544385671616 4198
1782836206300 0.061173077672719955 4199
1782836206302 0.13916726410388947 4200
1782836206303 0.018827859312295914 4201
1782836206305 0.00822463259100914 4202
1782836206307 0.1963118314743042 4203
1782836206309 0.09953252971172333 4204
1782836206310 0.017277296632528305 4205
1782836206312 0.016102012246847153 4206
1782836206314 0.24717393517494202 4207
1782836206316 0.1950349658727646 4208
1782836206318 0.037821728736162186 4209
1782836206319 0.14402689039707184 4210
1782836206321 0.17912934720516205 4211
1782836206323 0.2082723081111908 4212
1782836206325 0.09759897738695145 4213
1782836206327 0.02991632930934429 4214
1782836206328 0.023709366098046303 4215
1782836206330 0.17192330956459045 4216
1782836206332 0.014283914119005203 4217
1782836206334 0.09796451777219772 4218
1782836206335 0.010670282877981663 4219
1782836206337 0.01621348410844803 4220
1782836206339 0.06723523885011673 4221
1782836206340 0.1395726203918457 4222
1782836206342 0.34569525718688965 4223
1782836206343 0.028597591444849968 4224
1782836206344 0.06309804320335388 4225
1782836206346 0.10807602107524872 4226
1782836206347 0.2265341728925705 4227
1782836206348 0.13552585244178772 4228
1782836206350 0.07336227595806122 4229
1782836206351 0.06466438621282578 4230
1782836206353 0.21101316809654236 4231
1782836206354 0.1696779578924179 4232
1782836206356 0.06688674539327621 4233
1782836206357 0.03957706317305565 4234
1782836206358 0.05496690422296524 4235
1782836206360 0.01585943065583706 4236
1782836206361 0.15683774650096893 4237
1782836206363 0.06827250123023987 4238
1782836206364 0.16938768327236176 4239
1782836206366 0.03836110979318619 4240
1782836206368 0.0351458340883255 4241
1782836206370 0.24090081453323364 4242
1782836206372 0.01504784170538187 4243
1782836206374 0.09177452325820923 4244
1782836206376 0.2231060266494751 4245
1782836206378 0.09553469717502594 4246
1782836206381 0.039142243564128876 4247
1782836206383 0.08517849445343018 4248
1782836206385 0.3236501216888428 4249
1782836206387 0.026490822434425354 4250
1782836206389 0.06736163049936295 4251
1782836206391 0.2321692854166031 4252
1782836206393 0.026989338919520378 4253
1782836206395 0.12759879231452942 4254
1782836206396 0.12960241734981537 4255
1782836206398 0.15587218105793 4256
1782836206400 0.1563451737165451 4257
1782836206402 0.051414571702480316 4258
1782836206404 0.10115568339824677 4259
1782836206406 0.08870810270309448 4260
1782836206408 0.1307239830493927 4261
1782836206409 0.004169224761426449 4262
1782836206411 0.1794617623090744 4263
1782836206412 0.1760917454957962 4264
1782836206414 0.10600471496582031 4265
1782836206415 0.00937152374535799 4266
1782836206416 0.037462268024683 4267
1782836206417 0.21588854491710663 4268
1782836206419 0.23979872465133667 4269
1782836206421 0.11805308610200882 4270
1782836206422 0.016123276203870773 4271
1782836206423 0.13949009776115417 4272
1782836206425 0.11098135262727737 4273
1782836206426 0.24969720840454102 4274
1782836206427 0.05796414986252785 4275
1782836206429 0.018645066767930984 4276
1782836206430 0.09397877752780914 4277
1782836206432 0.0364559106528759 4278
1782836206433 0.012886883690953255 4279
1782836206434 0.030635688453912735 4280
1782836206436 0.1635659784078598 4281
1782836206437 0.13730445504188538 4282
1782836206438 0.02063271962106228 4283
1782836206440 0.02012603171169758 4284
1782836206441 0.03029613196849823 4285
1782836206442 0.04670724645256996 4286
1782836206444 0.07732846587896347 4287
1782836206445 0.15965783596038818 4288
1782836206446 0.037111058831214905 4289
1782836206448 0.09797823429107666 4290
1782836206449 0.03170599043369293 4291
1782836206451 0.022843142971396446 4292
1782836206452 0.03892853856086731 4293
1782836206453 0.2687213718891144 4294
1782836206455 0.03587352856993675 4295
1782836206456 0.13984082639217377 4296
1782836206457 0.011443249881267548 4297
1782836206459 0.012068219482898712 4298
1782836206460 0.06033853814005852 4299
1782836206462 0.055768419057130814 4300
1782836206463 0.016913415864109993 4301
1782836206465 0.10976290702819824 4302
1782836206466 0.020866265520453453 4303
1782836206468 0.03496022894978523 4304
1782836206469 0.02636897563934326 4305
1782836206470 0.09869677573442459 4306
1782836206472 0.2853049337863922 4307
1782836206473 0.17377538979053497 4308
1782836206475 0.05397487431764603 4309
1782836206476 0.030216552317142487 4310
1782836206477 0.025282999500632286 4311
1782836206478 0.20072343945503235 4312
1782836206480 0.14622315764427185 4313
1782836206481 0.24253970384597778 4314
1782836206483 0.02784724161028862 4315
1782836206485 0.03361542522907257 4316
1782836206487 0.3816582262516022 4317
1782836206490 0.19852814078330994 4318
1782836206492 0.06973342597484589 4319
1782836206494 0.12449996918439865 4320
1782836206496 0.023145239800214767 4321
1782836206499 0.14699122309684753 4322
1782836206501 0.006326697766780853 4323
1782836206503 0.30172714591026306 4324
1782836206505 0.022142212837934494 4325
1782836206507 0.09418710321187973 4326
1782836206508 0.15195021033287048 4327
1782836206510 0.12169953435659409 4328
1782836206512 0.0797555074095726 4329
1782836206515 0.07454897463321686 4330
1782836206517 0.012510073371231556 4331
1782836206519 0.033960383385419846 4332
1782836206522 0.17863133549690247 4333
1782836206524 0.01508764922618866 4334
1782836206527 0.049492690712213516 4335
1782836206529 0.036423686891794205 4336
1782836206531 0.06542877107858658 4337
1782836206533 0.08772452920675278 4338
1782836206534 0.08594438433647156 4339
1782836206536 0.1576484739780426 4340
1782836206537 0.009267300367355347 4341
1782836206539 0.0055526806972920895 4342
1782836206541 0.12403465062379837 4343
1782836206542 0.15861541032791138 4344
1782836206543 0.07485710829496384 4345
1782836206545 0.05764274671673775 4346
1782836206546 0.09320417046546936 4347
1782836206548 0.3213036358356476 4348
1782836206550 0.11304828524589539 4349
1782836206552 0.08882463723421097 4350
1782836206554 0.04794389009475708 4351
1782836206555 0.12527956068515778 4352
1782836206557 0.2629670798778534 4353
1782836206559 0.1448989361524582 4354
1782836206561 0.028486115857958794 4355
1782836206563 0.10001588612794876 4356
1782836206564 0.2443770170211792 4357
1782836206566 0.07958636432886124 4358
1782836206567 0.06666415184736252 4359
1782836206569 0.11787916719913483 4360
1782836206571 0.052220068871974945 4361
1782836206572 0.13702641427516937 4362
1782836206574 0.03033110313117504 4363
1782836206576 0.17919649183750153 4364
1782836206577 0.003899700241163373 4365
1782836206579 0.37297937273979187 4366
1782836206581 0.2677091360092163 4367
1782836206582 0.13802170753479004 4368
1782836206584 0.20397494733333588 4369
1782836206585 0.04250999912619591 4370
1782836206587 0.12140527367591858 4371
1782836206588 0.011885067448019981 4372
1782836206590 0.34400367736816406 4373
1782836206591 0.0631628930568695 4374
1782836206593 0.08046593517065048 4375
1782836206594 0.06497158110141754 4376
1782836206596 0.015061413869261742 4377
1782836206597 0.37993118166923523 4378
1782836206599 0.013798526488244534 4379
1782836206600 0.22702157497406006 4380
1782836206601 0.010187746956944466 4381
1782836206603 0.3244023025035858 4382
1782836206604 0.005915987771004438 4383
1782836206606 0.18893113732337952 4384
1782836206607 0.40385401248931885 4385
1782836206609 0.19808971881866455 4386
1782836206610 0.2905126214027405 4387
1782836206613 0.2541000545024872 4388
1782836206615 0.13147595524787903 4389
1782836206617 0.2811814546585083 4390
1782836206619 0.2971670925617218 4391
1782836206621 0.10923221707344055 4392
1782836206623 0.18155927956104279 4393
1782836206626 0.368539035320282 4394
1782836206628 0.006521645933389664 4395
1782836206631 0.08803615719079971 4396
1782836206633 0.15915150940418243 4397
1782836206635 0.07998619228601456 4398
1782836206637 0.05297493562102318 4399
1782836206638 0.07908716052770615 4400
1782836206640 0.0705067366361618 4401
1782836206642 0.14320506155490875 4402
1782836206645 0.1258447915315628 4403
1782836206647 0.06992960721254349 4404
1782836206649 0.07810549437999725 4405
1782836206651 0.036698631942272186 4406
1782836206652 0.05599718913435936 4407
1782836206654 0.14266479015350342 4408
1782836206655 0.026439739391207695 4409
1782836206657 0.025917349383234978 4410
1782836206658 0.2331371158361435 4411
1782836206660 0.14302606880664825 4412
1782836206661 0.13699600100517273 4413
1782836206663 0.1455485075712204 4414
1782836206664 0.054516661912202835 4415
1782836206666 0.013867992907762527 4416
1782836206667 0.004976731725037098 4417
1782836206669 0.16478262841701508 4418
1782836206670 0.14817853271961212 4419
1782836206672 0.18172267079353333 4420
1782836206673 0.009450169280171394 4421
1782836206675 0.20365549623966217 4422
1782836206676 0.21299289166927338 4423
1782836206678 0.23714779317378998 4424
1782836206679 0.12017276883125305 4425
1782836206681 0.030378252267837524 4426
1782836206682 0.051560863852500916 4427
1782836206683 0.045984942466020584 4428
1782836206685 0.2786533534526825 4429
1782836206686 0.05677250772714615 4430
1782836206688 0.08939682692289352 4431
1782836206689 0.04060516133904457 4432
1782836206691 0.028000036254525185 4433
1782836206692 0.3432786464691162 4434
1782836206693 0.18777891993522644 4435
1782836206695 0.03627936169505119 4436
1782836206696 0.19624008238315582 4437
1782836206698 0.1550200879573822 4438
1782836206699 0.1881091147661209 4439
1782836206700 0.018750157207250595 4440
1782836206702 0.01344215963035822 4441
1782836206703 0.02328498102724552 4442
1782836206704 0.1659347116947174 4443
1782836206706 0.2912561595439911 4444
1782836206707 0.18519791960716248 4445
1782836206709 0.10893804579973221 4446
1782836206710 0.26594531536102295 4447
1782836206711 0.007536209188401699 4448
1782836206713 0.05622292682528496 4449
1782836206714 0.4935789704322815 4450
1782836206716 0.08640459179878235 4451
1782836206717 0.04449921101331711 4452
1782836206718 0.10322324186563492 4453
1782836206720 0.023708311840891838 4454
1782836206721 0.08117766678333282 4455
1782836206723 0.12767921388149261 4456
1782836206726 0.026774683967232704 4457
1782836206728 0.0567389540374279 4458
1782836206730 0.04253045842051506 4459
1782836206732 0.010684316046535969 4460
1782836206735 0.05627855658531189 4461
1782836206737 0.0751485824584961 4462
1782836206739 0.09926208108663559 4463
1782836206742 0.11907113343477249 4464
1782836206744 0.09730634838342667 4465
1782836206745 0.026902489364147186 4466
1782836206747 0.26137372851371765 4467
1782836206749 0.2652517259120941 4468
1782836206751 0.1807682365179062 4469
1782836206754 0.1702234447002411 4470
1782836206756 0.0208330936729908 4471
1782836206757 0.08531724661588669 4472
1782836206759 0.26985475420951843 4473
1782836206761 0.20311708748340607 4474
1782836206763 0.06462119519710541 4475
1782836206764 0.051482975482940674 4476
1782836206766 0.259583055973053 4477
1782836206768 0.02752447873353958 4478
1782836206769 0.032104507088661194 4479
1782836206771 0.029112473130226135 4480
1782836206773 0.017293749377131462 4481
1782836206774 0.030680730938911438 4482
1782836206776 0.14110234379768372 4483
1782836206777 0.040342070162296295 4484
1782836206779 0.3566678464412689 4485
1782836206780 0.24368837475776672 4486
1782836206782 0.04408964142203331 4487
1782836206784 0.08976297080516815 4488
1782836206785 0.33629193902015686 4489
1782836206787 0.025424769148230553 4490
1782836206788 0.04637879505753517 4491
1782836206789 0.041419241577386856 4492
1782836206791 0.15732471644878387 4493
1782836206792 0.14092175662517548 4494
1782836206794 0.0745023787021637 4495
1782836206795 0.01815364696085453 4496
1782836206796 0.22102338075637817 4497
1782836206798 0.07686125487089157 4498
1782836206799 0.05781365558505058 4499
1782836206801 0.21847344934940338 4500
1782836206802 0.04109245538711548 4501
1782836206803 0.1019258052110672 4502
1782836206805 0.07000253349542618 4503
1782836206806 0.10964325815439224 4504
1782836206808 0.04724542051553726 4505
1782836206809 0.06785854697227478 4506
1782836206810 0.07535668462514877 4507
1782836206812 0.3822329044342041 4508
1782836206813 0.020580442622303963 4509
1782836206815 0.07864448428153992 4510
1782836206816 0.018864594399929047 4511
1782836206817 0.06492456793785095 4512
1782836206819 0.36636584997177124 4513
1782836206820 0.364577054977417 4514
1782836206821 0.10224990546703339 4515
1782836206823 0.22908437252044678 4516
1782836206824 0.031144268810749054 4517
1782836206825 0.013613656163215637 4518
1782836206827 0.11251852661371231 4519
1782836206828 0.029592327773571014 4520
1782836206830 0.0407174676656723 4521
1782836206831 0.02373068779706955 4522
1782836206833 0.023084087297320366 4523
1782836206834 0.036288678646087646 4524
1782836206835 0.04538056626915932 4525
1782836206837 0.041214719414711 4526
1782836206838 0.06724879890680313 4527
1782836206842 0.008298316970467567 4528
1782836206844 0.0196794755756855 4529
1782836206847 0.08861659467220306 4530
1782836206849 0.03380056470632553 4531
1782836206851 0.03881637006998062 4532
1782836206853 0.06990762054920197 4533
1782836206856 0.055534180253744125 4534
1782836206858 0.15982459485530853 4535
1782836206860 0.16125765442848206 4536
1782836206863 0.09374991059303284 4537
1782836206865 0.07097291946411133 4538
1782836206868 0.040104012936353683 4539
1782836206870 0.06896130740642548 4540
1782836206873 0.09170974791049957 4541
1782836206875 0.0341218039393425 4542
1782836206877 0.04529346153140068 4543
1782836206879 0.07526290416717529 4544
1782836206881 0.049069639295339584 4545
1782836206883 0.09225453436374664 4546
1782836206885 0.07441636919975281 4547
1782836206886 0.2415226697921753 4548
1782836206888 0.031004033982753754 4549
1782836206889 0.07579564303159714 4550
1782836206891 0.03164374455809593 4551
1782836206893 0.048071350902318954 4552
1782836206894 0.0013561425730586052 4553
1782836206896 0.2505662441253662 4554
1782836206898 0.011411098763346672 4555
1782836206899 0.0057027824223041534 4556
1782836206901 0.09004797041416168 4557
1782836206903 0.13328099250793457 4558
1782836206904 0.03014279343187809 4559
1782836206906 0.1252869814634323 4560
1782836206907 0.14721418917179108 4561
1782836206909 0.06329881399869919 4562
1782836206910 0.11186596751213074 4563
1782836206912 0.005556121002882719 4564
1782836206914 0.02312386967241764 4565
1782836206915 0.0647951140999794 4566
1782836206916 0.1650351881980896 4567
1782836206918 0.39923515915870667 4568
1782836206919 0.28382155299186707 4569
1782836206921 0.1377757340669632 4570
1782836206922 0.08143915981054306 4571
1782836206925 0.08254291862249374 4572
1782836206931 0.0465594157576561 4573
1782836206934 0.03788958862423897 4574
1782836206936 0.028615828603506088 4575
1782836206938 0.12727798521518707 4576
1782836206941 0.16454161703586578 4577
1782836206943 0.13164930045604706 4578
1782836206945 0.25041335821151733 4579
1782836206947 0.02702435664832592 4580
1782836206948 0.03239450603723526 4581
1782836206950 0.04553293436765671 4582
1782836206951 0.02414962649345398 4583
1782836206953 0.03011275827884674 4584
1782836206954 0.05485045909881592 4585
1782836206958 0.035438451915979385 4586
1782836206960 0.029902733862400055 4587
1782836206962 0.2986913323402405 4588
1782836206964 0.028698178008198738 4589
1782836206965 0.1337996870279312 4590
1782836206967 0.04649288207292557 4591
1782836206969 0.37353911995887756 4592
1782836206970 0.02312241680920124 4593
1782836206972 0.00803021714091301 4594
1782836206974 0.07276938110589981 4595
1782836206975 0.16464607417583466 4596
1782836206977 0.39944952726364136 4597
1782836206978 0.0357937254011631 4598
1782836206980 0.0058441502042114735 4599
1782836206981 0.1320575773715973 4600
1782836206983 0.0464409664273262 4601
1782836206985 0.15112891793251038 4602
1782836206986 0.17752550542354584 4603
1782836206988 0.036173611879348755 4604
1782836206990 0.20558395981788635 4605
1782836206992 0.23609144985675812 4606
1782836206993 0.08007431775331497 4607
1782836206995 0.04574938863515854 4608
1782836206997 0.22190797328948975 4609
1782836206998 0.039603374898433685 4610
1782836207000 0.25511622428894043 4611
1782836207001 0.13199351727962494 4612
1782836207003 0.15821696817874908 4613
1782836207005 0.12884333729743958 4614
1782836207007 0.19897747039794922 4615
1782836207009 0.11421163380146027 4616
1782836207011 0.07506375759840012 4617
1782836207012 0.042158760130405426 4618
1782836207014 0.2027439922094345 4619
1782836207016 0.2054232954978943 4620
1782836207017 0.09832083433866501 4621
1782836207018 0.09600653499364853 4622
1782836207020 0.08606719970703125 4623
1782836207021 0.07203758507966995 4624
1782836207022 0.050061993300914764 4625
1782836207024 0.04663341864943504 4626
1782836207025 0.2035721242427826 4627
1782836207027 0.15692536532878876 4628
1782836207028 0.1305757611989975 4629
1782836207030 0.016933731734752655 4630
1782836207031 0.024708477780222893 4631
1782836207033 0.10482554882764816 4632
1782836207035 0.042396899312734604 4633
1782836207036 0.43486663699150085 4634
1782836207037 0.3517860174179077 4635
1782836207039 0.09360826015472412 4636
1782836207040 0.38204526901245117 4637
1782836207041 0.05276232957839966 4638
1782836207044 0.06598285585641861 4639
1782836207046 0.06817951053380966 4640
1782836207049 0.14559856057167053 4641
1782836207051 0.08097590506076813 4642
1782836207053 0.21278998255729675 4643
1782836207055 0.17793357372283936 4644
1782836207058 0.015241042710840702 4645
1782836207060 0.05087185651063919 4646
1782836207062 0.2381884604692459 4647
1782836207064 0.16751828789710999 4648
1782836207066 0.07000691443681717 4649
1782836207067 0.04460803419351578 4650
1782836207069 0.10412487387657166 4651
1782836207071 0.01474606804549694 4652
1782836207073 0.15241776406764984 4653
1782836207075 0.004936279729008675 4654
1782836207077 0.013142457231879234 4655
1782836207079 0.06478827446699142 4656
1782836207082 0.26035353541374207 4657
1782836207084 0.15729691088199615 4658
1782836207086 0.09185189753770828 4659
1782836207088 0.04457804933190346 4660
1782836207090 0.09262195974588394 4661
1782836207091 0.032873790711164474 4662
1782836207093 0.16099295020103455 4663
1782836207095 0.1116601750254631 4664
1782836207096 0.04328644275665283 4665
1782836207098 0.10945505648851395 4666
1782836207099 0.09909331053495407 4667
1782836207101 0.23938237130641937 4668
1782836207102 0.19915318489074707 4669
1782836207104 0.11004328727722168 4670
1782836207105 0.02551870420575142 4671
1782836207107 0.03189651668071747 4672
1782836207108 0.21768693625926971 4673
1782836207109 0.070896677672863 4674
1782836207111 0.03685016185045242 4675
1782836207112 0.1469874382019043 4676
1782836207114 0.008784441277384758 4677
1782836207115 0.14719852805137634 4678
1782836207116 0.042530741542577744 4679
1782836207118 0.2872316837310791 4680
1782836207120 0.8155965805053711 4681
1782836207121 0.051019337028265 4682
1782836207122 0.044181451201438904 4683
1782836207124 0.06271679699420929 4684
1782836207125 0.03952765092253685 4685
1782836207127 0.04064255580306053 4686
1782836207128 0.011252899654209614 4687
1782836207130 0.03525523841381073 4688
1782836207132 0.10229254513978958 4689
1782836207133 0.022390805184841156 4690
1782836207134 0.003527197055518627 4691
1782836207136 0.20512284338474274 4692
1782836207137 0.19500194489955902 4693
1782836207138 0.335261732339859 4694
1782836207139 0.07371927052736282 4695
1782836207141 0.03397930786013603 4696
1782836207142 0.013954860158264637 4697
1782836207144 0.02406373620033264 4698
1782836207145 0.24402663111686707 4699
1782836207150 0.03100183606147766 4700
1782836207152 0.1741226762533188 4701
1782836207155 0.06700830161571503 4702
1782836207157 0.14524070918560028 4703
1782836207159 0.10043807327747345 4704
1782836207161 0.17685076594352722 4705
1782836207164 0.15146633982658386 4706
1782836207166 0.17143504321575165 4707
1782836207168 0.09742778539657593 4708
1782836207170 0.21857857704162598 4709
1782836207172 0.04271378368139267 4710
1782836207173 0.13817399740219116 4711
1782836207175 0.23583881556987762 4712
1782836207177 0.15693575143814087 4713
1782836207179 0.00951828621327877 4714
1782836207181 0.2509613037109375 4715
1782836207183 0.12523026764392853 4716
1782836207185 0.0686083436012268 4717
1782836207187 0.15025116503238678 4718
1782836207188 0.05807499587535858 4719
1782836207190 0.22693441808223724 4720
1782836207192 0.0845704898238182 4721
1782836207193 0.030170254409313202 4722
1782836207195 0.11832553893327713 4723
1782836207197 0.434535413980484 4724
1782836207198 0.024355076253414154 4725
1782836207200 0.016788681969046593 4726
1782836207202 0.08281955122947693 4727
1782836207203 0.2254103422164917 4728
1782836207205 0.13781236112117767 4729
1782836207207 0.07904558628797531 4730
1782836207208 0.021099712699651718 4731
1782836207210 0.052131447941064835 4732
1782836207212 0.03539717569947243 4733
1782836207214 0.08417312800884247 4734
1782836207215 0.0433075986802578 4735
1782836207217 0.09397207945585251 4736
1782836207219 0.408956915140152 4737
1782836207220 0.16689014434814453 4738
1782836207222 0.07834412157535553 4739
1782836207223 0.058200202882289886 4740
1782836207225 0.05861207842826843 4741
1782836207227 0.2581459581851959 4742
1782836207229 0.2412208467721939 4743
1782836207230 0.00902077928185463 4744
1782836207232 0.017240198329091072 4745
1782836207233 0.05888622999191284 4746
1782836207235 0.056168992072343826 4747
1782836207237 0.3462897837162018 4748
1782836207238 0.01115109957754612 4749
1782836207240 0.16274644434452057 4750
1782836207242 0.14367932081222534 4751
1782836207243 0.06802147626876831 4752
1782836207245 0.13668231666088104 4753
1782836207246 0.22542241215705872 4754
1782836207248 0.13509348034858704 4755
1782836207250 0.01179557479918003 4756
1782836207251 0.05658600106835365 4757
1782836207253 0.07971597462892532 4758
1782836207255 0.4299962818622589 4759
1782836207257 0.028520263731479645 4760
1782836207259 0.1999720335006714 4761
1782836207261 0.1641240268945694 4762
1782836207263 0.01159854419529438 4763
1782836207266 0.32975155115127563 4764
1782836207268 0.09615698456764221 4765
1782836207270 0.10608794540166855 4766
1782836207272 0.20338010787963867 4767
1782836207274 0.05845503881573677 4768
1782836207276 0.08007358014583588 4769
1782836207278 0.0489814318716526 4770
1782836207280 0.045996952801942825 4771
1782836207282 0.09549866616725922 4772
1782836207283 0.07334642112255096 4773
1782836207284 0.02776685729622841 4774
1782836207286 0.2967594265937805 4775
1782836207288 0.06806377321481705 4776
1782836207290 0.07236070930957794 4777
1782836207291 0.171433687210083 4778
1782836207293 0.03385607898235321 4779
1782836207295 0.09897905588150024 4780
1782836207296 0.22583532333374023 4781
1782836207298 0.015503664501011372 4782
1782836207299 0.07566257566213608 4783
1782836207300 0.012698267586529255 4784
1782836207302 0.0711350366473198 4785
1782836207303 0.03704278543591499 4786
1782836207305 0.05643931403756142 4787
1782836207306 0.3267423212528229 4788
1782836207307 0.08106648921966553 4789
1782836207309 0.01495642401278019 4790
1782836207310 0.08122461289167404 4791
1782836207312 0.02315584570169449 4792
1782836207313 0.02457728236913681 4793
1782836207315 0.033273037523031235 4794
1782836207316 0.013980861753225327 4795
1782836207318 0.004524040501564741 4796
1782836207320 0.15482114255428314 4797
1782836207322 0.015600736252963543 4798
1782836207323 0.15038694441318512 4799
1782836207325 0.10855699330568314 4800
1782836207327 0.2233177125453949 4801
1782836207328 0.23410148918628693 4802
1782836207330 0.14383898675441742 4803
1782836207332 0.05200709402561188 4804
1782836207334 0.01736435852944851 4805
1782836207336 0.06265183538198471 4806
1782836207338 0.019469983875751495 4807
1782836207339 0.0327795073390007 4808
1782836207341 0.005993578117340803 4809
1782836207343 0.052314694970846176 4810
1782836207345 0.0735015794634819 4811
1782836207347 0.06789861619472504 4812
1782836207348 0.008905904367566109 4813
1782836207350 0.017989307641983032 4814
1782836207352 0.16161444783210754 4815
1782836207354 0.3113720417022705 4816
1782836207356 0.07125859707593918 4817
1782836207358 0.06119454279541969 4818
1782836207359 0.02138471230864525 4819
1782836207361 0.025058725848793983 4820
1782836207362 0.10950223356485367 4821
1782836207364 0.07677557319402695 4822
1782836207366 0.11095964908599854 4823
1782836207368 0.048385895788669586 4824
1782836207370 0.30486860871315 4825
1782836207372 0.03751261904835701 4826
1782836207373 0.01921030506491661 4827
1782836207375 0.10687922686338425 4828
1782836207376 0.1275322437286377 4829
1782836207379 0.012876234017312527 4830
1782836207382 0.011183870024979115 4831
1782836207384 0.05741583928465843 4832
1782836207386 0.11303605884313583 4833
1782836207388 0.1327977329492569 4834
1782836207390 0.05733874812722206 4835
1782836207393 0.31751492619514465 4836
1782836207395 0.0361274853348732 4837
1782836207398 0.10200528800487518 4838
1782836207400 0.1223120391368866 4839
1782836207402 0.08046280592679977 4840
1782836207404 0.5403752326965332 4841
1782836207406 0.026692377403378487 4842
1782836207407 0.13565672934055328 4843
1782836207409 0.17727892100811005 4844
1782836207411 0.03236036375164986 4845
1782836207413 0.03278866410255432 4846
1782836207415 0.07026657462120056 4847
1782836207417 0.0109460623934865 4848
1782836207419 0.15509118139743805 4849
1782836207421 0.07888304442167282 4850
1782836207422 0.045201048254966736 4851
1782836207424 0.014365761540830135 4852
1782836207425 0.21472112834453583 4853
1782836207427 0.0689748227596283 4854
1782836207429 0.03480327129364014 4855
1782836207430 0.12720099091529846 4856
1782836207432 0.0623152032494545 4857
1782836207434 0.017842834815382957 4858
1782836207435 0.03418957069516182 4859
1782836207437 0.062105171382427216 4860
1782836207439 0.04616735875606537 4861
1782836207440 0.08209337294101715 4862
1782836207441 0.10934406518936157 4863
1782836207443 0.11169668287038803 4864
1782836207444 0.01662679761648178 4865
1782836207446 0.16094925999641418 4866
1782836207447 0.04418915882706642 4867
1782836207448 0.04564546421170235 4868
1782836207450 0.03848734870553017 4869
1782836207451 0.14456865191459656 4870
1782836207453 0.3178420066833496 4871
1782836207454 0.06155402213335037 4872
1782836207455 0.10979694873094559 4873
1782836207457 0.031275615096092224 4874
1782836207458 0.022703904658555984 4875
1782836207460 0.08668430149555206 4876
1782836207461 0.02640574797987938 4877
1782836207462 0.04194558039307594 4878
1782836207464 0.004531417973339558 4879
1782836207465 0.04809720441699028 4880
1782836207467 0.011029889807105064 4881
1782836207468 0.03289513289928436 4882
1782836207470 0.03535153716802597 4883
1782836207471 0.1660354882478714 4884
1782836207472 0.13689547777175903 4885
1782836207474 0.265469491481781 4886
1782836207475 0.0195405725389719 4887
1782836207477 0.08827141672372818 4888
1782836207478 0.015435469336807728 4889
1782836207480 0.1474083662033081 4890
1782836207481 0.12144216895103455 4891
1782836207482 0.0040551843121647835 4892
1782836207484 0.1044621467590332 4893
1782836207486 0.005478933919221163 4894
1782836207489 0.1161305159330368 4895
1782836207491 0.2117522954940796 4896
1782836207493 0.0045240819454193115 4897
1782836207495 0.012006383389234543 4898
1782836207498 0.17754779756069183 4899
1782836207500 0.2359900176525116 4900
1782836207502 0.13626812398433685 4901
1782836207505 0.09146644920110703 4902
1782836207507 0.024000708013772964 4903
1782836207509 0.19559605419635773 4904
1782836207511 0.06758632510900497 4905
1782836207512 0.29549264907836914 4906
1782836207514 0.13781674206256866 4907
1782836207516 0.0867912694811821 4908
1782836207518 0.2551414668560028 4909
1782836207520 0.08280768990516663 4910
1782836207522 0.0462452732026577 4911
1782836207524 0.0624559186398983 4912
1782836207525 0.0532853938639164 4913
1782836207527 0.20657505095005035 4914
1782836207529 0.1264435052871704 4915
1782836207530 0.1285635530948639 4916
1782836207532 0.024874454364180565 4917
1782836207534 0.0445847250521183 4918
1782836207535 0.288124144077301 4919
1782836207537 0.04196036234498024 4920
1782836207538 0.11139136552810669 4921
1782836207540 0.3707672357559204 4922
1782836207541 0.49056145548820496 4923
1782836207543 0.017147285863757133 4924
1782836207544 0.031503040343523026 4925
1782836207546 0.051591888070106506 4926
1782836207547 0.06556042283773422 4927
1782836207548 0.09631363302469254 4928
1782836207550 0.04284500330686569 4929
1782836207551 0.11171608418226242 4930
1782836207552 0.1183767020702362 4931
1782836207554 0.11072177439928055 4932
1782836207555 0.0276340264827013 4933
1782836207557 0.10945381224155426 4934
1782836207558 0.019324306398630142 4935
1782836207559 0.09989926964044571 4936
1782836207561 0.16943557560443878 4937
1782836207562 0.09554561972618103 4938
1782836207563 0.0694250836968422 4939
1782836207565 0.0634445771574974 4940
1782836207566 0.5828749537467957 4941
1782836207568 0.16872285306453705 4942
1782836207569 0.05802244320511818 4943
1782836207570 0.2754373550415039 4944
1782836207572 0.05838972330093384 4945
1782836207573 0.19262751936912537 4946
1782836207575 0.056015606969594955 4947
1782836207576 0.032515525817871094 4948
1782836207577 0.2206568419933319 4949
1782836207579 0.022002212703227997 4950
1782836207580 0.010598480701446533 4951
1782836207581 0.06497097760438919 4952
1782836207583 0.17482465505599976 4953
1782836207584 0.23585602641105652 4954
1782836207586 0.06001918390393257 4955
1782836207587 0.11593993753194809 4956
1782836207588 0.0337495356798172 4957
1782836207590 0.002954506315290928 4958
1782836207591 0.020613985136151314 4959
1782836207592 0.007324399892240763 4960
1782836207594 0.045327600091695786 4961
1782836207595 0.08587487041950226 4962
1782836207598 0.010401049628853798 4963
1782836207600 0.18752430379390717 4964
1782836207606 0.10703448206186295 4965
1782836207608 0.40950968861579895 4966
1782836207610 0.061045486479997635 4967
1782836207612 0.12277544289827347 4968
1782836207615 0.05173346400260925 4969
1782836207617 0.07301080971956253 4970
1782836207619 0.035986244678497314 4971
1782836207621 0.0933484137058258 4972
1782836207622 0.1693050116300583 4973
1782836207624 0.007635843940079212 4974
1782836207626 0.034568291157484055 4975
1782836207628 0.08337769657373428 4976
1782836207630 0.8427000641822815 4977
1782836207632 0.247716024518013 4978
1782836207634 0.08386367559432983 4979
1782836207636 0.012983120046555996 4980
1782836207638 0.015866730362176895 4981
1782836207640 0.2660239040851593 4982
1782836207641 0.06785160303115845 4983
1782836207643 0.10344471037387848 4984
1782836207644 0.09682051837444305 4985
1782836207645 0.03587250038981438 4986
1782836207647 0.04238103702664375 4987
1782836207648 0.17823627591133118 4988
1782836207649 0.17313863337039948 4989
1782836207651 0.15611979365348816 4990
1782836207653 0.17903676629066467 4991
1782836207654 0.07912902534008026 4992
1782836207656 0.03214699402451515 4993
1782836207657 0.01872449740767479 4994
1782836207658 0.04723528027534485 4995
1782836207660 0.37277552485466003 4996
1782836207661 0.02194899134337902 4997
1782836207662 0.12494034320116043 4998
1782836207664 0.09813649207353592 4999
1782836207665 0.06388898938894272 5000
1782836207667 0.14016517996788025 5001
1782836207668 0.06006666645407677 5002
1782836207670 0.03352387994527817 5003
1782836207671 0.008248601108789444 5004
1782836207673 0.23696772754192352 5005
1782836207674 0.03396046161651611 5006
1782836207675 0.05612123757600784 5007
1782836207677 0.14366674423217773 5008
1782836207678 0.006699589546769857 5009
1782836207680 0.07586327195167542 5010
1782836207681 0.07666262239217758 5011
1782836207683 0.09931033104658127 5012
1782836207684 0.09970949590206146 5013
1782836207685 0.10464242845773697 5014
1782836207687 0.1415453851222992 5015
1782836207688 0.028458990156650543 5016
1782836207689 0.13207681477069855 5017
1782836207691 0.27022379636764526 5018
1782836207692 0.1727095991373062 5019
1782836207694 0.10622488707304001 5020
1782836207695 0.11028314381837845 5021
1782836207697 0.014643823727965355 5022
1782836207698 0.040294844657182693 5023
1782836207699 0.05228765681385994 5024
1782836207701 0.27700161933898926 5025
1782836207702 0.0501088909804821 5026
1782836207703 0.06639602035284042 5027
1782836207705 0.05238582193851471 5028
1782836207706 0.02157183177769184 5029
1782836207708 0.05925261229276657 5030
1782836207709 0.004904488567262888 5031
1782836207710 0.09019318968057632 5032
1782836207712 0.022903313860297203 5033
1782836207715 0.1254669576883316 5034
1782836207717 0.040046196430921555 5035
1782836207719 0.09106432646512985 5036
1782836207721 0.0047338553704321384 5037
1782836207723 0.037791695445775986 5038
1782836207725 0.1442342847585678 5039
1782836207727 0.013457250781357288 5040
1782836207729 0.028565682470798492 5041
1782836207731 0.044157929718494415 5042
1782836207734 0.07305826246738434 5043
1782836207736 0.04285163804888725 5044
1782836207738 0.08645270019769669 5045
1782836207740 0.12666451930999756 5046
1782836207741 0.400332510471344 5047
1782836207743 0.04681934788823128 5048
1782836207745 0.06309905648231506 5049
1782836207747 0.01020784117281437 5050
1782836207752 0.008389869704842567 5051
1782836207754 0.07636521756649017 5052
1782836207756 0.21882253885269165 5053
1782836207759 0.04633419215679169 5054
1782836207761 0.24123089015483856 5055
1782836207762 0.1927887201309204 5056
1782836207764 0.038492169231176376 5057
1782836207766 0.010213340632617474 5058
1782836207768 0.05125432461500168 5059
1782836207769 0.12621021270751953 5060
1782836207771 0.022739583626389503 5061
1782836207772 0.12684859335422516 5062
1782836207774 0.20044603943824768 5063
1782836207775 0.039127569645643234 5064
1782836207777 0.049146153032779694 5065
1782836207778 0.03821209818124771 5066
1782836207780 0.03189634531736374 5067
1782836207781 0.006918375845998526 5068
1782836207783 0.08539556711912155 5069
1782836207784 0.11775855720043182 5070
1782836207786 0.0745556578040123 5071
1782836207787 0.2541136145591736 5072
1782836207789 0.0491148866713047 5073
1782836207791 0.02462661825120449 5074
1782836207792 0.07989786565303802 5075
1782836207793 0.01691257208585739 5076
1782836207795 0.022977590560913086 5077
1782836207796 0.008865281008183956 5078
1782836207798 0.05076003447175026 5079
1782836207799 0.4028772711753845 5080
1782836207801 0.03481602668762207 5081
1782836207802 0.20067012310028076 5082
1782836207803 0.026608344167470932 5083
1782836207805 0.02070148102939129 5084
1782836207806 0.012657465413212776 5085
1782836207807 0.09190614521503448 5086
1782836207809 0.020013129338622093 5087
1782836207810 0.13605225086212158 5088
1782836207812 0.05866768956184387 5089
1782836207813 0.10768353939056396 5090
1782836207814 0.04951747879385948 5091
1782836207816 0.16321414709091187 5092
1782836207817 0.030794231221079826 5093
1782836207818 0.09489760547876358 5094
1782836207820 0.04251054674386978 5095
1782836207821 0.0736745074391365 5096
1782836207823 0.33094415068626404 5097
1782836207824 0.12846937775611877 5098
1782836207826 0.0540284626185894 5099
1782836207828 0.07619047164916992 5100
1782836207830 0.048714686185121536 5101
1782836207832 0.09832316637039185 5102
1782836207834 0.022672904655337334 5103
1782836207836 0.049245357513427734 5104
1782836207838 0.23536500334739685 5105
1782836207841 0.033570267260074615 5106
1782836207843 0.00870366021990776 5107
1782836207845 0.04598423093557358 5108
1782836207847 0.022112391889095306 5109
1782836207849 0.01823815517127514 5110
1782836207851 0.18844053149223328 5111
1782836207852 0.011999002657830715 5112
1782836207854 0.007699045352637768 5113
1782836207857 0.04304596409201622 5114
1782836207859 0.14906597137451172 5115
1782836207861 0.03598969057202339 5116
1782836207863 0.02406265400350094 5117
1782836207865 0.02920166589319706 5118
1782836207866 0.07506781071424484 5119
1782836207868 0.077374167740345 5120
1782836207869 0.24914109706878662 5121
1782836207871 0.15465663373470306 5122
1782836207873 0.08180752396583557 5123
1782836207875 0.13355329632759094 5124
1782836207876 0.006801411509513855 5125
1782836207878 0.010854816995561123 5126
1782836207879 0.029022280126810074 5127
1782836207881 0.11637523025274277 5128
1782836207882 0.021508391946554184 5129
1782836207884 0.062367577105760574 5130
1782836207885 0.0639125257730484 5131
1782836207887 0.1187363937497139 5132
1782836207889 0.196435809135437 5133
1782836207891 0.2549288272857666 5134
1782836207893 0.02790050022304058 5135
1782836207894 0.027606431394815445 5136
1782836207896 0.04395797848701477 5137
1782836207897 0.15704971551895142 5138
1782836207899 0.005600549280643463 5139
1782836207900 0.14389191567897797 5140
1782836207902 0.08751924335956573 5141
1782836207903 0.14002802968025208 5142
1782836207905 0.2132752388715744 5143
1782836207907 0.06655524671077728 5144
1782836207908 0.08508574962615967 5145
1782836207910 0.033396054059267044 5146
1782836207911 0.1463470160961151 5147
1782836207913 0.10503652691841125 5148
1782836207915 0.03870350122451782 5149
1782836207916 0.14776138961315155 5150
1782836207918 0.02541036531329155 5151
1782836207920 0.05666163191199303 5152
1782836207921 0.1412164270877838 5153
1782836207923 0.0012349390890449286 5154
1782836207924 0.12816646695137024 5155
1782836207926 0.1487543284893036 5156
1782836207928 0.14100579917430878 5157
1782836207929 0.04229269549250603 5158
1782836207931 0.19053654372692108 5159
1782836207933 0.37145641446113586 5160
1782836207934 0.18952442705631256 5161
1782836207936 0.05213551223278046 5162
1782836207937 0.02534104511141777 5163
1782836207939 0.08747570961713791 5164
1782836207941 0.03251500055193901 5165
1782836207942 0.10084394365549088 5166
1782836207944 0.05982949212193489 5167
1782836207945 0.10642202943563461 5168
1782836207947 0.14557157456874847 5169
1782836207949 0.22566652297973633 5170
1782836207951 0.062337566167116165 5171
1782836207953 0.05685258284211159 5172
1782836207955 0.006401699502021074 5173
1782836207957 0.10721723735332489 5174
1782836207960 0.11866860836744308 5175
1782836207962 0.11950935423374176 5176
1782836207964 0.016900427639484406 5177
1782836207966 0.10840761661529541 5178
1782836207968 0.1006610244512558 5179
1782836207970 0.06547084450721741 5180
1782836207972 0.021411985158920288 5181
1782836207974 0.20251338183879852 5182
1782836207975 0.025032788515090942 5183
1782836207977 0.10821297764778137 5184
1782836207979 0.09651827812194824 5185
1782836207982 0.009991135448217392 5186
1782836207983 0.08760269731283188 5187
1782836207985 0.028608394786715508 5188
1782836207986 0.02900051511824131 5189
1782836207988 0.08909979462623596 5190
1782836207989 0.23081938922405243 5191
1782836207991 0.13791359961032867 5192
1782836207992 0.01720934547483921 5193
1782836207994 0.07615865767002106 5194
1782836207995 0.13606083393096924 5195
1782836207996 0.034636277705430984 5196
1782836207998 0.043978188186883926 5197
1782836207999 0.10180521756410599 5198
1782836208001 0.1813102662563324 5199
1782836208002 0.20667150616645813 5200
1782836208004 0.1929617077112198 5201
1782836208005 0.03441152349114418 5202
1782836208007 0.2716812193393707 5203
1782836208008 0.25120165944099426 5204
1782836208009 0.22030897438526154 5205
1782836208011 0.07142478227615356 5206
1782836208012 0.1027039885520935 5207
1782836208014 0.006928338669240475 5208
1782836208015 0.2358473688364029 5209
1782836208017 0.1478903889656067 5210
1782836208018 0.23563291132450104 5211
1782836208019 0.4176553785800934 5212
1782836208021 0.10127976536750793 5213
1782836208022 0.011120012030005455 5214
1782836208024 0.29228106141090393 5215
1782836208025 0.12710978090763092 5216
1782836208027 0.11542749404907227 5217
1782836208028 0.030933111906051636 5218
1782836208029 0.08777357637882233 5219
1782836208031 0.13041260838508606 5220
1782836208032 0.032743096351623535 5221
1782836208033 0.13069653511047363 5222
1782836208035 0.007325677666813135 5223
1782836208036 0.10928096622228622 5224
1782836208038 0.1660667508840561 5225
1782836208039 0.2358679473400116 5226
1782836208041 0.020856626331806183 5227
1782836208042 0.032997459173202515 5228
1782836208044 0.018660740926861763 5229
1782836208045 0.19177745282649994 5230
1782836208047 0.03364605829119682 5231
1782836208048 0.09156714379787445 5232
1782836208050 0.05705379694700241 5233
1782836208051 0.09091456234455109 5234
1782836208052 0.030401986092329025 5235
1782836208054 0.012327626347541809 5236
1782836208055 0.0711006224155426 5237
1782836208056 0.356283038854599 5238
1782836208059 0.14013934135437012 5239
1782836208061 0.3928309381008148 5240
1782836208063 0.033641666173934937 5241
1782836208065 0.13526879251003265 5242
1782836208067 0.00666608102619648 5243
1782836208069 0.2191750854253769 5244
1782836208071 0.06043458357453346 5245
1782836208073 0.005767235532402992 5246
1782836208075 0.3127985894680023 5247
1782836208077 0.1692504733800888 5248
1782836208080 0.2556387186050415 5249
1782836208081 0.02425878308713436 5250
1782836208083 0.013116258196532726 5251
1782836208084 0.008627474308013916 5252
1782836208086 0.16948547959327698 5253
1782836208088 0.06857267022132874 5254
1782836208090 0.040019549429416656 5255
1782836208092 0.0675911009311676 5256
1782836208094 0.18713457882404327 5257
1782836208096 0.02705361507833004 5258
1782836208098 0.07551654428243637 5259
1782836208099 0.23160523176193237 5260
1782836208101 0.022834107279777527 5261
1782836208103 0.07743729650974274 5262
1782836208104 0.03642646595835686 5263
1782836208106 0.009617622010409832 5264
1782836208107 0.3352082669734955 5265
1782836208109 0.0036261931527405977 5266
1782836208110 0.021892886608839035 5267
1782836208111 0.07699748873710632 5268
1782836208113 0.05583938956260681 5269
1782836208114 0.009616434574127197 5270
1782836208116 0.2542797029018402 5271
1782836208117 0.011032871901988983 5272
1782836208119 0.14471416175365448 5273
1782836208120 0.18532560765743256 5274
1782836208122 0.04266544058918953 5275
1782836208123 0.05821090191602707 5276
1782836208124 0.09057173877954483 5277
1782836208126 0.24642053246498108 5278
1782836208128 0.012686226516962051 5279
1782836208129 0.24770694971084595 5280
1782836208131 0.0857468992471695 5281
1782836208132 0.005495656747370958 5282
1782836208134 0.0373421274125576 5283
1782836208135 0.0027739200741052628 5284
1782836208137 0.10524572432041168 5285
1782836208138 0.09293228387832642 5286
1782836208140 0.024750951677560806 5287
1782836208142 0.03431900590658188 5288
1782836208143 0.006802711635828018 5289
1782836208144 0.08989138901233673 5290
1782836208146 0.015378862619400024 5291
1782836208147 0.010168579407036304 5292
1782836208149 0.04713530093431473 5293
1782836208151 0.12853080034255981 5294
1782836208153 0.21492578089237213 5295
1782836208155 0.0915294662117958 5296
1782836208156 0.004888184368610382 5297
1782836208158 0.07195312529802322 5298
1782836208159 0.18944717943668365 5299
1782836208161 0.06643912941217422 5300
1782836208162 0.27000775933265686 5301
1782836208164 0.0525088869035244 5302
1782836208165 0.017685962840914726 5303
1782836208167 0.00956188514828682 5304
1782836208168 0.06197304278612137 5305
1782836208170 0.16594189405441284 5306
1782836208171 0.24394230544567108 5307
1782836208173 0.015040572732686996 5308
1782836208174 0.09786230325698853 5309
1782836208176 0.29026031494140625 5310
1782836208178 0.055900733917951584 5311
1782836208180 0.017557978630065918 5312
1782836208182 0.011339069344103336 5313
1782836208183 0.18636208772659302 5314
1782836208185 0.07705488801002502 5315
1782836208186 0.028125405311584473 5316
1782836208188 0.0019774436950683594 5317
1782836208189 0.007372602820396423 5318
1782836208190 0.39518284797668457 5319
1782836208192 0.007066414691507816 5320
1782836208193 0.05963115394115448 5321
1782836208195 0.19927369058132172 5322
1782836208196 0.09042083472013474 5323
1782836208197 0.00766480527818203 5324
1782836208199 0.014171075075864792 5325
1782836208200 0.11250843107700348 5326
1782836208202 0.4517241418361664 5327
1782836208203 0.300870418548584 5328
1782836208204 0.08272390067577362 5329
1782836208206 0.116366907954216 5330
1782836208207 0.05265754461288452 5331
1782836208208 0.0402555912733078 5332
1782836208210 0.1607590913772583 5333
1782836208211 0.05785457789897919 5334
1782836208212 0.16771741211414337 5335
1782836208214 0.07562264055013657 5336
1782836208215 0.020724529400467873 5337
1782836208217 0.019849030300974846 5338
1782836208218 0.07127055525779724 5339
1782836208219 0.33517706394195557 5340
1782836208221 0.02898244559764862 5341
1782836208222 0.04070163890719414 5342
1782836208223 0.07487483322620392 5343
1782836208225 0.01079022977501154 5344
1782836208226 0.06505012512207031 5345
1782836208227 0.11075064539909363 5346
1782836208229 0.08190646022558212 5347
1782836208230 0.07915075868368149 5348
1782836208231 0.07999862730503082 5349
1782836208233 0.21842367947101593 5350
1782836208234 0.21009552478790283 5351
1782836208236 0.05475766956806183 5352
1782836208237 0.15250328183174133 5353
1782836208238 0.28071311116218567 5354
1782836208240 0.06137273833155632 5355
1782836208241 0.022437836974859238 5356
1782836208242 0.1373218446969986 5357
1782836208244 0.1281590312719345 5358
1782836208245 0.10501354187726974 5359
1782836208247 0.08804531395435333 5360
1782836208248 0.05632994323968887 5361
1782836208249 0.12935087084770203 5362
1782836208251 0.32114657759666443 5363
1782836208252 0.12573100626468658 5364
1782836208254 0.12598395347595215 5365
1782836208255 0.17373859882354736 5366
1782836208256 0.01896624080836773 5367
1782836208258 0.4005235731601715 5368
1782836208259 0.2017815113067627 5369
1782836208260 0.10428689420223236 5370
1782836208263 0.3931284248828888 5371
1782836208265 0.0087217316031456 5372
1782836208267 0.007259639911353588 5373
1782836208269 0.011686508543789387 5374
1782836208271 0.194736510515213 5375
1782836208273 0.010111521929502487 5376
1782836208275 0.4172554910182953 5377
1782836208278 0.30980727076530457 5378
1782836208280 0.16778339445590973 5379
1782836208283 0.050820037722587585 5380
1782836208285 0.04312348738312721 5381
1782836208286 0.07369259744882584 5382
1782836208288 0.070318304002285 5383
1782836208290 0.01334531418979168 5384
1782836208292 0.09089674800634384 5385
1782836208294 0.17865926027297974 5386
1782836208296 0.16004198789596558 5387
1782836208297 0.03425297886133194 5388
1782836208299 0.21513116359710693 5389
1782836208301 0.09446151554584503 5390
1782836208302 0.15524834394454956 5391
1782836208304 0.02891961671411991 5392
1782836208305 0.1121203750371933 5393
1782836208307 0.017968833446502686 5394
1782836208308 0.01669497601687908 5395
1782836208310 0.2278081178665161 5396
1782836208311 0.006280418019741774 5397
1782836208313 0.14633314311504364 5398
1782836208314 0.0597568042576313 5399
1782836208316 0.18541163206100464 5400
1782836208317 0.24103903770446777 5401
1782836208319 0.22071774303913116 5402
1782836208320 0.07395363599061966 5403
1782836208322 0.04941270500421524 5404
1782836208323 0.333429753780365 5405
1782836208325 0.1200907975435257 5406
1782836208327 0.23541507124900818 5407
1782836208329 0.12653985619544983 5408
1782836208332 0.08693000674247742 5409
1782836208333 0.2822762727737427 5410
1782836208335 0.20216117799282074 5411
1782836208337 0.11844484508037567 5412
1782836208340 0.0069849686697125435 5413
1782836208343 0.24650365114212036 5414
1782836208346 0.014783837832510471 5415
1782836208348 0.07714539766311646 5416
1782836208351 0.0825386568903923 5417
1782836208354 0.1125820055603981 5418
1782836208358 0.03630543872714043 5419
1782836208361 0.036772143095731735 5420
1782836208364 0.02491053007543087 5421
1782836208367 0.006256261374801397 5422
1782836208370 0.06942658126354218 5423
1782836208374 0.09791608899831772 5424
1782836208376 0.07982105761766434 5425
1782836208379 0.19827115535736084 5426
1782836208381 0.21493332087993622 5427
1782836208383 0.02142057754099369 5428
1782836208385 0.018359070643782616 5429
1782836208387 0.1862853765487671 5430
1782836208389 0.09917207062244415 5431
1782836208392 0.2850927710533142 5432
1782836208394 0.24334020912647247 5433
1782836208396 0.07299208641052246 5434
1782836208398 0.4877292513847351 5435
1782836208400 0.0443292036652565 5436
1782836208401 0.2236764281988144 5437
1782836208404 0.11904879659414291 5438
1782836208406 0.2019309401512146 5439
1782836208408 0.06952381134033203 5440
1782836208410 0.06566879153251648 5441
1782836208412 0.08162815868854523 5442
1782836208414 0.0683203712105751 5443
1782836208416 0.093353271484375 5444
1782836208417 0.2572888731956482 5445
1782836208419 0.025264976546168327 5446
1782836208421 0.10389067232608795 5447
1782836208422 0.1404033899307251 5448
1782836208424 0.07713527977466583 5449
1782836208425 0.18979495763778687 5450
1782836208427 0.03467930853366852 5451
1782836208428 0.1324647068977356 5452
1782836208429 0.041106440126895905 5453
1782836208431 0.04461716488003731 5454
1782836208433 0.21084736287593842 5455
1782836208434 0.01926841400563717 5456
1782836208436 0.343505322933197 5457
1782836208437 0.28466758131980896 5458
1782836208439 0.04297971725463867 5459
1782836208440 0.009790175594389439 5460
1782836208441 0.04304631054401398 5461
1782836208443 0.07107814401388168 5462
1782836208444 0.13518890738487244 5463
1782836208446 0.016728784888982773 5464
1782836208447 0.039611928164958954 5465
1782836208449 0.06114739924669266 5466
1782836208450 0.014018088579177856 5467
1782836208452 0.12800638377666473 5468
1782836208453 0.033638205379247665 5469
1782836208455 0.05854460224509239 5470
1782836208456 0.14273662865161896 5471
1782836208458 0.04245791211724281 5472
1782836208460 0.045857984572649 5473
1782836208462 0.016021722927689552 5474
1782836208464 0.10521683096885681 5475
1782836208466 0.009834951721131802 5476
1782836208468 0.011479616165161133 5477
1782836208470 0.01043795607984066 5478
1782836208472 0.08050675690174103 5479
1782836208474 0.28044408559799194 5480
1782836208475 0.11856101453304291 5481
1782836208477 0.3156757056713104 5482
1782836208479 0.11982084065675735 5483
1782836208482 0.051620714366436005 5484
1782836208484 0.056569572538137436 5485
1782836208486 0.020472031086683273 5486
1782836208488 0.019328448921442032 5487
1782836208490 0.04121413826942444 5488
1782836208493 0.1486148089170456 5489
1782836208495 0.018189717084169388 5490
1782836208497 0.10720325261354446 5491
1782836208499 0.09268545359373093 5492
1782836208501 0.06775832176208496 5493
1782836208503 0.15069186687469482 5494
1782836208504 0.012803236022591591 5495
1782836208506 0.018448729068040848 5496
1782836208508 0.0653841644525528 5497
1782836208510 0.0945892333984375 5498
1782836208513 0.030840041115880013 5499
1782836208515 0.010711368173360825 5500
1782836208517 0.2332681566476822 5501
1782836208519 0.09537215530872345 5502
1782836208520 0.03866558521986008 5503
1782836208522 0.1652430146932602 5504
1782836208523 0.010587140917778015 5505
1782836208525 0.16546182334423065 5506
1782836208527 0.11731041222810745 5507
1782836208528 0.11215459555387497 5508
1782836208530 0.09122240543365479 5509
1782836208531 0.0330621711909771 5510
1782836208533 0.34017494320869446 5511
1782836208535 0.1070641577243805 5512
1782836208537 0.012807630933821201 5513
1782836208539 0.13916997611522675 5514
1782836208541 0.03922194615006447 5515
1782836208542 0.00807612482458353 5516
1782836208544 0.04905755817890167 5517
1782836208546 0.014386222697794437 5518
1782836208547 0.01023670844733715 5519
1782836208549 0.08038192987442017 5520
1782836208550 0.005718523170799017 5521
1782836208552 0.005048487335443497 5522
1782836208553 0.15957032144069672 5523
1782836208555 0.3811687231063843 5524
1782836208556 0.09380202740430832 5525
1782836208558 0.017334049567580223 5526
1782836208559 0.04657817259430885 5527
1782836208561 0.41597652435302734 5528
1782836208562 0.40125229954719543 5529
1782836208563 0.20534737408161163 5530
1782836208565 0.07571589201688766 5531
1782836208566 0.032469362020492554 5532
1782836208568 0.15058133006095886 5533
1782836208569 0.08887004852294922 5534
1782836208571 0.15693067014217377 5535
1782836208572 0.17324858903884888 5536
1782836208574 0.03224295377731323 5537
1782836208575 0.1096869483590126 5538
1782836208577 0.017714424058794975 5539
1782836208582 0.3708692789077759 5540
1782836208584 0.1400243639945984 5541
1782836208587 0.03905005007982254 5542
1782836208589 0.03598573058843613 5543
1782836208592 0.47122135758399963 5544
1782836208595 0.025942493230104446 5545
1782836208597 0.006736000068485737 5546
1782836208600 0.09211154282093048 5547
1782836208602 0.3010335862636566 5548
1782836208605 0.05535578355193138 5549
1782836208608 0.11155683547258377 5550
1782836208609 0.007400043308734894 5551
1782836208612 0.04802601411938667 5552
1782836208616 0.05786360055208206 5553
1782836208619 0.03093288280069828 5554
1782836208621 0.02008918859064579 5555
1782836208623 0.17357823252677917 5556
1782836208625 0.0815478265285492 5557
1782836208627 0.13436925411224365 5558
1782836208628 0.03936293348670006 5559
1782836208630 0.029566671699285507 5560
1782836208632 0.05457624793052673 5561
1782836208634 0.09254472702741623 5562
1782836208636 0.02844477817416191 5563
1782836208638 0.03985540568828583 5564
1782836208640 0.07321232557296753 5565
1782836208641 0.04081229865550995 5566
1782836208643 0.13120612502098083 5567
1782836208645 0.23543758690357208 5568
1782836208647 0.033154238015413284 5569
1782836208649 0.0594441220164299 5570
1782836208651 0.1880084127187729 5571
1782836208653 0.016202574595808983 5572
1782836208654 0.07051516324281693 5573
1782836208656 0.03535629063844681 5574
1782836208657 0.2806888520717621 5575
1782836208659 0.014741810970008373 5576
1782836208660 0.1782560795545578 5577
1782836208662 0.17012616991996765 5578
1782836208663 0.0638430267572403 5579
1782836208665 0.05565286800265312 5580
1782836208666 0.04776432737708092 5581
1782836208668 0.055716633796691895 5582
1782836208669 0.04362139105796814 5583
1782836208670 0.02660032920539379 5584
1782836208672 0.054035257548093796 5585
1782836208673 0.11723169684410095 5586
1782836208675 0.04191214591264725 5587
1782836208676 0.25020483136177063 5588
1782836208678 0.17986860871315002 5589
1782836208679 0.07077118009328842 5590
1782836208681 0.3504736125469208 5591
1782836208682 0.12470841407775879 5592
1782836208683 0.10957621037960052 5593
1782836208685 0.02999875135719776 5594
1782836208686 0.0849757045507431 5595
1782836208688 0.0373557023704052 5596
1782836208689 0.19426187872886658 5597
1782836208690 0.07901786267757416 5598
1782836208692 0.36466407775878906 5599
1782836208693 0.018195865675807 5600
1782836208694 0.20131458342075348 5601
1782836208696 0.18051350116729736 5602
1782836208697 0.2195044308900833 5603
1782836208699 0.19752730429172516 5604
1782836208702 0.08548816293478012 5605
1782836208704 0.044834621250629425 5606
1782836208706 0.008093812502920628 5607
1782836208708 0.04216539487242699 5608
1782836208710 0.13708701729774475 5609
1782836208712 0.3417782187461853 5610
1782836208714 0.008694161660969257 5611
1782836208716 0.15934136509895325 5612
1782836208718 0.045139625668525696 5613
1782836208720 0.1098276749253273 5614
1782836208722 0.05207636579871178 5615
1782836208724 0.2714180052280426 5616
1782836208726 0.13619810342788696 5617
1782836208728 0.2581399381160736 5618
1782836208729 0.03755919635295868 5619
1782836208731 0.00818109791725874 5620
1782836208733 0.14480876922607422 5621
1782836208735 0.05673590302467346 5622
1782836208737 0.36770546436309814 5623
1782836208739 0.1136343777179718 5624
1782836208855 0.06933901458978653 5625
1782836208857 0.10738907009363174 5626
1782836208859 0.020988980308175087 5627
1782836208860 0.18241648375988007 5628
1782836208861 0.029774997383356094 5629
1782836208863 0.025899332016706467 5630
1782836208864 0.06419597566127777 5631
1782836208866 0.09390481561422348 5632
1782836208867 0.07119625806808472 5633
1782836208868 0.04051125422120094 5634
1782836208870 0.12738099694252014 5635
1782836208871 0.04329188913106918 5636
1782836208873 0.06976760178804398 5637
1782836208874 0.23878297209739685 5638
1782836208875 0.03807869926095009 5639
1782836208876 0.09153781086206436 5640
1782836208878 0.09682125598192215 5641
1782836208879 0.13082528114318848 5642
1782836208880 0.19894251227378845 5643
1782836208882 0.01420572865754366 5644
1782836208883 0.07149254530668259 5645
1782836208885 0.26665306091308594 5646
1782836208886 0.06131093576550484 5647
1782836208887 0.0295412540435791 5648
1782836208889 0.03131229802966118 5649
1782836208890 0.13550908863544464 5650
1782836208891 0.010179201140999794 5651
1782836208892 0.16205090284347534 5652
1782836208894 0.27083855867385864 5653
1782836208895 0.13505171239376068 5654
1782836208896 0.04733450338244438 5655
1782836208898 0.08157719671726227 5656
1782836208899 0.1308676302433014 5657
1782836208900 0.10024729371070862 5658
1782836208902 0.026445455849170685 5659
1782836208903 0.19679756462574005 5660
1782836208904 0.01473295409232378 5661
1782836208905 0.06011149659752846 5662
1782836208907 0.04970504716038704 5663
1782836208908 0.07147480547428131 5664
1782836208909 0.06079580634832382 5665
1782836208910 0.1685832440853119 5666
1782836208912 0.06859898567199707 5667
1782836208913 0.08401323109865189 5668
1782836208915 0.03499864414334297 5669
1782836208916 0.03973587602376938 5670
1782836208918 0.07538583129644394 5671
1782836208919 0.11286859959363937 5672
1782836208921 0.010700726881623268 5673
1782836208923 0.1371040940284729 5674
1782836208925 0.017130794003605843 5675
1782836208927 0.06761107593774796 5676
1782836208929 0.10321906954050064 5677
1782836208931 0.023737408220767975 5678
1782836208933 0.02255506068468094 5679
1782836208935 0.01203555054962635 5680
1782836208937 0.020151130855083466 5681
1782836208938 0.19564788043498993 5682
1782836208940 0.02310253493487835 5683
1782836208942 0.04113573580980301 5684
1782836208944 0.10410340875387192 5685
1782836208946 0.043036215007305145 5686
1782836208948 0.07402743399143219 5687
1782836208950 0.015108593739569187 5688
1782836208952 0.006223231554031372 5689
1782836208954 0.0310569666326046 5690
1782836208956 0.00863113533705473 5691
1782836208958 0.022060217335820198 5692
1782836208959 0.014674589969217777 5693
1782836208961 0.014584911987185478 5694
1782836208962 0.016642389819025993 5695
1782836208964 0.0726301521062851 5696
1782836208966 0.011728523299098015 5697
1782836208967 0.03082658164203167 5698
1782836208969 0.012381636537611485 5699
1782836208970 0.052681226283311844 5700
1782836208972 0.07626296579837799 5701
1782836208973 0.026406342163681984 5702
1782836208975 0.02537965029478073 5703
1782836208976 0.17573946714401245 5704
1782836208978 0.0784708634018898 5705
1782836208979 0.24804890155792236 5706
1782836208981 0.3364611268043518 5707
1782836208982 0.005286808591336012 5708
1782836208983 0.011024652048945427 5709
1782836208985 0.3060767650604248 5710
1782836208986 0.10733099281787872 5711
1782836208988 0.24131891131401062 5712
1782836208989 0.009087745100259781 5713
1782836208990 0.008790615946054459 5714
1782836208992 0.07892435789108276 5715
1782836208993 0.01673349365592003 5716
1782836208994 0.11468526721000671 5717
1782836208996 0.07682254910469055 5718
1782836208997 0.24112746119499207 5719
1782836208999 0.22431549429893494 5720
1782836209000 0.16575181484222412 5721
1782836209001 0.027782833203673363 5722
1782836209003 0.06715242564678192 5723
1782836209004 0.0039456915110349655 5724
1782836209006 0.0185080673545599 5725
1782836209007 0.18352897465229034 5726
1782836209008 0.012195798568427563 5727
1782836209010 0.16914188861846924 5728
1782836209011 0.08093442767858505 5729
1782836209012 0.03470266982913017 5730
1782836209014 0.07526003569364548 5731
1782836209016 0.09890373051166534 5732
1782836209018 0.03639497235417366 5733
1782836209020 0.11742150038480759 5734
1782836209022 0.10059301555156708 5735
1782836209024 0.20984353125095367 5736
1782836209026 0.2622983753681183 5737
1782836209028 0.023582128807902336 5738
1782836209031 0.08973024785518646 5739
1782836209033 0.018650799989700317 5740
1782836209035 0.07484522461891174 5741
1782836209037 0.04601883143186569 5742
1782836209039 0.08643633872270584 5743
1782836209040 0.10804703831672668 5744
1782836209042 0.20344862341880798 5745
1782836209043 0.14700593054294586 5746
1782836209045 0.10247359424829483 5747
1782836209046 0.010163849219679832 5748
1782836209048 0.1238333061337471 5749
1782836209049 0.022905435413122177 5750
1782836209051 0.012170780450105667 5751
1782836209052 0.0807737335562706 5752
1782836209054 0.019327733665704727 5753
1782836209056 0.05792494863271713 5754
1782836209057 0.10140620917081833 5755
1782836209059 0.016641123220324516 5756
1782836209060 0.01900075376033783 5757
1782836209062 0.011760677210986614 5758
1782836209063 0.006595981307327747 5759
1782836209065 0.08649440854787827 5760
1782836209066 0.04983077943325043 5761
1782836209067 0.05372031778097153 5762
1782836209069 0.025703279301524162 5763
1782836209070 0.10753047466278076 5764
1782836209071 0.188113272190094 5765
1782836209073 0.03402328863739967 5766
1782836209074 0.14556583762168884 5767
1782836209075 0.07179348915815353 5768
1782836209077 0.03434024006128311 5769
1782836209078 0.07832016050815582 5770
1782836209080 0.002993212081491947 5771
1782836209081 0.030106255784630775 5772
1782836209082 0.002500808099284768 5773
1782836209084 0.11792037636041641 5774
1782836209085 0.02572154626250267 5775
1782836209086 0.06420484185218811 5776
1782836209088 0.05952474847435951 5777
1782836209090 0.029397139325737953 5778
1782836209092 0.08277564495801926 5779
1782836209094 0.05059901997447014 5780
1782836209096 0.017661433666944504 5781
1782836209098 0.20449012517929077 5782
1782836209100 0.10010595619678497 5783
1782836209102 0.04812486097216606 5784
1782836209104 0.023521941155195236 5785
1782836209106 0.12686747312545776 5786
1782836209108 0.004000091925263405 5787
1782836209110 0.054499268531799316 5788
1782836209111 0.08867735415697098 5789
1782836209113 0.09514986723661423 5790
1782836209114 0.1595754772424698 5791
1782836209115 0.12522470951080322 5792
1782836209117 0.0562080442905426 5793
1782836209120 0.06057696044445038 5794
1782836209122 0.33122628927230835 5795
1782836209123 0.05125780776143074 5796
1782836209125 0.15078333020210266 5797
1782836209126 0.06824253499507904 5798
1782836209128 0.009343600831925869 5799
1782836209129 0.0020202260930091143 5800
1782836209131 0.0582907497882843 5801
1782836209132 0.14470522105693817 5802
1782836209134 0.01614578440785408 5803
1782836209136 0.04646662622690201 5804
1782836209137 0.15963754057884216 5805
1782836209138 0.0707901120185852 5806
1782836209140 0.040818970650434494 5807
1782836209141 0.015920747071504593 5808
1782836209143 0.045360125601291656 5809
1782836209144 0.06401194632053375 5810
1782836209146 0.0335485078394413 5811
1782836209147 0.17675307393074036 5812
1782836209149 0.05316833034157753 5813
1782836209150 0.020201997831463814 5814
1782836209151 0.2004440873861313 5815
1782836209153 0.10255040973424911 5816
1782836209154 0.13938890397548676 5817
1782836209156 0.027791131287813187 5818
1782836209157 0.16509278118610382 5819
1782836209158 0.02651944011449814 5820
1782836209160 0.026487767696380615 5821
1782836209161 0.03819429874420166 5822
1782836209162 0.11243917793035507 5823
1782836209164 0.059644851833581924 5824
1782836209165 0.28497645258903503 5825
1782836209166 0.0708814412355423 5826
1782836209168 0.08411301672458649 5827
1782836209169 0.06750348955392838 5828
1782836209171 0.09850489348173141 5829
1782836209172 0.11596424877643585 5830
1782836209174 0.13277293741703033 5831
1782836209175 0.1405840516090393 5832
1782836209177 0.08900859951972961 5833
1782836209178 0.034496746957302094 5834
1782836209180 0.0170828178524971 5835
1782836209181 0.040254995226860046 5836
1782836209182 0.05239027366042137 5837
1782836209184 0.06286799162626266 5838
1782836209185 0.1745726615190506 5839
1782836209187 0.16148871183395386 5840
1782836209188 0.31056439876556396 5841
1782836209190 0.009623490273952484 5842
1782836209191 0.08015543222427368 5843
1782836209192 0.15215077996253967 5844
1782836209195 0.2666420340538025 5845
1782836209197 0.006924506742507219 5846
1782836209199 0.016741320490837097 5847
1782836209201 0.13204622268676758 5848
1782836209203 0.01933864876627922 5849
1782836209205 0.09354525059461594 5850
1782836209207 0.13386103510856628 5851
1782836209209 0.1988178789615631 5852
1782836209211 0.24254393577575684 5853
1782836209213 0.09220623224973679 5854
1782836209215 0.03048636019229889 5855
1782836209216 0.14432267844676971 5856
1782836209218 0.0343417227268219 5857
1782836209219 0.13190270960330963 5858
1782836209221 0.11726368963718414 5859
1782836209223 0.06358905881643295 5860
1782836209225 0.019555797800421715 5861
1782836209227 0.023837700486183167 5862
1782836209229 0.016152529045939445 5863
1782836209230 0.043198686093091965 5864
1782836209231 0.011458617635071278 5865
1782836209233 0.028330760076642036 5866
1782836209235 0.0677676796913147 5867
1782836209236 0.12628357112407684 5868
1782836209237 0.012501257471740246 5869
1782836209239 0.05753298103809357 5870
1782836209241 0.02075251005589962 5871
1782836209242 0.07765811681747437 5872
1782836209244 0.010601977817714214 5873
1782836209246 0.017314432188868523 5874
1782836209247 0.07285482436418533 5875
1782836209249 0.08966518938541412 5876
1782836209251 0.07723136246204376 5877
1782836209253 0.11506515741348267 5878
1782836209255 0.03187737613916397 5879
1782836209256 0.004030851647257805 5880
1782836209258 0.0065520829521119595 5881
1782836209259 0.015917638316750526 5882
1782836209261 0.02324906922876835 5883
1782836209263 0.050754349678754807 5884
1782836209264 0.042300958186388016 5885
1782836209266 0.07459329813718796 5886
1782836209268 0.06791030615568161 5887
1782836209269 0.07718595117330551 5888
1782836209271 0.02025286853313446 5889
1782836209273 0.09723681211471558 5890
1782836209274 0.16477085649967194 5891
1782836209276 0.12296593189239502 5892
1782836209278 0.06144905462861061 5893
1782836209279 0.03503589332103729 5894
1782836209281 0.1835600733757019 5895
1782836209283 0.15231993794441223 5896
1782836209284 0.016286002472043037 5897
1782836209286 0.020102139562368393 5898
1782836209288 0.1240495815873146 5899
1782836209289 0.08857707679271698 5900
1782836209291 0.02827773615717888 5901
1782836209293 0.09186255186796188 5902
1782836209295 0.09080207347869873 5903
1782836209296 0.018753843382000923 5904
1782836209298 0.09118558466434479 5905
1782836209301 0.00843197014182806 5906
1782836209302 0.19939684867858887 5907
1782836209305 0.034010861068964005 5908
1782836209307 0.03771881386637688 5909
1782836209308 0.12962768971920013 5910
1782836209310 0.05433419719338417 5911
1782836209312 0.010046296752989292 5912
1782836209314 0.0796351283788681 5913
1782836209315 0.0931674987077713 5914
1782836209317 0.04788722097873688 5915
1782836209318 0.33123138546943665 5916
1782836209320 0.12474414706230164 5917
1782836209321 0.08382196724414825 5918
1782836209323 0.03530057147145271 5919
1782836209325 0.3070029318332672 5920
1782836209327 0.03142492473125458 5921
1782836209329 0.002092797541990876 5922
1782836209331 0.17591628432273865 5923
1782836209334 0.06348694115877151 5924
1782836209336 0.001852316316217184 5925
1782836209338 0.14906594157218933 5926
1782836209341 0.10477764159440994 5927
1782836209343 0.3919852674007416 5928
1782836209345 0.10522537678480148 5929
1782836209347 0.10204192996025085 5930
1782836209348 0.03085939958691597 5931
1782836209350 0.10241564363241196 5932
1782836209352 0.20798718929290771 5933
1782836209354 0.13538312911987305 5934
1782836209356 0.025510966777801514 5935
1782836209358 0.07599743455648422 5936
1782836209360 0.17573249340057373 5937
1782836209362 0.026343798264861107 5938
1782836209363 0.004425173159688711 5939
1782836209365 0.04275570437312126 5940
1782836209366 0.07467252016067505 5941
1782836209368 0.033785153180360794 5942
1782836209369 0.03080337680876255 5943
1782836209370 0.15913605690002441 5944
1782836209372 0.027833351865410805 5945
1782836209374 0.036740098148584366 5946
1782836209375 0.19879527390003204 5947
1782836209376 0.005701983813196421 5948
1782836209378 0.19466859102249146 5949
1782836209379 0.11103428155183792 5950
1782836209381 0.2350284606218338 5951
1782836209382 0.1422775685787201 5952
1782836209383 0.03436208516359329 5953
1782836209385 0.006411687005311251 5954
1782836209386 0.027532456442713737 5955
1782836209388 0.02128952369093895 5956
1782836209389 0.051764097064733505 5957
1782836209391 0.11334095895290375 5958
1782836209392 0.016855863854289055 5959
1782836209393 0.037545669823884964 5960
1782836209395 0.010083255358040333 5961
1782836209396 0.14515909552574158 5962
1782836209398 0.19875144958496094 5963
1782836209399 0.03703853115439415 5964
1782836209401 0.013777527958154678 5965
1782836209402 0.017985530197620392 5966
1782836209403 0.034144021570682526 5967
1782836209405 0.04972725361585617 5968
1782836209406 0.008325406350195408 5969
1782836209407 0.03141114488244057 5970
1782836209409 0.08142627775669098 5971
1782836209410 0.2107650488615036 5972
1782836209412 0.355895072221756 5973
1782836209413 0.06509926915168762 5974
1782836209414 0.02336583286523819 5975
1782836209416 0.01610923558473587 5976
1782836209417 0.17992044985294342 5977
1782836209418 0.007216298021376133 5978
1782836209420 0.30153539776802063 5979
1782836209421 0.1873510777950287 5980
1782836209423 0.009584779851138592 5981
1782836209424 0.14026960730552673 5982
1782836209429 0.0719059556722641 5983
1782836209431 0.09228169173002243 5984
1782836209434 0.11314324289560318 5985
1782836209435 0.27228716015815735 5986
1782836209438 0.0721328854560852 5987
1782836209440 0.1683913767337799 5988
1782836209441 0.45717573165893555 5989
1782836209443 0.07256752252578735 5990
1782836209445 0.4626142680644989 5991
1782836209448 0.021106205880641937 5992
1782836209450 0.018628237769007683 5993
1782836209451 0.029722843319177628 5994
1782836209453 0.016936689615249634 5995
1782836209455 0.02215465158224106 5996
1782836209457 0.10813358426094055 5997
1782836209459 0.1487860381603241 5998
1782836209461 0.2691420018672943 5999
1782836209463 0.03706209361553192 6000
1782836209465 0.10676893591880798 6001
1782836209467 0.0167328342795372 6002
1782836209469 0.08694404363632202 6003
1782836209471 0.005804632790386677 6004
1782836209473 0.005089858081191778 6005
1782836209474 0.049404993653297424 6006
1782836209476 0.03002634458243847 6007
1782836209477 0.0372920036315918 6008
1782836209478 0.062247201800346375 6009
1782836209480 0.3575458228588104 6010
1782836209481 0.06436510384082794 6011
1782836209482 0.06784188747406006 6012
1782836209484 0.028003858402371407 6013
1782836209485 0.12657178938388824 6014
1782836209487 0.1556977480649948 6015
1782836209490 0.006359778344631195 6016
1782836209491 0.011472918093204498 6017
1782836209493 0.08350802212953568 6018
1782836209494 0.21170340478420258 6019
1782836209495 0.08712161332368851 6020
1782836209497 0.004573094192892313 6021
1782836209498 0.07775647193193436 6022
1782836209499 0.018123367801308632 6023
1782836209501 0.041719913482666016 6024
1782836209502 0.01506413146853447 6025
1782836209503 0.021678484976291656 6026
1782836209505 0.20264650881290436 6027
1782836209506 0.007659557741135359 6028
1782836209508 0.1925019472837448 6029
1782836209509 0.007714435923844576 6030
1782836209510 0.019415980204939842 6031
1782836209512 0.10006923228502274 6032
1782836209513 0.032042477279901505 6033
1782836209514 0.26241806149482727 6034
1782836209516 0.17430002987384796 6035
1782836209517 0.07814343273639679 6036
1782836209519 0.012611598707735538 6037
1782836209521 0.09731891006231308 6038
1782836209523 0.049919888377189636 6039
1782836209525 0.05571717396378517 6040
1782836209526 0.007588026579469442 6041
1782836209528 0.07229523360729218 6042
1782836209530 0.047111038118600845 6043
1782836209532 0.060648828744888306 6044
1782836209533 0.035443998873233795 6045
1782836209535 0.09423559159040451 6046
1782836209536 0.017583824694156647 6047
1782836209538 0.019433168694376945 6048
1782836209539 0.012811699882149696 6049
1782836209541 0.1282748579978943 6050
1782836209542 0.00543058430776 6051
1782836209543 0.025222359225153923 6052
1782836209545 0.23074740171432495 6053
1782836209546 0.16408637166023254 6054
1782836209547 0.027958130463957787 6055
1782836209549 0.006271291524171829 6056
1782836209550 0.08520088344812393 6057
1782836209552 0.023457027971744537 6058
1782836209554 0.023898668587207794 6059
1782836209556 0.18462346494197845 6060
1782836209558 0.06850152462720871 6061
1782836209560 0.019498100504279137 6062
1782836209562 0.03324968367815018 6063
1782836209564 0.013113947585225105 6064
1782836209566 0.1450677514076233 6065
1782836209568 0.026805413886904716 6066
1782836209570 0.009337012656033039 6067
1782836209572 0.0276844073086977 6068
1782836209573 0.027989814057946205 6069
1782836209575 0.013627281412482262 6070
1782836209576 0.19269229471683502 6071
1782836209577 0.0057894145138561726 6072
1782836209579 0.17720384895801544 6073
1782836209581 0.168212428689003 6074
1782836209583 0.028284944593906403 6075
1782836209585 0.00974489189684391 6076
1782836209587 0.3174709379673004 6077
1782836209589 0.1063578724861145 6078
1782836209591 0.03826048970222473 6079
1782836209594 0.009005466476082802 6080
1782836209596 0.028672877699136734 6081
1782836209598 0.0008704923093318939 6082
1782836209600 0.3202438950538635 6083
1782836209602 0.04029834270477295 6084
1782836209604 0.015513299964368343 6085
1782836209607 0.3561328947544098 6086
1782836209609 0.3670526146888733 6087
1782836209611 0.07317015528678894 6088
1782836209612 0.023005180060863495 6089
1782836209614 0.03868408501148224 6090
1782836209616 0.06935332715511322 6091
1782836209618 0.0056688543409109116 6092
1782836209620 0.06434749811887741 6093
1782836209621 0.17364463210105896 6094
1782836209623 0.06344648450613022 6095
1782836209625 0.0405193530023098 6096
1782836209626 0.03972494974732399 6097
1782836209628 0.01548928115516901 6098
1782836209630 0.06019921973347664 6099
1782836209632 0.21417242288589478 6100
1782836209634 0.06687040627002716 6101
1782836209635 0.05904364213347435 6102
1782836209637 0.028954997658729553 6103
1782836209639 0.14766132831573486 6104
1782836209641 0.043749596923589706 6105
1782836209642 0.07114490121603012 6106
1782836209644 0.06201609596610069 6107
1782836209646 0.023059219121932983 6108
1782836209647 0.00422318372875452 6109
1782836209649 0.016199827194213867 6110
1782836209651 0.06775250285863876 6111
1782836209655 0.09283991903066635 6112
1782836209657 0.11413028836250305 6113
1782836209659 0.08505667001008987 6114
1782836209661 0.1537906676530838 6115
1782836209663 0.06233293190598488 6116
1782836209665 0.04839559271931648 6117
1782836209668 0.036910172551870346 6118
1782836209670 0.018673067912459373 6119
1782836209672 0.015848662704229355 6120
1782836209674 0.10519357770681381 6121
1782836209675 0.014419658109545708 6122
1782836209677 0.08610644191503525 6123
1782836209678 0.02405828982591629 6124
1782836209680 0.09228665381669998 6125
1782836209682 0.030576929450035095 6126
1782836209684 0.1858265995979309 6127
1782836209686 0.04723880812525749 6128
1782836209687 0.034731268882751465 6129
1782836209689 0.014225889928638935 6130
1782836209690 0.021839424967765808 6131
1782836209692 0.013221300207078457 6132
1782836209693 0.008951500058174133 6133
1782836209695 0.01702379435300827 6134
1782836209696 0.020835494622588158 6135
1782836209698 0.40809500217437744 6136
1782836209699 0.010548314079642296 6137
1782836209701 0.015013594180345535 6138
1782836209702 0.14150679111480713 6139
1782836209703 0.026332808658480644 6140
1782836209705 0.07087121903896332 6141
1782836209706 0.10837537795305252 6142
1782836209708 0.02693260833621025 6143
1782836209709 0.21920989453792572 6144
1782836209710 0.029632840305566788 6145
1782836209712 0.04197341576218605 6146
1782836209713 0.11700790375471115 6147
1782836209714 0.16673846542835236 6148
1782836209716 0.13032445311546326 6149
1782836209717 0.2748246192932129 6150
1782836209719 0.18639123439788818 6151
1782836209720 0.04450087994337082 6152
1782836209721 0.06826420873403549 6153
1782836209723 0.13458970189094543 6154
1782836209724 0.002856200560927391 6155
1782836209727 0.025623902678489685 6156
1782836209728 0.11922754347324371 6157
1782836209730 0.17192354798316956 6158
1782836209732 0.033082932233810425 6159
1782836209734 0.1204754039645195 6160
1782836209736 0.0806477889418602 6161
1782836209737 0.08150862157344818 6162
1782836209739 0.018602076917886734 6163
1782836209741 0.03454054519534111 6164
1782836209742 0.06333942711353302 6165
1782836209744 0.20128488540649414 6166
1782836209746 0.07123773545026779 6167
1782836209747 0.027534669265151024 6168
1782836209749 0.053178634494543076 6169
1782836209750 0.026791393756866455 6170
1782836209752 0.0323060117661953 6171
1782836209753 0.43496042490005493 6172
1782836209755 0.05076600983738899 6173
1782836209757 0.11055602878332138 6174
1782836209758 0.04038497433066368 6175
1782836209760 0.11145833134651184 6176
1782836209762 0.015666132792830467 6177
1782836209763 0.17002637684345245 6178
1782836209765 0.08685946464538574 6179
1782836209766 0.00497105997055769 6180
1782836209767 0.10066568106412888 6181
1782836209769 0.005008201580494642 6182
1782836209770 0.22999627888202667 6183
1782836209771 0.24440187215805054 6184
1782836209773 0.015902109444141388 6185
1782836209774 0.13077454268932343 6186
1782836209775 0.004851607605814934 6187
1782836209777 0.004087292589247227 6188
1782836209778 0.07544905692338943 6189
1782836209779 0.12698909640312195 6190
1782836209781 0.40622496604919434 6191
1782836209782 0.18634511530399323 6192
1782836209783 0.30804887413978577 6193
1782836209784 0.01757894828915596 6194
1782836209786 0.023106368258595467 6195
1782836209787 0.04064085707068443 6196
1782836209789 0.22521887719631195 6197
1782836209790 0.010284768417477608 6198
1782836209791 0.022817952558398247 6199
1782836209793 0.07038796693086624 6200
1782836209794 0.0045105768367648125 6201
1782836209795 0.03669591248035431 6202
1782836209796 0.10302010178565979 6203
1782836209798 0.10511665046215057 6204
1782836209799 0.14105696976184845 6205
1782836209800 0.3802693486213684 6206
1782836209802 0.06630311906337738 6207
1782836209803 0.05496814846992493 6208
1782836209804 0.15541306138038635 6209
1782836209806 0.026845721527934074 6210
1782836209807 0.1428557187318802 6211
1782836209808 0.1822674572467804 6212
1782836209810 0.12992331385612488 6213
1782836209813 0.04433775693178177 6214
1782836209815 0.019990816712379456 6215
1782836209817 0.13098622858524323 6216
1782836209819 0.2039816677570343 6217
1782836209821 0.016041502356529236 6218
1782836209824 0.03597891330718994 6219
1782836209826 0.054268401116132736 6220
1782836209828 0.0243187565356493 6221
1782836209830 0.021997109055519104 6222
1782836209832 0.04937009513378143 6223
1782836209834 0.06704147905111313 6224
1782836209836 0.02041977271437645 6225
1782836209838 0.07636374235153198 6226
1782836209839 0.033743806183338165 6227
1782836209842 0.009139236994087696 6228
1782836209844 0.14499559998512268 6229
1782836209846 0.08069450408220291 6230
1782836209848 0.010261339135468006 6231
1782836209850 0.05828334018588066 6232
1782836209852 0.026046408340334892 6233
1782836209854 0.005887662526220083 6234
1782836209856 0.13048101961612701 6235
1782836209857 0.2295495867729187 6236
1782836209859 0.18284998834133148 6237
1782836209860 0.05909670516848564 6238
1782836209862 0.005479490850120783 6239
1782836209863 0.30625003576278687 6240
1782836209865 0.2614297866821289 6241
1782836209866 0.2877834439277649 6242
1782836209868 0.03693343326449394 6243
1782836209869 0.010857710614800453 6244
1782836209870 0.2430868148803711 6245
1782836209872 0.032099951058626175 6246
1782836209873 0.32244664430618286 6247
1782836209875 0.07213656604290009 6248
1782836209876 0.010698635131120682 6249
1782836209878 0.04432770609855652 6250
1782836209879 0.030691446736454964 6251
1782836209880 0.15419220924377441 6252
1782836209882 0.008685728535056114 6253
1782836209883 0.22152647376060486 6254
1782836209885 0.02426970563828945 6255
1782836209886 0.09000459313392639 6256
1782836209887 0.3825302720069885 6257
1782836209889 0.12017236649990082 6258
1782836209890 0.25093331933021545 6259
1782836209892 0.01497592031955719 6260
1782836209893 0.020671697333455086 6261
1782836209894 0.02621190994977951 6262
1782836209896 0.04819387197494507 6263
1782836209897 0.1121709868311882 6264
1782836209898 0.0180935300886631 6265
1782836209900 0.04255386069417 6266
1782836209901 0.03240520507097244 6267
1782836209903 0.018954528495669365 6268
1782836209904 0.13102859258651733 6269
1782836209905 0.12294740974903107 6270
1782836209907 0.06662073731422424 6271
1782836209908 0.07950754463672638 6272
1782836209909 0.3658723831176758 6273
1782836209911 0.10712418705224991 6274
1782836209912 0.019830670207738876 6275
1782836209913 0.04802797734737396 6276
1782836209915 0.1304953247308731 6277
1782836209916 0.02525322698056698 6278
1782836209918 0.22990505397319794 6279
1782836209919 0.06840145587921143 6280
1782836209920 0.13266952335834503 6281
1782836209922 0.053204089403152466 6282
1782836209923 0.11398445069789886 6283
1782836209924 0.09177177399396896 6284
1782836209926 0.37618255615234375 6285
1782836209928 0.08977311849594116 6286
1782836209930 0.019659623503684998 6287
1782836209932 0.04561254382133484 6288
1782836209935 0.03795182332396507 6289
1782836209937 0.11327387392520905 6290
1782836209939 0.08945586532354355 6291
1782836209941 0.040952641516923904 6292
1782836209943 0.11433803290128708 6293
1782836209945 0.02510431781411171 6294
1782836209946 0.01202654279768467 6295
1782836209948 0.16117890179157257 6296
1782836209949 0.045085031539201736 6297
1782836209951 0.2715000808238983 6298
1782836209953 0.07303780317306519 6299
1782836209955 0.04566888511180878 6300
1782836209957 0.10357663035392761 6301
1782836209959 0.03743358328938484 6302
1782836209960 0.12324024736881256 6303
1782836209962 0.11970600485801697 6304
1782836209963 0.08294820040464401 6305
1782836209965 0.33378997445106506 6306
1782836209967 0.18257717788219452 6307
1782836209969 0.16163437068462372 6308
1782836209971 0.14384126663208008 6309
1782836209973 0.03922174498438835 6310
1782836209974 0.022191381081938744 6311
1782836209976 0.14259667694568634 6312
1782836209977 0.04459899291396141 6313
1782836209978 0.1598414182662964 6314
1782836209980 0.12261587381362915 6315
1782836209981 0.1206340417265892 6316
1782836209983 0.09926078468561172 6317
1782836209985 0.032031912356615067 6318
1782836209987 0.05826512351632118 6319
1782836209988 0.009340503253042698 6320
1782836209989 0.01745358295738697 6321
1782836209991 0.02872781828045845 6322
1782836209992 0.08318234235048294 6323
1782836209994 0.06030385196208954 6324
1782836209995 0.053688716143369675 6325
1782836209997 0.004620532039552927 6326
1782836209998 0.003569590160623193 6327
1782836210000 0.027938222512602806 6328
1782836210002 0.04031473025679588 6329
1782836210003 0.1390373408794403 6330
1782836210005 0.16022361814975739 6331
1782836210006 0.03937457129359245 6332
1782836210007 0.0436595119535923 6333
1782836210009 0.08098815381526947 6334
1782836210010 0.044036075472831726 6335
1782836210011 0.09130992740392685 6336
1782836210013 0.19491133093833923 6337
1782836210014 0.02042362466454506 6338
1782836210016 0.018300365656614304 6339
1782836210017 0.1786419153213501 6340
1782836210019 0.19497227668762207 6341
1782836210020 0.14282362163066864 6342
1782836210022 0.11547260731458664 6343
1782836210023 0.03331226110458374 6344
1782836210025 0.06276186555624008 6345
1782836210026 0.020435616374015808 6346
1782836210028 0.15631014108657837 6347
1782836210029 0.06108270585536957 6348
1782836210031 0.019594233483076096 6349
1782836210032 0.19464294612407684 6350
1782836210034 0.23727282881736755 6351
1782836210036 0.14505977928638458 6352
1782836210037 0.02666281722486019 6353
1782836210038 0.11288080364465714 6354
1782836210040 0.05577775835990906 6355
1782836210041 0.11468782275915146 6356
1782836210043 0.05069714039564133 6357
1782836210044 0.1635710895061493 6358
1782836210045 0.19071654975414276 6359
1782836210047 0.04792548716068268 6360
1782836210048 0.004942369647324085 6361
1782836210050 0.220096617937088 6362
1782836210052 0.09852582961320877 6363
1782836210055 0.08425816148519516 6364
1782836210057 0.03509989753365517 6365
1782836210059 0.26883989572525024 6366
1782836210061 0.009914636611938477 6367
1782836210063 0.16751731932163239 6368
1782836210065 0.2636803984642029 6369
1782836210067 0.045195236802101135 6370
1782836210069 0.12766216695308685 6371
1782836210071 0.009150736965239048 6372
1782836210073 0.044527728110551834 6373
1782836210074 0.1107320711016655 6374
1782836210076 0.07481943815946579 6375
1782836210078 0.11727239936590195 6376
1782836210080 0.19785216450691223 6377
1782836210082 0.03169940412044525 6378
1782836210083 0.018159637227654457 6379
1782836210085 0.029370712116360664 6380
1782836210086 0.004584037233144045 6381
1782836210087 0.10729530453681946 6382
1782836210089 0.20868293941020966 6383
1782836210090 0.12169589102268219 6384
1782836210092 0.07677223533391953 6385
1782836210093 0.027096828445792198 6386
1782836210095 0.0346386693418026 6387
1782836210096 0.02500290982425213 6388
1782836210097 0.233391672372818 6389
1782836210099 0.0107008907943964 6390
1782836210100 0.2753135561943054 6391
1782836210101 0.009378195740282536 6392
1782836210103 0.032100457698106766 6393
1782836210104 0.009039048105478287 6394
1782836210105 0.015952538698911667 6395
1782836210107 0.025881942361593246 6396
1782836210108 0.06324151903390884 6397
1782836210109 0.030652228742837906 6398
1782836210111 0.1344205141067505 6399
1782836210112 0.032854244112968445 6400
1782836210113 0.042255595326423645 6401
1782836210115 0.39305660128593445 6402
1782836210116 0.07767922431230545 6403
1782836210117 0.03619060665369034 6404
1782836210119 0.06174217537045479 6405
1782836210120 0.04654122516512871 6406
1782836210122 0.02135341987013817 6407
1782836210123 0.04459644854068756 6408
1782836210124 0.015647293999791145 6409
1782836210126 0.1716279834508896 6410
1782836210128 0.02812139317393303 6411
1782836210130 0.004763892386108637 6412
1782836210132 0.029692821204662323 6413
1782836210134 0.1365741789340973 6414
1782836210136 0.09873777627944946 6415
1782836210138 0.022956229746341705 6416
1782836210140 0.006530132610350847 6417
1782836210142 0.43105316162109375 6418
1782836210144 0.054368261247873306 6419
1782836210145 0.012088199146091938 6420
1782836210147 0.18016746640205383 6421
1782836210148 0.08861830085515976 6422
1782836210150 0.22428274154663086 6423
1782836210152 0.05038771033287048 6424
1782836210155 0.03183121234178543 6425
1782836210156 0.04029073938727379 6426
1782836210158 0.01650095544755459 6427
1782836210159 0.05941097065806389 6428
1782836210160 0.026220638304948807 6429
1782836210162 0.025315089151263237 6430
1782836210163 0.013441480696201324 6431
1782836210165 0.05722782760858536 6432
1782836210166 0.06354852020740509 6433
1782836210167 0.028150100260972977 6434
1782836210169 0.03496629372239113 6435
1782836210170 0.08321677893400192 6436
1782836210171 0.15141960978507996 6437
1782836210172 0.020013047382235527 6438
1782836210174 0.05068198963999748 6439
1782836210175 0.014563612639904022 6440
1782836210177 0.028605880215764046 6441
1782836210178 0.01892618089914322 6442
1782836210180 0.09285096824169159 6443
1782836210181 0.03398993983864784 6444
1782836210182 0.15313993394374847 6445
1782836210184 0.09751105308532715 6446
1782836210185 0.10479547828435898 6447
1782836210187 0.09457407146692276 6448
1782836210188 0.025314411148428917 6449
1782836210190 0.20349739491939545 6450
1782836210191 0.0027385998982936144 6451
1782836210193 0.15915775299072266 6452
1782836210194 0.029738202691078186 6453
1782836210195 0.043916020542383194 6454
1782836210197 0.0493784174323082 6455
1782836210198 0.07995741069316864 6456
1782836210200 0.07398729771375656 6457
1782836210202 0.00407036580145359 6458
1782836210203 0.1609034240245819 6459
1782836210205 0.18031467497348785 6460
1782836210206 0.002050583017989993 6461
1782836210207 0.015407957136631012 6462
1782836210209 0.18646971881389618 6463
1782836210210 0.11128930002450943 6464
1782836210211 0.032751455903053284 6465
1782836210213 0.03432086482644081 6466
1782836210214 0.04749029874801636 6467
1782836210215 0.019497664645314217 6468
1782836210217 0.03652551397681236 6469
1782836210219 0.04718814417719841 6470
1782836210222 0.0891989916563034 6471
1782836210224 0.10017693042755127 6472
1782836210226 0.1127961128950119 6473
1782836210228 0.041051946580410004 6474
1782836210231 0.05945679172873497 6475
1782836210233 0.009814214892685413 6476
1782836210235 0.03113873489201069 6477
1782836210238 0.1672237068414688 6478
1782836210240 0.006044907961040735 6479
1782836210241 0.1484246850013733 6480
1782836210243 0.019290557131171227 6481
1782836210244 0.05667026713490486 6482
1782836210246 0.15244761109352112 6483
1782836210248 0.09646601974964142 6484
1782836210250 0.13042613863945007 6485
1782836210252 0.031743232160806656 6486
1782836210253 0.0354442298412323 6487
1782836210255 0.1801515817642212 6488
1782836210256 0.04315248131752014 6489
1782836210258 0.18679307401180267 6490
1782836210259 0.2862730324268341 6491
1782836210261 0.08062034100294113 6492
1782836210262 0.06585631519556046 6493
1782836210263 0.007393559906631708 6494
1782836210265 0.12213768810033798 6495
1782836210266 0.005347852129489183 6496
1782836210268 0.2586178779602051 6497
1782836210269 0.18657641112804413 6498
1782836210271 0.07991007715463638 6499
1782836210272 0.14950932562351227 6500
1782836210274 0.02041435055434704 6501
1782836210275 0.1425291895866394 6502
1782836210276 0.03163250908255577 6503
1782836210278 0.10973533242940903 6504
1782836210279 0.26803916692733765 6505
1782836210281 0.06960391253232956 6506
1782836210282 0.025122512131929398 6507
1782836210283 0.1345076858997345 6508
1782836210285 0.24804285168647766 6509
1782836210286 0.07111549377441406 6510
1782836210287 0.025753336027264595 6511
1782836210289 0.1767343133687973 6512
1782836210290 0.33729732036590576 6513
1782836210292 0.009669848717749119 6514
1782836210293 0.0025778370909392834 6515
1782836210296 0.0515635721385479 6516
1782836210298 0.029486481100320816 6517
1782836210301 0.05368310958147049 6518
1782836210303 0.019323835149407387 6519
1782836210306 0.026444215327501297 6520
1782836210308 0.02287297137081623 6521
1782836210311 0.04000598192214966 6522
1782836210314 0.010556519031524658 6523
1782836210316 0.02944149076938629 6524
1782836210318 0.03614489361643791 6525
1782836210320 0.0302449818700552 6526
1782836210322 0.2513684928417206 6527
1782836210323 0.07831019908189774 6528
1782836210325 0.028134450316429138 6529
1782836210328 0.2646770179271698 6530
1782836210330 0.14128832519054413 6531
1782836210333 0.051866695284843445 6532
1782836210335 0.12792785465717316 6533
1782836210336 0.22055532038211823 6534
1782836210338 0.00930102914571762 6535
1782836210340 0.23068425059318542 6536
1782836210342 0.022189369425177574 6537
1782836210343 0.1751219779253006 6538
1782836210345 0.016529738903045654 6539
1782836210347 0.17057918012142181 6540
1782836210348 0.012213111855089664 6541
1782836210350 0.019588017836213112 6542
1782836210352 0.0352151095867157 6543
1782836210354 0.021846402436494827 6544
1782836210355 0.0073003885336220264 6545
1782836210357 0.13489124178886414 6546
1782836210359 0.019088467583060265 6547
1782836210361 0.18050028383731842 6548
1782836210362 0.041443582624197006 6549
1782836210364 0.04689581319689751 6550
1782836210366 0.0187850259244442 6551
1782836210367 0.1393834799528122 6552
1782836210369 0.007229821290820837 6553
1782836210371 0.049345627427101135 6554
1782836210372 0.3285704255104065 6555
1782836210374 0.14351396262645721 6556
1782836210375 0.06407289952039719 6557
1782836210377 0.13602347671985626 6558
1782836210378 0.08423538506031036 6559
1782836210380 0.32694047689437866 6560
1782836210382 0.1310354620218277 6561
1782836210383 0.005486414767801762 6562
1782836210385 0.0959169790148735 6563
1782836210386 0.061802323907613754 6564
1782836210388 0.07502441853284836 6565
1782836210390 0.10102759301662445 6566
1782836210392 0.01227960642427206 6567
1782836210393 0.06346092373132706 6568
1782836210395 0.12772634625434875 6569
1782836210396 0.004845153074711561 6570
1782836210398 0.03208323195576668 6571
1782836210399 0.15066702663898468 6572
1782836210401 0.07726655155420303 6573
1782836210403 0.05283031985163689 6574
1782836210405 0.18078652024269104 6575
1782836210407 0.12823094427585602 6576
1782836210410 0.004191139247268438 6577
1782836210412 0.054906249046325684 6578
1782836210414 0.03124256432056427 6579
1782836210416 0.10813281685113907 6580
1782836210419 0.009660175070166588 6581
1782836210421 0.004784711170941591 6582
1782836210423 0.27731943130493164 6583
1782836210425 0.08121290802955627 6584
1782836210427 0.45272040367126465 6585
1782836210429 0.03234778717160225 6586
1782836210431 0.010978365316987038 6587
1782836210435 0.03724300488829613 6588
1782836210437 0.09330976754426956 6589
1782836210440 0.009929888881742954 6590
1782836210442 0.035676583647727966 6591
1782836210445 0.17241041362285614 6592
1782836210447 0.019384831190109253 6593
1782836210449 0.06013862416148186 6594
1782836210451 0.11462350934743881 6595
1782836210453 0.006668620277196169 6596
1782836210455 0.14620061218738556 6597
1782836210456 0.19500373303890228 6598
1782836210458 0.1439397782087326 6599
1782836210460 0.06939853727817535 6600
1782836210462 0.018153848126530647 6601
1782836210464 0.27514177560806274 6602
1782836210465 0.13394759595394135 6603
1782836210467 0.010150324553251266 6604
1782836210468 0.21369564533233643 6605
1782836210470 0.1991155594587326 6606
1782836210471 0.19915063679218292 6607
1782836210473 0.14290274679660797 6608
1782836210474 0.007641206495463848 6609
1782836210476 0.08002045750617981 6610
1782836210478 0.019724389538168907 6611
1782836210479 0.09583407640457153 6612
1782836210481 0.01821081154048443 6613
1782836210482 0.02706584893167019 6614
1782836210484 0.05587489902973175 6615
1782836210486 0.0026261082384735346 6616
1782836210487 0.05560516566038132 6617
1782836210489 0.04780668392777443 6618
1782836210490 0.00903327576816082 6619
1782836210492 0.01260352786630392 6620
1782836210493 0.1853829324245453 6621
1782836210495 0.06042025238275528 6622
1782836210496 0.14936700463294983 6623
1782836210498 0.027452757582068443 6624
1782836210499 0.01784747838973999 6625
1782836210501 0.2329961359500885 6626
1782836210503 0.05490085482597351 6627
1782836210504 0.03183451294898987 6628
1782836210506 0.008934506215155125 6629
1782836210508 0.1024116575717926 6630
1782836210509 0.017315365374088287 6631
1782836210510 0.0850360095500946 6632
1782836210512 0.14761966466903687 6633
1782836210514 0.25531303882598877 6634
1782836210515 0.04529234394431114 6635
1782836210517 0.0799444168806076 6636
1782836210518 0.10187208652496338 6637
1782836210520 0.047291260212659836 6638
1782836210521 0.08081860840320587 6639
1782836210523 0.006384129635989666 6640
1782836210525 0.011254777200520039 6641
1782836210527 0.209679514169693 6642
1782836210528 0.1856507658958435 6643
1782836210530 0.007743751164525747 6644
1782836210532 0.10406023263931274 6645
1782836210534 0.03692765161395073 6646
1782836210536 0.003273965325206518 6647
1782836210540 0.026392219588160515 6648
1782836210542 0.15700176358222961 6649
1782836210545 0.050972480326890945 6650
1782836210547 0.09722140431404114 6651
1782836210550 0.3382791578769684 6652
1782836210552 0.009195910766720772 6653
1782836210555 0.07915393263101578 6654
1782836210557 0.016998430714011192 6655
1782836210559 0.08501987159252167 6656
1782836210561 0.07486055046319962 6657
1782836210563 0.07553356140851974 6658
1782836210565 0.008116248995065689 6659
1782836210566 0.04288652911782265 6660
1782836210568 0.3067171573638916 6661
1782836210571 0.036711256951093674 6662
1782836210573 0.06616391986608505 6663
1782836210575 0.12697680294513702 6664
1782836210577 0.08631299436092377 6665
1782836210579 0.06512083858251572 6666
1782836210581 0.08598141372203827 6667
1782836210583 0.280879408121109 6668
1782836210585 0.4323171079158783 6669
1782836210586 0.03009907528758049 6670
1782836210588 0.019308991730213165 6671
1782836210590 0.30700287222862244 6672
1782836210592 0.3850594460964203 6673
1782836210594 0.20819592475891113 6674
1782836210596 0.01047631073743105 6675
1782836210597 0.09844790399074554 6676
1782836210599 0.0045061493292450905 6677
1782836210601 0.042642101645469666 6678
1782836210603 0.07320308685302734 6679
1782836210604 0.07802534103393555 6680
1782836210606 0.0657365471124649 6681
1782836210608 0.04915256425738335 6682
1782836210610 0.014605033211410046 6683
1782836210611 0.08806832134723663 6684
1782836210613 0.23312564194202423 6685
1782836210615 0.27176210284233093 6686
1782836210617 0.09512296319007874 6687
1782836210619 0.01421667542308569 6688
1782836210620 0.1748618632555008 6689
1782836210622 0.015054954215884209 6690
1782836210624 0.008986411616206169 6691
1782836210626 0.14771400392055511 6692
1782836210629 0.014325705356895924 6693
1782836210631 0.06142760440707207 6694
1782836210633 0.0032099413219839334 6695
1782836210636 0.17765119671821594 6696
1782836210638 0.05264442041516304 6697
1782836210640 0.29150399565696716 6698
1782836210642 0.08934175223112106 6699
1782836210644 0.003862561658024788 6700
1782836210646 0.05981704965233803 6701
1782836210648 0.13845036923885345 6702
1782836210650 0.2866343557834625 6703
1782836210651 0.03187282010912895 6704
1782836210653 0.013251937925815582 6705
1782836210655 0.045017778873443604 6706
1782836210657 0.028385864570736885 6707
1782836210659 0.11091842502355576 6708
1782836210661 0.03728512302041054 6709
1782836210663 0.007138096261769533 6710
1782836210664 0.08749488741159439 6711
1782836210666 0.17645159363746643 6712
1782836210668 0.00816436018794775 6713
1782836210669 0.12088067829608917 6714
1782836210671 0.02646161988377571 6715
1782836210672 0.0605747252702713 6716
1782836210674 0.027704128995537758 6717
1782836210675 0.1821732223033905 6718
1782836210676 0.28275927901268005 6719
1782836210677 0.007501787971705198 6720
1782836210679 0.1634308099746704 6721
1782836210680 0.027325158938765526 6722
1782836210682 0.18038061261177063 6723
1782836210683 0.009299282915890217 6724
1782836210685 0.08124364167451859 6725
1782836210687 0.0024524920154362917 6726
1782836210688 0.07212371379137039 6727
1782836210690 0.2064542919397354 6728
1782836210691 0.21546891331672668 6729
1782836210693 0.013217932544648647 6730
1782836210695 0.007199876941740513 6731
1782836210697 0.08767680823802948 6732
1782836210699 0.21839922666549683 6733
1782836210700 0.03730400651693344 6734
1782836210702 0.012637334875762463 6735
1782836210703 0.03765007108449936 6736
1782836210705 0.045326754450798035 6737
1782836210706 0.01098091434687376 6738
1782836210707 0.016105813905596733 6739
1782836210709 0.05326805263757706 6740
1782836210710 0.0669914036989212 6741
1782836210712 0.08808546513319016 6742
1782836210713 0.03223443031311035 6743
1782836210714 0.02899068593978882 6744
1782836210716 0.1260160356760025 6745
1782836210717 0.04640860855579376 6746
1782836210718 0.010867366567254066 6747
1782836210722 0.022643031552433968 6748
1782836210724 0.004362216219305992 6749
1782836210726 0.043609704822301865 6750
1782836210728 0.030590904876589775 6751
1782836210730 0.02325764298439026 6752
1782836210733 0.023275136947631836 6753
1782836210735 0.008413025178015232 6754
1782836210737 0.28579914569854736 6755
1782836210740 0.03589856997132301 6756
1782836210742 0.4117417335510254 6757
1782836210743 0.0050633009523153305 6758
1782836210745 0.14685426652431488 6759
1782836210747 0.16499535739421844 6760
1782836210748 0.006062626838684082 6761
1782836210750 0.09125476330518723 6762
1782836210752 0.025435952469706535 6763
1782836210754 0.05265888199210167 6764
1782836210755 0.16222821176052094 6765
1782836210757 0.11671482771635056 6766
1782836210759 0.02153506688773632 6767
1782836210760 0.10676933079957962 6768
1782836210762 0.14682871103286743 6769
1782836210764 0.06096068024635315 6770
1782836210765 0.14172250032424927 6771
1782836210767 0.04565971717238426 6772
1782836210769 0.09890127182006836 6773
1782836210770 0.031219447031617165 6774
1782836210772 0.08530405163764954 6775
1782836210774 0.008544429205358028 6776
1782836210775 0.1804831624031067 6777
1782836210776 0.012119699269533157 6778
1782836210778 0.2858806848526001 6779
1782836210779 0.3306635320186615 6780
1782836210781 0.0716651901602745 6781
1782836210782 0.116056427359581 6782
1782836210784 0.059379059821367264 6783
1782836210785 0.009809741750359535 6784
1782836210787 0.15252473950386047 6785
1782836210788 0.11854982376098633 6786
1782836210790 0.08499877154827118 6787
1782836210791 0.28895747661590576 6788
1782836210793 0.00851877499371767 6789
1782836210794 0.07028020173311234 6790
1782836210796 0.03769708797335625 6791
1782836210797 0.16408365964889526 6792
1782836210798 0.004322171211242676 6793
1782836210800 0.06091004237532616 6794
1782836210801 0.04300043359398842 6795
1782836210802 0.07175339758396149 6796
1782836210804 0.038543831557035446 6797
1782836210805 0.011953234672546387 6798
1782836210807 0.12994346022605896 6799
1782836210808 0.03492205962538719 6800
1782836210810 0.19807635247707367 6801
1782836210811 0.04818742349743843 6802
1782836210812 0.12057904154062271 6803
1782836210814 0.008921080268919468 6804
1782836210816 0.1158527061343193 6805
1782836210817 0.13047684729099274 6806
1782836210818 0.10326502472162247 6807
1782836210820 0.05140009894967079 6808
1782836210821 0.0768752321600914 6809
1782836210822 0.1252332180738449 6810
1782836210824 0.016504094004631042 6811
1782836210825 0.04009442776441574 6812
1782836210826 0.29009339213371277 6813
1782836210828 0.060856182128190994 6814
1782836210829 0.053739868104457855 6815
1782836210831 0.03792862221598625 6816
1782836210832 0.09076420962810516 6817
1782836210835 0.0179912056773901 6818
1782836210837 0.43508610129356384 6819
1782836210839 0.04384437948465347 6820
1782836210841 0.30952849984169006 6821
1782836210843 0.08708906918764114 6822
1782836210845 0.01780114322900772 6823
1782836210847 0.06211739405989647 6824
1782836210849 0.027801034972071648 6825
1782836210851 0.10609994828701019 6826
1782836210853 0.3558829724788666 6827
1782836210854 0.047376275062561035 6828
1782836210856 0.026034032925963402 6829
1782836210857 0.04497859627008438 6830
1782836210859 0.042001157999038696 6831
1782836210861 0.18891745805740356 6832
1782836210863 0.0026457253843545914 6833
1782836210865 0.019640574231743813 6834
1782836210867 0.015923740342259407 6835
1782836210869 0.03654565289616585 6836
1782836210870 0.0324215441942215 6837
1782836210872 0.06446456909179688 6838
1782836210874 0.12068860232830048 6839
1782836210875 0.010659824125468731 6840
1782836210877 0.18551230430603027 6841
1782836210879 0.1415420025587082 6842
1782836210880 0.04642627760767937 6843
1782836210882 0.04552490636706352 6844
1782836210883 0.11916036158800125 6845
1782836210885 0.10017740726470947 6846
1782836210886 0.07720105350017548 6847
1782836210888 0.07531732320785522 6848
1782836210889 0.19486834108829498 6849
1782836210891 0.09342687577009201 6850
1782836210892 0.11926637589931488 6851
1782836210894 0.06091887503862381 6852
1782836210895 0.01649453490972519 6853
1782836210897 0.009562985971570015 6854
1782836210898 0.05642283707857132 6855
1782836210900 0.044333361089229584 6856
1782836210901 0.010725836269557476 6857
1782836210903 0.04986737668514252 6858
1782836210904 0.02679472602903843 6859
1782836210905 0.04225482791662216 6860
1782836210907 0.16888321936130524 6861
1782836210908 0.007529977709054947 6862
1782836210910 0.009898367337882519 6863
1782836210911 0.18160180747509003 6864
1782836210912 0.16930902004241943 6865
1782836210914 0.07254398614168167 6866
1782836210915 0.07497358322143555 6867
1782836210917 0.007266689091920853 6868
1782836210918 0.07183656096458435 6869
1782836210919 0.034562379121780396 6870
1782836210921 0.00933520682156086 6871
1782836210922 0.06558604538440704 6872
1782836210924 0.007943208329379559 6873
1782836210925 0.18373969197273254 6874
1782836210927 0.10240136086940765 6875
1782836210928 0.025995740666985512 6876
1782836210930 0.06336532533168793 6877
1782836210931 0.03251905366778374 6878
1782836210933 0.03860906511545181 6879
1782836210934 0.10183756053447723 6880
1782836210936 0.1321762204170227 6881
1782836210938 0.010827562771737576 6882
1782836210939 0.00840297807008028 6883
1782836210940 0.1100165992975235 6884
1782836210942 0.013439984060823917 6885
1782836210944 0.24934536218643188 6886
1782836210946 0.224264457821846 6887
1782836210949 0.014239474199712276 6888
1782836210951 0.006557624787092209 6889
1782836210953 0.043840911239385605 6890
1782836210955 0.01650746539235115 6891
1782836210957 0.09873764961957932 6892
1782836210959 0.004484637640416622 6893
1782836210961 0.03839476779103279 6894
1782836210963 0.10781143605709076 6895
1782836210965 0.0023991959169507027 6896
1782836210966 0.1599118709564209 6897
1782836210968 0.024766763672232628 6898
1782836210970 0.19454340636730194 6899
1782836210972 0.08857821673154831 6900
1782836210974 0.10569150000810623 6901
1782836210976 0.06973522901535034 6902
1782836210977 0.08760712295770645 6903
1782836210979 0.14386038482189178 6904
1782836210980 0.007413291372358799 6905
1782836210982 0.09195886552333832 6906
1782836210983 0.01057380810379982 6907
1782836210984 0.03276968002319336 6908
1782836210986 0.03469910845160484 6909
1782836210987 0.3392138183116913 6910
1782836210989 0.030036168172955513 6911
1782836210990 0.04533233866095543 6912
1782836210991 0.029482506215572357 6913
1782836210993 0.010053161531686783 6914
1782836210994 0.036752257496118546 6915
1782836210995 0.06455320119857788 6916
1782836210997 0.037833072245121 6917
1782836210998 0.02626858837902546 6918
1782836210999 0.10499092191457748 6919
1782836211001 0.08597670495510101 6920
1782836211003 0.02530970610678196 6921
1782836211004 0.018374597653746605 6922
1782836211006 0.12364045530557632 6923
1782836211007 0.019806934520602226 6924
1782836211009 0.09250990301370621 6925
1782836211010 0.15393009781837463 6926
1782836211011 0.04926890879869461 6927
1782836211013 0.06683502346277237 6928
1782836211015 0.015450972132384777 6929
1782836211018 0.004826385993510485 6930
1782836211021 0.027354013174772263 6931
1782836211023 0.018440838903188705 6932
1782836211025 0.10195618867874146 6933
1782836211027 0.1910729855298996 6934
1782836211029 0.07274197041988373 6935
1782836211032 0.26094353199005127 6936
1782836211034 0.09869074076414108 6937
1782836211036 0.003826336469501257 6938
1782836211037 0.1883411705493927 6939
1782836211039 0.24099327623844147 6940
1782836211040 0.11847535520792007 6941
1782836211042 0.02603244036436081 6942
1782836211043 0.0456010177731514 6943
1782836211045 0.0312761552631855 6944
1782836211047 0.07917418330907822 6945
1782836211048 0.1631641387939453 6946
1782836211050 0.02034572884440422 6947
1782836211051 0.00884599331766367 6948
1782836211052 0.11254070699214935 6949
1782836211054 0.07317771762609482 6950
1782836211055 0.003119784640148282 6951
1782836211057 0.16761432588100433 6952
1782836211058 0.027905771508812904 6953
1782836211059 0.07983231544494629 6954
1782836211061 0.02776387520134449 6955
1782836211062 0.010442645289003849 6956
1782836211063 0.09746598452329636 6957
1782836211065 0.14659221470355988 6958
1782836211067 0.017842067405581474 6959
1782836211068 0.011612257920205593 6960
1782836211069 0.13585853576660156 6961
1782836211071 0.2719617486000061 6962
1782836211072 0.08541034162044525 6963
1782836211074 0.23390032351016998 6964
1782836211075 0.11133328825235367 6965
1782836211076 0.12091558426618576 6966
1782836211078 0.016668211668729782 6967
1782836211079 0.09605846554040909 6968
1782836211081 0.05592912435531616 6969
1782836211082 0.014773977920413017 6970
1782836211083 0.0553881973028183 6971
1782836211085 0.16990278661251068 6972
1782836211086 0.24246110022068024 6973
1782836211088 0.13809578120708466 6974
1782836211089 0.012263129465281963 6975
1782836211090 0.3697834610939026 6976
1782836211092 0.028926007449626923 6977
1782836211093 0.17438623309135437 6978
1782836211099 0.19390003383159637 6979
1782836211100 0.028835266828536987 6980
1782836211102 0.07288596779108047 6981
1782836211103 0.14860586822032928 6982
1782836211104 0.041710421442985535 6983
1782836211105 0.09490285068750381 6984
1782836211107 0.004016195423901081 6985
1782836211108 0.08085688948631287 6986
1782836211110 0.006814048625528812 6987
1782836211112 0.24700132012367249 6988
1782836211114 0.10175926238298416 6989
1782836211116 0.1357911080121994 6990
1782836211118 0.011067320592701435 6991
1782836211120 0.18886755406856537 6992
1782836211122 0.24421295523643494 6993
1782836211124 0.009305223822593689 6994
1782836211126 0.1443856954574585 6995
1782836211129 0.2065006047487259 6996
1782836211131 0.4515872299671173 6997
1782836211133 0.033910121768713 6998
1782836211135 0.2482476830482483 6999
1782836211136 0.08549319207668304 7000
1782836211138 0.11740449070930481 7001
1782836211140 0.07444659620523453 7002
1782836211142 0.1433362513780594 7003
1782836211144 0.10065830498933792 7004
1782836211146 0.047671280801296234 7005
1782836211147 0.08224207907915115 7006
1782836211149 0.01842457242310047 7007
1782836211150 0.015302319079637527 7008
1782836211151 0.035641346126794815 7009
1782836211153 0.06366778910160065 7010
1782836211154 0.008211261592805386 7011
1782836211155 0.03332458809018135 7012
1782836211157 0.027352210134267807 7013
1782836211158 0.029999924823641777 7014
1782836211159 0.004492851439863443 7015
1782836211161 0.04172426089644432 7016
1782836211162 0.05886333808302879 7017
1782836211164 0.01573498360812664 7018
1782836211165 0.2116982638835907 7019
1782836211166 0.02782958373427391 7020
1782836211168 0.018803801387548447 7021
1782836211169 0.19783921539783478 7022
1782836211171 0.11905459314584732 7023
1782836211172 0.019044119864702225 7024
1782836211173 0.10777581483125687 7025
1782836211175 0.031037023290991783 7026
1782836211176 0.013596992008388042 7027
1782836211177 0.06393281370401382 7028
1782836211179 0.02480708621442318 7029
1782836211180 0.09279457479715347 7030
1782836211182 0.08436565101146698 7031
1782836211183 0.1491619348526001 7032
1782836211184 0.056016091257333755 7033
1782836211186 0.033741094172000885 7034
1782836211187 0.017884688451886177 7035
1782836211189 0.1726694256067276 7036
1782836211190 0.12645089626312256 7037
1782836211192 0.12393233925104141 7038
1782836211193 0.08331376314163208 7039
1782836211194 0.011202405206859112 7040
1782836211196 0.08836669474840164 7041
1782836211197 0.13033299148082733 7042
1782836211199 0.006149108987301588 7043
1782836211200 0.49813926219940186 7044
1782836211202 0.08876265585422516 7045
1782836211203 0.022849716246128082 7046
1782836211204 0.026234040036797523 7047
1782836211207 0.033755648881196976 7048
1782836211209 0.19900867342948914 7049
1782836211211 0.07232115417718887 7050
1782836211213 0.06616730242967606 7051
1782836211215 0.2442059963941574 7052
1782836211217 0.0889074057340622 7053
1782836211219 0.1357743889093399 7054
1782836211221 0.03313010558485985 7055
1782836211223 0.0027958734426647425 7056
1782836211225 0.026632161810994148 7057
1782836211227 0.04185319319367409 7058
1782836211229 0.09493959695100784 7059
1782836211230 0.01075707282871008 7060
1782836211232 0.1449405699968338 7061
1782836211234 0.008480548858642578 7062
1782836211236 0.011994949541985989 7063
1782836211238 0.023912856355309486 7064
1782836211240 0.24532482028007507 7065
1782836211242 0.013111801818013191 7066
1782836211244 0.07419376075267792 7067
1782836211246 0.049651723355054855 7068
1782836211248 0.04472946375608444 7069
1782836211250 0.06661283224821091 7070
1782836211252 0.08500656485557556 7071
1782836211253 0.019937405362725258 7072
1782836211255 0.03602955862879753 7073
1782836211257 0.0022500494960695505 7074
1782836211259 0.01099034957587719 7075
1782836211261 0.04163921996951103 7076
1782836211262 0.012553777545690536 7077
1782836211264 0.0062192101031541824 7078
1782836211266 0.02222345396876335 7079
1782836211268 0.4000191390514374 7080
1782836211270 0.03077336587011814 7081
1782836211272 0.021087300032377243 7082
1782836211273 0.1261824667453766 7083
1782836211275 0.06898678094148636 7084
1782836211277 0.030170416459441185 7085
1782836211279 0.02912548929452896 7086
1782836211281 0.06086018681526184 7087
1782836211282 0.1425049751996994 7088
1782836211284 0.08885900676250458 7089
1782836211286 0.2708519697189331 7090
1782836211288 0.030960557982325554 7091
1782836211289 0.019504213705658913 7092
1782836211291 0.010601584799587727 7093
1782836211293 0.024547943845391273 7094
1782836211295 0.18109185993671417 7095
1782836211296 0.133891761302948 7096
1782836211298 0.28518998622894287 7097
1782836211300 0.012990305200219154 7098
1782836211302 0.11290276795625687 7099
1782836211304 0.21720610558986664 7100
1782836211305 0.10353124141693115 7101
1782836211307 0.5835860967636108 7102
1782836211309 0.06646221876144409 7103
1782836211311 0.013778658583760262 7104
1782836211312 0.008361714892089367 7105
1782836211314 0.09020908921957016 7106
1782836211316 0.07288036495447159 7107
1782836211317 0.17528192698955536 7108
1782836211319 0.05605031177401543 7109
1782836211321 0.1857868880033493 7110
1782836211323 0.007610624190419912 7111
1782836211324 0.058834951370954514 7112
1782836211326 0.08903626352548599 7113
1782836211328 0.04560121148824692 7114
1782836211329 0.055590324103832245 7115
1782836211331 0.07537444680929184 7116
1782836211333 0.009967605583369732 7117
1782836211334 0.025519471615552902 7118
1782836211336 0.06949175894260406 7119
1782836211338 0.019545352086424828 7120
1782836211340 0.08976396918296814 7121
1782836211342 0.035702385008335114 7122
1782836211344 0.028834247961640358 7123
1782836211346 0.3279575705528259 7124
1782836211348 0.006061022635549307 7125
1782836211351 0.013433021493256092 7126
1782836211353 0.03623604774475098 7127
1782836211355 0.0161259938031435 7128
1782836211361 0.08533849567174911 7129
1782836211363 0.13993634283542633 7130
1782836211365 0.028349054977297783 7131
1782836211368 0.05308535322546959 7132
1782836211370 0.03352474421262741 7133
1782836211373 0.11054249107837677 7134
1782836211375 0.23868803679943085 7135
1782836211377 0.25150442123413086 7136
1782836211379 0.0726017877459526 7137
1782836211380 0.020629169419407845 7138
1782836211382 0.019235387444496155 7139
1782836211383 0.03961162641644478 7140
1782836211384 0.007051936816424131 7141
1782836211386 0.07054977118968964 7142
1782836211387 0.03397107496857643 7143
1782836211389 0.2013898342847824 7144
1782836211390 0.22336643934249878 7145
1782836211392 0.03157681226730347 7146
1782836211393 0.019124718382954597 7147
1782836211395 0.07851852476596832 7148
1782836211396 0.09947042167186737 7149
1782836211397 0.09555275738239288 7150
1782836211399 0.1450672298669815 7151
1782836211400 0.21258866786956787 7152
1782836211402 0.20585043728351593 7153
1782836211403 0.02375837229192257 7154
1782836211405 0.03837231919169426 7155
1782836211406 0.1131572499871254 7156
1782836211408 0.02866707183420658 7157
1782836211409 0.008386367000639439 7158
1782836211410 0.05991670861840248 7159
1782836211412 0.15918654203414917 7160
1782836211413 0.049265164881944656 7161
1782836211415 0.28811949491500854 7162
1782836211416 0.015960050746798515 7163
1782836211417 0.45511338114738464 7164
1782836211419 0.11058452725410461 7165
1782836211420 0.024234600365161896 7166
1782836211422 0.006496949587017298 7167
1782836211423 0.00511196767911315 7168
1782836211424 0.03039621189236641 7169
1782836211426 0.08293230831623077 7170
1782836211427 0.2903958559036255 7171
1782836211428 0.20950810611248016 7172
1782836211430 0.149796262383461 7173
1782836211431 0.05832995846867561 7174
1782836211432 0.16550225019454956 7175
1782836211434 0.24104946851730347 7176
1782836211435 0.03639597445726395 7177
1782836211437 0.0035049805883318186 7178
1782836211438 0.006486636120826006 7179
1782836211440 0.21119940280914307 7180
1782836211442 0.018637387081980705 7181
1782836211445 0.19377388060092926 7182
1782836211447 0.04242642968893051 7183
1782836211449 0.04245627298951149 7184
1782836211451 0.12729360163211823 7185
1782836211453 0.043826211243867874 7186
1782836211456 0.014132080599665642 7187
1782836211458 0.13934554159641266 7188
1782836211460 0.13703832030296326 7189
1782836211462 0.05637843534350395 7190
1782836211464 0.09721352905035019 7191
1782836211465 0.02916550263762474 7192
1782836211467 0.031491056084632874 7193
1782836211469 0.0028079242911189795 7194
1782836211471 0.4456809163093567 7195
1782836211472 0.13599726557731628 7196
1782836211474 0.07064585387706757 7197
1782836211476 0.06852281093597412 7198
1782836211477 0.03255169838666916 7199
1782836211479 0.268266499042511 7200
1782836211481 0.40575507283210754 7201
1782836211482 0.015071863308548927 7202
1782836211484 0.005905234720557928 7203
1782836211485 0.17853590846061707 7204
1782836211487 0.033886708319187164 7205
1782836211488 0.07254839688539505 7206
1782836211490 0.006491686217486858 7207
1782836211491 0.02130356803536415 7208
1782836211493 0.054762035608291626 7209
1782836211494 0.01123005896806717 7210
1782836211496 0.06392510235309601 7211
1782836211497 0.019090168178081512 7212
1782836211499 0.08098401874303818 7213
1782836211500 0.14143508672714233 7214
1782836211501 0.07460273057222366 7215
1782836211503 0.029963959008455276 7216
1782836211504 0.12631984055042267 7217
1782836211505 0.007919128984212875 7218
1782836211507 0.24546822905540466 7219
1782836211508 0.13696865737438202 7220
1782836211510 0.01439617294818163 7221
1782836211511 0.010102655738592148 7222
1782836211512 0.08712731301784515 7223
1782836211514 0.03649333491921425 7224
1782836211516 0.07123972475528717 7225
1782836211517 0.06785101443529129 7226
1782836211519 0.10264195501804352 7227
1782836211520 0.033494383096694946 7228
1782836211522 0.0443628691136837 7229
1782836211524 0.02151678130030632 7230
1782836211525 0.2111372947692871 7231
1782836211527 0.16180992126464844 7232
1782836211529 0.11022453010082245 7233
1782836211530 0.013363202102482319 7234
1782836211532 0.01242914516478777 7235
1782836211533 0.13524504005908966 7236
1782836211535 0.18954867124557495 7237
1782836211536 0.11592619121074677 7238
1782836211538 0.033166736364364624 7239
1782836211539 0.02562534064054489 7240
1782836211540 0.07174349576234818 7241
1782836211542 0.12056586146354675 7242
1782836211543 0.12945926189422607 7243
1782836211544 0.1578856110572815 7244
1782836211547 0.03593951091170311 7245
1782836211549 0.05372815579175949 7246
1782836211550 0.23581911623477936 7247
1782836211552 0.06885752826929092 7248
1782836211553 0.007406546268612146 7249
1782836211555 0.09707948565483093 7250
1782836211556 0.009991391561925411 7251
1782836211558 0.030786089599132538 7252
1782836211559 0.06289026886224747 7253
1782836211562 0.04062071442604065 7254
1782836211563 0.045308828353881836 7255
1782836211565 0.11993741244077682 7256
1782836211567 0.06638363003730774 7257
1782836211568 0.14549626410007477 7258
1782836211570 0.11420392245054245 7259
1782836211571 0.06866489350795746 7260
1782836211572 0.05981339514255524 7261
1782836211574 0.009719577617943287 7262
1782836211576 0.06667237728834152 7263
1782836211578 0.0716605931520462 7264
1782836211580 0.07847843319177628 7265
1782836211581 0.01248958706855774 7266
1782836211583 0.18429666757583618 7267
1782836211584 0.3181193172931671 7268
1782836211586 0.08832937479019165 7269
1782836211587 0.06914345175027847 7270
1782836211589 0.07757053524255753 7271
1782836211591 0.11886967718601227 7272
1782836211592 0.06160833314061165 7273
1782836211593 0.00600768905133009 7274
1782836211595 0.011393433436751366 7275
1782836211596 0.08148781955242157 7276
1782836211597 0.019527103751897812 7277
1782836211598 0.03789622709155083 7278
1782836211600 0.08409912884235382 7279
1782836211601 0.03735380619764328 7280
1782836211603 0.11710375547409058 7281
1782836211604 0.09841103106737137 7282
1782836211605 0.13676828145980835 7283
1782836211607 0.06325998902320862 7284
1782836211608 0.04372989758849144 7285
1782836211609 0.019547365605831146 7286
1782836211611 0.03331766650080681 7287
1782836211612 0.16234758496284485 7288
1782836211614 0.1446983814239502 7289
1782836211615 0.105234295129776 7290
1782836211616 0.043238382786512375 7291
1782836211618 0.1765056997537613 7292
1782836211619 0.06598209589719772 7293
1782836211620 0.0686013326048851 7294
1782836211622 0.18853828310966492 7295
1782836211623 0.06784266233444214 7296
1782836211624 0.123481884598732 7297
1782836211625 0.03350256383419037 7298
1782836211627 0.06575611978769302 7299
1782836211628 0.004988702479749918 7300
1782836211630 0.016313113272190094 7301
1782836211631 0.017650211229920387 7302
1782836211632 0.20176808536052704 7303
1782836211634 0.06748757511377335 7304
1782836211635 0.03304139897227287 7305
1782836211637 0.17424508929252625 7306
1782836211638 0.05462871119379997 7307
1782836211639 0.013537624850869179 7308
1782836211641 0.005754618905484676 7309
1782836211642 0.08208172768354416 7310
1782836211643 0.06595767289400101 7311
1782836211645 0.18065093457698822 7312
1782836211646 0.08000057190656662 7313
1782836211647 0.09066340327262878 7314
1782836211649 0.11463385820388794 7315
1782836211650 0.03135771304368973 7316
1782836211651 0.013120954856276512 7317
1782836211653 0.06082066893577576 7318
1782836211654 0.011119781993329525 7319
1782836211656 0.26361629366874695 7320
1782836211657 0.057416655123233795 7321
1782836211663 0.011322004720568657 7322
1782836211665 0.022318407893180847 7323
1782836211667 0.005473279859870672 7324
1782836211670 0.02372736483812332 7325
1782836211672 0.005982331000268459 7326
1782836211674 0.19063399732112885 7327
1782836211675 0.036630675196647644 7328
1782836211677 0.015662821009755135 7329
1782836211678 0.056185077875852585 7330
1782836211680 0.026769928634166718 7331
1782836211681 0.023223618045449257 7332
1782836211683 0.031886547803878784 7333
1782836211686 0.013836433179676533 7334
1782836211688 0.7416309118270874 7335
1782836211690 0.08061552792787552 7336
1782836211691 0.08770229667425156 7337
1782836211693 0.06085619330406189 7338
1782836211694 0.10101722925901413 7339
1782836211696 0.19251658022403717 7340
1782836211697 0.19341367483139038 7341
1782836211699 0.15007546544075012 7342
1782836211700 0.09980381280183792 7343
1782836211701 0.009246790781617165 7344
1782836211703 0.023547422140836716 7345
1782836211704 0.0994424894452095 7346
1782836211706 0.05960547924041748 7347
1782836211707 0.24420391023159027 7348
1782836211708 0.013197273015975952 7349
1782836211710 0.23234322667121887 7350
1782836211711 0.13474814593791962 7351
1782836211712 0.15767522156238556 7352
1782836211714 0.033165186643600464 7353
1782836211715 0.10881797224283218 7354
1782836211716 0.4245481789112091 7355
1782836211718 0.18093858659267426 7356
1782836211719 0.07364121824502945 7357
1782836211721 0.1406184434890747 7358
1782836211722 0.5201375484466553 7359
1782836211723 0.055277563631534576 7360
1782836211724 0.17721909284591675 7361
1782836211726 0.11999733000993729 7362
1782836211727 0.1038116067647934 7363
1782836211728 0.12429141253232956 7364
1782836211730 0.17722736299037933 7365
1782836211731 0.04467170313000679 7366
1782836211732 0.12385262548923492 7367
1782836211734 0.06690419465303421 7368
1782836211735 0.20349180698394775 7369
1782836211737 0.009790359064936638 7370
1782836211738 0.437463641166687 7371
1782836211740 0.059647608548402786 7372
1782836211741 0.36588340997695923 7373
1782836211742 0.026601260527968407 7374
1782836211744 0.04155122861266136 7375
1782836211745 0.01723666489124298 7376
1782836211746 0.030592622235417366 7377
1782836211749 0.03745314106345177 7378
1782836211751 0.02654389664530754 7379
1782836211753 0.0343136340379715 7380
1782836211755 0.06438234448432922 7381
1782836211757 0.046059250831604004 7382
1782836211759 0.03729900345206261 7383
1782836211761 0.12235137075185776 7384
1782836211763 0.04192265495657921 7385
1782836211766 0.21039490401744843 7386
1782836211768 0.007346722297370434 7387
1782836211769 0.0070349988527596 7388
1782836211771 0.050160955637693405 7389
1782836211772 0.014482378959655762 7390
1782836211774 0.2048172652721405 7391
1782836211776 0.05200003832578659 7392
1782836211778 0.19282613694667816 7393
1782836211780 0.02269865572452545 7394
1782836211781 0.028144676238298416 7395
1782836211783 0.136151984333992 7396
1782836211784 0.16064326465129852 7397
1782836211785 0.051190026104450226 7398
1782836211787 0.07366596907377243 7399
1782836211788 0.09146114438772202 7400
1782836211790 0.1419166922569275 7401
1782836211791 0.051190465688705444 7402
1782836211792 0.0213178563863039 7403
1782836211794 0.11754697561264038 7404
1782836211795 0.051755622029304504 7405
1782836211796 0.13181091845035553 7406
1782836211798 0.045168232172727585 7407
1782836211799 0.06017870455980301 7408
1782836211800 0.06741835922002792 7409
1782836211802 0.034662067890167236 7410
1782836211803 0.13401588797569275 7411
1782836211804 0.01940835267305374 7412
1782836211806 0.02009609527885914 7413
1782836211807 0.03259963542222977 7414
1782836211808 0.15666194260120392 7415
1782836211810 0.15609823167324066 7416
1782836211811 0.170973539352417 7417
1782836211812 0.031455688178539276 7418
1782836211814 0.09248039871454239 7419
1782836211815 0.0021666742395609617 7420
1782836211817 0.12915974855422974 7421
1782836211819 0.07266543060541153 7422
1782836211821 0.016967829316854477 7423
1782836211823 0.15878872573375702 7424
1782836211825 0.20926880836486816 7425
1782836211827 0.08470034599304199 7426
1782836211829 0.01806515082716942 7427
1782836211832 0.05441932752728462 7428
1782836211834 0.32806840538978577 7429
1782836211836 0.01460698526352644 7430
1782836211838 0.009844357147812843 7431
1782836211839 0.03065568581223488 7432
1782836211841 0.214570552110672 7433
1782836211842 0.07195614278316498 7434
1782836211844 0.09613547474145889 7435
1782836211845 0.01103025022894144 7436
1782836211847 0.06184693053364754 7437
1782836211848 0.01856965757906437 7438
1782836211850 0.14886637032032013 7439
1782836211852 0.0038881124928593636 7440
1782836211853 0.10722014307975769 7441
1782836211854 0.1761789470911026 7442
1782836211856 0.23627325892448425 7443
1782836211857 0.4366205632686615 7444
1782836211859 0.03076854906976223 7445
1782836211860 0.05784682556986809 7446
1782836211862 0.20887607336044312 7447
1782836211863 0.0883176401257515 7448
1782836211865 0.10346698015928268 7449
1782836211866 0.08216782659292221 7450
1782836211868 0.3544440269470215 7451
1782836211869 0.24232786893844604 7452
1782836211871 0.039893198758363724 7453
1782836211872 0.03814701363444328 7454
1782836211874 0.02485566958785057 7455
1782836211875 0.08887261897325516 7456
1782836211877 0.0233635101467371 7457
1782836211878 0.31417116522789 7458
1782836211880 0.038347143679857254 7459
1782836211881 0.02714371494948864 7460
1782836211883 0.10717944800853729 7461
1782836211884 0.060767725110054016 7462
1782836211886 0.1695629209280014 7463
1782836211887 0.01573396846652031 7464
1782836211888 0.03875473141670227 7465
1782836211890 0.06768570840358734 7466
1782836211891 0.012849556282162666 7467
1782836211893 0.041885893791913986 7468
1782836211894 0.13805945217609406 7469
1782836211896 0.060652364045381546 7470
1782836211897 0.10359504818916321 7471
1782836211898 0.1921011358499527 7472
1782836211900 0.021507112309336662 7473
1782836211901 0.06807281821966171 7474
1782836211903 0.04617824777960777 7475
1782836211904 0.029948046430945396 7476
1782836211906 0.09708563983440399 7477
1782836211907 0.05594565346837044 7478
1782836211908 0.05641698092222214 7479
1782836211910 0.13370521366596222 7480
1782836211911 0.04056989401578903 7481
1782836211913 0.1921781301498413 7482
1782836211914 0.11992320418357849 7483
1782836211916 0.010976231656968594 7484
1782836211917 0.06506964564323425 7485
1782836211918 0.07754853367805481 7486
1782836211920 0.0030768432188779116 7487
1782836211921 0.27924206852912903 7488
1782836211922 0.06536965072154999 7489
1782836211924 0.025009730830788612 7490
1782836211925 0.11056651920080185 7491
1782836211926 0.07793744653463364 7492
1782836211928 0.005752189550548792 7493
1782836211930 0.05210697278380394 7494
1782836211932 0.028216945007443428 7495
1782836211933 0.08334019035100937 7496
1782836211935 0.028765836730599403 7497
1782836211937 0.1494600623846054 7498
1782836211939 0.06407612562179565 7499
1782836212058 0.010218167677521706 7500
1782836212060 0.08111549913883209 7501
1782836212061 0.05664072930812836 7502
1782836212062 0.3155078589916229 7503
1782836212064 0.0660284087061882 7504
1782836212065 0.03036499209702015 7505
1782836212067 0.01671639271080494 7506
1782836212068 0.041775476187467575 7507
1782836212070 0.12080793082714081 7508
1782836212071 0.04499540850520134 7509
1782836212072 0.007192323449999094 7510
1782836212074 0.24778994917869568 7511
1782836212075 0.16988520324230194 7512
1782836212076 0.2944234013557434 7513
1782836212078 0.018422188237309456 7514
1782836212079 0.05371323600411415 7515
1782836212080 0.0671980082988739 7516
1782836212082 0.223246231675148 7517
1782836212083 0.013016586191952229 7518
1782836212084 0.13629744946956635 7519
1782836212086 0.0035716223064810038 7520
1782836212087 0.18305082619190216 7521
1782836212088 0.08900107443332672 7522
1782836212090 0.025055430829524994 7523
1782836212091 0.1136237233877182 7524
1782836212092 0.1258494257926941 7525
1782836212094 0.04419369995594025 7526
1782836212095 0.16090399026870728 7527
1782836212097 0.15822875499725342 7528
1782836212098 0.07344923168420792 7529
1782836212099 0.045318398624658585 7530
1782836212101 0.06683196872472763 7531
1782836212102 0.04982978105545044 7532
1782836212103 0.038442786782979965 7533
1782836212105 0.07402676343917847 7534
1782836212106 0.005836824420839548 7535
1782836212107 0.03928949683904648 7536
1782836212109 0.005530883092433214 7537
1782836212111 0.039047908037900925 7538
1782836212113 0.2814534604549408 7539
1782836212115 0.10576098412275314 7540
1782836212116 0.09676564484834671 7541
1782836212118 0.05482247844338417 7542
1782836212119 0.1544889509677887 7543
1782836212121 0.01125201117247343 7544
1782836212123 0.06149677559733391 7545
1782836212125 0.025038033723831177 7546
1782836212128 0.09805026650428772 7547
1782836212131 0.03054025210440159 7548
1782836212133 0.005327161867171526 7549
1782836212136 0.05629422888159752 7550
1782836212138 0.09394460916519165 7551
1782836212140 0.017818748950958252 7552
1782836212142 0.015827955678105354 7553
1782836212144 0.005197158548980951 7554
1782836212147 0.07327482849359512 7555
1782836212149 0.06845967471599579 7556
1782836212150 0.03235263377428055 7557
1782836212151 0.11734847724437714 7558
1782836212153 0.0020607225596904755 7559
1782836212155 0.05755643546581268 7560
1782836212157 0.06425351649522781 7561
1782836212159 0.03559325262904167 7562
1782836212161 0.08318767696619034 7563
1782836212162 0.03130721300840378 7564
1782836212164 0.04071381315588951 7565
1782836212165 0.012588562443852425 7566
1782836212166 0.03423701599240303 7567
1782836212168 0.013978173024952412 7568
1782836212169 0.23283185064792633 7569
1782836212171 0.012472927570343018 7570
1782836212172 0.22619621455669403 7571
1782836212173 0.07053261250257492 7572
1782836212175 0.060630690306425095 7573
1782836212176 0.11317747086286545 7574
1782836212177 0.1834568977355957 7575
1782836212179 0.015329206362366676 7576
1782836212180 0.019979510456323624 7577
1782836212182 0.017282333225011826 7578
1782836212183 0.05100029334425926 7579
1782836212184 0.013505742885172367 7580
1782836212186 0.045967403799295425 7581
1782836212187 0.14953073859214783 7582
1782836212189 0.053786750882864 7583
1782836212190 0.03208501636981964 7584
1782836212191 0.1142040491104126 7585
1782836212193 0.07954239100217819 7586
1782836212194 0.0012714846525341272 7587
1782836212195 0.006826094817370176 7588
1782836212197 0.01446826197206974 7589
1782836212198 0.015865659341216087 7590
1782836212200 0.08414708822965622 7591
1782836212202 0.05800621211528778 7592
1782836212204 0.014917046763002872 7593
1782836212206 0.223080113530159 7594
1782836212208 0.04538603872060776 7595
1782836212210 0.08896220475435257 7596
1782836212212 0.05223254859447479 7597
1782836212215 0.03808683902025223 7598
1782836212217 0.02864638715982437 7599
1782836212219 0.031008368358016014 7600
1782836212221 0.06011208891868591 7601
1782836212223 0.018918678164482117 7602
1782836212224 0.22624802589416504 7603
1782836212226 0.14714987576007843 7604
1782836212227 0.006369480397552252 7605
1782836212229 0.07358741015195847 7606
1782836212231 0.058815304189920425 7607
1782836212233 0.03711126744747162 7608
1782836212234 0.009185848757624626 7609
1782836212236 0.0036378279328346252 7610
1782836212237 0.06547866761684418 7611
1782836212239 0.05354919657111168 7612
1782836212240 0.04405684396624565 7613
1782836212242 0.007266842760145664 7614
1782836212243 0.024345533922314644 7615
1782836212244 0.010967053472995758 7616
1782836212246 0.10042877495288849 7617
1782836212247 0.05486486852169037 7618
1782836212248 0.011163451708853245 7619
1782836212250 0.03742806240916252 7620
1782836212251 0.13384169340133667 7621
1782836212252 0.1588343381881714 7622
1782836212254 0.04931802675127983 7623
1782836212255 0.020490707829594612 7624
1782836212256 0.004844931419938803 7625
1782836212258 0.024758249521255493 7626
1782836212259 0.032317448407411575 7627
1782836212261 0.02958972007036209 7628
1782836212262 0.10757426917552948 7629
1782836212263 0.05998622998595238 7630
1782836212265 0.04295208677649498 7631
1782836212266 0.24363136291503906 7632
1782836212267 0.036517247557640076 7633
1782836212269 0.007333910092711449 7634
1782836212270 0.003360976930707693 7635
1782836212272 0.40012645721435547 7636
1782836212273 0.10403254628181458 7637
1782836212274 0.040469586849212646 7638
1782836212275 0.003819775767624378 7639
1782836212277 0.017276624217629433 7640
1782836212278 0.1514468491077423 7641
1782836212280 0.08210383355617523 7642
1782836212281 0.1325104832649231 7643
1782836212282 0.053297363221645355 7644
1782836212284 0.038105953484773636 7645
1782836212285 0.01784832961857319 7646
1782836212287 0.023283280432224274 7647
1782836212288 0.07641029357910156 7648
1782836212289 0.11697909981012344 7649
1782836212291 0.020885789766907692 7650
1782836212292 0.009221094660460949 7651
1782836212293 0.01069122925400734 7652
1782836212295 0.012762694619596004 7653
1782836212297 0.07426279038190842 7654
1782836212298 0.0024614674039185047 7655
1782836212300 0.07435378432273865 7656
1782836212301 0.16447079181671143 7657
1782836212303 0.1906895637512207 7658
1782836212305 0.0615360364317894 7659
1782836212307 0.008905358612537384 7660
1782836212309 0.02446141466498375 7661
1782836212311 0.026002516970038414 7662
1782836212314 0.018199678510427475 7663
1782836212316 0.09298098832368851 7664
1782836212318 0.03526432812213898 7665
1782836212320 0.011398136615753174 7666
1782836212322 0.010876771062612534 7667
1782836212323 0.10393038392066956 7668
1782836212325 0.07165595889091492 7669
1782836212327 0.023081349208950996 7670
1782836212328 0.05682859197258949 7671
1782836212330 0.037681568413972855 7672
1782836212332 0.08987782150506973 7673
1782836212334 0.012432578951120377 7674
1782836212337 0.009332358837127686 7675
1782836212339 0.025071358308196068 7676
1782836212343 0.04306893050670624 7677
1782836212346 0.024597514420747757 7678
1782836212348 0.028840774670243263 7679
1782836212351 0.15199145674705505 7680
1782836212353 0.011740603484213352 7681
1782836212356 0.0021731508895754814 7682
1782836212358 0.03154054284095764 7683
1782836212361 0.14340171217918396 7684
1782836212363 0.0025004229974001646 7685
1782836212365 0.10940026491880417 7686
1782836212367 0.127555251121521 7687
1782836212369 0.5280047655105591 7688
1782836212370 0.017388220876455307 7689
1782836212372 0.0574546679854393 7690
1782836212373 0.025439247488975525 7691
1782836212376 0.06093793734908104 7692
1782836212377 0.1814195066690445 7693
1782836212380 0.010375000536441803 7694
1782836212381 0.017812106758356094 7695
1782836212383 0.09282992780208588 7696
1782836212385 0.030108153820037842 7697
1782836212387 0.035233478993177414 7698
1782836212389 0.012912353500723839 7699
1782836212391 0.31069207191467285 7700
1782836212393 0.009208324365317822 7701
1782836212395 0.10683316737413406 7702
1782836212397 0.00496521545574069 7703
1782836212399 0.027170637622475624 7704
1782836212401 0.06911247968673706 7705
1782836212403 0.05810604989528656 7706
1782836212404 0.11630123108625412 7707
1782836212406 0.01777808926999569 7708
1782836212408 0.014776510186493397 7709
1782836212410 0.010535068809986115 7710
1782836212412 0.02204340510070324 7711
1782836212414 0.0776309072971344 7712
1782836212415 0.11276323348283768 7713
1782836212417 0.23101936280727386 7714
1782836212419 0.04816998913884163 7715
1782836212421 0.025430859997868538 7716
1782836212423 0.019134096801280975 7717
1782836212424 0.16899001598358154 7718
1782836212426 0.0054297964088618755 7719
1782836212428 0.045585997402668 7720
1782836212430 0.0700000450015068 7721
1782836212432 0.08715954422950745 7722
1782836212434 0.004455018788576126 7723
1782836212435 0.042466066777706146 7724
1782836212437 0.09424115717411041 7725
1782836212439 0.041560906916856766 7726
1782836212441 0.0034253308549523354 7727
1782836212443 0.031024975702166557 7728
1782836212444 0.08007591217756271 7729
1782836212446 0.06735152006149292 7730
1782836212448 0.07787363231182098 7731
1782836212449 0.10434409976005554 7732
1782836212450 0.18876194953918457 7733
1782836212452 0.2651849687099457 7734
1782836212453 0.02210489846765995 7735
1782836212456 0.05852986127138138 7736
1782836212458 0.03595191240310669 7737
1782836212459 0.15783807635307312 7738
1782836212461 0.03816443681716919 7739
1782836212463 0.07107103615999222 7740
1782836212464 0.16132956743240356 7741
1782836212466 0.01587919518351555 7742
1782836212468 0.015769261866807938 7743
1782836212470 0.27289146184921265 7744
1782836212471 0.00966388639062643 7745
1782836212473 0.06816338002681732 7746
1782836212475 0.010570690035820007 7747
1782836212476 0.020459847524762154 7748
1782836212478 0.21167701482772827 7749
1782836212479 0.09955812245607376 7750
1782836212481 0.03793134540319443 7751
1782836212483 0.020671620965003967 7752
1782836212485 0.017560239881277084 7753
1782836212487 0.013724179938435555 7754
1782836212489 0.03294435888528824 7755
1782836212492 0.06308355182409286 7756
1782836212494 0.0345144048333168 7757
1782836212496 0.032137446105480194 7758
1782836212498 0.026020970195531845 7759
1782836212500 0.043972332030534744 7760
1782836212502 0.13817591965198517 7761
1782836212504 0.038806408643722534 7762
1782836212505 0.14677909016609192 7763
1782836212507 0.03434070199728012 7764
1782836212509 0.25419461727142334 7765
1782836212511 0.02490256167948246 7766
1782836212512 0.006214552093297243 7767
1782836212513 0.0429924800992012 7768
1782836212515 0.08857472240924835 7769
1782836212516 0.02587396837770939 7770
1782836212518 0.12310826033353806 7771
1782836212519 0.08478192985057831 7772
1782836212521 0.054960064589977264 7773
1782836212523 0.005636688321828842 7774
1782836212524 0.0023482469841837883 7775
1782836212526 0.04242773726582527 7776
1782836212528 0.07062128931283951 7777
1782836212530 0.1421661376953125 7778
1782836212531 0.0685763731598854 7779
1782836212534 0.04942451789975166 7780
1782836212536 0.012177801690995693 7781
1782836212538 0.07685542106628418 7782
1782836212540 0.016899846494197845 7783
1782836212542 0.17548537254333496 7784
1782836212544 0.030701616778969765 7785
1782836212546 0.01466217078268528 7786
1782836212547 0.022160833701491356 7787
1782836212550 0.003964280243963003 7788
1782836212552 0.061948347836732864 7789
1782836212554 0.08571916818618774 7790
1782836212556 0.10812415927648544 7791
1782836212558 0.05348992347717285 7792
1782836212561 0.03762436285614967 7793
1782836212563 0.1790304183959961 7794
1782836212565 0.1383104771375656 7795
1782836212567 0.009102645330131054 7796
1782836212569 0.03259570896625519 7797
1782836212571 0.008163157850503922 7798
1782836212573 0.04218297451734543 7799
1782836212575 0.012476366013288498 7800
1782836212577 0.0878797098994255 7801
1782836212579 0.019403614103794098 7802
1782836212581 0.04938540980219841 7803
1782836212582 0.2612471878528595 7804
1782836212583 0.16027458012104034 7805
1782836212585 0.04427032172679901 7806
1782836212586 0.010789560154080391 7807
1782836212588 0.2250293642282486 7808
1782836212589 0.005332581698894501 7809
1782836212591 0.2145175039768219 7810
1782836212592 0.1189047247171402 7811
1782836212594 0.002395360032096505 7812
1782836212595 0.10057839006185532 7813
1782836212596 0.029316961765289307 7814
1782836212599 0.028838559985160828 7815
1782836212601 0.13330301642417908 7816
1782836212603 0.02339205890893936 7817
1782836212605 0.15799593925476074 7818
1782836212607 0.08609979599714279 7819
1782836212610 0.07245341688394547 7820
1782836212612 0.09830570966005325 7821
1782836212614 0.2274949699640274 7822
1782836212616 0.009357294999063015 7823
1782836212618 0.04163162410259247 7824
1782836212620 0.022360360249876976 7825
1782836212622 0.08721379935741425 7826
1782836212623 0.08962991088628769 7827
1782836212625 0.00974226463586092 7828
1782836212627 0.0047137499786913395 7829
1782836212629 0.03695277124643326 7830
1782836212631 0.06524061411619186 7831
1782836212633 0.1414942592382431 7832
1782836212634 0.1362762153148651 7833
1782836212636 0.052064210176467896 7834
1782836212638 0.05669402331113815 7835
1782836212639 0.005591029766947031 7836
1782836212642 0.01219722256064415 7837
1782836212643 0.19534677267074585 7838
1782836212645 0.015837430953979492 7839
1782836212646 0.11699366569519043 7840
1782836212647 0.11903674900531769 7841
1782836212649 0.01666932925581932 7842
1782836212650 0.15787002444267273 7843
1782836212652 0.04256753250956535 7844
1782836212653 0.03699186071753502 7845
1782836212655 0.01829877495765686 7846
1782836212656 0.004836606793105602 7847
1782836212658 0.046818993985652924 7848
1782836212659 0.004164343699812889 7849
1782836212661 0.058994390070438385 7850
1782836212662 0.024261094629764557 7851
1782836212665 0.02496081218123436 7852
1782836212666 0.32987305521965027 7853
1782836212668 0.2703430652618408 7854
1782836212670 0.019014235585927963 7855
1782836212671 0.008322734385728836 7856
1782836212673 0.2194424867630005 7857
1782836212675 0.13986912369728088 7858
1782836212676 0.08105648308992386 7859
1782836212678 0.1307428926229477 7860
1782836212679 0.009670202620327473 7861
1782836212681 0.04525010287761688 7862
1782836212683 0.06993473321199417 7863
1782836212684 0.008381546474993229 7864
1782836212686 0.0024897833354771137 7865
1782836212688 0.0729200541973114 7866
1782836212690 0.29798561334609985 7867
1782836212692 0.04393870010972023 7868
1782836212694 0.06799805909395218 7869
1782836212696 0.012035897932946682 7870
1782836212697 0.0364244282245636 7871
1782836212699 0.035432275384664536 7872
1782836212701 0.01786154881119728 7873
1782836212702 0.05068095773458481 7874
1782836212703 0.0059767188504338264 7875
1782836212705 0.1809806078672409 7876
1782836212706 0.03699081018567085 7877
1782836212708 0.007369965314865112 7878
1782836212710 0.052463337779045105 7879
1782836212711 0.3074396848678589 7880
1782836212713 0.11049021780490875 7881
1782836212715 0.062491703778505325 7882
1782836212716 0.02790945954620838 7883
1782836212718 0.025871483609080315 7884
1782836212720 0.053267352283000946 7885
1782836212722 0.2767658829689026 7886
1782836212723 0.004938121885061264 7887
1782836212724 0.05420218035578728 7888
1782836212726 0.039828140288591385 7889
1782836212727 0.14643993973731995 7890
1782836212729 0.017087187618017197 7891
1782836212730 0.038658224046230316 7892
1782836212732 0.05590080842375755 7893
1782836212733 0.06019572913646698 7894
1782836212735 0.020150575786828995 7895
1782836212736 0.09757430106401443 7896
1782836212738 0.03048187680542469 7897
1782836212740 0.008573056198656559 7898
1782836212741 0.01807532273232937 7899
1782836212742 0.06993914395570755 7900
1782836212744 0.24171799421310425 7901
1782836212745 0.17538705468177795 7902
1782836212747 0.0049916161224246025 7903
1782836212749 0.07413742691278458 7904
1782836212750 0.037512585520744324 7905
1782836212751 0.06688925623893738 7906
1782836212753 0.12350010126829147 7907
1782836212754 0.01488685142248869 7908
1782836212756 0.010867075994610786 7909
1782836212757 0.009907908737659454 7910
1782836212759 0.1081644743680954 7911
1782836212761 0.11279656738042831 7912
1782836212763 0.08681286871433258 7913
1782836212764 0.0007503034430555999 7914
1782836212766 0.10262339562177658 7915
1782836212767 0.09199634939432144 7916
1782836212769 0.06372491270303726 7917
1782836212770 0.11350893974304199 7918
1782836212771 0.10468859225511551 7919
1782836212773 0.0032209763303399086 7920
1782836212775 0.06930679827928543 7921
1782836212777 0.16538378596305847 7922
1782836212778 0.2052583396434784 7923
1782836212780 0.14080189168453217 7924
1782836212782 0.007745847105979919 7925
1782836212783 0.03416282311081886 7926
1782836212784 0.05864816531538963 7927
1782836212786 0.0035438667982816696 7928
1782836212789 0.00555756501853466 7929
1782836212791 0.0787922814488411 7930
1782836212793 0.20908230543136597 7931
1782836212794 0.06031864508986473 7932
1782836212796 0.15456748008728027 7933
1782836212797 0.01851358450949192 7934
1782836212799 0.04493529722094536 7935
1782836212800 0.12332405149936676 7936
1782836212802 0.0599292516708374 7937
1782836212803 0.0658203586935997 7938
1782836212805 0.027070188894867897 7939
1782836212808 0.1594727635383606 7940
1782836212809 0.08607441931962967 7941
1782836212811 0.329696923494339 7942
1782836212812 0.12133346498012543 7943
1782836212813 0.026018135249614716 7944
1782836212815 0.10620692372322083 7945
1782836212816 0.1620931178331375 7946
1782836212817 0.2263462096452713 7947
1782836212819 0.05724870041012764 7948
1782836212820 0.030621076002717018 7949
1782836212822 0.0763218104839325 7950
1782836212823 0.009936519898474216 7951
1782836212824 0.0823802500963211 7952
1782836212826 0.038232751190662384 7953
1782836212827 0.1687898337841034 7954
1782836212828 0.06890089064836502 7955
1782836212830 0.1390620619058609 7956
1782836212831 0.12541042268276215 7957
1782836212833 0.013725792989134789 7958
1782836212834 0.028074875473976135 7959
1782836212837 0.00946857687085867 7960
1782836212839 0.16674765944480896 7961
1782836212841 0.02457667700946331 7962
1782836212843 0.034490447491407394 7963
1782836212850 0.15208198130130768 7964
1782836212853 0.1346910297870636 7965
1782836212857 0.4311552941799164 7966
1782836212859 0.19719849526882172 7967
1782836212861 0.03106115758419037 7968
1782836212863 0.02999735437333584 7969
1782836212864 0.004540727473795414 7970
1782836212866 0.03029095195233822 7971
1782836212868 0.42790132761001587 7972
1782836212870 0.07647811621427536 7973
1782836212872 0.005174567922949791 7974
1782836212874 0.24873627722263336 7975
1782836212875 0.09930945187807083 7976
1782836212877 0.06019659712910652 7977
1782836212879 0.21175333857536316 7978
1782836212880 0.1745329350233078 7979
1782836212881 0.05145765841007233 7980
1782836212883 0.07460972666740417 7981
1782836212884 0.11827461421489716 7982
1782836212885 0.018625473603606224 7983
1782836212887 0.27205100655555725 7984
1782836212888 0.06821237504482269 7985
1782836212889 0.05587143078446388 7986
1782836212891 0.011419142596423626 7987
1782836212892 0.030731556937098503 7988
1782836212894 0.011832090094685555 7989
1782836212895 0.1636689007282257 7990
1782836212897 0.028051454573869705 7991
1782836212898 0.0981263816356659 7992
1782836212900 0.020618226379156113 7993
1782836212901 0.3785157799720764 7994
1782836212902 0.018605155870318413 7995
1782836212904 0.10713259875774384 7996
1782836212905 0.06719464808702469 7997
1782836212907 0.22494947910308838 7998
1782836212910 0.07857804000377655 7999
1782836212913 0.1761031150817871 8000
1782836212915 0.06038840860128403 8001
1782836212917 0.037135619670152664 8002
1782836212920 0.06629776209592819 8003
1782836212923 0.003749375930055976 8004
1782836212926 0.08058745414018631 8005
1782836212928 0.03597692400217056 8006
1782836212930 0.24654513597488403 8007
1782836212932 0.03159068524837494 8008
1782836212933 0.006578477565199137 8009
1782836212936 0.034166403114795685 8010
1782836212938 0.014421988278627396 8011
1782836212940 0.07849309593439102 8012
1782836212942 0.006400011479854584 8013
1782836212944 0.07844244688749313 8014
1782836212945 0.010170808993279934 8015
1782836212947 0.11050737649202347 8016
1782836212949 0.005474751349538565 8017
1782836212950 0.06799637526273727 8018
1782836212952 0.08099833875894547 8019
1782836212954 0.05210395157337189 8020
1782836212955 0.036869850009679794 8021
1782836212957 0.017912229523062706 8022
1782836212958 0.04228827357292175 8023
1782836212959 0.017680181190371513 8024
1782836212961 0.004568504635244608 8025
1782836212963 0.048576902598142624 8026
1782836212964 0.14798639714717865 8027
1782836212966 0.026569947600364685 8028
1782836212967 0.02367972768843174 8029
1782836212969 0.005251169670373201 8030
1782836212970 0.022121887654066086 8031
1782836212972 0.05017026886343956 8032
1782836212973 0.04185359179973602 8033
1782836212975 0.032810792326927185 8034
1782836212976 0.03395858779549599 8035
1782836212978 0.04625969007611275 8036
1782836212979 0.08084315806627274 8037
1782836212981 0.04493522271513939 8038
1782836212983 0.13686414062976837 8039
1782836212984 0.18377655744552612 8040
1782836212986 0.017553096637129784 8041
1782836212987 0.15610714256763458 8042
1782836212989 0.22495856881141663 8043
1782836212990 0.0021807076409459114 8044
1782836212992 0.06371701508760452 8045
1782836212996 0.23897361755371094 8046
1782836212998 0.002413457026705146 8047
1782836213000 0.14315910637378693 8048
1782836213003 0.13045836985111237 8049
1782836213005 0.0064069973304867744 8050
1782836213008 0.19529004395008087 8051
1782836213010 0.16372543573379517 8052
1782836213012 0.025431886315345764 8053
1782836213014 0.005879621487110853 8054
1782836213016 0.032861337065696716 8055
1782836213017 0.04688454419374466 8056
1782836213019 0.079787477850914 8057
1782836213020 0.10703231394290924 8058
1782836213022 0.03341884911060333 8059
1782836213024 0.12181936949491501 8060
1782836213026 0.22479191422462463 8061
1782836213028 0.03654065728187561 8062
1782836213030 0.12984490394592285 8063
1782836213033 0.09421046078205109 8064
1782836213035 0.04370494186878204 8065
1782836213036 0.029366130009293556 8066
1782836213038 0.00831204280257225 8067
1782836213040 0.052046168595552444 8068
1782836213042 0.21270304918289185 8069
1782836213044 0.01498956698924303 8070
1782836213046 0.01801208220422268 8071
1782836213048 0.08116492629051208 8072
1782836213050 0.005159121938049793 8073
1782836213052 0.0025516741443425417 8074
1782836213054 0.032858289778232574 8075
1782836213055 0.24911776185035706 8076
1782836213057 0.01379249058663845 8077
1782836213060 0.1109176054596901 8078
1782836213061 0.057505663484334946 8079
1782836213063 0.02245788462460041 8080
1782836213065 0.40127480030059814 8081
1782836213067 0.024672389030456543 8082
1782836213068 0.06644657254219055 8083
1782836213070 0.09220167994499207 8084
1782836213072 0.08100729435682297 8085
1782836213073 0.3028827905654907 8086
1782836213075 0.03184237331151962 8087
1782836213076 0.041496165096759796 8088
1782836213077 0.254408597946167 8089
1782836213079 0.018170127645134926 8090
1782836213080 0.0877690389752388 8091
1782836213082 0.016201619058847427 8092
1782836213084 0.1984325498342514 8093
1782836213087 0.028284575790166855 8094
1782836213089 0.10035446286201477 8095
1782836213091 0.026373369619250298 8096
1782836213093 0.055582620203495026 8097
1782836213095 0.2547912895679474 8098
1782836213097 0.12439075112342834 8099
1782836213100 0.10522761195898056 8100
1782836213102 0.03185863047838211 8101
1782836213104 0.00936070829629898 8102
1782836213107 0.18048420548439026 8103
1782836213110 0.08576609939336777 8104
1782836213113 0.0052076103165745735 8105
1782836213116 0.03083810955286026 8106
1782836213118 0.0073959557339549065 8107
1782836213120 0.006579241249710321 8108
1782836213123 0.008931418880820274 8109
1782836213125 0.266252338886261 8110
1782836213127 0.06202707439661026 8111
1782836213129 0.2416999340057373 8112
1782836213131 0.011193891055881977 8113
1782836213132 0.05127514898777008 8114
1782836213134 0.18842437863349915 8115
1782836213135 0.033009275794029236 8116
1782836213137 0.08146008849143982 8117
1782836213140 0.1596357226371765 8118
1782836213142 0.02799157425761223 8119
1782836213144 0.005633905064314604 8120
1782836213145 0.08110197633504868 8121
1782836213147 0.09020601212978363 8122
1782836213148 0.05198517069220543 8123
1782836213150 0.16195735335350037 8124
1782836213151 0.052842557430267334 8125
1782836213153 0.007852006703615189 8126
1782836213155 0.02247145213186741 8127
1782836213156 0.032676469534635544 8128
1782836213157 0.016574455425143242 8129
1782836213159 0.04833793267607689 8130
1782836213160 0.12560461461544037 8131
1782836213162 0.011003981344401836 8132
1782836213163 0.1411263346672058 8133
1782836213164 0.10957720875740051 8134
1782836213166 0.04899171367287636 8135
1782836213167 0.01385763194411993 8136
1782836213169 0.32966190576553345 8137
1782836213170 0.14450611174106598 8138
1782836213171 0.3982692062854767 8139
1782836213173 0.1845930963754654 8140
1782836213174 0.006293507758527994 8141
1782836213175 0.09643974900245667 8142
1782836213177 0.11239262670278549 8143
1782836213178 0.005856390576809645 8144
1782836213179 0.05522887036204338 8145
1782836213181 0.06184588745236397 8146
1782836213182 0.055071499198675156 8147
1782836213183 0.04383501037955284 8148
1782836213185 0.21971851587295532 8149
1782836213186 0.020353393629193306 8150
1782836213188 0.3187643885612488 8151
1782836213189 0.008522185496985912 8152
1782836213191 0.20295457541942596 8153
1782836213192 0.012026826851069927 8154
1782836213194 0.08953857421875 8155
1782836213195 0.014759795740246773 8156
1782836213196 0.02051648497581482 8157
1782836213198 0.028117740526795387 8158
1782836213200 0.12568449974060059 8159
1782836213202 0.022091006860136986 8160
1782836213203 0.030727285891771317 8161
1782836213205 0.11757566034793854 8162
1782836213206 0.06191103532910347 8163
1782836213208 0.06876607984304428 8164
1782836213210 0.008482336066663265 8165
1782836213212 0.025328509509563446 8166
1782836213214 0.06943809241056442 8167
1782836213215 0.0751606822013855 8168
1782836213217 0.09760722517967224 8169
1782836213219 0.21540436148643494 8170
1782836213220 0.12545911967754364 8171
1782836213222 0.11187799274921417 8172
1782836213223 0.03193344175815582 8173
1782836213225 0.022642983123660088 8174
1782836213226 0.012542969547212124 8175
1782836213228 0.016958432272076607 8176
1782836213229 0.03511929512023926 8177
1782836213231 0.022416764870285988 8178
1782836213233 0.21543432772159576 8179
1782836213234 0.22792097926139832 8180
1782836213236 0.009357497096061707 8181
1782836213237 0.27378788590431213 8182
1782836213239 0.040521323680877686 8183
1782836213240 0.047424137592315674 8184
1782836213242 0.22626113891601562 8185
1782836213243 0.1499689519405365 8186
1782836213244 0.013732248917222023 8187
1782836213246 0.291546493768692 8188
1782836213247 0.08263766765594482 8189
1782836213248 0.010114528238773346 8190
1782836213250 0.23467528820037842 8191
1782836213251 0.05190727114677429 8192
1782836213252 0.08582888543605804 8193
1782836213254 0.04406362771987915 8194
1782836213256 0.02389104850590229 8195
1782836213257 0.08065585047006607 8196
1782836213259 0.003895568661391735 8197
1782836213260 0.09174583852291107 8198
1782836213262 0.04545525833964348 8199
1782836213263 0.06925071775913239 8200
1782836213265 0.06965238600969315 8201
1782836213267 0.06538205593824387 8202
1782836213268 0.005013454705476761 8203
1782836213270 0.15431606769561768 8204
1782836213271 0.026656437665224075 8205
1782836213272 0.012599187903106213 8206
1782836213274 0.030142556875944138 8207
1782836213275 0.006193679757416248 8208
1782836213276 0.05625282973051071 8209
1782836213278 0.0024913207162171602 8210
1782836213279 0.02700398676097393 8211
1782836213280 0.028122181072831154 8212
1782836213282 0.06367980688810349 8213
1782836213283 0.02096603438258171 8214
1782836213285 0.03308393061161041 8215
1782836213286 0.023407043889164925 8216
1782836213287 0.012927987612783909 8217
1782836213289 0.06617267429828644 8218
1782836213290 0.004605607129633427 8219
1782836213291 0.017449602484703064 8220
1782836213293 0.1557607650756836 8221
1782836213294 0.1320854127407074 8222
1782836213296 0.07403777539730072 8223
1782836213297 0.009869560599327087 8224
1782836213298 0.06224173307418823 8225
1782836213300 0.11313436925411224 8226
1782836213301 0.14051368832588196 8227
1782836213303 0.01377016119658947 8228
1782836213304 0.01878710463643074 8229
1782836213305 0.04942039027810097 8230
1782836213307 0.021025126799941063 8231
1782836213308 0.022399814799427986 8232
1782836213309 0.2230578362941742 8233
1782836213311 0.033016446977853775 8234
1782836213313 0.23630796372890472 8235
1782836213315 0.004145144484937191 8236
1782836213316 0.2525053918361664 8237
1782836213318 0.03388121724128723 8238
1782836213319 0.03051845356822014 8239
1782836213321 0.092032790184021 8240
1782836213322 0.04232780262827873 8241
1782836213324 0.0038123466074466705 8242
1782836213326 0.06244918704032898 8243
1782836213327 0.008958022110164165 8244
1782836213329 0.13806317746639252 8245
1782836213332 0.009996263310313225 8246
1782836213334 0.05325862020254135 8247
1782836213336 0.06895416229963303 8248
1782836213337 0.024675613269209862 8249
1782836213339 0.08036940544843674 8250
1782836213340 0.15605303645133972 8251
1782836213342 0.01437355950474739 8252
1782836213345 0.14869481325149536 8253
1782836213346 0.19486622512340546 8254
1782836213348 0.14404216408729553 8255
1782836213349 0.006704241968691349 8256
1782836213351 0.03925435245037079 8257
1782836213352 0.07438276708126068 8258
1782836213354 0.02849538065493107 8259
1782836213355 0.0045564984902739525 8260
1782836213356 0.1529678851366043 8261
1782836213358 0.09071559458971024 8262
1782836213359 0.010601705871522427 8263
1782836213361 0.1529155820608139 8264
1782836213362 0.006710519082844257 8265
1782836213364 0.0056907194666564465 8266
1782836213365 0.14401495456695557 8267
1782836213367 0.030182989314198494 8268
1782836213368 0.0578191764652729 8269
1782836213369 0.007929163984954357 8270
1782836213371 0.013802565634250641 8271
1782836213372 0.1536744087934494 8272
1782836213374 0.0048288325779139996 8273
1782836213375 0.040289007127285004 8274
1782836213376 0.23275285959243774 8275
1782836213378 0.05497528240084648 8276
1782836213379 0.04853343218564987 8277
1782836213381 0.01808718778192997 8278
1782836213382 0.1109023466706276 8279
1782836213384 0.01132838986814022 8280
1782836213385 0.014274637214839458 8281
1782836213386 0.05535930022597313 8282
1782836213388 0.006059626117348671 8283
1782836213389 0.0928286612033844 8284
1782836213391 0.08065391331911087 8285
1782836213392 0.14015452563762665 8286
1782836213393 0.024561502039432526 8287
1782836213395 0.05899263545870781 8288
1782836213396 0.005280886311084032 8289
1782836213397 0.046490415930747986 8290
1782836213398 0.03363066166639328 8291
1782836213400 0.03681780770421028 8292
1782836213401 0.018387235701084137 8293
1782836213403 0.04596082121133804 8294
1782836213404 0.02776527963578701 8295
1782836213406 0.10954562574625015 8296
1782836213407 0.06494355201721191 8297
1782836213408 0.1885702759027481 8298
1782836213410 0.03725073114037514 8299
1782836213411 0.016262833029031754 8300
1782836213412 0.04821394383907318 8301
1782836213414 0.06622260063886642 8302
1782836213415 0.08485112339258194 8303
1782836213416 0.011560630984604359 8304
1782836213418 0.12135039269924164 8305
1782836213419 0.05194944515824318 8306
1782836213421 0.16763409972190857 8307
1782836213423 0.04334685578942299 8308
1782836213424 0.006519530434161425 8309
1782836213426 0.16526341438293457 8310
1782836213427 0.06771377474069595 8311
1782836213429 0.09668676555156708 8312
1782836213430 0.013824854046106339 8313
1782836213432 0.009079164825379848 8314
1782836213434 0.1667771339416504 8315
1782836213435 0.09682760387659073 8316
1782836213437 0.009695570915937424 8317
1782836213439 0.03973394259810448 8318
1782836213440 0.04027839004993439 8319
1782836213442 0.04856874421238899 8320
1782836213443 0.05080220848321915 8321
1782836213444 0.0165911503136158 8322
1782836213446 0.017716646194458008 8323
1782836213448 0.06710393726825714 8324
1782836213450 0.10333671420812607 8325
1782836213452 0.20287705957889557 8326
1782836213454 0.06374098360538483 8327
1782836213456 0.05064569413661957 8328
1782836213457 0.017271632328629494 8329
1782836213459 0.4679858684539795 8330
1782836213460 0.05828846991062164 8331
1782836213461 0.02699422836303711 8332
1782836213463 0.02397586964070797 8333
1782836213464 0.00676754442974925 8334
1782836213466 0.06362361460924149 8335
1782836213468 0.06744897365570068 8336
1782836213469 0.1816478818655014 8337
1782836213470 0.4080953001976013 8338
1782836213472 0.02788359485566616 8339
1782836213473 0.00316306808963418 8340
1782836213474 0.02001529186964035 8341
1782836213476 0.00411958945915103 8342
1782836213477 0.0695004090666771 8343
1782836213478 0.003053010441362858 8344
1782836213479 0.0017336838645860553 8345
1782836213481 0.021002132445573807 8346
1782836213482 0.013663174584507942 8347
1782836213484 0.1741037219762802 8348
1782836213485 0.050705257803201675 8349
1782836213486 0.18183137476444244 8350
1782836213488 0.1471932977437973 8351
1782836213489 0.2487516701221466 8352
1782836213490 0.07550950348377228 8353
1782836213492 0.2267254739999771 8354
1782836213493 0.001936433487571776 8355
1782836213495 0.013263752683997154 8356
1782836213496 0.010141135193407536 8357
1782836213497 0.009520391002297401 8358
1782836213499 0.07314245402812958 8359
1782836213500 0.10787570476531982 8360
1782836213501 0.5538063049316406 8361
1782836213503 0.20802100002765656 8362
1782836213504 0.123446524143219 8363
1782836213505 0.059028539806604385 8364
1782836213506 0.0011475562350824475 8365
1782836213508 0.1869792491197586 8366
1782836213509 0.19142571091651917 8367
1782836213510 0.16853125393390656 8368
1782836213512 0.025272207334637642 8369
1782836213513 0.20345965027809143 8370
1782836213514 0.10964430868625641 8371
1782836213516 0.22791217267513275 8372
1782836213517 0.23873421549797058 8373
1782836213519 0.13340075314044952 8374
1782836213520 0.011769603006541729 8375
1782836213522 0.13552725315093994 8376
1782836213524 0.012646276503801346 8377
1782836213525 0.018932189792394638 8378
1782836213526 0.02481471560895443 8379
1782836213528 0.2501504719257355 8380
1782836213529 0.11561154574155807 8381
1782836213530 0.15090608596801758 8382
1782836213532 0.29055872559547424 8383
1782836213533 0.17680123448371887 8384
1782836213535 0.015669766813516617 8385
1782836213536 0.17339396476745605 8386
1782836213538 0.06219802051782608 8387
1782836213540 0.11869939416646957 8388
1782836213542 0.06606241315603256 8389
1782836213544 0.005178254563361406 8390
1782836213547 0.03701891750097275 8391
1782836213549 0.3003675937652588 8392
1782836213551 0.01952214352786541 8393
1782836213553 0.01979736238718033 8394
1782836213556 0.2844163477420807 8395
1782836213558 0.050230972468853 8396
1782836213560 0.032433439046144485 8397
1782836213563 0.10029766708612442 8398
1782836213564 0.04556902498006821 8399
1782836213566 0.008856786414980888 8400
1782836213567 0.11481910943984985 8401
1782836213569 0.11227814108133316 8402
1782836213571 0.023761222139000893 8403
1782836213573 0.009340244345366955 8404
1782836213575 0.058346353471279144 8405
1782836213577 0.15156404674053192 8406
1782836213578 0.2107228934764862 8407
1782836213580 0.07725625485181808 8408
1782836213582 0.06911039352416992 8409
1782836213584 0.04784500598907471 8410
1782836213586 0.18621712923049927 8411
1782836213588 0.21654832363128662 8412
1782836213589 0.08251253515481949 8413
1782836213591 0.044061679393053055 8414
1782836213592 0.0160796158015728 8415
1782836213594 0.1943991482257843 8416
1782836213595 0.05501379817724228 8417
1782836213597 0.07007865607738495 8418
1782836213598 0.06606964766979218 8419
1782836213600 0.07797539234161377 8420
1782836213601 0.02685566246509552 8421
1782836213603 0.031175684183835983 8422
1782836213604 0.020088324323296547 8423
1782836213606 0.18791751563549042 8424
1782836213607 0.01140607986599207 8425
1782836213609 0.03272130340337753 8426
1782836213610 0.11799665540456772 8427
1782836213612 0.06692175567150116 8428
1782836213613 0.01063663512468338 8429
1782836213614 0.035560812801122665 8430
1782836213616 0.015358271077275276 8431
1782836213617 0.005172597710043192 8432
1782836213619 0.040985576808452606 8433
1782836213620 0.019491249695420265 8434
1782836213622 0.019082212820649147 8435
1782836213623 0.18335309624671936 8436
1782836213624 0.013577528297901154 8437
1782836213627 0.03199274092912674 8438
1782836213629 0.12741760909557343 8439
1782836213631 0.18245744705200195 8440
1782836213633 0.24282236397266388 8441
1782836213634 0.25952383875846863 8442
1782836213636 0.022072985768318176 8443
1782836213638 0.030843086540699005 8444
1782836213640 0.03029862605035305 8445
1782836213642 0.21699166297912598 8446
1782836213644 0.0727115049958229 8447
1782836213646 0.09653383493423462 8448
1782836213648 0.2169904112815857 8449
1782836213650 0.22805465757846832 8450
1782836213651 0.05297698825597763 8451
1782836213653 0.027601521462202072 8452
1782836213655 0.19537676870822906 8453
1782836213657 0.10042271763086319 8454
1782836213659 0.0030282631050795317 8455
1782836213661 0.04765833541750908 8456
1782836213662 0.6992301940917969 8457
1782836213664 0.02280951663851738 8458
1782836213666 0.046436913311481476 8459
1782836213667 0.17546023428440094 8460
1782836213669 0.4151168763637543 8461
1782836213671 0.04600737616419792 8462
1782836213673 0.027814945206046104 8463
1782836213674 0.2903786897659302 8464
1782836213676 0.08434377610683441 8465
1782836213678 0.11473730206489563 8466
1782836213680 0.026125196367502213 8467
1782836213681 0.16801191866397858 8468
1782836213683 0.5260847210884094 8469
1782836213687 0.02552230842411518 8470
1782836213688 0.37743568420410156 8471
1782836213690 0.03086482174694538 8472
1782836213692 0.04105488955974579 8473
1782836213693 0.03264378011226654 8474
1782836213695 0.06277838349342346 8475
1782836213697 0.007412857376039028 8476
1782836213698 0.03890097141265869 8477
1782836213700 0.005729528609663248 8478
1782836213702 0.010740755125880241 8479
1782836213703 0.28852027654647827 8480
1782836213705 0.08866589516401291 8481
1782836213707 0.16880853474140167 8482
1782836213708 0.016803240403532982 8483
1782836213710 0.03164315223693848 8484
1782836213712 0.06323840469121933 8485
1782836213713 0.07236824184656143 8486
1782836213715 0.006088377442210913 8487
1782836213717 0.10222725570201874 8488
1782836213718 0.04243965074419975 8489
1782836213720 0.03446384519338608 8490
1782836213722 0.23255036771297455 8491
1782836213723 0.022642971947789192 8492
1782836213725 0.05000705271959305 8493
1782836213727 0.11647699028253555 8494
1782836213728 0.021047666668891907 8495
1782836213730 0.06813067942857742 8496
1782836213732 0.04880166053771973 8497
1782836213734 0.020660871639847755 8498
1782836213735 0.011352702975273132 8499
1782836213737 0.2643120586872101 8500
1782836213739 0.19913598895072937 8501
1782836213741 0.05470692366361618 8502
1782836213742 0.16020824015140533 8503
1782836213744 0.008291659876704216 8504
1782836213746 0.21100245416164398 8505
1782836213748 0.007992847822606564 8506
1782836213750 0.11793401837348938 8507
1782836213751 0.27474355697631836 8508
1782836213753 0.11299818754196167 8509
1782836213754 0.06198643520474434 8510
1782836213756 0.06274670362472534 8511
1782836213757 0.25190380215644836 8512
1782836213759 0.07947956025600433 8513
1782836213761 0.08817847073078156 8514
1782836213762 0.01055312529206276 8515
1782836213764 0.09629025310277939 8516
1782836213765 0.0688551813364029 8517
1782836213767 0.008041645400226116 8518
1782836213768 0.10681653022766113 8519
1782836213771 0.15360191464424133 8520
1782836213773 0.37253767251968384 8521
1782836213775 0.1241491287946701 8522
1782836213777 0.02959373965859413 8523
1782836213778 0.15243518352508545 8524
1782836213780 0.06553991138935089 8525
1782836213781 0.012639734894037247 8526
1782836213783 0.00632031075656414 8527
1782836213785 0.010395167395472527 8528
1782836213786 0.1596013456583023 8529
1782836213788 0.09464568644762039 8530
1782836213789 0.05148065835237503 8531
1782836213791 0.22415809333324432 8532
1782836213792 0.0033409600146114826 8533
1782836213794 0.125615194439888 8534
1782836213796 0.034765440970659256 8535
1782836213797 0.0774397999048233 8536
1782836213798 0.05337956175208092 8537
1782836213800 0.14788547158241272 8538
1782836213801 0.19043608009815216 8539
1782836213803 0.0661950558423996 8540
1782836213805 0.06094486638903618 8541
1782836213806 0.005407709628343582 8542
1782836213808 0.00328848441131413 8543
1782836213809 0.048172079026699066 8544
1782836213811 0.1439671665430069 8545
1782836213812 0.021423185244202614 8546
1782836213814 0.021015863865613937 8547
1782836213815 0.005461470689624548 8548
1782836213817 0.09600356221199036 8549
1782836213818 0.0860181450843811 8550
1782836213820 0.004332799930125475 8551
1782836213821 0.0319146104156971 8552
1782836213823 0.005520875100046396 8553
1782836213824 0.18328800797462463 8554
1782836213826 0.004184151068329811 8555
1782836213827 0.005554194562137127 8556
1782836213829 0.07176139205694199 8557
1782836213830 0.015449736267328262 8558
1782836213832 0.06736153364181519 8559
1782836213833 0.03708592802286148 8560
1782836213835 0.2276799976825714 8561
1782836213836 0.03989848494529724 8562
1782836213838 0.009578421711921692 8563
1782836213840 0.18729905784130096 8564
1782836213841 0.01751626841723919 8565
1782836213843 0.11437492072582245 8566
1782836213844 0.044166069477796555 8567
1782836213845 0.011869451962411404 8568
1782836213846 0.014511136338114738 8569
1782836213848 0.20309507846832275 8570
1782836213849 0.04989194869995117 8571
1782836213850 0.09608243405818939 8572
1782836213851 0.046751342713832855 8573
1782836213853 0.07240380346775055 8574
1782836213854 0.05749071016907692 8575
1782836213856 0.032515041530132294 8576
1782836213857 0.014131966978311539 8577
1782836213858 0.1084236353635788 8578
1782836213860 0.020217396318912506 8579
1782836213861 0.20331299304962158 8580
1782836213863 0.053084325045347214 8581
1782836213866 0.004131466615945101 8582
1782836213869 0.2543174624443054 8583
1782836213870 0.013871894218027592 8584
1782836213872 0.06113818660378456 8585
1782836213874 0.1554701328277588 8586
1782836213876 0.034882161766290665 8587
1782836213878 0.012770533561706543 8588
1782836213880 0.3131663501262665 8589
1782836213882 0.03689374402165413 8590
1782836213884 0.2801814675331116 8591
1782836213886 0.03624503314495087 8592
1782836213887 0.012804467231035233 8593
1782836213889 0.005735097452998161 8594
1782836213891 0.006398762110620737 8595
1782836213892 0.009348474442958832 8596
1782836213895 0.002914729295298457 8597
1782836213897 0.004531508777290583 8598
1782836213898 0.004590150434523821 8599
1782836213900 0.14275114238262177 8600
1782836213902 0.19171011447906494 8601
1782836213903 0.09427536278963089 8602
1782836213905 0.13935448229312897 8603
1782836213906 0.18657752871513367 8604
1782836213908 0.036411188542842865 8605
1782836213910 0.07607762515544891 8606
1782836213911 0.09877115488052368 8607
1782836213913 0.0643894374370575 8608
1782836213915 0.27138838171958923 8609
1782836213916 0.20447544753551483 8610
1782836213918 0.04076226428151131 8611
1782836213919 0.02532130666077137 8612
1782836213921 0.06871680170297623 8613
1782836213923 0.0426020510494709 8614
1782836213924 0.29486948251724243 8615
1782836213926 0.015156056731939316 8616
1782836213928 0.05435693636536598 8617
1782836213929 0.013003578409552574 8618
1782836213931 0.14881080389022827 8619
1782836213933 0.07714713364839554 8620
1782836213934 0.05476920306682587 8621
1782836213936 0.10888362675905228 8622
1782836213937 0.0150243379175663 8623
1782836213939 0.15368697047233582 8624
1782836213940 0.11397871375083923 8625
1782836213941 0.19498619437217712 8626
1782836213943 0.16846390068531036 8627
1782836213944 0.1295921951532364 8628
1782836213946 0.024734681472182274 8629
1782836213947 0.015157699584960938 8630
1782836213948 0.05551858991384506 8631
1782836213950 0.07883398979902267 8632
1782836213953 0.012974932789802551 8633
1782836213955 0.32837599515914917 8634
1782836213957 0.48602187633514404 8635
1782836213959 0.020083656534552574 8636
1782836213961 0.01501258835196495 8637
1782836213963 0.014169561676681042 8638
1782836213965 0.18907809257507324 8639
1782836213968 0.022648809477686882 8640
1782836213970 0.09050767868757248 8641
1782836213972 0.0819307193160057 8642
1782836213974 0.030648401007056236 8643
1782836213976 0.009354587644338608 8644
1782836213977 0.13476793467998505 8645
1782836213979 0.07138984650373459 8646
1782836213981 0.015959639102220535 8647
1782836213983 0.0815262496471405 8648
1782836213985 0.2368268519639969 8649
1782836213986 0.03984043747186661 8650
1782836213988 0.17995376884937286 8651
1782836213989 0.1019849181175232 8652
1782836213991 0.1202089786529541 8653
1782836213993 0.06818099319934845 8654
1782836213994 0.02365540713071823 8655
1782836213996 0.0025545074604451656 8656
1782836213997 0.06426279246807098 8657
1782836213999 0.13961555063724518 8658
1782836214000 0.00505089433863759 8659
1782836214002 0.028692634776234627 8660
1782836214003 0.20395971834659576 8661
1782836214005 0.005591964814811945 8662
1782836214006 0.002665045903995633 8663
1782836214008 0.04191368818283081 8664
1782836214009 0.004167868755757809 8665
1782836214011 0.0389711931347847 8666
1782836214012 0.14590300619602203 8667
1782836214013 0.045214708894491196 8668
1782836214015 0.08821365237236023 8669
1782836214016 0.026219762861728668 8670
1782836214018 0.013164457865059376 8671
1782836214019 0.004768433049321175 8672
1782836214021 0.015613817609846592 8673
1782836214022 0.007464738562703133 8674
1782836214024 0.014733057469129562 8675
1782836214025 0.11491180211305618 8676
1782836214027 0.016729947179555893 8677
1782836214028 0.10777473449707031 8678
1782836214030 0.023335358127951622 8679
1782836214031 0.013022150844335556 8680
1782836214033 0.026407897472381592 8681
1782836214034 0.10923391580581665 8682
1782836214035 0.039078596979379654 8683
1782836214037 0.03482137992978096 8684
1782836214038 0.0026039998047053814 8685
1782836214039 0.01626952551305294 8686
1782836214041 0.029290437698364258 8687
1782836214043 0.32313409447669983 8688
1782836214044 0.11805453896522522 8689
1782836214046 0.05974652245640755 8690
1782836214048 0.2734642028808594 8691
1782836214049 0.02067977376282215 8692
1782836214051 0.01362654846161604 8693
1782836214052 0.011807773262262344 8694
1782836214054 0.02091853879392147 8695
1782836214056 0.053996387869119644 8696
1782836214057 0.028536217287182808 8697
1782836214059 0.0640016570687294 8698
1782836214060 0.02398015186190605 8699
1782836214062 0.0689176470041275 8700
1782836214063 0.01622294820845127 8701
1782836214065 0.01606879197061062 8702
1782836214067 0.07944831252098083 8703
1782836214070 0.0013638936216011643 8704
1782836214072 0.0930188000202179 8705
1782836214075 0.028787482529878616 8706
1782836214077 0.010954512283205986 8707
1782836214079 0.07311396300792694 8708
1782836214082 0.04005108028650284 8709
1782836214084 0.010420085862278938 8710
1782836214087 0.03278810530900955 8711
1782836214089 0.11188022047281265 8712
1782836214091 0.08963236212730408 8713
1782836214093 0.009168675169348717 8714
1782836214094 0.030280305072665215 8715
1782836214097 0.03315266966819763 8716
1782836214099 0.09125060588121414 8717
1782836214102 0.06164431944489479 8718
1782836214103 0.35519278049468994 8719
1782836214105 0.005388900637626648 8720
1782836214107 0.01144732628017664 8721
1782836214108 0.07194417715072632 8722
1782836214110 0.018690157681703568 8723
1782836214112 0.020211435854434967 8724
1782836214113 0.03742622956633568 8725
1782836214114 0.08677627891302109 8726
1782836214116 0.025383640080690384 8727
1782836214117 0.18355895578861237 8728
1782836214119 0.03712873533368111 8729
1782836214120 0.0800883024930954 8730
1782836214122 0.08136411011219025 8731
1782836214123 0.10734539479017258 8732
1782836214125 0.0016990562435239553 8733
1782836214127 0.06935209035873413 8734
1782836214128 0.22142785787582397 8735
1782836214130 0.04286786913871765 8736
1782836214132 0.14358803629875183 8737
1782836214134 0.11032052338123322 8738
1782836214135 0.0008751009008847177 8739
1782836214137 0.2789323031902313 8740
1782836214139 0.0361388698220253 8741
1782836214141 0.0353945828974247 8742
1782836214143 0.2013958990573883 8743
1782836214144 0.21644482016563416 8744
1782836214146 0.06368039548397064 8745
1782836214148 0.01128365844488144 8746
1782836214150 0.05828229337930679 8747
1782836214152 0.0017871001036837697 8748
1782836214154 0.03524094447493553 8749
1782836214155 0.007855232805013657 8750
1782836214157 0.00324642239138484 8751
1782836214159 0.03920144960284233 8752
1782836214160 0.09517736732959747 8753
1782836214162 0.02816895768046379 8754
1782836214164 0.0072705913335084915 8755
1782836214165 0.057992711663246155 8756
1782836214167 0.055627673864364624 8757
1782836214168 0.04366976395249367 8758
1782836214169 0.1860491782426834 8759
1782836214171 0.008712537586688995 8760
1782836214172 0.008143442682921886 8761
1782836214173 0.02617260068655014 8762
1782836214175 0.012531779706478119 8763
1782836214177 0.06704707443714142 8764
1782836214178 0.004252145998179913 8765
1782836214179 0.03539130091667175 8766
1782836214181 0.029746003448963165 8767
1782836214182 0.004660843405872583 8768
1782836214184 0.1423906534910202 8769
1782836214185 0.023127419874072075 8770
1782836214186 0.02009105309844017 8771
1782836214188 0.1364711970090866 8772
1782836214190 0.1715044230222702 8773
1782836214192 0.04571300745010376 8774
1782836214194 0.18814416229724884 8775
1782836214196 0.06490980088710785 8776
1782836214197 0.010057044215500355 8777
1782836214199 0.6368063688278198 8778
1782836214201 0.010949329473078251 8779
1782836214203 0.08046402782201767 8780
1782836214205 0.10042180120944977 8781
1782836214207 0.02025238424539566 8782
1782836214209 0.5077236294746399 8783
1782836214210 0.0773722305893898 8784
1782836214212 0.01685948483645916 8785
1782836214214 0.1185099333524704 8786
1782836214215 0.0774858221411705 8787
1782836214217 0.023766102269291878 8788
1782836214219 0.07468695938587189 8789
1782836214221 0.012072429992258549 8790
1782836214223 0.059292033314704895 8791
1782836214225 0.05384807661175728 8792
1782836214227 0.05909409373998642 8793
1782836214228 0.03044111095368862 8794
1782836214230 0.023489320650696754 8795
1782836214233 0.0750279426574707 8796
1782836214234 0.06362070143222809 8797
1782836214236 0.009994231164455414 8798
1782836214238 0.008215202949941158 8799
1782836214240 0.005269918590784073 8800
1782836214242 0.022009216248989105 8801
1782836214243 0.04990317299962044 8802
1782836214246 0.044675037264823914 8803
1782836214247 0.14603830873966217 8804
1782836214249 0.00702052703127265 8805
1782836214250 0.0527886301279068 8806
1782836214252 0.0432293526828289 8807
1782836214253 0.0017268442315980792 8808
1782836214254 0.18823586404323578 8809
1782836214256 0.11880647391080856 8810
1782836214257 0.028305256739258766 8811
1782836214259 0.04983674734830856 8812
1782836214260 0.1028737798333168 8813
1782836214262 0.0163246002048254 8814
1782836214263 0.057546623051166534 8815
1782836214265 0.003397248685359955 8816
1782836214266 0.0075490339659154415 8817
1782836214267 0.088273786008358 8818
1782836214269 0.1491115838289261 8819
1782836214270 0.05410321056842804 8820
1782836214272 0.30663660168647766 8821
1782836214273 0.12540113925933838 8822
1782836214275 0.015428325161337852 8823
1782836214277 0.03176925331354141 8824
1782836214278 0.1723664104938507 8825
1782836214280 0.09770175069570541 8826
1782836214282 0.10699964314699173 8827
1782836214283 0.014161321334540844 8828
1782836214284 0.048598434776067734 8829
1782836214286 0.17627345025539398 8830
1782836214287 0.07008698582649231 8831
1782836214288 0.06679781526327133 8832
1782836214290 0.014322766102850437 8833
1782836214291 0.07921060174703598 8834
1782836214292 0.005302394274622202 8835
1782836214294 0.10169805586338043 8836
1782836214295 0.022838978096842766 8837
1782836214296 0.04472242295742035 8838
1782836214297 0.035443536937236786 8839
1782836214299 0.05077669769525528 8840
1782836214300 0.20307716727256775 8841
1782836214301 0.015064374543726444 8842
1782836214303 0.024541430175304413 8843
1782836214304 0.06742877513170242 8844
1782836214305 0.08103978633880615 8845
1782836214306 0.03157803788781166 8846
1782836214308 0.09124576300382614 8847
1782836214309 0.18734943866729736 8848
1782836214310 0.1990160495042801 8849
1782836214312 0.06569322198629379 8850
1782836214314 0.022248566150665283 8851
1782836214316 0.010820944793522358 8852
1782836214318 0.021211111918091774 8853
1782836214320 0.019136151298880577 8854
1782836214322 0.14430271089076996 8855
1782836214324 0.22201840579509735 8856
1782836214325 0.027251986786723137 8857
1782836214327 0.044968750327825546 8858
1782836214329 0.029872793704271317 8859
1782836214331 0.002944083884358406 8860
1782836214332 0.044076595455408096 8861
1782836214334 0.06106805056333542 8862
1782836214335 0.23442135751247406 8863
1782836214337 0.01745358482003212 8864
1782836214339 0.13615714013576508 8865
1782836214341 0.02365746721625328 8866
1782836214343 0.027497481554746628 8867
1782836214345 0.012990766204893589 8868
1782836214346 0.10172361880540848 8869
1782836214348 0.10638567805290222 8870
1782836214349 0.04170835018157959 8871
1782836214351 0.012858272530138493 8872
1782836214352 0.007573885843157768 8873
1782836214353 0.002147953025996685 8874
1782836214355 0.17608825862407684 8875
1782836214356 0.23605571687221527 8876
1782836214357 0.028853269293904305 8877
1782836214359 0.1268635094165802 8878
1782836214360 0.07906852662563324 8879
1782836214362 0.01741636171936989 8880
1782836214363 0.01669236458837986 8881
1782836214364 0.006058393511921167 8882
1782836214365 0.009435702115297318 8883
1782836214367 0.008830786682665348 8884
1782836214368 0.015931129455566406 8885
1782836214370 0.009109536185860634 8886
1782836214371 0.0014281467301771045 8887
1782836214373 0.06670050323009491 8888
1782836214374 0.08671588450670242 8889
1782836214376 0.06854091584682465 8890
1782836214377 0.09627540409564972 8891
1782836214378 0.08190678805112839 8892
1782836214380 0.017462924122810364 8893
1782836214381 0.00559655949473381 8894
1782836214383 0.10716797411441803 8895
1782836214384 0.023365270346403122 8896
1782836214386 0.07528351247310638 8897
1782836214387 0.27002397179603577 8898
1782836214389 0.029177406802773476 8899
1782836214390 0.010123037733137608 8900
1782836214392 0.15589818358421326 8901
1782836214393 0.003046247409656644 8902
1782836214394 0.05782315880060196 8903
1782836214396 0.009877040982246399 8904
1782836214397 0.04427330568432808 8905
1782836214399 0.013120698742568493 8906
1782836214400 0.13021694123744965 8907
1782836214402 0.04618266224861145 8908
1782836214403 0.14942972362041473 8909
1782836214404 0.021999744698405266 8910
1782836214406 0.12867474555969238 8911
1782836214407 0.018967684358358383 8912
1782836214409 0.006365198642015457 8913
1782836214410 0.008275040425360203 8914
1782836214411 0.0012671001022681594 8915
1782836214413 0.14568237960338593 8916
1782836214416 0.003118891967460513 8917
1782836214418 0.06071839854121208 8918
1782836214420 0.004012898541986942 8919
1782836214422 0.08619428426027298 8920
1782836214425 0.25478050112724304 8921
1782836214427 0.16187545657157898 8922
1782836214429 0.06247008964419365 8923
1782836214432 0.12832482159137726 8924
1782836214434 0.013986880891025066 8925
1782836214436 0.058306314051151276 8926
1782836214438 0.06508976966142654 8927
1782836214440 0.3048967123031616 8928
1782836214441 0.05206935852766037 8929
1782836214443 0.28009194135665894 8930
1782836214446 0.42242345213890076 8931
1782836214448 0.012565482407808304 8932
1782836214450 0.1728699952363968 8933
1782836214451 0.17887277901172638 8934
1782836214453 0.008573613129556179 8935
1782836214454 0.031739622354507446 8936
1782836214456 0.010440140031278133 8937
1782836214457 0.06145043298602104 8938
1782836214459 0.03382725641131401 8939
1782836214460 0.10149382054805756 8940
1782836214462 0.0787791907787323 8941
1782836214463 0.015170829370617867 8942
1782836214465 0.24869239330291748 8943
1782836214466 0.04695358872413635 8944
1782836214468 0.026915987953543663 8945
1782836214469 0.016543135046958923 8946
1782836214471 0.09768883138895035 8947
1782836214472 0.02514805644750595 8948
1782836214474 0.12892493605613708 8949
1782836214475 0.012872586958110332 8950
1782836214476 0.06674207001924515 8951
1782836214478 0.004988290835171938 8952
1782836214479 0.05107341706752777 8953
1782836214481 0.02285967580974102 8954
1782836214482 0.0030770213343203068 8955
1782836214484 0.020890288054943085 8956
1782836214485 0.1139385774731636 8957
1782836214487 0.07362140715122223 8958
1782836214489 0.04987303167581558 8959
1782836214490 0.023366542533040047 8960
1782836214492 0.03334605321288109 8961
1782836214493 0.007537989877164364 8962
1782836214495 0.10414581745862961 8963
1782836214497 0.012977593578398228 8964
1782836214499 0.16995202004909515 8965
1782836214500 0.06942155212163925 8966
1782836214502 0.2604959309101105 8967
1782836214503 0.0344168022274971 8968
1782836214505 0.031090684235095978 8969
1782836214506 0.02900529094040394 8970
1782836214508 0.15005739033222198 8971
1782836214510 0.16043835878372192 8972
1782836214511 0.10295406728982925 8973
1782836214513 0.048155155032873154 8974
1782836214514 0.10735366493463516 8975
1782836214516 0.13369661569595337 8976
1782836214518 0.03647688776254654 8977
1782836214520 0.01865621842443943 8978
1782836214522 0.02142476662993431 8979
1782836214524 0.009574266150593758 8980
1782836214526 0.0015293332980945706 8981
1782836214527 0.1225307434797287 8982
1782836214529 0.002158476272597909 8983
1782836214530 0.3653891980648041 8984
1782836214531 0.022323012351989746 8985
1782836214533 0.15065322816371918 8986
1782836214535 0.08907988667488098 8987
1782836214537 0.024335185065865517 8988
1782836214539 0.0007267895853146911 8989
1782836214541 0.12834961712360382 8990
1782836214543 0.002369181253015995 8991
1782836214544 0.051744818687438965 8992
1782836214546 0.007728791330009699 8993
1782836214548 0.0751752033829689 8994
1782836214550 0.00460804533213377 8995
1782836214551 0.017911676317453384 8996
1782836214553 0.14236973226070404 8997
1782836214555 0.2629925012588501 8998
1782836214557 0.3101414144039154 8999
1782836214559 0.09327246248722076 9000
1782836214560 0.013860095292329788 9001
1782836214562 0.006551755592226982 9002
1782836214564 0.12274348735809326 9003
1782836214566 0.11235322803258896 9004
1782836214568 0.01405403297394514 9005
1782836214570 0.03175584226846695 9006
1782836214572 0.10045919567346573 9007
1782836214574 0.007944498211145401 9008
1782836214576 0.0022181514650583267 9009
1782836214578 0.035721227526664734 9010
1782836214580 0.010320547968149185 9011
1782836214582 0.09953899681568146 9012
1782836214584 0.045936230570077896 9013
1782836214586 0.15183182060718536 9014
1782836214588 0.030208345502614975 9015
1782836214589 0.081545390188694 9016
1782836214591 0.01886090263724327 9017
1782836214592 0.2570493519306183 9018
1782836214594 0.018795909360051155 9019
1782836214595 0.018505370244383812 9020
1782836214597 0.09072266519069672 9021
1782836214599 0.005586901213973761 9022
1782836214601 0.0140523761510849 9023
1782836214603 0.016867032274603844 9024
1782836214605 0.1932307630777359 9025
1782836214607 0.10111803561449051 9026
1782836214608 0.08194158226251602 9027
1782836214611 0.006514238193631172 9028
1782836214613 0.05985500290989876 9029
1782836214615 0.16636596620082855 9030
1782836214617 0.047828856855630875 9031
1782836214620 0.1766691952943802 9032
1782836214621 0.05927329882979393 9033
1782836214623 0.11402787268161774 9034
1782836214625 0.020813189446926117 9035
1782836214626 0.004403574392199516 9036
1782836214629 0.008257834240794182 9037
1782836214631 0.022273430600762367 9038
1782836214633 0.004951877985149622 9039
1782836214634 0.1459856480360031 9040
1782836214636 0.003142701229080558 9041
1782836214638 0.21500864624977112 9042
1782836214639 0.18168391287326813 9043
1782836214641 0.026313932612538338 9044
1782836214642 0.0022106687538325787 9045
1782836214644 0.026835039258003235 9046
1782836214645 0.10260163992643356 9047
1782836214647 0.006542821414768696 9048
1782836214648 0.019842633977532387 9049
1782836214650 0.3421589732170105 9050
1782836214651 0.02088053710758686 9051
1782836214653 0.15125137567520142 9052
1782836214654 0.029311714693903923 9053
1782836214656 0.06476292759180069 9054
1782836214657 0.05604737997055054 9055
1782836214659 0.011890366673469543 9056
1782836214660 0.01607314497232437 9057
1782836214662 0.10607407987117767 9058
1782836214664 0.009899058379232883 9059
1782836214665 0.0395083948969841 9060
1782836214666 0.011186916381120682 9061
1782836214668 0.09050115942955017 9062
1782836214669 0.02022700570523739 9063
1782836214671 0.10899501293897629 9064
1782836214672 0.0195999126881361 9065
1782836214674 0.006548834033310413 9066
1782836214676 0.1502566784620285 9067
1782836214677 0.004988924600183964 9068
1782836214680 0.021819433197379112 9069
1782836214682 0.07305049896240234 9070
1782836214683 0.12509149312973022 9071
1782836214685 0.2437152862548828 9072
1782836214687 0.14698417484760284 9073
1782836214689 0.008817602880299091 9074
1782836214691 0.008949647657573223 9075
1782836214692 0.06449830532073975 9076
1782836214694 0.04002147912979126 9077
1782836214696 0.022139087319374084 9078
1782836214697 0.02353321574628353 9079
1782836214699 0.015497869811952114 9080
1782836214701 0.05959049612283707 9081
1782836214702 0.030334806069731712 9082
1782836214704 0.01085278857499361 9083
1782836214705 0.012564328499138355 9084
1782836214707 0.0017599244602024555 9085
1782836214709 0.052453018724918365 9086
1782836214711 0.013369014486670494 9087
1782836214713 0.19576673209667206 9088
1782836214715 0.019798075780272484 9089
1782836214716 0.03652859479188919 9090
1782836214718 0.001695356797426939 9091
1782836214720 0.0026430499274283648 9092
1782836214721 0.045467570424079895 9093
1782836214723 0.014319087378680706 9094
1782836214725 0.163544163107872 9095
1782836214726 0.21591384708881378 9096
1782836214728 0.1586276739835739 9097
1782836214730 0.4366866946220398 9098
1782836214731 0.06842802464962006 9099
1782836214733 0.08364241570234299 9100
1782836214734 0.130222886800766 9101
1782836214736 0.12378111481666565 9102
1782836214738 0.03712775558233261 9103
1782836214740 0.004913880489766598 9104
1782836214741 0.029648030176758766 9105
1782836214743 0.07420050352811813 9106
1782836214744 0.038305241614580154 9107
1782836214746 0.26747357845306396 9108
1782836214747 0.0356394499540329 9109
1782836214749 0.15783193707466125 9110
1782836214750 0.12924839556217194 9111
1782836214751 0.029225975275039673 9112
1782836214753 0.03498265519738197 9113
1782836214755 0.07507780939340591 9114
1782836214756 0.07154955714941025 9115
1782836214758 0.1147773489356041 9116
1782836214759 0.03789645805954933 9117
1782836214760 0.05696190893650055 9118
1782836214762 0.32346367835998535 9119
1782836214763 0.07020837813615799 9120
1782836214765 0.1620190441608429 9121
1782836214766 0.021861745044589043 9122
1782836214768 0.08160773664712906 9123
1782836214770 0.02052936516702175 9124
1782836214772 0.014546697027981281 9125
1782836214774 0.016379058361053467 9126
1782836214776 0.05584724619984627 9127
1782836214778 0.1498909741640091 9128
1782836214780 0.052508510649204254 9129
1782836214782 0.05932542309165001 9130
1782836214784 0.02541373297572136 9131
1782836214786 0.0107763996347785 9132
1782836214789 0.013945385813713074 9133
1782836214791 0.0717550739645958 9134
1782836214793 0.03265146166086197 9135
1782836214795 0.07070682942867279 9136
1782836214798 0.11330822110176086 9137
1782836214799 0.07434999197721481 9138
1782836214801 0.04019540920853615 9139
1782836214803 0.003313042689114809 9140
1782836214804 0.09433179348707199 9141
1782836214806 0.08112742751836777 9142
1782836214808 0.06078236922621727 9143
1782836214810 0.047660551965236664 9144
1782836214811 0.05041319504380226 9145
1782836214813 0.28012219071388245 9146
1782836214815 0.04307269677519798 9147
1782836214817 0.07666944712400436 9148
1782836214818 0.031895413994789124 9149
1782836214820 0.011310040019452572 9150
1782836214822 0.17808972299098969 9151
1782836214824 0.0027608745731413364 9152
1782836214826 0.2938159704208374 9153
1782836214828 0.04654025286436081 9154
1782836214830 0.179562509059906 9155
1782836214832 0.032900191843509674 9156
1782836214834 0.05398587882518768 9157
1782836214836 0.037138067185878754 9158
1782836214837 0.025548206642270088 9159
1782836214839 0.10879013687372208 9160
1782836214841 0.21374276280403137 9161
1782836214843 0.08167418092489243 9162
1782836214845 0.04929197207093239 9163
1782836214846 0.004280444234609604 9164
1782836214848 0.08930101990699768 9165
1782836214850 0.16829577088356018 9166
1782836214852 0.3629242479801178 9167
1782836214854 0.1839408129453659 9168
1782836214855 0.010551637038588524 9169
1782836214857 0.06499842554330826 9170
1782836214859 0.013600094243884087 9171
1782836214861 0.0182719174772501 9172
1782836214862 0.0711580365896225 9173
1782836214863 0.040548235177993774 9174
1782836214865 0.20906008780002594 9175
1782836214867 0.0305292047560215 9176
1782836214869 0.0448087714612484 9177
1782836214871 0.08012673258781433 9178
1782836214873 0.0011927400482818484 9179
1782836214875 0.03311903029680252 9180
1782836214877 0.035764824599027634 9181
1782836214879 0.08091163635253906 9182
1782836214881 0.025655310600996017 9183
1782836214883 0.06852025538682938 9184
1782836214886 0.1214819923043251 9185
1782836214888 0.35113775730133057 9186
1782836214890 0.06868940591812134 9187
1782836214891 0.07465513795614243 9188
1782836214893 0.056634776294231415 9189
1782836214895 0.02501438930630684 9190
1782836214897 0.10701937228441238 9191
1782836214900 0.1966392546892166 9192
1782836214902 0.02523178979754448 9193
1782836214904 0.02594597637653351 9194
1782836214906 0.06600687652826309 9195
1782836214908 0.31948038935661316 9196
1782836214910 0.011059064418077469 9197
1782836214912 0.014585073105990887 9198
1782836214913 0.03469070419669151 9199
1782836214915 0.13559287786483765 9200
1782836214917 0.04492311179637909 9201
1782836214918 0.24564576148986816 9202
1782836214920 0.10684502124786377 9203
1782836214922 0.067276231944561 9204
1782836214924 0.10072945058345795 9205
1782836214926 0.20159365236759186 9206
1782836214927 0.07800722122192383 9207
1782836214929 0.05640829727053642 9208
1782836214931 0.06260817497968674 9209
1782836214932 0.3653254508972168 9210
1782836214934 0.17987005412578583 9211
1782836214936 0.0251854807138443 9212
1782836214938 0.004898508079349995 9213
1782836214940 0.11707159876823425 9214
1782836214942 0.174026221036911 9215
1782836214944 0.028965100646018982 9216
1782836214946 0.024086639285087585 9217
1782836214948 0.03179910406470299 9218
1782836214950 0.09100370109081268 9219
1782836214951 0.05952119827270508 9220
1782836214954 0.0006041134474799037 9221
1782836214955 0.011990956962108612 9222
1782836214957 0.01844482682645321 9223
1782836214959 0.05355915054678917 9224
1782836214961 0.05276879668235779 9225
1782836214962 0.007933102548122406 9226
1782836214964 0.32366999983787537 9227
1782836214965 0.18454547226428986 9228
1782836214967 0.03319794684648514 9229
1782836214969 0.03249043598771095 9230
1782836214971 0.0821443721652031 9231
1782836214972 0.4131028652191162 9232
1782836214974 0.02007031813263893 9233
1782836214976 0.023932045325636864 9234
1782836214978 0.0674496442079544 9235
1782836214979 0.08262255042791367 9236
1782836214981 0.014125162735581398 9237
1782836214983 0.011605096980929375 9238
1782836214984 0.006199235562235117 9239
1782836214986 0.08340484648942947 9240
1782836214988 0.015076424926519394 9241
1782836214990 0.025296837091445923 9242
1782836214991 0.02285582199692726 9243
1782836214993 0.08983643352985382 9244
1782836214995 0.1626189798116684 9245
1782836214997 0.08715348690748215 9246
1782836214999 0.02017875388264656 9247
1782836215000 0.03811478987336159 9248
1782836215002 0.006513342726975679 9249
1782836215004 0.03715558722615242 9250
1782836215006 0.10981494188308716 9251
1782836215008 0.010972673073410988 9252
1782836215010 0.07549037039279938 9253
1782836215012 0.030225373804569244 9254
1782836215014 0.030383095145225525 9255
1782836215016 0.10403801500797272 9256
1782836215018 0.02367648482322693 9257
1782836215020 0.007525063585489988 9258
1782836215021 0.030765019357204437 9259
1782836215023 0.12409277260303497 9260
1782836215024 0.03288361802697182 9261
1782836215026 0.028859511017799377 9262
1782836215028 0.21071885526180267 9263
1782836215031 0.0033806078135967255 9264
1782836215035 0.05881902202963829 9265
1782836215037 0.23238380253314972 9266
1782836215039 0.023626094684004784 9267
1782836215041 0.005128308665007353 9268
1782836215043 0.012234190478920937 9269
1782836215044 0.05527115240693092 9270
1782836215046 0.06754182279109955 9271
1782836215047 0.21920141577720642 9272
1782836215049 0.061455633491277695 9273
1782836215050 0.0491127073764801 9274
1782836215052 0.10231391340494156 9275
1782836215053 0.30689913034439087 9276
1782836215055 0.2582690119743347 9277
1782836215056 0.029043275862932205 9278
1782836215058 0.046971265226602554 9279
1782836215060 0.06850555539131165 9280
1782836215061 0.030923232436180115 9281
1782836215063 0.007323076017200947 9282
1782836215064 0.028744732961058617 9283
1782836215066 0.018908577039837837 9284
1782836215068 0.5340198278427124 9285
1782836215069 0.02386121079325676 9286
1782836215071 0.005896016489714384 9287
1782836215073 0.05765945091843605 9288
1782836215075 0.019552098587155342 9289
1782836215076 0.035644132643938065 9290
1782836215078 0.06758446246385574 9291
1782836215080 0.0013336504343897104 9292
1782836215081 0.18148258328437805 9293
1782836215083 0.01203911192715168 9294
1782836215084 0.009958061389625072 9295
1782836215086 0.16175146400928497 9296
1782836215088 0.08069706708192825 9297
1782836215090 0.051715459674596786 9298
1782836215091 0.003866019658744335 9299
1782836215093 0.16376394033432007 9300
1782836215095 0.013541411608457565 9301
1782836215096 0.0566423162817955 9302
1782836215098 0.010143387131392956 9303
1782836215100 0.012680885381996632 9304
1782836215102 0.0016254264628514647 9305
1782836215103 0.039310671389102936 9306
1782836215105 0.06764690577983856 9307
1782836215106 0.043013639748096466 9308
1782836215108 0.007352294400334358 9309
1782836215110 0.21365459263324738 9310
1782836215111 0.1537976711988449 9311
1782836215114 0.1485198736190796 9312
1782836215115 0.05845584347844124 9313
1782836215117 0.17027781903743744 9314
1782836215118 0.17192530632019043 9315
1782836215120 0.1217968538403511 9316
1782836215122 0.022775497287511826 9317
1782836215123 0.0930737555027008 9318
1782836215125 0.01512983813881874 9319
1782836215127 0.03396333381533623 9320
1782836215130 0.025457514449954033 9321
1782836215132 0.25618770718574524 9322
1782836215134 0.05294172838330269 9323
1782836215136 0.07601862400770187 9324
1782836215139 0.13617505133152008 9325
1782836215141 0.05515681952238083 9326
1782836215144 0.0687478631734848 9327
1782836215146 0.21823251247406006 9328
1782836215149 0.14453132450580597 9329
1782836215151 0.026932165026664734 9330
1782836215153 0.24537645280361176 9331
1782836215155 0.07391340285539627 9332
1782836215157 0.03241274133324623 9333
1782836215159 0.02052164077758789 9334
1782836215161 0.013443812727928162 9335
1782836215163 0.11972041428089142 9336
1782836215165 0.09818211197853088 9337
1782836215166 0.07444798946380615 9338
1782836215168 0.008130626752972603 9339
1782836215169 0.06965220719575882 9340
1782836215171 0.031041892245411873 9341
1782836215172 0.2024722695350647 9342
1782836215173 0.13153140246868134 9343
1782836215175 0.093348927795887 9344
1782836215177 0.022688167169690132 9345
1782836215178 0.016151143237948418 9346
1782836215180 0.05542587861418724 9347
1782836215182 0.12197921425104141 9348
1782836215184 0.03968435898423195 9349
1782836215186 0.10228902846574783 9350
1782836215188 0.011111916974186897 9351
1782836215190 0.45892879366874695 9352
1782836215191 0.03062248043715954 9353
1782836215193 0.20593807101249695 9354
1782836215195 0.14172150194644928 9355
1782836215197 0.043821223080158234 9356
1782836215199 0.009843706153333187 9357
1782836215201 0.1450040191411972 9358
1782836215202 0.16836947202682495 9359
1782836215204 0.010483608581125736 9360
1782836215206 0.026521198451519012 9361
1782836215208 0.05631904676556587 9362
1782836215209 0.05941164121031761 9363
1782836215211 0.12932734191417694 9364
1782836215213 0.08236546069383621 9365
1782836215215 0.08994309604167938 9366
1782836215217 0.03334352374076843 9367
1782836215219 0.061637964099645615 9368
1782836215221 0.066311776638031 9369
1782836215223 0.3086536228656769 9370
1782836215225 0.009793585166335106 9371
1782836215227 0.04134100303053856 9372
1782836215229 0.0805794894695282 9373
1782836215231 0.020961834117770195 9374
