1782815425519 2.292001485824585 0
1782815425522 2.43987774848938 1
1782815425523 2.1417062282562256 2
1782815425525 2.3608174324035645 3
1782815425527 1.9255666732788086 4
1782815425528 1.9675625562667847 5
1782815425530 2.005659818649292 6
1782815425532 1.8278175592422485 7
1782815425533 1.7547293901443481 8
1782815425534 1.5777223110198975 9
1782815425536 1.563062071800232 10
1782815425537 1.5097014904022217 11
1782815425539 1.3299397230148315 12
1782815425540 1.698153018951416 13
1782815425542 1.2565869092941284 14
1782815425544 1.1373215913772583 15
1782815425545 1.2974454164505005 16
1782815425546 0.7917265295982361 17
1782815425548 1.4268519878387451 18
1782815425550 0.643711268901825 19
1782815425551 1.0828285217285156 20
1782815425553 1.0228652954101562 21
1782815425554 0.8196431398391724 22
1782815425556 0.7729339599609375 23
1782815425557 1.0265424251556396 24
1782815425559 0.6723541617393494 25
1782815425560 0.6535153985023499 26
1782815425562 0.7036998271942139 27
1782815425563 0.6959070563316345 28
1782815425564 1.1037254333496094 29
1782815425566 0.7813565731048584 30
1782815425568 0.7742763161659241 31
1782815425569 0.935526967048645 32
1782815425571 0.8380586504936218 33
1782815425572 0.8410351276397705 34
1782815425574 0.9119802117347717 35
1782815425576 0.966026246547699 36
1782815425577 0.7824099659919739 37
1782815425579 0.6780160069465637 38
1782815425580 0.6907534599304199 39
1782815425581 0.750047504901886 40
1782815425583 0.44784438610076904 41
1782815425584 0.6207447052001953 42
1782815425585 0.5901539325714111 43
1782815425587 0.5544759035110474 44
1782815425588 0.4829167425632477 45
1782815425589 0.6618448495864868 46
1782815425591 0.575042724609375 47
1782815425592 0.4187530279159546 48
1782815425594 0.35351264476776123 49
1782815425595 0.3604000210762024 50
1782815425597 0.6351011991500854 51
1782815425598 0.7545906901359558 52
1782815425599 0.33829694986343384 53
1782815425601 0.5906866788864136 54
1782815425602 0.44000837206840515 55
1782815425603 0.34402385354042053 56
1782815425605 0.40176552534103394 57
1782815425606 0.6014376282691956 58
1782815425608 0.5903682708740234 59
1782815425609 0.18929508328437805 60
1782815425611 0.2537834644317627 61
1782815425612 0.4032318592071533 62
1782815425613 0.2772500514984131 63
1782815425615 0.8267298340797424 64
1782815425617 1.0151405334472656 65
1782815425618 0.3645860254764557 66
1782815425619 0.3393877148628235 67
1782815425621 0.497383177280426 68
1782815425622 0.7588686943054199 69
1782815425623 0.5344945192337036 70
1782815425625 0.7468697428703308 71
1782815425626 0.4772038161754608 72
1782815425627 0.7860186696052551 73
1782815425629 1.0151675939559937 74
1782815425630 0.668757975101471 75
1782815425632 0.9196622371673584 76
1782815425633 0.43502020835876465 77
1782815425634 0.4379216730594635 78
1782815425636 0.319764643907547 79
1782815425637 0.41846993565559387 80
1782815425638 1.0596150159835815 81
1782815425640 0.6117074489593506 82
1782815425641 0.5357865691184998 83
1782815425642 0.5627813339233398 84
1782815425644 0.7832205891609192 85
1782815425645 0.26396650075912476 86
1782815425647 0.49561649560928345 87
1782815425648 0.6026737093925476 88
1782815425649 0.3920028805732727 89
1782815425651 0.37295618653297424 90
1782815425652 0.5355186462402344 91
1782815425654 0.5044608116149902 92
1782815425655 0.4327348470687866 93
1782815425656 0.4206221401691437 94
1782815425658 0.2746611535549164 95
1782815425659 0.6306586265563965 96
1782815425660 0.2409704029560089 97
1782815425662 0.3534431457519531 98
1782815425663 0.4885416030883789 99
1782815425664 0.3648758828639984 100
1782815425666 0.45044341683387756 101
1782815425667 0.08749779313802719 102
1782815425669 0.5227987766265869 103
1782815425670 0.37994545698165894 104
1782815425671 0.4707624018192291 105
1782815425673 0.3417772054672241 106
1782815425674 0.23022963106632233 107
1782815425675 0.4596695303916931 108
1782815425677 0.2296396642923355 109
1782815425678 0.5065495371818542 110
1782815425679 0.7607430219650269 111
1782815425681 1.069969654083252 112
1782815425682 0.6360156536102295 113
1782815425684 0.6538849472999573 114
1782815425685 0.6838615536689758 115
1782815425687 0.5040348172187805 116
1782815425688 0.4840696454048157 117
1782815425689 0.6994420289993286 118
1782815425691 0.43261414766311646 119
1782815425692 0.7695173621177673 120
1782815425693 0.5884461402893066 121
1782815425695 0.46938714385032654 122
1782815425696 0.8752151727676392 123
1782815425697 0.8832177519798279 124
1782815425699 0.6251137852668762 125
1782815425700 0.3316592574119568 126
1782815425703 0.606037974357605 127
1782815425704 0.17800205945968628 128
1782815425706 0.6370348930358887 129
1782815425707 0.5367709994316101 130
1782815425709 0.778750479221344 131
1782815425710 0.37796837091445923 132
1782815425711 0.5943447947502136 133
1782815425713 0.26930904388427734 134
1782815425714 0.3246631920337677 135
1782815425716 0.6208510994911194 136
1782815425717 0.22828100621700287 137
1782815425719 0.2541128098964691 138
1782815425720 0.6762380003929138 139
1782815425721 0.4164348244667053 140
1782815425723 0.26745080947875977 141
1782815425724 0.4404661953449249 142
1782815425726 0.3792570233345032 143
1782815425727 0.6986306309700012 144
1782815425729 0.412495493888855 145
1782815425730 0.28960472345352173 146
1782815425731 0.29489654302597046 147
1782815425733 0.13377511501312256 148
1782815425734 0.6586939692497253 149
1782815425735 0.39727431535720825 150
1782815425736 0.07246044278144836 151
1782815425738 0.4256335496902466 152
1782815425739 0.46108609437942505 153
1782815425741 0.37037575244903564 154
1782815425742 0.3248460590839386 155
1782815425743 0.5683473348617554 156
1782815425745 0.7022409439086914 157
1782815425746 0.49221882224082947 158
1782815425747 0.1998618245124817 159
1782815425749 0.5171337127685547 160
1782815425750 0.45770180225372314 161
1782815425751 0.34507545828819275 162
1782815425753 0.33757057785987854 163
1782815425754 0.45266708731651306 164
1782815425755 0.57451993227005 165
1782815425757 0.714090883731842 166
1782815425758 0.629080057144165 167
1782815425759 0.3785460591316223 168
1782815425761 0.34828314185142517 169
1782815425762 0.8991087675094604 170
1782815425764 0.3556612432003021 171
1782815425765 0.5678340792655945 172
1782815425766 0.1817779839038849 173
1782815425768 0.3865868151187897 174
1782815425769 0.2975912392139435 175
1782815425770 0.1675279587507248 176
1782815425772 0.4151313900947571 177
1782815425773 0.38322877883911133 178
1782815425774 0.5683234333992004 179
1782815425776 0.31747159361839294 180
1782815425777 0.6112999320030212 181
1782815425779 0.21967576444149017 182
1782815425780 0.30922016501426697 183
1782815425781 0.6001871228218079 184
1782815425783 0.5441198348999023 185
1782815425784 0.25219854712486267 186
1782815425785 0.3154613971710205 187
1782815425787 0.4572381377220154 188
1782815425788 0.3294806182384491 189
1782815425789 0.3456557095050812 190
1782815425791 0.2781444191932678 191
1782815425792 0.41411730647087097 192
1782815425794 0.10895511507987976 193
1782815425795 0.3226531147956848 194
1782815425796 0.09057632088661194 195
1782815425798 0.46817684173583984 196
1782815425799 0.4333818256855011 197
1782815425800 0.291242778301239 198
1782815425802 0.2719334661960602 199
1782815425803 0.3738005757331848 200
1782815425804 0.7014734745025635 201
1782815425806 0.3339487314224243 202
1782815425807 0.0804547518491745 203
1782815425808 0.30583059787750244 204
1782815425810 0.5933945178985596 205
1782815425811 0.4782615602016449 206
1782815425813 0.27506890892982483 207
1782815425814 0.23991064727306366 208
1782815425815 0.5966836214065552 209
1782815425817 0.7680016160011292 210
1782815425818 0.418628990650177 211
1782815425820 0.3398963212966919 212
1782815425821 0.8528358340263367 213
1782815425822 0.38197454810142517 214
1782815425824 0.38979846239089966 215
1782815425825 0.639613687992096 216
1782815425827 0.1412600576877594 217
1782815425828 0.3157180845737457 218
1782815425829 0.38487330079078674 219
1782815425831 0.6300113797187805 220
1782815425832 0.4778067469596863 221
1782815425833 0.42074936628341675 222
1782815425835 0.48980435729026794 223
1782815425836 0.7550243139266968 224
1782815425837 0.39887017011642456 225
1782815425839 0.3555917739868164 226
1782815425840 0.2057749629020691 227
1782815425842 0.22305640578269958 228
1782815425843 0.27626410126686096 229
1782815425844 0.31784695386886597 230
1782815425846 0.24786604940891266 231
1782815425847 0.36713629961013794 232
1782815425848 0.4136276841163635 233
1782815425850 0.26436591148376465 234
1782815425851 0.2976188659667969 235
1782815425852 0.4846821427345276 236
1782815425854 0.44395941495895386 237
1782815425855 0.2978249788284302 238
1782815425856 0.329958438873291 239
1782815425858 0.4631883502006531 240
1782815425859 0.27764758467674255 241
1782815425861 0.6885280013084412 242
1782815425862 0.6207204461097717 243
1782815425863 0.5643457770347595 244
1782815425865 0.24485720694065094 245
1782815425866 0.4225235879421234 246
1782815425867 0.46572965383529663 247
1782815425869 0.539844274520874 248
1782815425870 0.5161981582641602 249
1782815425872 0.6962135434150696 250
1782815425873 0.608810305595398 251
1782815425874 0.6633307933807373 252
1782815425876 0.2507118880748749 253
1782815425877 0.5728336572647095 254
1782815425878 0.1868378221988678 255
1782815425880 0.4600420296192169 256
1782815425881 0.5659875273704529 257
1782815425883 0.2701314687728882 258
1782815425884 0.21416333317756653 259
1782815425885 0.3960247337818146 260
1782815425887 0.58819580078125 261
1782815425888 0.553653359413147 262
1782815425890 0.2479943186044693 263
1782815425891 0.5253924131393433 264
1782815425893 0.3016151189804077 265
1782815425894 0.30073294043540955 266
1782815425896 0.5266515016555786 267
1782815425897 0.43833279609680176 268
1782815425898 0.4711209535598755 269
1782815425900 0.564468264579773 270
1782815425901 0.2011648267507553 271
1782815425902 0.6420527696609497 272
1782815425904 0.18015781044960022 273
1782815425905 0.4921942353248596 274
1782815425907 0.35099703073501587 275
1782815425908 0.3475598692893982 276
1782815425909 0.2557728886604309 277
1782815425911 0.19365164637565613 278
1782815425912 0.3550017476081848 279
1782815425913 0.660832941532135 280
1782815425915 0.23430481553077698 281
1782815425916 0.25233763456344604 282
1782815425918 0.2690729796886444 283
1782815425919 0.4292905926704407 284
1782815425920 0.4550572633743286 285
1782815425922 0.32740068435668945 286
1782815425923 0.5230525135993958 287
1782815425924 0.16886895895004272 288
1782815425926 0.38141730427742004 289
1782815425927 0.40309154987335205 290
1782815425929 0.2121053785085678 291
1782815425930 0.33545902371406555 292
1782815425931 0.26619431376457214 293
1782815425933 0.3317367136478424 294
1782815425934 0.09768485277891159 295
1782815425935 0.3893148601055145 296
1782815425937 0.5986585021018982 297
1782815425938 0.35042980313301086 298
1782815425940 0.44436877965927124 299
1782815425941 0.34032130241394043 300
1782815425942 0.43533968925476074 301
1782815425944 0.2430010735988617 302
1782815425945 0.35343071818351746 303
1782815425947 0.4215432107448578 304
1782815425948 0.5526294708251953 305
1782815425949 0.718058705329895 306
1782815425951 0.36536461114883423 307
1782815425952 0.23301953077316284 308
1782815425953 0.30925872921943665 309
1782815425955 0.1817816197872162 310
1782815425956 0.5498358011245728 311
1782815425958 0.3772006034851074 312
1782815425959 0.3465237021446228 313
1782815425960 0.5964587926864624 314
1782815425962 0.30904439091682434 315
1782815425963 0.3230981230735779 316
1782815425964 0.23834143579006195 317
1782815425966 0.29886478185653687 318
1782815425967 0.25687313079833984 319
1782815425969 0.4742834270000458 320
1782815425970 0.16042141616344452 321
1782815425971 0.4664836823940277 322
1782815425973 0.6494222283363342 323
1782815425974 0.14216840267181396 324
1782815425975 0.362471342086792 325
1782815425977 0.18304605782032013 326
1782815425978 0.38554316759109497 327
1782815425980 0.19540703296661377 328
1782815425981 0.28420427441596985 329
1782815425982 0.4231294095516205 330
1782815425984 0.4722156226634979 331
1782815425985 0.1400132179260254 332
1782815425986 0.39870142936706543 333
1782815425988 0.5154703855514526 334
1782815425989 0.3579552173614502 335
1782815425991 0.21002523601055145 336
1782815425992 0.3852304220199585 337
1782815425993 0.4785565733909607 338
1782815425995 0.4584923982620239 339
1782815425996 0.39594224095344543 340
1782815425997 0.40868666768074036 341
1782815425999 0.2700626254081726 342
1782815426000 0.2714594006538391 343
1782815426002 0.29365453124046326 344
1782815426003 0.5882955193519592 345
1782815426004 0.1339096873998642 346
1782815426006 0.12458904087543488 347
1782815426007 0.23138339817523956 348
1782815426008 0.2725975215435028 349
1782815426010 0.28458476066589355 350
1782815426011 0.21409617364406586 351
1782815426013 0.24899865686893463 352
1782815426014 0.3597935140132904 353
1782815426015 0.41795405745506287 354
1782815426017 0.19650892913341522 355
1782815426018 0.2033003568649292 356
1782815426020 0.41771215200424194 357
1782815426021 0.2646462917327881 358
1782815426023 0.26545727252960205 359
1782815426024 0.16235515475273132 360
1782815426025 0.13191506266593933 361
1782815426027 0.27112406492233276 362
1782815426028 0.5294663310050964 363
1782815426029 0.2835998833179474 364
1782815426031 0.20220544934272766 365
1782815426032 0.4349449574947357 366
1782815426033 0.7314022779464722 367
1782815426035 0.2820357382297516 368
1782815426036 0.2455989569425583 369
1782815426038 0.24459679424762726 370
1782815426039 0.3838835060596466 371
1782815426040 0.1523597687482834 372
1782815426042 0.21400533616542816 373
1782815426043 0.2676021456718445 374
1782815426044 0.5607530474662781 375
1782815426046 0.3102821707725525 376
1782815426047 0.30663615465164185 377
1782815426049 0.29510822892189026 378
1782815426050 0.3474453389644623 379
1782815426051 0.11082116514444351 380
1782815426053 0.12965257465839386 381
1782815426054 0.44507288932800293 382
1782815426056 0.4633956849575043 383
1782815426057 0.21699072420597076 384
1782815426058 0.29962533712387085 385
1782815426060 0.3967413306236267 386
1782815426061 0.3299981355667114 387
1782815426062 0.21786007285118103 388
1782815426064 0.5719499588012695 389
1782815426065 0.39546674489974976 390
1782815426066 0.3381768763065338 391
1782815426068 0.5129957795143127 392
1782815426069 0.21255774796009064 393
1782815426071 0.38920924067497253 394
1782815426072 0.12361011654138565 395
1782815426073 0.28314539790153503 396
1782815426075 0.26539576053619385 397
1782815426076 0.14453618228435516 398
1782815426078 0.375794380903244 399
1782815426079 0.20999543368816376 400
1782815426080 0.05324297770857811 401
1782815426082 0.13381023705005646 402
1782815426083 0.4613330066204071 403
1782815426084 0.06224079057574272 404
1782815426086 0.36527156829833984 405
1782815426087 0.34124109148979187 406
1782815426089 0.3929536044597626 407
1782815426090 0.1145283430814743 408
1782815426091 0.12862908840179443 409
1782815426093 0.3939823806285858 410
1782815426094 0.4441355764865875 411
1782815426095 0.10471642762422562 412
1782815426097 0.36617377400398254 413
1782815426098 0.36388105154037476 414
1782815426099 0.19319705665111542 415
1782815426101 0.15860924124717712 416
1782815426102 0.17169517278671265 417
1782815426104 0.12872004508972168 418
1782815426105 0.41474249958992004 419
1782815426106 0.15542231500148773 420
1782815426108 0.3798332214355469 421
1782815426109 0.5029968023300171 422
1782815426111 0.16624118387699127 423
1782815426112 0.12600909173488617 424
1782815426113 0.3455876410007477 425
1782815426115 0.1530809998512268 426
1782815426116 0.18334046006202698 427
1782815426117 0.9149168729782104 428
1782815426119 0.3438616394996643 429
1782815426120 0.46652278304100037 430
1782815426122 0.12402275204658508 431
1782815426123 0.2460048496723175 432
1782815426125 0.5553712248802185 433
1782815426126 0.4263589382171631 434
1782815426128 0.10488265007734299 435
1782815426129 0.32617130875587463 436
1782815426131 0.6152399778366089 437
1782815426133 0.04619155824184418 438
1782815426134 0.4453030526638031 439
1782815426136 0.36425361037254333 440
1782815426138 0.36803874373435974 441
1782815426140 0.14412939548492432 442
1782815426142 0.12096287310123444 443
1782815426144 0.2666439116001129 444
1782815426145 0.4382379353046417 445
1782815426147 0.2591872811317444 446
1782815426149 0.27361083030700684 447
1782815426151 0.4989856481552124 448
1782815426153 0.20665068924427032 449
1782815426154 0.1022891253232956 450
1782815426156 0.5025123357772827 451
1782815426157 0.17132867872714996 452
1782815426159 0.3818596303462982 453
1782815426160 0.6860863566398621 454
1782815426162 0.3667418360710144 455
1782815426163 0.21441881358623505 456
1782815426165 0.2251114845275879 457
1782815426166 0.27709445357322693 458
1782815426168 0.3553788959980011 459
1782815426169 0.2912759482860565 460
1782815426171 0.18709786236286163 461
1782815426172 0.09873706102371216 462
1782815426173 0.33182042837142944 463
1782815426175 0.17756839096546173 464
1782815426176 0.07736092805862427 465
1782815426178 0.18271929025650024 466
1782815426179 0.1480637490749359 467
1782815426180 0.35023099184036255 468
1782815426182 0.1739530712366104 469
1782815426183 0.15348312258720398 470
1782815426185 0.19372272491455078 471
1782815426186 0.26890701055526733 472
1782815426187 0.11118002235889435 473
1782815426189 0.04466358944773674 474
1782815426190 0.32521843910217285 475
1782815426192 0.08439893275499344 476
1782815426193 0.08178915828466415 477
1782815426195 0.4134531617164612 478
1782815426196 0.2807421088218689 479
1782815426197 0.19368620216846466 480
1782815426199 0.30181342363357544 481
1782815426200 0.13456688821315765 482
1782815426201 0.3615227937698364 483
1782815426203 0.17909778654575348 484
1782815426204 0.44676104187965393 485
1782815426206 0.13691744208335876 486
1782815426207 0.16314007341861725 487
1782815426208 0.22899660468101501 488
1782815426210 0.1742836833000183 489
1782815426211 0.2242504507303238 490
1782815426213 0.7410826683044434 491
1782815426214 0.448570191860199 492
1782815426216 0.08827177435159683 493
1782815426217 0.06986324489116669 494
1782815426218 0.1447524130344391 495
1782815426220 0.5978935360908508 496
1782815426221 0.4814254939556122 497
1782815426223 0.09043402969837189 498
1782815426224 0.18324586749076843 499
1782815426225 0.262776255607605 500
1782815426227 0.14289744198322296 501
1782815426228 0.08697175234556198 502
1782815426230 0.5113426446914673 503
1782815426231 0.25222545862197876 504
1782815426232 0.4191368818283081 505
1782815426234 0.2616032063961029 506
1782815426235 0.24807140231132507 507
1782815426237 0.3444664478302002 508
1782815426238 0.02928050048649311 509
1782815426239 0.24503487348556519 510
1782815426241 0.29530835151672363 511
1782815426242 0.25532227754592896 512
1782815426243 0.13477139174938202 513
1782815426245 0.1304723620414734 514
1782815426246 0.0788796991109848 515
1782815426248 0.13403181731700897 516
1782815426249 0.35172736644744873 517
1782815426250 0.25082606077194214 518
1782815426252 0.5461958050727844 519
1782815426253 0.4232689440250397 520
1782815426255 0.16903674602508545 521
1782815426256 0.10518820583820343 522
1782815426257 0.10752259194850922 523
1782815426259 0.5036022663116455 524
1782815426260 0.1380230039358139 525
1782815426262 0.21129339933395386 526
1782815426263 0.14558066427707672 527
1782815426264 0.12165702134370804 528
1782815426266 0.3408508598804474 529
1782815426267 0.22678257524967194 530
1782815426269 0.17931078374385834 531
1782815426270 0.28610002994537354 532
1782815426272 0.2342676967382431 533
1782815426273 0.281324177980423 534
1782815426274 0.3355146646499634 535
1782815426276 0.38479799032211304 536
1782815426277 0.15203659236431122 537
1782815426278 0.08465759456157684 538
1782815426280 0.12706932425498962 539
1782815426281 0.19906151294708252 540
1782815426283 0.2962067723274231 541
1782815426284 0.19440430402755737 542
1782815426285 0.39003679156303406 543
1782815426287 0.1624607890844345 544
1782815426288 0.3623897433280945 545
1782815426289 0.3898894786834717 546
1782815426291 0.34583932161331177 547
1782815426292 0.3960492014884949 548
1782815426294 0.16918839514255524 549
1782815426295 0.2808953821659088 550
1782815426296 0.1974889636039734 551
1782815426298 0.1467008888721466 552
1782815426299 0.14572636783123016 553
1782815426301 0.46177956461906433 554
1782815426302 0.2290792614221573 555
1782815426303 0.09475263953208923 556
1782815426305 0.12317252159118652 557
1782815426306 0.20622742176055908 558
1782815426307 0.2987629771232605 559
1782815426309 0.4625333249568939 560
1782815426310 0.286488801240921 561
1782815426312 0.148383229970932 562
1782815426313 0.7511770129203796 563
1782815426314 0.4463481605052948 564
1782815426316 0.43321436643600464 565
1782815426317 0.17860370874404907 566
1782815426318 0.3074828088283539 567
1782815426320 0.6023832559585571 568
1782815426321 0.31958046555519104 569
1782815426323 0.19099992513656616 570
1782815426324 0.1949702799320221 571
1782815426326 0.26942887902259827 572
1782815426327 0.32317328453063965 573
1782815426329 0.2188514918088913 574
1782815426330 0.42425864934921265 575
1782815426331 0.2527562081813812 576
1782815426333 0.1775721162557602 577
1782815426334 0.16157104074954987 578
1782815426335 0.4882935881614685 579
1782815426337 0.3755236864089966 580
1782815426338 0.43757960200309753 581
1782815426340 0.1441100686788559 582
1782815426341 0.22333034873008728 583
1782815426342 0.38427284359931946 584
1782815426344 0.3017510771751404 585
1782815426345 0.2364729791879654 586
1782815426347 0.46916288137435913 587
1782815426348 0.2930745482444763 588
1782815426349 0.4052208960056305 589
1782815426351 0.5404788851737976 590
1782815426352 0.09151481091976166 591
1782815426354 0.6272296905517578 592
1782815426355 0.18879476189613342 593
1782815426356 0.1314578503370285 594
1782815426358 0.15461647510528564 595
1782815426359 0.24411249160766602 596
1782815426361 0.38367870450019836 597
1782815426362 0.29519015550613403 598
1782815426364 0.311512291431427 599
1782815426365 0.12050653249025345 600
1782815426367 0.0801769271492958 601
1782815426368 0.2508561611175537 602
1782815426370 0.2364213764667511 603
1782815426371 0.1572495847940445 604
1782815426372 0.16400620341300964 605
1782815426374 0.1207406222820282 606
1782815426375 0.23498573899269104 607
1782815426376 0.15007731318473816 608
1782815426378 0.07117335498332977 609
1782815426379 0.12312225997447968 610
1782815426381 0.8645936846733093 611
1782815426382 0.2841234505176544 612
1782815426384 0.28005722165107727 613
1782815426385 0.2093150019645691 614
1782815426386 0.35651376843452454 615
1782815426388 0.4098087251186371 616
1782815426389 0.388362318277359 617
1782815426391 0.08544418960809708 618
1782815426392 0.35004112124443054 619
1782815426394 0.09620121866464615 620
1782815426395 0.37678059935569763 621
1782815426397 0.40544643998146057 622
1782815426398 0.26416730880737305 623
1782815426399 0.2099388837814331 624
1782815426401 0.209014892578125 625
1782815426402 0.542561411857605 626
1782815426404 0.5445171594619751 627
1782815426405 0.3630047142505646 628
1782815426407 0.35408926010131836 629
1782815426408 0.07958658039569855 630
1782815426410 0.16868560016155243 631
1782815426411 0.24196580052375793 632
1782815426413 0.299955815076828 633
1782815426414 0.3518221080303192 634
1782815426415 0.09135916084051132 635
1782815426417 0.2173229455947876 636
1782815426418 0.1544070541858673 637
1782815426420 0.22899608314037323 638
1782815426421 0.38267040252685547 639
1782815426423 0.18733397126197815 640
1782815426424 0.3464566171169281 641
1782815426426 0.11371049284934998 642
1782815426427 0.32141250371932983 643
1782815426429 0.1857120394706726 644
1782815426430 0.3535366356372833 645
1782815426432 0.12540031969547272 646
1782815426433 0.3928132951259613 647
1782815426435 0.19389058649539948 648
1782815426436 0.2885282039642334 649
1782815426438 0.056521881371736526 650
1782815426439 0.21252255141735077 651
1782815426440 0.4325500726699829 652
1782815426442 0.16635902225971222 653
1782815426443 0.09470629692077637 654
1782815426445 0.3165898323059082 655
1782815426446 0.15150666236877441 656
1782815426448 0.19020754098892212 657
1782815426449 0.2558630108833313 658
1782815426451 0.10482330620288849 659
1782815426452 0.20615914463996887 660
1782815426454 0.6561620831489563 661
1782815426455 0.258076548576355 662
1782815426456 0.33775144815444946 663
1782815426458 0.2512926757335663 664
1782815426459 0.2655750811100006 665
1782815426461 0.08978667855262756 666
1782815426462 0.21463115513324738 667
1782815426464 0.2104489654302597 668
1782815426465 0.05445132404565811 669
1782815426467 0.2433951497077942 670
1782815426468 0.260579377412796 671
1782815426470 0.22993412613868713 672
1782815426471 0.6582731008529663 673
1782815426472 0.09257356077432632 674
1782815426474 0.2826402485370636 675
1782815426475 0.0727836936712265 676
1782815426477 0.21395248174667358 677
1782815426478 0.3342015743255615 678
1782815426480 0.30688440799713135 679
1782815426481 0.13783271610736847 680
1782815426483 0.3876003623008728 681
1782815426484 0.26929283142089844 682
1782815426486 0.34927287697792053 683
1782815426487 0.26587650179862976 684
1782815426489 0.13137724995613098 685
1782815426490 0.5208824276924133 686
1782815426491 0.24884329736232758 687
1782815426493 0.09832674264907837 688
1782815426494 0.1238035187125206 689
1782815426496 0.29406553506851196 690
1782815426497 0.10112389177083969 691
1782815426499 0.1841944456100464 692
1782815426500 0.3117816150188446 693
1782815426502 0.22747918963432312 694
1782815426503 0.4038524031639099 695
1782815426505 0.04988199472427368 696
1782815426506 0.0876598134636879 697
1782815426508 0.46844667196273804 698
1782815426509 0.2906791567802429 699
1782815426511 0.09995918720960617 700
1782815426512 0.239658385515213 701
1782815426513 0.2836882472038269 702
1782815426515 0.16332274675369263 703
1782815426516 0.028978686779737473 704
1782815426518 0.30480360984802246 705
1782815426519 0.1529727727174759 706
1782815426521 0.2718621790409088 707
1782815426523 0.27674269676208496 708
1782815426524 0.47370919585227966 709
1782815426525 0.22815567255020142 710
1782815426527 0.07142523676156998 711
1782815426528 0.133057102560997 712
1782815426530 0.39676615595817566 713
1782815426531 0.4217379689216614 714
1782815426533 0.3281714618206024 715
1782815426534 0.27602770924568176 716
1782815426536 0.07913506776094437 717
1782815426537 0.06157039850950241 718
1782815426539 0.09445047378540039 719
1782815426540 0.14218631386756897 720
1782815426542 0.26733192801475525 721
1782815426543 0.22560742497444153 722
1782815426545 0.16633524000644684 723
1782815426546 0.2614418864250183 724
1782815426548 0.11662013828754425 725
1782815426549 0.13772757351398468 726
1782815426551 0.26365333795547485 727
1782815426552 0.2952836751937866 728
1782815426554 0.23159381747245789 729
1782815426555 0.34737491607666016 730
1782815426557 0.1736547201871872 731
1782815426558 0.23072028160095215 732
1782815426560 0.167001873254776 733
1782815426561 0.28502440452575684 734
1782815426562 0.37164241075515747 735
1782815426564 0.2741147577762604 736
1782815426565 0.3415732979774475 737
1782815426569 0.2839270830154419 738
1782815426570 0.08427361398935318 739
1782815426571 0.14269191026687622 740
1782815426573 0.24409723281860352 741
1782815426574 0.31508833169937134 742
1782815426576 0.4691230356693268 743
1782815426577 0.27289289236068726 744
1782815426579 0.1061948761343956 745
1782815426580 0.4775031805038452 746
1782815426582 0.11231555789709091 747
1782815426583 0.24242958426475525 748
1782815426585 0.26745542883872986 749
1782815426586 0.31643256545066833 750
1782815426588 0.1447432041168213 751
1782815426589 0.30632370710372925 752
1782815426591 0.18399223685264587 753
1782815426592 0.12552382051944733 754
1782815426594 0.07761625200510025 755
1782815426595 0.47695544362068176 756
1782815426597 0.14948569238185883 757
1782815426598 0.2545803487300873 758
1782815426600 0.2826001048088074 759
1782815426601 0.13079535961151123 760
1782815426603 0.7172302603721619 761
1782815426604 0.3025026023387909 762
1782815426605 0.10463251173496246 763
1782815426607 0.2200777530670166 764
1782815426608 0.525019109249115 765
1782815426610 0.34836065769195557 766
1782815426611 0.4769459366798401 767
1782815426613 0.2759178876876831 768
1782815426614 0.5425675511360168 769
1782815426616 0.1372714638710022 770
1782815426617 0.2445404976606369 771
1782815426619 0.11641671508550644 772
1782815426620 0.34065425395965576 773
1782815426622 0.34978485107421875 774
1782815426623 0.2331441342830658 775
1782815426625 0.3381578326225281 776
1782815426626 0.1535647064447403 777
1782815426628 0.27504751086235046 778
1782815426629 0.18731893599033356 779
1782815426631 0.17613880336284637 780
1782815426632 0.12611958384513855 781
1782815426633 0.07088712602853775 782
1782815426635 0.4468527138233185 783
1782815426636 0.197309210896492 784
1782815426638 0.11762048304080963 785
1782815426639 0.2793538272380829 786
1782815426641 0.1585233509540558 787
1782815426642 0.13362443447113037 788
1782815426644 0.09298688173294067 789
1782815426645 0.15040959417819977 790
1782815426647 0.4750795066356659 791
1782815426648 0.2895229160785675 792
1782815426650 0.16716866195201874 793
1782815426651 0.250061959028244 794
1782815426652 0.060161691159009933 795
1782815426654 0.32030653953552246 796
1782815426655 0.10371988266706467 797
1782815426657 0.16001354157924652 798
1782815426658 0.32735469937324524 799
1782815426660 0.03870116174221039 800
1782815426661 0.06651195883750916 801
1782815426663 0.24058161675930023 802
1782815426664 0.3410884141921997 803
1782815426666 0.10271640121936798 804
1782815426667 0.18450453877449036 805
1782815426669 0.6251798868179321 806
1782815426670 0.15635474026203156 807
1782815426672 0.256908655166626 808
1782815426673 0.29100531339645386 809
1782815426674 0.4692821204662323 810
1782815426676 0.07801257818937302 811
1782815426677 0.0878944918513298 812
1782815426678 0.1265062838792801 813
1782815426680 0.14534156024456024 814
1782815426682 0.08888094127178192 815
1782815426685 0.18083122372627258 816
1782815426686 0.232863649725914 817
1782815426688 0.2543342411518097 818
1782815426689 0.26316460967063904 819
1782815426691 0.4930822253227234 820
1782815426692 0.11194100230932236 821
1782815426694 0.01743117719888687 822
1782815426695 0.6347517967224121 823
1782815426696 0.06699298322200775 824
1782815426698 0.15560178458690643 825
1782815426699 0.39211905002593994 826
1782815426700 0.5388118028640747 827
1782815426702 0.12790608406066895 828
1782815426703 0.3629380762577057 829
1782815426705 0.18605777621269226 830
1782815426706 0.10317102819681168 831
1782815426707 0.36011266708374023 832
1782815426709 0.23544684052467346 833
1782815426710 0.15592046082019806 834
1782815426711 0.3257131576538086 835
1782815426713 0.5263985395431519 836
1782815426714 0.2693120241165161 837
1782815426715 0.2634817063808441 838
1782815426717 0.19974017143249512 839
1782815426718 0.10014057904481888 840
1782815426720 0.32386314868927 841
1782815426721 0.0649968832731247 842
1782815426722 0.054485853761434555 843
1782815426724 0.10538278520107269 844
1782815426725 0.054259516298770905 845
1782815426726 0.01592893898487091 846
1782815426728 0.2036460041999817 847
1782815426729 0.13365322351455688 848
1782815426730 0.26626884937286377 849
1782815426732 0.40591031312942505 850
1782815426733 0.3151368796825409 851
1782815426735 0.3714119791984558 852
1782815426736 0.18419919908046722 853
1782815426737 0.1952623426914215 854
1782815426739 0.22142329812049866 855
1782815426740 0.8780279159545898 856
1782815426741 0.2945365607738495 857
1782815426743 0.4122191369533539 858
1782815426744 0.17054346203804016 859
1782815426745 0.10682336241006851 860
1782815426747 0.2604205310344696 861
1782815426748 0.22304871678352356 862
1782815426749 0.2806618809700012 863
1782815426751 0.19438154995441437 864
1782815426752 0.09873174875974655 865
1782815426754 0.28614068031311035 866
1782815426755 0.41059333086013794 867
1782815426756 0.09904719144105911 868
1782815426758 0.22097253799438477 869
1782815426759 0.2469458431005478 870
1782815426760 0.3975730538368225 871
1782815426762 0.037346288561820984 872
1782815426763 0.08073616772890091 873
1782815426764 0.19145797193050385 874
1782815426766 0.1834903210401535 875
1782815426767 0.5195392966270447 876
1782815426769 0.15349268913269043 877
1782815426770 0.30154848098754883 878
1782815426771 0.25219693779945374 879
1782815426773 0.08352196961641312 880
1782815426774 0.47478657960891724 881
1782815426776 0.07429338991641998 882
1782815426777 0.4016006588935852 883
1782815426778 0.34880781173706055 884
1782815426780 0.2373465746641159 885
1782815426781 0.07563940435647964 886
1782815426783 0.478237509727478 887
1782815426784 0.31784453988075256 888
1782815426785 0.4216277599334717 889
1782815426787 0.3883304297924042 890
1782815426788 0.5580721497535706 891
1782815426790 0.025815725326538086 892
1782815426791 0.4675675332546234 893
1782815426792 0.28347572684288025 894
1782815426794 0.11390827596187592 895
1782815426795 0.506416916847229 896
1782815426797 0.18572577834129333 897
1782815426798 0.09969694912433624 898
1782815426800 0.6584516763687134 899
1782815426801 0.07334444671869278 900
1782815426802 0.13568386435508728 901
1782815426804 0.2679153084754944 902
1782815426805 0.48224949836730957 903
1782815426807 0.3689306080341339 904
1782815426808 0.1461232751607895 905
1782815426809 0.37577927112579346 906
1782815426811 0.17011049389839172 907
1782815426812 0.2336507886648178 908
1782815426814 0.1190461590886116 909
1782815426815 0.1515936702489853 910
1782815426816 0.1844111979007721 911
1782815426818 0.3006092607975006 912
1782815426819 0.1609189361333847 913
1782815426821 0.10601162910461426 914
1782815426822 0.19731098413467407 915
1782815426823 0.1619945913553238 916
1782815426825 0.05941007286310196 917
1782815426826 0.08566172420978546 918
1782815426828 0.132064089179039 919
1782815426829 0.12257540971040726 920
1782815426830 0.13571274280548096 921
1782815426832 0.2782866954803467 922
1782815426833 0.20356783270835876 923
1782815426834 0.11195194721221924 924
1782815426836 0.2019156813621521 925
1782815426837 0.27539709210395813 926
1782815426838 0.28514909744262695 927
1782815426840 0.5539903044700623 928
1782815426841 0.1593681424856186 929
1782815426843 0.21020403504371643 930
1782815426844 0.16249309480190277 931
1782815426846 0.2662103474140167 932
1782815426847 0.4920479953289032 933
1782815426848 0.31236129999160767 934
1782815426850 0.08738081157207489 935
1782815426851 0.21695049107074738 936
1782815426852 0.4147324860095978 937
1782815426854 0.31393277645111084 938
1782815426855 0.09821866452693939 939
1782815426857 0.28997984528541565 940
1782815426858 0.14342164993286133 941
1782815426859 0.24374739825725555 942
1782815426861 0.17739950120449066 943
1782815426862 0.3968336582183838 944
1782815426864 0.11064103990793228 945
1782815426865 0.1285742223262787 946
1782815426867 0.34624460339546204 947
1782815426868 0.9150673151016235 948
1782815426869 0.030602185055613518 949
1782815426871 0.2532804608345032 950
1782815426872 0.3224157392978668 951
1782815426874 0.29347002506256104 952
1782815426875 0.11580801010131836 953
1782815426876 0.07637763768434525 954
1782815426878 0.7196028232574463 955
1782815426879 0.2672956585884094 956
1782815426880 0.307912141084671 957
1782815426882 0.20313027501106262 958
1782815426883 0.20028305053710938 959
1782815426885 0.0705462172627449 960
1782815426886 0.1558319628238678 961
1782815426887 0.09486375004053116 962
1782815426889 0.17935986816883087 963
1782815426890 0.06263941526412964 964
1782815426892 0.1701381951570511 965
1782815426893 0.2123441994190216 966
1782815426894 0.26738080382347107 967
1782815426896 0.41380634903907776 968
1782815426897 0.10888419300317764 969
1782815426899 0.1265905648469925 970
1782815426900 0.15907639265060425 971
1782815426901 0.26275017857551575 972
1782815426903 0.16765333712100983 973
1782815426904 0.09836144745349884 974
1782815426906 0.08882708102464676 975
1782815426907 0.08478175848722458 976
1782815426908 0.060396708548069 977
1782815426910 0.13647069036960602 978
1782815426911 0.07064314931631088 979
1782815426912 0.11897097527980804 980
1782815426915 0.22909212112426758 981
1782815426916 0.2198971062898636 982
1782815426917 0.17583315074443817 983
1782815426919 0.16602285206317902 984
1782815426920 0.4377351701259613 985
1782815426922 0.15965746343135834 986
1782815426923 0.24234654009342194 987
1782815426924 0.2196200042963028 988
1782815426926 0.10845576226711273 989
1782815426927 0.09575837105512619 990
1782815426929 0.23715384304523468 991
1782815426930 0.20907527208328247 992
1782815426931 0.470289945602417 993
1782815426933 0.06799612194299698 994
1782815426934 0.21207983791828156 995
1782815426935 0.09045804291963577 996
1782815426937 0.1765744984149933 997
1782815426938 0.6554679274559021 998
1782815426940 0.36273741722106934 999
1782815426941 0.08563712984323502 1000
1782815426943 0.12737086415290833 1001
1782815426944 0.7563539147377014 1002
1782815426946 0.1334734708070755 1003
1782815426947 0.14330816268920898 1004
1782815426948 0.1218317300081253 1005
1782815426950 0.32408228516578674 1006
1782815426951 0.1517685055732727 1007
1782815426952 0.4797406494617462 1008
1782815426954 0.1505725383758545 1009
1782815426955 0.2583011984825134 1010
1782815426957 0.1827847808599472 1011
1782815426958 0.35074591636657715 1012
1782815426959 0.42963364720344543 1013
1782815426961 0.39710289239883423 1014
1782815426962 0.09309115260839462 1015
1782815426963 0.053656354546546936 1016
1782815426965 0.1766418069601059 1017
1782815426966 0.1553940325975418 1018
1782815426968 0.2013133019208908 1019
1782815426969 0.2595200836658478 1020
1782815426970 0.13465633988380432 1021
1782815426972 0.12810763716697693 1022
1782815426973 0.21225935220718384 1023
1782815426974 0.08840930461883545 1024
1782815426976 0.16515301167964935 1025
1782815426977 0.07393831759691238 1026
1782815426979 0.38451558351516724 1027
1782815426980 0.16873200237751007 1028
1782815426981 0.2183006852865219 1029
1782815426983 0.10275750607252121 1030
1782815426984 0.12690770626068115 1031
1782815426986 0.20690199732780457 1032
1782815426987 0.13624337315559387 1033
1782815426988 0.1445082128047943 1034
1782815426990 0.3619421422481537 1035
1782815426991 0.12607109546661377 1036
1782815426992 0.29335248470306396 1037
1782815426994 0.33810678124427795 1038
1782815426995 0.1463186889886856 1039
1782815426997 0.15559063851833344 1040
1782815426998 0.09871089458465576 1041
1782815426999 0.046661462634801865 1042
1782815427001 0.3251318335533142 1043
1782815427002 0.15119396150112152 1044
1782815427004 0.2749462127685547 1045
1782815427005 0.11544335633516312 1046
1782815427007 0.1343146711587906 1047
1782815427008 0.05339706689119339 1048
1782815427009 0.1433451771736145 1049
1782815427011 0.1881285458803177 1050
1782815427012 0.3117985129356384 1051
1782815427013 0.3236471116542816 1052
1782815427015 0.4473741948604584 1053
1782815427016 0.12090557813644409 1054
1782815427018 0.19471704959869385 1055
1782815427019 0.1342921108007431 1056
1782815427020 0.08815192431211472 1057
1782815427022 0.2072688490152359 1058
1782815427023 0.26915857195854187 1059
1782815427025 0.20303960144519806 1060
1782815427026 0.3346256911754608 1061
1782815427027 0.18290948867797852 1062
1782815427029 0.2640463411808014 1063
1782815427030 0.1668311357498169 1064
1782815427032 0.16829901933670044 1065
1782815427033 0.06590652465820312 1066
1782815427034 0.023737916722893715 1067
1782815427036 0.20238183438777924 1068
1782815427038 0.07870084792375565 1069
1782815427039 0.3282025456428528 1070
1782815427041 0.5570072531700134 1071
1782815427042 0.26924413442611694 1072
1782815427043 0.13281014561653137 1073
1782815427045 0.4240473210811615 1074
1782815427046 0.14428262412548065 1075
1782815427047 0.20582042634487152 1076
1782815427049 0.048086926341056824 1077
1782815427050 0.07935862243175507 1078
1782815427051 0.2993397116661072 1079
1782815427053 0.49660807847976685 1080
1782815427054 0.1541706919670105 1081
1782815427056 0.07858122885227203 1082
1782815427057 0.2075835019350052 1083
1782815427058 0.11158058792352676 1084
1782815427060 0.32901445031166077 1085
1782815427061 0.375469833612442 1086
1782815427063 0.4877762198448181 1087
1782815427064 0.159723699092865 1088
1782815427065 0.7013581395149231 1089
1782815427067 0.39711177349090576 1090
1782815427068 0.09100496768951416 1091
1782815427069 0.1820262223482132 1092
1782815427071 0.1922329217195511 1093
1782815427072 0.1861668974161148 1094
1782815427073 0.0927748754620552 1095
1782815427075 0.2141474336385727 1096
1782815427076 0.28038865327835083 1097
1782815427078 0.3496949076652527 1098
1782815427079 0.1881905198097229 1099
1782815427080 0.27329519391059875 1100
1782815427082 0.0831223800778389 1101
1782815427083 0.6536902785301208 1102
1782815427085 0.203799769282341 1103
1782815427086 0.44777563214302063 1104
1782815427087 0.16095472872257233 1105
1782815427089 0.07482191920280457 1106
1782815427090 0.31240424513816833 1107
1782815427092 0.41542133688926697 1108
1782815427093 0.41201239824295044 1109
1782815427095 0.2153555005788803 1110
1782815427096 0.36818861961364746 1111
1782815427097 0.06667529791593552 1112
1782815427099 0.5945066213607788 1113
1782815427100 0.49807485938072205 1114
1782815427102 0.4403442144393921 1115
1782815427103 0.12050675600767136 1116
1782815427105 0.22866877913475037 1117
1782815427106 0.14317861199378967 1118
1782815427107 0.2817003130912781 1119
1782815427109 0.38907912373542786 1120
1782815427110 0.359540194272995 1121
1782815427112 0.22691601514816284 1122
1782815427113 0.2814940810203552 1123
1782815427114 0.07330318540334702 1124
1782815427116 0.10653569549322128 1125
1782815427117 0.4026569128036499 1126
1782815427119 0.3137836456298828 1127
1782815427120 0.0571424700319767 1128
1782815427121 0.2457117885351181 1129
1782815427123 0.1588621735572815 1130
1782815427124 0.20766915380954742 1131
1782815427126 0.10296280682086945 1132
1782815427127 0.31329095363616943 1133
1782815427128 0.06244955584406853 1134
1782815427130 0.047141458839178085 1135
1782815427131 0.5228909254074097 1136
1782815427132 0.14230714738368988 1137
1782815427134 0.30774053931236267 1138
1782815427135 0.23999108374118805 1139
1782815427136 0.08159961551427841 1140
1782815427138 0.14655357599258423 1141
1782815427139 0.1930219978094101 1142
1782815427140 0.3488236367702484 1143
1782815427142 0.17303285002708435 1144
1782815427143 0.1103815883398056 1145
1782815427145 0.19624145328998566 1146
1782815427146 0.21107201278209686 1147
1782815427147 0.4042324423789978 1148
1782815427149 0.2711361050605774 1149
1782815427150 0.26610973477363586 1150
1782815427151 0.12403443455696106 1151
1782815427153 0.16309145092964172 1152
1782815427154 0.08984924852848053 1153
1782815427156 0.04587942361831665 1154
1782815427157 0.01831822283565998 1155
1782815427158 0.29816731810569763 1156
1782815427160 0.14466682076454163 1157
1782815427161 0.09446584433317184 1158
1782815427162 0.0641649141907692 1159
1782815427164 0.06064148619771004 1160
1782815427165 0.350748747587204 1161
1782815427167 0.34846773743629456 1162
1782815427168 0.19482871890068054 1163
1782815427169 0.23995113372802734 1164
1782815427171 0.1941332072019577 1165
1782815427172 0.10485771298408508 1166
1782815427174 0.07328544557094574 1167
1782815427175 0.2836665213108063 1168
1782815427176 0.37969863414764404 1169
1782815427178 0.1318301111459732 1170
1782815427179 0.2603922188282013 1171
1782815427180 0.06294945627450943 1172
1782815427182 0.19589479267597198 1173
1782815427183 0.03216617554426193 1174
1782815427185 0.1407777965068817 1175
1782815427186 0.18440279364585876 1176
1782815427187 0.2190561145544052 1177
1782815427189 0.15005147457122803 1178
1782815427190 0.1015777736902237 1179
1782815427192 0.14564380049705505 1180
1782815427193 0.12673300504684448 1181
1782815427194 0.046716902405023575 1182
1782815427196 0.2550165355205536 1183
1782815427197 0.1937435120344162 1184
1782815427198 0.2237524688243866 1185
1782815427200 0.20488381385803223 1186
1782815427201 0.278272807598114 1187
1782815427202 0.41558539867401123 1188
1782815427204 0.10630207508802414 1189
1782815427205 0.08720090985298157 1190
1782815427206 0.3602975010871887 1191
1782815427208 0.5426725149154663 1192
1782815427209 0.14605775475502014 1193
1782815427211 0.2764732241630554 1194
1782815427212 0.2727867364883423 1195
1782815427213 0.17867009341716766 1196
1782815427215 0.3948078155517578 1197
1782815427216 0.09083688259124756 1198
1782815427217 0.14165960252285004 1199
1782815427219 0.08981259912252426 1200
1782815427220 0.23977883160114288 1201
1782815427221 0.1994452029466629 1202
1782815427223 0.110814668238163 1203
1782815427224 0.020346397534012794 1204
1782815427226 0.22563818097114563 1205
1782815427227 0.11428889632225037 1206
1782815427228 0.10012145340442657 1207
1782815427230 0.04749685153365135 1208
1782815427231 0.23478387296199799 1209
1782815427232 0.21032677590847015 1210
1782815427234 0.20483757555484772 1211
1782815427235 0.30087509751319885 1212
1782815427237 0.18162433803081512 1213
1782815427238 0.21142318844795227 1214
1782815427239 0.2829517424106598 1215
1782815427241 0.023461520671844482 1216
1782815427242 0.06901917606592178 1217
1782815427243 0.007152763660997152 1218
1782815427245 0.5803573727607727 1219
1782815427246 0.238529771566391 1220
1782815427248 0.047063205391168594 1221
1782815427249 0.239446222782135 1222
1782815427250 0.25503695011138916 1223
1782815427252 0.5574014186859131 1224
1782815427253 0.20151343941688538 1225
1782815427254 0.2000250369310379 1226
1782815427256 0.07373496145009995 1227
1782815427257 0.18068952858448029 1228
1782815427259 0.4397784471511841 1229
1782815427260 0.1542104035615921 1230
1782815427261 0.07032765448093414 1231
1782815427263 0.0851663276553154 1232
1782815427266 0.1152871698141098 1233
1782815427268 0.21722650527954102 1234
1782815427270 0.05092655122280121 1235
1782815427271 0.2928338944911957 1236
1782815427274 0.24883846938610077 1237
1782815427276 0.39358359575271606 1238
1782815427278 0.18935813009738922 1239
1782815427280 0.3652036190032959 1240
1782815427282 0.18216244876384735 1241
1782815427283 0.07602889835834503 1242
1782815427285 0.08384380489587784 1243
1782815427287 0.21192069351673126 1244
1782815427288 0.14369766414165497 1245
1782815427290 0.0421607606112957 1246
1782815427292 0.1888992190361023 1247
1782815427293 0.059600189328193665 1248
1782815427295 0.17559213936328888 1249
1782815427297 0.10672341287136078 1250
1782815427298 0.19210465252399445 1251
1782815427299 0.2586153447628021 1252
1782815427301 0.20264948904514313 1253
1782815427303 0.3209141194820404 1254
1782815427304 0.436188668012619 1255
1782815427306 0.2743667960166931 1256
1782815427307 0.10041510313749313 1257
1782815427309 0.14945575594902039 1258
1782815427310 0.15402469038963318 1259
1782815427312 0.21649961173534393 1260
1782815427313 0.45396506786346436 1261
1782815427315 0.023761479184031487 1262
1782815427317 0.16336588561534882 1263
1782815427318 0.5334346294403076 1264
1782815427320 0.21445554494857788 1265
1782815427321 0.03694595396518707 1266
1782815427323 0.11938592046499252 1267
1782815427324 0.2686087191104889 1268
1782815427326 0.10829615592956543 1269
1782815427327 0.14745350182056427 1270
1782815427328 0.11922205984592438 1271
1782815427330 0.2770388126373291 1272
1782815427331 0.0313684418797493 1273
1782815427333 0.115703284740448 1274
1782815427334 0.5829647779464722 1275
1782815427336 0.2243991196155548 1276
1782815427337 0.07201091200113297 1277
1782815427339 0.17650854587554932 1278
1782815427340 0.3707579970359802 1279
1782815427341 0.1263091266155243 1280
1782815427343 0.30800172686576843 1281
1782815427344 0.10714469850063324 1282
1782815427346 0.13499826192855835 1283
1782815427347 0.3202785849571228 1284
1782815427348 0.1263260841369629 1285
1782815427350 0.06645054370164871 1286
1782815427351 0.27899235486984253 1287
1782815427353 0.42109420895576477 1288
1782815427354 0.1563260555267334 1289
1782815427355 0.32962918281555176 1290
1782815427357 0.10214605927467346 1291
1782815427358 0.12947595119476318 1292
1782815427360 0.1082879900932312 1293
1782815427361 0.4285634160041809 1294
1782815427363 0.21816492080688477 1295
1782815427364 0.25677645206451416 1296
1782815427365 0.09005068242549896 1297
1782815427367 0.16197112202644348 1298
1782815427368 0.13674511015415192 1299
1782815427370 0.09726375341415405 1300
1782815427371 0.15243570506572723 1301
1782815427372 0.13288427889347076 1302
1782815427374 0.1738290935754776 1303
1782815427375 0.11787554621696472 1304
1782815427377 0.2244386076927185 1305
1782815427378 0.1676453948020935 1306
1782815427379 0.06111240014433861 1307
1782815427381 0.260865718126297 1308
1782815427383 0.23488561809062958 1309
1782815427384 0.15178559720516205 1310
1782815427386 0.16647234559059143 1311
1782815427387 0.4039921164512634 1312
1782815427388 0.4013177454471588 1313
1782815427390 0.3403181731700897 1314
1782815427391 0.005816739052534103 1315
1782815427393 0.35847824811935425 1316
1782815427394 0.2048281878232956 1317
1782815427396 0.13270583748817444 1318
1782815427397 0.1928112804889679 1319
1782815427398 0.1833081841468811 1320
1782815427400 0.21751394867897034 1321
1782815427401 0.18514062464237213 1322
1782815427402 0.08332370221614838 1323
1782815427404 0.428875207901001 1324
1782815427405 0.16787083446979523 1325
1782815427407 0.054416805505752563 1326
1782815427408 0.37495553493499756 1327
1782815427409 0.4074564278125763 1328
1782815427411 0.1183282881975174 1329
1782815427412 0.1413770616054535 1330
1782815427414 0.1143379732966423 1331
1782815427415 0.20983783900737762 1332
1782815427416 0.03806200623512268 1333
1782815427418 0.2505760192871094 1334
1782815427419 0.29011043906211853 1335
1782815427421 0.1135680228471756 1336
1782815427422 0.2981206178665161 1337
1782815427424 0.12771086394786835 1338
1782815427425 0.2632061243057251 1339
1782815427427 0.12378651648759842 1340
1782815427429 0.33192354440689087 1341
1782815427430 0.1897897571325302 1342
1782815427432 0.10113269835710526 1343
1782815427434 0.4303975999355316 1344
1782815427435 0.15536250174045563 1345
1782815427437 0.21750915050506592 1346
1782815427439 0.2233499139547348 1347
1782815427440 0.2218608409166336 1348
1782815427442 0.1603722721338272 1349
1782815427444 0.10512419044971466 1350
1782815427445 0.3061548173427582 1351
1782815427446 0.18376582860946655 1352
1782815427448 0.03320522606372833 1353
1782815427449 0.21201279759407043 1354
1782815427451 0.3684358596801758 1355
1782815427452 0.14114533364772797 1356
1782815427453 0.19645312428474426 1357
1782815427455 0.13379870355129242 1358
1782815427456 0.06915990263223648 1359
1782815427458 0.2882649898529053 1360
1782815427459 0.2354857325553894 1361
1782815427460 0.10413368791341782 1362
1782815427462 0.15376409888267517 1363
1782815427463 0.22938081622123718 1364
1782815427465 0.15061190724372864 1365
1782815427466 0.05713669955730438 1366
1782815427467 0.06740544736385345 1367
1782815427469 0.18632148206233978 1368
1782815427470 0.08744379878044128 1369
1782815427472 0.0451948344707489 1370
1782815427473 0.047808095812797546 1371
1782815427474 0.21840183436870575 1372
1782815427476 0.17477069795131683 1373
1782815427477 0.11570533365011215 1374
1782815427478 0.19204778969287872 1375
1782815427480 0.31518813967704773 1376
1782815427481 0.21497102081775665 1377
1782815427483 0.12755654752254486 1378
1782815427484 0.12305539101362228 1379
1782815427485 0.12457367032766342 1380
1782815427487 0.14234918355941772 1381
1782815427488 0.23986411094665527 1382
1782815427489 0.030309027060866356 1383
1782815427491 0.2829417586326599 1384
1782815427492 0.025117002427577972 1385
1782815427494 0.030769508332014084 1386
1782815427495 0.07572531700134277 1387
1782815427496 0.07610876113176346 1388
1782815427498 0.09694067388772964 1389
1782815427499 0.3588859438896179 1390
1782815427500 0.13070343434810638 1391
1782815427502 0.17784924805164337 1392
1782815427503 0.09969178587198257 1393
1782815427505 0.15995661914348602 1394
1782815427506 0.37966692447662354 1395
1782815427507 0.16778628528118134 1396
1782815427509 0.1955835521221161 1397
1782815427510 0.20286637544631958 1398
1782815427512 0.3154250979423523 1399
1782815427513 0.13466742634773254 1400
1782815427514 0.3799898326396942 1401
1782815427516 0.1398811787366867 1402
1782815427517 0.10245717316865921 1403
1782815427519 0.22776687145233154 1404
1782815427520 0.11239910125732422 1405
1782815427521 0.28079476952552795 1406
1782815427523 0.12344164401292801 1407
1782815427524 0.1359400600194931 1408
1782815427526 0.056116148829460144 1409
1782815427527 0.3023609220981598 1410
1782815427529 0.09488852322101593 1411
1782815427530 0.10975605249404907 1412
1782815427531 0.05386147275567055 1413
1782815427533 0.1387915313243866 1414
1782815427534 0.5401272177696228 1415
1782815427536 0.21408414840698242 1416
1782815427537 0.049323670566082 1417
1782815427538 0.45792722702026367 1418
1782815427540 0.0724271610379219 1419
1782815427541 0.1320609301328659 1420
1782815427543 0.19347535073757172 1421
1782815427544 0.4778355658054352 1422
1782815427545 0.43887466192245483 1423
1782815427547 0.05399267002940178 1424
1782815427548 0.249250128865242 1425
1782815427549 0.1190873384475708 1426
1782815427551 0.03240856155753136 1427
1782815427552 0.18649166822433472 1428
1782815427554 0.5153163075447083 1429
1782815427555 0.13484786450862885 1430
1782815427556 0.4551681578159332 1431
1782815427558 0.36927810311317444 1432
1782815427559 0.19145424664020538 1433
1782815427561 0.3647136688232422 1434
1782815427562 0.18066447973251343 1435
1782815427563 0.17913022637367249 1436
1782815427565 0.389361709356308 1437
1782815427566 0.26631224155426025 1438
1782815427568 0.23863232135772705 1439
1782815427569 0.3998343050479889 1440
1782815427570 0.20972831547260284 1441
1782815427572 0.056281670928001404 1442
1782815427573 0.2970404326915741 1443
1782815427574 0.056834567338228226 1444
1782815427576 0.19677099585533142 1445
1782815427577 0.04011095315217972 1446
1782815427579 0.11153487116098404 1447
1782815427580 0.12994229793548584 1448
1782815427581 0.1791258305311203 1449
1782815427583 0.1991795152425766 1450
1782815427584 0.02399035543203354 1451
1782815427586 0.041485562920570374 1452
1782815427587 0.0655861422419548 1453
1782815427588 0.38706690073013306 1454
1782815427590 0.2521505057811737 1455
1782815427591 0.10547174513339996 1456
1782815427592 0.34039440751075745 1457
1782815427594 0.013125658966600895 1458
1782815427595 0.00881361123174429 1459
1782815427597 0.12445519864559174 1460
1782815427598 0.5580269694328308 1461
1782815427599 0.4889811873435974 1462
1782815427601 0.36464765667915344 1463
1782815427602 0.1684580296278 1464
1782815427604 0.18127331137657166 1465
1782815427605 0.13070327043533325 1466
1782815427606 0.02734227105975151 1467
1782815427608 0.18849827349185944 1468
1782815427609 0.45203983783721924 1469
1782815427611 0.16186153888702393 1470
1782815427612 0.15591517090797424 1471
1782815427614 0.06622112542390823 1472
1782815427615 0.21377353370189667 1473
1782815427616 0.21892207860946655 1474
1782815427618 0.2213008999824524 1475
1782815427619 0.0908188596367836 1476
1782815427620 0.19844813644886017 1477
1782815427622 0.33219635486602783 1478
1782815427623 0.09663275629281998 1479
1782815427625 0.40064945816993713 1480
1782815427626 0.1948823183774948 1481
1782815427628 0.14163734018802643 1482
1782815427629 0.08193641155958176 1483
1782815427630 0.09433195739984512 1484
1782815427632 0.1479840874671936 1485
1782815427633 0.33475789427757263 1486
1782815427635 0.10835683345794678 1487
1782815427636 0.2667556703090668 1488
1782815427637 0.4618699252605438 1489
1782815427639 0.08858005702495575 1490
1782815427640 0.16826839745044708 1491
1782815427641 0.04735496640205383 1492
1782815427643 0.1823914349079132 1493
1782815427644 0.2579818665981293 1494
1782815427646 0.06306762993335724 1495
1782815427647 0.1116819977760315 1496
1782815427648 0.12919390201568604 1497
1782815427650 0.04456215351819992 1498
1782815427651 0.26351699233055115 1499
1782815427653 0.12996956706047058 1500
1782815427654 0.5227871537208557 1501
1782815427655 0.1060444563627243 1502
1782815427657 0.0917312428355217 1503
1782815427658 0.12553447484970093 1504
1782815427660 0.7097362279891968 1505
1782815427661 0.05910484120249748 1506
1782815427662 0.203560933470726 1507
1782815427664 0.14544370770454407 1508
1782815427665 0.0838298350572586 1509
1782815427667 0.08340499550104141 1510
1782815427668 0.13192901015281677 1511
1782815427669 0.23062929511070251 1512
1782815427671 0.06852983683347702 1513
1782815427672 0.5493371486663818 1514
1782815427673 0.02924858219921589 1515
1782815427675 0.3033798635005951 1516
1782815427676 0.18387843668460846 1517
1782815427678 0.08025110512971878 1518
1782815427679 0.3861292600631714 1519
1782815427680 0.20867380499839783 1520
1782815427682 0.15989071130752563 1521
1782815427683 0.06010577455163002 1522
1782815427685 0.22499454021453857 1523
1782815427686 0.12211181223392487 1524
1782815427687 0.08920223265886307 1525
1782815427689 0.12783688306808472 1526
1782815427690 0.1010550782084465 1527
1782815427692 0.08161383867263794 1528
1782815427693 0.11729016155004501 1529
1782815427694 0.02689477987587452 1530
1782815427696 0.479787141084671 1531
1782815427697 0.2203008532524109 1532
1782815427698 0.13436345756053925 1533
1782815427700 0.06949913501739502 1534
1782815427701 0.2315589040517807 1535
1782815427703 0.08316974341869354 1536
1782815427704 0.2899104654788971 1537
1782815427705 0.37228676676750183 1538
1782815427707 0.253769189119339 1539
1782815427708 0.15910392999649048 1540
1782815427709 0.11082616448402405 1541
1782815427711 0.27987125515937805 1542
1782815427712 0.19203317165374756 1543
1782815427714 0.07253661751747131 1544
1782815427715 0.23917387425899506 1545
1782815427716 0.17470140755176544 1546
1782815427718 0.06884827464818954 1547
1782815427719 0.24155084788799286 1548
1782815427721 0.2944049835205078 1549
1782815427722 0.39193910360336304 1550
1782815427724 0.020504947751760483 1551
1782815427725 0.2672358751296997 1552
1782815427726 0.3586299419403076 1553
1782815427728 0.35657811164855957 1554
1782815427729 0.4738306701183319 1555
1782815427731 0.061292801052331924 1556
1782815427732 0.2595917582511902 1557
1782815427733 0.12260997295379639 1558
1782815427735 0.13272403180599213 1559
1782815427736 0.291149377822876 1560
1782815427738 0.1293998807668686 1561
1782815427739 0.12729784846305847 1562
1782815427740 0.3021937906742096 1563
1782815427742 0.09104292839765549 1564
1782815427743 0.1192324161529541 1565
1782815427745 0.4278530180454254 1566
1782815427746 0.17475877702236176 1567
1782815427748 0.09765869379043579 1568
1782815427749 0.04670322686433792 1569
1782815427751 0.06494982540607452 1570
1782815427752 0.10958511382341385 1571
1782815427753 0.21300548315048218 1572
1782815427755 0.5089467167854309 1573
1782815427756 0.11198777705430984 1574
1782815427758 0.08123955130577087 1575
1782815427759 0.3041187822818756 1576
1782815427760 0.11241300404071808 1577
1782815427762 0.22074784338474274 1578
1782815427763 0.06100201606750488 1579
1782815427765 0.15810920298099518 1580
1782815427766 0.2891024351119995 1581
1782815427768 0.14030751585960388 1582
1782815427769 0.1075635701417923 1583
1782815427770 0.19303028285503387 1584
1782815427772 0.4013317823410034 1585
1782815427773 0.36633163690567017 1586
1782815427775 0.1018596738576889 1587
1782815427776 0.08616021275520325 1588
1782815427777 0.07640394568443298 1589
1782815427779 0.07238192856311798 1590
1782815427780 0.20307496190071106 1591
1782815427782 0.0865178182721138 1592
1782815427783 0.1193607896566391 1593
1782815427785 0.15258558094501495 1594
1782815427786 0.18559478223323822 1595
1782815427787 0.033649593591690063 1596
1782815427789 0.11757954955101013 1597
1782815427790 0.21316485106945038 1598
1782815427792 0.09403503686189651 1599
1782815427793 0.04292711615562439 1600
1782815427794 0.09642589837312698 1601
1782815427796 0.12262594699859619 1602
1782815427797 0.12022271752357483 1603
1782815427799 0.15606063604354858 1604
1782815427800 0.11485089361667633 1605
1782815427801 0.08317618072032928 1606
1782815427803 0.17382001876831055 1607
1782815427804 0.11771196871995926 1608
1782815427806 0.052415844053030014 1609
1782815427807 0.2188657820224762 1610
1782815427809 0.14881768822669983 1611
1782815427810 0.028355151414871216 1612
1782815427811 0.24308976531028748 1613
1782815427813 0.031573571264743805 1614
1782815427814 0.36992931365966797 1615
1782815427816 0.22494098544120789 1616
1782815427817 0.04302365705370903 1617
1782815427818 0.14591526985168457 1618
1782815427820 0.043921638280153275 1619
1782815427821 0.0524904690682888 1620
1782815427823 0.10203523933887482 1621
1782815427824 0.10296280682086945 1622
1782815427826 0.1576780080795288 1623
1782815427827 0.17052772641181946 1624
1782815427828 0.2774045765399933 1625
1782815427830 0.35236337780952454 1626
1782815427831 0.08993060141801834 1627
1782815427833 0.18087637424468994 1628
1782815427834 0.026694294065237045 1629
1782815427835 0.11025690287351608 1630
1782815427837 0.1613844782114029 1631
1782815427838 0.27226722240448 1632
1782815427840 0.3632965683937073 1633
1782815427841 0.3269166052341461 1634
1782815427842 0.1347934901714325 1635
1782815427844 1.0116158723831177 1636
1782815427845 0.049542319029569626 1637
1782815427846 0.0580492839217186 1638
1782815427848 0.13958659768104553 1639
1782815427849 0.25021880865097046 1640
1782815427851 0.17986217141151428 1641
1782815427852 0.2087266892194748 1642
1782815427854 0.061667829751968384 1643
1782815427855 0.12074224650859833 1644
1782815427856 0.06049935519695282 1645
1782815427858 0.47192439436912537 1646
1782815427859 0.20652875304222107 1647
1782815427861 0.11759757995605469 1648
1782815427862 0.12720659375190735 1649
1782815427864 0.20791684091091156 1650
1782815427865 0.12744545936584473 1651
1782815427866 0.08967432379722595 1652
1782815427868 0.10119348019361496 1653
1782815427869 0.16289515793323517 1654
1782815427871 0.13587844371795654 1655
1782815427872 0.23971091210842133 1656
1782815427874 0.031231917440891266 1657
1782815427875 0.06505598872900009 1658
1782815427876 0.20400869846343994 1659
1782815427878 0.04500221088528633 1660
1782815427879 0.23969534039497375 1661
1782815427881 0.2538967430591583 1662
1782815427882 0.11331530660390854 1663
1782815427883 0.08911028504371643 1664
1782815427885 0.06512410193681717 1665
1782815427886 0.10873060673475266 1666
1782815427888 0.12081071734428406 1667
1782815427890 0.18442340195178986 1668
1782815427892 0.023779748007655144 1669
1782815427893 0.29120326042175293 1670
1782815427894 0.16495491564273834 1671
1782815427897 0.19007600843906403 1672
1782815427898 0.04987535998225212 1673
1782815427900 0.3640328645706177 1674
1782815427901 0.01585838757455349 1675
1782815427903 0.20021319389343262 1676
1782815427904 0.2570061981678009 1677
1782815427906 0.013225351460278034 1678
1782815427907 0.027795150876045227 1679
1782815427908 0.06843578070402145 1680
1782815427910 0.01510357391089201 1681
1782815427911 0.34902656078338623 1682
1782815427912 0.09158855676651001 1683
1782815427914 0.05169302225112915 1684
1782815427915 0.05260497331619263 1685
1782815427916 0.3354905843734741 1686
1782815427918 0.12272048741579056 1687
1782815427919 0.09258522093296051 1688
1782815427921 0.08792155236005783 1689
1782815427922 0.07401327043771744 1690
1782815427924 0.13264496624469757 1691
1782815427925 0.06098680570721626 1692
1782815427926 0.26366543769836426 1693
1782815427928 0.30497434735298157 1694
1782815427929 0.19284658133983612 1695
1782815427931 0.3011366128921509 1696
1782815427932 0.2517760396003723 1697
1782815427933 0.04242763668298721 1698
1782815427935 0.190469428896904 1699
1782815427936 0.08451332151889801 1700
1782815427938 0.2355712503194809 1701
1782815427939 0.04766044765710831 1702
1782815427940 0.2366260588169098 1703
1782815427942 0.15293750166893005 1704
1782815427943 0.30967915058135986 1705
1782815427944 0.22658006846904755 1706
1782815427946 0.1356729418039322 1707
1782815427947 0.26175981760025024 1708
1782815427949 0.24804383516311646 1709
1782815427950 0.0683046355843544 1710
1782815427952 0.4432844817638397 1711
1782815427954 0.1550060659646988 1712
1782815427955 0.23315906524658203 1713
1782815427957 0.11056605726480484 1714
1782815427958 0.16935862600803375 1715
1782815427960 0.23703517019748688 1716
1782815427962 0.27021345496177673 1717
1782815427963 0.2811743915081024 1718
1782815427965 0.12237071990966797 1719
1782815427966 0.0290767140686512 1720
1782815427968 0.23072123527526855 1721
1782815427970 0.37076491117477417 1722
1782815427971 0.10870404541492462 1723
1782815427973 0.039800580590963364 1724
1782815427974 0.14726680517196655 1725
1782815427976 0.25319039821624756 1726
1782815427977 0.19711695611476898 1727
1782815427978 0.025886088609695435 1728
1782815427980 0.04490157961845398 1729
1782815427981 0.07999389618635178 1730
1782815427982 0.09754998981952667 1731
1782815427984 0.36854639649391174 1732
1782815427985 0.4459877610206604 1733
1782815427987 0.21293307840824127 1734
1782815427988 0.2758815884590149 1735
1782815427989 0.07642768323421478 1736
1782815427991 0.12433075904846191 1737
1782815427992 0.30015429854393005 1738
1782815427993 0.15590369701385498 1739
1782815427995 0.05092999339103699 1740
1782815427996 0.48807600140571594 1741
1782815427997 0.21675553917884827 1742
1782815427999 0.11863923072814941 1743
1782815428000 0.4226831793785095 1744
1782815428002 0.09161222726106644 1745
1782815428003 0.003604031866416335 1746
1782815428005 0.12297450751066208 1747
1782815428006 0.040992554277181625 1748
1782815428008 0.2365492582321167 1749
1782815428009 0.03476734086871147 1750
1782815428011 0.035766713321208954 1751
1782815428012 0.06090175732970238 1752
1782815428014 0.1815362572669983 1753
1782815428015 0.24904987215995789 1754
1782815428017 0.26156315207481384 1755
1782815428019 0.10040441155433655 1756
1782815428020 0.056405432522296906 1757
1782815428022 0.03514909744262695 1758
1782815428023 0.07662099599838257 1759
1782815428025 0.2944677174091339 1760
1782815428027 0.4441078305244446 1761
1782815428028 0.20638467371463776 1762
1782815428030 0.023716706782579422 1763
1782815428031 0.030051380395889282 1764
1782815428033 0.03277946636080742 1765
1782815428035 0.44552379846572876 1766
1782815428036 0.14417217671871185 1767
1782815428038 0.19242136180400848 1768
1782815428039 0.08614973723888397 1769
1782815428041 0.14327602088451385 1770
1782815428043 0.5626709461212158 1771
1782815428044 0.11395067721605301 1772
1782815428046 0.010761082172393799 1773
1782815428047 0.3644179403781891 1774
1782815428049 0.4839639961719513 1775
1782815428051 0.021394876763224602 1776
1782815428052 0.1996329426765442 1777
1782815428054 0.10630156099796295 1778
1782815428055 0.18415509164333344 1779
1782815428057 0.1649140566587448 1780
1782815428059 0.12950508296489716 1781
1782815428060 0.20820744335651398 1782
1782815428062 0.12281906604766846 1783
1782815428063 0.21078850328922272 1784
1782815428065 0.29820483922958374 1785
1782815428066 0.3637683689594269 1786
1782815428068 0.27072998881340027 1787
1782815428070 0.3041153848171234 1788
1782815428071 0.01839299313724041 1789
1782815428073 0.0834842175245285 1790
1782815428075 0.06938240677118301 1791
1782815428076 0.06990864127874374 1792
1782815428078 0.37533557415008545 1793
1782815428079 0.13861772418022156 1794
1782815428081 0.05720008909702301 1795
1782815428082 0.18315547704696655 1796
1782815428084 0.4927119016647339 1797
1782815428086 0.16946934163570404 1798
1782815428087 0.2714363932609558 1799
1782815428089 0.3182830214500427 1800
1782815428090 0.1127684935927391 1801
1782815428092 0.2863948941230774 1802
1782815428093 0.18930047750473022 1803
1782815428095 0.2766597867012024 1804
1782815428097 0.17613869905471802 1805
1782815428098 0.16682377457618713 1806
1782815428100 0.09630761295557022 1807
1782815428101 0.1586516946554184 1808
1782815428103 0.11460287123918533 1809
1782815428104 0.02793479897081852 1810
1782815428106 0.041769109666347504 1811
1782815428108 0.08296821266412735 1812
1782815428109 0.2501892149448395 1813
1782815428111 0.12048323452472687 1814
1782815428112 0.12361392378807068 1815
1782815428114 0.07505978643894196 1816
1782815428116 0.07206723093986511 1817
1782815428117 0.14248891174793243 1818
1782815428119 0.09487134218215942 1819
1782815428120 0.03522177040576935 1820
1782815428122 0.19828401505947113 1821
1782815428123 0.15475288033485413 1822
1782815428125 0.0447349026799202 1823
1782815428127 0.008997076191008091 1824
1782815428128 0.11380930989980698 1825
1782815428130 0.08463950455188751 1826
1782815428131 0.04903242737054825 1827
1782815428133 0.04363566264510155 1828
1782815428135 0.15977782011032104 1829
1782815428136 0.20414294302463531 1830
1782815428138 0.12753377854824066 1831
1782815428139 0.020714547485113144 1832
1782815428141 0.20885467529296875 1833
1782815428143 0.15508674085140228 1834
1782815428144 0.2195603996515274 1835
1782815428146 0.038623154163360596 1836
1782815428147 0.08376515656709671 1837
1782815428149 0.12104933708906174 1838
1782815428150 0.2817554771900177 1839
1782815428152 0.09843562543392181 1840
1782815428154 0.16845576465129852 1841
1782815428155 0.21698182821273804 1842
1782815428157 0.09895316511392593 1843
1782815428158 0.2055731862783432 1844
1782815428160 0.1822664886713028 1845
1782815428161 0.4046171009540558 1846
1782815428163 0.00366011681035161 1847
1782815428165 0.18069957196712494 1848
1782815428166 0.017329035326838493 1849
1782815428168 0.3830360472202301 1850
1782815428169 0.16155274212360382 1851
1782815428171 0.1570831686258316 1852
1782815428173 0.34168875217437744 1853
1782815428174 0.1251993328332901 1854
1782815428176 0.21746982634067535 1855
1782815428177 0.37947824597358704 1856
1782815428179 0.12866199016571045 1857
1782815428181 0.23589317500591278 1858
1782815428183 0.036708660423755646 1859
1782815428184 0.08317961543798447 1860
1782815428186 0.036471929401159286 1861
1782815428188 0.041035398840904236 1862
1782815428189 0.17894624173641205 1863
1782815428191 0.05763360857963562 1864
1782815428193 0.1138320192694664 1865
1782815428195 0.05403449013829231 1866
1782815428196 0.03069518320262432 1867
1782815428198 0.23719386756420135 1868
1782815428199 0.2866331934928894 1869
1782815428201 0.3209798336029053 1870
1782815428202 0.2692442536354065 1871
1782815428204 0.043920304626226425 1872
1782815428206 0.03049132227897644 1873
1782815428207 0.10068640112876892 1874
1782815428330 0.2685607075691223 1875
1782815428332 0.2643110454082489 1876
1782815428334 0.13638924062252045 1877
1782815428335 0.23595772683620453 1878
1782815428337 0.05364878848195076 1879
1782815428338 0.060639429837465286 1880
1782815428340 0.04325347766280174 1881
1782815428341 0.34282684326171875 1882
1782815428343 0.5929649472236633 1883
1782815428345 0.14171913266181946 1884
1782815428346 0.03465348109602928 1885
1782815428348 0.032447703182697296 1886
1782815428349 0.2115282416343689 1887
1782815428351 0.2623198330402374 1888
1782815428352 0.2673741281032562 1889
1782815428353 0.065153568983078 1890
1782815428355 0.11362077295780182 1891
1782815428356 0.37177738547325134 1892
1782815428358 0.08101683855056763 1893
1782815428359 0.0652293786406517 1894
1782815428361 0.2581973671913147 1895
1782815428362 0.2805337905883789 1896
1782815428364 0.2849982976913452 1897
1782815428365 0.027427131310105324 1898
1782815428367 0.05863038823008537 1899
1782815428368 0.04393448680639267 1900
1782815428370 0.2087090164422989 1901
1782815428371 0.3104091286659241 1902
1782815428373 0.1730908900499344 1903
1782815428374 0.09978124499320984 1904
1782815428376 0.05662794038653374 1905
1782815428377 0.32670143246650696 1906
1782815428379 0.1543251872062683 1907
1782815428380 0.15367582440376282 1908
1782815428382 0.04079168662428856 1909
1782815428383 0.02909775637090206 1910
1782815428385 0.22530609369277954 1911
1782815428386 0.06901654601097107 1912
1782815428387 0.07587035745382309 1913
1782815428389 0.16180700063705444 1914
1782815428390 0.0916975736618042 1915
1782815428392 0.299655556678772 1916
1782815428393 0.11851712316274643 1917
1782815428395 0.03496623411774635 1918
1782815428396 0.08496735990047455 1919
1782815428398 0.12025807797908783 1920
1782815428399 0.08740200847387314 1921
1782815428401 0.005169282201677561 1922
1782815428402 0.2495560348033905 1923
1782815428404 0.06941121816635132 1924
1782815428405 0.12375123053789139 1925
1782815428407 0.3896302580833435 1926
1782815428408 0.18331848084926605 1927
1782815428410 0.09606713801622391 1928
1782815428411 0.09084468334913254 1929
1782815428413 0.10368043184280396 1930
1782815428414 0.05951198562979698 1931
1782815428416 0.17176032066345215 1932
1782815428417 0.37055692076683044 1933
1782815428419 0.03433295711874962 1934
1782815428420 0.3659830689430237 1935
1782815428422 0.29545700550079346 1936
1782815428423 0.09677775949239731 1937
1782815428425 0.35320234298706055 1938
1782815428426 0.13696955144405365 1939
1782815428428 0.033719614148139954 1940
1782815428429 0.26596879959106445 1941
1782815428431 0.19283021986484528 1942
1782815428432 0.04059227555990219 1943
1782815428434 0.44595688581466675 1944
1782815428435 0.21029654145240784 1945
1782815428437 0.1921708881855011 1946
1782815428438 0.06458553671836853 1947
1782815428440 0.1430351734161377 1948
1782815428441 0.20496711134910583 1949
1782815428443 0.12899400293827057 1950
1782815428444 0.18098051846027374 1951
1782815428445 0.05222016200423241 1952
1782815428447 0.06849923729896545 1953
1782815428448 0.10622874647378922 1954
1782815428450 0.08916117250919342 1955
1782815428451 0.10362182557582855 1956
1782815428453 0.17814023792743683 1957
1782815428454 0.03727170079946518 1958
1782815428456 0.37375080585479736 1959
1782815428457 0.11361879110336304 1960
1782815428459 0.24850128591060638 1961
1782815428460 0.2851548492908478 1962
1782815428462 0.14015087485313416 1963
1782815428463 0.17995686829090118 1964
1782815428465 0.05600268393754959 1965
1782815428466 0.29285889863967896 1966
1782815428467 0.24269625544548035 1967
1782815428469 0.2479221224784851 1968
1782815428470 0.06954799592494965 1969
1782815428472 0.185608372092247 1970
1782815428473 0.03744029998779297 1971
1782815428475 0.2202681601047516 1972
1782815428476 0.0390993095934391 1973
1782815428478 0.19456462562084198 1974
1782815428479 0.1137557253241539 1975
1782815428481 0.4541981518268585 1976
1782815428482 0.039675187319517136 1977
1782815428484 0.059060290455818176 1978
1782815428485 0.024448635056614876 1979
1782815428487 0.04201337695121765 1980
1782815428488 0.0589645653963089 1981
1782815428490 0.4808518886566162 1982
1782815428491 0.1325615793466568 1983
1782815428493 0.3291383981704712 1984
1782815428495 0.01230261567980051 1985
1782815428497 0.27398422360420227 1986
1782815428499 0.13048970699310303 1987
1782815428501 0.1000782698392868 1988
1782815428502 0.08709519356489182 1989
1782815428504 0.2244434952735901 1990
1782815428505 0.2855989336967468 1991
1782815428507 0.1337222009897232 1992
1782815428508 0.01006389781832695 1993
1782815428509 0.03199027478694916 1994
1782815428511 0.16993951797485352 1995
1782815428512 0.09919176250696182 1996
1782815428514 0.4706438183784485 1997
1782815428515 0.35569053888320923 1998
1782815428517 0.04724224656820297 1999
1782815428518 0.03317064046859741 2000
1782815428520 0.10577230900526047 2001
1782815428521 0.2446252703666687 2002
1782815428522 0.07448624074459076 2003
1782815428524 0.19668377935886383 2004
1782815428525 0.03434046730399132 2005
1782815428527 0.05500311031937599 2006
1782815428528 0.28150951862335205 2007
1782815428530 0.05688601732254028 2008
1782815428531 0.19126155972480774 2009
1782815428533 0.12006547302007675 2010
1782815428534 0.08985667675733566 2011
1782815428535 0.29442277550697327 2012
1782815428537 0.12754589319229126 2013
1782815428538 0.06603802740573883 2014
1782815428540 0.0024953745305538177 2015
1782815428541 0.009674332104623318 2016
1782815428542 0.4565310478210449 2017
1782815428544 0.028237245976924896 2018
1782815428545 0.20805272459983826 2019
1782815428546 0.05639266222715378 2020
1782815428548 0.07719536125659943 2021
1782815428549 0.03754175826907158 2022
1782815428551 0.16306376457214355 2023
1782815428552 0.14648984372615814 2024
1782815428553 0.1313774585723877 2025
1782815428555 0.2045261114835739 2026
1782815428556 0.09182657301425934 2027
1782815428558 0.12562212347984314 2028
1782815428559 0.3037148118019104 2029
1782815428560 0.08098525553941727 2030
1782815428562 0.14715196192264557 2031
1782815428563 0.07935377210378647 2032
1782815428564 0.06877563893795013 2033
1782815428566 0.7042855024337769 2034
1782815428567 0.11778482049703598 2035
1782815428568 0.16258884966373444 2036
1782815428570 0.23559916019439697 2037
1782815428571 0.328096866607666 2038
1782815428573 0.03351850062608719 2039
1782815428574 0.08415881544351578 2040
1782815428575 0.26224884390830994 2041
1782815428577 0.09024238586425781 2042
1782815428578 0.4513266384601593 2043
1782815428579 0.14109452068805695 2044
1782815428581 0.05498402938246727 2045
1782815428582 0.22175370156764984 2046
1782815428584 0.008081627078354359 2047
1782815428585 0.17055644094944 2048
1782815428586 0.06922074407339096 2049
1782815428588 0.09402765333652496 2050
1782815428589 0.30164703726768494 2051
1782815428590 0.3569253385066986 2052
1782815428592 0.3894879221916199 2053
1782815428593 0.05237247794866562 2054
1782815428595 0.17001178860664368 2055
1782815428596 0.18011654913425446 2056
1782815428597 0.2697523236274719 2057
1782815428599 0.18499590456485748 2058
1782815428600 0.09226838499307632 2059
1782815428602 0.38681259751319885 2060
1782815428603 0.37534013390541077 2061
1782815428604 0.10455210506916046 2062
1782815428606 0.17331933975219727 2063
1782815428607 0.23591554164886475 2064
1782815428608 0.7017680406570435 2065
1782815428610 0.019293172284960747 2066
1782815428611 0.12434214353561401 2067
1782815428612 0.5822261571884155 2068
1782815428614 0.2419942170381546 2069
1782815428615 0.48323220014572144 2070
1782815428617 0.37314656376838684 2071
1782815428618 0.16602911055088043 2072
1782815428619 0.3835260570049286 2073
1782815428621 0.22614122927188873 2074
1782815428622 0.10642228275537491 2075
1782815428624 0.22336749732494354 2076
1782815428625 0.04260585829615593 2077
1782815428626 0.23054656386375427 2078
1782815428628 0.17965422570705414 2079
1782815428629 0.4661199450492859 2080
1782815428631 0.049570824950933456 2081
1782815428632 0.13190889358520508 2082
1782815428633 0.24458515644073486 2083
1782815428635 0.04265591502189636 2084
1782815428636 0.29051893949508667 2085
1782815428637 0.0738748088479042 2086
1782815428639 0.06882213056087494 2087
1782815428640 0.20313097536563873 2088
1782815428641 0.1344209611415863 2089
1782815428643 0.06655702739953995 2090
1782815428644 0.1330593228340149 2091
1782815428646 0.1262608766555786 2092
1782815428647 0.24024342000484467 2093
1782815428648 0.1338426172733307 2094
1782815428650 0.07843495905399323 2095
1782815428651 0.2750048041343689 2096
1782815428653 0.1673250049352646 2097
1782815428654 0.08072712272405624 2098
1782815428655 0.07083463668823242 2099
1782815428656 0.16933782398700714 2100
1782815428658 0.009754637256264687 2101
1782815428659 0.16219878196716309 2102
1782815428661 0.027304116636514664 2103
1782815428662 0.21216340363025665 2104
1782815428663 0.1534864902496338 2105
1782815428665 0.026770466938614845 2106
1782815428666 0.1873268187046051 2107
1782815428667 0.1987825632095337 2108
1782815428669 0.2407316267490387 2109
1782815428670 0.03537807986140251 2110
1782815428672 0.034396927803754807 2111
1782815428673 0.735345721244812 2112
1782815428674 0.19245783984661102 2113
1782815428676 0.12176332622766495 2114
1782815428677 0.05140925571322441 2115
1782815428678 0.05630537122488022 2116
1782815428680 0.05571955442428589 2117
1782815428681 0.029678339138627052 2118
1782815428682 0.09444400668144226 2119
1782815428684 0.10416877269744873 2120
1782815428685 0.1425362229347229 2121
1782815428686 0.08581539243459702 2122
1782815428688 0.0771169662475586 2123
1782815428689 0.2826709747314453 2124
1782815428691 0.06333788484334946 2125
1782815428692 0.25262948870658875 2126
1782815428693 0.18919959664344788 2127
1782815428695 0.054852910339832306 2128
1782815428696 0.04491051658987999 2129
1782815428698 0.09532184153795242 2130
1782815428699 0.06548730283975601 2131
1782815428700 0.11447329819202423 2132
1782815428702 0.04792717844247818 2133
1782815428703 0.026320872828364372 2134
1782815428705 0.16199252009391785 2135
1782815428706 0.007063825149089098 2136
1782815428707 0.08281780034303665 2137
1782815428709 0.06637690961360931 2138
1782815428710 0.23708392679691315 2139
1782815428711 0.024775639176368713 2140
1782815428713 0.312122106552124 2141
1782815428714 0.1603686511516571 2142
1782815428716 0.07367105036973953 2143
1782815428717 0.10951445251703262 2144
1782815428718 0.3805895149707794 2145
1782815428720 0.07665897905826569 2146
1782815428721 0.010402345098555088 2147
1782815428722 0.02500651404261589 2148
1782815428724 0.07917658984661102 2149
1782815428725 0.05864827334880829 2150
1782815428727 0.1234833300113678 2151
1782815428728 0.023471474647521973 2152
1782815428729 0.09064768999814987 2153
1782815428731 0.1356702595949173 2154
1782815428732 0.18408598005771637 2155
1782815428733 0.13639985024929047 2156
1782815428735 0.25302091240882874 2157
1782815428736 0.047487735748291016 2158
1782815428738 0.22246035933494568 2159
1782815428739 0.19896650314331055 2160
1782815428740 0.019281940534710884 2161
1782815428742 0.02239229343831539 2162
1782815428743 0.10037997364997864 2163
1782815428744 0.06190590187907219 2164
1782815428746 0.07751374691724777 2165
1782815428747 0.06388083100318909 2166
1782815428748 0.2858572006225586 2167
1782815428750 0.07342518121004105 2168
1782815428751 0.021294180303812027 2169
1782815428753 0.13608665764331818 2170
1782815428754 0.06254162639379501 2171
1782815428755 0.09731611609458923 2172
1782815428757 0.09177699685096741 2173
1782815428758 0.14725278317928314 2174
1782815428759 0.03383408859372139 2175
1782815428761 0.10489978641271591 2176
1782815428762 0.23206335306167603 2177
1782815428764 0.016460692510008812 2178
1782815428765 0.09466052800416946 2179
1782815428766 0.03674400970339775 2180
1782815428768 0.01922263391315937 2181
1782815428769 0.18982626497745514 2182
1782815428771 0.2369387000799179 2183
1782815428772 0.21727925539016724 2184
1782815428773 0.12732604146003723 2185
1782815428775 0.05434770882129669 2186
1782815428776 0.1888643503189087 2187
1782815428777 0.04232647269964218 2188
1782815428779 0.2968950867652893 2189
1782815428780 0.08976458013057709 2190
1782815428782 0.06000876426696777 2191
1782815428783 0.020518528297543526 2192
1782815428784 0.13461489975452423 2193
1782815428786 0.24040216207504272 2194
1782815428787 0.19525377452373505 2195
1782815428788 0.07612419873476028 2196
1782815428790 0.16813874244689941 2197
1782815428791 0.14432398974895477 2198
1782815428793 0.026457788422703743 2199
1782815428794 0.3069811463356018 2200
1782815428795 0.15275560319423676 2201
1782815428797 0.12306373566389084 2202
1782815428798 0.16090331971645355 2203
1782815428800 0.0267625842243433 2204
1782815428801 0.06921863555908203 2205
1782815428802 0.4892630875110626 2206
1782815428804 0.03685937821865082 2207
1782815428805 0.08195491135120392 2208
1782815428806 0.2847396433353424 2209
1782815428808 0.045500095933675766 2210
1782815428809 0.05902436375617981 2211
1782815428810 0.21888399124145508 2212
1782815428812 0.19344252347946167 2213
1782815428813 0.15762245655059814 2214
1782815428814 0.1134876012802124 2215
1782815428816 0.2785511016845703 2216
1782815428817 0.10425398498773575 2217
1782815428819 0.140242338180542 2218
1782815428820 0.2223787009716034 2219
1782815428821 0.43649718165397644 2220
1782815428823 0.2921752333641052 2221
1782815428824 0.26370376348495483 2222
1782815428826 0.17879128456115723 2223
1782815428827 0.23488280177116394 2224
1782815428828 0.06725110858678818 2225
1782815428830 0.071244016289711 2226
1782815428831 0.20326976478099823 2227
1782815428832 0.08564654737710953 2228
1782815428834 0.008730961941182613 2229
1782815428835 0.07877907902002335 2230
1782815428837 0.06575407832860947 2231
1782815428838 0.4091958701610565 2232
1782815428839 0.12994158267974854 2233
1782815428841 0.3621574342250824 2234
1782815428842 0.2663594186306 2235
1782815428843 0.22048868238925934 2236
1782815428845 0.09343641251325607 2237
1782815428846 0.06935479491949081 2238
1782815428847 0.03549952059984207 2239
1782815428849 0.17749199271202087 2240
1782815428850 0.07873030006885529 2241
1782815428851 0.15731646120548248 2242
1782815428853 0.17873063683509827 2243
1782815428854 0.0818498432636261 2244
1782815428855 0.09628847986459732 2245
1782815428857 0.06721287965774536 2246
1782815428858 0.06729187816381454 2247
1782815428860 0.2420910894870758 2248
1782815428861 0.04914160445332527 2249
1782815428862 0.021446194499731064 2250
1782815428864 0.30935055017471313 2251
1782815428865 0.12280481308698654 2252
1782815428866 0.018117442727088928 2253
1782815428868 0.060874924063682556 2254
1782815428869 0.17990484833717346 2255
1782815428871 0.0710134506225586 2256
1782815428872 0.3828384578227997 2257
1782815428873 0.2723953425884247 2258
1782815428875 0.09222891926765442 2259
1782815428876 0.31099551916122437 2260
1782815428878 0.1859929859638214 2261
1782815428879 0.039262935519218445 2262
1782815428880 0.17170830070972443 2263
1782815428882 0.13068562746047974 2264
1782815428883 0.06978798657655716 2265
1782815428884 0.2629494071006775 2266
1782815428886 0.11641907691955566 2267
1782815428887 0.10182532668113708 2268
1782815428889 0.0915272980928421 2269
1782815428890 0.3986970782279968 2270
1782815428892 0.07389751076698303 2271
1782815428893 0.23852330446243286 2272
1782815428894 0.12921221554279327 2273
1782815428896 0.08776066452264786 2274
1782815428897 0.050419244915246964 2275
1782815428898 0.14374743402004242 2276
1782815428900 0.20906482636928558 2277
1782815428901 0.02779517136514187 2278
1782815428903 0.12348584830760956 2279
1782815428904 0.07857784628868103 2280
1782815428905 0.1518232226371765 2281
1782815428907 0.1355684995651245 2282
1782815428908 0.16991029679775238 2283
1782815428909 0.1454308032989502 2284
1782815428911 0.147614985704422 2285
1782815428912 0.08921050280332565 2286
1782815428913 0.28884652256965637 2287
1782815428915 0.07759576290845871 2288
1782815428916 0.349097341299057 2289
1782815428917 0.14981293678283691 2290
1782815428919 0.3887336850166321 2291
1782815428920 0.14880751073360443 2292
1782815428922 0.06317511200904846 2293
1782815428923 0.3008061647415161 2294
1782815428924 0.04773633927106857 2295
1782815428926 0.0875852033495903 2296
1782815428927 0.05583704262971878 2297
1782815428929 0.40133264660835266 2298
1782815428930 0.30521583557128906 2299
1782815428931 0.15409135818481445 2300
1782815428933 0.10440656542778015 2301
1782815428934 0.18929405510425568 2302
1782815428935 0.19983696937561035 2303
1782815428937 0.013586384244263172 2304
1782815428938 0.37263184785842896 2305
1782815428939 0.10436844080686569 2306
1782815428941 0.06730674207210541 2307
1782815428943 0.10590404272079468 2308
1782815428944 0.1113041341304779 2309
1782815428945 0.2237156480550766 2310
1782815428947 0.15568163990974426 2311
1782815428948 0.1462603658437729 2312
1782815428949 0.07319369912147522 2313
1782815428951 0.26122933626174927 2314
1782815428952 0.30871668457984924 2315
1782815428953 0.025931991636753082 2316
1782815428955 0.22096896171569824 2317
1782815428956 0.03292369097471237 2318
1782815428957 0.12047407776117325 2319
1782815428959 0.060570474714040756 2320
1782815428960 0.3193853497505188 2321
1782815428961 0.6506189703941345 2322
1782815428963 0.008243151940405369 2323
1782815428964 0.10793307423591614 2324
1782815428965 0.12653400003910065 2325
1782815428967 0.1518632173538208 2326
1782815428968 0.20594199001789093 2327
1782815428970 0.04316554218530655 2328
1782815428971 0.05284573882818222 2329
1782815428972 0.169390007853508 2330
1782815428974 0.01811033859848976 2331
1782815428975 0.23252567648887634 2332
1782815428976 0.25667428970336914 2333
1782815428978 0.2544327974319458 2334
1782815428979 0.2434287965297699 2335
1782815428981 0.17940659821033478 2336
1782815428982 0.1309909075498581 2337
1782815428983 0.20283418893814087 2338
1782815428985 0.0889640524983406 2339
1782815428986 0.13321681320667267 2340
1782815428987 0.02881113439798355 2341
1782815428989 0.031590595841407776 2342
1782815428990 0.11012812703847885 2343
1782815428991 0.1339564323425293 2344
1782815428993 0.08104556053876877 2345
1782815428994 0.06343940645456314 2346
1782815428996 0.060526292771101 2347
1782815428997 0.46079879999160767 2348
1782815428998 0.2471095770597458 2349
1782815429000 0.3142848014831543 2350
1782815429001 0.10544796288013458 2351
1782815429002 0.08505762368440628 2352
1782815429004 0.4134790599346161 2353
1782815429005 0.1254694163799286 2354
1782815429007 0.13242755830287933 2355
1782815429008 0.1355917751789093 2356
1782815429009 0.05168510973453522 2357
1782815429011 0.023600716143846512 2358
1782815429012 0.04627760127186775 2359
1782815429013 0.1718878149986267 2360
1782815429015 0.3572291433811188 2361
1782815429016 0.0992494523525238 2362
1782815429017 0.07823611795902252 2363
1782815429019 0.07743442058563232 2364
1782815429020 0.1072646751999855 2365
1782815429022 0.09841074794530869 2366
1782815429023 0.4098239243030548 2367
1782815429024 0.1191510558128357 2368
1782815429026 0.07263733446598053 2369
1782815429027 0.23414938151836395 2370
1782815429028 0.0701417550444603 2371
1782815429030 0.017603835090994835 2372
1782815429031 0.05704478546977043 2373
1782815429032 0.15575532615184784 2374
1782815429034 0.3483254909515381 2375
1782815429035 0.3368509113788605 2376
1782815429036 0.062395669519901276 2377
1782815429039 0.021408546715974808 2378
1782815429041 0.06029762327671051 2379
1782815429042 0.06729060411453247 2380
1782815429043 0.22385357320308685 2381
1782815429045 0.017629459500312805 2382
1782815429046 0.019792361184954643 2383
1782815429047 0.016644742339849472 2384
1782815429050 0.21089279651641846 2385
1782815429051 0.17198334634304047 2386
1782815429052 0.08848068863153458 2387
1782815429054 0.3508530855178833 2388
1782815429055 0.32586222887039185 2389
1782815429056 0.06241372972726822 2390
1782815429058 0.04757070541381836 2391
1782815429059 0.1231243684887886 2392
1782815429061 0.13376587629318237 2393
1782815429062 0.06052698940038681 2394
1782815429063 0.056760869920253754 2395
1782815429065 0.1790647804737091 2396
1782815429066 0.18017156422138214 2397
1782815429067 0.32977819442749023 2398
1782815429069 0.24183964729309082 2399
1782815429070 0.03980812430381775 2400
1782815429072 0.08378037810325623 2401
1782815429073 0.170112743973732 2402
1782815429074 0.12729394435882568 2403
1782815429076 0.034958239644765854 2404
1782815429077 0.20858702063560486 2405
1782815429078 0.1432039737701416 2406
1782815429080 0.035417068749666214 2407
1782815429081 0.1923377513885498 2408
1782815429083 0.14986498653888702 2409
1782815429084 0.07347789406776428 2410
1782815429085 0.07678158581256866 2411
1782815429087 0.05579447001218796 2412
1782815429088 0.10701492428779602 2413
1782815429089 0.095997653901577 2414
1782815429091 0.29174724221229553 2415
1782815429092 0.117943674325943 2416
1782815429094 0.068356953561306 2417
1782815429095 0.10271961987018585 2418
1782815429096 0.014709158800542355 2419
1782815429098 0.15094274282455444 2420
1782815429099 0.12580476701259613 2421
1782815429101 0.07164395600557327 2422
1782815429102 0.07546798884868622 2423
1782815429103 0.01362940389662981 2424
1782815429105 0.03562968224287033 2425
1782815429106 0.33961746096611023 2426
1782815429107 0.07934746146202087 2427
1782815429109 0.1438523828983307 2428
1782815429110 0.004376822151243687 2429
1782815429112 0.06096908450126648 2430
1782815429113 0.5680438280105591 2431
1782815429114 0.30002832412719727 2432
1782815429116 0.08301752805709839 2433
1782815429117 0.15489313006401062 2434
1782815429119 0.09132304787635803 2435
1782815429120 0.15583018958568573 2436
1782815429121 0.249317467212677 2437
1782815429123 0.22082839906215668 2438
1782815429124 0.040700145065784454 2439
1782815429125 0.18347018957138062 2440
1782815429127 0.03793715685606003 2441
1782815429128 0.2373487800359726 2442
1782815429130 0.1639246642589569 2443
1782815429131 0.08937866240739822 2444
1782815429132 0.10863621532917023 2445
1782815429134 0.3226352035999298 2446
1782815429135 0.2602650821208954 2447
1782815429137 0.035516902804374695 2448
1782815429138 0.08889075368642807 2449
1782815429139 0.05481965094804764 2450
1782815429141 0.03492933139204979 2451
1782815429142 0.09343355894088745 2452
1782815429144 0.03435099124908447 2453
1782815429145 0.3487817943096161 2454
1782815429146 0.034022051841020584 2455
1782815429148 0.3490394651889801 2456
1782815429149 0.13676074147224426 2457
1782815429151 0.1405760943889618 2458
1782815429152 0.07804585993289948 2459
1782815429153 0.15305522084236145 2460
1782815429155 0.11902780830860138 2461
1782815429156 0.2616538107395172 2462
1782815429157 0.014444311149418354 2463
1782815429159 0.12517385184764862 2464
1782815429160 0.13927294313907623 2465
1782815429162 0.2048250436782837 2466
1782815429163 0.1975773274898529 2467
1782815429164 0.04937788471579552 2468
1782815429166 0.1832123100757599 2469
1782815429167 0.027940580621361732 2470
1782815429168 0.07004553824663162 2471
1782815429170 0.0314987488090992 2472
1782815429171 0.5753071904182434 2473
1782815429173 0.33965548872947693 2474
1782815429174 0.08398137241601944 2475
1782815429175 0.09921477735042572 2476
1782815429177 0.02839050628244877 2477
1782815429178 0.24456070363521576 2478
1782815429180 0.49757519364356995 2479
1782815429181 0.09769789129495621 2480
1782815429182 0.36033064126968384 2481
1782815429184 0.02686455473303795 2482
1782815429185 0.10263556241989136 2483
1782815429186 0.07674038410186768 2484
1782815429188 0.15833373367786407 2485
1782815429189 0.21034939587116241 2486
1782815429191 0.2970205247402191 2487
1782815429192 0.22373957931995392 2488
1782815429194 0.20186369121074677 2489
1782815429195 0.06818067282438278 2490
1782815429196 0.10746784508228302 2491
1782815429198 0.028505971655249596 2492
1782815429199 0.12245120853185654 2493
1782815429201 0.4394344091415405 2494
1782815429202 0.17153975367546082 2495
1782815429203 0.00877847895026207 2496
1782815429205 0.14245149493217468 2497
1782815429206 0.23573854565620422 2498
1782815429208 0.07571197301149368 2499
1782815429209 0.3954487144947052 2500
1782815429210 0.2487059086561203 2501
1782815429212 0.5311479568481445 2502
1782815429213 0.24699333310127258 2503
1782815429215 0.11072859913110733 2504
1782815429216 0.25783130526542664 2505
1782815429218 0.2197035551071167 2506
1782815429219 0.04302455112338066 2507
1782815429220 0.17314308881759644 2508
1782815429222 0.014736771583557129 2509
1782815429223 0.09686588495969772 2510
1782815429225 0.32325512170791626 2511
1782815429226 0.10000509023666382 2512
1782815429228 0.42264607548713684 2513
1782815429229 0.06389910727739334 2514
1782815429231 0.07667280733585358 2515
1782815429232 0.23923656344413757 2516
1782815429233 0.11062430590391159 2517
1782815429235 0.016546189785003662 2518
1782815429236 0.037240806967020035 2519
1782815429238 0.315599262714386 2520
1782815429239 0.11407352983951569 2521
1782815429241 0.030964748933911324 2522
1782815429242 0.13052794337272644 2523
1782815429243 0.05686623975634575 2524
1782815429245 0.04005971550941467 2525
1782815429246 0.02450624480843544 2526
1782815429248 0.06647469103336334 2527
1782815429249 0.013705612160265446 2528
1782815429250 0.13303296267986298 2529
1782815429252 0.22942595183849335 2530
1782815429253 0.020576421171426773 2531
1782815429255 0.27508264780044556 2532
1782815429256 0.028033554553985596 2533
1782815429257 0.17095479369163513 2534
1782815429259 0.2891576290130615 2535
1782815429260 0.05453742668032646 2536
1782815429262 0.014812869019806385 2537
1782815429263 0.11143714189529419 2538
1782815429264 0.1894025206565857 2539
1782815429266 0.33942463994026184 2540
1782815429267 0.15463152527809143 2541
1782815429269 0.07320176810026169 2542
1782815429270 0.2662224769592285 2543
1782815429272 0.5167526006698608 2544
1782815429273 0.03250826522707939 2545
1782815429274 0.24808599054813385 2546
1782815429276 0.13195502758026123 2547
1782815429277 0.053816232830286026 2548
1782815429278 0.17570361495018005 2549
1782815429280 0.14973117411136627 2550
1782815429281 0.09133550524711609 2551
1782815429282 0.10558664053678513 2552
1782815429284 0.36160916090011597 2553
1782815429285 0.04761279374361038 2554
1782815429287 0.08883894234895706 2555
1782815429288 0.18977046012878418 2556
1782815429289 0.18239867687225342 2557
1782815429291 0.09300188720226288 2558
1782815429292 0.05297832190990448 2559
1782815429294 0.0387219600379467 2560
1782815429295 0.018399428576231003 2561
1782815429296 0.17557018995285034 2562
1782815429298 0.6459397077560425 2563
1782815429299 0.12585873901844025 2564
1782815429300 0.06833811104297638 2565
1782815429302 0.03141557425260544 2566
1782815429303 0.125234916806221 2567
1782815429304 0.5403859615325928 2568
1782815429306 0.1793545037508011 2569
1782815429307 0.08575950562953949 2570
1782815429309 0.2097710520029068 2571
1782815429310 0.11835046112537384 2572
1782815429311 0.15063151717185974 2573
1782815429313 0.28112247586250305 2574
1782815429314 0.062301889061927795 2575
1782815429315 0.02693871036171913 2576
1782815429317 0.15946969389915466 2577
1782815429318 0.23443162441253662 2578
1782815429319 0.12162929773330688 2579
1782815429321 0.12385836988687515 2580
1782815429322 0.22800248861312866 2581
1782815429324 0.004462376702576876 2582
1782815429325 0.05908431485295296 2583
1782815429327 0.1601681262254715 2584
1782815429328 0.09360603243112564 2585
1782815429329 0.15399955213069916 2586
1782815429331 0.11899084597826004 2587
1782815429332 0.0688767358660698 2588
1782815429333 0.1144026592373848 2589
1782815429335 0.2206793874502182 2590
1782815429336 0.15835736691951752 2591
1782815429338 0.024756353348493576 2592
1782815429339 0.12312895804643631 2593
1782815429340 0.022496812045574188 2594
1782815429342 0.030354319140315056 2595
1782815429343 0.09439447522163391 2596
1782815429345 0.11430572718381882 2597
1782815429346 0.02091103047132492 2598
1782815429347 0.05646854639053345 2599
1782815429349 0.11919552087783813 2600
1782815429350 0.017449893057346344 2601
1782815429351 0.22817754745483398 2602
1782815429353 0.07318025827407837 2603
1782815429354 0.030375009402632713 2604
1782815429355 0.1703069806098938 2605
1782815429357 0.10048568248748779 2606
1782815429358 0.12237439304590225 2607
1782815429360 0.20617838203907013 2608
1782815429361 0.019137145951390266 2609
1782815429362 0.07699102908372879 2610
1782815429364 0.016942733898758888 2611
1782815429365 0.04297433793544769 2612
1782815429366 0.0913567990064621 2613
1782815429368 0.13688910007476807 2614
1782815429369 0.07485689222812653 2615
1782815429370 0.12609711289405823 2616
1782815429372 0.13679663836956024 2617
1782815429373 0.2657931447029114 2618
1782815429374 0.06901181489229202 2619
1782815429376 0.4678103029727936 2620
1782815429377 0.014475909993052483 2621
1782815429378 0.004342314321547747 2622
1782815429380 0.044200122356414795 2623
1782815429381 0.013529935851693153 2624
1782815429383 0.15478132665157318 2625
1782815429384 0.07258342951536179 2626
1782815429385 0.24020284414291382 2627
1782815429387 0.10706716030836105 2628
1782815429388 0.11726519465446472 2629
1782815429390 0.1460086852312088 2630
1782815429391 0.18343153595924377 2631
1782815429392 0.1583181619644165 2632
1782815429394 0.03405565023422241 2633
1782815429395 0.036479100584983826 2634
1782815429396 0.07972428947687149 2635
1782815429398 0.1002868041396141 2636
1782815429399 0.03607013449072838 2637
1782815429400 0.15212634205818176 2638
1782815429402 0.310857892036438 2639
1782815429403 0.09954333305358887 2640
1782815429404 0.04849795997142792 2641
1782815429406 0.06306032091379166 2642
1782815429407 0.28068405389785767 2643
1782815429408 0.11988057941198349 2644
1782815429410 0.07375982403755188 2645
1782815429411 0.04168008640408516 2646
1782815429412 0.03005400113761425 2647
1782815429414 0.049635760486125946 2648
1782815429415 0.06635239720344543 2649
1782815429417 0.14477956295013428 2650
1782815429418 0.012373505160212517 2651
1782815429419 0.24046850204467773 2652
1782815429421 0.3849078416824341 2653
1782815429422 0.05346393957734108 2654
1782815429423 0.010837790556252003 2655
1782815429425 0.21972857415676117 2656
1782815429426 0.04874918609857559 2657
1782815429427 0.05475638061761856 2658
1782815429429 0.02899537980556488 2659
1782815429430 0.17988723516464233 2660
1782815429432 0.20217646658420563 2661
1782815429433 0.43222129344940186 2662
1782815429434 0.0562012754380703 2663
1782815429436 0.060834866017103195 2664
1782815429437 0.16916301846504211 2665
1782815429438 0.24930356442928314 2666
1782815429440 0.038023632019758224 2667
1782815429441 0.11553747206926346 2668
1782815429442 0.11605684459209442 2669
1782815429444 0.16050685942173004 2670
1782815429445 0.15777583420276642 2671
1782815429446 0.2673107087612152 2672
1782815429448 0.03185464069247246 2673
1782815429449 0.23277217149734497 2674
1782815429450 0.0698196217417717 2675
1782815429452 0.29582828283309937 2676
1782815429453 0.21848224103450775 2677
1782815429454 0.0989137515425682 2678
1782815429456 0.11989528685808182 2679
1782815429457 0.1737212836742401 2680
1782815429458 0.29161179065704346 2681
1782815429460 0.1600775569677353 2682
1782815429461 0.14459475874900818 2683
1782815429463 0.07327620685100555 2684
1782815429464 0.25666484236717224 2685
1782815429465 0.15162281692028046 2686
1782815429467 0.020596006885170937 2687
1782815429468 0.21334318816661835 2688
1782815429469 0.2503752112388611 2689
1782815429471 0.13011637330055237 2690
1782815429472 0.12282659858465195 2691
1782815429473 0.35124245285987854 2692
1782815429475 0.10077991336584091 2693
1782815429476 0.0557650551199913 2694
1782815429477 0.21852058172225952 2695
1782815429479 0.06100830063223839 2696
1782815429480 0.24328374862670898 2697
1782815429481 0.07278421521186829 2698
1782815429483 0.07090799510478973 2699
1782815429484 0.1081659346818924 2700
1782815429485 0.27653753757476807 2701
1782815429487 0.09121265262365341 2702
1782815429489 0.12504999339580536 2703
1782815429490 0.04153206944465637 2704
1782815429491 0.15031541883945465 2705
1782815429493 0.25637301802635193 2706
1782815429494 0.07673431932926178 2707
1782815429495 0.2661598324775696 2708
1782815429497 0.2800927460193634 2709
1782815429498 0.20245370268821716 2710
1782815429499 0.08296287059783936 2711
1782815429501 0.2106572985649109 2712
1782815429502 0.2597712576389313 2713
1782815429504 0.0647963136434555 2714
1782815429505 0.06223707273602486 2715
1782815429506 0.13235852122306824 2716
1782815429508 0.20471377670764923 2717
1782815429509 0.3176172375679016 2718
1782815429510 0.10009143501520157 2719
1782815429512 0.14482158422470093 2720
1782815429513 0.08704988658428192 2721
1782815429514 0.4159260392189026 2722
1782815429516 0.10415737330913544 2723
1782815429517 0.051983848214149475 2724
1782815429518 0.21472813189029694 2725
1782815429520 0.027201468124985695 2726
1782815429521 0.06231250986456871 2727
1782815429523 0.21854999661445618 2728
1782815429524 0.06600001454353333 2729
1782815429525 0.15150214731693268 2730
1782815429527 0.12380716949701309 2731
1782815429528 0.11570650339126587 2732
1782815429530 0.04502028226852417 2733
1782815429531 0.04209756851196289 2734
1782815429532 0.02827085368335247 2735
1782815429534 0.04120568931102753 2736
1782815429535 0.19109517335891724 2737
1782815429536 0.15099994838237762 2738
1782815429538 0.14462466537952423 2739
1782815429539 0.19551584124565125 2740
1782815429540 0.41557037830352783 2741
1782815429542 0.30745354294776917 2742
1782815429543 0.015965653583407402 2743
1782815429544 0.017136795446276665 2744
1782815429546 0.09105263650417328 2745
1782815429547 0.0708376094698906 2746
1782815429549 0.007047762628644705 2747
1782815429550 0.18034952878952026 2748
1782815429551 0.13568125665187836 2749
1782815429553 0.1328580677509308 2750
1782815429554 0.016563987359404564 2751
1782815429555 0.19876234233379364 2752
1782815429557 0.1797437220811844 2753
1782815429558 0.20966823399066925 2754
1782815429559 0.01558107789605856 2755
1782815429561 0.14017830789089203 2756
1782815429562 0.21747663617134094 2757
1782815429563 0.02607123740017414 2758
1782815429565 0.1051783487200737 2759
1782815429566 0.03974057734012604 2760
1782815429567 0.07915148138999939 2761
1782815429569 0.09220187366008759 2762
1782815429570 0.07107069343328476 2763
1782815429571 0.03487173095345497 2764
1782815429573 0.029314802959561348 2765
1782815429574 0.029950100928544998 2766
1782815429576 0.13069374859333038 2767
1782815429577 0.026351599022746086 2768
1782815429578 0.03603362664580345 2769
1782815429580 0.3309485614299774 2770
1782815429581 0.048943933099508286 2771
1782815429582 0.10716652870178223 2772
1782815429584 0.5449610948562622 2773
1782815429585 0.4125847816467285 2774
1782815429586 0.06810897588729858 2775
1782815429588 0.22056441009044647 2776
1782815429589 0.30070769786834717 2777
1782815429590 0.06402848660945892 2778
1782815429592 0.3367173969745636 2779
1782815429593 0.395915687084198 2780
1782815429594 0.038631681352853775 2781
1782815429596 0.09147476404905319 2782
1782815429597 0.29131948947906494 2783
1782815429599 0.03770674020051956 2784
1782815429600 0.05664288252592087 2785
1782815429601 0.08338993042707443 2786
1782815429603 0.09718997776508331 2787
1782815429604 0.06233496218919754 2788
1782815429605 0.060181912034749985 2789
1782815429607 0.25968608260154724 2790
1782815429608 0.03825157508254051 2791
1782815429609 0.07393741607666016 2792
1782815429611 0.022663237527012825 2793
1782815429612 0.13535110652446747 2794
1782815429613 0.035690367221832275 2795
1782815429615 0.0825745016336441 2796
1782815429616 0.13901865482330322 2797
1782815429617 0.09387165307998657 2798
1782815429619 0.01238626055419445 2799
1782815429620 0.09557301551103592 2800
1782815429622 0.2215217649936676 2801
1782815429623 0.031360968947410583 2802
1782815429625 0.11033350974321365 2803
1782815429626 0.09743062406778336 2804
1782815429628 0.013721869327127934 2805
1782815429629 0.058869488537311554 2806
1782815429630 0.014314200729131699 2807
1782815429632 0.1948672980070114 2808
1782815429633 0.03415043279528618 2809
1782815429635 0.0314619317650795 2810
1782815429636 0.009903989732265472 2811
1782815429638 0.04119592905044556 2812
1782815429639 0.039870552718639374 2813
1782815429641 0.03857574984431267 2814
1782815429642 0.1719537377357483 2815
1782815429644 0.19844911992549896 2816
1782815429645 0.08990225940942764 2817
1782815429646 0.11263056099414825 2818
1782815429648 0.1315305382013321 2819
1782815429649 0.1474936604499817 2820
1782815429651 0.026443155482411385 2821
1782815429652 0.31213128566741943 2822
1782815429654 0.19712141156196594 2823
1782815429655 0.30522820353507996 2824
1782815429657 0.20074929296970367 2825
1782815429658 0.06393836438655853 2826
1782815429659 0.1864866465330124 2827
1782815429661 0.17960084974765778 2828
1782815429662 0.4915260076522827 2829
1782815429664 0.12250735610723495 2830
1782815429665 0.020429950207471848 2831
1782815429667 0.16466698050498962 2832
1782815429668 0.21527309715747833 2833
1782815429670 0.29902178049087524 2834
1782815429671 0.3380352258682251 2835
1782815429673 0.09410952776670456 2836
1782815429674 0.04981492832303047 2837
1782815429676 0.1563541293144226 2838
1782815429677 0.15612567961215973 2839
1782815429679 0.2520047426223755 2840
1782815429680 0.1931964010000229 2841
1782815429682 0.12128952890634537 2842
1782815429683 0.40779921412467957 2843
1782815429684 0.058796148747205734 2844
1782815429686 0.0479564368724823 2845
1782815429687 0.19177085161209106 2846
1782815429689 0.059464432299137115 2847
1782815429691 0.1970451921224594 2848
1782815429692 0.196848526597023 2849
1782815429694 0.06238609924912453 2850
1782815429695 0.5123273730278015 2851
1782815429697 0.19482266902923584 2852
1782815429698 0.049718234688043594 2853
1782815429700 0.5054683685302734 2854
1782815429701 0.05365688353776932 2855
1782815429703 0.08780670911073685 2856
1782815429704 0.10752048343420029 2857
1782815429705 0.2058389037847519 2858
1782815429707 0.05535534396767616 2859
1782815429708 0.039346691220998764 2860
1782815429710 0.12223013490438461 2861
1782815429711 0.4585503041744232 2862
1782815429713 0.13326533138751984 2863
1782815429714 0.30709272623062134 2864
1782815429716 0.06550950556993484 2865
1782815429717 0.19379198551177979 2866
1782815429719 0.1413259506225586 2867
1782815429720 0.19516730308532715 2868
1782815429721 0.13806621730327606 2869
1782815429723 0.0845513865351677 2870
1782815429725 0.016621123999357224 2871
1782815429727 0.08912317454814911 2872
1782815429728 0.17447155714035034 2873
1782815429729 0.14795081317424774 2874
1782815429730 0.17486566305160522 2875
1782815429732 0.3928651213645935 2876
1782815429733 0.09113799035549164 2877
1782815429734 0.06425278633832932 2878
1782815429736 0.020171377807855606 2879
1782815429737 0.03298354148864746 2880
1782815429738 0.021903615444898605 2881
1782815429740 0.1651834100484848 2882
1782815429741 0.09633998572826385 2883
1782815429743 0.15962721407413483 2884
1782815429744 0.07534060627222061 2885
1782815429745 0.2996646761894226 2886
1782815429747 0.05832824483513832 2887
1782815429748 0.16339841485023499 2888
1782815429749 0.09103625267744064 2889
1782815429751 0.06658267974853516 2890
1782815429752 0.19464416801929474 2891
1782815429754 0.006409152410924435 2892
1782815429755 0.13157564401626587 2893
1782815429756 0.1958404779434204 2894
1782815429758 0.04864941164851189 2895
1782815429759 0.28535008430480957 2896
1782815429761 0.07267612963914871 2897
1782815429762 0.027510562911629677 2898
1782815429763 0.08207321912050247 2899
1782815429765 0.20896682143211365 2900
1782815429766 0.09907351434230804 2901
1782815429768 0.11223991215229034 2902
1782815429769 0.1830221265554428 2903
1782815429770 0.015217478387057781 2904
1782815429772 0.036889467388391495 2905
1782815429773 0.16298313438892365 2906
1782815429774 0.12286078929901123 2907
1782815429776 0.09911917895078659 2908
1782815429777 0.015750810503959656 2909
1782815429779 0.1341390609741211 2910
1782815429780 0.20758123695850372 2911
1782815429781 0.16661801934242249 2912
1782815429783 0.08755131810903549 2913
1782815429784 0.009704377502202988 2914
1782815429786 0.15217608213424683 2915
1782815429787 0.06507175415754318 2916
1782815429788 0.2396320104598999 2917
1782815429790 0.1866934597492218 2918
1782815429791 0.04761972650885582 2919
1782815429792 0.02348080836236477 2920
1782815429794 0.21776916086673737 2921
1782815429795 0.17555120587348938 2922
1782815429797 0.09164977073669434 2923
1782815429798 0.056253544986248016 2924
1782815429799 0.13420641422271729 2925
1782815429801 0.4555985629558563 2926
1782815429802 0.09978983551263809 2927
1782815429803 0.12366803735494614 2928
1782815429805 0.0237991064786911 2929
1782815429806 0.17327925562858582 2930
1782815429807 0.012370278127491474 2931
1782815429809 0.03733613342046738 2932
1782815429810 0.0714947059750557 2933
1782815429812 0.11841921508312225 2934
1782815429813 0.06031358614563942 2935
1782815429814 0.07502805441617966 2936
1782815429816 0.22727814316749573 2937
1782815429817 0.2786467671394348 2938
1782815429818 0.21396155655384064 2939
1782815429820 0.04402489587664604 2940
1782815429821 0.16231220960617065 2941
1782815429823 0.03535836562514305 2942
1782815429824 0.0035574152134358883 2943
1782815429826 0.03372538089752197 2944
1782815429827 0.16584976017475128 2945
1782815429828 0.47678688168525696 2946
1782815429830 0.20076847076416016 2947
1782815429831 0.2721801996231079 2948
1782815429832 0.11530698090791702 2949
1782815429834 0.2590261697769165 2950
1782815429835 0.5646889209747314 2951
1782815429837 0.01233247946947813 2952
1782815429838 0.24720041453838348 2953
1782815429840 0.18135935068130493 2954
1782815429841 0.2613348066806793 2955
1782815429842 0.11049406975507736 2956
1782815429844 0.1437530815601349 2957
1782815429845 0.22371633350849152 2958
1782815429846 0.09434498846530914 2959
1782815429848 0.06285388767719269 2960
1782815429849 0.011233782395720482 2961
1782815429851 0.0328967459499836 2962
1782815429852 0.0760791152715683 2963
1782815429853 0.07293149083852768 2964
1782815429855 0.1227167472243309 2965
1782815429856 0.034680552780628204 2966
1782815429857 0.017069213092327118 2967
1782815429859 0.06003938615322113 2968
1782815429860 0.01973682828247547 2969
1782815429861 0.04488900303840637 2970
1782815429863 0.09753602743148804 2971
1782815429865 0.08581210672855377 2972
1782815429866 0.2964157462120056 2973
1782815429868 0.0651359111070633 2974
1782815429869 0.06490430980920792 2975
1782815429870 0.030099201947450638 2976
1782815429872 0.1370626986026764 2977
1782815429873 0.12222269922494888 2978
1782815429874 0.013897157274186611 2979
1782815429876 0.26767921447753906 2980
1782815429877 0.01971510425209999 2981
1782815429878 0.20359863340854645 2982
1782815429880 0.19583003222942352 2983
1782815429881 0.18861337006092072 2984
1782815429882 0.24915558099746704 2985
1782815429884 0.2549435794353485 2986
1782815429885 0.31032949686050415 2987
1782815429886 0.045513395220041275 2988
1782815429888 0.08724667876958847 2989
1782815429889 0.03898273780941963 2990
1782815429891 0.09097930043935776 2991
1782815429892 0.1069793626666069 2992
1782815429893 0.17051894962787628 2993
1782815429895 0.23582664132118225 2994
1782815429896 0.12911319732666016 2995
1782815429897 0.03050689399242401 2996
1782815429899 0.07505987584590912 2997
1782815429900 0.28316470980644226 2998
1782815429902 0.09637928754091263 2999
1782815429903 0.10078392922878265 3000
1782815429905 0.16733120381832123 3001
1782815429906 0.05430695414543152 3002
1782815429908 0.0074385991320014 3003
1782815429909 0.25445321202278137 3004
1782815429911 0.11308087408542633 3005
1782815429912 0.22352303564548492 3006
1782815429913 0.12747371196746826 3007
1782815429915 0.06477653980255127 3008
1782815429916 0.2470659762620926 3009
1782815429918 0.031158536672592163 3010
1782815429919 0.0569252148270607 3011
1782815429921 0.10294738411903381 3012
1782815429922 0.3090866804122925 3013
1782815429924 0.12694334983825684 3014
1782815429925 0.3050217926502228 3015
1782815429927 0.05335012823343277 3016
1782815429928 0.06950154155492783 3017
1782815429930 0.12420439720153809 3018
1782815429931 0.20043551921844482 3019
1782815429933 0.05140533670783043 3020
1782815429934 0.010359777137637138 3021
1782815429935 0.08247986435890198 3022
1782815429937 0.1796722412109375 3023
1782815429938 0.12361935526132584 3024
1782815429940 0.05418510362505913 3025
1782815429941 0.2556522488594055 3026
1782815429943 0.05321034789085388 3027
1782815429944 0.011107541620731354 3028
1782815429946 0.2154952734708786 3029
1782815429947 0.0221982691437006 3030
1782815429949 0.03152942657470703 3031
1782815429950 0.18992215394973755 3032
1782815429952 0.17475159466266632 3033
1782815429953 0.09540808945894241 3034
1782815429955 0.11803467571735382 3035
1782815429956 0.1560593843460083 3036
1782815429957 0.14362846314907074 3037
1782815429959 0.07528631389141083 3038
1782815429960 0.2421988993883133 3039
1782815429962 0.02149476669728756 3040
1782815429963 0.1255520135164261 3041
1782815429965 0.12131477892398834 3042
1782815429966 0.15115855634212494 3043
1782815429968 0.37288281321525574 3044
1782815429969 0.10478703677654266 3045
1782815429971 0.0883689746260643 3046
1782815429972 0.11784011125564575 3047
1782815429973 0.2575570344924927 3048
1782815429975 0.11651071906089783 3049
1782815429976 0.06734592467546463 3050
1782815429978 0.3714720904827118 3051
1782815429979 0.21033528447151184 3052
1782815429981 0.09390882402658463 3053
1782815429982 0.02412375621497631 3054
1782815429984 0.020595282316207886 3055
1782815429985 0.26555129885673523 3056
1782815429987 0.14092575013637543 3057
1782815429988 0.03558003902435303 3058
1782815429989 0.07297411561012268 3059
1782815429991 0.13308461010456085 3060
1782815429992 0.06928141415119171 3061
1782815429994 0.057831957936286926 3062
1782815429995 0.0670945942401886 3063
1782815429997 0.019426165148615837 3064
1782815429998 0.23970118165016174 3065
1782815429999 0.03270243853330612 3066
1782815430001 0.026968922466039658 3067
1782815430002 0.1659759134054184 3068
1782815430004 0.11682742834091187 3069
1782815430005 0.016195110976696014 3070
1782815430007 0.1714283674955368 3071
1782815430008 0.1383507400751114 3072
1782815430009 0.02820172719657421 3073
1782815430011 0.006462021730840206 3074
1782815430012 0.1986263394355774 3075
1782815430013 0.010100018233060837 3076
1782815430015 0.4797324240207672 3077
1782815430016 0.11162692308425903 3078
1782815430018 0.19094286859035492 3079
1782815430019 0.024642018601298332 3080
1782815430020 0.02523326314985752 3081
1782815430022 0.08528691530227661 3082
1782815430023 0.2692001163959503 3083
1782815430024 0.039945077151060104 3084
1782815430026 0.06887644529342651 3085
1782815430027 0.06961017102003098 3086
1782815430029 0.05785243958234787 3087
1782815430030 0.021710939705371857 3088
1782815430031 0.004521154332906008 3089
1782815430033 0.2847936153411865 3090
1782815430034 0.15560689568519592 3091
1782815430035 0.15201030671596527 3092
1782815430037 0.2744271755218506 3093
1782815430038 0.11778897792100906 3094
1782815430039 0.04473433643579483 3095
1782815430041 0.08588777482509613 3096
1782815430042 0.14918223023414612 3097
1782815430044 0.04753552004694939 3098
1782815430045 0.28307703137397766 3099
1782815430046 0.038493528962135315 3100
1782815430048 0.2679285705089569 3101
1782815430049 0.08240128308534622 3102
1782815430050 0.14410315454006195 3103
1782815430052 0.11374775320291519 3104
1782815430053 0.16709166765213013 3105
1782815430055 0.08805527538061142 3106
1782815430056 0.1433785855770111 3107
1782815430057 0.16426503658294678 3108
1782815430059 0.12874145805835724 3109
1782815430060 0.5135393142700195 3110
1782815430061 0.09369511157274246 3111
1782815430063 0.03244589641690254 3112
1782815430064 0.090838722884655 3113
1782815430066 0.10617968440055847 3114
1782815430067 0.5182720422744751 3115
1782815430068 0.03453202173113823 3116
1782815430070 0.16018906235694885 3117
1782815430071 0.10811308026313782 3118
1782815430073 0.4076550304889679 3119
1782815430074 0.17422808706760406 3120
1782815430075 0.05527453497052193 3121
1782815430077 0.11073470860719681 3122
1782815430078 0.11782868206501007 3123
1782815430079 0.1262802630662918 3124
1782815430081 0.054172828793525696 3125
1782815430082 0.05973239243030548 3126
1782815430083 0.18576782941818237 3127
1782815430085 0.03238105773925781 3128
1782815430086 0.09087435156106949 3129
1782815430088 0.027164777740836143 3130
1782815430089 0.3218499422073364 3131
1782815430090 0.1784065067768097 3132
1782815430092 0.013635152950882912 3133
1782815430093 0.3467296361923218 3134
1782815430095 0.23694321513175964 3135
1782815430096 0.19508327543735504 3136
1782815430097 0.10028478503227234 3137
1782815430099 0.06070242449641228 3138
1782815430100 0.09731674194335938 3139
1782815430101 0.12677621841430664 3140
1782815430103 0.1936056911945343 3141
1782815430104 0.18521149456501007 3142
1782815430106 0.02668306604027748 3143
1782815430107 0.22303403913974762 3144
1782815430108 0.22484169900417328 3145
1782815430110 0.02093576453626156 3146
1782815430111 0.09176003187894821 3147
1782815430112 0.1427861899137497 3148
1782815430114 0.1494821161031723 3149
1782815430115 0.014457455836236477 3150
1782815430117 0.0322522297501564 3151
1782815430118 0.7034520506858826 3152
1782815430119 0.08414323627948761 3153
1782815430121 0.1358594447374344 3154
1782815430122 0.09126754105091095 3155
1782815430124 0.00879325158894062 3156
1782815430125 0.03471739590167999 3157
1782815430126 0.04749343544244766 3158
1782815430128 0.3117690682411194 3159
1782815430129 0.2884959280490875 3160
1782815430131 0.010823722928762436 3161
1782815430132 0.04729074984788895 3162
1782815430133 0.02301749587059021 3163
1782815430135 0.03358584642410278 3164
1782815430136 0.041068319231271744 3165
1782815430137 0.2449459284543991 3166
1782815430139 0.19508878886699677 3167
1782815430140 0.15891169011592865 3168
1782815430141 0.03718477487564087 3169
1782815430143 0.02116488851606846 3170
1782815430144 0.10310018062591553 3171
1782815430146 0.08088516443967819 3172
1782815430147 0.04035429656505585 3173
1782815430148 0.01592462882399559 3174
1782815430150 0.03982657194137573 3175
1782815430151 0.07039965689182281 3176
1782815430153 0.11517132073640823 3177
1782815430154 0.07179102301597595 3178
1782815430155 0.19316507875919342 3179
1782815430157 0.032332006841897964 3180
1782815430158 0.13679221272468567 3181
1782815430159 0.015763528645038605 3182
1782815430161 0.0743141770362854 3183
1782815430162 0.372316837310791 3184
1782815430164 0.020169902592897415 3185
1782815430165 0.10676496475934982 3186
1782815430166 0.15313753485679626 3187
1782815430168 0.1621132642030716 3188
1782815430169 0.13635657727718353 3189
1782815430170 0.09343543648719788 3190
1782815430172 0.018154576420783997 3191
1782815430173 0.1331809163093567 3192
1782815430174 0.20597371459007263 3193
1782815430176 0.13824404776096344 3194
1782815430177 0.08887039870023727 3195
1782815430179 0.010454661212861538 3196
1782815430180 0.22647452354431152 3197
1782815430181 0.14238958060741425 3198
1782815430183 0.34276866912841797 3199
1782815430184 0.1965610533952713 3200
1782815430186 0.1283501237630844 3201
1782815430187 0.3343305289745331 3202
1782815430189 0.05212653800845146 3203
1782815430190 0.022683793678879738 3204
1782815430192 0.36186206340789795 3205
1782815430194 0.05068415403366089 3206
1782815430195 0.06340554356575012 3207
1782815430197 0.10600537061691284 3208
1782815430199 0.3407194912433624 3209
1782815430200 0.041055645793676376 3210
1782815430202 0.20185936987400055 3211
1782815430203 0.09178182482719421 3212
1782815430205 0.11070331186056137 3213
1782815430206 0.009942314587533474 3214
1782815430208 0.07881106436252594 3215
1782815430210 0.042518820613622665 3216
1782815430211 0.22342249751091003 3217
1782815430213 0.19737368822097778 3218
1782815430214 0.06425876170396805 3219
1782815430216 0.14819182455539703 3220
1782815430217 0.12921039760112762 3221
1782815430219 0.04108390957117081 3222
1782815430220 0.15168127417564392 3223
1782815430222 0.3483404815196991 3224
1782815430224 0.09425210952758789 3225
1782815430225 0.13960833847522736 3226
1782815430227 0.1387348473072052 3227
1782815430228 0.34639856219291687 3228
1782815430230 0.07971134781837463 3229
1782815430231 0.06413119286298752 3230
1782815430232 0.16196291148662567 3231
1782815430234 0.03443508595228195 3232
1782815430235 0.15159519016742706 3233
1782815430237 0.08846177905797958 3234
1782815430238 0.07861196249723434 3235
1782815430240 0.18695802986621857 3236
1782815430241 0.17340508103370667 3237
1782815430242 0.0187851469963789 3238
1782815430244 0.03167211636900902 3239
1782815430245 0.12934592366218567 3240
1782815430246 0.27611273527145386 3241
1782815430248 0.10601522773504257 3242
1782815430249 0.2720530331134796 3243
1782815430251 0.07075846940279007 3244
1782815430252 0.39073145389556885 3245
1782815430253 0.23528563976287842 3246
1782815430255 0.02973656915128231 3247
1782815430256 0.08836906403303146 3248
1782815430258 0.4784408211708069 3249
1782815430259 0.11378858983516693 3250
1782815430260 0.17471157014369965 3251
1782815430262 0.03464629873633385 3252
1782815430263 0.022576939314603806 3253
1782815430265 0.007814804092049599 3254
1782815430266 0.0666128620505333 3255
1782815430267 0.053793203085660934 3256
1782815430269 0.17933429777622223 3257
1782815430270 0.1366894543170929 3258
1782815430271 0.15782669186592102 3259
1782815430273 0.1946875900030136 3260
1782815430274 0.1620071977376938 3261
1782815430275 0.09440799802541733 3262
1782815430277 0.22470848262310028 3263
1782815430278 0.055867165327072144 3264
1782815430280 0.12305090576410294 3265
1782815430281 0.04241284728050232 3266
1782815430282 0.08307275176048279 3267
1782815430284 0.03156639263033867 3268
1782815430285 0.14108963310718536 3269
1782815430286 0.008794771507382393 3270
1782815430288 0.0036012916825711727 3271
1782815430289 0.1347450166940689 3272
1782815430291 0.06790342181921005 3273
1782815430292 0.006066044792532921 3274
1782815430293 0.18382295966148376 3275
1782815430295 0.08844161033630371 3276
1782815430296 0.050771135836839676 3277
1782815430297 0.4090458154678345 3278
1782815430299 0.050415534526109695 3279
1782815430300 0.09051059931516647 3280
1782815430301 0.0975332260131836 3281
1782815430303 0.08307846635580063 3282
1782815430304 0.048535630106925964 3283
1782815430306 0.032790251076221466 3284
1782815430307 0.03830218315124512 3285
1782815430308 0.3933458924293518 3286
1782815430310 0.0512249730527401 3287
1782815430311 0.04791555553674698 3288
1782815430312 0.015781497582793236 3289
1782815430314 0.1627393513917923 3290
1782815430315 0.10187091678380966 3291
1782815430317 0.252907931804657 3292
1782815430318 0.060343481600284576 3293
1782815430319 0.20567695796489716 3294
1782815430321 0.0987752303481102 3295
1782815430322 0.016995633020997047 3296
1782815430323 0.14899055659770966 3297
1782815430325 0.26859164237976074 3298
1782815430326 0.15720857679843903 3299
1782815430328 0.15542685985565186 3300
1782815430329 0.27047714591026306 3301
1782815430330 0.08137530088424683 3302
1782815430332 0.011396318674087524 3303
1782815430333 0.07636740058660507 3304
1782815430334 0.0657191202044487 3305
1782815430336 0.18974509835243225 3306
1782815430337 0.052930209785699844 3307
1782815430338 0.0917082130908966 3308
1782815430340 0.08547638356685638 3309
1782815430341 0.030334094539284706 3310
1782815430343 0.18336650729179382 3311
1782815430344 0.017520301043987274 3312
1782815430345 0.22328127920627594 3313
1782815430347 0.03448541462421417 3314
1782815430348 0.20300903916358948 3315
1782815430349 0.5423524975776672 3316
1782815430351 0.469900906085968 3317
1782815430352 0.3377920091152191 3318
1782815430353 0.1176580861210823 3319
1782815430355 0.05777190625667572 3320
1782815430356 0.156096950173378 3321
1782815430358 0.032747216522693634 3322
1782815430359 0.045412126928567886 3323
1782815430360 0.21580809354782104 3324
1782815430362 0.14022892713546753 3325
1782815430363 0.29760029911994934 3326
1782815430364 0.05293864384293556 3327
1782815430366 0.4557620584964752 3328
1782815430367 0.18769852817058563 3329
1782815430369 0.2346155345439911 3330
1782815430370 0.09938392043113708 3331
1782815430371 0.05876219645142555 3332
1782815430373 0.09494296461343765 3333
1782815430374 0.29451999068260193 3334
1782815430375 0.11506251245737076 3335
1782815430377 0.06483320146799088 3336
1782815430378 0.19837750494480133 3337
1782815430380 0.0388057641685009 3338
1782815430381 0.051569774746894836 3339
1782815430382 0.05507536605000496 3340
1782815430384 0.298499196767807 3341
1782815430385 0.0951632559299469 3342
1782815430386 0.15749095380306244 3343
1782815430388 0.1195436418056488 3344
1782815430389 0.045223355293273926 3345
1782815430391 0.02575153484940529 3346
1782815430392 0.5055671334266663 3347
1782815430393 0.058925747871398926 3348
1782815430395 0.091731496155262 3349
1782815430396 0.2758181691169739 3350
1782815430397 0.09079644083976746 3351
1782815430399 0.05341562256217003 3352
1782815430400 0.2145966738462448 3353
1782815430401 0.046805061399936676 3354
1782815430403 0.08801646530628204 3355
1782815430404 0.17744548618793488 3356
1782815430406 0.12753285467624664 3357
1782815430407 0.15368753671646118 3358
1782815430408 0.276717871427536 3359
1782815430410 0.12422234565019608 3360
1782815430411 0.14074952900409698 3361
1782815430412 0.055729690939188004 3362
1782815430414 0.017483389005064964 3363
1782815430415 0.06766676902770996 3364
1782815430416 0.15978579223155975 3365
1782815430418 0.05323341488838196 3366
1782815430419 0.35045886039733887 3367
1782815430420 0.3499019742012024 3368
1782815430422 0.11624207347631454 3369
1782815430423 0.0358385369181633 3370
1782815430425 0.09932669252157211 3371
1782815430426 0.17731520533561707 3372
1782815430427 0.12130823731422424 3373
1782815430429 0.0047329445369541645 3374
1782815430430 0.18493478000164032 3375
1782815430432 0.19958752393722534 3376
1782815430433 0.15272460877895355 3377
1782815430434 0.03902917355298996 3378
1782815430436 0.0069430433213710785 3379
1782815430438 0.42856645584106445 3380
1782815430439 0.17889522016048431 3381
1782815430440 0.03647052124142647 3382
1782815430442 0.042082007974386215 3383
1782815430443 0.07158906012773514 3384
1782815430445 0.053976356983184814 3385
1782815430446 0.0689234659075737 3386
1782815430447 0.1552850902080536 3387
1782815430449 0.036856088787317276 3388
1782815430450 0.3245706558227539 3389
1782815430452 0.44846683740615845 3390
1782815430454 0.2451082319021225 3391
1782815430457 0.052898675203323364 3392
1782815430459 0.09280557930469513 3393
1782815430461 0.14526154100894928 3394
1782815430463 0.10304108262062073 3395
1782815430465 0.0713365226984024 3396
1782815430467 0.152201309800148 3397
1782815430469 0.05726400762796402 3398
1782815430471 0.07018476724624634 3399
1782815430473 0.07173535972833633 3400
1782815430475 0.05392671003937721 3401
1782815430477 0.2493610978126526 3402
1782815430480 0.03227086365222931 3403
1782815430481 0.10743185132741928 3404
1782815430483 0.05378272011876106 3405
1782815430484 0.009067061357200146 3406
1782815430486 0.058347832411527634 3407
1782815430488 0.2673690915107727 3408
1782815430489 0.12447849661111832 3409
1782815430491 0.2235146164894104 3410
1782815430493 0.05549411103129387 3411
1782815430495 0.11047898232936859 3412
1782815430496 0.019592827185988426 3413
1782815430497 0.09834033995866776 3414
1782815430499 0.06057320162653923 3415
1782815430500 0.013195708394050598 3416
1782815430502 0.008979097940027714 3417
1782815430503 0.16761797666549683 3418
1782815430505 0.14062678813934326 3419
1782815430506 0.055801935493946075 3420
1782815430507 0.2765906751155853 3421
1782815430509 0.0974583625793457 3422
1782815430510 0.2098587453365326 3423
1782815430512 0.06786953657865524 3424
1782815430513 0.013023773208260536 3425
1782815430514 0.10275234282016754 3426
1782815430516 0.1552657037973404 3427
1782815430517 0.24265483021736145 3428
1782815430519 0.15830789506435394 3429
1782815430520 0.385187029838562 3430
1782815430522 0.042571865022182465 3431
1782815430523 0.22525405883789062 3432
1782815430524 0.011368225328624249 3433
1782815430526 0.16563425958156586 3434
1782815430532 0.10680900514125824 3435
1782815430533 0.10314450412988663 3436
1782815430534 0.07897201180458069 3437
1782815430536 0.021654266864061356 3438
1782815430537 0.24625952541828156 3439
1782815430539 0.14309236407279968 3440
1782815430540 0.16974017024040222 3441
1782815430541 0.031262822449207306 3442
1782815430543 0.15715599060058594 3443
1782815430544 0.036515239626169205 3444
1782815430546 0.02774462103843689 3445
1782815430547 0.3408051133155823 3446
1782815430548 0.030397282913327217 3447
1782815430550 0.06786010414361954 3448
1782815430551 0.10101453959941864 3449
1782815430553 0.05897009000182152 3450
1782815430554 0.08042192459106445 3451
1782815430556 0.19888286292552948 3452
1782815430557 0.21830685436725616 3453
1782815430559 0.0782364159822464 3454
1782815430560 0.16988559067249298 3455
1782815430561 0.06905905902385712 3456
1782815430563 0.11665596812963486 3457
1782815430564 0.14161908626556396 3458
1782815430566 0.12279330939054489 3459
1782815430567 0.010959700681269169 3460
1782815430569 0.13088952004909515 3461
1782815430570 0.23954208195209503 3462
1782815430572 0.06764299422502518 3463
1782815430573 0.1420472264289856 3464
1782815430574 0.00785102043300867 3465
1782815430576 0.0132552869617939 3466
1782815430577 0.04689165577292442 3467
1782815430579 0.08003377169370651 3468
1782815430580 0.0891275405883789 3469
1782815430581 0.04681268706917763 3470
1782815430583 0.22185635566711426 3471
1782815430584 0.09383721649646759 3472
1782815430586 0.12232150137424469 3473
1782815430587 0.031746409833431244 3474
1782815430589 0.1746024638414383 3475
1782815430590 0.04994932934641838 3476
1782815430591 0.07107019424438477 3477
1782815430593 0.2793191969394684 3478
1782815430594 0.279948353767395 3479
1782815430596 0.08768149465322495 3480
1782815430597 0.138845756649971 3481
1782815430598 0.06638921797275543 3482
1782815430600 0.0819280743598938 3483
1782815430601 0.020814698189496994 3484
1782815430603 0.4206712543964386 3485
1782815430604 0.12265507876873016 3486
1782815430606 0.1279420107603073 3487
1782815430607 0.04541950300335884 3488
1782815430609 0.117953822016716 3489
1782815430610 0.07384772598743439 3490
1782815430612 0.47487691044807434 3491
1782815430614 0.028133289888501167 3492
1782815430615 0.22235427796840668 3493
1782815430617 0.3177996277809143 3494
1782815430619 0.4334737956523895 3495
1782815430621 0.06166226044297218 3496
1782815430622 0.17937885224819183 3497
1782815430624 0.09162639081478119 3498
1782815430626 0.08492929488420486 3499
1782815430627 0.39375174045562744 3500
1782815430629 0.21790224313735962 3501
1782815430630 0.0840662345290184 3502
1782815430632 0.04114755988121033 3503
1782815430633 0.17135298252105713 3504
1782815430634 0.07250227779150009 3505
1782815430636 0.06500977277755737 3506
1782815430637 0.23747551441192627 3507
1782815430639 0.07677493989467621 3508
1782815430640 0.026812754571437836 3509
1782815430642 0.13630236685276031 3510
1782815430643 0.23172098398208618 3511
1782815430644 0.223228320479393 3512
1782815430646 0.15288984775543213 3513
1782815430647 0.2491084337234497 3514
1782815430649 0.05571829155087471 3515
1782815430650 0.3082525134086609 3516
1782815430651 0.3620684742927551 3517
1782815430653 0.22815489768981934 3518
1782815430654 0.060766566544771194 3519
1782815430655 0.060045793652534485 3520
1782815430657 0.15494506061077118 3521
1782815430658 0.10869645327329636 3522
1782815430660 0.05336206406354904 3523
1782815430661 0.45362359285354614 3524
1782815430663 0.05217140167951584 3525
1782815430664 0.07462310045957565 3526
1782815430665 0.07506227493286133 3527
1782815430667 0.12243622541427612 3528
1782815430668 0.07479192316532135 3529
1782815430670 0.17074793577194214 3530
1782815430671 0.13974712789058685 3531
1782815430672 0.17372892796993256 3532
1782815430674 0.04097185283899307 3533
1782815430675 0.16831861436367035 3534
1782815430677 0.09783586114645004 3535
1782815430678 0.06317406892776489 3536
1782815430680 0.13592198491096497 3537
1782815430681 0.050218719989061356 3538
1782815430683 0.23236550390720367 3539
1782815430684 0.17202284932136536 3540
1782815430685 0.29158735275268555 3541
1782815430687 0.07110117375850677 3542
1782815430688 0.15848644077777863 3543
1782815430690 0.061893898993730545 3544
1782815430691 0.060657717287540436 3545
1782815430692 0.07120734453201294 3546
1782815430694 0.007414092309772968 3547
1782815430695 0.06394090503454208 3548
1782815430697 0.012733220122754574 3549
1782815430698 0.25723615288734436 3550
1782815430699 0.06919073313474655 3551
1782815430701 0.3293198049068451 3552
1782815430702 0.04264731705188751 3553
1782815430704 0.22843652963638306 3554
1782815430705 0.0335167795419693 3555
1782815430707 0.03130948171019554 3556
1782815430708 0.20659010112285614 3557
1782815430709 0.2013123482465744 3558
1782815430711 0.0910971537232399 3559
1782815430712 0.13353459537029266 3560
1782815430713 0.2774727940559387 3561
1782815430715 0.029100729152560234 3562
1782815430716 0.24144868552684784 3563
1782815430718 0.390472948551178 3564
1782815430719 0.4547024667263031 3565
1782815430721 0.017916906625032425 3566
1782815430722 0.20704776048660278 3567
1782815430723 0.2667617201805115 3568
1782815430725 0.10554937273263931 3569
1782815430726 0.3097296953201294 3570
1782815430728 0.021348942071199417 3571
1782815430729 0.359817236661911 3572
1782815430731 0.20342929661273956 3573
1782815430732 0.21449963748455048 3574
1782815430733 0.09829877316951752 3575
1782815430735 0.07702887803316116 3576
1782815430736 0.2557838261127472 3577
1782815430738 0.047479428350925446 3578
1782815430739 0.0802086815237999 3579
1782815430740 0.12595732510089874 3580
1782815430742 0.09698858857154846 3581
1782815430743 0.06535156816244125 3582
1782815430745 0.4714234471321106 3583
1782815430746 0.2513163685798645 3584
1782815430747 0.04592486470937729 3585
1782815430749 0.08674914389848709 3586
1782815430750 0.06915289163589478 3587
1782815430752 0.1297900527715683 3588
1782815430753 0.17620138823986053 3589
1782815430754 0.06788741797208786 3590
1782815430756 0.05212894454598427 3591
1782815430757 0.18201541900634766 3592
1782815430759 0.14526207745075226 3593
1782815430760 0.0346517339348793 3594
1782815430761 0.2214953452348709 3595
1782815430763 0.11846864223480225 3596
1782815430764 0.04335669055581093 3597
1782815430766 0.07051809132099152 3598
1782815430767 0.016472715884447098 3599
1782815430769 0.08355916291475296 3600
1782815430770 0.3028295636177063 3601
1782815430772 0.0227054413408041 3602
1782815430773 0.06386271119117737 3603
1782815430775 0.0839877650141716 3604
1782815430777 0.023011012002825737 3605
1782815430779 0.04237756505608559 3606
1782815430780 0.19106097519397736 3607
1782815430782 0.08216532319784164 3608
1782815430783 0.31467941403388977 3609
1782815430785 0.026011919602751732 3610
1782815430786 0.08568184822797775 3611
1782815430788 0.13130976259708405 3612
1782815430789 0.1352362334728241 3613
1782815430791 0.02337673306465149 3614
1782815430792 0.24633687734603882 3615
1782815430794 0.0990331619977951 3616
1782815430795 0.03285771980881691 3617
1782815430797 0.10196561366319656 3618
1782815430798 0.0530841089785099 3619
1782815430799 0.18814921379089355 3620
1782815430801 0.04910863935947418 3621
1782815430802 0.09269841015338898 3622
1782815430803 0.12619589269161224 3623
1782815430805 0.05532113090157509 3624
1782815430806 0.09517520666122437 3625
1782815430808 0.08992345631122589 3626
1782815430809 0.16398482024669647 3627
1782815430810 0.056699495762586594 3628
1782815430812 0.058182623237371445 3629
1782815430813 0.03516175225377083 3630
1782815430814 0.052783578634262085 3631
1782815430816 0.3339296281337738 3632
1782815430817 0.05551925674080849 3633
1782815430819 0.06822019815444946 3634
1782815430820 0.09653197228908539 3635
1782815430821 0.010734882205724716 3636
1782815430823 0.007811817340552807 3637
1782815430824 0.07835137844085693 3638
1782815430826 0.12285316735506058 3639
1782815430827 0.30550727248191833 3640
1782815430828 0.16718833148479462 3641
1782815430830 0.12228793650865555 3642
1782815430831 0.03881620243191719 3643
1782815430833 0.0029064191039651632 3644
1782815430834 0.1255146563053131 3645
1782815430835 0.04875639081001282 3646
1782815430837 0.0035504421684890985 3647
1782815430838 0.26672062277793884 3648
1782815430840 0.02293550781905651 3649
1782815430841 0.026410270482301712 3650
1782815430842 0.1688641905784607 3651
1782815430844 0.1313745677471161 3652
1782815430845 0.095185786485672 3653
1782815430847 0.23327967524528503 3654
1782815430848 0.13404951989650726 3655
1782815430850 0.16739699244499207 3656
1782815430851 0.04021896421909332 3657
1782815430852 0.05233379080891609 3658
1782815430854 0.21130138635635376 3659
1782815430855 0.20094770193099976 3660
1782815430856 0.06595893204212189 3661
1782815430858 0.04422386363148689 3662
1782815430859 0.1288861334323883 3663
1782815430861 0.17400965094566345 3664
1782815430862 0.16172859072685242 3665
1782815430864 0.3248806297779083 3666
1782815430865 0.05249262601137161 3667
1782815430867 0.03789476677775383 3668
1782815430868 0.03640102222561836 3669
1782815430869 0.07727885991334915 3670
1782815430871 0.46058544516563416 3671
1782815430872 0.09064488857984543 3672
1782815430874 0.16959363222122192 3673
1782815430875 0.02749231830239296 3674
1782815430877 0.09275753796100616 3675
1782815430878 0.13742907345294952 3676
1782815430879 0.1926892250776291 3677
1782815430881 0.42961031198501587 3678
1782815430882 0.03296678513288498 3679
1782815430884 0.029276655986905098 3680
1782815430885 0.21875804662704468 3681
1782815430886 0.06729720532894135 3682
1782815430888 0.00348873995244503 3683
1782815430889 0.017178893089294434 3684
1782815430891 0.30612874031066895 3685
1782815430892 0.044742994010448456 3686
1782815430893 0.02662978507578373 3687
1782815430895 0.08252645283937454 3688
1782815430896 0.14915189146995544 3689
1782815430897 0.08983242511749268 3690
1782815430899 0.23455925285816193 3691
1782815430900 0.07445354759693146 3692
1782815430902 0.1175282821059227 3693
1782815430903 0.03625188767910004 3694
1782815430904 0.013288876041769981 3695
1782815430906 0.07702261954545975 3696
1782815430907 0.08636566251516342 3697
1782815430909 0.4120994806289673 3698
1782815430910 0.011094947345554829 3699
1782815430911 0.007943188771605492 3700
1782815430913 0.18342196941375732 3701
1782815430914 0.0829540342092514 3702
1782815430916 0.23574258387088776 3703
1782815430917 0.05236000567674637 3704
1782815430919 0.01962551660835743 3705
1782815430920 0.09430624544620514 3706
1782815430921 0.05671459436416626 3707
1782815430923 0.02693694829940796 3708
1782815430924 0.014369383454322815 3709
1782815430926 0.005743478890508413 3710
1782815430927 0.2696250379085541 3711
1782815430928 0.1609712392091751 3712
1782815430930 0.06740016490221024 3713
1782815430931 0.08106593787670135 3714
1782815430933 0.024978550150990486 3715
1782815430934 0.060375411063432693 3716
1782815430935 0.13701407611370087 3717
1782815430937 0.07143805921077728 3718
1782815430938 0.3413301408290863 3719
1782815430940 0.03643828630447388 3720
1782815430941 0.2960895001888275 3721
1782815430942 0.11579360067844391 3722
1782815430944 0.10730896145105362 3723
1782815430945 0.06556237488985062 3724
1782815430947 0.28804096579551697 3725
1782815430948 0.03291745483875275 3726
1782815430949 0.08212075382471085 3727
1782815430951 0.0725037008523941 3728
1782815430952 0.13222657144069672 3729
1782815430954 0.11557961255311966 3730
1782815430955 0.09188490360975266 3731
1782815430957 0.21005600690841675 3732
1782815430958 0.10571213066577911 3733
1782815430959 0.10937701910734177 3734
1782815430961 0.02563376910984516 3735
1782815430962 0.09003745764493942 3736
1782815430964 0.034862589091062546 3737
1782815430965 0.09002777934074402 3738
1782815430967 0.05137180536985397 3739
1782815430968 0.1635076403617859 3740
1782815430969 0.2631491422653198 3741
1782815430971 0.40125229954719543 3742
1782815430972 0.05859368294477463 3743
1782815430974 0.1408378630876541 3744
1782815430975 0.18495328724384308 3745
1782815430976 0.011556500568985939 3746
1782815430978 0.10435135662555695 3747
1782815430979 0.24165402352809906 3748
1782815430981 0.2150900661945343 3749
1782815431105 0.05106550455093384 3750
1782815431107 0.10524734109640121 3751
1782815431108 0.2073785662651062 3752
1782815431110 0.3493146598339081 3753
1782815431111 0.06956396251916885 3754
1782815431113 0.05684778839349747 3755
1782815431114 0.056653980165719986 3756
1782815431115 0.08306103199720383 3757
1782815431117 0.03346118703484535 3758
1782815431118 0.0648205503821373 3759
1782815431120 0.019880641251802444 3760
1782815431121 0.04150428995490074 3761
1782815431123 0.21057842671871185 3762
1782815431124 0.23930902779102325 3763
1782815431126 0.1799028366804123 3764
1782815431127 0.10954513400793076 3765
1782815431129 0.22133539617061615 3766
1782815431130 0.15958812832832336 3767
1782815431131 0.4332352876663208 3768
1782815431133 0.0636553019285202 3769
1782815431134 0.17195451259613037 3770
1782815431136 0.08596308529376984 3771
1782815431137 0.41684436798095703 3772
1782815431138 0.18591628968715668 3773
1782815431140 0.12558026611804962 3774
1782815431141 0.1760922074317932 3775
1782815431143 0.11484061926603317 3776
1782815431144 0.05613666772842407 3777
1782815431146 0.05174096301198006 3778
1782815431147 0.07863972336053848 3779
1782815431148 0.09361692517995834 3780
1782815431150 0.16276897490024567 3781
1782815431151 0.08379192650318146 3782
1782815431153 0.04437445476651192 3783
1782815431154 0.058860115706920624 3784
1782815431155 0.052937377244234085 3785
1782815431157 0.020027799531817436 3786
1782815431158 0.06517747044563293 3787
1782815431160 0.14185014367103577 3788
1782815431161 0.07790833711624146 3789
1782815431163 0.034343019127845764 3790
1782815431164 0.25706714391708374 3791
1782815431165 0.08282051235437393 3792
1782815431167 0.03437192365527153 3793
1782815431168 0.12454045563936234 3794
1782815431170 0.08371229469776154 3795
1782815431171 0.1529456377029419 3796
1782815431173 0.3240019977092743 3797
1782815431174 0.10563043504953384 3798
1782815431176 0.06755762547254562 3799
1782815431177 0.051022969186306 3800
1782815431178 0.16811081767082214 3801
1782815431180 0.09373972564935684 3802
1782815431181 0.12490840256214142 3803
1782815431183 0.025811336934566498 3804
1782815431184 0.026795854791998863 3805
1782815431186 0.1815226972103119 3806
1782815431187 0.06693505495786667 3807
1782815431188 0.13145090639591217 3808
1782815431190 0.07493100315332413 3809
1782815431191 0.1373448371887207 3810
1782815431193 0.21734334528446198 3811
1782815431194 0.11257872730493546 3812
1782815431196 0.17400433123111725 3813
1782815431197 0.012037563137710094 3814
1782815431199 0.17032381892204285 3815
1782815431200 0.1620229184627533 3816
1782815431202 0.11646288633346558 3817
1782815431203 0.1793452650308609 3818
1782815431204 0.0905335396528244 3819
1782815431206 0.15760833024978638 3820
1782815431207 0.04635389894247055 3821
1782815431209 0.05728756636381149 3822
1782815431210 0.02863268367946148 3823
1782815431212 0.12332519143819809 3824
1782815431213 0.06688366085290909 3825
1782815431214 0.08928584307432175 3826
1782815431216 0.02585228905081749 3827
1782815431217 0.07259896397590637 3828
1782815431219 0.00739859975874424 3829
1782815431220 0.13192856311798096 3830
1782815431221 0.02862163819372654 3831
1782815431223 0.15672075748443604 3832
1782815431224 0.06919895112514496 3833
1782815431226 0.05114308372139931 3834
1782815431227 0.1269933134317398 3835
1782815431229 0.054839931428432465 3836
1782815431230 0.048759929835796356 3837
1782815431232 0.3085407316684723 3838
1782815431233 0.02073136530816555 3839
1782815431234 0.11538548767566681 3840
1782815431236 0.16957621276378632 3841
1782815431237 0.015417596325278282 3842
1782815431239 0.15275292098522186 3843
1782815431240 0.013049720786511898 3844
1782815431241 0.024973975494503975 3845
1782815431243 0.0014234613627195358 3846
1782815431244 0.0013838683953508735 3847
1782815431246 0.06819740682840347 3848
1782815431247 0.05721035972237587 3849
1782815431248 0.1539119929075241 3850
1782815431250 0.15896017849445343 3851
1782815431251 0.08549071848392487 3852
1782815431253 0.026453493162989616 3853
1782815431254 0.15653271973133087 3854
1782815431255 0.25583478808403015 3855
1782815431257 0.04061833396553993 3856
1782815431258 0.1076408177614212 3857
1782815431260 0.008332422934472561 3858
1782815431261 0.11424483358860016 3859
1782815431263 0.017025550827383995 3860
1782815431264 0.05800626054406166 3861
1782815431265 0.05339757725596428 3862
1782815431267 0.15163449943065643 3863
1782815431268 0.06554583460092545 3864
1782815431270 0.41936126351356506 3865
1782815431271 0.08301114290952682 3866
1782815431272 0.023736558854579926 3867
1782815431274 0.10180797427892685 3868
1782815431275 0.03430914133787155 3869
1782815431277 0.11926428973674774 3870
1782815431278 0.1114397644996643 3871
1782815431279 0.010473770089447498 3872
1782815431281 0.04804374277591705 3873
1782815431282 0.0747799426317215 3874
1782815431283 0.06484445184469223 3875
1782815431285 0.11652451753616333 3876
1782815431286 0.09368345886468887 3877
1782815431288 0.01720147579908371 3878
1782815431289 0.10357265174388885 3879
1782815431291 0.22568608820438385 3880
1782815431292 0.05809115618467331 3881
1782815431293 0.0913088247179985 3882
1782815431295 0.16862168908119202 3883
1782815431296 0.071431964635849 3884
1782815431297 0.19747263193130493 3885
1782815431299 0.1891559213399887 3886
1782815431300 0.005589211359620094 3887
1782815431302 0.12949448823928833 3888
1782815431303 0.07539327442646027 3889
1782815431305 0.06738624721765518 3890
1782815431306 0.08196288347244263 3891
1782815431308 0.02814706601202488 3892
1782815431309 0.18881039321422577 3893
1782815431310 0.025366662070155144 3894
1782815431312 0.18044021725654602 3895
1782815431313 0.012636296451091766 3896
1782815431314 0.3221589922904968 3897
1782815431316 0.01995515078306198 3898
1782815431317 0.08076710999011993 3899
1782815431319 0.010497666895389557 3900
1782815431320 0.014080963097512722 3901
1782815431322 0.436294823884964 3902
1782815431323 0.11097323894500732 3903
1782815431324 0.469801127910614 3904
1782815431326 0.13838383555412292 3905
1782815431327 0.0931691899895668 3906
1782815431329 0.17001603543758392 3907
1782815431330 0.10812392830848694 3908
1782815431332 0.22792023420333862 3909
1782815431333 0.05195010453462601 3910
1782815431335 0.0374361015856266 3911
1782815431336 0.037200141698122025 3912
1782815431337 0.21540947258472443 3913
1782815431339 0.03701178357005119 3914
1782815431340 0.06688583642244339 3915
1782815431341 0.05168513208627701 3916
1782815431343 0.15813975036144257 3917
1782815431344 0.11724378913640976 3918
1782815431346 0.052150435745716095 3919
1782815431347 0.08031370490789413 3920
1782815431349 0.29574716091156006 3921
1782815431350 0.012954232282936573 3922
1782815431351 0.19734370708465576 3923
1782815431353 0.14085814356803894 3924
1782815431354 0.2776077687740326 3925
1782815431355 0.06608892977237701 3926
1782815431357 0.016856491565704346 3927
1782815431358 0.1054006963968277 3928
1782815431360 0.46685174107551575 3929
1782815431361 0.1673128455877304 3930
1782815431363 0.0724010169506073 3931
1782815431364 0.13275259733200073 3932
1782815431366 0.17723678052425385 3933
1782815431367 0.00200860109180212 3934
1782815431368 0.29236099123954773 3935
1782815431370 0.09413165599107742 3936
1782815431371 0.013047119602560997 3937
1782815431373 0.013226618990302086 3938
1782815431374 0.04161306098103523 3939
1782815431376 0.1037856936454773 3940
1782815431377 0.04696963354945183 3941
1782815431378 0.045477572828531265 3942
1782815431380 0.08688772469758987 3943
1782815431381 0.04675382748246193 3944
1782815431383 0.08606322854757309 3945
1782815431384 0.13391314446926117 3946
1782815431386 0.08606409281492233 3947
1782815431387 0.07714394479990005 3948
1782815431388 0.055040497332811356 3949
1782815431390 0.18792393803596497 3950
1782815431391 0.07093904912471771 3951
1782815431393 0.0347953699529171 3952
1782815431394 0.056324928998947144 3953
1782815431395 0.010797974653542042 3954
1782815431397 0.12125033140182495 3955
1782815431398 0.1544884294271469 3956
1782815431400 0.022118112072348595 3957
1782815431401 0.09355778992176056 3958
1782815431403 0.10725544393062592 3959
1782815431404 0.06043747812509537 3960
1782815431406 0.06177376210689545 3961
1782815431407 0.17028963565826416 3962
1782815431408 0.06753052771091461 3963
1782815431410 0.026641009375452995 3964
1782815431411 0.06779497116804123 3965
1782815431413 0.018943393602967262 3966
1782815431414 0.1326434314250946 3967
1782815431415 0.025404220446944237 3968
1782815431417 0.35727789998054504 3969
1782815431418 0.14812852442264557 3970
1782815431420 0.14931632578372955 3971
1782815431421 0.029590852558612823 3972
1782815431423 0.00865058321505785 3973
1782815431424 0.01665482483804226 3974
1782815431425 0.14992840588092804 3975
1782815431427 0.01717628911137581 3976
1782815431428 0.07899422198534012 3977
1782815431430 0.052523817867040634 3978
1782815431431 0.0994713231921196 3979
1782815431433 0.07483494281768799 3980
1782815431434 0.06886579841375351 3981
1782815431435 0.07484832406044006 3982
1782815431437 0.03726663067936897 3983
1782815431438 0.029476167634129524 3984
1782815431440 0.1925259530544281 3985
1782815431441 0.04729261249303818 3986
1782815431443 0.020345669239759445 3987
1782815431444 0.09710169583559036 3988
1782815431445 0.03232869878411293 3989
1782815431447 0.04294433444738388 3990
1782815431448 0.03925800323486328 3991
1782815431450 0.1339859664440155 3992
1782815431451 0.044949449598789215 3993
1782815431453 0.18464688956737518 3994
1782815431454 0.017206009477376938 3995
1782815431455 0.16815268993377686 3996
1782815431457 0.17838650941848755 3997
1782815431458 0.11183595657348633 3998
1782815431459 0.3418999910354614 3999
1782815431461 0.06868739426136017 4000
1782815431462 0.006737065501511097 4001
1782815431464 0.06182307004928589 4002
1782815431465 0.13154074549674988 4003
1782815431467 0.07831909507513046 4004
1782815431468 0.03112979605793953 4005
1782815431469 0.006058365106582642 4006
1782815431471 0.09221339225769043 4007
1782815431472 0.05867626518011093 4008
1782815431474 0.1978263407945633 4009
1782815431475 0.06525788456201553 4010
1782815431477 0.05262622609734535 4011
1782815431478 0.16393011808395386 4012
1782815431479 0.16552020609378815 4013
1782815431481 0.06894940137863159 4014
1782815431482 0.02230452373623848 4015
1782815431484 0.1326225996017456 4016
1782815431485 0.03350213170051575 4017
1782815431487 0.13337689638137817 4018
1782815431488 0.1518721729516983 4019
1782815431489 0.1807195246219635 4020
1782815431491 0.003481378545984626 4021
1782815431492 0.030331507325172424 4022
1782815431494 0.08151929080486298 4023
1782815431495 0.006305645685642958 4024
1782815431497 0.35172751545906067 4025
1782815431498 0.19776788353919983 4026
1782815431500 0.25662103295326233 4027
1782815431501 0.0472380667924881 4028
1782815431503 0.05826542153954506 4029
1782815431504 0.1819591224193573 4030
1782815431506 0.2343108057975769 4031
1782815431507 0.017316296696662903 4032
1782815431508 0.022203385829925537 4033
1782815431510 0.11470020562410355 4034
1782815431511 0.021360652521252632 4035
1782815431513 0.06092722713947296 4036
1782815431514 0.11342938244342804 4037
1782815431515 0.06486164033412933 4038
1782815431517 0.16724012792110443 4039
1782815431519 0.14539891481399536 4040
1782815431520 0.12897635996341705 4041
1782815431522 0.05825281888246536 4042
1782815431523 0.19685707986354828 4043
1782815431524 0.16872970759868622 4044
1782815431526 0.056209832429885864 4045
1782815431527 0.01569986343383789 4046
1782815431529 0.06827874481678009 4047
1782815431531 0.03371250629425049 4048
1782815431532 0.006571955978870392 4049
1782815431534 0.08317831158638 4050
1782815431535 0.30141255259513855 4051
1782815431536 0.02324623055756092 4052
1782815431538 0.25850334763526917 4053
1782815431539 0.08415096998214722 4054
1782815431541 0.09109106659889221 4055
1782815431542 0.0647263377904892 4056
1782815431544 0.25303998589515686 4057
1782815431545 0.12299391627311707 4058
1782815431547 0.08993282169103622 4059
1782815431548 0.05981755629181862 4060
1782815431550 0.06427489966154099 4061
1782815431551 0.21016140282154083 4062
1782815431553 0.0940869003534317 4063
1782815431554 0.2153552770614624 4064
1782815431556 0.15246792137622833 4065
1782815431557 0.019230617210268974 4066
1782815431559 0.02150183729827404 4067
1782815431560 0.09833899885416031 4068
1782815431562 0.029503200203180313 4069
1782815431563 0.03778093308210373 4070
1782815431565 0.26832008361816406 4071
1782815431566 0.006019187159836292 4072
1782815431568 0.037896111607551575 4073
1782815431569 0.0024970341473817825 4074
1782815431571 0.0324411578476429 4075
1782815431572 0.21884077787399292 4076
1782815431574 0.0805966779589653 4077
1782815431575 0.18798385560512543 4078
1782815431577 0.1372987926006317 4079
1782815431578 0.030187329277396202 4080
1782815431580 0.028469905257225037 4081
1782815431581 0.15078458189964294 4082
1782815431583 0.2659452259540558 4083
1782815431584 0.23408754169940948 4084
1782815431586 0.028470931574702263 4085
1782815431587 0.10451821237802505 4086
1782815431589 0.015787914395332336 4087
1782815431590 0.39192402362823486 4088
1782815431592 0.019031189382076263 4089
1782815431593 0.05239797383546829 4090
1782815431595 0.13165786862373352 4091
1782815431596 0.07288417220115662 4092
1782815431598 0.016965551301836967 4093
1782815431599 0.08805526793003082 4094
1782815431601 0.0055831302888691425 4095
1782815431602 0.025721361860632896 4096
1782815431604 0.062078364193439484 4097
1782815431605 0.007297776639461517 4098
1782815431607 0.03797415271401405 4099
1782815431608 0.19847619533538818 4100
1782815431610 0.0911552757024765 4101
1782815431611 0.10498040914535522 4102
1782815431613 0.03250224143266678 4103
1782815431614 0.02604091539978981 4104
1782815431616 0.0307479165494442 4105
1782815431617 0.08711473643779755 4106
1782815431619 0.039681654423475266 4107
1782815431620 0.08065110445022583 4108
1782815431622 0.023788927122950554 4109
1782815431623 0.04993392527103424 4110
1782815431625 0.12081658840179443 4111
1782815431626 0.018624944612383842 4112
1782815431628 0.051923297345638275 4113
1782815431630 0.09334255754947662 4114
1782815431631 0.010742008686065674 4115
1782815431633 0.026476159691810608 4116
1782815431634 0.017957013100385666 4117
1782815431636 0.09019634127616882 4118
1782815431637 0.16903741657733917 4119
1782815431639 0.04063544422388077 4120
1782815431640 0.02922637015581131 4121
1782815431642 0.097481369972229 4122
1782815431643 0.14492884278297424 4123
1782815431644 0.08801348507404327 4124
1782815431646 0.0416199155151844 4125
1782815431647 0.12883765995502472 4126
1782815431649 0.03229186683893204 4127
1782815431650 0.02604394592344761 4128
1782815431652 0.08630391210317612 4129
1782815431653 0.005313741508871317 4130
1782815431655 0.19418470561504364 4131
1782815431656 0.013780947774648666 4132
1782815431658 0.05911315605044365 4133
1782815431659 0.0381985604763031 4134
1782815431661 0.4513161778450012 4135
1782815431662 0.1006181612610817 4136
1782815431663 0.010863435454666615 4137
1782815431665 0.00591651676222682 4138
1782815431666 0.03270746394991875 4139
1782815431668 0.13865967094898224 4140
1782815431669 0.06095843017101288 4141
1782815431671 0.021389294415712357 4142
1782815431673 0.04935220628976822 4143
1782815431674 0.172374427318573 4144
1782815431676 0.08018927276134491 4145
1782815431678 0.10556723922491074 4146
1782815431680 0.003660012735053897 4147
1782815431681 0.06091925501823425 4148
1782815431683 0.29251331090927124 4149
1782815431685 0.06677737087011337 4150
1782815431687 0.16894468665122986 4151
1782815431688 0.05858975276350975 4152
1782815431690 0.21147914230823517 4153
1782815431692 0.33673393726348877 4154
1782815431693 0.07612375915050507 4155
1782815431695 0.2572936713695526 4156
1782815431696 0.06642722338438034 4157
1782815431697 0.24168871343135834 4158
1782815431699 0.07063281536102295 4159
1782815431700 0.06627672910690308 4160
1782815431702 0.2946968376636505 4161
1782815431703 0.05145050212740898 4162
1782815431705 0.21443074941635132 4163
1782815431706 0.028963012620806694 4164
1782815431708 0.026315249502658844 4165
1782815431709 0.23026080429553986 4166
1782815431711 0.3014323115348816 4167
1782815431712 0.11995755881071091 4168
1782815431713 0.13370150327682495 4169
1782815431715 0.006272586993873119 4170
1782815431716 0.05732295289635658 4171
1782815431718 0.20523537695407867 4172
1782815431719 0.060689304023981094 4173
1782815431721 0.013509266078472137 4174
1782815431722 0.18833938241004944 4175
1782815431724 0.036634381860494614 4176
1782815431725 0.12001951783895493 4177
1782815431727 0.4085123538970947 4178
1782815431728 0.20983296632766724 4179
1782815431730 0.04713816195726395 4180
1782815431731 0.20023292303085327 4181
1782815431733 0.024032535031437874 4182
1782815431734 0.004822410177439451 4183
1782815431735 0.11425525695085526 4184
1782815431737 0.05652127414941788 4185
1782815431738 0.16045063734054565 4186
1782815431740 0.07444116473197937 4187
1782815431741 0.08644305169582367 4188
1782815431742 0.1320076286792755 4189
1782815431744 0.2316480576992035 4190
1782815431746 0.0955672338604927 4191
1782815431747 0.46697306632995605 4192
1782815431748 0.4026351273059845 4193
1782815431750 0.019832458347082138 4194
1782815431751 0.2242918461561203 4195
1782815431753 0.10028287768363953 4196
1782815431754 0.3969002366065979 4197
1782815431755 0.20089571177959442 4198
1782815431757 0.13400369882583618 4199
1782815431758 0.19109290838241577 4200
1782815431760 0.020681550726294518 4201
1782815431761 0.08083359897136688 4202
1782815431763 0.38402125239372253 4203
1782815431764 0.08153339475393295 4204
1782815431765 0.022920027375221252 4205
1782815431767 0.09905976802110672 4206
1782815431768 0.21602870523929596 4207
1782815431770 0.06586844474077225 4208
1782815431771 0.05084624141454697 4209
1782815431773 0.12945108115673065 4210
1782815431774 0.023211903870105743 4211
1782815431775 0.03337203711271286 4212
1782815431777 0.05857095122337341 4213
1782815431778 0.19974109530448914 4214
1782815431779 0.033664118498563766 4215
1782815431781 0.3020195960998535 4216
1782815431782 0.28657427430152893 4217
1782815431784 0.028112713247537613 4218
1782815431785 0.12340032309293747 4219
1782815431786 0.03631596639752388 4220
1782815431788 0.16773399710655212 4221
1782815431789 0.02294735424220562 4222
1782815431791 0.060698479413986206 4223
1782815431792 0.07319029420614243 4224
1782815431793 0.04546273127198219 4225
1782815431795 0.03511328622698784 4226
1782815431796 0.024000678211450577 4227
1782815431798 0.06862334907054901 4228
1782815431799 0.25608599185943604 4229
1782815431801 0.09726536273956299 4230
1782815431802 0.0018500933656468987 4231
1782815431803 0.2910272777080536 4232
1782815431805 0.007894320413470268 4233
1782815431806 0.0073206196539103985 4234
1782815431808 0.16685013473033905 4235
1782815431809 0.02240283228456974 4236
1782815431810 0.0027858796529471874 4237
1782815431812 0.16478146612644196 4238
1782815431813 0.0028703417629003525 4239
1782815431815 0.17583580315113068 4240
1782815431816 0.06348270922899246 4241
1782815431817 0.0496690608561039 4242
1782815431819 0.07442492246627808 4243
1782815431820 0.016405202448368073 4244
1782815431822 0.08241845667362213 4245
1782815431823 0.2544810175895691 4246
1782815431825 0.05277973413467407 4247
1782815431826 0.30195820331573486 4248
1782815431828 0.1326874941587448 4249
1782815431829 0.09953195601701736 4250
1782815431831 0.027269959449768066 4251
1782815431832 0.033644311130046844 4252
1782815431833 0.04623403400182724 4253
1782815431834 0.12429434061050415 4254
1782815431836 0.09513893723487854 4255
1782815431837 0.28277382254600525 4256
1782815431839 0.13206350803375244 4257
1782815431840 0.11694233119487762 4258
1782815431841 0.0544687956571579 4259
1782815431843 0.19851332902908325 4260
1782815431844 0.10544950515031815 4261
1782815431845 0.17753703892230988 4262
1782815431847 0.191529780626297 4263
1782815431848 0.23305171728134155 4264
1782815431850 0.014395302161574364 4265
1782815431851 0.03444995731115341 4266
1782815431852 0.08200560510158539 4267
1782815431854 0.2198903113603592 4268
1782815431855 0.03865844011306763 4269
1782815431856 0.019886182621121407 4270
1782815431858 0.024779079481959343 4271
1782815431859 0.1246124878525734 4272
1782815431860 0.08068045228719711 4273
1782815431862 0.010829497128725052 4274
1782815431863 0.24682775139808655 4275
1782815431865 0.11584637314081192 4276
1782815431866 0.025227844715118408 4277
1782815431867 0.35196444392204285 4278
1782815431869 0.11575048416852951 4279
1782815431870 0.1475549340248108 4280
1782815431871 0.1524883359670639 4281
1782815431873 0.09955881536006927 4282
1782815431874 0.15033717453479767 4283
1782815431876 0.033442944288253784 4284
1782815431877 0.04177791625261307 4285
1782815431878 0.01847667433321476 4286
1782815431880 0.18977858126163483 4287
1782815431881 0.01649877429008484 4288
1782815431882 0.30326181650161743 4289
1782815431884 0.030708154663443565 4290
1782815431885 0.08202265202999115 4291
1782815431887 0.09020927548408508 4292
1782815431888 0.015949228778481483 4293
1782815431889 0.043239526450634 4294
1782815431891 0.008365214802324772 4295
1782815431892 0.039915744215250015 4296
1782815431894 0.25452569127082825 4297
1782815431895 0.06088559329509735 4298
1782815431896 0.07390939444303513 4299
1782815431898 0.06067623198032379 4300
1782815431899 0.1132204532623291 4301
1782815431901 0.1212659403681755 4302
1782815431902 0.24462367594242096 4303
1782815431904 0.017695952206850052 4304
1782815431905 0.08169996738433838 4305
1782815431906 0.13629946112632751 4306
1782815431908 0.27276480197906494 4307
1782815431909 0.03338446840643883 4308
1782815431910 0.39240562915802 4309
1782815431912 0.11014754325151443 4310
1782815431913 0.034753505140542984 4311
1782815431914 0.06159914284944534 4312
1782815431916 0.0024889307096600533 4313
1782815431917 0.1141272708773613 4314
1782815431919 0.14971424639225006 4315
1782815431920 0.10284420102834702 4316
1782815431921 0.13134393095970154 4317
1782815431923 0.2108277976512909 4318
1782815431924 0.14545772969722748 4319
1782815431925 0.1779492050409317 4320
1782815431927 0.06035175174474716 4321
1782815431928 0.1684013158082962 4322
1782815431930 0.16581615805625916 4323
1782815431931 0.022428901866078377 4324
1782815431933 0.3754425644874573 4325
1782815431934 0.042476482689380646 4326
1782815431935 0.20590277016162872 4327
1782815431937 0.25049811601638794 4328
1782815431938 0.16451862454414368 4329
1782815431939 0.12109220772981644 4330
1782815431941 0.20413024723529816 4331
1782815431942 0.20540307462215424 4332
1782815431944 0.19093284010887146 4333
1782815431945 0.02424909919500351 4334
1782815431946 0.27894359827041626 4335
1782815431948 0.47365421056747437 4336
1782815431949 0.2748190462589264 4337
1782815431950 0.27375659346580505 4338
1782815431952 0.2538914382457733 4339
1782815431953 0.22052296996116638 4340
1782815431954 0.060115158557891846 4341
1782815431956 0.01719736121594906 4342
1782815431957 0.1293105185031891 4343
1782815431959 0.20369699597358704 4344
1782815431960 0.1274677962064743 4345
1782815431961 0.05840569734573364 4346
1782815431962 0.12759993970394135 4347
1782815431964 0.12659576535224915 4348
1782815431965 0.18825356662273407 4349
1782815431967 0.1328575313091278 4350
1782815431968 0.25807449221611023 4351
1782815431969 0.14266063272953033 4352
1782815431971 0.12355748564004898 4353
1782815431972 0.08179858326911926 4354
1782815431973 0.22065788507461548 4355
1782815431975 0.0441855788230896 4356
1782815431976 0.03225333243608475 4357
1782815431977 0.22099140286445618 4358
1782815431979 0.19720816612243652 4359
1782815431980 0.08117447793483734 4360
1782815431982 0.06497061252593994 4361
1782815431983 0.15769091248512268 4362
1782815431985 0.16366615891456604 4363
1782815431986 0.09776239842176437 4364
1782815431987 0.07892847061157227 4365
1782815431989 0.09811560809612274 4366
1782815431990 0.033335939049720764 4367
1782815431991 0.017332661896944046 4368
1782815431993 0.09968694299459457 4369
1782815431994 0.04863575100898743 4370
1782815431995 0.2206908017396927 4371
1782815431997 0.28234225511550903 4372
1782815431998 0.21194453537464142 4373
1782815432000 0.22455273568630219 4374
1782815432001 0.041053593158721924 4375
1782815432002 0.054406385868787766 4376
1782815432004 0.11697520315647125 4377
1782815432005 0.1122092679142952 4378
1782815432007 0.016291895881295204 4379
1782815432008 0.04482591524720192 4380
1782815432009 0.004146224819123745 4381
1782815432011 0.017067141830921173 4382
1782815432013 0.1656099557876587 4383
1782815432014 0.17726099491119385 4384
1782815432015 0.061857711523771286 4385
1782815432017 0.04646570235490799 4386
1782815432018 0.6183754205703735 4387
1782815432020 0.0061104134656488895 4388
1782815432021 0.026330389082431793 4389
1782815432022 0.0969587117433548 4390
1782815432024 0.19888341426849365 4391
1782815432025 0.06975352019071579 4392
1782815432027 0.045635148882865906 4393
1782815432028 0.2517538368701935 4394
1782815432029 0.06977885216474533 4395
1782815432031 0.0408489815890789 4396
1782815432032 0.021391255781054497 4397
1782815432033 0.051354531198740005 4398
1782815432035 0.02493908628821373 4399
1782815432036 0.5118358135223389 4400
1782815432038 0.04387607425451279 4401
1782815432039 0.04308492690324783 4402
1782815432041 0.027724700048565865 4403
1782815432042 0.16485105454921722 4404
1782815432043 0.020862139761447906 4405
1782815432045 0.5638476014137268 4406
1782815432046 0.16584190726280212 4407
1782815432047 0.12689444422721863 4408
1782815432049 0.21289250254631042 4409
1782815432050 0.09724443405866623 4410
1782815432051 0.10057982057332993 4411
1782815432053 0.043691154569387436 4412
1782815432054 0.1421087682247162 4413
1782815432055 0.15508884191513062 4414
1782815432057 0.23031432926654816 4415
1782815432058 0.21524041891098022 4416
1782815432059 0.06879699230194092 4417
1782815432061 0.029046785086393356 4418
1782815432062 0.12869144976139069 4419
1782815432064 0.10751693695783615 4420
1782815432065 0.17194046080112457 4421
1782815432066 0.1112944707274437 4422
1782815432068 0.02742668054997921 4423
1782815432069 0.03425468131899834 4424
1782815432070 0.1170150488615036 4425
1782815432072 0.21306350827217102 4426
1782815432073 0.014925830997526646 4427
1782815432074 0.056223753839731216 4428
1782815432076 0.15256115794181824 4429
1782815432077 0.22535426914691925 4430
1782815432079 0.08419626206159592 4431
1782815432080 0.14599429070949554 4432
1782815432081 0.05832503363490105 4433
1782815432083 0.007782319560647011 4434
1782815432084 0.018510663881897926 4435
1782815432086 0.10481663048267365 4436
1782815432087 0.005783577915281057 4437
1782815432088 0.033132247626781464 4438
1782815432090 0.020916927605867386 4439
1782815432091 0.18093512952327728 4440
1782815432092 0.007335586007684469 4441
1782815432094 0.01660870388150215 4442
1782815432095 0.16862981021404266 4443
1782815432097 0.2216799110174179 4444
1782815432098 0.1841982752084732 4445
1782815432099 0.06270285695791245 4446
1782815432101 0.21407489478588104 4447
1782815432102 0.10663408786058426 4448
1782815432104 0.01986495591700077 4449
1782815432105 0.032846469432115555 4450
1782815432106 0.08408034592866898 4451
1782815432108 0.07325655221939087 4452
1782815432109 0.23031766712665558 4453
1782815432110 0.11911212652921677 4454
1782815432112 0.16845674812793732 4455
1782815432113 0.044894564896821976 4456
1782815432114 0.11846845597028732 4457
1782815432116 0.08548640459775925 4458
1782815432117 0.06269002705812454 4459
1782815432119 0.24764157831668854 4460
1782815432120 0.25691646337509155 4461
1782815432121 0.2588438093662262 4462
1782815432123 0.11760500073432922 4463
1782815432124 0.11451974511146545 4464
1782815432125 0.007195659913122654 4465
1782815432127 0.09623516350984573 4466
1782815432128 0.5336049795150757 4467
1782815432130 0.14162740111351013 4468
1782815432131 0.15436270833015442 4469
1782815432132 0.23631015419960022 4470
1782815432134 0.017652032896876335 4471
1782815432135 0.1690850555896759 4472
1782815432137 0.33952412009239197 4473
1782815432138 0.14144469797611237 4474
1782815432139 0.15461982786655426 4475
1782815432141 0.13454130291938782 4476
1782815432142 0.13721850514411926 4477
1782815432144 0.17151401937007904 4478
1782815432145 0.05300302430987358 4479
1782815432146 0.1563265174627304 4480
1782815432148 0.13378815352916718 4481
1782815432149 0.07946865260601044 4482
1782815432150 0.0632457509636879 4483
1782815432152 0.03238601237535477 4484
1782815432153 0.21874161064624786 4485
1782815432154 0.011647037230432034 4486
1782815432156 0.09197571873664856 4487
1782815432157 0.018081597983837128 4488
1782815432159 0.04157254472374916 4489
1782815432160 0.11315060406923294 4490
1782815432161 0.14050166308879852 4491
1782815432163 0.37134265899658203 4492
1782815432164 0.10698369145393372 4493
1782815432165 0.07108353078365326 4494
1782815432167 0.024757616221904755 4495
1782815432168 0.13236679136753082 4496
1782815432170 0.46098530292510986 4497
1782815432171 0.016773872077465057 4498
1782815432172 0.23143154382705688 4499
1782815432174 0.02240929566323757 4500
1782815432175 0.13674114644527435 4501
1782815432176 0.027209796011447906 4502
1782815432178 0.005010410211980343 4503
1782815432179 0.026015110313892365 4504
1782815432181 0.037076953798532486 4505
1782815432182 0.07700081914663315 4506
1782815432184 0.2137848287820816 4507
1782815432185 0.07290077209472656 4508
1782815432186 0.0799386128783226 4509
1782815432188 0.0619816854596138 4510
1782815432189 0.031963687390089035 4511
1782815432190 0.20885731279850006 4512
1782815432192 0.06426940113306046 4513
1782815432193 0.0699300542473793 4514
1782815432195 0.01813788339495659 4515
1782815432196 0.004833076149225235 4516
1782815432198 0.15828192234039307 4517
1782815432199 0.07572820037603378 4518
1782815432201 0.023589562624692917 4519
1782815432202 0.03599785268306732 4520
1782815432204 0.14499852061271667 4521
1782815432206 0.05925341695547104 4522
1782815432208 0.33955639600753784 4523
1782815432209 0.23206208646297455 4524
1782815432210 0.04144660010933876 4525
1782815432212 0.06267847865819931 4526
1782815432214 0.2051517367362976 4527
1782815432215 0.12848080694675446 4528
1782815432216 0.0058665224350988865 4529
1782815432218 0.04759320616722107 4530
1782815432219 0.36216187477111816 4531
1782815432221 0.1573294848203659 4532
1782815432222 0.04896465688943863 4533
1782815432223 0.28297242522239685 4534
1782815432225 0.02665437012910843 4535
1782815432226 0.12138134241104126 4536
1782815432228 0.44166573882102966 4537
1782815432229 0.14173102378845215 4538
1782815432230 0.06135887652635574 4539
1782815432232 0.040943220257759094 4540
1782815432233 0.20495212078094482 4541
1782815432234 0.0051995376124978065 4542
1782815432236 0.02839208021759987 4543
1782815432237 0.016458585858345032 4544
1782815432239 0.08180601894855499 4545
1782815432240 0.0185684897005558 4546
1782815432241 0.07143234461545944 4547
1782815432243 0.19404499232769012 4548
1782815432244 0.06660119444131851 4549
1782815432246 0.27129825949668884 4550
1782815432247 0.004526508040726185 4551
1782815432248 0.1846662312746048 4552
1782815432250 0.07091862708330154 4553
1782815432251 0.1501857489347458 4554
1782815432253 0.012829414568841457 4555
1782815432254 0.17943713068962097 4556
1782815432255 0.022685213014483452 4557
1782815432257 0.0512523427605629 4558
1782815432258 0.25591301918029785 4559
1782815432260 0.5101272463798523 4560
1782815432261 0.01635127328336239 4561
1782815432262 0.10161827504634857 4562
1782815432264 0.0353352427482605 4563
1782815432265 0.01770726591348648 4564
1782815432267 0.007984833791851997 4565
1782815432268 0.4224945604801178 4566
1782815432270 0.05771350488066673 4567
1782815432271 0.2574712336063385 4568
1782815432272 0.012806367129087448 4569
1782815432274 0.25303471088409424 4570
1782815432275 0.018873360008001328 4571
1782815432277 0.052101556211709976 4572
1782815432278 0.2734937369823456 4573
1782815432279 0.17998036742210388 4574
1782815432281 0.28907549381256104 4575
1782815432282 0.09809424728155136 4576
1782815432284 0.22597990930080414 4577
1782815432285 0.10646592825651169 4578
1782815432286 0.02619403973221779 4579
1782815432288 0.041645802557468414 4580
1782815432289 0.09846007078886032 4581
1782815432290 0.04934743791818619 4582
1782815432292 0.23520393669605255 4583
1782815432293 0.018683597445487976 4584
1782815432294 0.09674709290266037 4585
1782815432296 0.04199691116809845 4586
1782815432297 0.07119644433259964 4587
1782815432298 0.031224999576807022 4588
1782815432300 0.027517827227711678 4589
1782815432301 0.06412213295698166 4590
1782815432303 0.05300221964716911 4591
1782815432304 0.0036238976754248142 4592
1782815432305 0.05126234516501427 4593
1782815432307 0.032586392015218735 4594
1782815432308 0.043458081781864166 4595
1782815432310 0.10258924961090088 4596
1782815432311 0.08726892620325089 4597
1782815432312 0.02576480805873871 4598
1782815432314 0.027619503438472748 4599
1782815432315 0.3908807933330536 4600
1782815432317 0.010152813047170639 4601
1782815432318 0.02590266428887844 4602
1782815432319 0.01510598137974739 4603
1782815432321 0.06807906925678253 4604
1782815432322 0.1944408267736435 4605
1782815432323 0.44214698672294617 4606
1782815432325 0.015123597346246243 4607
1782815432326 0.04565104469656944 4608
1782815432328 0.12444619089365005 4609
1782815432329 0.1730220913887024 4610
1782815432331 0.020082443952560425 4611
1782815432332 0.0627211257815361 4612
1782815432334 0.05550164356827736 4613
1782815432335 0.1799200475215912 4614
1782815432336 0.5385100245475769 4615
1782815432338 0.07645123451948166 4616
1782815432339 0.04407446086406708 4617
1782815432341 0.04323030635714531 4618
1782815432342 0.23082208633422852 4619
1782815432343 0.01626681163907051 4620
1782815432345 0.035287972539663315 4621
1782815432346 0.07574787735939026 4622
1782815432348 0.05877308174967766 4623
1782815432349 0.22008554637432098 4624
1782815432350 0.06884320080280304 4625
1782815432352 0.0777854323387146 4626
1782815432353 0.3278566896915436 4627
1782815432354 0.005751344840973616 4628
1782815432356 0.11013730615377426 4629
1782815432357 0.16640745103359222 4630
1782815432359 0.005265609361231327 4631
1782815432360 0.01942642405629158 4632
1782815432362 0.13349096477031708 4633
1782815432363 0.2379871904850006 4634
1782815432364 0.09130691736936569 4635
1782815432366 0.06093763932585716 4636
1782815432367 0.03854012116789818 4637
1782815432369 0.0020925672724843025 4638
1782815432370 0.05830327421426773 4639
1782815432371 0.18100106716156006 4640
1782815432373 0.3086967468261719 4641
1782815432374 0.1012909859418869 4642
1782815432376 0.0917750895023346 4643
1782815432377 0.04973487928509712 4644
1782815432378 0.030001036822795868 4645
1782815432380 0.006158040836453438 4646
1782815432381 0.023276297375559807 4647
1782815432383 0.02807653322815895 4648
1782815432384 0.027355868369340897 4649
1782815432385 0.040932055562734604 4650
1782815432387 0.05042022839188576 4651
1782815432388 0.010597516782581806 4652
1782815432390 0.15584143996238708 4653
1782815432391 0.2535916864871979 4654
1782815432392 0.09885109961032867 4655
1782815432394 0.007985006086528301 4656
1782815432395 0.45804497599601746 4657
1782815432397 0.01635383814573288 4658
1782815432398 0.08776627480983734 4659
1782815432400 0.0458674356341362 4660
1782815432401 0.036136187613010406 4661
1782815432402 0.050608765333890915 4662
1782815432404 0.016770759597420692 4663
1782815432405 0.028488706797361374 4664
1782815432407 0.07334179431200027 4665
1782815432408 0.012644064612686634 4666
1782815432409 0.16762857139110565 4667
1782815432411 0.019113749265670776 4668
1782815432412 0.15593090653419495 4669
1782815432414 0.18988098204135895 4670
1782815432415 0.256154865026474 4671
1782815432416 0.05751830339431763 4672
1782815432418 0.0016029929975047708 4673
1782815432419 0.015327691100537777 4674
1782815432421 0.02421722747385502 4675
1782815432422 0.05808406323194504 4676
1782815432423 0.07702330499887466 4677
1782815432425 0.1752868890762329 4678
1782815432426 0.02223803661763668 4679
1782815432428 0.0770188570022583 4680
1782815432429 0.17764443159103394 4681
1782815432431 0.028931893408298492 4682
1782815432432 0.336353063583374 4683
1782815432433 0.06179026514291763 4684
1782815432435 0.04927149787545204 4685
1782815432436 0.07396961748600006 4686
1782815432438 0.14937852323055267 4687
1782815432439 0.04211151972413063 4688
1782815432441 0.05873311683535576 4689
1782815432442 0.205736443400383 4690
1782815432443 0.04979298263788223 4691
1782815432445 0.022242508828639984 4692
1782815432446 0.10826297849416733 4693
1782815432448 0.003230927512049675 4694
1782815432449 0.18132300674915314 4695
1782815432451 0.1704719513654709 4696
1782815432452 0.017217734828591347 4697
1782815432453 0.00185012083966285 4698
1782815432455 0.25206834077835083 4699
1782815432456 0.25042062997817993 4700
1782815432458 0.07511958479881287 4701
1782815432459 0.06778265535831451 4702
1782815432460 0.12165892869234085 4703
1782815432462 0.061937037855386734 4704
1782815432463 0.0797070860862732 4705
1782815432465 0.27837854623794556 4706
1782815432466 0.08192833513021469 4707
1782815432468 0.15250463783740997 4708
1782815432469 0.16606491804122925 4709
1782815432470 0.01565587893128395 4710
1782815432472 0.06478522717952728 4711
1782815432473 0.12378057092428207 4712
1782815432475 0.08754953742027283 4713
1782815432476 0.02760195918381214 4714
1782815432478 0.031225554645061493 4715
1782815432479 0.10093752294778824 4716
1782815432480 0.13745057582855225 4717
1782815432482 0.09088841825723648 4718
1782815432483 0.06878966093063354 4719
1782815432485 0.16285604238510132 4720
1782815432486 0.06516043841838837 4721
1782815432487 0.08868666738271713 4722
1782815432489 0.12934918701648712 4723
1782815432490 0.4209926128387451 4724
1782815432492 0.07381805777549744 4725
1782815432493 0.07872367650270462 4726
1782815432495 0.12973792850971222 4727
1782815432496 0.037295252084732056 4728
1782815432497 0.026699364185333252 4729
1782815432499 0.07990451902151108 4730
1782815432500 0.06672000139951706 4731
1782815432501 0.07011622190475464 4732
1782815432503 0.21595296263694763 4733
1782815432504 0.2794252336025238 4734
1782815432506 0.03380286693572998 4735
1782815432507 0.08874005079269409 4736
1782815432509 0.0915084034204483 4737
1782815432510 0.0906292125582695 4738
1782815432511 0.016752168536186218 4739
1782815432513 0.17400172352790833 4740
1782815432514 0.03090544603765011 4741
1782815432516 0.2140638828277588 4742
1782815432517 0.03786173462867737 4743
1782815432519 0.13427935540676117 4744
1782815432520 0.023495754227042198 4745
1782815432521 0.009662477299571037 4746
1782815432523 0.03145312890410423 4747
1782815432524 0.32752811908721924 4748
1782815432526 0.043084610253572464 4749
1782815432527 0.07500427961349487 4750
1782815432529 0.2776103615760803 4751
1782815432530 0.25270551443099976 4752
1782815432532 0.21312882006168365 4753
1782815432533 0.048858027905225754 4754
1782815432534 0.06785188615322113 4755
1782815432536 0.03813531994819641 4756
1782815432537 0.10828778892755508 4757
1782815432539 0.14868073165416718 4758
1782815432540 0.01304988656193018 4759
1782815432541 0.006740137469023466 4760
1782815432543 0.06032474339008331 4761
1782815432544 0.15219156444072723 4762
1782815432546 0.12386953085660934 4763
1782815432547 0.08444468677043915 4764
1782815432548 0.04294002428650856 4765
1782815432550 0.027172937989234924 4766
1782815432551 0.017574859783053398 4767
1782815432553 0.04646826535463333 4768
1782815432554 0.06741764396429062 4769
1782815432555 0.13093191385269165 4770
1782815432557 0.012884815223515034 4771
1782815432558 0.017134154215455055 4772
1782815432560 0.3299923837184906 4773
1782815432561 0.28956347703933716 4774
1782815432563 0.006846235599368811 4775
1782815432564 0.22389374673366547 4776
1782815432565 0.03771999478340149 4777
1782815432567 0.3424682319164276 4778
1782815432568 0.16338299214839935 4779
1782815432570 0.28379473090171814 4780
1782815432571 0.0024842829443514347 4781
1782815432572 0.020949123427271843 4782
1782815432574 0.16826312243938446 4783
1782815432575 0.01908235438168049 4784
1782815432577 0.20965874195098877 4785
1782815432578 0.3678065538406372 4786
1782815432579 0.1546083390712738 4787
1782815432581 0.18013931810855865 4788
1782815432582 0.06860296428203583 4789
1782815432584 0.01491194125264883 4790
1782815432585 0.3920607268810272 4791
1782815432587 0.0448056161403656 4792
1782815432588 0.2672978341579437 4793
1782815432589 0.13144448399543762 4794
1782815432591 0.1767200231552124 4795
1782815432592 0.14023631811141968 4796
1782815432593 0.02817537635564804 4797
1782815432595 0.48646280169487 4798
1782815432596 0.13280801475048065 4799
1782815432598 0.029679449275135994 4800
1782815432599 0.3021382689476013 4801
1782815432600 0.040559228509664536 4802
1782815432602 0.03496145084500313 4803
1782815432603 0.27928751707077026 4804
1782815432605 0.03551279380917549 4805
1782815432606 0.019783034920692444 4806
1782815432607 0.13205313682556152 4807
1782815432609 0.11226492375135422 4808
1782815432610 0.27929073572158813 4809
1782815432612 0.09458095580339432 4810
1782815432613 0.06657534092664719 4811
1782815432614 0.13345782458782196 4812
1782815432616 0.19203639030456543 4813
1782815432617 0.06276150792837143 4814
1782815432619 0.3180899918079376 4815
1782815432620 0.0317186564207077 4816
1782815432621 0.06684400886297226 4817
1782815432623 0.21698129177093506 4818
1782815432624 0.11408893764019012 4819
1782815432626 0.04260299354791641 4820
1782815432627 0.09817346930503845 4821
1782815432629 0.23357799649238586 4822
1782815432630 0.030945507809519768 4823
1782815432632 0.087616465985775 4824
1782815432633 0.07462555170059204 4825
1782815432634 0.2108113020658493 4826
1782815432636 0.3697842061519623 4827
1782815432637 0.14319850504398346 4828
1782815432639 0.19215700030326843 4829
1782815432640 0.1668611615896225 4830
1782815432641 0.0498640350997448 4831
1782815432643 0.05510379374027252 4832
1782815432644 0.10475008934736252 4833
1782815432646 0.05742870271205902 4834
1782815432647 0.019399015232920647 4835
1782815432649 0.23097674548625946 4836
1782815432650 0.07776592671871185 4837
1782815432652 0.05668218806385994 4838
1782815432653 0.13959798216819763 4839
1782815432654 0.17657016217708588 4840
1782815432656 0.14080190658569336 4841
1782815432657 0.03192538395524025 4842
1782815432659 0.1562587022781372 4843
1782815432660 0.03604587912559509 4844
1782815432662 0.0558740608394146 4845
1782815432663 0.19013145565986633 4846
1782815432665 0.008695868775248528 4847
1782815432666 0.04914766922593117 4848
1782815432668 0.05871395394206047 4849
1782815432669 0.13580307364463806 4850
1782815432670 0.06062003970146179 4851
1782815432672 0.07735317200422287 4852
1782815432673 0.025221766903996468 4853
1782815432675 0.05571024492383003 4854
1782815432677 0.15730653703212738 4855
1782815432678 0.0010995219927281141 4856
1782815432679 0.05178770795464516 4857
1782815432681 0.02079763263463974 4858
1782815432682 0.045360393822193146 4859
1782815432684 0.007499667350202799 4860
1782815432685 0.004731387365609407 4861
1782815432686 0.32892486453056335 4862
1782815432688 0.04367639496922493 4863
1782815432689 0.0969533622264862 4864
1782815432691 0.07854018360376358 4865
1782815432692 0.0070487805642187595 4866
1782815432694 0.11047746986150742 4867
1782815432695 0.013264060020446777 4868
1782815432697 0.0727299228310585 4869
1782815432698 0.0010352025274187326 4870
1782815432699 0.004535170737653971 4871
1782815432701 0.08348193019628525 4872
1782815432702 0.032409556210041046 4873
1782815432704 0.0827040821313858 4874
1782815432705 0.3397444784641266 4875
1782815432707 0.22892768681049347 4876
1782815432708 0.06072051450610161 4877
1782815432710 0.1334570348262787 4878
1782815432711 0.02656381204724312 4879
1782815432712 0.1551303267478943 4880
1782815432714 0.10413676500320435 4881
1782815432715 0.21729587018489838 4882
1782815432717 0.022656334564089775 4883
1782815432718 0.07459954917430878 4884
1782815432720 0.23522977530956268 4885
1782815432721 0.03549238294363022 4886
1782815432723 0.13727769255638123 4887
1782815432724 0.005714301019906998 4888
1782815432725 0.07449743896722794 4889
1782815432727 0.07504122704267502 4890
1782815432728 0.1006222516298294 4891
1782815432730 0.040000393986701965 4892
1782815432731 0.18470695614814758 4893
1782815432732 0.041991375386714935 4894
1782815432734 0.004290548153221607 4895
1782815432735 0.17282511293888092 4896
1782815432737 0.27119776606559753 4897
1782815432738 0.18208391964435577 4898
1782815432739 0.013629947789013386 4899
1782815432741 0.06426805257797241 4900
1782815432742 0.04860789701342583 4901
1782815432744 0.08766674995422363 4902
1782815432745 0.09568743407726288 4903
1782815432747 0.05159074813127518 4904
1782815432748 0.04774855077266693 4905
1782815432749 0.06442024558782578 4906
1782815432751 0.13890336453914642 4907
1782815432752 0.04421281814575195 4908
1782815432754 0.019567223265767097 4909
1782815432755 0.08148252964019775 4910
1782815432757 0.005055092740803957 4911
1782815432758 0.21228225529193878 4912
1782815432759 0.0018822321435436606 4913
1782815432761 0.043993737548589706 4914
1782815432762 0.3348390758037567 4915
1782815432764 0.17661352455615997 4916
1782815432765 0.09626445919275284 4917
1782815432767 0.09495282173156738 4918
1782815432768 0.0469491183757782 4919
1782815432770 0.08554080128669739 4920
1782815432771 0.0869656503200531 4921
1782815432772 0.15416035056114197 4922
1782815432774 0.05538664385676384 4923
1782815432775 0.041172318160533905 4924
1782815432777 0.0835631862282753 4925
1782815432778 0.10342053323984146 4926
1782815432779 0.2644355595111847 4927
1782815432781 0.009127677418291569 4928
1782815432782 0.012102145701646805 4929
1782815432783 0.02368474379181862 4930
1782815432785 0.07509976625442505 4931
1782815432786 0.124088816344738 4932
1782815432788 0.16099581122398376 4933
1782815432789 0.18636205792427063 4934
1782815432790 0.06608693301677704 4935
1782815432792 0.13859590888023376 4936
1782815432793 0.06677237153053284 4937
1782815432795 0.05257837101817131 4938
1782815432796 0.07494594901800156 4939
1782815432797 0.011389395222067833 4940
1782815432799 0.08341428637504578 4941
1782815432800 0.10026299953460693 4942
1782815432802 0.13581494987010956 4943
1782815432803 0.20440641045570374 4944
1782815432804 0.17813444137573242 4945
1782815432806 0.04278990626335144 4946
1782815432807 0.11533690243959427 4947
1782815432809 0.13461163640022278 4948
1782815432810 0.024062318727374077 4949
1782815432811 0.26237478852272034 4950
1782815432813 0.07145839929580688 4951
1782815432814 0.031129324808716774 4952
1782815432815 0.15503334999084473 4953
1782815432817 0.02592535689473152 4954
1782815432818 0.0784928947687149 4955
1782815432820 0.5343549251556396 4956
1782815432821 0.12504805624485016 4957
1782815432822 0.10532332956790924 4958
1782815432824 0.04111132770776749 4959
1782815432825 0.05646480247378349 4960
1782815432827 0.005427469499409199 4961
1782815432828 0.07395611703395844 4962
1782815432830 0.06194497272372246 4963
1782815432831 0.09988387674093246 4964
1782815432832 0.35894471406936646 4965
1782815432834 0.08292640000581741 4966
1782815432835 0.507562518119812 4967
1782815432837 0.0010176532668992877 4968
1782815432838 0.12123703211545944 4969
1782815432839 0.08924582600593567 4970
1782815432841 0.18017759919166565 4971
1782815432842 0.06294471770524979 4972
1782815432844 0.05816848948597908 4973
1782815432845 0.12293048202991486 4974
1782815432846 0.012132219038903713 4975
1782815432848 0.007482968736439943 4976
1782815432849 0.10963188856840134 4977
1782815432851 0.02104981802403927 4978
1782815432852 0.12349089980125427 4979
1782815432853 0.20673176646232605 4980
1782815432855 0.004304319620132446 4981
1782815432856 0.13982334733009338 4982
1782815432858 0.06368428468704224 4983
1782815432859 0.10512067377567291 4984
1782815432860 0.021752703934907913 4985
1782815432862 0.09140525013208389 4986
1782815432863 0.013169960118830204 4987
1782815432865 0.013221688568592072 4988
1782815432866 0.19924549758434296 4989
1782815432868 0.033560920506715775 4990
1782815432869 0.04528333246707916 4991
1782815432870 0.013518918305635452 4992
1782815432872 0.039562810212373734 4993
1782815432873 0.14851655066013336 4994
1782815432875 0.3603114187717438 4995
1782815432876 0.0025986223481595516 4996
1782815432878 0.015739981085062027 4997
1782815432879 0.06823690235614777 4998
1782815432880 0.30613282322883606 4999
1782815432882 0.19498874247074127 5000
1782815432883 0.03864375501871109 5001
1782815432885 0.06288569420576096 5002
1782815432886 0.1611623913049698 5003
1782815432887 0.07223384082317352 5004
1782815432889 0.15402361750602722 5005
1782815432890 0.02173708751797676 5006
1782815432892 0.0025239340029656887 5007
1782815432893 0.050127074122428894 5008
1782815432894 0.220456063747406 5009
1782815432896 0.1021660715341568 5010
1782815432897 0.004826436284929514 5011
1782815432899 0.02073831856250763 5012
1782815432900 0.1975160390138626 5013
1782815432901 0.5542008876800537 5014
1782815432903 0.5363390445709229 5015
1782815432904 0.05231114476919174 5016
1782815432906 0.019549064338207245 5017
1782815432907 0.024904653429985046 5018
1782815432908 0.11020960658788681 5019
1782815432910 0.20669259130954742 5020
1782815432911 0.04565524682402611 5021
1782815432913 0.1310352087020874 5022
1782815432914 0.09650078415870667 5023
1782815432915 0.07340200990438461 5024
1782815432917 0.2398078739643097 5025
1782815432918 0.06277035921812057 5026
1782815432920 0.020133068785071373 5027
1782815432921 0.17177051305770874 5028
1782815432922 0.30923566222190857 5029
1782815432924 0.14364056289196014 5030
1782815432925 0.010010069236159325 5031
1782815432926 0.24683278799057007 5032
1782815432928 0.0057699778117239475 5033
1782815432929 0.015062600374221802 5034
1782815432931 0.06778500974178314 5035
1782815432932 0.024508051574230194 5036
1782815432934 0.210540309548378 5037
1782815432935 0.10666920244693756 5038
1782815432936 0.07246324419975281 5039
1782815432938 0.05401112139225006 5040
1782815432939 0.06648292392492294 5041
1782815432940 0.014513237401843071 5042
1782815432942 0.030350932851433754 5043
1782815432943 0.3092225193977356 5044
1782815432945 0.2720242440700531 5045
1782815432946 0.016228780150413513 5046
1782815432947 0.5168933272361755 5047
1782815432949 0.04812931269407272 5048
1782815432950 0.11913932859897614 5049
1782815432952 0.2146746814250946 5050
1782815432953 0.149941086769104 5051
1782815432954 0.29684191942214966 5052
1782815432956 0.06123269721865654 5053
1782815432957 0.11374957859516144 5054
1782815432959 0.011025819927453995 5055
1782815432960 0.2957369089126587 5056
1782815432961 0.14143887162208557 5057
1782815432963 0.005151493474841118 5058
1782815432964 0.14808040857315063 5059
1782815432966 0.13940098881721497 5060
1782815432967 0.21855534613132477 5061
1782815432968 0.040244389325380325 5062
1782815432970 0.06769771873950958 5063
1782815432971 0.21684135496616364 5064
1782815432972 0.2605796456336975 5065
1782815432974 0.16770878434181213 5066
1782815432975 0.16022880375385284 5067
1782815432976 0.19742098450660706 5068
1782815432978 0.025722481310367584 5069
1782815432979 0.19349277019500732 5070
1782815432981 0.03547617048025131 5071
1782815432982 0.0139394486322999 5072
1782815432983 0.20647379755973816 5073
1782815432985 0.03206377848982811 5074
1782815432986 0.05207293480634689 5075
1782815432987 0.06643957644701004 5076
1782815432989 0.03805074095726013 5077
1782815432990 0.21700403094291687 5078
1782815432992 0.12813065946102142 5079
1782815432993 0.07981381565332413 5080
1782815432994 0.04662279412150383 5081
1782815432996 0.08587277680635452 5082
1782815432997 0.008041891269385815 5083
1782815432999 0.05382291227579117 5084
1782815433000 0.24133071303367615 5085
1782815433001 0.020327216014266014 5086
1782815433003 0.19120286405086517 5087
1782815433004 0.04302622750401497 5088
1782815433005 0.23083359003067017 5089
1782815433007 0.05638190731406212 5090
1782815433008 0.14375987648963928 5091
1782815433010 0.2531311810016632 5092
1782815433011 0.08638409525156021 5093
1782815433012 0.17100808024406433 5094
1782815433014 0.1360752284526825 5095
1782815433015 0.1148865669965744 5096
1782815433016 0.04198061674833298 5097
1782815433018 0.015106391161680222 5098
1782815433019 0.37789493799209595 5099
1782815433021 0.12370274215936661 5100
1782815433022 0.043935034424066544 5101
1782815433023 0.03637251630425453 5102
1782815433025 0.09055576473474503 5103
1782815433026 0.19465619325637817 5104
1782815433027 0.06452981382608414 5105
1782815433029 0.007617550902068615 5106
1782815433031 0.10033202916383743 5107
1782815433032 0.02684755250811577 5108
1782815433034 0.008332261815667152 5109
1782815433035 0.1414763480424881 5110
1782815433036 0.29674196243286133 5111
1782815433038 0.04503289610147476 5112
1782815433039 0.05509454011917114 5113
1782815433041 0.04474436119198799 5114
1782815433042 0.052467476576566696 5115
1782815433043 0.18595752120018005 5116
1782815433045 0.013098618946969509 5117
1782815433046 0.05415472015738487 5118
1782815433047 0.031644608825445175 5119
1782815433049 0.2003827691078186 5120
1782815433050 0.07252147793769836 5121
1782815433052 0.07527569681406021 5122
1782815433053 0.03002120926976204 5123
1782815433054 0.14401523768901825 5124
1782815433056 0.0606510303914547 5125
1782815433057 0.16059117019176483 5126
1782815433059 0.05993395298719406 5127
1782815433060 0.07078000903129578 5128
1782815433061 0.0772591382265091 5129
1782815433063 0.03360583260655403 5130
1782815433064 0.03187870234251022 5131
1782815433066 0.08203534036874771 5132
1782815433067 0.12424520403146744 5133
1782815433068 0.1337178498506546 5134
1782815433070 0.2374602109193802 5135
1782815433071 0.30262213945388794 5136
1782815433072 0.1784031242132187 5137
1782815433074 0.20091953873634338 5138
1782815433075 0.22195695340633392 5139
1782815433077 0.2301180511713028 5140
1782815433078 0.22584673762321472 5141
1782815433079 0.045577093958854675 5142
1782815433081 0.04220392927527428 5143
1782815433082 0.33840441703796387 5144
1782815433084 0.17715799808502197 5145
1782815433085 0.010336712002754211 5146
1782815433086 0.02737807109951973 5147
1782815433088 0.09135368466377258 5148
1782815433089 0.20331642031669617 5149
1782815433091 0.06133665516972542 5150
1782815433092 0.06212359666824341 5151
1782815433093 0.03918776288628578 5152
1782815433095 0.08474515378475189 5153
1782815433096 0.23844820261001587 5154
1782815433099 0.030930891633033752 5155
1782815433101 0.08949216455221176 5156
1782815433102 0.07890161126852036 5157
1782815433103 0.15550531446933746 5158
1782815433105 0.192964568734169 5159
1782815433106 0.21512168645858765 5160
1782815433108 0.1818462312221527 5161
1782815433109 0.253571093082428 5162
1782815433110 0.6785666346549988 5163
1782815433112 0.0372624397277832 5164
1782815433113 0.07413024455308914 5165
1782815433114 0.31641510128974915 5166
1782815433116 0.21101605892181396 5167
1782815433117 0.018349185585975647 5168
1782815433119 0.11749791353940964 5169
1782815433120 0.07009319961071014 5170
1782815433121 0.007957922294735909 5171
1782815433123 0.03388766944408417 5172
1782815433124 0.038211774080991745 5173
1782815433126 0.06055521219968796 5174
1782815433127 0.08703838288784027 5175
1782815433128 0.06168030574917793 5176
1782815433130 0.2332417368888855 5177
1782815433131 0.011097399517893791 5178
1782815433132 0.07242172956466675 5179
1782815433134 0.08502421528100967 5180
1782815433135 0.29307475686073303 5181
1782815433137 0.10011797398328781 5182
1782815433138 0.06676558405160904 5183
1782815433139 0.14274464547634125 5184
1782815433141 0.11901126801967621 5185
1782815433142 0.2530784010887146 5186
1782815433144 0.06625046581029892 5187
1782815433145 0.07658478617668152 5188
1782815433146 0.06373772025108337 5189
1782815433148 0.03733465075492859 5190
1782815433149 0.08242453634738922 5191
1782815433151 0.03451869636774063 5192
1782815433152 0.0030844758730381727 5193
1782815433153 0.09550271928310394 5194
1782815433155 0.11129213124513626 5195
1782815433156 0.11652911454439163 5196
1782815433157 0.13636599481105804 5197
1782815433159 0.45401498675346375 5198
1782815433160 0.0185833852738142 5199
1782815433161 0.022440830245614052 5200
1782815433163 0.12203925102949142 5201
1782815433164 0.09168021380901337 5202
1782815433166 0.011233530938625336 5203
1782815433167 0.03342469781637192 5204
1782815433168 0.12007392197847366 5205
1782815433170 0.11167252063751221 5206
1782815433171 0.01721319928765297 5207
1782815433172 0.07323236763477325 5208
1782815433174 0.058220576494932175 5209
1782815433175 0.030111948028206825 5210
1782815433177 0.11508112400770187 5211
1782815433178 0.08908175677061081 5212
1782815433179 0.17524349689483643 5213
1782815433181 0.04512817785143852 5214
1782815433182 0.001614659558981657 5215
1782815433183 0.02029828168451786 5216
1782815433185 0.00481626158580184 5217
1782815433186 0.18327569961547852 5218
1782815433187 0.012235479429364204 5219
1782815433189 0.1869794726371765 5220
1782815433190 0.28677502274513245 5221
1782815433192 0.18338988721370697 5222
1782815433193 0.003829916473478079 5223
1782815433194 0.13223019242286682 5224
1782815433196 0.16494055092334747 5225
1782815433197 0.09485850483179092 5226
1782815433199 0.1211216077208519 5227
1782815433200 0.09541670233011246 5228
1782815433201 0.019839458167552948 5229
1782815433203 0.4872669577598572 5230
1782815433204 0.15410079061985016 5231
1782815433205 0.004232626873999834 5232
1782815433207 0.1298852264881134 5233
1782815433208 0.034785784780979156 5234
1782815433210 0.14025144279003143 5235
1782815433211 0.04354076087474823 5236
1782815433212 0.03886813670396805 5237
1782815433214 0.05206415057182312 5238
1782815433215 0.013457989320158958 5239
1782815433217 0.0035874824970960617 5240
1782815433218 0.012316668406128883 5241
1782815433219 0.13973133265972137 5242
1782815433221 0.044744204729795456 5243
1782815433222 0.4943869411945343 5244
1782815433223 0.023794107139110565 5245
1782815433225 0.23809683322906494 5246
1782815433226 0.14852425456047058 5247
1782815433228 0.123850017786026 5248
1782815433229 0.02405465766787529 5249
1782815433231 0.08739390969276428 5250
1782815433232 0.08818218857049942 5251
1782815433233 0.027419788762927055 5252
1782815433235 0.013940557837486267 5253
1782815433236 0.11437168717384338 5254
1782815433238 0.1807166188955307 5255
1782815433239 0.03190154582262039 5256
1782815433240 0.034526024013757706 5257
1782815433242 0.010423719882965088 5258
1782815433243 0.011478454805910587 5259
1782815433245 0.09647876769304276 5260
1782815433246 0.005117759108543396 5261
1782815433247 0.08557767421007156 5262
1782815433249 0.07006137818098068 5263
1782815433250 0.00693176593631506 5264
1782815433251 0.22411401569843292 5265
1782815433253 0.08712438493967056 5266
1782815433254 0.005231380462646484 5267
1782815433255 0.01447316538542509 5268
1782815433257 0.0038634950760751963 5269
1782815433258 0.040140990167856216 5270
1782815433260 0.1654660999774933 5271
1782815433261 0.010387135669589043 5272
1782815433262 0.03709624707698822 5273
1782815433264 0.12177818268537521 5274
1782815433265 0.17705467343330383 5275
1782815433266 0.002750443061813712 5276
1782815433268 0.09882128238677979 5277
1782815433269 0.0011773090809583664 5278
1782815433271 0.07961591333150864 5279
1782815433272 0.005239067133516073 5280
1782815433274 0.2711562216281891 5281
1782815433275 0.22083507478237152 5282
1782815433276 0.06669039279222488 5283
1782815433278 0.0012046636547893286 5284
1782815433279 0.00789709109812975 5285
1782815433281 0.15737198293209076 5286
1782815433282 0.7119528651237488 5287
1782815433284 0.20892339944839478 5288
1782815433285 0.3635074198246002 5289
1782815433286 0.014032620005309582 5290
1782815433288 0.020923128351569176 5291
1782815433289 0.05137713626027107 5292
1782815433290 0.09499934315681458 5293
1782815433292 0.017875758931040764 5294
1782815433293 0.31717216968536377 5295
1782815433295 0.3100424110889435 5296
1782815433296 0.19545891880989075 5297
1782815433297 0.1468367725610733 5298
1782815433299 0.4118514060974121 5299
1782815433300 0.04178695008158684 5300
1782815433302 0.10039594769477844 5301
1782815433303 0.11430735886096954 5302
1782815433304 0.12509241700172424 5303
1782815433306 0.07293231785297394 5304
1782815433307 0.06725548952817917 5305
1782815433309 0.09852323681116104 5306
1782815433310 0.10165051370859146 5307
1782815433311 0.13292498886585236 5308
1782815433313 0.34760981798171997 5309
1782815433314 0.11798503994941711 5310
1782815433316 0.1287670135498047 5311
1782815433317 0.05594630911946297 5312
1782815433318 0.09775227308273315 5313
1782815433320 0.06157105788588524 5314
1782815433321 0.26045235991477966 5315
1782815433323 0.26849380135536194 5316
1782815433324 0.05242625251412392 5317
1782815433326 0.1010352075099945 5318
1782815433327 0.08312471210956573 5319
1782815433328 0.08821094036102295 5320
1782815433330 0.12246625125408173 5321
1782815433331 0.0777868703007698 5322
1782815433333 0.03973286598920822 5323
1782815433334 0.22432003915309906 5324
1782815433335 0.21896132826805115 5325
1782815433337 0.11734747886657715 5326
1782815433338 0.1802612543106079 5327
1782815433340 0.016541605815291405 5328
1782815433341 0.06335374712944031 5329
1782815433342 0.19381654262542725 5330
1782815433344 0.03796714171767235 5331
1782815433345 0.008683021180331707 5332
1782815433347 0.051935095340013504 5333
1782815433348 0.026361973956227303 5334
1782815433350 0.07452551275491714 5335
1782815433351 0.1666381061077118 5336
1782815433352 0.08588305115699768 5337
1782815433354 0.06942960619926453 5338
1782815433355 0.02455819398164749 5339
1782815433357 0.15190160274505615 5340
1782815433358 0.055505260825157166 5341
1782815433359 0.12374850362539291 5342
1782815433361 0.04183592274785042 5343
1782815433362 0.13291698694229126 5344
1782815433363 0.31998032331466675 5345
1782815433365 0.0402059331536293 5346
1782815433366 0.20572637021541595 5347
1782815433368 0.3296424150466919 5348
1782815433369 0.12349291890859604 5349
1782815433370 0.14619497954845428 5350
1782815433372 0.09143132716417313 5351
1782815433373 0.1778179556131363 5352
1782815433375 0.09056690335273743 5353
1782815433376 0.009716697968542576 5354
1782815433377 0.06934718787670135 5355
1782815433379 0.024291064590215683 5356
1782815433380 0.2251945286989212 5357
1782815433381 0.030135655775666237 5358
1782815433383 0.1136462539434433 5359
1782815433384 0.20612311363220215 5360
1782815433386 0.013900872319936752 5361
1782815433387 0.02510516345500946 5362
1782815433388 0.10847710818052292 5363
1782815433390 0.021603910252451897 5364
1782815433391 0.21420975029468536 5365
1782815433393 0.050860196352005005 5366
1782815433394 0.02592957578599453 5367
1782815433395 0.10577186942100525 5368
1782815433397 0.014983420260250568 5369
1782815433398 0.07636631280183792 5370
1782815433400 0.04906141012907028 5371
1782815433401 0.023989075794816017 5372
1782815433402 0.18127480149269104 5373
1782815433404 0.018049826845526695 5374
1782815433406 0.02890073135495186 5375
1782815433407 0.08207730203866959 5376
1782815433408 0.21474844217300415 5377
1782815433410 0.20201146602630615 5378
1782815433411 0.028539927676320076 5379
1782815433413 0.014659787528216839 5380
1782815433414 0.17572280764579773 5381
1782815433415 0.2936451733112335 5382
1782815433417 0.01334975566715002 5383
1782815433418 0.02275242656469345 5384
1782815433420 0.05407477170228958 5385
1782815433421 0.10045413672924042 5386
1782815433422 0.13167741894721985 5387
1782815433424 0.018427273258566856 5388
1782815433425 0.08181905746459961 5389
1782815433426 0.16715463995933533 5390
1782815433428 0.19567790627479553 5391
1782815433430 0.008353840559720993 5392
1782815433431 0.3465348482131958 5393
1782815433432 0.15196940302848816 5394
1782815433434 0.3586074411869049 5395
1782815433435 0.10850830376148224 5396
1782815433436 0.28606605529785156 5397
1782815433438 0.20236505568027496 5398
1782815433439 0.00887861754745245 5399
1782815433440 0.05194757506251335 5400
1782815433442 0.25551337003707886 5401
1782815433443 0.19400791823863983 5402
1782815433445 0.03115229681134224 5403
1782815433446 0.13143068552017212 5404
1782815433447 0.3858340382575989 5405
1782815433449 0.09378623962402344 5406
1782815433450 0.4330928325653076 5407
1782815433452 0.00968821533024311 5408
1782815433453 0.02041536755859852 5409
1782815433454 0.2987436056137085 5410
1782815433456 0.12102245539426804 5411
1782815433457 0.08563198894262314 5412
1782815433459 0.19324935972690582 5413
1782815433460 0.0734017938375473 5414
1782815433461 0.12176857143640518 5415
1782815433463 0.15102629363536835 5416
1782815433464 0.24294018745422363 5417
1782815433465 0.3367285430431366 5418
1782815433467 0.016431821510195732 5419
1782815433468 0.13612158596515656 5420
1782815433470 0.04807677119970322 5421
1782815433471 0.22929733991622925 5422
1782815433472 0.17749729752540588 5423
1782815433474 0.19485734403133392 5424
1782815433475 0.09671326726675034 5425
1782815433476 0.06827113032341003 5426
1782815433478 0.10647176206111908 5427
1782815433479 0.01676674745976925 5428
1782815433481 0.05894225835800171 5429
1782815433482 0.00888893287628889 5430
1782815433483 0.18794620037078857 5431
1782815433485 0.17733925580978394 5432
1782815433486 0.06154973804950714 5433
1782815433487 0.10723287612199783 5434
1782815433489 0.2957746982574463 5435
1782815433490 0.031512342393398285 5436
1782815433492 0.016811227425932884 5437
1782815433493 0.055791500955820084 5438
1782815433494 0.043202776461839676 5439
1782815433496 0.009548487141728401 5440
1782815433497 0.010464414954185486 5441
1782815433498 0.028122037649154663 5442
1782815433500 0.16468390822410583 5443
1782815433501 0.07336539775133133 5444
1782815433503 0.014371825382113457 5445
1782815433504 0.2251221090555191 5446
1782815433505 0.014959231950342655 5447
1782815433507 0.0815466120839119 5448
1782815433508 0.05557910352945328 5449
1782815433509 0.024582581594586372 5450
1782815433511 0.05535026639699936 5451
1782815433512 0.07335632294416428 5452
1782815433514 0.07579226046800613 5453
1782815433515 0.3017914891242981 5454
1782815433516 0.09073659777641296 5455
1782815433518 0.05392763018608093 5456
1782815433519 0.1625005006790161 5457
1782815433521 0.017311200499534607 5458
1782815433523 0.07657139748334885 5459
1782815433524 0.030532946810126305 5460
1782815433525 0.012603512965142727 5461
1782815433527 0.014232396148145199 5462
1782815433528 0.0819782018661499 5463
1782815433530 0.04655236005783081 5464
1782815433531 0.13654661178588867 5465
1782815433532 0.22391372919082642 5466
1782815433534 0.14656983315944672 5467
1782815433535 0.16675397753715515 5468
1782815433537 0.00811711885035038 5469
1782815433538 0.007378121372312307 5470
1782815433539 0.0064134481362998486 5471
1782815433541 0.06448765099048615 5472
1782815433542 0.4965696930885315 5473
1782815433543 0.06736589968204498 5474
1782815433545 0.01606021262705326 5475
1782815433546 0.03844049945473671 5476
1782815433548 0.0731617659330368 5477
1782815433549 0.101734459400177 5478
1782815433551 0.10451879352331161 5479
1782815433552 0.2520686984062195 5480
1782815433553 0.04735806584358215 5481
1782815433555 0.07760276645421982 5482
1782815433556 0.015797898173332214 5483
1782815433557 0.45200419425964355 5484
1782815433559 0.192328080534935 5485
1782815433560 0.04403171315789223 5486
1782815433561 0.020970415323972702 5487
1782815433563 0.12988200783729553 5488
1782815433564 0.1490025371313095 5489
1782815433566 0.3089384436607361 5490
1782815433567 0.02381734922528267 5491
1782815433568 0.015128210186958313 5492
1782815433570 0.01009378582239151 5493
1782815433571 0.06735112518072128 5494
1782815433572 0.14447900652885437 5495
1782815433574 0.09329058974981308 5496
1782815433575 0.015122461132705212 5497
1782815433577 0.03375473618507385 5498
1782815433578 0.0771946832537651 5499
1782815433579 0.02889251708984375 5500
1782815433581 0.09042900800704956 5501
1782815433582 0.24971257150173187 5502
1782815433584 0.008178355172276497 5503
1782815433585 0.018863925710320473 5504
1782815433586 0.10293633490800858 5505
1782815433588 0.010154670104384422 5506
1782815433589 0.16918881237506866 5507
1782815433590 0.1995530128479004 5508
1782815433592 0.04571571573615074 5509
1782815433593 0.2419523149728775 5510
1782815433595 0.08831459283828735 5511
1782815433596 0.3623347282409668 5512
1782815433597 0.053507402539253235 5513
1782815433599 0.29952454566955566 5514
1782815433600 0.027588719502091408 5515
1782815433602 0.13828857243061066 5516
1782815433603 0.20758651196956635 5517
1782815433604 0.04886280745267868 5518
1782815433606 0.1241055503487587 5519
1782815433607 0.015826718881726265 5520
1782815433609 0.06789867579936981 5521
1782815433610 0.121646948158741 5522
1782815433611 0.04381052404642105 5523
1782815433613 0.08467288315296173 5524
1782815433614 0.0647502914071083 5525
1782815433616 0.23109447956085205 5526
1782815433617 0.18352951109409332 5527
1782815433618 0.33860474824905396 5528
1782815433620 0.10978753864765167 5529
1782815433621 0.014539049006998539 5530
1782815433622 0.059177178889513016 5531
1782815433624 0.07711352407932281 5532
1782815433625 0.011963078752160072 5533
1782815433627 0.2164068967103958 5534
1782815433628 0.14987298846244812 5535
1782815433630 0.15290974080562592 5536
1782815433631 0.2479773908853531 5537
1782815433632 0.17770923674106598 5538
1782815433634 0.16064198315143585 5539
1782815433635 0.0885012298822403 5540
1782815433637 0.011923679150640965 5541
1782815433638 0.022891303524374962 5542
1782815433639 0.22933454811573029 5543
1782815433641 0.26751136779785156 5544
1782815433642 0.06733351945877075 5545
1782815433644 0.11118236929178238 5546
1782815433645 0.2065512239933014 5547
1782815433646 0.041076671332120895 5548
1782815433648 0.03428766876459122 5549
1782815433649 0.04146813973784447 5550
1782815433650 0.18857890367507935 5551
1782815433652 0.013884471729397774 5552
1782815433653 0.03992113843560219 5553
1782815433655 0.20010404288768768 5554
1782815433656 0.0493694506585598 5555
1782815433657 0.1701805740594864 5556
1782815433659 0.07288604974746704 5557
1782815433660 0.007943647913634777 5558
1782815433661 0.05123872682452202 5559
1782815433663 0.03438080474734306 5560
1782815433664 0.09187808632850647 5561
1782815433666 0.06412298232316971 5562
1782815433667 0.21076349914073944 5563
1782815433668 0.1205654889345169 5564
1782815433670 0.20099285244941711 5565
1782815433671 0.02468012645840645 5566
1782815433673 0.4561651945114136 5567
1782815433674 0.013894316740334034 5568
1782815433675 0.05076814815402031 5569
1782815433677 0.06756584346294403 5570
1782815433678 0.005523121450096369 5571
1782815433680 0.20862527191638947 5572
1782815433681 0.18763217329978943 5573
1782815433682 0.013689560815691948 5574
1782815433684 0.02699139341711998 5575
1782815433685 0.08797193318605423 5576
1782815433687 0.021672336384654045 5577
1782815433688 0.017880577594041824 5578
1782815433689 0.04607991501688957 5579
1782815433691 0.0248126033693552 5580
1782815433692 0.3021709620952606 5581
1782815433694 0.06922171264886856 5582
1782815433695 0.020601734519004822 5583
1782815433696 0.07269567996263504 5584
1782815433698 0.10261670500040054 5585
1782815433699 0.030583033338189125 5586
1782815433700 0.015147625468671322 5587
1782815433702 0.011785394512116909 5588
1782815433703 0.036938104778528214 5589
1782815433705 0.06990336626768112 5590
1782815433706 0.021144742146134377 5591
1782815433707 0.05721696466207504 5592
1782815433709 0.11235354840755463 5593
1782815433710 0.08925778418779373 5594
1782815433712 0.10325965285301208 5595
1782815433713 0.10498330742120743 5596
1782815433714 0.014581154100596905 5597
1782815433716 0.10012837499380112 5598
1782815433717 0.02195143699645996 5599
1782815433719 0.21106694638729095 5600
1782815433720 0.09445221722126007 5601
1782815433721 0.022026682272553444 5602
1782815433723 0.11704976111650467 5603
1782815433724 0.0784577876329422 5604
1782815433726 0.31494203209877014 5605
1782815433727 0.04225735738873482 5606
1782815433728 0.026670638471841812 5607
1782815433730 0.1599503606557846 5608
1782815433731 0.008824522607028484 5609
1782815433733 0.07876342535018921 5610
1782815433734 0.14887510240077972 5611
1782815433735 0.15116077661514282 5612
1782815433737 0.1546737253665924 5613
1782815433738 0.18182629346847534 5614
1782815433740 0.036722756922245026 5615
1782815433741 0.06758680194616318 5616
1782815433742 0.012131541967391968 5617
1782815433744 0.08742237091064453 5618
1782815433745 0.216241717338562 5619
1782815433747 0.07804858684539795 5620
1782815433748 0.0051999217830598354 5621
1782815433749 0.1132703498005867 5622
1782815433751 0.026383742690086365 5623
1782815433752 0.12487272918224335 5624
1782815433874 0.005108253564685583 5625
1782815433876 0.148942232131958 5626
1782815433878 0.006745894905179739 5627
1782815433879 0.015463420189917088 5628
1782815433881 0.018292801454663277 5629
1782815433882 0.015290118753910065 5630
1782815433883 0.04864713177084923 5631
1782815433885 0.07458978146314621 5632
1782815433886 0.03871213272213936 5633
1782815433887 0.027973098680377007 5634
1782815433889 0.023710107430815697 5635
1782815433890 0.004918276332318783 5636
1782815433892 0.11823005229234695 5637
1782815433893 0.15312866866588593 5638
1782815433894 0.00650343531742692 5639
1782815433896 0.022703023627400398 5640
1782815433897 0.15361632406711578 5641
1782815433898 0.05536002293229103 5642
1782815433900 0.01341306697577238 5643
1782815433901 0.23926974833011627 5644
1782815433902 0.07642332464456558 5645
1782815433904 0.012555772438645363 5646
1782815433905 0.11920573562383652 5647
1782815433906 0.03521538898348808 5648
1782815433908 0.06318656355142593 5649
1782815433909 0.09198439866304398 5650
1782815433910 0.2573428452014923 5651
1782815433912 0.030317150056362152 5652
1782815433913 0.12051735073328018 5653
1782815433914 0.027500439435243607 5654
1782815433916 0.003152791876345873 5655
1782815433917 0.1641731858253479 5656
1782815433918 0.06302115321159363 5657
1782815433920 0.006155806593596935 5658
1782815433921 0.013597852550446987 5659
1782815433922 0.212930828332901 5660
1782815433924 0.0057988399639725685 5661
1782815433925 0.04657946527004242 5662
1782815433927 0.02092132903635502 5663
1782815433928 0.27284735441207886 5664
1782815433929 0.02063521184027195 5665
1782815433931 0.05727066472172737 5666
1782815433932 0.0063211084343492985 5667
1782815433934 0.0651162713766098 5668
1782815433935 0.04489466920495033 5669
1782815433936 0.005119710229337215 5670
1782815433938 0.17869028449058533 5671
1782815433939 0.01716141402721405 5672
1782815433941 0.09774027019739151 5673
1782815433942 0.016568228602409363 5674
1782815433943 0.17394427955150604 5675
1782815433945 0.027926677837967873 5676
1782815433946 0.004449962638318539 5677
1782815433947 0.21883980929851532 5678
1782815433949 0.10857725143432617 5679
1782815433950 0.0027033179067075253 5680
1782815433951 0.012588522396981716 5681
1782815433953 0.036070045083761215 5682
1782815433954 0.03349434584379196 5683
1782815433955 0.009712843224406242 5684
1782815433957 0.23244117200374603 5685
1782815433958 0.008398503996431828 5686
1782815433959 0.04020500183105469 5687
1782815433961 0.023061592131853104 5688
1782815433962 0.008601663634181023 5689
1782815433964 0.25162020325660706 5690
1782815433965 0.3567793667316437 5691
1782815433966 0.19206859171390533 5692
1782815433968 0.053742025047540665 5693
1782815433969 0.2977307438850403 5694
1782815433970 0.13547056913375854 5695
1782815433972 0.006512031890451908 5696
1782815433973 0.006940692197531462 5697
1782815433975 0.019361931830644608 5698
1782815433976 0.07764042913913727 5699
1782815433977 0.05628540366888046 5700
1782815433979 0.14213286340236664 5701
1782815433980 0.014943593181669712 5702
1782815433981 0.09136972576379776 5703
1782815433983 0.003775898599997163 5704
1782815433984 0.07424749433994293 5705
1782815433985 0.1800944060087204 5706
1782815433987 0.18029628694057465 5707
1782815433988 0.18531522154808044 5708
1782815433989 0.0026395139284431934 5709
1782815433991 0.035680390894412994 5710
1782815433992 0.02703324519097805 5711
1782815433994 0.10028696060180664 5712
1782815433995 0.007265664637088776 5713
1782815433996 0.11685606092214584 5714
1782815433998 0.09399062395095825 5715
1782815433999 0.03815896436572075 5716
1782815434001 0.04357707500457764 5717
1782815434002 0.0825149267911911 5718
1782815434003 0.3931337296962738 5719
1782815434005 0.41050395369529724 5720
1782815434006 0.010449983179569244 5721
1782815434007 0.008569124154746532 5722
1782815434009 0.042699310928583145 5723
1782815434010 0.020336775109171867 5724
1782815434012 0.07890138775110245 5725
1782815434013 0.018012193962931633 5726
1782815434014 0.011559977196156979 5727
1782815434016 0.1533869504928589 5728
1782815434017 0.09355871379375458 5729
1782815434019 0.009442145004868507 5730
1782815434020 0.050302110612392426 5731
1782815434021 0.13197624683380127 5732
1782815434023 0.11072520911693573 5733
1782815434024 0.07925820350646973 5734
1782815434025 0.0934213250875473 5735
1782815434027 0.0019056412857025862 5736
1782815434028 0.0028707068413496017 5737
1782815434030 0.10730423778295517 5738
1782815434031 0.13054847717285156 5739
1782815434033 0.053839195519685745 5740
1782815434034 0.03438132256269455 5741
1782815434035 0.10085126012563705 5742
1782815434037 0.08480996638536453 5743
1782815434038 0.3120550811290741 5744
1782815434040 0.06914688646793365 5745
1782815434041 0.003508251626044512 5746
1782815434042 0.018917197361588478 5747
1782815434044 0.06389147788286209 5748
1782815434045 0.2648823857307434 5749
1782815434046 0.0015368340536952019 5750
1782815434048 0.2107418179512024 5751
1782815434049 0.06318025290966034 5752
1782815434051 0.02444535866379738 5753
1782815434052 0.17885038256645203 5754
1782815434053 0.27069854736328125 5755
1782815434055 0.015979304909706116 5756
1782815434056 0.03921985253691673 5757
1782815434058 0.07281193882226944 5758
1782815434059 0.07673795521259308 5759
1782815434060 0.020620472729206085 5760
1782815434062 0.06987833231687546 5761
1782815434063 0.0753205269575119 5762
1782815434064 0.001848657033406198 5763
1782815434066 0.15700779855251312 5764
1782815434067 0.005782352294772863 5765
1782815434069 0.04552386701107025 5766
1782815434070 0.13150551915168762 5767
1782815434071 0.008296194486320019 5768
1782815434073 0.17476965487003326 5769
1782815434074 0.02649022825062275 5770
1782815434076 0.030899636447429657 5771
1782815434077 0.05987076088786125 5772
1782815434079 0.011024494655430317 5773
1782815434080 0.4986286759376526 5774
1782815434081 0.043620847165584564 5775
1782815434083 0.17202989757061005 5776
1782815434084 0.07948485016822815 5777
1782815434085 0.09687346965074539 5778
1782815434087 0.3594438433647156 5779
1782815434088 0.1940353810787201 5780
1782815434090 0.04629188030958176 5781
1782815434091 0.002609728602692485 5782
1782815434092 0.018618980422616005 5783
1782815434094 0.08012885600328445 5784
1782815434095 0.020585009828209877 5785
1782815434097 0.03687640279531479 5786
1782815434098 0.0579296238720417 5787
1782815434099 0.13286511600017548 5788
1782815434101 0.1752498596906662 5789
1782815434102 0.1627267599105835 5790
1782815434104 0.02607148513197899 5791
1782815434105 0.013298381119966507 5792
1782815434106 0.005871505476534367 5793
1782815434108 0.2498115599155426 5794
1782815434109 0.07579926401376724 5795
1782815434111 0.13224925100803375 5796
1782815434112 0.023766420781612396 5797
1782815434113 0.09787581115961075 5798
1782815434115 0.05387852340936661 5799
1782815434116 0.0028435031417757273 5800
1782815434117 0.10020017623901367 5801
1782815434119 0.007669002749025822 5802
1782815434120 0.08196930587291718 5803
1782815434122 0.0696636363863945 5804
1782815434123 0.28519973158836365 5805
1782815434124 0.027440642938017845 5806
1782815434126 0.23350220918655396 5807
1782815434128 0.05224873498082161 5808
1782815434129 0.22177286446094513 5809
1782815434131 0.043763235211372375 5810
1782815434132 0.025512749329209328 5811
1782815434133 0.27857282757759094 5812
1782815434134 0.0502605140209198 5813
1782815434136 0.03507804125547409 5814
1782815434137 0.0955294594168663 5815
1782815434139 0.007887828163802624 5816
1782815434140 0.14047840237617493 5817
1782815434141 0.197053000330925 5818
1782815434143 0.18027283251285553 5819
1782815434144 0.12925873696804047 5820
1782815434145 0.017177293077111244 5821
1782815434147 0.07827997207641602 5822
1782815434148 0.1857675164937973 5823
1782815434149 0.3282046914100647 5824
1782815434151 0.017475208267569542 5825
1782815434152 0.04865051805973053 5826
1782815434153 0.18816116452217102 5827
1782815434155 0.09551405906677246 5828
1782815434156 0.21032527089118958 5829
1782815434158 0.09203013777732849 5830
1782815434159 0.10725624859333038 5831
1782815434160 0.12135031074285507 5832
1782815434162 0.023889238014817238 5833
1782815434163 0.07319267094135284 5834
1782815434164 0.07821040600538254 5835
1782815434166 0.1651587188243866 5836
1782815434167 0.06791740655899048 5837
1782815434169 0.06610670685768127 5838
1782815434170 0.1802872121334076 5839
1782815434171 0.00966526847332716 5840
1782815434173 0.05734214559197426 5841
1782815434174 0.00921003520488739 5842
1782815434175 0.08086550980806351 5843
1782815434177 0.09723822772502899 5844
1782815434178 0.141221821308136 5845
1782815434180 0.022064287215471268 5846
1782815434181 0.010452193208038807 5847
1782815434182 0.06125037372112274 5848
1782815434184 0.031055429950356483 5849
1782815434185 0.2647387385368347 5850
1782815434186 0.18326564133167267 5851
1782815434188 0.34366679191589355 5852
1782815434189 0.08592072129249573 5853
1782815434190 0.009811635129153728 5854
1782815434192 0.01148768700659275 5855
1782815434193 0.02613433264195919 5856
1782815434195 0.06881784647703171 5857
1782815434196 0.22301146388053894 5858
1782815434197 0.025913972407579422 5859
1782815434199 0.07468120008707047 5860
1782815434200 0.03170638531446457 5861
1782815434201 0.08839515596628189 5862
1782815434203 0.12411150336265564 5863
1782815434204 0.1289038211107254 5864
1782815434205 0.1029021367430687 5865
1782815434207 0.016460690647363663 5866
1782815434208 0.0541963204741478 5867
1782815434210 0.04335610568523407 5868
1782815434211 0.12238623201847076 5869
1782815434212 0.04715470224618912 5870
1782815434214 0.05627626180648804 5871
1782815434215 0.003016507951542735 5872
1782815434216 0.03903122991323471 5873
1782815434218 0.04352431744337082 5874
1782815434219 0.18344208598136902 5875
1782815434220 0.25727349519729614 5876
1782815434222 0.4484782814979553 5877
1782815434223 0.1620047241449356 5878
1782815434225 0.05938350409269333 5879
1782815434226 0.011804189532995224 5880
1782815434227 0.07610978931188583 5881
1782815434229 0.01825857348740101 5882
1782815434230 0.004946116823703051 5883
1782815434232 0.15416261553764343 5884
1782815434233 0.06327658891677856 5885
1782815434235 0.00630935886874795 5886
1782815434236 0.07947190850973129 5887
1782815434237 0.06336070597171783 5888
1782815434239 0.05655207112431526 5889
1782815434240 0.21783645451068878 5890
1782815434241 0.05485888570547104 5891
1782815434243 0.20245476067066193 5892
1782815434244 0.03920065239071846 5893
1782815434245 0.0349932536482811 5894
1782815434247 0.008961372077465057 5895
1782815434248 0.006604232359677553 5896
1782815434250 0.09299972653388977 5897
1782815434251 0.028903406113386154 5898
1782815434252 0.07035669684410095 5899
1782815434254 0.021094465628266335 5900
1782815434255 0.12511903047561646 5901
1782815434256 0.08112980425357819 5902
1782815434258 0.02697298862040043 5903
1782815434259 0.002160947769880295 5904
1782815434261 0.008588879369199276 5905
1782815434262 0.017480025067925453 5906
1782815434263 0.032333169132471085 5907
1782815434265 0.0028188105206936598 5908
1782815434266 0.003902778960764408 5909
1782815434268 0.01839115470647812 5910
1782815434269 0.04035047069191933 5911
1782815434270 0.02847999334335327 5912
1782815434272 0.010788263753056526 5913
1782815434273 0.05127232149243355 5914
1782815434274 0.043985895812511444 5915
1782815434276 0.002863605273887515 5916
1782815434277 0.10095953196287155 5917
1782815434279 0.09039158374071121 5918
1782815434280 0.09366787225008011 5919
1782815434281 0.21333910524845123 5920
1782815434283 0.010403691790997982 5921
1782815434284 0.004140734672546387 5922
1782815434285 0.08859357982873917 5923
1782815434287 0.04676048830151558 5924
1782815434288 0.09030082076787949 5925
1782815434290 0.06530662626028061 5926
1782815434291 0.06412229686975479 5927
1782815434292 0.02305223047733307 5928
1782815434294 0.12162667512893677 5929
1782815434295 0.02569597214460373 5930
1782815434296 0.04108436033129692 5931
1782815434298 0.1458362191915512 5932
1782815434299 0.027603168040513992 5933
1782815434300 0.08690665662288666 5934
1782815434302 0.08323219418525696 5935
1782815434303 0.17182695865631104 5936
1782815434305 0.0633925050497055 5937
1782815434306 0.058536067605018616 5938
1782815434307 0.12137778103351593 5939
1782815434309 0.1642480194568634 5940
1782815434310 0.015168284997344017 5941
1782815434311 0.14027546346187592 5942
1782815434313 0.03908625617623329 5943
1782815434314 0.123712919652462 5944
1782815434315 0.10342561453580856 5945
1782815434317 0.047334711998701096 5946
1782815434318 0.010953276418149471 5947
1782815434320 0.004341651685535908 5948
1782815434321 0.0528508797287941 5949
1782815434322 0.06641777604818344 5950
1782815434324 0.012404385954141617 5951
1782815434325 0.012395014986395836 5952
1782815434326 0.02981605753302574 5953
1782815434328 0.022203434258699417 5954
1782815434329 0.2531810998916626 5955
1782815434331 0.06222660467028618 5956
1782815434332 0.10357027500867844 5957
1782815434333 0.06354758888483047 5958
1782815434335 0.18327932059764862 5959
1782815434336 0.09355492889881134 5960
1782815434338 0.03279443457722664 5961
1782815434339 0.07578512281179428 5962
1782815434340 0.01088497880846262 5963
1782815434342 0.04977301508188248 5964
1782815434343 0.12341029942035675 5965
1782815434344 0.09279552847146988 5966
1782815434346 0.004579807631671429 5967
1782815434347 0.0533575564622879 5968
1782815434348 0.1325700581073761 5969
1782815434350 0.040374621748924255 5970
1782815434351 0.023934898898005486 5971
1782815434353 0.07469019293785095 5972
1782815434354 0.00371423177421093 5973
1782815434356 0.010009992867708206 5974
1782815434358 0.036583222448825836 5975
1782815434359 0.008373390883207321 5976
1782815434360 0.08683396875858307 5977
1782815434362 0.0017424505203962326 5978
1782815434363 0.003060481511056423 5979
1782815434365 0.0016822991892695427 5980
1782815434366 0.2359263002872467 5981
1782815434368 0.14812365174293518 5982
1782815434369 0.05436324700713158 5983
1782815434370 0.030279934406280518 5984
1782815434372 0.0031532340217381716 5985
1782815434373 0.009617691859602928 5986
1782815434374 0.057994600385427475 5987
1782815434376 0.03408228978514671 5988
1782815434377 0.013638388365507126 5989
1782815434379 0.008887022733688354 5990
1782815434380 0.12970229983329773 5991
1782815434381 0.054874829947948456 5992
1782815434383 0.08327645063400269 5993
1782815434384 0.0029904150869697332 5994
1782815434385 0.0005882226978428662 5995
1782815434387 0.02491016313433647 5996
1782815434388 0.09145405143499374 5997
1782815434389 0.030498795211315155 5998
1782815434391 0.13964881002902985 5999
1782815434392 0.1410391479730606 6000
1782815434394 0.0030200143810361624 6001
1782815434395 0.00982919055968523 6002
1782815434396 0.257389098405838 6003
1782815434398 0.16804231703281403 6004
1782815434399 0.04361192137002945 6005
1782815434401 0.22075366973876953 6006
1782815434402 0.048983458429574966 6007
1782815434403 0.04151513800024986 6008
1782815434405 0.3430536985397339 6009
1782815434406 0.1118423268198967 6010
1782815434408 0.03698325157165527 6011
1782815434409 0.12864577770233154 6012
1782815434410 0.060478851199150085 6013
1782815434412 0.026400191709399223 6014
1782815434413 0.16564379632472992 6015
1782815434414 0.12287668138742447 6016
1782815434416 0.1322728395462036 6017
1782815434417 0.017060626298189163 6018
1782815434418 0.012884754687547684 6019
1782815434420 0.05675020068883896 6020
1782815434421 0.1195700541138649 6021
1782815434423 0.14144666492938995 6022
1782815434424 0.010105336084961891 6023
1782815434425 0.013346739113330841 6024
1782815434427 0.03184966742992401 6025
1782815434428 0.1741524487733841 6026
1782815434430 0.015481333248317242 6027
1782815434431 0.017499418929219246 6028
1782815434433 0.16807113587856293 6029
1782815434434 0.3078998327255249 6030
1782815434435 0.02957100234925747 6031
1782815434437 0.06910069286823273 6032
1782815434438 0.017249997705221176 6033
1782815434439 0.01894489675760269 6034
1782815434441 0.09167255461215973 6035
1782815434442 0.020314408466219902 6036
1782815434444 0.23766832053661346 6037
1782815434445 0.007300741039216518 6038
1782815434446 0.2802174389362335 6039
1782815434448 0.14386282861232758 6040
1782815434449 0.015123743563890457 6041
1782815434450 0.2936195731163025 6042
1782815434452 0.0083972979336977 6043
1782815434453 0.08587945252656937 6044
1782815434455 0.11883381009101868 6045
1782815434456 0.02266394905745983 6046
1782815434457 0.029128344729542732 6047
1782815434459 0.001647150726057589 6048
1782815434460 0.15190932154655457 6049
1782815434461 0.11269780248403549 6050
1782815434463 0.12710849940776825 6051
1782815434464 0.09903616458177567 6052
1782815434466 0.017505118623375893 6053
1782815434467 0.02327709086239338 6054
1782815434468 0.006341170519590378 6055
1782815434470 0.012423660606145859 6056
1782815434471 0.07432091236114502 6057
1782815434472 0.008778832852840424 6058
1782815434474 0.037198446691036224 6059
1782815434475 0.021260255947709084 6060
1782815434477 0.06634792685508728 6061
1782815434478 0.08954935520887375 6062
1782815434480 0.01954139769077301 6063
1782815434481 0.032664570957422256 6064
1782815434482 0.138860821723938 6065
1782815434484 0.030255524441599846 6066
1782815434485 0.010599428787827492 6067
1782815434486 0.02434394881129265 6068
1782815434488 0.16050003468990326 6069
1782815434489 0.005750815849751234 6070
1782815434491 0.009107457473874092 6071
1782815434492 0.07286718487739563 6072
1782815434493 0.01849934086203575 6073
1782815434495 0.10453604906797409 6074
1782815434496 0.12403904646635056 6075
1782815434497 0.0007719119312241673 6076
1782815434499 0.04516755789518356 6077
1782815434500 0.013065082021057606 6078
1782815434501 0.004261897411197424 6079
1782815434503 0.01299857348203659 6080
1782815434504 0.13921764492988586 6081
1782815434506 0.057924702763557434 6082
1782815434507 0.029041262343525887 6083
1782815434508 0.12891525030136108 6084
1782815434510 0.19004255533218384 6085
1782815434511 0.001722470042295754 6086
1782815434512 0.08326511085033417 6087
1782815434514 0.06612581014633179 6088
1782815434515 0.010323661379516125 6089
1782815434517 0.05933358520269394 6090
1782815434518 0.05980565398931503 6091
1782815434519 0.23958468437194824 6092
1782815434521 0.03815595060586929 6093
1782815434522 0.15667597949504852 6094
1782815434524 0.014341998845338821 6095
1782815434525 0.1898968666791916 6096
1782815434526 0.01078889612108469 6097
1782815434528 0.0003389345947653055 6098
1782815434529 0.003355719381943345 6099
1782815434531 0.15436865389347076 6100
1782815434532 0.019670525565743446 6101
1782815434533 0.06548399478197098 6102
1782815434535 0.08202003687620163 6103
1782815434536 0.09591570496559143 6104
1782815434537 0.07413774728775024 6105
1782815434539 0.12321136891841888 6106
1782815434540 0.06136678159236908 6107
1782815434542 0.027530480176210403 6108
1782815434544 0.03627213463187218 6109
1782815434545 0.11799287050962448 6110
1782815434546 0.19288212060928345 6111
1782815434548 0.45331043004989624 6112
1782815434549 0.018735580146312714 6113
1782815434550 0.1481824815273285 6114
1782815434552 0.016624344512820244 6115
1782815434553 0.032348040491342545 6116
1782815434555 0.2857062816619873 6117
1782815434556 0.06681673228740692 6118
1782815434557 0.06559550017118454 6119
1782815434559 0.14421726763248444 6120
1782815434561 0.06288746744394302 6121
1782815434562 0.3091346025466919 6122
1782815434564 0.023664018139243126 6123
1782815434565 0.006278160959482193 6124
1782815434566 0.014279958792030811 6125
1782815434568 0.0348408967256546 6126
1782815434569 0.150443896651268 6127
1782815434571 0.11877554655075073 6128
1782815434572 0.06580851227045059 6129
1782815434573 0.1374092400074005 6130
1782815434575 0.08254002034664154 6131
1782815434576 0.047727320343256 6132
1782815434578 0.05181026831269264 6133
1782815434579 0.5084742307662964 6134
1782815434580 0.0033791465684771538 6135
1782815434582 0.01240844838321209 6136
1782815434583 0.08833124488592148 6137
1782815434584 0.32508158683776855 6138
1782815434586 0.10974130034446716 6139
1782815434587 0.020811928436160088 6140
1782815434589 0.09929053485393524 6141
1782815434590 0.04065113514661789 6142
1782815434591 0.0872344821691513 6143
1782815434593 0.1787470281124115 6144
1782815434594 0.020533772185444832 6145
1782815434596 0.008225949481129646 6146
1782815434597 0.6034747958183289 6147
1782815434598 0.05457054451107979 6148
1782815434600 0.03765842691063881 6149
1782815434601 0.01199603546410799 6150
1782815434603 0.006630721967667341 6151
1782815434604 0.05903761461377144 6152
1782815434605 0.004962325561791658 6153
1782815434607 0.048526596277952194 6154
1782815434608 0.3782433271408081 6155
1782815434609 0.1492161601781845 6156
1782815434611 0.15238456428050995 6157
1782815434612 0.01799963228404522 6158
1782815434614 0.06223973259329796 6159
1782815434615 0.021958474069833755 6160
1782815434616 0.020993102341890335 6161
1782815434618 0.11719769984483719 6162
1782815434619 0.0775507465004921 6163
1782815434620 0.05662190541625023 6164
1782815434622 0.18903441727161407 6165
1782815434623 0.05151548609137535 6166
1782815434625 0.19746649265289307 6167
1782815434626 0.14679662883281708 6168
1782815434627 0.12318696826696396 6169
1782815434629 0.12843915820121765 6170
1782815434630 0.28877294063568115 6171
1782815434632 0.17520081996917725 6172
1782815434633 0.0607776865363121 6173
1782815434634 0.05562379211187363 6174
1782815434636 0.2359362691640854 6175
1782815434637 0.017549533396959305 6176
1782815434639 0.1264668107032776 6177
1782815434640 0.09231473505496979 6178
1782815434642 0.1330196112394333 6179
1782815434643 0.3361165523529053 6180
1782815434644 0.015305322594940662 6181
1782815434646 0.04034329578280449 6182
1782815434647 0.12768647074699402 6183
1782815434648 0.09145200252532959 6184
1782815434650 0.13876821100711823 6185
1782815434651 0.026458391919732094 6186
1782815434653 0.060925282537937164 6187
1782815434654 0.012981058098375797 6188
1782815434655 0.10014340281486511 6189
1782815434657 0.009106113575398922 6190
1782815434658 0.5160180330276489 6191
1782815434659 0.020534807816147804 6192
1782815434661 0.06236231327056885 6193
1782815434662 0.06916755437850952 6194
1782815434664 0.008659543469548225 6195
1782815434665 0.0058047836646437645 6196
1782815434667 0.18019221723079681 6197
1782815434668 0.021777838468551636 6198
1782815434669 0.04148449748754501 6199
1782815434671 0.021486571058630943 6200
1782815434672 0.029472768306732178 6201
1782815434674 0.21230517327785492 6202
1782815434675 0.009813756681978703 6203
1782815434676 0.048259180039167404 6204
1782815434678 0.1422698050737381 6205
1782815434679 0.15561039745807648 6206
1782815434681 0.017490718513727188 6207
1782815434682 0.0168900266289711 6208
1782815434683 0.06261897832155228 6209
1782815434685 0.008530443534255028 6210
1782815434686 0.04172766953706741 6211
1782815434688 0.09220509976148605 6212
1782815434689 0.003404776332899928 6213
1782815434691 0.03283298388123512 6214
1782815434692 0.0033917666878551245 6215
1782815434693 0.011611610651016235 6216
1782815434695 0.08463834226131439 6217
1782815434696 0.008321335539221764 6218
1782815434697 0.12852108478546143 6219
1782815434699 0.23014315962791443 6220
1782815434700 0.03656690940260887 6221
1782815434702 0.23509451746940613 6222
1782815434703 0.002546955831348896 6223
1782815434704 0.04638765752315521 6224
1782815434706 0.006450664717704058 6225
1782815434707 0.013914559967815876 6226
1782815434709 0.05442141368985176 6227
1782815434710 0.06779041886329651 6228
1782815434711 0.14963984489440918 6229
1782815434713 0.029999801889061928 6230
1782815434714 0.07837776839733124 6231
1782815434715 0.03797916695475578 6232
1782815434717 0.026380961760878563 6233
1782815434718 0.02133794128894806 6234
1782815434720 0.07579763978719711 6235
1782815434721 0.010973312892019749 6236
1782815434723 0.11135038733482361 6237
1782815434724 0.011033300310373306 6238
1782815434725 0.048881642520427704 6239
1782815434727 0.39415839314460754 6240
1782815434728 0.01197916828095913 6241
1782815434730 0.020027853548526764 6242
1782815434731 0.06231124699115753 6243
1782815434733 0.03121788427233696 6244
1782815434734 0.08362900465726852 6245
1782815434735 0.1776951402425766 6246
1782815434737 0.0122061250731349 6247
1782815434738 0.0026424883399158716 6248
1782815434739 0.016660721972584724 6249
1782815434741 0.029693253338336945 6250
1782815434742 0.20891553163528442 6251
1782815434744 0.15122374892234802 6252
1782815434746 0.013661308214068413 6253
1782815434747 0.0493166521191597 6254
1782815434748 0.03720743954181671 6255
1782815434750 0.08183218538761139 6256
1782815434751 0.003049097955226898 6257
1782815434753 0.09236180037260056 6258
1782815434754 0.1638428270816803 6259
1782815434755 0.03912973403930664 6260
1782815434757 0.1019260436296463 6261
1782815434758 0.10607850551605225 6262
1782815434760 0.234038308262825 6263
1782815434761 0.2553541958332062 6264
1782815434762 0.08927159011363983 6265
1782815434764 0.0031215036287903786 6266
1782815434765 0.05341591313481331 6267
1782815434767 0.0006941548781469464 6268
1782815434768 0.4249802231788635 6269
1782815434769 0.18150050938129425 6270
1782815434771 0.10141630470752716 6271
1782815434772 0.0015455731190741062 6272
1782815434774 0.003258576150983572 6273
1782815434775 0.04415801540017128 6274
1782815434776 0.0636112242937088 6275
1782815434778 0.20306628942489624 6276
1782815434779 0.10080569982528687 6277
1782815434780 0.19007451832294464 6278
1782815434782 0.21619419753551483 6279
1782815434783 0.14164257049560547 6280
1782815434785 0.06099069118499756 6281
1782815434786 0.03693891689181328 6282
1782815434787 0.02303026244044304 6283
1782815434789 0.053118932992219925 6284
1782815434790 0.10527482628822327 6285
1782815434791 0.04788585007190704 6286
1782815434793 0.02011570893228054 6287
1782815434794 0.04306082800030708 6288
1782815434795 0.06307025998830795 6289
1782815434797 0.08508996665477753 6290
1782815434798 0.06866087019443512 6291
1782815434800 0.0022826071362942457 6292
1782815434801 0.042408283799886703 6293
1782815434802 0.05813586339354515 6294
1782815434804 0.08413799107074738 6295
1782815434805 0.016246473416686058 6296
1782815434806 0.36632654070854187 6297
1782815434808 0.07689965516328812 6298
1782815434809 0.043668873608112335 6299
1782815434811 0.07062993198633194 6300
1782815434812 0.023084431886672974 6301
1782815434813 0.3048301041126251 6302
1782815434815 0.08729197084903717 6303
1782815434816 0.038988348096609116 6304
1782815434817 0.005272551439702511 6305
1782815434819 0.11695114523172379 6306
1782815434820 0.038579460233449936 6307
1782815434821 0.20657122135162354 6308
1782815434823 0.04526717588305473 6309
1782815434824 0.05670689046382904 6310
1782815434825 0.012747857719659805 6311
1782815434827 0.07374360412359238 6312
1782815434828 0.160660058259964 6313
1782815434829 0.00766752427443862 6314
1782815434831 0.0552113875746727 6315
1782815434832 0.13378694653511047 6316
1782815434834 0.025000087916851044 6317
1782815434835 0.24111956357955933 6318
1782815434836 0.012733619660139084 6319
1782815434838 0.04200228303670883 6320
1782815434839 0.28975629806518555 6321
1782815434841 0.09306163340806961 6322
1782815434842 0.32348358631134033 6323
1782815434843 0.06964151561260223 6324
1782815434845 0.044349536299705505 6325
1782815434846 0.2930019199848175 6326
1782815434847 0.16449488699436188 6327
1782815434849 0.14512105286121368 6328
1782815434850 0.016324538737535477 6329
1782815434851 0.09409807622432709 6330
1782815434853 0.01378246396780014 6331
1782815434854 0.02439716085791588 6332
1782815434856 0.02010767161846161 6333
1782815434857 0.14025050401687622 6334
1782815434858 0.07927700132131577 6335
1782815434860 0.27783438563346863 6336
1782815434861 0.1998033970594406 6337
1782815434863 0.009574721567332745 6338
1782815434864 0.005566450767219067 6339
1782815434865 0.05873370170593262 6340
1782815434867 0.07323198765516281 6341
1782815434868 0.04402701184153557 6342
1782815434869 0.12133260071277618 6343
1782815434871 0.3916531205177307 6344
1782815434872 0.0057240803726017475 6345
1782815434873 0.0966588631272316 6346
1782815434875 0.03294934332370758 6347
1782815434876 0.23519499599933624 6348
1782815434878 0.5196356177330017 6349
1782815434879 0.21146295964717865 6350
1782815434880 0.11575749516487122 6351
1782815434882 0.04953711852431297 6352
1782815434883 0.07650481164455414 6353
1782815434884 0.014284813776612282 6354
1782815434886 0.14946246147155762 6355
1782815434887 0.01949133351445198 6356
1782815434889 0.020515717566013336 6357
1782815434890 0.009472189471125603 6358
1782815434891 0.08824726939201355 6359
1782815434893 0.07215537130832672 6360
1782815434894 0.02729116380214691 6361
1782815434895 0.01023240014910698 6362
1782815434897 0.14181214570999146 6363
1782815434898 0.08460552245378494 6364
1782815434900 0.09504572302103043 6365
1782815434901 0.0210946723818779 6366
1782815434903 0.07396029680967331 6367
1782815434904 0.07866038382053375 6368
1782815434906 0.09808733314275742 6369
1782815434907 0.028290295973420143 6370
1782815434909 0.10612187534570694 6371
1782815434910 0.060549937188625336 6372
1782815434912 0.021405968815088272 6373
1782815434913 0.12687191367149353 6374
1782815434914 0.016618726775050163 6375
1782815434916 0.1587226688861847 6376
1782815434917 0.10292115062475204 6377
1782815434918 0.04744456335902214 6378
1782815434920 0.07822873443365097 6379
1782815434921 0.1019938737154007 6380
1782815434922 0.1575005054473877 6381
1782815434924 0.009899660013616085 6382
1782815434925 0.018257256597280502 6383
1782815434926 0.009183181449770927 6384
1782815434928 0.1318514347076416 6385
1782815434929 0.09111752361059189 6386
1782815434931 0.02877429500222206 6387
1782815434932 0.15865005552768707 6388
1782815434934 0.05198587104678154 6389
1782815434935 0.10458112508058548 6390
1782815434937 0.0030667241662740707 6391
1782815434938 0.17274431884288788 6392
1782815434939 0.1836622804403305 6393
1782815434941 0.004374423995614052 6394
1782815434942 0.01124545093625784 6395
1782815434944 0.08858060836791992 6396
1782815434945 0.03733466938138008 6397
1782815434947 0.04595646634697914 6398
1782815434948 0.28383228182792664 6399
1782815434950 0.1802998185157776 6400
1782815434951 0.150443434715271 6401
1782815434953 0.01266920380294323 6402
1782815434954 0.030440719798207283 6403
1782815434956 0.16730089485645294 6404
1782815434957 0.10434630513191223 6405
1782815434959 0.16304266452789307 6406
1782815434960 0.0022208434529602528 6407
1782815434961 0.07340996712446213 6408
1782815434963 0.2323295772075653 6409
1782815434964 0.07331827282905579 6410
1782815434966 0.08537927269935608 6411
1782815434967 0.07748273015022278 6412
1782815434968 0.04916214942932129 6413
1782815434970 0.03760618343949318 6414
1782815434971 0.1453668624162674 6415
1782815434972 0.14583438634872437 6416
1782815434974 0.030739551410079002 6417
1782815434975 0.011739547364413738 6418
1782815434977 0.06152389571070671 6419
1782815434978 0.0035500226076692343 6420
1782815434979 0.014675276353955269 6421
1782815434981 0.006851821672171354 6422
1782815434982 0.29817959666252136 6423
1782815434984 0.005678542889654636 6424
1782815434985 0.006894022226333618 6425
1782815434986 0.1354086697101593 6426
1782815434988 0.014500447548925877 6427
1782815434989 0.055561672896146774 6428
1782815434990 0.22482456266880035 6429
1782815434992 0.04770311340689659 6430
1782815434993 0.33654600381851196 6431
1782815434995 0.013007166795432568 6432
1782815434996 0.00500957015901804 6433
1782815434997 0.004705628380179405 6434
1782815434999 0.06245342269539833 6435
1782815435000 0.08445186167955399 6436
1782815435002 0.11254044622182846 6437
1782815435003 0.07516845315694809 6438
1782815435005 0.01093532145023346 6439
1782815435006 0.30025172233581543 6440
1782815435008 0.29169899225234985 6441
1782815435009 0.004818857181817293 6442
1782815435010 0.0009500422747805715 6443
1782815435012 0.09544143080711365 6444
1782815435013 0.27330219745635986 6445
1782815435015 0.013403290882706642 6446
1782815435016 0.007843539118766785 6447
1782815435017 0.012628082185983658 6448
1782815435019 0.02860146388411522 6449
1782815435020 0.08876028656959534 6450
1782815435021 0.03879697248339653 6451
1782815435023 0.7790353894233704 6452
1782815435024 0.08812286704778671 6453
1782815435026 0.08274783194065094 6454
1782815435027 0.21328377723693848 6455
1782815435028 0.07488055527210236 6456
1782815435030 0.03125622496008873 6457
1782815435031 0.017118217423558235 6458
1782815435033 0.05941886082291603 6459
1782815435034 0.02311994694173336 6460
1782815435035 0.057861994951963425 6461
1782815435037 0.2134888768196106 6462
1782815435038 0.17555157840251923 6463
1782815435040 0.06361325830221176 6464
1782815435041 0.032090164721012115 6465
1782815435042 0.19555701315402985 6466
1782815435044 0.02368750236928463 6467
1782815435045 0.013080504722893238 6468
1782815435047 0.13896945118904114 6469
1782815435048 0.13114701211452484 6470
1782815435049 0.054007451981306076 6471
1782815435051 0.10120494663715363 6472
1782815435052 0.04758826643228531 6473
1782815435053 0.050418149679899216 6474
1782815435055 0.1251147836446762 6475
1782815435056 0.02391831949353218 6476
1782815435058 0.17116695642471313 6477
1782815435059 0.22888065874576569 6478
1782815435060 0.18155203759670258 6479
1782815435062 0.02967657707631588 6480
1782815435063 0.11362440139055252 6481
1782815435065 0.3408212959766388 6482
1782815435066 0.04122590646147728 6483
1782815435067 0.11010586470365524 6484
1782815435069 0.2304077446460724 6485
1782815435070 0.00754808634519577 6486
1782815435072 0.07311536371707916 6487
1782815435073 0.16344031691551208 6488
1782815435074 0.09713169187307358 6489
1782815435076 0.02843508869409561 6490
1782815435077 0.036476049572229385 6491
1782815435079 0.02543635293841362 6492
1782815435080 0.017216386273503304 6493
1782815435082 0.2672182321548462 6494
1782815435083 0.0013934476301074028 6495
1782815435085 0.1532875895500183 6496
1782815435087 0.018493425101041794 6497
1782815435088 0.08320625871419907 6498
1782815435090 0.0076212589628994465 6499
1782815435092 0.2108563780784607 6500
1782815435094 0.04440050944685936 6501
1782815435095 0.10455143451690674 6502
1782815435097 0.0350271537899971 6503
1782815435098 0.21053588390350342 6504
1782815435100 0.004790869541466236 6505
1782815435101 0.07741713523864746 6506
1782815435103 0.1240701749920845 6507
1782815435105 0.059663064777851105 6508
1782815435106 0.028379123657941818 6509
1782815435108 0.03882390260696411 6510
1782815435109 0.1287514567375183 6511
1782815435111 0.02239823527634144 6512
1782815435112 0.036151058971881866 6513
1782815435114 0.11905273795127869 6514
1782815435115 0.20519915223121643 6515
1782815435117 0.02953597903251648 6516
1782815435118 0.18451736867427826 6517
1782815435120 0.08596597611904144 6518
1782815435121 0.003128989599645138 6519
1782815435123 0.1174994632601738 6520
1782815435125 0.052416689693927765 6521
1782815435126 0.00843112263828516 6522
1782815435127 0.0459102988243103 6523
1782815435129 0.12302079051733017 6524
1782815435131 0.07238736003637314 6525
1782815435132 0.00835551880300045 6526
1782815435134 0.010051948949694633 6527
1782815435135 0.007434470113366842 6528
1782815435137 0.008005009964108467 6529
1782815435138 0.005032223183661699 6530
1782815435140 0.15599067509174347 6531
1782815435141 0.08317086100578308 6532
1782815435142 0.07283373922109604 6533
1782815435144 0.04347171634435654 6534
1782815435146 0.8458436727523804 6535
1782815435147 0.08802827447652817 6536
1782815435149 0.02368367649614811 6537
1782815435150 0.1377800852060318 6538
1782815435152 0.11267171055078506 6539
1782815435153 0.1252841204404831 6540
1782815435154 0.3028002977371216 6541
1782815435156 0.018673017621040344 6542
1782815435157 0.09558828920125961 6543
1782815435158 0.13790924847126007 6544
1782815435160 0.039431385695934296 6545
1782815435161 0.05928540974855423 6546
1782815435163 0.0679265707731247 6547
1782815435164 0.1932137906551361 6548
1782815435166 0.058702901005744934 6549
1782815435167 0.09725670516490936 6550
1782815435168 0.0017382176592946053 6551
1782815435170 0.003308728337287903 6552
1782815435171 0.21087071299552917 6553
1782815435172 0.006308428477495909 6554
1782815435174 0.006098526064306498 6555
1782815435175 0.34225866198539734 6556
1782815435177 0.05329588055610657 6557
1782815435178 0.08304981887340546 6558
1782815435179 0.09192607551813126 6559
1782815435181 0.05071673542261124 6560
1782815435182 0.07547948509454727 6561
1782815435184 0.0033718638587743044 6562
1782815435185 0.07731784135103226 6563
1782815435186 0.0464831218123436 6564
1782815435188 0.0292462557554245 6565
1782815435189 0.2803710699081421 6566
1782815435191 0.07678636908531189 6567
1782815435192 0.21822839975357056 6568
1782815435194 0.09515602141618729 6569
1782815435195 0.04609723016619682 6570
1782815435197 0.10463977605104446 6571
1782815435198 0.04292011633515358 6572
1782815435200 0.3205333352088928 6573
1782815435201 0.3172762989997864 6574
1782815435203 0.008401727303862572 6575
1782815435205 0.07225994765758514 6576
1782815435206 0.1107289269566536 6577
1782815435208 0.0710463672876358 6578
1782815435210 0.16793212294578552 6579
1782815435211 0.19825831055641174 6580
1782815435213 0.145643949508667 6581
1782815435214 0.029638616368174553 6582
1782815435216 0.070969358086586 6583
1782815435218 0.16032736003398895 6584
1782815435219 0.35362619161605835 6585
1782815435221 0.10384222120046616 6586
1782815435223 0.13456286489963531 6587
1782815435224 0.17261619865894318 6588
1782815435226 0.03997310623526573 6589
1782815435228 0.0473017692565918 6590
1782815435229 0.1230822205543518 6591
1782815435231 0.03327815234661102 6592
1782815435233 0.06632693111896515 6593
1782815435234 0.24390734732151031 6594
1782815435236 0.10633974522352219 6595
1782815435237 0.09504834562540054 6596
1782815435239 0.35454392433166504 6597
1782815435241 0.041581735014915466 6598
1782815435242 0.04279768094420433 6599
1782815435244 0.005084502976387739 6600
1782815435245 0.10213999450206757 6601
1782815435246 0.01181134581565857 6602
1782815435248 0.055398158729076385 6603
1782815435249 0.01917041465640068 6604
1782815435251 0.030735263600945473 6605
1782815435252 0.01856999471783638 6606
1782815435253 0.004500304814428091 6607
1782815435255 0.1482226848602295 6608
1782815435256 0.28586098551750183 6609
1782815435258 0.21496030688285828 6610
1782815435259 0.13974787294864655 6611
1782815435260 0.05824733525514603 6612
1782815435262 0.025720633566379547 6613
1782815435263 0.011198949068784714 6614
1782815435265 0.2857420742511749 6615
1782815435266 0.08984190225601196 6616
1782815435267 0.009189210832118988 6617
1782815435269 0.007518615107983351 6618
1782815435270 0.5387230515480042 6619
1782815435272 0.01588558219373226 6620
1782815435273 0.01955721154808998 6621
1782815435274 0.05304836481809616 6622
1782815435276 0.018157390877604485 6623
1782815435277 0.011234397068619728 6624
1782815435279 0.24673941731452942 6625
1782815435280 0.23824235796928406 6626
1782815435281 0.1731654405593872 6627
1782815435283 0.14345473051071167 6628
1782815435284 0.048219189047813416 6629
1782815435286 0.0017509059980511665 6630
1782815435287 0.014627250842750072 6631
1782815435288 0.2357170283794403 6632
1782815435290 0.033417027443647385 6633
1782815435291 0.06673140823841095 6634
1782815435293 0.11022447049617767 6635
1782815435294 0.04698263481259346 6636
1782815435295 0.011150863952934742 6637
1782815435297 0.012037652544677258 6638
1782815435298 0.015983227640390396 6639
1782815435299 0.18992456793785095 6640
1782815435301 0.042979829013347626 6641
1782815435302 0.02321912720799446 6642
1782815435304 0.13480858504772186 6643
1782815435305 0.04936237633228302 6644
1782815435306 0.008483507670462132 6645
1782815435308 0.009686765260994434 6646
1782815435309 0.005702221300452948 6647
1782815435311 0.030482687056064606 6648
1782815435312 0.197091743350029 6649
1782815435313 0.2000901997089386 6650
1782815435315 0.00255768490023911 6651
1782815435316 0.3250162601470947 6652
1782815435317 0.30010339617729187 6653
1782815435319 0.04532764106988907 6654
1782815435320 0.007011499255895615 6655
1782815435322 0.1114148497581482 6656
1782815435323 0.15313038229942322 6657
1782815435325 0.07864084094762802 6658
1782815435326 0.22494950890541077 6659
1782815435327 0.07144089043140411 6660
1782815435329 0.13998375833034515 6661
1782815435330 0.14634685218334198 6662
1782815435332 0.01658797264099121 6663
1782815435333 0.11147928237915039 6664
1782815435334 0.16042226552963257 6665
1782815435336 0.19724848866462708 6666
1782815435337 0.046757135540246964 6667
1782815435338 0.02680576592683792 6668
1782815435340 0.007201642729341984 6669
1782815435341 0.01461245957762003 6670
1782815435343 0.043020445853471756 6671
1782815435344 0.2834469676017761 6672
1782815435345 0.14593832194805145 6673
1782815435347 0.020035643130540848 6674
1782815435348 0.14178034663200378 6675
1782815435350 0.07385657727718353 6676
1782815435351 0.06693848222494125 6677
1782815435352 0.005472079385071993 6678
1782815435354 0.06638964265584946 6679
1782815435355 0.2762115001678467 6680
1782815435357 0.1934165060520172 6681
1782815435358 0.198036789894104 6682
1782815435359 0.12754718959331512 6683
1782815435361 0.15573763847351074 6684
1782815435362 0.012399218045175076 6685
1782815435364 0.15038476884365082 6686
1782815435365 0.026025567203760147 6687
1782815435367 0.2456696778535843 6688
1782815435368 0.09998492896556854 6689
1782815435369 0.035886671394109726 6690
1782815435371 0.08595889061689377 6691
1782815435372 0.02382924035191536 6692
1782815435374 0.040359266102313995 6693
1782815435375 0.0760294646024704 6694
1782815435376 0.0970306470990181 6695
1782815435378 0.11796581745147705 6696
1782815435379 0.010215296410024166 6697
1782815435381 0.04531499743461609 6698
1782815435382 0.16085191071033478 6699
1782815435383 0.0038208430632948875 6700
1782815435385 0.019978947937488556 6701
1782815435386 0.004411657806485891 6702
1782815435388 0.05361470207571983 6703
1782815435389 0.0620286650955677 6704
1782815435391 0.0024095422122627497 6705
1782815435392 0.33747538924217224 6706
1782815435394 0.23181302845478058 6707
1782815435395 0.01948441006243229 6708
1782815435397 0.12735475599765778 6709
1782815435398 0.19007690250873566 6710
1782815435399 0.1046060249209404 6711
1782815435401 0.23917950689792633 6712
1782815435402 0.057455990463495255 6713
1782815435404 0.03122888132929802 6714
1782815435405 0.0007072638836689293 6715
1782815435407 0.012743615545332432 6716
1782815435408 0.07881014049053192 6717
1782815435409 0.07610179483890533 6718
1782815435411 0.052287787199020386 6719
1782815435412 0.1189269945025444 6720
1782815435414 0.04861455410718918 6721
1782815435415 0.06850682199001312 6722
1782815435416 0.023848887532949448 6723
1782815435418 0.11272431910037994 6724
1782815435419 0.07713212072849274 6725
1782815435421 0.016182847321033478 6726
1782815435422 0.06271108984947205 6727
1782815435424 0.2945883572101593 6728
1782815435425 0.12045558542013168 6729
1782815435426 0.13015775382518768 6730
1782815435428 0.0982067883014679 6731
1782815435429 0.012111764401197433 6732
1782815435431 0.007165846414864063 6733
1782815435432 0.004862365312874317 6734
1782815435434 0.11103685200214386 6735
1782815435435 0.16746529936790466 6736
1782815435436 0.06530707329511642 6737
1782815435438 0.20754413306713104 6738
1782815435439 0.19026778638362885 6739
1782815435441 0.14027655124664307 6740
1782815435442 0.07290106266736984 6741
1782815435443 0.1173015832901001 6742
1782815435445 0.0185717660933733 6743
1782815435446 0.0908522978425026 6744
1782815435448 0.08354569971561432 6745
1782815435449 0.09851589053869247 6746
1782815435451 0.03764471784234047 6747
1782815435453 0.27887722849845886 6748
1782815435454 0.3287622332572937 6749
1782815435456 0.018224351108074188 6750
1782815435457 0.008840871043503284 6751
1782815435458 0.2196616530418396 6752
1782815435460 0.0025418049190193415 6753
1782815435461 0.19530072808265686 6754
1782815435463 0.4938446879386902 6755
1782815435464 0.13876038789749146 6756
1782815435466 0.28363651037216187 6757
1782815435467 0.02746252715587616 6758
1782815435469 0.15773805975914001 6759
1782815435470 0.1226835697889328 6760
1782815435472 0.015579408034682274 6761
1782815435474 0.08707047253847122 6762
1782815435475 0.134233295917511 6763
1782815435476 0.006956936791539192 6764
1782815435478 0.03859754651784897 6765
1782815435480 0.1280108243227005 6766
1782815435481 0.006765240803360939 6767
1782815435482 0.059996142983436584 6768
1782815435484 0.134829580783844 6769
1782815435485 0.07445956021547318 6770
1782815435487 0.013717642985284328 6771
1782815435488 0.07960240542888641 6772
1782815435490 0.09354125708341599 6773
1782815435491 0.11996755003929138 6774
1782815435492 0.21823769807815552 6775
1782815435494 0.0061341701075434685 6776
1782815435495 0.07522447407245636 6777
1782815435497 0.00577410077676177 6778
1782815435498 0.15346115827560425 6779
1782815435499 0.06312639266252518 6780
1782815435501 0.009528827853500843 6781
1782815435502 0.0685141384601593 6782
1782815435504 0.1332000195980072 6783
1782815435505 0.03344777226448059 6784
1782815435506 0.038236476480960846 6785
1782815435508 0.0724402442574501 6786
1782815435509 0.012476942501962185 6787
1782815435511 0.03814168646931648 6788
1782815435512 0.07432474195957184 6789
1782815435513 0.1124449223279953 6790
1782815435515 0.05401330068707466 6791
1782815435516 0.040402851998806 6792
1782815435518 0.13745355606079102 6793
1782815435519 0.0834880992770195 6794
1782815435521 0.012897225096821785 6795
1782815435522 0.08834043145179749 6796
1782815435524 0.21549446880817413 6797
1782815435525 0.07046711444854736 6798
1782815435527 0.23195646703243256 6799
1782815435528 0.25082218647003174 6800
1782815435529 0.1964004784822464 6801
1782815435531 0.04033040627837181 6802
1782815435532 0.014378701336681843 6803
1782815435534 0.04256443306803703 6804
1782815435535 0.012151334434747696 6805
1782815435537 0.04571256414055824 6806
1782815435538 0.11779171228408813 6807
1782815435539 0.014330369420349598 6808
1782815435541 0.1715465486049652 6809
1782815435542 0.002172287553548813 6810
1782815435544 0.037014033645391464 6811
1782815435545 0.002069517271593213 6812
1782815435546 0.025978287681937218 6813
1782815435548 0.024127354845404625 6814
1782815435549 0.0037326221354305744 6815
1782815435551 0.07689809054136276 6816
1782815435552 0.20810166001319885 6817
1782815435553 0.11118926852941513 6818
1782815435555 0.22934815287590027 6819
1782815435556 0.05026897042989731 6820
1782815435558 0.013423352502286434 6821
1782815435559 0.10546852648258209 6822
1782815435561 0.07917780429124832 6823
1782815435562 0.04377542808651924 6824
1782815435564 0.07110051810741425 6825
1782815435565 0.2174600213766098 6826
1782815435567 0.1666581630706787 6827
1782815435568 0.1595725417137146 6828
1782815435570 0.03366191312670708 6829
1782815435571 0.05770357325673103 6830
1782815435573 0.1761063039302826 6831
1782815435574 0.2221081256866455 6832
1782815435576 0.09277235716581345 6833
1782815435577 0.1447284072637558 6834
1782815435579 0.04355459287762642 6835
1782815435580 0.03147011622786522 6836
1782815435582 0.0957111194729805 6837
1782815435583 0.11173900961875916 6838
1782815435585 0.012288431636989117 6839
1782815435586 0.06571895629167557 6840
1782815435588 0.03151242434978485 6841
1782815435589 0.21341300010681152 6842
1782815435591 0.28899726271629333 6843
1782815435592 0.2565653324127197 6844
1782815435594 0.015216420404613018 6845
1782815435595 0.037731047719717026 6846
1782815435597 0.4141550064086914 6847
1782815435599 0.04090666025876999 6848
1782815435602 0.1355668157339096 6849
1782815435603 0.20820321142673492 6850
1782815435605 0.021152125671505928 6851
1782815435606 0.057186488062143326 6852
1782815435608 0.1928439438343048 6853
1782815435609 0.02568911388516426 6854
1782815435611 0.0214072298258543 6855
1782815435612 0.03367926925420761 6856
1782815435614 0.3456098437309265 6857
1782815435615 0.0715864822268486 6858
1782815435616 0.20923638343811035 6859
1782815435618 0.037821490317583084 6860
1782815435619 0.048850979655981064 6861
1782815435621 0.07395470887422562 6862
1782815435622 0.11303539574146271 6863
1782815435623 0.018077222630381584 6864
1782815435625 0.014255896210670471 6865
1782815435626 0.04455699399113655 6866
1782815435628 0.019841091707348824 6867
1782815435629 0.010809915140271187 6868
1782815435630 0.004019753076136112 6869
1782815435632 0.33841273188591003 6870
1782815435633 0.027645306661725044 6871
1782815435635 0.13580290973186493 6872
1782815435636 0.09599115699529648 6873
1782815435638 0.12408066540956497 6874
1782815435639 0.13502398133277893 6875
1782815435640 0.15800948441028595 6876
1782815435642 0.075865738093853 6877
1782815435643 0.10558931529521942 6878
1782815435644 0.29815277457237244 6879
1782815435646 0.014621532522141933 6880
1782815435647 0.13040897250175476 6881
1782815435649 0.032052651047706604 6882
1782815435650 0.2067304104566574 6883
1782815435651 0.04864294081926346 6884
1782815435653 0.05994926765561104 6885
1782815435654 0.05566895380616188 6886
1782815435656 0.4177858233451843 6887
1782815435657 0.24286536872386932 6888
1782815435658 0.02672172151505947 6889
1782815435660 0.31012144684791565 6890
1782815435661 0.07630325108766556 6891
1782815435663 0.006319678388535976 6892
1782815435664 0.08136524260044098 6893
1782815435665 0.034810617566108704 6894
1782815435667 0.17076097428798676 6895
1782815435668 0.031270578503608704 6896
1782815435669 0.08094196021556854 6897
1782815435671 0.017328647896647453 6898
1782815435672 0.043181560933589935 6899
1782815435674 0.026734214276075363 6900
1782815435675 0.16241337358951569 6901
1782815435677 0.1055581122636795 6902
1782815435678 0.13945220410823822 6903
1782815435679 0.012929489836096764 6904
1782815435681 0.10764632374048233 6905
1782815435682 0.14404511451721191 6906
1782815435684 0.13829375803470612 6907
1782815435685 0.08758554607629776 6908
1782815435687 0.22043558955192566 6909
1782815435688 0.05575963109731674 6910
1782815435690 0.03578744828701019 6911
1782815435691 0.007160359062254429 6912
1782815435692 0.047764770686626434 6913
1782815435694 0.16922226548194885 6914
1782815435695 0.13750727474689484 6915
1782815435697 0.37682750821113586 6916
1782815435698 0.5535435676574707 6917
1782815435700 0.0646519735455513 6918
1782815435701 0.08326491713523865 6919
1782815435703 0.1324816197156906 6920
1782815435704 0.06757152080535889 6921
1782815435705 0.038404375314712524 6922
1782815435707 0.0009235916077159345 6923
1782815435708 0.035096727311611176 6924
1782815435710 0.014206320978701115 6925
1782815435711 0.0726502537727356 6926
1782815435712 0.1425209939479828 6927
1782815435714 0.4671632647514343 6928
1782815435715 0.00380969000980258 6929
1782815435717 0.1173519715666771 6930
1782815435718 0.09631707519292831 6931
1782815435719 0.3531024158000946 6932
1782815435721 0.3355230689048767 6933
1782815435722 0.04281625896692276 6934
1782815435724 0.005807459820061922 6935
1782815435725 0.006883584428578615 6936
1782815435726 0.008156181313097477 6937
1782815435728 0.43877074122428894 6938
1782815435729 0.07563517987728119 6939
1782815435730 0.08423316478729248 6940
1782815435732 0.21270540356636047 6941
1782815435733 0.03805989772081375 6942
1782815435734 0.026560751721262932 6943
1782815435736 0.06990987807512283 6944
1782815435737 0.13329167664051056 6945
1782815435739 0.21200469136238098 6946
1782815435740 0.0292052049189806 6947
1782815435741 0.20766805112361908 6948
1782815435743 0.0893377885222435 6949
1782815435744 0.1676868051290512 6950
1782815435746 0.09464957565069199 6951
1782815435747 0.23290835320949554 6952
1782815435748 0.02779540605843067 6953
1782815435750 0.10234922170639038 6954
1782815435751 0.1122952327132225 6955
1782815435753 0.15766572952270508 6956
1782815435754 0.26258769631385803 6957
1782815435755 0.12482096254825592 6958
1782815435757 0.08114884048700333 6959
1782815435758 0.02005585841834545 6960
1782815435760 0.024887289851903915 6961
1782815435761 0.26097041368484497 6962
1782815435763 0.04115065187215805 6963
1782815435764 0.06993188709020615 6964
1782815435766 0.011209574528038502 6965
1782815435767 0.020547425374388695 6966
1782815435769 0.02279757708311081 6967
1782815435770 0.23358438909053802 6968
1782815435771 0.04272544011473656 6969
1782815435773 0.3281581997871399 6970
1782815435774 0.09692372381687164 6971
1782815435776 0.05655190721154213 6972
1782815435777 0.18616047501564026 6973
1782815435779 0.004749514162540436 6974
1782815435780 0.0980730950832367 6975
1782815435781 0.002817630534991622 6976
1782815435783 0.3183925747871399 6977
1782815435784 0.10892759263515472 6978
1782815435786 0.1365579217672348 6979
1782815435787 0.275279700756073 6980
1782815435788 0.3354448974132538 6981
1782815435790 0.03617430105805397 6982
1782815435791 0.046511031687259674 6983
1782815435793 0.14307570457458496 6984
1782815435794 0.05306199565529823 6985
1782815435796 0.07440221309661865 6986
1782815435797 0.33058807253837585 6987
1782815435799 0.1646864414215088 6988
1782815435800 0.05648012086749077 6989
1782815435801 0.022121887654066086 6990
1782815435803 0.021989524364471436 6991
1782815435804 0.06086214631795883 6992
1782815435806 0.18325181305408478 6993
1782815435807 0.07968451082706451 6994
1782815435809 0.0015991482650861144 6995
1782815435810 0.08711981773376465 6996
1782815435812 0.07793723046779633 6997
1782815435813 0.022510111331939697 6998
1782815435814 0.038062963634729385 6999
1782815435816 0.05482322722673416 7000
1782815435817 0.007980919443070889 7001
1782815435819 0.11653902381658554 7002
1782815435820 0.04390845075249672 7003
1782815435822 0.06016399711370468 7004
1782815435823 0.11432385444641113 7005
1782815435824 0.04218112677335739 7006
1782815435826 0.17480935156345367 7007
1782815435827 0.05956967547535896 7008
1782815435829 0.0025196934584528208 7009
1782815435830 0.042138900607824326 7010
1782815435832 0.10186918079853058 7011
1782815435833 0.2347317337989807 7012
1782815435835 0.0905376598238945 7013
1782815435836 0.03288646042346954 7014
1782815435838 0.1282874047756195 7015
1782815435839 0.1798996478319168 7016
1782815435840 0.1419207602739334 7017
1782815435842 0.1922530233860016 7018
1782815435843 0.02319604903459549 7019
1782815435845 0.38830098509788513 7020
1782815435846 0.04390380531549454 7021
1782815435848 0.048975247889757156 7022
1782815435849 0.20487059652805328 7023
1782815435850 0.003836303250864148 7024
1782815435852 0.024070674553513527 7025
1782815435853 0.06053796783089638 7026
1782815435854 0.02937287651002407 7027
1782815435856 0.06388550251722336 7028
1782815435857 0.08202549070119858 7029
1782815435858 0.028469273820519447 7030
1782815435860 0.04181891679763794 7031
1782815435861 0.2807618975639343 7032
1782815435863 0.15031324326992035 7033
1782815435864 0.10275642573833466 7034
1782815435865 0.1715502291917801 7035
1782815435867 0.08582542091608047 7036
1782815435868 0.13571271300315857 7037
1782815435869 0.002342103747650981 7038
1782815435871 0.11900594085454941 7039
1782815435872 0.027228407561779022 7040
1782815435874 0.0054999059066176414 7041
1782815435875 0.03476058691740036 7042
1782815435877 0.007633458822965622 7043
1782815435878 0.10781164467334747 7044
1782815435879 0.19858990609645844 7045
1782815435881 0.010756321251392365 7046
1782815435882 0.06550202518701553 7047
1782815435883 0.09231297671794891 7048
1782815435885 0.3269919157028198 7049
1782815435886 0.29128506779670715 7050
1782815435888 0.09531641751527786 7051
1782815435889 0.025660300627350807 7052
1782815435890 0.10187292844057083 7053
1782815435892 0.027407441288232803 7054
1782815435893 0.01801372319459915 7055
1782815435894 0.05199761688709259 7056
1782815435896 0.06831265240907669 7057
1782815435897 0.12708905339241028 7058
1782815435899 0.06022762507200241 7059
1782815435900 0.36426249146461487 7060
1782815435901 0.05385270714759827 7061
1782815435903 0.017656715586781502 7062
1782815435904 0.024167047813534737 7063
1782815435906 0.027410756796598434 7064
1782815435907 0.04117913916707039 7065
1782815435908 0.1597317010164261 7066
1782815435910 0.1118946522474289 7067
1782815435911 0.02298646606504917 7068
1782815435913 0.005988983437418938 7069
1782815435914 0.0852179154753685 7070
1782815435915 0.01976769044995308 7071
1782815435917 0.03647468239068985 7072
1782815435918 0.07174333184957504 7073
1782815435920 0.003744869725778699 7074
1782815435921 0.06995848566293716 7075
1782815435923 0.09966897964477539 7076
1782815435924 0.07967010885477066 7077
1782815435925 0.19705596566200256 7078
1782815435927 0.051497045904397964 7079
1782815435928 0.012538067065179348 7080
1782815435930 0.35015034675598145 7081
1782815435931 0.018674569204449654 7082
1782815435933 0.005754805635660887 7083
1782815435934 0.08822210133075714 7084
1782815435936 0.17538177967071533 7085
1782815435937 0.12037579715251923 7086
1782815435939 0.08798393607139587 7087
1782815435940 0.004199701361358166 7088
1782815435942 0.07525443285703659 7089
1782815435943 0.04192926362156868 7090
1782815435944 0.04514256864786148 7091
1782815435946 0.06486109644174576 7092
1782815435947 0.2490106225013733 7093
1782815435949 0.005024991929531097 7094
1782815435950 0.017675451934337616 7095
1782815435952 0.1334073692560196 7096
1782815435953 0.1579590141773224 7097
1782815435955 0.12339142709970474 7098
1782815435956 0.01293557696044445 7099
1782815435958 0.12074072659015656 7100
1782815435959 0.09368743002414703 7101
1782815435960 0.050333987921476364 7102
1782815435962 0.08880800753831863 7103
1782815435963 0.16326414048671722 7104
1782815435965 0.07171548902988434 7105
1782815435966 0.025248907506465912 7106
1782815435968 0.5283105373382568 7107
1782815435969 0.015080866403877735 7108
1782815435971 0.0029047823045402765 7109
1782815435972 0.027706017717719078 7110
1782815435974 0.03496261313557625 7111
1782815435975 0.08932710438966751 7112
1782815435977 0.14774729311466217 7113
1782815435978 0.015317817218601704 7114
1782815435979 0.01085512526333332 7115
1782815435981 0.12623868882656097 7116
1782815435982 0.1691102683544159 7117
1782815435984 0.10141267627477646 7118
1782815435985 0.047021377831697464 7119
1782815435987 0.03804125636816025 7120
1782815435988 0.015839625149965286 7121
1782815435990 0.01115979440510273 7122
1782815435991 0.10770492255687714 7123
1782815435993 0.024546032771468163 7124
1782815435994 0.38301852345466614 7125
1782815435995 0.2512044310569763 7126
1782815435997 0.026401910930871964 7127
1782815435999 0.048185594379901886 7128
1782815436000 0.02205675281584263 7129
1782815436002 0.03373127803206444 7130
1782815436003 0.004826404619961977 7131
1782815436004 0.08540290594100952 7132
1782815436006 0.15399715304374695 7133
1782815436007 0.12376249581575394 7134
1782815436009 0.0481053963303566 7135
1782815436010 0.04732009023427963 7136
1782815436011 0.0349266342818737 7137
1782815436013 0.010802189819514751 7138
1782815436014 0.07138684391975403 7139
1782815436016 0.013921515084803104 7140
1782815436017 0.023934347555041313 7141
1782815436018 0.16727524995803833 7142
1782815436020 0.14072172343730927 7143
1782815436021 0.10105927288532257 7144
1782815436022 0.109245166182518 7145
1782815436024 0.010300084948539734 7146
1782815436025 0.0805966705083847 7147
1782815436026 0.017359884455800056 7148
1782815436028 0.06519663333892822 7149
1782815436029 0.0027180637698620558 7150
1782815436031 0.05674148350954056 7151
1782815436032 0.3166165351867676 7152
1782815436033 0.0024024483282119036 7153
1782815436035 0.1292596310377121 7154
1782815436036 0.12198055535554886 7155
1782815436038 0.014259637333452702 7156
1782815436039 0.16036276519298553 7157
1782815436040 0.309157133102417 7158
1782815436042 0.3272387683391571 7159
1782815436043 0.07167506217956543 7160
1782815436045 0.15161073207855225 7161
1782815436046 0.07603487372398376 7162
1782815436047 0.01379125751554966 7163
1782815436049 0.11596304923295975 7164
1782815436050 0.0358179472386837 7165
1782815436052 0.17731107771396637 7166
1782815436053 0.21008943021297455 7167
1782815436054 0.18714971840381622 7168
1782815436056 0.08786135166883469 7169
1782815436057 0.027983488515019417 7170
1782815436058 0.10111301392316818 7171
1782815436060 0.0023267304059118032 7172
1782815436061 0.0775199681520462 7173
1782815436063 0.018644027411937714 7174
1782815436064 0.06127595901489258 7175
1782815436065 0.04228920862078667 7176
1782815436067 0.023399369791150093 7177
1782815436068 0.04518386721611023 7178
1782815436069 0.13874204456806183 7179
1782815436071 0.03536493703722954 7180
1782815436072 0.1405818909406662 7181
1782815436074 0.08979824185371399 7182
1782815436075 0.03557469695806503 7183
1782815436076 0.01379297859966755 7184
1782815436078 0.018244313076138496 7185
1782815436079 0.019739625975489616 7186
1782815436081 0.015187853947281837 7187
1782815436082 0.04700741171836853 7188
1782815436083 0.0477607361972332 7189
1782815436085 0.10033685714006424 7190
1782815436086 0.010675457306206226 7191
1782815436088 0.0452461838722229 7192
1782815436089 0.06396390497684479 7193
1782815436090 0.10330987721681595 7194
1782815436092 0.0013945017708465457 7195
1782815436093 0.10981690883636475 7196
1782815436095 0.20627620816230774 7197
1782815436096 0.0021558906883001328 7198
1782815436097 0.008384238928556442 7199
1782815436099 0.04903209209442139 7200
1782815436100 0.035749807953834534 7201
1782815436102 0.08693213760852814 7202
1782815436103 0.1319044977426529 7203
1782815436104 0.15676026046276093 7204
1782815436106 0.13461388647556305 7205
1782815436107 0.21593643724918365 7206
1782815436108 0.059480853378772736 7207
1782815436110 0.1965777426958084 7208
1782815436111 0.003427150659263134 7209
1782815436113 0.11856812983751297 7210
1782815436114 0.08999521285295486 7211
1782815436115 0.08807658404111862 7212
1782815436117 0.20545700192451477 7213
1782815436118 0.020736191421747208 7214
1782815436120 0.01693245768547058 7215
1782815436121 0.008578638546168804 7216
1782815436122 0.080725759267807 7217
1782815436124 0.030313080176711082 7218
1782815436125 0.009117301553487778 7219
1782815436126 0.037983547896146774 7220
1782815436128 0.0322321392595768 7221
1782815436129 0.007304496597498655 7222
1782815436130 0.024502119049429893 7223
1782815436132 0.37541088461875916 7224
1782815436133 0.13355287909507751 7225
1782815436135 0.11931906640529633 7226
1782815436136 0.006936507299542427 7227
1782815436137 0.1720222681760788 7228
1782815436139 0.20624519884586334 7229
1782815436140 0.00797172449529171 7230
1782815436142 0.13663265109062195 7231
1782815436143 0.0671742856502533 7232
1782815436144 0.040668144822120667 7233
1782815436146 0.09355060756206512 7234
1782815436147 0.13057555258274078 7235
1782815436148 0.05307343602180481 7236
1782815436150 0.005756176542490721 7237
1782815436151 0.016377609223127365 7238
1782815436153 0.004834553226828575 7239
1782815436154 0.06363490968942642 7240
1782815436155 0.19195882976055145 7241
1782815436157 0.12879633903503418 7242
1782815436158 0.24429309368133545 7243
1782815436160 0.16142259538173676 7244
1782815436161 0.004703656770288944 7245
1782815436162 0.05751733481884003 7246
1782815436164 0.06134705990552902 7247
1782815436166 0.011847459711134434 7248
1782815436167 0.02266000211238861 7249
1782815436168 0.14886143803596497 7250
1782815436170 0.04672054201364517 7251
1782815436171 0.17612572014331818 7252
1782815436172 0.10485189408063889 7253
1782815436174 0.04207593575119972 7254
1782815436175 0.018453523516654968 7255
1782815436176 0.16061921417713165 7256
1782815436178 0.055398765951395035 7257
1782815436179 0.04467470571398735 7258
1782815436180 0.11761722713708878 7259
1782815436182 0.05902260169386864 7260
1782815436183 0.24484948813915253 7261
1782815436184 0.07435388118028641 7262
1782815436186 0.1510780155658722 7263
1782815436187 0.030850786715745926 7264
1782815436188 0.18023870885372162 7265
1782815436190 0.0837157592177391 7266
1782815436191 0.14973784983158112 7267
1782815436193 0.05466856434941292 7268
1782815436194 0.28497928380966187 7269
1782815436195 0.08943907916545868 7270
1782815436197 0.12320386618375778 7271
1782815436198 0.0701642706990242 7272
1782815436200 0.2701486349105835 7273
1782815436201 0.22531674802303314 7274
1782815436202 0.010676329024136066 7275
1782815436204 0.015242154709994793 7276
1782815436205 0.004793661646544933 7277
1782815436206 0.004440822172909975 7278
1782815436208 0.1989065706729889 7279
1782815436209 0.002877265214920044 7280
1782815436211 0.01934276893734932 7281
1782815436212 0.21846850216388702 7282
1782815436213 0.03410281985998154 7283
1782815436215 0.006222235970199108 7284
1782815436216 0.0025406116619706154 7285
1782815436217 0.03416414186358452 7286
1782815436219 0.0013417397858574986 7287
1782815436220 0.003373062005266547 7288
1782815436222 0.10324898362159729 7289
1782815436223 0.11679834872484207 7290
1782815436224 0.007646563462913036 7291
1782815436226 0.14478471875190735 7292
1782815436227 0.14719948172569275 7293
1782815436228 0.15109840035438538 7294
1782815436230 0.18599863350391388 7295
1782815436231 0.15296399593353271 7296
1782815436233 0.42953139543533325 7297
1782815436234 0.004559647757560015 7298
1782815436235 0.06384945660829544 7299
1782815436237 0.044906362891197205 7300
1782815436238 0.004532822873443365 7301
1782815436240 0.04494107514619827 7302
1782815436241 0.048152338713407516 7303
1782815436242 0.0014850286534056067 7304
1782815436244 0.0032434999011456966 7305
1782815436245 0.02464861236512661 7306
1782815436247 0.012318471446633339 7307
1782815436248 0.28515535593032837 7308
1782815436249 0.008499950170516968 7309
1782815436251 0.07531753182411194 7310
1782815436252 0.1530177742242813 7311
1782815436253 0.01749328151345253 7312
1782815436255 0.3959631621837616 7313
1782815436256 0.11795428395271301 7314
1782815436258 0.07034552097320557 7315
1782815436259 0.010894601233303547 7316
1782815436260 0.0025020986795425415 7317
1782815436262 0.08330690115690231 7318
1782815436263 0.1136109009385109 7319
1782815436265 0.18874013423919678 7320
1782815436266 0.0516672246158123 7321
1782815436267 0.1862163096666336 7322
1782815436269 0.0332212820649147 7323
1782815436270 0.12387708574533463 7324
1782815436271 0.09305234998464584 7325
1782815436273 0.004685929045081139 7326
1782815436274 0.017343880608677864 7327
1782815436276 0.10827551782131195 7328
1782815436277 0.22514581680297852 7329
1782815436278 0.15636858344078064 7330
1782815436280 0.009967231191694736 7331
1782815436281 0.010250667110085487 7332
1782815436282 0.06008812040090561 7333
1782815436284 0.8885385394096375 7334
1782815436285 0.06614936143159866 7335
1782815436287 0.16218139231204987 7336
1782815436288 0.08532147109508514 7337
1782815436289 0.32594600319862366 7338
1782815436291 0.025471488013863564 7339
1782815436292 0.15614497661590576 7340
1782815436294 0.016707835718989372 7341
1782815436295 0.00823606364428997 7342
1782815436296 0.029841940850019455 7343
1782815436298 0.03339820355176926 7344
1782815436299 0.058787859976291656 7345
1782815436300 0.06086358800530434 7346
1782815436302 0.11998239159584045 7347
1782815436303 0.014855179004371166 7348
1782815436305 0.08030663430690765 7349
1782815436306 0.00658764224499464 7350
1782815436307 0.07810640335083008 7351
1782815436309 0.012463262304663658 7352
1782815436310 0.09944628924131393 7353
1782815436312 0.16833913326263428 7354
1782815436313 0.18275894224643707 7355
1782815436314 0.08635783195495605 7356
1782815436316 0.04200046509504318 7357
1782815436317 0.006536633241921663 7358
1782815436319 0.004471641965210438 7359
1782815436320 0.02783394791185856 7360
1782815436321 0.1817987859249115 7361
1782815436323 0.0026414566673338413 7362
1782815436324 0.04250296577811241 7363
1782815436326 0.13513004779815674 7364
1782815436327 0.12980829179286957 7365
1782815436328 0.01940605789422989 7366
1782815436330 0.08094039559364319 7367
1782815436331 0.020155593752861023 7368
1782815436333 0.03214401751756668 7369
1782815436334 0.0050120363011956215 7370
1782815436335 0.036282435059547424 7371
1782815436337 0.2765254080295563 7372
1782815436338 0.39837947487831116 7373
1782815436340 0.2835361957550049 7374
1782815436341 0.013277933932840824 7375
1782815436342 0.14303703606128693 7376
1782815436344 0.08190501481294632 7377
1782815436345 0.04560980573296547 7378
1782815436347 0.06704732030630112 7379
1782815436348 0.06558553874492645 7380
1782815436349 0.054673243314027786 7381
1782815436351 0.021459592506289482 7382
1782815436352 0.2023848593235016 7383
1782815436353 0.3765600621700287 7384
1782815436355 0.09201157838106155 7385
1782815436356 0.07545112818479538 7386
1782815436358 0.03695522993803024 7387
1782815436359 0.07894957810640335 7388
1782815436360 0.061279479414224625 7389
1782815436362 0.06304307281970978 7390
1782815436363 0.020959114655852318 7391
1782815436365 0.052206479012966156 7392
1782815436366 0.020180972293019295 7393
1782815436367 0.057874225080013275 7394
1782815436369 0.09072277694940567 7395
1782815436370 0.0338803268969059 7396
1782815436372 0.011035114526748657 7397
1782815436373 0.0040930029936134815 7398
1782815436374 0.23174777626991272 7399
1782815436376 0.13310183584690094 7400
1782815436377 0.012444285675883293 7401
1782815436378 0.04698850214481354 7402
1782815436380 0.013689524494111538 7403
1782815436381 0.006318514700978994 7404
1782815436383 0.03761277720332146 7405
1782815436384 0.003531653666868806 7406
1782815436385 0.04941781982779503 7407
1782815436387 0.02995215728878975 7408
1782815436388 0.14999639987945557 7409
1782815436389 0.18017719686031342 7410
1782815436391 0.09818822145462036 7411
1782815436392 0.03294849395751953 7412
1782815436394 0.12475196272134781 7413
1782815436395 0.07375133782625198 7414
1782815436396 0.01990765705704689 7415
1782815436398 0.07696820795536041 7416
1782815436399 0.012223043479025364 7417
1782815436401 0.0036317540798336267 7418
1782815436402 0.07464224100112915 7419
1782815436403 0.0040564038790762424 7420
1782815436405 0.07728627324104309 7421
1782815436406 0.007728586904704571 7422
1782815436407 0.03138381242752075 7423
1782815436409 0.014578231610357761 7424
1782815436410 0.007084914017468691 7425
1782815436412 0.01898626796901226 7426
1782815436413 0.052025023847818375 7427
1782815436414 0.0012299867812544107 7428
1782815436416 0.017169740051031113 7429
1782815436417 0.22185921669006348 7430
1782815436419 0.03393479064106941 7431
1782815436420 0.0277568232268095 7432
1782815436421 0.3195778429508209 7433
1782815436423 0.006499809212982655 7434
1782815436424 0.026697546243667603 7435
1782815436426 0.24340969324111938 7436
1782815436427 0.007955589331686497 7437
1782815436428 0.06699595600366592 7438
1782815436430 0.06846077740192413 7439
1782815436431 0.0321502685546875 7440
1782815436433 0.06292659044265747 7441
1782815436434 0.07302034646272659 7442
1782815436435 0.0700715109705925 7443
1782815436437 0.011180905625224113 7444
1782815436438 0.05868492275476456 7445
1782815436439 0.050469283014535904 7446
1782815436441 0.01787123829126358 7447
1782815436442 0.13174740970134735 7448
1782815436444 0.10716299712657928 7449
1782815436445 0.03766113147139549 7450
1782815436446 0.3190857172012329 7451
1782815436448 0.15183740854263306 7452
1782815436449 0.1238444373011589 7453
1782815436451 0.043764278292655945 7454
1782815436452 0.005120821762830019 7455
1782815436453 0.1920611709356308 7456
1782815436455 0.05037858709692955 7457
1782815436456 0.007170600350946188 7458
1782815436457 0.09940653294324875 7459
1782815436459 0.25617697834968567 7460
1782815436460 0.13281495869159698 7461
1782815436461 0.01179150864481926 7462
1782815436463 0.017338639125227928 7463
1782815436464 0.016072016209363937 7464
1782815436466 0.0383409708738327 7465
1782815436467 0.12595441937446594 7466
1782815436468 0.020813383162021637 7467
1782815436470 0.08070320636034012 7468
1782815436471 0.009979892522096634 7469
1782815436473 0.02108907513320446 7470
1782815436474 0.08613915741443634 7471
1782815436475 0.1691395342350006 7472
1782815436477 0.025931116193532944 7473
1782815436478 0.08705145120620728 7474
1782815436480 0.0661197304725647 7475
1782815436481 0.012068047188222408 7476
1782815436482 0.4611665606498718 7477
1782815436484 0.23926368355751038 7478
1782815436485 0.10578202456235886 7479
1782815436487 0.00979294441640377 7480
1782815436488 0.01594175398349762 7481
1782815436489 0.2907383441925049 7482
1782815436491 0.003760775551199913 7483
1782815436492 0.11826930195093155 7484
1782815436494 0.11015038937330246 7485
1782815436495 0.27115488052368164 7486
1782815436496 0.06685435771942139 7487
1782815436498 0.13287541270256042 7488
1782815436499 0.0193296130746603 7489
1782815436500 0.0028930753469467163 7490
1782815436502 0.04268179461359978 7491
1782815436503 0.1440386176109314 7492
1782815436505 0.06838367134332657 7493
1782815436506 0.14419041574001312 7494
1782815436507 0.01193166896700859 7495
1782815436509 0.030770886689424515 7496
1782815436510 0.10830917954444885 7497
1782815436511 0.12090551853179932 7498
1782815436513 0.1135256290435791 7499
1782815436635 0.013650906272232533 7500
1782815436636 0.09577914327383041 7501
1782815436638 0.014870237559080124 7502
1782815436639 0.041471462696790695 7503
1782815436641 0.08085372298955917 7504
1782815436642 0.0180464219301939 7505
1782815436643 0.08127187937498093 7506
1782815436645 0.08555524051189423 7507
1782815436646 0.22544355690479279 7508
1782815436647 0.001106837298721075 7509
1782815436649 0.10681378096342087 7510
1782815436650 0.08259367942810059 7511
1782815436652 0.0018203618237748742 7512
1782815436653 0.014427022077143192 7513
1782815436654 0.32637545466423035 7514
1782815436656 0.017288560047745705 7515
1782815436657 0.007710321340709925 7516
1782815436659 0.0675361379981041 7517
1782815436660 0.06209440529346466 7518
1782815436661 0.00593586266040802 7519
1782815436663 0.030962035059928894 7520
1782815436664 0.09569773823022842 7521
1782815436665 0.050109416246414185 7522
1782815436667 0.16249457001686096 7523
1782815436668 0.016262443736195564 7524
1782815436670 0.171998530626297 7525
1782815436671 0.05197238177061081 7526
1782815436672 0.01873917132616043 7527
1782815436674 0.05132835730910301 7528
1782815436675 0.24510402977466583 7529
1782815436676 0.001952301012352109 7530
1782815436678 0.21008174121379852 7531
1782815436679 0.0392749160528183 7532
1782815436681 0.41343462467193604 7533
1782815436682 0.18436703085899353 7534
1782815436683 0.0018718931823968887 7535
1782815436685 0.03848976269364357 7536
1782815436686 0.028719937428832054 7537
1782815436688 0.19693270325660706 7538
1782815436689 0.05491814762353897 7539
1782815436690 0.07685011625289917 7540
1782815436692 0.0016487957909703255 7541
1782815436694 0.08883815258741379 7542
1782815436695 0.04353630170226097 7543
1782815436696 0.01702841930091381 7544
1782815436698 0.025104017928242683 7545
1782815436699 0.058528635650873184 7546
1782815436701 0.012457015924155712 7547
1782815436702 0.019492413848638535 7548
1782815436703 0.03402639552950859 7549
1782815436705 0.007350494619458914 7550
1782815436706 0.01181713119149208 7551
1782815436708 0.014973057433962822 7552
1782815436709 0.10953603684902191 7553
1782815436710 0.010436869226396084 7554
1782815436712 0.1896771639585495 7555
1782815436713 0.008484973572194576 7556
1782815436715 0.1399550437927246 7557
1782815436716 0.006556243170052767 7558
1782815436717 0.04666675627231598 7559
1782815436719 0.05740965157747269 7560
1782815436720 0.08490033447742462 7561
1782815436721 0.07670609652996063 7562
1782815436723 0.10538589209318161 7563
1782815436724 0.09535422176122665 7564
1782815436726 0.013758724555373192 7565
1782815436727 0.03259870409965515 7566
1782815436728 0.043732404708862305 7567
1782815436730 0.0071366638876497746 7568
1782815436731 0.0010738862911239266 7569
1782815436733 0.29073044657707214 7570
1782815436735 0.006441375706344843 7571
1782815436736 0.05233864486217499 7572
1782815436737 0.04654589295387268 7573
1782815436738 0.02192244865000248 7574
1782815436740 0.25761207938194275 7575
1782815436741 0.1735459864139557 7576
1782815436742 0.00808942224830389 7577
1782815436744 0.03790193423628807 7578
1782815436745 0.08472299575805664 7579
1782815436747 0.1196456104516983 7580
1782815436748 0.0016016036970540881 7581
1782815436749 0.027071010321378708 7582
1782815436751 0.026334643363952637 7583
1782815436753 0.2919859290122986 7584
1782815436754 0.10379649698734283 7585
1782815436755 0.06910601258277893 7586
1782815436757 0.027895331382751465 7587
1782815436758 0.1615409106016159 7588
1782815436760 0.09717178344726562 7589
1782815436761 0.0012988856760784984 7590
1782815436762 0.0015086156781762838 7591
1782815436764 0.024857955053448677 7592
1782815436765 0.043947651982307434 7593
1782815436767 0.07314527034759521 7594
1782815436768 0.03209276124835014 7595
1782815436770 0.11559777706861496 7596
1782815436771 0.05895630642771721 7597
1782815436773 0.1004788726568222 7598
1782815436774 0.07394123077392578 7599
1782815436775 0.06262995302677155 7600
1782815436777 0.001701079192571342 7601
1782815436779 0.025343475863337517 7602
1782815436780 0.3957575559616089 7603
1782815436781 0.04511680454015732 7604
1782815436783 0.007007929962128401 7605
1782815436784 0.008076385594904423 7606
1782815436786 0.093330018222332 7607
1782815436787 0.16008350253105164 7608
1782815436788 0.02095462754368782 7609
1782815436790 0.22125007212162018 7610
1782815436791 0.057298868894577026 7611
1782815436793 0.07826510071754456 7612
1782815436794 0.16906598210334778 7613
1782815436796 0.03861287981271744 7614
1782815436797 0.04429221153259277 7615
1782815436799 0.011878353543579578 7616
1782815436800 0.2770526111125946 7617
1782815436801 0.02497847005724907 7618
1782815436803 0.04161784052848816 7619
1782815436804 0.1707507073879242 7620
1782815436806 0.032026257365942 7621
1782815436807 0.03313261270523071 7622
1782815436809 0.4061618447303772 7623
1782815436810 0.004360537976026535 7624
1782815436812 0.0867416262626648 7625
1782815436813 0.10716237127780914 7626
1782815436814 0.06701694428920746 7627
1782815436816 0.09725641459226608 7628
1782815436817 0.0016913646832108498 7629
1782815436819 0.06366536766290665 7630
1782815436820 0.005201037507504225 7631
1782815436821 0.13912411034107208 7632
1782815436823 0.08476968109607697 7633
1782815436824 0.006486157421022654 7634
1782815436826 0.14481419324874878 7635
1782815436827 0.0007323044701479375 7636
1782815436829 0.4764179289340973 7637
1782815436830 0.021054469048976898 7638
1782815436832 0.16451318562030792 7639
1782815436833 0.053698789328336716 7640
1782815436834 0.08345403522253036 7641
1782815436836 0.006918177008628845 7642
1782815436837 0.08473259955644608 7643
1782815436839 0.04823055863380432 7644
1782815436840 0.014477265998721123 7645
1782815436842 0.010036534629762173 7646
1782815436843 0.2959117591381073 7647
1782815436844 0.1894645094871521 7648
1782815436846 0.024341344833374023 7649
1782815436847 0.0004662724386435002 7650
1782815436849 0.015149093233048916 7651
1782815436850 0.26010245084762573 7652
1782815436852 0.039719995111227036 7653
1782815436853 0.20144709944725037 7654
1782815436854 0.02437451109290123 7655
1782815436856 0.028227509930729866 7656
1782815436857 0.035603638738393784 7657
1782815436858 0.0028360001742839813 7658
1782815436860 0.0784115344285965 7659
1782815436861 0.05177805945277214 7660
1782815436863 0.27121701836586 7661
1782815436864 0.3023340702056885 7662
1782815436866 0.18532699346542358 7663
1782815436867 0.00503754336386919 7664
1782815436868 0.006827668286859989 7665
1782815436870 0.01348833180963993 7666
1782815436871 0.13527877628803253 7667
1782815436873 0.08702689409255981 7668
1782815436874 0.009277505800127983 7669
1782815436876 0.0009103550692088902 7670
1782815436877 0.05227704346179962 7671
1782815436878 0.01129839289933443 7672
1782815436880 0.0003608916886150837 7673
1782815436881 0.04441326484084129 7674
1782815436883 0.2452927827835083 7675
1782815436884 0.06928233057260513 7676
1782815436886 0.0726994127035141 7677
1782815436887 0.02092556841671467 7678
1782815436888 0.06918101757764816 7679
1782815436890 0.06205492466688156 7680
1782815436891 0.24585677683353424 7681
1782815436893 0.013886164873838425 7682
1782815436894 0.05356977880001068 7683
1782815436895 0.02216888777911663 7684
1782815436897 0.017695873975753784 7685
1782815436898 0.026942530646920204 7686
1782815436900 0.05916474387049675 7687
1782815436901 0.018040981143712997 7688
1782815436902 0.09786276519298553 7689
1782815436904 0.02042330801486969 7690
1782815436905 0.12149202078580856 7691
1782815436907 0.005519125610589981 7692
1782815436908 0.004218938294798136 7693
1782815436909 0.0012069643707945943 7694
1782815436911 0.15852226316928864 7695
1782815436912 0.06597324460744858 7696
1782815436914 0.07221746444702148 7697
1782815436915 0.0718059092760086 7698
1782815436916 0.0019672298803925514 7699
1782815436918 0.18476781249046326 7700
1782815436919 0.03976764157414436 7701
1782815436921 0.19495120644569397 7702
1782815436922 0.04946287348866463 7703
1782815436924 0.09975304454565048 7704
1782815436925 0.07043836265802383 7705
1782815436926 0.04654991999268532 7706
1782815436928 0.423334002494812 7707
1782815436929 0.10580707341432571 7708
1782815436931 0.011173117905855179 7709
1782815436932 0.028300445526838303 7710
1782815436934 0.16252270340919495 7711
1782815436935 0.00919246394187212 7712
1782815436936 0.17690223455429077 7713
1782815436938 0.07306236028671265 7714
1782815436939 0.030697545036673546 7715
1782815436941 0.08054153621196747 7716
1782815436943 0.11549322307109833 7717
1782815436944 0.02572300098836422 7718
1782815436945 0.004223208874464035 7719
1782815436947 0.07880100607872009 7720
1782815436948 0.10346828401088715 7721
1782815436950 0.06920651346445084 7722
1782815436951 0.011325346305966377 7723
1782815436953 0.11959143728017807 7724
1782815436954 0.05847572162747383 7725
1782815436955 0.11232735216617584 7726
1782815436957 0.10115104168653488 7727
1782815436958 0.17075000703334808 7728
1782815436960 0.06712840497493744 7729
1782815436961 0.13361936807632446 7730
1782815436962 0.3795776665210724 7731
1782815436964 0.09700913727283478 7732
1782815436965 0.11750780791044235 7733
1782815436967 0.07557949423789978 7734
1782815436968 0.05862773209810257 7735
1782815436970 0.005579276010394096 7736
1782815436971 0.05279986187815666 7737
1782815436972 0.08549529314041138 7738
1782815436974 0.05097666010260582 7739
1782815436975 0.043584685772657394 7740
1782815436977 0.0273630078881979 7741
1782815436978 0.23534980416297913 7742
1782815436979 0.0017439761431887746 7743
1782815436981 0.026859555393457413 7744
1782815436982 0.1452813297510147 7745
1782815436984 0.23841415345668793 7746
1782815436985 0.2625730037689209 7747
1782815436986 0.1144699901342392 7748
1782815436988 0.011738510802388191 7749
1782815436989 0.02304903417825699 7750
1782815436991 0.005460967309772968 7751
1782815436992 0.026431037113070488 7752
1782815436994 0.015868738293647766 7753
1782815436995 0.06776226311922073 7754
1782815436996 0.026211367920041084 7755
1782815436998 0.15717855095863342 7756
1782815436999 0.22888563573360443 7757
1782815437001 0.06867264211177826 7758
1782815437002 0.0821293368935585 7759
1782815437004 0.11985387653112411 7760
1782815437005 0.17560794949531555 7761
1782815437007 0.023940831422805786 7762
1782815437008 0.013549849390983582 7763
1782815437009 0.04511265084147453 7764
1782815437011 0.0802130475640297 7765
1782815437012 0.37419986724853516 7766
1782815437014 0.01888839341700077 7767
1782815437015 0.00862141139805317 7768
1782815437016 0.030087241902947426 7769
1782815437018 0.13581369817256927 7770
1782815437020 0.24728329479694366 7771
1782815437021 0.07947096973657608 7772
1782815437023 0.014617686159908772 7773
1782815437024 0.025062795728445053 7774
1782815437026 0.06276655942201614 7775
1782815437027 0.018759289756417274 7776
1782815437028 0.016584403812885284 7777
1782815437030 0.1953420788049698 7778
1782815437031 0.020091308280825615 7779
1782815437033 0.2862086594104767 7780
1782815437034 0.029505863785743713 7781
1782815437036 0.10608754307031631 7782
1782815437037 0.05695134401321411 7783
1782815437039 0.1081949770450592 7784
1782815437040 0.005666691344231367 7785
1782815437041 0.029136897996068 7786
1782815437043 0.12534084916114807 7787
1782815437044 0.09436603635549545 7788
1782815437046 0.004154466558247805 7789
1782815437047 0.007824472151696682 7790
1782815437048 0.09017247706651688 7791
1782815437050 0.021010277792811394 7792
1782815437051 0.018690431490540504 7793
1782815437053 0.18299849331378937 7794
1782815437054 0.01255027111619711 7795
1782815437055 0.11455750465393066 7796
1782815437057 0.16918520629405975 7797
1782815437058 0.052171897143125534 7798
1782815437060 0.0010671131312847137 7799
1782815437061 0.11677543818950653 7800
1782815437062 0.022279120981693268 7801
1782815437064 0.03941082954406738 7802
1782815437065 0.014380834996700287 7803
1782815437067 0.10510232299566269 7804
1782815437068 0.175805926322937 7805
1782815437069 0.01066667027771473 7806
1782815437071 0.006022397894412279 7807
1782815437072 0.008295784704387188 7808
1782815437074 0.11051230132579803 7809
1782815437075 0.009896752424538136 7810
1782815437076 0.027488544583320618 7811
1782815437083 0.009839927777647972 7812
1782815437084 0.13774514198303223 7813
1782815437086 0.0007877229945734143 7814
1782815437087 0.005110191646963358 7815
1782815437088 0.050497740507125854 7816
1782815437090 0.07650742679834366 7817
1782815437091 0.07256461679935455 7818
1782815437093 0.0963657945394516 7819
1782815437094 0.015023540705442429 7820
1782815437095 0.033746037632226944 7821
1782815437097 0.016938481479883194 7822
1782815437098 0.061483483761548996 7823
1782815437100 0.00946391187608242 7824
1782815437101 0.0005459102103486657 7825
1782815437102 0.04164509102702141 7826
1782815437104 0.0262215007096529 7827
1782815437105 0.21181590855121613 7828
1782815437107 0.026907898485660553 7829
1782815437108 0.09399888664484024 7830
1782815437110 0.052751895040273666 7831
1782815437111 0.09817884862422943 7832
1782815437113 0.13531693816184998 7833
1782815437114 0.00026293625705875456 7834
1782815437115 0.011283531785011292 7835
1782815437117 0.024305904284119606 7836
1782815437118 0.17540861666202545 7837
1782815437120 0.006501884665340185 7838
1782815437121 0.021055638790130615 7839
1782815437122 0.014300460927188396 7840
1782815437124 0.10842365771532059 7841
1782815437125 0.048593245446681976 7842
1782815437127 0.06269340217113495 7843
1782815437128 0.0073013873770833015 7844
1782815437129 0.10331222414970398 7845
1782815437131 0.011550691910088062 7846
1782815437132 0.021619470790028572 7847
1782815437134 0.0944872796535492 7848
1782815437135 0.015051325783133507 7849
1782815437137 0.11765829473733902 7850
1782815437138 0.2261367291212082 7851
1782815437140 0.19688598811626434 7852
1782815437141 0.011043794453144073 7853
1782815437142 0.1386600285768509 7854
1782815437144 0.23838257789611816 7855
1782815437145 0.017491117119789124 7856
1782815437147 0.11656811833381653 7857
1782815437148 0.13745065033435822 7858
1782815437149 0.13694699108600616 7859
1782815437151 0.07943212240934372 7860
1782815437152 0.004714427050203085 7861
1782815437154 0.03919972479343414 7862
1782815437155 0.048826564103364944 7863
1782815437156 0.1527467519044876 7864
1782815437158 0.020514236763119698 7865
1782815437159 0.1938958317041397 7866
1782815437161 0.11785004287958145 7867
1782815437162 0.037865180522203445 7868
1782815437164 0.013569287024438381 7869
1782815437165 0.0031310487538576126 7870
1782815437167 0.049299608916044235 7871
1782815437168 0.0576559454202652 7872
1782815437169 0.35448265075683594 7873
1782815437171 0.3144555389881134 7874
1782815437172 0.07273156940937042 7875
1782815437174 0.0633927658200264 7876
1782815437175 0.0019797750283032656 7877
1782815437176 0.16608135402202606 7878
1782815437178 0.021809423342347145 7879
1782815437179 0.04179280623793602 7880
1782815437180 0.018403414636850357 7881
1782815437182 0.061571333557367325 7882
1782815437183 0.17540906369686127 7883
1782815437185 0.04653863608837128 7884
1782815437186 0.026973241940140724 7885
1782815437188 0.026128942146897316 7886
1782815437189 0.014086172915995121 7887
1782815437191 0.014707150869071484 7888
1782815437192 0.07396554201841354 7889
1782815437193 0.04719237983226776 7890
1782815437195 0.02869550697505474 7891
1782815437196 0.024243278428912163 7892
1782815437198 0.02449815906584263 7893
1782815437199 0.08297409117221832 7894
1782815437201 0.07747901976108551 7895
1782815437202 0.0044714780524373055 7896
1782815437203 0.018300063908100128 7897
1782815437205 0.05815631523728371 7898
1782815437206 0.02013198472559452 7899
1782815437208 0.6101537346839905 7900
1782815437209 0.006588995456695557 7901
1782815437211 0.03458525985479355 7902
1782815437212 0.1365300714969635 7903
1782815437213 0.06752334535121918 7904
1782815437215 0.03157198056578636 7905
1782815437216 0.0991349071264267 7906
1782815437218 0.005603798199445009 7907
1782815437219 0.19153694808483124 7908
1782815437220 0.25427335500717163 7909
1782815437222 0.1726437360048294 7910
1782815437223 0.04129638150334358 7911
1782815437225 0.002440159674733877 7912
1782815437226 0.1372581571340561 7913
1782815437228 0.0277213454246521 7914
1782815437229 0.004695937968790531 7915
1782815437230 0.18945184350013733 7916
1782815437232 0.005494173150509596 7917
1782815437233 0.021578503772616386 7918
1782815437235 0.03226698562502861 7919
1782815437236 0.05805912986397743 7920
1782815437238 0.004889661446213722 7921
1782815437239 0.013747958466410637 7922
1782815437240 0.03419798985123634 7923
1782815437242 0.11822620779275894 7924
1782815437243 0.14735253155231476 7925
1782815437244 0.020657232031226158 7926
1782815437246 0.09887927770614624 7927
1782815437247 0.13461284339427948 7928
1782815437249 0.017286676913499832 7929
1782815437250 0.12755221128463745 7930
1782815437252 0.17194202542304993 7931
1782815437253 0.054450273513793945 7932
1782815437254 0.05114416033029556 7933
1782815437256 0.07125607877969742 7934
1782815437257 0.0064835865050554276 7935
1782815437259 0.005414426792412996 7936
1782815437260 0.016773752868175507 7937
1782815437261 0.062219586223363876 7938
1782815437263 0.0557820089161396 7939
1782815437264 0.04416980221867561 7940
1782815437266 0.0011891884496435523 7941
1782815437267 0.052542369812726974 7942
1782815437268 0.006182524375617504 7943
1782815437270 0.01861233077943325 7944
1782815437271 0.0208860095590353 7945
1782815437273 0.2348347306251526 7946
1782815437274 0.04630139470100403 7947
1782815437275 0.029297422617673874 7948
1782815437277 0.32113149762153625 7949
1782815437278 0.3462119996547699 7950
1782815437280 0.10610716044902802 7951
1782815437281 0.013531963340938091 7952
1782815437283 0.02123762108385563 7953
1782815437284 0.044472865760326385 7954
1782815437285 0.23700252175331116 7955
1782815437287 0.01848199963569641 7956
1782815437288 0.08706412464380264 7957
1782815437290 0.025387052446603775 7958
1782815437291 0.35428252816200256 7959
1782815437293 0.1352272778749466 7960
1782815437294 0.0041487631388008595 7961
1782815437296 0.4721875488758087 7962
1782815437297 0.015926551073789597 7963
1782815437298 0.06749746203422546 7964
1782815437300 0.010956781916320324 7965
1782815437301 0.08404331654310226 7966
1782815437302 0.014339609071612358 7967
1782815437304 0.2773652970790863 7968
1782815437305 0.028188569471240044 7969
1782815437307 0.06824389845132828 7970
1782815437308 0.030600547790527344 7971
1782815437310 0.007955856621265411 7972
1782815437311 0.1472780406475067 7973
1782815437312 0.0977388396859169 7974
1782815437314 0.09645615518093109 7975
1782815437315 0.27980294823646545 7976
1782815437317 0.05504094809293747 7977
1782815437318 0.38709279894828796 7978
1782815437320 0.061622846871614456 7979
1782815437321 0.013398260809481144 7980
1782815437322 0.003896560985594988 7981
1782815437324 0.0057970196940004826 7982
1782815437325 0.042794112116098404 7983
1782815437327 0.08134464174509048 7984
1782815437328 0.00872084777802229 7985
1782815437329 0.0721539855003357 7986
1782815437331 0.21423180401325226 7987
1782815437332 0.0021940639708191156 7988
1782815437334 0.28389304876327515 7989
1782815437335 0.26379573345184326 7990
1782815437337 0.27735498547554016 7991
1782815437338 0.03162090480327606 7992
1782815437339 0.02187902107834816 7993
1782815437341 0.03149740770459175 7994
1782815437342 0.12694284319877625 7995
1782815437344 0.24465365707874298 7996
1782815437345 0.03874875605106354 7997
1782815437347 0.19537031650543213 7998
1782815437348 0.1536025106906891 7999
1782815437349 0.023889029398560524 8000
1782815437351 0.07612702995538712 8001
1782815437352 0.043266814202070236 8002
1782815437354 0.01926620490849018 8003
1782815437355 0.08705805242061615 8004
1782815437356 0.027722710743546486 8005
1782815437358 0.10069586336612701 8006
1782815437359 0.0630970150232315 8007
1782815437361 0.06885234266519547 8008
1782815437362 0.06873951107263565 8009
1782815437363 0.08166999369859695 8010
1782815437365 0.057245541363954544 8011
1782815437366 0.018843846395611763 8012
1782815437368 0.17917868494987488 8013
1782815437369 0.02561137080192566 8014
1782815437371 0.11536353826522827 8015
1782815437372 0.05247248336672783 8016
1782815437373 0.07418259978294373 8017
1782815437375 0.02045021392405033 8018
1782815437376 0.016208739951252937 8019
1782815437378 0.006261616013944149 8020
1782815437379 0.03621721640229225 8021
1782815437380 0.11359813064336777 8022
1782815437382 0.1667606681585312 8023
1782815437383 0.053950969129800797 8024
1782815437385 0.12695086002349854 8025
1782815437386 0.06311710923910141 8026
1782815437387 0.03133009374141693 8027
1782815437389 0.047336284071207047 8028
1782815437390 0.3835815191268921 8029
1782815437392 0.04091208800673485 8030
1782815437393 0.052517689764499664 8031
1782815437395 0.01106929685920477 8032
1782815437396 0.08799035847187042 8033
1782815437397 0.10395593196153641 8034
1782815437399 0.13981054723262787 8035
1782815437400 0.31457874178886414 8036
1782815437402 0.034583140164613724 8037
1782815437403 0.052017562091350555 8038
1782815437405 0.0827665627002716 8039
1782815437406 0.02273251861333847 8040
1782815437407 0.16242656111717224 8041
1782815437409 0.10568708181381226 8042
1782815437410 0.004137309268116951 8043
1782815437412 0.048871371895074844 8044
1782815437413 0.04877561330795288 8045
1782815437414 0.027379730716347694 8046
1782815437416 0.0548078827559948 8047
1782815437417 0.030770068988204002 8048
1782815437418 0.04699570685625076 8049
1782815437420 0.28290897607803345 8050
1782815437421 0.01663137599825859 8051
1782815437423 0.10728505253791809 8052
1782815437424 0.06003611162304878 8053
1782815437426 0.03780955448746681 8054
1782815437427 0.13761641085147858 8055
1782815437428 0.03920714929699898 8056
1782815437430 0.012379968538880348 8057
1782815437431 0.09903520345687866 8058
1782815437433 0.012933466583490372 8059
1782815437434 0.03650983050465584 8060
1782815437435 0.23623181879520416 8061
1782815437437 0.17074836790561676 8062
1782815437438 0.14281421899795532 8063
1782815437440 0.01629231870174408 8064
1782815437441 0.049164362251758575 8065
1782815437443 0.006602927576750517 8066
1782815437444 0.0007383968913927674 8067
1782815437445 0.0009905913611873984 8068
1782815437447 0.05856195464730263 8069
1782815437448 0.08566255867481232 8070
1782815437449 0.26035359501838684 8071
1782815437451 0.11136923730373383 8072
1782815437452 0.0036845279391855 8073
1782815437454 0.07706592977046967 8074
1782815437455 0.007343193516135216 8075
1782815437457 0.07045483589172363 8076
1782815437458 0.019408773630857468 8077
1782815437459 0.0017354015726596117 8078
1782815437461 0.013831865042448044 8079
1782815437462 0.0009636940085329115 8080
1782815437464 0.0115335239097476 8081
1782815437465 0.010479617863893509 8082
1782815437466 0.018169498071074486 8083
1782815437468 0.007120198104530573 8084
1782815437469 0.08777772635221481 8085
1782815437470 0.29271501302719116 8086
1782815437472 0.30379557609558105 8087
1782815437473 0.03816120699048042 8088
1782815437475 0.00872800499200821 8089
1782815437476 0.024677595123648643 8090
1782815437477 0.0035033675376325846 8091
1782815437479 0.0029004751704633236 8092
1782815437480 0.003514787880703807 8093
1782815437482 0.08434000611305237 8094
1782815437483 0.02992827259004116 8095
1782815437485 0.013359873555600643 8096
1782815437486 0.18005706369876862 8097
1782815437487 0.4373978078365326 8098
1782815437489 0.09601251780986786 8099
1782815437490 0.005266624037176371 8100
1782815437491 0.07207982987165451 8101
1782815437493 0.03800077363848686 8102
1782815437494 0.04119865596294403 8103
1782815437496 0.05662254989147186 8104
1782815437497 0.49203193187713623 8105
1782815437499 0.06881196051836014 8106
1782815437500 0.03340563923120499 8107
1782815437501 0.007212161086499691 8108
1782815437503 0.06573502719402313 8109
1782815437504 0.03849876672029495 8110
1782815437506 0.2767072319984436 8111
1782815437507 0.025301190093159676 8112
1782815437508 0.09429846704006195 8113
1782815437510 0.04101838916540146 8114
1782815437511 0.010525766760110855 8115
1782815437513 0.12416424602270126 8116
1782815437514 0.12505826354026794 8117
1782815437515 0.0030090780928730965 8118
1782815437517 0.10114375501871109 8119
1782815437518 0.11091794073581696 8120
1782815437520 0.060311127454042435 8121
1782815437521 0.03919940069317818 8122
1782815437523 0.030580053105950356 8123
1782815437524 0.004604893736541271 8124
1782815437525 0.005343195050954819 8125
1782815437527 0.01816502772271633 8126
1782815437528 0.002419239142909646 8127
1782815437530 0.320860892534256 8128
1782815437531 0.0007829460082575679 8129
1782815437533 0.025300724431872368 8130
1782815437534 0.010117136873304844 8131
1782815437536 0.02631269581615925 8132
1782815437537 0.0011629390064626932 8133
1782815437538 0.11940693110227585 8134
1782815437540 0.0014608923811465502 8135
1782815437541 0.037208303809165955 8136
1782815437543 0.09652040153741837 8137
1782815437544 0.04478433355689049 8138
1782815437546 0.005553288850933313 8139
1782815437547 0.0212265495210886 8140
1782815437548 0.15993046760559082 8141
1782815437550 0.0033688738476485014 8142
1782815437551 0.0004769399238284677 8143
1782815437553 0.0362393818795681 8144
1782815437554 0.010924901813268661 8145
1782815437555 0.049920666962862015 8146
1782815437557 0.26117590069770813 8147
1782815437558 0.10307376831769943 8148
1782815437560 0.012902850285172462 8149
1782815437561 0.022640088573098183 8150
1782815437563 0.05595014616847038 8151
1782815437564 0.0017406492261216044 8152
1782815437565 0.005752507597208023 8153
1782815437567 0.04970526322722435 8154
1782815437568 0.05490260198712349 8155
1782815437570 0.05430453270673752 8156
1782815437571 0.27346906065940857 8157
1782815437572 0.04652146250009537 8158
1782815437574 0.25466257333755493 8159
1782815437575 0.007345499470829964 8160
1782815437577 0.06424498558044434 8161
1782815437578 0.002023703418672085 8162
1782815437579 0.45933112502098083 8163
1782815437581 0.5375750660896301 8164
1782815437582 0.012656430713832378 8165
1782815437583 0.03382979333400726 8166
1782815437585 0.00841837003827095 8167
1782815437586 0.03898380324244499 8168
1782815437588 0.10921310633420944 8169
1782815437589 0.054730650037527084 8170
1782815437590 0.21613332629203796 8171
1782815437592 0.38063642382621765 8172
1782815437593 0.30216506123542786 8173
1782815437595 0.1636687070131302 8174
1782815437596 0.38442978262901306 8175
1782815437598 0.06721635907888412 8176
1782815437599 0.011668582446873188 8177
1782815437600 0.3605698347091675 8178
1782815437602 0.2800704836845398 8179
1782815437603 0.012723728083074093 8180
1782815437605 0.022847352549433708 8181
1782815437606 0.12720780074596405 8182
1782815437607 0.09306201338768005 8183
1782815437609 0.09683504700660706 8184
1782815437610 0.05830015987157822 8185
1782815437611 0.11399286985397339 8186
1782815437613 0.07421912252902985 8187
1782815437614 0.01599297486245632 8188
1782815437616 0.1126357838511467 8189
1782815437617 0.12313457578420639 8190
1782815437618 0.2832745611667633 8191
1782815437620 0.07167351245880127 8192
1782815437621 0.009250272065401077 8193
1782815437622 0.13824601471424103 8194
1782815437624 0.07195352017879486 8195
1782815437625 0.0616019070148468 8196
1782815437627 0.07241856306791306 8197
1782815437628 0.05565529316663742 8198
1782815437629 0.0641111359000206 8199
1782815437631 0.291915625333786 8200
1782815437632 0.11163019388914108 8201
1782815437634 0.0011838594218716025 8202
1782815437635 0.0059006246738135815 8203
1782815437637 0.010277176275849342 8204
1782815437638 0.0029889342840760946 8205
1782815437639 0.09509886056184769 8206
1782815437641 0.011713368818163872 8207
1782815437642 0.45716655254364014 8208
1782815437644 0.06452438235282898 8209
1782815437645 0.043183907866477966 8210
1782815437647 0.025956640020012856 8211
1782815437648 0.14280427992343903 8212
1782815437649 0.3038541078567505 8213
1782815437651 0.024721072986721992 8214
1782815437652 0.09842953085899353 8215
1782815437653 0.004359003622084856 8216
1782815437655 0.12312636524438858 8217
1782815437656 0.04038036987185478 8218
1782815437657 0.012776847928762436 8219
1782815437659 0.0010582072427496314 8220
1782815437660 0.1088605672121048 8221
1782815437661 0.08347035944461823 8222
1782815437663 0.0016446153167635202 8223
1782815437664 0.009340069256722927 8224
1782815437666 0.19204409420490265 8225
1782815437667 0.014080144464969635 8226
1782815437668 0.07992950081825256 8227
1782815437670 0.07063659280538559 8228
1782815437671 0.09630673378705978 8229
1782815437673 0.06927184015512466 8230
1782815437674 0.012205410748720169 8231
1782815437675 0.062364786863327026 8232
1782815437677 0.09028893709182739 8233
1782815437678 0.08815544843673706 8234
1782815437680 0.04528293386101723 8235
1782815437681 0.0569613017141819 8236
1782815437682 0.0004070370632689446 8237
1782815437684 0.06000610440969467 8238
1782815437685 0.20295755565166473 8239
1782815437687 0.002868727082386613 8240
1782815437688 0.11454079300165176 8241
1782815437690 0.011891752481460571 8242
1782815437691 0.010237030684947968 8243
1782815437692 0.10303007811307907 8244
1782815437694 0.02907351404428482 8245
1782815437695 0.11209803074598312 8246
1782815437696 0.004231516271829605 8247
1782815437698 0.11451952904462814 8248
1782815437699 0.18394649028778076 8249
1782815437701 0.06499607861042023 8250
1782815437702 0.11265486478805542 8251
1782815437703 0.010001227259635925 8252
1782815437705 0.012264437973499298 8253
1782815437706 0.03280898928642273 8254
1782815437708 0.006161326542496681 8255
1782815437709 0.33241862058639526 8256
1782815437710 0.04299980401992798 8257
1782815437712 0.01201816089451313 8258
1782815437713 0.09850925952196121 8259
1782815437714 0.012252558022737503 8260
1782815437716 0.07591541111469269 8261
1782815437717 0.040415070950984955 8262
1782815437719 0.03315836563706398 8263
1782815437720 0.00960653368383646 8264
1782815437721 0.21072566509246826 8265
1782815437723 0.06549853086471558 8266
1782815437724 0.130894273519516 8267
1782815437726 0.018743649125099182 8268
1782815437727 0.25388050079345703 8269
1782815437728 0.07440013438463211 8270
1782815437730 0.178079754114151 8271
1782815437731 0.09890390187501907 8272
1782815437733 0.02432015910744667 8273
1782815437734 0.08154153823852539 8274
1782815437736 0.07103165984153748 8275
1782815437737 0.0385780930519104 8276
1782815437738 0.03636317700147629 8277
1782815437740 0.008936240337789059 8278
1782815437741 0.08736832439899445 8279
1782815437743 0.11193040758371353 8280
1782815437744 0.10623255372047424 8281
1782815437745 0.021017741411924362 8282
1782815437747 0.13097189366817474 8283
1782815437748 0.020088477060198784 8284
1782815437750 0.08207446336746216 8285
1782815437751 0.043749477714300156 8286
1782815437753 0.04591001197695732 8287
1782815437754 0.1427532285451889 8288
1782815437755 0.1707298904657364 8289
1782815437757 0.056017834693193436 8290
1782815437758 0.1516568660736084 8291
1782815437760 0.022620780393481255 8292
1782815437761 0.055296849459409714 8293
1782815437762 0.022040018811821938 8294
1782815437764 0.04339578002691269 8295
1782815437765 0.0322599858045578 8296
1782815437767 0.1222025454044342 8297
1782815437768 0.006587563548237085 8298
1782815437769 0.3346736431121826 8299
1782815437771 0.05089409276843071 8300
1782815437772 0.03447174280881882 8301
1782815437774 0.04621429741382599 8302
1782815437775 0.015730299055576324 8303
1782815437776 0.03718704730272293 8304
1782815437778 0.013946719467639923 8305
1782815437779 0.009663657285273075 8306
1782815437780 0.009411489591002464 8307
1782815437782 0.15904070436954498 8308
1782815437783 0.022030681371688843 8309
1782815437785 0.07524160295724869 8310
1782815437786 0.06779797375202179 8311
1782815437787 0.023467659950256348 8312
1782815437789 0.11035951226949692 8313
1782815437790 0.03754453361034393 8314
1782815437792 0.000415343587519601 8315
1782815437793 0.030480800196528435 8316
1782815437794 0.21046358346939087 8317
1782815437796 0.013125707395374775 8318
1782815437797 0.2787295877933502 8319
1782815437799 0.16875222325325012 8320
1782815437800 0.4129798710346222 8321
1782815437802 0.05113089457154274 8322
1782815437803 0.11307043582201004 8323
1782815437805 0.05582869052886963 8324
1782815437806 0.12969987094402313 8325
1782815437807 0.16547758877277374 8326
1782815437809 0.06697555631399155 8327
1782815437810 0.10473383218050003 8328
1782815437812 0.03354817256331444 8329
1782815437813 0.021592985838651657 8330
1782815437814 0.03669457137584686 8331
1782815437816 0.013321839272975922 8332
1782815437817 0.18696822226047516 8333
1782815437818 0.18114997446537018 8334
1782815437820 0.017514465376734734 8335
1782815437821 0.11735757440328598 8336
1782815437823 0.04764080047607422 8337
1782815437824 0.03377721831202507 8338
1782815437825 0.01406654343008995 8339
1782815437827 0.05060131102800369 8340
1782815437828 0.12030064314603806 8341
1782815437829 0.0184389129281044 8342
1782815437831 0.24935844540596008 8343
1782815437833 0.009581455960869789 8344
1782815437834 0.0015366708394140005 8345
1782815437835 0.14805039763450623 8346
1782815437837 0.157668799161911 8347
1782815437838 0.012386989779770374 8348
1782815437839 0.0025245610158890486 8349
1782815437841 0.024211900308728218 8350
1782815437842 0.02156718634068966 8351
1782815437843 0.004322977736592293 8352
1782815437845 0.008887430652976036 8353
1782815437846 0.01968083158135414 8354
1782815437848 0.007679490372538567 8355
1782815437849 0.17309948801994324 8356
1782815437850 0.03999364748597145 8357
1782815437852 0.012234216555953026 8358
1782815437853 0.012827041558921337 8359
1782815437854 0.017191432416439056 8360
1782815437856 0.01004312839359045 8361
1782815437857 0.1580410599708557 8362
1782815437858 0.008989183232188225 8363
1782815437860 0.0006250476581044495 8364
1782815437861 0.10262187570333481 8365
1782815437863 0.017419666051864624 8366
1782815437864 0.013924387283623219 8367
1782815437866 0.0008773229783400893 8368
1782815437867 0.018550699576735497 8369
1782815437868 0.035257961601018906 8370
1782815437870 0.0007258316618390381 8371
1782815437871 0.0042199911549687386 8372
1782815437873 0.046987224370241165 8373
1782815437874 0.0008748634136281908 8374
1782815437875 0.017028620466589928 8375
1782815437877 0.0004102155799046159 8376
1782815437878 0.0037708510644733906 8377
1782815437880 0.017872201278805733 8378
1782815437881 0.11807884275913239 8379
1782815437882 0.03239089995622635 8380
1782815437884 0.12551738321781158 8381
1782815437885 0.006834216415882111 8382
1782815437887 0.08804116398096085 8383
1782815437888 0.0012612169375643134 8384
1782815437889 0.4421538710594177 8385
1782815437891 0.02264375425875187 8386
1782815437892 0.03400115668773651 8387
1782815437894 0.08359996974468231 8388
1782815437895 0.08823796361684799 8389
1782815437896 0.012216314673423767 8390
1782815437898 0.015021836385130882 8391
1782815437899 0.007356614805757999 8392
1782815437901 0.03313612937927246 8393
1782815437902 0.1128835678100586 8394
1782815437903 0.016880130395293236 8395
1782815437905 0.025050174444913864 8396
1782815437906 0.3710910379886627 8397
1782815437908 0.019274039193987846 8398
1782815437909 0.12270140647888184 8399
1782815437910 0.1864616572856903 8400
1782815437912 0.0017674136906862259 8401
1782815437913 0.2001257836818695 8402
1782815437914 0.02989014983177185 8403
1782815437916 0.35370132327079773 8404
1782815437917 0.13323557376861572 8405
1782815437919 0.009154225699603558 8406
1782815437920 0.017035430297255516 8407
1782815437922 0.041403625160455704 8408
1782815437923 0.012097571976482868 8409
1782815437924 0.24473027884960175 8410
1782815437926 0.41497015953063965 8411
1782815437927 0.04437095671892166 8412
1782815437928 0.24337540566921234 8413
1782815437930 0.3016692101955414 8414
1782815437931 0.004746292717754841 8415
1782815437933 0.041737642139196396 8416
1782815437934 0.17696315050125122 8417
1782815437936 0.14395348727703094 8418
1782815437937 0.01757107675075531 8419
1782815437938 0.012386859394609928 8420
1782815437940 0.10199883580207825 8421
1782815437941 0.1333923637866974 8422
1782815437942 0.12534669041633606 8423
1782815437944 0.10569329559803009 8424
1782815437945 0.025796905159950256 8425
1782815437947 0.0239266287535429 8426
1782815437948 0.08846237510442734 8427
1782815437950 0.0017639187863096595 8428
1782815437951 0.050309520214796066 8429
1782815437953 0.039292629808187485 8430
1782815437954 0.03624727576971054 8431
1782815437955 0.024137374013662338 8432
1782815437957 0.05804417282342911 8433
1782815437958 0.10359974205493927 8434
1782815437960 0.08804256469011307 8435
1782815437961 0.22546730935573578 8436
1782815437962 0.14125066995620728 8437
1782815437964 0.005900213494896889 8438
1782815437965 0.007192680146545172 8439
1782815437967 0.007209637202322483 8440
1782815437968 0.089530348777771 8441
1782815437970 0.06770596653223038 8442
1782815437971 0.016040068119764328 8443
1782815437973 0.009345357306301594 8444
1782815437974 0.0015522883040830493 8445
1782815437976 0.009003532119095325 8446
1782815437977 0.06061910465359688 8447
1782815437978 0.008085601963102818 8448
1782815437980 0.006545233074575663 8449
1782815437981 0.005858550779521465 8450
1782815437983 0.003330402309074998 8451
1782815437984 0.0523831844329834 8452
1782815437985 0.05488986149430275 8453
1782815437987 0.08138079196214676 8454
1782815437988 0.12377548217773438 8455
1782815437990 0.0015557927545160055 8456
1782815437991 0.09363077580928802 8457
1782815437993 0.03375990688800812 8458
1782815437994 0.045768290758132935 8459
1782815437996 0.17661339044570923 8460
1782815437997 0.12763017416000366 8461
1782815437999 0.0028587968554347754 8462
1782815438000 0.008375957608222961 8463
1782815438002 0.09037158638238907 8464
1782815438003 0.006096769589930773 8465
1782815438004 0.0020841737277805805 8466
1782815438006 0.2752944231033325 8467
1782815438007 0.07511193305253983 8468
1782815438009 0.017543228343129158 8469
1782815438010 0.07980959117412567 8470
1782815438012 0.13526523113250732 8471
1782815438013 0.040963493287563324 8472
1782815438014 0.1437760293483734 8473
1782815438016 0.006394394673407078 8474
1782815438017 0.12157627195119858 8475
1782815438019 0.039826542139053345 8476
1782815438020 0.130513995885849 8477
1782815438021 0.021474620327353477 8478
1782815438023 0.009073539637029171 8479
1782815438024 0.12191063910722733 8480
1782815438026 0.11521909385919571 8481
1782815438027 0.06319466233253479 8482
1782815438028 0.09696771949529648 8483
1782815438030 0.06936755776405334 8484
1782815438031 0.0191419068723917 8485
1782815438033 0.012540262192487717 8486
1782815438034 0.0025983876548707485 8487
1782815438036 0.006642465014010668 8488
1782815438037 0.057836633175611496 8489
1782815438039 0.037274666130542755 8490
1782815438040 0.07855819910764694 8491
1782815438042 0.015972081571817398 8492
1782815438044 0.03227557986974716 8493
1782815438046 0.02842673659324646 8494
1782815438047 0.14363104104995728 8495
1782815438049 0.01667749509215355 8496
1782815438051 0.10161112248897552 8497
1782815438053 0.004351588431745768 8498
1782815438055 0.07488714903593063 8499
1782815438056 0.020578233525156975 8500
1782815438058 0.03534863516688347 8501
1782815438059 0.044651612639427185 8502
1782815438061 0.2773716449737549 8503
1782815438062 0.001452003140002489 8504
1782815438063 0.0011204364709556103 8505
1782815438065 0.11468431353569031 8506
1782815438066 0.11263249069452286 8507
1782815438068 0.00296126795001328 8508
1782815438069 0.02872432768344879 8509
1782815438071 0.1961364597082138 8510
1782815438072 0.14320777356624603 8511
1782815438074 0.024838462471961975 8512
1782815438075 0.010697382502257824 8513
1782815438077 0.06998355686664581 8514
1782815438078 0.22377677261829376 8515
1782815438080 0.02474786899983883 8516
1782815438081 0.01252644695341587 8517
1782815438082 0.02926344983279705 8518
1782815438084 0.2698493003845215 8519
1782815438085 0.04736526682972908 8520
1782815438087 0.06798478960990906 8521
1782815438088 0.030225057154893875 8522
1782815438090 0.09226582199335098 8523
1782815438091 0.1312899887561798 8524
1782815438093 0.10104787349700928 8525
1782815438094 0.004789166152477264 8526
1782815438096 0.044866833835840225 8527
1782815438097 0.12137620896100998 8528
1782815438098 0.025577520951628685 8529
1782815438100 0.18033449351787567 8530
1782815438101 0.0041543468832969666 8531
1782815438103 0.0075347162783145905 8532
1782815438104 0.2844763994216919 8533
1782815438106 0.37009334564208984 8534
1782815438107 0.013253477402031422 8535
1782815438109 0.024880608543753624 8536
1782815438110 0.0005342551739886403 8537
1782815438111 0.17063789069652557 8538
1782815438113 0.01071414165198803 8539
1782815438114 0.10518025606870651 8540
1782815438116 0.14763036370277405 8541
1782815438117 0.10873603075742722 8542
1782815438118 0.15250881016254425 8543
1782815438120 0.050372786819934845 8544
1782815438121 0.5485196113586426 8545
1782815438123 0.011966575868427753 8546
1782815438124 0.06000468134880066 8547
1782815438126 0.00844731368124485 8548
1782815438127 0.017223844304680824 8549
1782815438128 0.0032902583479881287 8550
1782815438130 0.1967397779226303 8551
1782815438131 0.0009885026374831796 8552
1782815438133 0.16203781962394714 8553
1782815438134 0.0873594880104065 8554
1782815438136 0.03772411495447159 8555
1782815438137 0.004799720365554094 8556
1782815438138 0.15467265248298645 8557
1782815438140 0.41601768136024475 8558
1782815438141 0.001868396531790495 8559
1782815438142 0.048618778586387634 8560
1782815438144 0.038547586649656296 8561
1782815438145 0.11686542630195618 8562
1782815438147 0.2152053415775299 8563
1782815438148 0.13737325370311737 8564
1782815438149 0.06037640571594238 8565
1782815438151 0.3604593276977539 8566
1782815438152 0.10338528454303741 8567
1782815438153 0.029119374230504036 8568
1782815438155 0.10031392425298691 8569
1782815438156 0.1677035242319107 8570
1782815438158 0.1334453821182251 8571
1782815438160 0.08496545255184174 8572
1782815438161 0.003973572049289942 8573
1782815438162 0.009006289765238762 8574
1782815438163 0.2719102203845978 8575
1782815438165 0.06354927271604538 8576
1782815438166 0.017126262187957764 8577
1782815438168 0.020444972440600395 8578
1782815438169 0.11052271723747253 8579
1782815438170 0.023678282275795937 8580
1782815438172 0.1294526755809784 8581
1782815438173 0.029146868735551834 8582
1782815438175 0.04949060082435608 8583
1782815438176 0.0921785905957222 8584
1782815438177 0.08820122480392456 8585
1782815438179 0.1652064174413681 8586
1782815438180 0.0032518040388822556 8587
1782815438181 0.032794248312711716 8588
1782815438183 0.1579773724079132 8589
1782815438184 0.012161795049905777 8590
1782815438185 0.11149860173463821 8591
1782815438187 0.19193610548973083 8592
1782815438188 0.005375766661018133 8593
1782815438190 0.03259723633527756 8594
1782815438191 0.016111550852656364 8595
1782815438192 0.032976116985082626 8596
1782815438194 0.035116951912641525 8597
1782815438195 0.14496733248233795 8598
1782815438196 0.09771114587783813 8599
1782815438198 0.07428207993507385 8600
1782815438199 0.25840479135513306 8601
1782815438201 0.20575205981731415 8602
1782815438202 0.17242886126041412 8603
1782815438204 0.04451528564095497 8604
1782815438205 0.21950885653495789 8605
1782815438206 0.0015609301626682281 8606
1782815438208 0.0857318565249443 8607
1782815438209 0.10477805137634277 8608
1782815438211 0.020972805097699165 8609
1782815438212 0.04003153741359711 8610
1782815438213 0.07333590090274811 8611
1782815438215 0.2944169044494629 8612
1782815438216 0.09883707016706467 8613
1782815438218 0.04016166552901268 8614
1782815438219 0.15795402228832245 8615
1782815438220 0.01583031378686428 8616
1782815438222 0.1812896579504013 8617
1782815438223 0.02641923725605011 8618
1782815438225 0.004437990952283144 8619
1782815438226 0.012977161444723606 8620
1782815438227 0.015563095919787884 8621
1782815438229 0.08892698585987091 8622
1782815438230 0.22529388964176178 8623
1782815438232 0.0021928781643509865 8624
1782815438233 0.009255246259272099 8625
1782815438235 0.0010133853647857904 8626
1782815438236 0.0015216403407976031 8627
1782815438238 0.029666932299733162 8628
1782815438239 0.0585692897439003 8629
1782815438241 0.03387337923049927 8630
1782815438242 0.012632439844310284 8631
1782815438244 0.10271991789340973 8632
1782815438246 0.00593066681176424 8633
1782815438247 0.0032150321640074253 8634
1782815438249 0.08998426049947739 8635
1782815438251 0.0073092724196612835 8636
1782815438252 0.011104151606559753 8637
1782815438254 0.14345361292362213 8638
1782815438255 0.2552372217178345 8639
1782815438257 0.2267015129327774 8640
1782815438259 0.13050100207328796 8641
1782815438260 0.010172197595238686 8642
1782815438262 0.002062996383756399 8643
1782815438263 0.08653990179300308 8644
1782815438265 0.14413323998451233 8645
1782815438267 0.027151521295309067 8646
1782815438268 0.3079489469528198 8647
1782815438270 0.0012401569401845336 8648
1782815438271 0.027049971744418144 8649
1782815438273 0.00465368339791894 8650
1782815438275 0.06939581036567688 8651
1782815438276 0.01817316748201847 8652
1782815438278 0.21052613854408264 8653
1782815438280 0.0050949761644005775 8654
1782815438281 0.274775892496109 8655
1782815438283 0.23446114361286163 8656
1782815438285 0.0903465673327446 8657
1782815438286 0.13859684765338898 8658
1782815438287 0.07839231938123703 8659
1782815438289 0.04148181155323982 8660
1782815438290 0.14409902691841125 8661
1782815438291 0.05608420446515083 8662
1782815438293 0.0069251516833901405 8663
1782815438294 0.04363022744655609 8664
1782815438295 0.10405794531106949 8665
1782815438297 0.18376150727272034 8666
1782815438298 0.1110420972108841 8667
1782815438299 0.04388996958732605 8668
1782815438301 0.07802850008010864 8669
1782815438302 0.04381531476974487 8670
1782815438304 0.048029158264398575 8671
1782815438305 0.05039406940340996 8672
1782815438306 0.004736278206110001 8673
1782815438308 0.2934837341308594 8674
1782815438309 0.02011585421860218 8675
1782815438311 0.03242648020386696 8676
1782815438312 0.035385843366384506 8677
1782815438313 0.10261757671833038 8678
1782815438315 0.07318838685750961 8679
1782815438316 0.024757789447903633 8680
1782815438318 0.0009093824774026871 8681
1782815438319 0.03642991930246353 8682
1782815438321 0.05892915651202202 8683
1782815438322 0.027218420058488846 8684
1782815438323 0.007910902611911297 8685
1782815438325 0.0024245018139481544 8686
1782815438326 0.06880679726600647 8687
1782815438328 0.003857831936329603 8688
1782815438329 0.04979153722524643 8689
1782815438330 0.0038747796788811684 8690
1782815438332 0.020805485546588898 8691
1782815438333 0.030205029994249344 8692
1782815438335 0.02482493221759796 8693
1782815438336 0.05112937092781067 8694
1782815438338 0.2024528831243515 8695
1782815438339 0.10810170322656631 8696
1782815438340 0.0036929775960743427 8697
1782815438342 0.018391462042927742 8698
1782815438343 0.016996296122670174 8699
1782815438345 0.21965309977531433 8700
1782815438346 0.004099925514310598 8701
1782815438347 0.017946232110261917 8702
1782815438349 0.05399511009454727 8703
1782815438350 0.18458956480026245 8704
1782815438351 0.12412986904382706 8705
1782815438353 0.005660547874867916 8706
1782815438354 0.0008002523682080209 8707
1782815438356 0.09704867005348206 8708
1782815438357 0.011071792803704739 8709
1782815438359 0.4186805784702301 8710
1782815438360 0.23971568048000336 8711
1782815438362 0.0062256776727736 8712
1782815438363 0.15095490217208862 8713
1782815438364 0.2836115062236786 8714
1782815438366 0.042213648557662964 8715
1782815438368 0.32486608624458313 8716
1782815438369 0.017012400552630424 8717
1782815438370 0.008587058633565903 8718
1782815438372 0.16504573822021484 8719
1782815438373 0.16502362489700317 8720
1782815438375 0.10147320479154587 8721
1782815438376 0.05298176780343056 8722
1782815438377 0.01818547397851944 8723
1782815438379 0.1593635082244873 8724
1782815438380 0.0430041067302227 8725
1782815438382 0.10244055837392807 8726
1782815438383 0.0073027960024774075 8727
1782815438384 0.005969112738966942 8728
1782815438386 0.08624164015054703 8729
1782815438387 0.013908233493566513 8730
1782815438388 0.08091451227664948 8731
1782815438390 0.05064192786812782 8732
1782815438391 0.023121129721403122 8733
1782815438393 0.2938266098499298 8734
1782815438394 0.054227519780397415 8735
1782815438395 0.1752578467130661 8736
1782815438397 0.1256593018770218 8737
1782815438398 0.09916003793478012 8738
1782815438400 0.017063744366168976 8739
1782815438401 0.15086005628108978 8740
1782815438402 0.007516805548220873 8741
1782815438404 0.01570921577513218 8742
1782815438405 0.1943204253911972 8743
1782815438407 0.010809700936079025 8744
1782815438408 0.0248377975076437 8745
1782815438409 0.028220346197485924 8746
1782815438411 0.034995269030332565 8747
1782815438412 0.10145550966262817 8748
1782815438414 0.15460419654846191 8749
1782815438415 0.9303444623947144 8750
1782815438417 0.039268478751182556 8751
1782815438418 0.008490259759128094 8752
1782815438419 0.023986374959349632 8753
1782815438421 0.006395984906703234 8754
1782815438422 0.1324947625398636 8755
1782815438423 0.061886586248874664 8756
1782815438425 0.0008966898312792182 8757
1782815438426 0.00033449605689384043 8758
1782815438428 0.04478561133146286 8759
1782815438429 0.18548226356506348 8760
1782815438430 0.024770552292466164 8761
1782815438432 0.0271191094070673 8762
1782815438433 0.007555140648037195 8763
1782815438435 0.02145048975944519 8764
1782815438436 0.11449385434389114 8765
1782815438438 0.04678695276379585 8766
1782815438439 0.1783662587404251 8767
1782815438441 0.12102823704481125 8768
1782815438442 0.08076069504022598 8769
1782815438443 0.00562951760366559 8770
1782815438445 0.12702175974845886 8771
1782815438446 0.12134386599063873 8772
1782815438448 0.029399361461400986 8773
1782815438449 0.028378332033753395 8774
1782815438450 0.004692976363003254 8775
1782815438452 0.033914122730493546 8776
1782815438453 0.003223076928406954 8777
1782815438455 0.01789507083594799 8778
1782815438456 0.1631433665752411 8779
1782815438457 0.13884755969047546 8780
1782815438459 0.0386727899312973 8781
1782815438460 0.0030907453037798405 8782
1782815438462 0.25560858845710754 8783
1782815438463 0.06810475885868073 8784
1782815438464 0.02422270178794861 8785
1782815438466 0.004203809425234795 8786
1782815438467 0.14340317249298096 8787
1782815438469 0.014473959803581238 8788
1782815438470 0.04533343389630318 8789
1782815438471 0.03631439432501793 8790
1782815438473 0.00885365717113018 8791
1782815438474 0.1469128429889679 8792
1782815438476 0.07947251200675964 8793
1782815438477 0.16607794165611267 8794
1782815438479 0.0013446139637380838 8795
1782815438480 0.05403165891766548 8796
1782815438481 0.00927822757512331 8797
1782815438483 0.5954339504241943 8798
1782815438484 0.04862053692340851 8799
1782815438486 0.06791792064905167 8800
1782815438487 0.07601109892129898 8801
1782815438488 0.1216440498828888 8802
1782815438490 0.05800500139594078 8803
1782815438491 0.01596790738403797 8804
1782815438493 0.07250151038169861 8805
1782815438494 0.010681018233299255 8806
1782815438496 0.03393680602312088 8807
1782815438497 0.08535642176866531 8808
1782815438498 0.047416653484106064 8809
1782815438500 0.008861950598657131 8810
1782815438501 0.020088348537683487 8811
1782815438502 0.008861740119755268 8812
1782815438504 0.0021913230884820223 8813
1782815438505 0.14485961198806763 8814
1782815438507 0.34132808446884155 8815
1782815438508 0.10174921900033951 8816
1782815438509 0.008120865561068058 8817
1782815438511 0.010923012159764767 8818
1782815438512 0.021571898832917213 8819
1782815438514 0.12554387748241425 8820
1782815438515 0.18780401349067688 8821
1782815438517 0.027638496831059456 8822
1782815438518 0.09166797995567322 8823
1782815438519 0.06385594606399536 8824
1782815438521 0.14591072499752045 8825
1782815438522 0.013096002861857414 8826
1782815438524 0.06164802238345146 8827
1782815438525 0.01123816054314375 8828
1782815438527 0.007963043637573719 8829
1782815438528 0.08170731365680695 8830
1782815438529 0.110835961997509 8831
1782815438531 0.1520218700170517 8832
1782815438532 0.04841052368283272 8833
1782815438534 0.08752372115850449 8834
1782815438535 0.013735780492424965 8835
1782815438537 0.016867436468601227 8836
1782815438538 0.012005946598947048 8837
1782815438539 0.08203382790088654 8838
1782815438541 0.004456415772438049 8839
1782815438542 0.01003975048661232 8840
1782815438544 0.07195669412612915 8841
1782815438545 0.37146714329719543 8842
1782815438546 0.32774001359939575 8843
1782815438548 0.07089804112911224 8844
1782815438549 0.015985285863280296 8845
1782815438551 0.08416850864887238 8846
1782815438552 0.057338397949934006 8847
1782815438553 0.005681306589394808 8848
1782815438555 0.08587297052145004 8849
1782815438556 0.01475293654948473 8850
1782815438558 0.04508066549897194 8851
1782815438559 0.10280114412307739 8852
1782815438560 0.014588052406907082 8853
1782815438562 0.054461754858493805 8854
1782815438563 0.29908692836761475 8855
1782815438565 0.21566461026668549 8856
1782815438566 0.12413951009511948 8857
1782815438567 0.00343361496925354 8858
1782815438569 0.33903875946998596 8859
1782815438570 0.048623599112033844 8860
1782815438572 0.020019905641674995 8861
1782815438573 0.0417744442820549 8862
1782815438574 0.18534602224826813 8863
1782815438576 0.098536916077137 8864
1782815438577 0.12390071153640747 8865
1782815438579 0.4098663330078125 8866
1782815438580 0.23683376610279083 8867
1782815438581 0.092434361577034 8868
1782815438583 0.01651076041162014 8869
1782815438584 0.0376991406083107 8870
1782815438585 0.023184776306152344 8871
1782815438587 0.2872534990310669 8872
1782815438588 0.03963746502995491 8873
1782815438589 0.18518325686454773 8874
1782815438591 0.035420011729002 8875
1782815438592 0.14490258693695068 8876
1782815438594 0.044274743646383286 8877
1782815438595 0.04938675835728645 8878
1782815438597 0.01769179478287697 8879
1782815438598 0.17080014944076538 8880
1782815438599 0.09170269966125488 8881
1782815438601 0.026859447360038757 8882
1782815438602 0.05668037757277489 8883
1782815438604 0.08393380790948868 8884
1782815438605 0.053066372871398926 8885
1782815438606 0.1111450269818306 8886
1782815438608 0.005219286773353815 8887
1782815438609 0.14142602682113647 8888
1782815438611 0.007761342916637659 8889
1782815438612 0.08937133848667145 8890
1782815438613 0.4425060749053955 8891
1782815438615 0.2033696472644806 8892
1782815438616 0.02505791187286377 8893
1782815438617 0.004552455153316259 8894
1782815438619 0.028703084215521812 8895
1782815438620 0.0466030053794384 8896
1782815438622 0.021883459761738777 8897
1782815438623 0.11930005252361298 8898
1782815438624 0.03115921840071678 8899
1782815438626 0.053457874804735184 8900
1782815438627 0.06320696324110031 8901
1782815438628 0.12998807430267334 8902
1782815438630 0.08003683388233185 8903
1782815438631 0.28207841515541077 8904
1782815438633 0.018772078678011894 8905
1782815438634 0.1793978363275528 8906
1782815438636 0.28048408031463623 8907
1782815438637 0.0022704703733325005 8908
1782815438638 0.017878402024507523 8909
1782815438640 0.022352799773216248 8910
1782815438641 0.13008573651313782 8911
1782815438643 0.0436214953660965 8912
1782815438644 0.03789696842432022 8913
1782815438645 0.20881637930870056 8914
1782815438647 0.06272006779909134 8915
1782815438648 0.004674000199884176 8916
1782815438650 0.017212655395269394 8917
1782815438651 0.011029195971786976 8918
1782815438652 0.007989674806594849 8919
1782815438654 0.04523586481809616 8920
1782815438655 0.08422975987195969 8921
1782815438657 0.03329732269048691 8922
1782815438658 0.24018800258636475 8923
1782815438659 0.07533792406320572 8924
1782815438661 0.04136652871966362 8925
1782815438662 0.06318975985050201 8926
1782815438663 0.008619093336164951 8927
1782815438665 0.12474434822797775 8928
1782815438666 0.013189383782446384 8929
1782815438668 0.026344208046793938 8930
1782815438669 0.041679929941892624 8931
1782815438670 0.0071870372630655766 8932
1782815438672 0.2818962633609772 8933
1782815438673 0.0009833885123953223 8934
1782815438675 0.03524104878306389 8935
1782815438676 0.02897495962679386 8936
1782815438678 0.012474491260945797 8937
1782815438679 0.030198756605386734 8938
1782815438680 0.045756276696920395 8939
1782815438682 0.024242566898465157 8940
1782815438683 0.17966626584529877 8941
1782815438685 0.02491685189306736 8942
1782815438686 0.11018291860818863 8943
1782815438688 0.035019125789403915 8944
1782815438689 0.16409949958324432 8945
1782815438691 0.014543126337230206 8946
1782815438692 0.16045045852661133 8947
1782815438693 0.022246263921260834 8948
1782815438695 0.008331486955285072 8949
1782815438696 0.0023370261769741774 8950
1782815438697 0.0019437391310930252 8951
1782815438699 0.17012536525726318 8952
1782815438700 0.3182166814804077 8953
1782815438703 0.07551311701536179 8954
1782815438704 0.03574967011809349 8955
1782815438706 0.002398393116891384 8956
1782815438707 0.08487263321876526 8957
1782815438708 0.03181164339184761 8958
1782815438710 0.1760374903678894 8959
1782815438711 0.11929862201213837 8960
1782815438713 0.0474008210003376 8961
1782815438714 0.21876581013202667 8962
1782815438716 0.04293045029044151 8963
1782815438717 0.3572757840156555 8964
1782815438718 0.0027194491121917963 8965
1782815438720 0.20777742564678192 8966
1782815438721 0.04286631941795349 8967
1782815438722 0.02101828157901764 8968
1782815438724 0.002065627835690975 8969
1782815438725 0.035815611481666565 8970
1782815438727 0.057417597621679306 8971
1782815438728 0.004272479098290205 8972
1782815438730 0.15652482211589813 8973
1782815438731 0.15102313458919525 8974
1782815438733 0.017567288130521774 8975
1782815438734 0.024420665577054024 8976
1782815438736 0.014272250235080719 8977
1782815438738 0.10473176836967468 8978
1782815438739 0.1522757112979889 8979
1782815438741 0.1727580726146698 8980
1782815438742 0.021430080756545067 8981
1782815438744 0.13962577283382416 8982
1782815438745 0.18390613794326782 8983
1782815438747 0.0166324470192194 8984
1782815438749 0.10563002526760101 8985
1782815438750 0.1360781043767929 8986
1782815438752 0.2197556495666504 8987
1782815438753 0.020428167656064034 8988
1782815438755 0.026349235326051712 8989
1782815438756 0.006625365000218153 8990
1782815438758 0.3342491090297699 8991
1782815438760 0.004456581547856331 8992
1782815438761 0.003959458786994219 8993
1782815438763 0.029247429221868515 8994
1782815438764 0.056817278265953064 8995
1782815438766 0.1378212869167328 8996
1782815438768 0.0034622387029230595 8997
1782815438769 0.006567435804754496 8998
1782815438771 0.01338234543800354 8999
1782815438773 0.0572674497961998 9000
1782815438774 0.07220975309610367 9001
1782815438776 0.007896069437265396 9002
1782815438777 0.0036235563457012177 9003
1782815438780 0.10419197380542755 9004
1782815438781 0.0016319326823577285 9005
1782815438782 0.028656693175435066 9006
1782815438784 0.002512183506041765 9007
1782815438785 0.023701684549450874 9008
1782815438786 0.13300469517707825 9009
1782815438788 0.004208013880997896 9010
1782815438789 0.10287684947252274 9011
1782815438790 0.0025332856457680464 9012
1782815438792 0.009958697482943535 9013
1782815438793 0.02244679443538189 9014
1782815438795 0.028762493282556534 9015
1782815438796 0.16803398728370667 9016
1782815438798 0.09268501400947571 9017
1782815438799 0.03233564645051956 9018
1782815438800 0.1477859616279602 9019
1782815438802 0.025386281311511993 9020
1782815438803 0.06318628042936325 9021
1782815438805 0.00797970499843359 9022
1782815438806 0.014392035081982613 9023
1782815438807 0.3643474876880646 9024
1782815438809 0.333684504032135 9025
1782815438810 0.030753135681152344 9026
1782815438812 0.029559247195720673 9027
1782815438813 0.1542423516511917 9028
1782815438814 0.010180892422795296 9029
1782815438816 0.08519843220710754 9030
1782815438817 0.09236500412225723 9031
1782815438818 0.10483823716640472 9032
1782815438820 0.027270251885056496 9033
1782815438821 0.03608580678701401 9034
1782815438823 0.04077070206403732 9035
1782815438824 0.06474243849515915 9036
1782815438825 0.401705265045166 9037
1782815438827 0.01765631139278412 9038
1782815438828 0.038761697709560394 9039
1782815438830 0.0019122285302728415 9040
1782815438831 0.05064767971634865 9041
1782815438832 0.08132082968950272 9042
1782815438834 0.040878020226955414 9043
1782815438835 0.0017188036581501365 9044
1782815438837 0.02998078428208828 9045
1782815438838 0.1709180474281311 9046
1782815438840 0.05183955281972885 9047
1782815438841 0.011788255535066128 9048
1782815438842 0.020437749102711678 9049
1782815438844 0.029970576986670494 9050
1782815438845 0.004128283821046352 9051
1782815438846 0.17193423211574554 9052
1782815438848 0.1199939101934433 9053
1782815438850 0.23240326344966888 9054
1782815438851 0.00780929159373045 9055
1782815438853 0.0005695121944881976 9056
1782815438854 0.07822009176015854 9057
1782815438855 0.004114145413041115 9058
1782815438857 0.012037631124258041 9059
1782815438858 0.0021165269427001476 9060
1782815438860 0.03742584213614464 9061
1782815438861 0.16015858948230743 9062
1782815438863 0.0006773262284696102 9063
1782815438864 0.025066368281841278 9064
1782815438866 0.11586546152830124 9065
1782815438867 0.19928929209709167 9066
1782815438869 0.03640337288379669 9067
1782815438870 0.09263769537210464 9068
1782815438872 0.0013460778864100575 9069
1782815438873 0.04342977702617645 9070
1782815438875 0.08342956751585007 9071
1782815438876 0.02294018678367138 9072
1782815438877 0.02221645601093769 9073
1782815438879 0.001976632047444582 9074
1782815438880 0.15114915370941162 9075
1782815438882 0.09132740646600723 9076
1782815438883 0.009412543848156929 9077
1782815438884 0.012419049628078938 9078
1782815438886 0.12132248282432556 9079
1782815438887 0.17315708100795746 9080
1782815438889 0.022000720724463463 9081
1782815438890 0.13040612637996674 9082
1782815438891 0.03877197578549385 9083
1782815438893 0.032248083502054214 9084
1782815438894 0.10318873077630997 9085
1782815438896 0.01806592009961605 9086
1782815438897 0.0034306319430470467 9087
1782815438898 0.16509592533111572 9088
1782815438900 0.19787903130054474 9089
1782815438901 0.06928638368844986 9090
1782815438903 0.09639570862054825 9091
1782815438904 0.012565894052386284 9092
1782815438905 0.053118377923965454 9093
1782815438907 0.11015292257070541 9094
1782815438908 0.13986444473266602 9095
1782815438909 0.032994404435157776 9096
1782815438911 0.0027087745256721973 9097
1782815438912 0.0025630323216319084 9098
1782815438914 0.05135339871048927 9099
1782815438915 0.06782928109169006 9100
1782815438916 0.07177545875310898 9101
1782815438918 0.0092527586966753 9102
1782815438919 0.002285861177369952 9103
1782815438921 0.10567861795425415 9104
1782815438922 0.04740668088197708 9105
1782815438923 0.24227780103683472 9106
1782815438925 0.030669989064335823 9107
1782815438926 0.03308345377445221 9108
1782815438928 0.04034494236111641 9109
1782815438929 0.1229700893163681 9110
1782815438930 0.3722211420536041 9111
1782815438932 0.07101298868656158 9112
1782815438933 0.07998161017894745 9113
1782815438935 0.058271873742341995 9114
1782815438936 0.06272519379854202 9115
1782815438937 0.0014629490906372666 9116
1782815438939 0.22067424654960632 9117
1782815438940 0.07981958240270615 9118
1782815438942 0.018696904182434082 9119
1782815438943 0.005492451135069132 9120
1782815438945 0.09617436677217484 9121
1782815438946 0.6235010027885437 9122
1782815438948 0.030809182673692703 9123
1782815438949 0.13840854167938232 9124
1782815438950 0.01827629841864109 9125
1782815438952 0.0053541893139481544 9126
1782815438953 0.2659967839717865 9127
1782815438955 0.14422257244586945 9128
1782815438956 0.04990367591381073 9129
1782815438957 0.026536615565419197 9130
1782815438959 0.2989356219768524 9131
1782815438960 0.26421433687210083 9132
1782815438962 0.006126813590526581 9133
1782815438963 0.1982933133840561 9134
1782815438965 0.02175694704055786 9135
1782815438966 0.29468998312950134 9136
1782815438967 0.2103056162595749 9137
1782815438969 0.21547070145606995 9138
1782815438970 0.23581990599632263 9139
1782815438972 0.2508755326271057 9140
1782815438973 0.11630654335021973 9141
1782815438975 0.05834841728210449 9142
1782815438976 0.1458452194929123 9143
1782815438977 0.14136360585689545 9144
1782815438979 0.13660389184951782 9145
1782815438980 0.016304852440953255 9146
1782815438982 0.036279115825891495 9147
1782815438983 0.04512905701994896 9148
1782815438984 0.10591786354780197 9149
1782815438986 0.10193571448326111 9150
1782815438987 0.37501761317253113 9151
1782815438989 0.32125306129455566 9152
1782815438990 0.004712275695055723 9153
1782815438991 0.012744790874421597 9154
1782815438993 0.49404245615005493 9155
1782815438994 0.025929860770702362 9156
1782815438996 0.24326463043689728 9157
1782815438997 0.01798808015882969 9158
1782815438999 0.021914618089795113 9159
1782815439000 0.034943219274282455 9160
1782815439001 0.05280661955475807 9161
1782815439003 0.008086750283837318 9162
1782815439004 0.2586396038532257 9163
1782815439006 0.01647065579891205 9164
1782815439007 0.4281984865665436 9165
1782815439008 0.10252033174037933 9166
1782815439010 0.1430385857820511 9167
1782815439011 0.022919870913028717 9168
1782815439013 0.006549760699272156 9169
1782815439014 0.020482314750552177 9170
1782815439015 0.06286846846342087 9171
1782815439017 0.0719231367111206 9172
1782815439018 0.3252962827682495 9173
1782815439020 0.11308322101831436 9174
1782815439021 0.008969396352767944 9175
1782815439022 0.2420821338891983 9176
1782815439024 0.06360464543104172 9177
1782815439025 0.09769707918167114 9178
1782815439027 0.04467109590768814 9179
1782815439028 0.050029583275318146 9180
1782815439030 0.06108647584915161 9181
1782815439031 0.0048123933374881744 9182
1782815439032 0.030211100354790688 9183
1782815439034 0.14793655276298523 9184
1782815439035 0.2644759714603424 9185
1782815439037 0.09892190247774124 9186
1782815439038 0.15040795505046844 9187
1782815439040 0.0500456728041172 9188
1782815439041 0.00565819488838315 9189
1782815439042 0.18934118747711182 9190
1782815439044 0.015977881848812103 9191
1782815439045 0.029286375269293785 9192
1782815439047 0.0479445680975914 9193
1782815439048 0.014041798189282417 9194
1782815439049 0.1244928166270256 9195
1782815439051 0.04163670912384987 9196
1782815439052 0.040205951780080795 9197
1782815439054 0.0853843167424202 9198
1782815439055 0.008871827274560928 9199
1782815439056 0.12468515336513519 9200
1782815439058 0.024889905005693436 9201
1782815439059 0.16122309863567352 9202
1782815439061 0.001299075549468398 9203
1782815439062 0.017349181696772575 9204
1782815439063 0.008119537495076656 9205
1782815439065 0.16092105209827423 9206
1782815439066 0.11198680102825165 9207
1782815439068 0.03598177805542946 9208
1782815439069 0.10787589102983475 9209
1782815439070 0.12405608594417572 9210
1782815439072 0.0048051560297608376 9211
1782815439073 0.04507874697446823 9212
1782815439075 0.003118902677670121 9213
1782815439076 0.07424814999103546 9214
1782815439078 0.12714917957782745 9215
1782815439079 0.0014922430273145437 9216
1782815439081 0.012045182287693024 9217
1782815439082 0.10550736635923386 9218
1782815439083 0.008301842957735062 9219
1782815439085 0.16508705914020538 9220
1782815439086 0.018174123018980026 9221
1782815439088 0.016037575900554657 9222
1782815439089 0.05707506090402603 9223
1782815439090 0.024811401963233948 9224
1782815439092 0.035475268959999084 9225
1782815439093 0.00791968870908022 9226
1782815439095 0.4058237373828888 9227
1782815439096 0.16550390422344208 9228
1782815439097 0.07079754024744034 9229
1782815439099 0.017804177477955818 9230
1782815439100 0.01815030910074711 9231
1782815439102 0.0870366021990776 9232
1782815439103 0.016282454133033752 9233
1782815439105 0.014626522548496723 9234
1782815439106 0.011971813626587391 9235
1782815439107 0.09282702207565308 9236
1782815439109 0.007008640095591545 9237
1782815439110 0.05458558350801468 9238
1782815439112 0.26562076807022095 9239
1782815439113 0.17855089902877808 9240
1782815439115 0.005801286082714796 9241
1782815439116 0.015226904302835464 9242
1782815439117 0.08879765123128891 9243
1782815439119 0.011378737166523933 9244
1782815439120 0.08117986470460892 9245
1782815439122 0.17741923034191132 9246
1782815439123 0.08571543544530869 9247
1782815439125 0.21965256333351135 9248
1782815439126 0.0710299015045166 9249
1782815439128 0.046927012503147125 9250
1782815439129 0.07081174105405807 9251
1782815439130 0.04131190478801727 9252
1782815439132 0.31073495745658875 9253
1782815439133 0.13525228202342987 9254
1782815439135 0.029050646349787712 9255
1782815439136 0.0075439875945448875 9256
1782815439138 0.35213345289230347 9257
1782815439139 0.039837729185819626 9258
1782815439140 0.07245698571205139 9259
1782815439142 0.11865194141864777 9260
1782815439143 0.005879740696400404 9261
1782815439145 0.06052275747060776 9262
1782815439146 0.2477021962404251 9263
1782815439148 0.04857514426112175 9264
1782815439149 0.07243400067090988 9265
1782815439151 0.0635189563035965 9266
1782815439152 0.13716617226600647 9267
1782815439153 0.00453387014567852 9268
1782815439155 0.013875550590455532 9269
1782815439156 0.09884096682071686 9270
1782815439158 0.061877235770225525 9271
1782815439159 0.09805738180875778 9272
1782815439161 0.12026730179786682 9273
1782815439162 0.08693855255842209 9274
1782815439163 0.05608633905649185 9275
1782815439165 0.03247131407260895 9276
1782815439166 0.08626700192689896 9277
1782815439168 0.12409141659736633 9278
1782815439169 0.05294516682624817 9279
1782815439170 0.04236556589603424 9280
1782815439172 0.01618344523012638 9281
1782815439173 0.011600122787058353 9282
1782815439175 0.18463082611560822 9283
1782815439176 0.09906651079654694 9284
1782815439178 0.23081497848033905 9285
1782815439179 0.008299686014652252 9286
1782815439180 0.046999599784612656 9287
1782815439182 0.1348821073770523 9288
1782815439183 0.0055928477086126804 9289
1782815439185 0.01668410561978817 9290
1782815439186 0.37827175855636597 9291
1782815439188 0.03126973658800125 9292
1782815439189 0.08682508021593094 9293
1782815439190 0.07518448680639267 9294
1782815439192 0.3131633996963501 9295
1782815439193 0.2091710865497589 9296
1782815439195 0.007604323327541351 9297
1782815439196 0.04320012405514717 9298
1782815439198 0.027556119486689568 9299
1782815439199 0.04298146814107895 9300
1782815439200 0.06904733180999756 9301
1782815439202 0.06475294381380081 9302
1782815439203 0.2630726099014282 9303
1782815439205 0.025585545226931572 9304
1782815439206 0.015516425482928753 9305
1782815439207 0.004313494544476271 9306
1782815439209 0.052508313208818436 9307
1782815439210 0.15392790734767914 9308
1782815439212 0.03264957666397095 9309
1782815439213 0.006294311489909887 9310
1782815439215 0.11430906504392624 9311
1782815439216 0.0008523273281753063 9312
1782815439217 0.1458253264427185 9313
1782815439219 0.09417813271284103 9314
1782815439220 0.272959440946579 9315
1782815439222 0.2095804363489151 9316
1782815439223 0.023366402834653854 9317
1782815439225 0.2433183640241623 9318
1782815439226 0.0017607075860723853 9319
1782815439227 0.0314781591296196 9320
1782815439229 0.023638781160116196 9321
1782815439230 0.1637134701013565 9322
1782815439232 0.24778462946414948 9323
1782815439233 0.03711662441492081 9324
1782815439235 0.3191066086292267 9325
1782815439237 0.03687979280948639 9326
1782815439238 0.06846664845943451 9327
1782815439240 0.013039832934737206 9328
1782815439241 0.11288710683584213 9329
1782815439243 0.4029877185821533 9330
1782815439244 0.05442202091217041 9331
1782815439245 0.052194658666849136 9332
1782815439247 0.18254534900188446 9333
1782815439248 0.025916840881109238 9334
1782815439250 0.03281636908650398 9335
1782815439251 0.0456809438765049 9336
1782815439253 0.19861391186714172 9337
1782815439254 0.00359174027107656 9338
1782815439256 0.023459581658244133 9339
1782815439257 0.263666570186615 9340
1782815439259 0.05740121006965637 9341
1782815439260 0.14527158439159393 9342
1782815439262 0.04642782360315323 9343
1782815439263 0.04669536277651787 9344
1782815439264 0.05248493701219559 9345
1782815439266 0.03665504977107048 9346
1782815439267 0.058086495846509933 9347
1782815439269 0.06838271766901016 9348
1782815439270 0.01978137530386448 9349
1782815439272 0.027371050789952278 9350
1782815439273 0.04647254943847656 9351
1782815439275 0.19472664594650269 9352
1782815439276 0.08303021639585495 9353
1782815439278 0.08352845907211304 9354
1782815439279 0.05371221899986267 9355
1782815439280 0.1345921903848648 9356
1782815439282 0.0016536068869754672 9357
1782815439283 0.041154246777296066 9358
1782815439285 0.11506961286067963 9359
1782815439286 0.030839556828141212 9360
1782815439287 0.011143609881401062 9361
1782815439289 0.02733323723077774 9362
1782815439290 0.009581241756677628 9363
1782815439292 0.02954220026731491 9364
1782815439293 0.26736512780189514 9365
1782815439295 0.12655767798423767 9366
1782815439296 0.10002700239419937 9367
1782815439297 0.07315821200609207 9368
1782815439299 0.010439536534249783 9369
1782815439300 0.1518181711435318 9370
1782815439302 0.07003461569547653 9371
1782815439303 0.13389550149440765 9372
1782815439304 0.16098468005657196 9373
1782815439306 0.03870415687561035 9374
