1782984964618 130.8914794921875 0
1782984964621 117.73731231689453 1
1782984964622 63.66196060180664 2
1782984964624 83.04622650146484 3
1782984964625 67.23109436035156 4
1782984964626 81.39649200439453 5
1782984964628 77.7081298828125 6
1782984964629 55.17183303833008 7
1782984964630 43.27082824707031 8
1782984964632 33.211055755615234 9
1782984964633 38.41151428222656 10
1782984964634 30.613054275512695 11
1782984964635 30.968461990356445 12
1782984964637 20.980024337768555 13
1782984964638 27.714950561523438 14
1782984964639 27.66974449157715 15
1782984964640 27.503135681152344 16
1782984964642 13.778873443603516 17
1782984964643 17.99571418762207 18
1782984964645 10.344223022460938 19
1782984964646 16.007617950439453 20
1782984964647 12.747666358947754 21
1782984964648 11.825278282165527 22
1782984964650 8.94663143157959 23
1782984964651 7.084691524505615 24
1782984964652 6.190457820892334 25
1782984964654 5.207703113555908 26
1782984964655 7.023983001708984 27
1782984964656 6.306182861328125 28
1782984964658 3.4191231727600098 29
1782984964659 3.923720598220825 30
1782984964660 4.204260349273682 31
1782984964661 3.377675771713257 32
1782984964663 3.19856595993042 33
1782984964664 3.0882413387298584 34
1782984964665 2.6257920265197754 35
1782984964666 2.7207531929016113 36
1782984964668 2.8744208812713623 37
1782984964669 2.4426825046539307 38
1782984964670 2.300462245941162 39
1782984964671 2.4765067100524902 40
1782984964673 2.392426013946533 41
1782984964674 2.251811981201172 42
1782984964675 2.255460023880005 43
1782984964676 2.2873525619506836 44
1782984964678 2.3851921558380127 45
1782984964679 2.225221872329712 46
1782984964680 2.213043212890625 47
1782984964682 2.2648212909698486 48
1782984964683 2.2466657161712646 49
1782984964684 2.271505355834961 50
1782984964686 2.270368814468384 51
1782984964687 2.299955368041992 52
1782984964688 2.275813341140747 53
1782984964690 2.2802071571350098 54
1782984964691 2.303450107574463 55
1782984964692 2.293301820755005 56
1782984964694 2.2821478843688965 57
1782984964695 2.2897934913635254 58
1782984964696 2.2999155521392822 59
1782984964698 2.272071123123169 60
1782984964699 2.2854301929473877 61
1782984964700 2.2914953231811523 62
1782984964701 2.2867166996002197 63
1782984964703 2.276334285736084 64
1782984964704 2.299532651901245 65
1782984964705 2.2899880409240723 66
1782984964706 2.296332597732544 67
1782984964708 2.278284788131714 68
1782984964709 2.2929461002349854 69
1782984964710 2.289820671081543 70
1782984964711 2.2853665351867676 71
1782984964714 2.2715957164764404 72
1782984964715 2.294332265853882 73
1782984964716 2.2947804927825928 74
1782984964718 2.281930685043335 75
1782984964719 2.2745954990386963 76
1782984964720 2.27433443069458 77
1782984964722 2.2877330780029297 78
1782984964723 2.2833621501922607 79
1782984964724 2.2815301418304443 80
1782984964726 2.2595713138580322 81
1782984964727 2.271512508392334 82
1782984964728 2.2689619064331055 83
1782984964730 2.25160813331604 84
1782984964731 2.2777507305145264 85
1782984964732 2.2774765491485596 86
1782984964733 2.256760358810425 87
1782984964735 2.3077545166015625 88
1782984964736 2.2547364234924316 89
1782984964737 2.2879080772399902 90
1782984964739 2.2596435546875 91
1782984964740 2.3062989711761475 92
1782984964741 2.242614269256592 93
1782984964742 2.2651398181915283 94
1782984964744 2.264984130859375 95
1782984964745 2.2159671783447266 96
1782984964746 2.2791359424591064 97
1782984964748 2.299802780151367 98
1782984964749 2.2276408672332764 99
1782984964750 2.278688907623291 100
1782984964752 2.265540838241577 101
1782984964753 2.235267400741577 102
1782984964754 2.251800060272217 103
1782984964755 2.2937684059143066 104
1782984964757 2.2566537857055664 105
1782984964758 2.225135087966919 106
1782984964759 2.2532408237457275 107
1782984964761 2.2545883655548096 108
1782984964762 2.2161738872528076 109
1782984964763 2.221729278564453 110
1782984964765 2.2283713817596436 111
1782984964766 2.2518324851989746 112
1782984964768 2.2863056659698486 113
1782984964769 2.2469983100891113 114
1782984964770 2.260680913925171 115
1782984964772 2.214334487915039 116
1782984964773 2.258297920227051 117
1782984964774 2.1384570598602295 118
1782984964775 2.2535200119018555 119
1782984964777 2.2097487449645996 120
1782984964778 2.22406268119812 121
1782984964780 2.2259466648101807 122
1782984964781 2.2185962200164795 123
1782984964782 2.232365369796753 124
1782984964783 2.205174684524536 125
1782984964785 2.138556957244873 126
1782984964786 2.266547918319702 127
1782984964787 2.2072646617889404 128
1782984964789 2.290560007095337 129
1782984964790 2.1787173748016357 130
1782984964791 2.2197251319885254 131
1782984964793 2.263414144515991 132
1782984964794 2.1152331829071045 133
1782984964795 2.2193918228149414 134
1782984964797 2.2804861068725586 135
1782984964798 2.293952703475952 136
1782984964799 2.180299758911133 137
1782984964801 2.125332832336426 138
1782984964802 2.24419903755188 139
1782984964803 2.1404385566711426 140
1782984964805 2.116328001022339 141
1782984964806 2.122760772705078 142
1782984964807 2.2464277744293213 143
1782984964808 2.2445836067199707 144
1782984964810 2.2248191833496094 145
1782984964811 2.092890977859497 146
1782984964812 2.108830451965332 147
1782984964814 2.1148531436920166 148
1782984964815 2.1510565280914307 149
1782984964816 2.3126041889190674 150
1782984964818 2.0821704864501953 151
1782984964819 2.2708449363708496 152
1782984964820 2.0637738704681396 153
1782984964822 2.1958441734313965 154
1782984964823 2.22987961769104 155
1782984964824 2.1484739780426025 156
1782984964825 2.2454309463500977 157
1782984964827 2.080601453781128 158
1782984964828 2.2026565074920654 159
1782984964829 2.1261348724365234 160
1782984964831 2.194345474243164 161
1782984964832 2.1624412536621094 162
1782984964833 2.230905771255493 163
1782984964835 2.1708991527557373 164
1782984964836 2.209244966506958 165
1782984964837 2.20351243019104 166
1782984964839 2.185335397720337 167
1782984964840 2.1684532165527344 168
1782984964841 2.2702813148498535 169
1782984964843 2.210174560546875 170
1782984964844 2.271794080734253 171
1782984964845 2.1735198497772217 172
1782984964846 2.093001127243042 173
1782984964848 2.2168967723846436 174
1782984964849 2.1833949089050293 175
1782984964850 2.2221505641937256 176
1782984964852 2.2103090286254883 177
1782984964853 2.1366398334503174 178
1782984964854 2.1544547080993652 179
1782984964856 2.254518747329712 180
1782984964857 2.2440006732940674 181
1782984964858 2.199922561645508 182
1782984964860 2.18511962890625 183
1782984964861 2.1628472805023193 184
1782984964862 2.085785150527954 185
1782984964863 2.180933713912964 186
1782984964865 2.173952579498291 187
1782984964866 2.2623634338378906 188
1782984964867 2.1194186210632324 189
1782984964869 2.232905864715576 190
1782984964870 1.9640761613845825 191
1782984964871 2.1791670322418213 192
1782984964873 2.174250841140747 193
1782984964874 2.1545205116271973 194
1782984964875 2.0869688987731934 195
1782984964877 2.1478395462036133 196
1782984964878 2.1445112228393555 197
1782984964879 2.2113940715789795 198
1782984964881 2.1864709854125977 199
1782984964882 2.181072235107422 200
1782984964883 2.1665122509002686 201
1782984964884 1.932044506072998 202
1782984964886 2.225325584411621 203
1782984964887 2.129323720932007 204
1782984964888 2.089792013168335 205
1782984964890 2.122978448867798 206
1782984964891 2.0863187313079834 207
1782984964892 2.193730354309082 208
1782984964894 2.157393455505371 209
1782984964895 2.112069606781006 210
1782984964896 2.0258803367614746 211
1782984964898 2.1374804973602295 212
1782984964899 2.236825466156006 213
1782984964900 2.1346845626831055 214
1782984964902 2.147516965866089 215
1782984964903 2.142533540725708 216
1782984964904 2.1173837184906006 217
1782984964905 2.1119582653045654 218
1782984964907 2.190554141998291 219
1782984964908 2.1393868923187256 220
1782984964909 2.152939796447754 221
1782984964910 2.1548712253570557 222
1782984964912 2.306245803833008 223
1782984964913 2.158451557159424 224
1782984964914 1.9742803573608398 225
1782984964915 2.100802421569824 226
1782984964917 2.1199862957000732 227
1782984964918 2.090641498565674 228
1782984964919 2.151832103729248 229
1782984964920 2.1387131214141846 230
1782984964922 2.1631176471710205 231
1782984964923 2.0936508178710938 232
1782984964924 2.0020296573638916 233
1782984964926 2.128723621368408 234
1782984964927 2.0846054553985596 235
1782984964928 1.9949570894241333 236
1782984964929 2.1466798782348633 237
1782984964931 2.024216651916504 238
1782984964932 2.0213379859924316 239
1782984964933 2.1028881072998047 240
1782984964935 2.075335741043091 241
1782984964936 2.296653985977173 242
1782984964937 2.0716488361358643 243
1782984964939 2.1103463172912598 244
1782984964940 2.101158380508423 245
1782984964941 2.1220102310180664 246
1782984964942 2.153672933578491 247
1782984964944 2.0766077041625977 248
1782984964945 2.126002073287964 249
1782984964946 2.2213821411132812 250
1782984964948 1.9886125326156616 251
1782984964949 2.063976526260376 252
1782984964950 2.073896884918213 253
1782984964951 2.0293729305267334 254
1782984964953 2.088259696960449 255
1782984964954 2.2324841022491455 256
1782984964955 1.9486769437789917 257
1782984964957 2.08675217628479 258
1782984964958 2.063737392425537 259
1782984964959 2.0835835933685303 260
1782984964960 2.1224119663238525 261
1782984964962 2.0246706008911133 262
1782984964963 1.9853768348693848 263
1782984964964 2.0499086380004883 264
1782984964966 1.9587053060531616 265
1782984964967 2.1389636993408203 266
1782984964968 1.8896477222442627 267
1782984964969 1.9613938331604004 268
1782984964971 2.0044867992401123 269
1782984964972 2.0704894065856934 270
1782984964973 1.9294941425323486 271
1782984964975 2.0831594467163086 272
1782984964976 2.056776285171509 273
1782984964977 1.8957624435424805 274
1782984964978 2.1298792362213135 275
1782984964980 1.930415153503418 276
1782984964981 1.9793810844421387 277
1782984964982 2.1229121685028076 278
1782984964984 1.911800503730774 279
1782984964985 2.0211660861968994 280
1782984964986 2.1402862071990967 281
1782984964987 2.0469963550567627 282
1782984964989 2.0048937797546387 283
1782984964990 2.02339506149292 284
1782984964991 2.0691614151000977 285
1782984964992 2.042239189147949 286
1782984964994 2.0751099586486816 287
1782984964995 2.1106655597686768 288
1782984964996 2.1440794467926025 289
1782984964998 2.0491302013397217 290
1782984964999 2.153865337371826 291
1782984965000 2.087533473968506 292
1782984965002 1.9323855638504028 293
1782984965003 1.9010380506515503 294
1782984965004 2.0565176010131836 295
1782984965006 2.1175875663757324 296
1782984965007 2.135658025741577 297
1782984965008 1.9401224851608276 298
1782984965010 2.002753257751465 299
1782984965011 2.0590875148773193 300
1782984965013 2.162956953048706 301
1782984965014 2.096728801727295 302
1782984965015 1.9964888095855713 303
1782984965017 2.0154943466186523 304
1782984965018 2.0139100551605225 305
1782984965019 2.1269338130950928 306
1782984965020 1.9855492115020752 307
1782984965022 2.065154790878296 308
1782984965023 1.9632949829101562 309
1782984965025 1.9105805158615112 310
1782984965026 1.9899060726165771 311
1782984965027 1.8895989656448364 312
1782984965028 1.9861478805541992 313
1782984965030 2.2230610847473145 314
1782984965031 2.1086905002593994 315
1782984965032 1.8995411396026611 316
1782984965033 1.9724260568618774 317
1782984965034 1.9045308828353882 318
1782984965036 1.959723711013794 319
1782984965037 2.071525812149048 320
1782984965038 2.2499799728393555 321
1782984965039 2.154123067855835 322
1782984965041 2.0312516689300537 323
1782984965042 1.8999541997909546 324
1782984965043 1.9604941606521606 325
1782984965044 1.8653900623321533 326
1782984965046 1.8933067321777344 327
1782984965047 2.0063509941101074 328
1782984965048 1.7672343254089355 329
1782984965049 2.0716748237609863 330
1782984965051 1.975854754447937 331
1782984965052 2.0538973808288574 332
1782984965053 2.0364019870758057 333
1782984965054 2.0514698028564453 334
1782984965056 2.1171469688415527 335
1782984965057 2.0772705078125 336
1782984965058 1.924101710319519 337
1782984965059 2.030487537384033 338
1782984965060 2.0458474159240723 339
1782984965062 1.9612648487091064 340
1782984965063 2.021836996078491 341
1782984965064 1.9116754531860352 342
1782984965065 2.1072254180908203 343
1782984965067 2.2259769439697266 344
1782984965068 2.0227038860321045 345
1782984965069 1.946631669998169 346
1782984965070 2.0796937942504883 347
1782984965072 1.9690747261047363 348
1782984965073 1.7040661573410034 349
1782984965074 2.0413832664489746 350
1782984965075 2.0921380519866943 351
1782984965077 1.9495352506637573 352
1782984965078 2.053828716278076 353
1782984965079 2.1786248683929443 354
1782984965080 2.040090560913086 355
1782984965081 2.1315500736236572 356
1782984965083 1.8125414848327637 357
1782984965084 2.027000904083252 358
1782984965085 2.0867295265197754 359
1782984965086 2.146170139312744 360
1782984965088 2.0667483806610107 361
1782984965089 2.0957391262054443 362
1782984965090 2.0536141395568848 363
1782984965092 1.9835776090621948 364
1782984965093 2.109386682510376 365
1782984965094 2.0248124599456787 366
1782984965095 2.0408573150634766 367
1782984965096 1.9601659774780273 368
1782984965098 2.04683256149292 369
1782984965099 2.0128862857818604 370
1782984965100 2.109621286392212 371
1782984965102 1.986478328704834 372
1782984965103 2.039289712905884 373
1782984965105 2.0277884006500244 374
1782984965106 2.0119664669036865 375
1782984965107 2.0863945484161377 376
1782984965108 1.869354486465454 377
1782984965110 1.9840084314346313 378
1782984965111 1.8785076141357422 379
1782984965112 2.0208964347839355 380
1782984965113 1.8713514804840088 381
1782984965115 1.987982153892517 382
1782984965116 1.9857923984527588 383
1782984965117 1.979501724243164 384
1782984965118 1.984523892402649 385
1782984965120 2.0230398178100586 386
1782984965121 1.8436298370361328 387
1782984965122 1.9786847829818726 388
1782984965123 1.9981878995895386 389
1782984965125 1.860640525817871 390
1782984965126 1.9719637632369995 391
1782984965127 1.8686426877975464 392
1782984965128 1.9581049680709839 393
1782984965129 1.8990859985351562 394
1782984965131 1.960581660270691 395
1782984965132 1.9541274309158325 396
1782984965133 1.9651222229003906 397
1782984965134 2.114564895629883 398
1782984965136 1.9207745790481567 399
1782984965137 2.0242626667022705 400
1782984965138 1.830916404724121 401
1782984965139 2.0637400150299072 402
1782984965141 1.8931723833084106 403
1782984965142 1.8704617023468018 404
1782984965143 2.2296435832977295 405
1782984965145 1.8780637979507446 406
1782984965146 1.8544607162475586 407
1782984965147 1.9089701175689697 408
1782984965148 2.185365915298462 409
1782984965150 1.80648672580719 410
1782984965151 1.7863608598709106 411
1782984965152 1.7645305395126343 412
1782984965153 2.0841422080993652 413
1782984965154 2.057701349258423 414
1782984965156 1.7818446159362793 415
1782984965157 1.948254942893982 416
1782984965158 1.8295068740844727 417
1782984965159 1.7938815355300903 418
1782984965161 1.9394299983978271 419
1782984965162 1.8339048624038696 420
1782984965163 1.9750086069107056 421
1782984965164 1.8883012533187866 422
1782984965166 1.8141968250274658 423
1782984965167 1.7516816854476929 424
1782984965168 1.9239540100097656 425
1782984965169 1.8808553218841553 426
1782984965171 1.7804900407791138 427
1782984965172 1.8294087648391724 428
1782984965173 1.698864459991455 429
1782984965174 1.8314473628997803 430
1782984965175 1.5941781997680664 431
1782984965177 1.878554105758667 432
1782984965178 2.0442087650299072 433
1782984965179 1.8054866790771484 434
1782984965180 1.7237426042556763 435
1782984965182 1.817065715789795 436
1782984965183 1.7195425033569336 437
1782984965184 1.8126579523086548 438
1782984965185 1.725520372390747 439
1782984965187 1.8689475059509277 440
1782984965188 1.6830484867095947 441
1782984965189 1.960693597793579 442
1782984965190 1.807084321975708 443
1782984965192 1.8400547504425049 444
1782984965193 1.9572125673294067 445
1782984965194 1.783003568649292 446
1782984965195 1.8217706680297852 447
1782984965197 1.8136945962905884 448
1782984965198 1.9124184846878052 449
1782984965199 1.5917999744415283 450
1782984965201 1.609925627708435 451
1782984965202 1.645710825920105 452
1782984965203 1.818881869316101 453
1782984965204 1.6587176322937012 454
1782984965206 1.7206388711929321 455
1782984965207 1.7414872646331787 456
1782984965208 1.9792437553405762 457
1782984965209 1.8375725746154785 458
1782984965211 1.7091268301010132 459
1782984965212 1.8800466060638428 460
1782984965213 1.7054946422576904 461
1782984965214 1.8539098501205444 462
1782984965216 1.5671868324279785 463
1782984965217 1.5958023071289062 464
1782984965218 1.6473469734191895 465
1782984965219 1.6758311986923218 466
1782984965220 1.9042084217071533 467
1782984965222 1.7116948366165161 468
1782984965223 1.6255568265914917 469
1782984965224 1.5315845012664795 470
1782984965226 1.4215905666351318 471
1782984965227 1.5784865617752075 472
1782984965228 1.9096616506576538 473
1782984965229 1.8480173349380493 474
1782984965230 1.7820347547531128 475
1782984965232 1.7977043390274048 476
1782984965233 1.7948112487792969 477
1782984965234 1.5206923484802246 478
1782984965235 1.581175446510315 479
1782984965237 1.5105880498886108 480
1782984965238 1.717847228050232 481
1782984965239 1.5738104581832886 482
1782984965245 1.7888542413711548 483
1782984965246 1.6724640130996704 484
1782984965247 1.6550498008728027 485
1782984965248 1.5551823377609253 486
1782984965250 1.5617940425872803 487
1782984965251 1.7438262701034546 488
1782984965252 1.7441099882125854 489
1782984965253 1.813106656074524 490
1782984965255 1.5814450979232788 491
1782984965256 1.5272430181503296 492
1782984965257 1.451055884361267 493
1782984965258 1.5815964937210083 494
1782984965260 1.6236395835876465 495
1782984965261 1.7479170560836792 496
1782984965262 1.4083003997802734 497
1782984965263 1.8041930198669434 498
1782984965265 1.4903175830841064 499
1782984965266 1.467034935951233 500
1782984965267 1.528831958770752 501
1782984965269 1.4287776947021484 502
1782984965270 1.2863353490829468 503
1782984965271 1.4781402349472046 504
1782984965272 1.732750415802002 505
1782984965273 1.7838493585586548 506
1782984965275 1.6900140047073364 507
1782984965276 1.60630202293396 508
1782984965277 1.5406047105789185 509
1782984965278 1.4569487571716309 510
1782984965280 1.4333217144012451 511
1782984965281 1.420880913734436 512
1782984965282 1.5615990161895752 513
1782984965284 1.5813019275665283 514
1782984965285 1.4985181093215942 515
1782984965286 1.3983794450759888 516
1782984965287 1.3325053453445435 517
1782984965289 1.8428033590316772 518
1782984965290 1.584494709968567 519
1782984965291 1.23051118850708 520
1782984965292 1.5147738456726074 521
1782984965294 1.3789390325546265 522
1782984965295 1.576359510421753 523
1782984965296 1.649471402168274 524
1782984965297 1.2789236307144165 525
1782984965299 1.5695075988769531 526
1782984965300 1.419301152229309 527
1782984965301 1.7443734407424927 528
1782984965303 1.4853850603103638 529
1782984965304 1.605244755744934 530
1782984965305 1.4799394607543945 531
1782984965306 1.3746281862258911 532
1782984965308 1.3979166746139526 533
1782984965309 1.5254271030426025 534
1782984965310 1.4888852834701538 535
1782984965311 1.4060972929000854 536
1782984965313 1.205546498298645 537
1782984965314 1.465018630027771 538
1782984965315 1.4216688871383667 539
1782984965316 1.233612298965454 540
1782984965318 1.4794611930847168 541
1782984965319 1.593299150466919 542
1782984965320 1.2878940105438232 543
1782984965321 1.6456592082977295 544
1782984965323 1.3652114868164062 545
1782984965324 1.3534998893737793 546
1782984965325 1.4815489053726196 547
1782984965326 1.3187267780303955 548
1782984965327 1.4523614645004272 549
1782984965329 1.5443860292434692 550
1782984965330 1.783890724182129 551
1782984965331 1.4247535467147827 552
1782984965332 1.3156230449676514 553
1782984965334 1.139493465423584 554
1782984965335 1.2726951837539673 555
1782984965336 1.2699027061462402 556
1782984965337 1.2929887771606445 557
1782984965339 1.4345018863677979 558
1782984965340 1.6369191408157349 559
1782984965341 1.542290210723877 560
1782984965342 1.376945972442627 561
1782984965344 1.2567157745361328 562
1782984965345 1.4847705364227295 563
1782984965346 1.4874162673950195 564
1782984965347 1.3279622793197632 565
1782984965349 1.4330213069915771 566
1782984965350 1.6806410551071167 567
1782984965351 1.3221590518951416 568
1782984965352 1.404028058052063 569
1782984965353 1.1742336750030518 570
1782984965355 1.4804285764694214 571
1782984965356 1.6833860874176025 572
1782984965357 1.3421149253845215 573
1782984965358 1.4591988325119019 574
1782984965360 1.7287254333496094 575
1782984965361 1.31551194190979 576
1782984965362 1.4547628164291382 577
1782984965363 1.5722033977508545 578
1782984965365 1.6191188097000122 579
1782984965366 1.368746280670166 580
1782984965367 1.2987068891525269 581
1782984965368 1.3607224225997925 582
1782984965370 1.4592688083648682 583
1782984965371 1.0592811107635498 584
1782984965372 1.7396953105926514 585
1782984965374 1.3375107049942017 586
1782984965375 1.3913480043411255 587
1782984965376 1.2288514375686646 588
1782984965378 1.2684706449508667 589
1782984965379 1.4112628698349 590
1782984965380 1.4363526105880737 591
1782984965382 1.5112758874893188 592
1782984965383 1.5128533840179443 593
1782984965384 1.2696818113327026 594
1782984965386 1.4555485248565674 595
1782984965387 1.4846892356872559 596
1782984965388 1.3795822858810425 597
1782984965390 1.0823602676391602 598
1782984965391 1.1858365535736084 599
1782984965392 1.2483594417572021 600
1782984965393 1.5621943473815918 601
1782984965395 1.5208594799041748 602
1782984965396 1.439850926399231 603
1782984965397 1.2596954107284546 604
1782984965399 1.0821443796157837 605
1782984965400 1.1688604354858398 606
1782984965401 1.4617829322814941 607
1782984965402 1.3259221315383911 608
1782984965404 1.6215386390686035 609
1782984965405 1.4632755517959595 610
1782984965406 1.1972004175186157 611
1782984965407 1.2338560819625854 612
1782984965409 1.3343223333358765 613
1782984965410 1.0414032936096191 614
1782984965411 1.3960270881652832 615
1782984965412 1.8382185697555542 616
1782984965414 1.4034572839736938 617
1782984965415 1.5628925561904907 618
1782984965416 1.2997581958770752 619
1782984965417 1.162079095840454 620
1782984965419 1.3410236835479736 621
1782984965420 1.2411850690841675 622
1782984965421 1.462341070175171 623
1782984965422 1.2850799560546875 624
1782984965424 1.0571410655975342 625
1782984965425 1.414401650428772 626
1782984965426 1.5470077991485596 627
1782984965427 1.2511144876480103 628
1782984965429 1.0116404294967651 629
1782984965430 1.4261208772659302 630
1782984965431 1.3686025142669678 631
1782984965433 1.3203301429748535 632
1782984965434 1.1077017784118652 633
1782984965435 1.3514140844345093 634
1782984965437 1.437895655632019 635
1782984965438 1.3572614192962646 636
1782984965439 1.3228713274002075 637
1782984965441 1.3138326406478882 638
1782984965442 1.3377540111541748 639
1782984965443 1.4163818359375 640
1782984965444 1.4228087663650513 641
1782984965446 1.2870292663574219 642
1782984965447 1.1926865577697754 643
1782984965448 1.1638966798782349 644
1782984965450 1.2155877351760864 645
1782984965451 1.1511549949645996 646
1782984965452 1.4783021211624146 647
1782984965454 1.4146431684494019 648
1782984965455 1.1917082071304321 649
1782984965456 1.0939809083938599 650
1782984965458 1.0247448682785034 651
1782984965459 1.0238463878631592 652
1782984965460 1.3016544580459595 653
1782984965462 1.0644173622131348 654
1782984965463 1.2886329889297485 655
1782984965464 1.0891672372817993 656
1782984965466 0.9173935651779175 657
1782984965467 1.0685181617736816 658
1782984965468 0.8749659061431885 659
1782984965470 1.2090893983840942 660
1782984965471 1.0505636930465698 661
1782984965472 1.1547551155090332 662
1782984965473 1.3936879634857178 663
1782984965475 1.048491358757019 664
1782984965476 1.3196640014648438 665
1782984965477 1.2298632860183716 666
1782984965479 0.970249593257904 667
1782984965480 1.1695953607559204 668
1782984965481 1.1489566564559937 669
1782984965483 1.0270212888717651 670
1782984965484 1.1459146738052368 671
1782984965485 1.2157407999038696 672
1782984965487 1.3810791969299316 673
1782984965488 1.1020103693008423 674
1782984965489 1.3200422525405884 675
1782984965491 1.20237135887146 676
1782984965492 1.1332361698150635 677
1782984965493 1.1879171133041382 678
1782984965495 1.3545501232147217 679
1782984965496 1.1760653257369995 680
1782984965497 1.1998201608657837 681
1782984965499 1.2293182611465454 682
1782984965500 1.3881663084030151 683
1782984965501 1.3894400596618652 684
1782984965503 1.2403018474578857 685
1782984965504 1.2554817199707031 686
1782984965505 1.0697988271713257 687
1782984965507 1.2831027507781982 688
1782984965508 1.0436559915542603 689
1782984965509 1.2250345945358276 690
1782984965511 1.08440363407135 691
1782984965512 1.1793687343597412 692
1782984965513 1.476970911026001 693
1782984965515 1.1792281866073608 694
1782984965516 0.9797643423080444 695
1782984965517 1.3277019262313843 696
1782984965519 1.199607014656067 697
1782984965520 0.9584571123123169 698
1782984965521 1.2589794397354126 699
1782984965523 1.3057719469070435 700
1782984965524 1.4066728353500366 701
1782984965525 1.0213383436203003 702
1782984965527 1.002053141593933 703
1782984965528 0.9638623595237732 704
1782984965529 1.0371575355529785 705
1782984965531 1.137866735458374 706
1782984965532 1.0699690580368042 707
1782984965533 1.3645199537277222 708
1782984965535 1.0353991985321045 709
1782984965536 1.1282275915145874 710
1782984965537 1.2504781484603882 711
1782984965539 1.0134563446044922 712
1782984965540 1.3409216403961182 713
1782984965541 1.245804786682129 714
1782984965543 1.2107999324798584 715
1782984965544 0.8522891402244568 716
1782984965545 1.0798338651657104 717
1782984965547 0.9964441657066345 718
1782984965548 1.2257839441299438 719
1782984965549 0.925511360168457 720
1782984965551 1.297649621963501 721
1782984965552 0.9556623697280884 722
1782984965553 0.871452808380127 723
1782984965555 1.080836534500122 724
1782984965556 0.8960208296775818 725
1782984965557 1.323837161064148 726
1782984965559 1.2895607948303223 727
1782984965560 1.179410696029663 728
1782984965561 0.9764336943626404 729
1782984965563 1.0532848834991455 730
1782984965564 0.9074330925941467 731
1782984965565 1.1938565969467163 732
1782984965567 1.04501211643219 733
1782984965568 1.0195444822311401 734
1782984965569 1.1494821310043335 735
1782984965571 1.0426969528198242 736
1782984965572 1.1362857818603516 737
1782984965573 0.6407372951507568 738
1782984965575 1.2166320085525513 739
1782984965576 1.1029345989227295 740
1782984965577 1.0521044731140137 741
1782984965579 1.1510623693466187 742
1782984965580 0.869193434715271 743
1782984965581 1.0111656188964844 744
1782984965583 0.743215024471283 745
1782984965584 0.9692733883857727 746
1782984965585 0.7866654992103577 747
1782984965587 0.9782469272613525 748
1782984965588 0.8420128226280212 749
1782984965589 0.8189103007316589 750
1782984965591 1.0106418132781982 751
1782984965592 1.0280314683914185 752
1782984965593 1.0735148191452026 753
1782984965595 0.9394491314888 754
1782984965596 0.8287763595581055 755
1782984965597 0.8148781657218933 756
1782984965599 0.7929222583770752 757
1782984965600 0.823767900466919 758
1782984965602 0.5678561925888062 759
1782984965603 0.809273362159729 760
1782984965604 0.8622062802314758 761
1782984965606 1.36281418800354 762
1782984965607 0.682292103767395 763
1782984965608 0.823704719543457 764
1782984965610 0.6348364949226379 765
1782984965611 0.6720890402793884 766
1782984965612 0.5941565036773682 767
1782984965614 0.8256057500839233 768
1782984965615 0.9435956478118896 769
1782984965616 0.9955604076385498 770
1782984965618 0.841571569442749 771
1782984965619 0.6367273926734924 772
1782984965620 0.834200918674469 773
1782984965622 0.8474173545837402 774
1782984965623 0.6430220603942871 775
1782984965624 1.1069563627243042 776
1782984965626 0.7227562069892883 777
1782984965627 0.5489216446876526 778
1782984965628 0.8941605687141418 779
1782984965630 0.5615776777267456 780
1782984965631 0.6499528884887695 781
1782984965632 0.6972247362136841 782
1782984965634 0.6363388299942017 783
1782984965635 0.8508527874946594 784
1782984965636 0.5498826503753662 785
1782984965638 0.7047688961029053 786
1782984965639 0.8260531425476074 787
1782984965640 0.6700653433799744 788
1782984965642 0.6889345645904541 789
1782984965643 0.5642856955528259 790
1782984965645 0.6110337376594543 791
1782984965646 0.6928942203521729 792
1782984965647 1.1099296808242798 793
1782984965649 0.760297417640686 794
1782984965650 0.7686665654182434 795
1782984965651 0.5369683504104614 796
1782984965652 0.7794486880302429 797
1782984965654 0.4147263765335083 798
1782984965655 0.7609228491783142 799
1782984965656 0.5844133496284485 800
1782984965657 0.49122506380081177 801
1782984965659 0.6365771889686584 802
1782984965660 0.6784170866012573 803
1782984965661 0.6662612557411194 804
1782984965663 0.44600093364715576 805
1782984965664 0.7135391235351562 806
1782984965665 0.4410211443901062 807
1782984965667 0.6230310201644897 808
1782984965668 0.5185040831565857 809
1782984965669 0.5104029178619385 810
1782984965671 0.9486704468727112 811
1782984965672 0.728575587272644 812
1782984965673 0.7029408812522888 813
1782984965675 0.8574985265731812 814
1782984965676 0.7890065312385559 815
1782984965677 0.6455216407775879 816
1782984965679 0.4840537905693054 817
1782984965680 0.7078343033790588 818
1782984965681 0.6753960847854614 819
1782984965683 0.569654643535614 820
1782984965684 1.331770658493042 821
1782984965685 0.7729414105415344 822
1782984965687 0.5322459936141968 823
1782984965688 0.5472942590713501 824
1782984965689 0.7276273965835571 825
1782984965691 0.8783531188964844 826
1782984965692 0.5487825870513916 827
1782984965693 0.6068633198738098 828
1782984965695 0.5504260659217834 829
1782984965696 0.7217285633087158 830
1782984965697 0.6217470169067383 831
1782984965699 0.8719666004180908 832
1782984965700 0.6449406743049622 833
1782984965701 0.4160047769546509 834
1782984965703 0.5929223299026489 835
1782984965704 0.5324499011039734 836
1782984965705 0.5224440693855286 837
1782984965707 0.5541008710861206 838
1782984965708 0.5642927289009094 839
1782984965710 0.5225854516029358 840
1782984965711 0.7358511090278625 841
1782984965712 0.7023260593414307 842
1782984965714 0.7307789921760559 843
1782984965715 0.774651288986206 844
1782984965717 0.46080443263053894 845
1782984965718 0.5424303412437439 846
1782984965719 0.6123180389404297 847
1782984965720 0.6206457018852234 848
1782984965721 0.5646712779998779 849
1782984965723 0.4785687029361725 850
1782984965724 0.6328848600387573 851
1782984965725 0.7327836155891418 852
1782984965727 0.4871070981025696 853
1782984965728 0.7512089610099792 854
1782984965729 0.6231493949890137 855
1782984965730 0.5771951079368591 856
1782984965732 0.7330945134162903 857
1782984965733 0.6371991634368896 858
1782984965734 0.591575026512146 859
1782984965735 0.5476193428039551 860
1782984965737 0.4658569097518921 861
1782984965738 0.428673654794693 862
1782984965739 0.581562340259552 863
1782984965740 0.4747229814529419 864
1782984965742 0.43198952078819275 865
1782984965743 0.6620263457298279 866
1782984965744 0.4778079390525818 867
1782984965745 0.5324486494064331 868
1782984965747 0.5515943765640259 869
1782984965748 0.5901533365249634 870
1782984965749 0.931816577911377 871
1782984965750 0.6170485019683838 872
1782984965752 0.5099525451660156 873
1782984965753 0.6139883399009705 874
1782984965754 0.737794041633606 875
1782984965755 0.7386415600776672 876
1782984965757 0.7166356444358826 877
1782984965758 0.9246829748153687 878
1782984965759 0.7514892816543579 879
1782984965760 0.648037314414978 880
1782984965762 0.6633599400520325 881
1782984965763 0.6421462297439575 882
1782984965764 0.6179404854774475 883
1782984965765 0.8181309700012207 884
1782984965767 0.5881491303443909 885
1782984965768 0.6846930980682373 886
1782984965769 0.46297675371170044 887
1782984965770 0.8744367361068726 888
1782984965772 0.4725470244884491 889
1782984965773 0.4103623330593109 890
1782984965774 0.5925576686859131 891
1782984965775 0.3975270390510559 892
1782984965777 0.42838093638420105 893
1782984965778 0.6527612209320068 894
1782984965779 0.42058685421943665 895
1782984965780 0.4717819094657898 896
1782984965782 0.43875083327293396 897
1782984965783 0.3795687258243561 898
1782984965784 0.5404126048088074 899
1782984965785 0.5350850224494934 900
1782984965787 0.34228047728538513 901
1782984965788 0.5015057325363159 902
1782984965789 0.5226011276245117 903
1782984965791 0.5298362970352173 904
1782984965792 0.4408569931983948 905
1782984965793 0.41172894835472107 906
1782984965794 0.3983364403247833 907
1782984965796 0.5735256671905518 908
1782984965797 0.316456139087677 909
1782984965798 0.5904910564422607 910
1782984965799 0.458052396774292 911
1782984965801 0.4319942593574524 912
1782984965802 0.5926417112350464 913
1782984965803 0.6632823944091797 914
1782984965804 0.75688636302948 915
1782984965806 0.6528001427650452 916
1782984965807 0.4062804579734802 917
1782984965808 0.3404649794101715 918
1782984965809 0.6273733973503113 919
1782984965811 0.37573134899139404 920
1782984965812 0.4895927608013153 921
1782984965813 0.5118739008903503 922
1782984965815 0.3949223458766937 923
1782984965816 0.5190585851669312 924
1782984965817 0.5976775884628296 925
1782984965819 0.34815290570259094 926
1782984965820 0.5950376391410828 927
1782984965821 0.48527929186820984 928
1782984965823 0.6096761226654053 929
1782984965824 0.43322867155075073 930
1782984965825 0.6211183071136475 931
1782984965827 0.7650867104530334 932
1782984965828 0.5724263787269592 933
1782984965829 0.7004620432853699 934
1782984965830 0.2886814773082733 935
1782984965832 0.35283568501472473 936
1782984965833 0.8259096741676331 937
1782984965834 0.7976802587509155 938
1782984965835 0.37625470757484436 939
1782984965837 0.5433011651039124 940
1782984965838 0.5506370663642883 941
1782984965839 0.4696592092514038 942
1782984965840 0.5167956948280334 943
1782984965842 0.574638307094574 944
1782984965843 0.26324230432510376 945
1782984965844 0.2922007143497467 946
1782984965845 0.4607781767845154 947
1782984965847 0.6492191553115845 948
1782984965848 0.5609683394432068 949
1782984965849 0.7001907229423523 950
1782984965850 0.7885655164718628 951
1782984965852 0.4304594397544861 952
1782984965853 0.5374767184257507 953
1782984965854 0.5765866637229919 954
1782984965855 0.5866177082061768 955
1782984965857 0.5970991253852844 956
1782984965858 0.36498555541038513 957
1782984965859 0.45485907793045044 958
1782984965860 0.757316529750824 959
1782984965862 0.48307672142982483 960
1782984965863 0.5311366319656372 961
1782984965864 0.5028001666069031 962
1782984965865 0.48855075240135193 963
1782984965867 0.7576944231987 964
1782984965868 0.7552884817123413 965
1782984965869 0.6669532656669617 966
1782984965871 0.454723984003067 967
1782984965872 0.4128715395927429 968
1782984965873 0.791650652885437 969
1782984965874 0.3912392854690552 970
1782984965876 0.6623983383178711 971
1782984965878 0.4155060052871704 972
1782984965879 0.5428997874259949 973
1782984965881 0.4591772258281708 974
1782984965883 0.39834243059158325 975
1782984965884 0.313446044921875 976
1782984965886 0.4189261198043823 977
1782984965888 0.42214009165763855 978
1782984965890 0.6649354100227356 979
1782984965891 0.6828802824020386 980
1782984965893 0.47412657737731934 981
1782984965895 0.6919065713882446 982
1782984965897 0.4994274973869324 983
1782984965898 0.46222344040870667 984
1782984965899 0.7639935612678528 985
1782984965901 0.2823946475982666 986
1782984965902 0.5178705453872681 987
1782984965903 0.391647070646286 988
1782984965905 0.43671172857284546 989
1782984965906 0.38466110825538635 990
1782984965907 0.45878124237060547 991
1782984965908 0.6815345883369446 992
1782984965910 0.4664362370967865 993
1782984965911 0.2596586048603058 994
1782984965912 0.46296969056129456 995
1782984965913 0.4344148337841034 996
1782984965915 0.8950665593147278 997
1782984965916 0.5901282429695129 998
1782984965917 0.33474767208099365 999
1782984965918 0.9231616854667664 1000
1782984965920 0.5096816420555115 1001
1782984965921 0.45363539457321167 1002
1782984965922 0.6811732053756714 1003
1782984965924 1.0104204416275024 1004
1782984965925 0.28357750177383423 1005
1782984965926 0.5956555008888245 1006
1782984965927 0.22336313128471375 1007
1782984965929 0.2796156406402588 1008
1782984965930 0.26723480224609375 1009
1782984965931 0.44774144887924194 1010
1782984965933 0.3188888728618622 1011
1782984965934 0.3240887224674225 1012
1782984965935 0.44605758786201477 1013
1782984965936 0.48891016840934753 1014
1782984965938 0.3674284517765045 1015
1782984965939 0.27763116359710693 1016
1782984965940 0.5425432324409485 1017
1782984965941 0.32482990622520447 1018
1782984965943 0.7464157938957214 1019
1782984965944 0.515982449054718 1020
1782984965945 0.30794548988342285 1021
1782984965947 0.8788434267044067 1022
1782984965948 0.2573574185371399 1023
1782984965949 0.5437472462654114 1024
1782984965951 0.6024999022483826 1025
1782984965952 0.2842637300491333 1026
1782984965953 0.313263863325119 1027
1782984965955 0.4199810326099396 1028
1782984965956 0.3221953511238098 1029
1782984965957 0.37975648045539856 1030
1782984965959 0.3760189712047577 1031
1782984965960 0.5555177927017212 1032
1782984965961 0.5939945578575134 1033
1782984965963 0.3421059250831604 1034
1782984965964 0.5162613391876221 1035
1782984965965 0.5697774887084961 1036
1782984965967 0.3667677044868469 1037
1782984965968 0.3413770794868469 1038
1782984965969 0.48802077770233154 1039
1782984965971 0.36505451798439026 1040
1782984965972 0.2457156479358673 1041
1782984965974 0.4827626347541809 1042
1782984965975 0.6063925623893738 1043
1782984965976 0.389098197221756 1044
1782984965978 0.9552722573280334 1045
1782984965979 0.5546175837516785 1046
1782984965980 0.6757133603096008 1047
1782984965982 0.3617604672908783 1048
1782984965983 0.6573019623756409 1049
1782984965984 0.5127357840538025 1050
1782984965985 0.3700738251209259 1051
1782984965987 0.36380237340927124 1052
1782984965988 0.4693547189235687 1053
1782984965989 0.5684780478477478 1054
1782984965991 0.3167237639427185 1055
1782984965992 0.35344287753105164 1056
1782984965994 0.4997623562812805 1057
1782984965995 0.7864235043525696 1058
1782984965996 0.4452008008956909 1059
1782984965998 0.36274221539497375 1060
1782984965999 0.4693327844142914 1061
1782984966001 0.4805448651313782 1062
1782984966002 0.3604590594768524 1063
1782984966004 0.44519779086112976 1064
1782984966005 0.2598941922187805 1065
1782984966006 0.9424453377723694 1066
1782984966007 0.37822425365448 1067
1782984966009 0.45123860239982605 1068
1782984966010 0.28852590918540955 1069
1782984966011 0.38364189863204956 1070
1782984966013 0.5505589246749878 1071
1782984966014 0.3571103513240814 1072
1782984966016 0.2735241949558258 1073
1782984966017 0.4119483232498169 1074
1782984966018 0.41683828830718994 1075
1782984966020 0.5676758289337158 1076
1782984966021 0.38124579191207886 1077
1782984966022 0.7411397695541382 1078
1782984966024 0.3480894863605499 1079
1782984966025 0.5600461363792419 1080
1782984966026 0.4381095767021179 1081
1782984966028 0.5131034851074219 1082
1782984966029 0.30733540654182434 1083
1782984966030 0.5810407400131226 1084
1782984966032 0.41601109504699707 1085
1782984966033 0.2843794822692871 1086
1782984966035 0.4838721454143524 1087
1782984966036 0.3269170820713043 1088
1782984966037 0.4856303036212921 1089
1782984966038 0.5274799466133118 1090
1782984966040 0.5769792795181274 1091
1782984966041 0.5507416129112244 1092
1782984966042 0.2856796681880951 1093
1782984966043 0.46819156408309937 1094
1782984966045 0.5462611317634583 1095
1782984966046 0.24320022761821747 1096
1782984966048 0.5144606232643127 1097
1782984966049 0.44918808341026306 1098
1782984966050 0.3210197389125824 1099
1782984966051 0.6033728122711182 1100
1782984966053 0.4918961226940155 1101
1782984966054 0.49766549468040466 1102
1782984966055 0.39235585927963257 1103
1782984966056 0.5019174218177795 1104
1782984966058 0.5201202630996704 1105
1782984966059 0.3756096065044403 1106
1782984966060 0.581184446811676 1107
1782984966061 0.5742652416229248 1108
1782984966062 0.30315136909484863 1109
1782984966064 0.3773881494998932 1110
1782984966065 0.2138964980840683 1111
1782984966066 0.5073097348213196 1112
1782984966067 0.6022055745124817 1113
1782984966069 0.5802934169769287 1114
1782984966070 0.3981068730354309 1115
1782984966071 0.39392855763435364 1116
1782984966072 0.4364349842071533 1117
1782984966074 0.7234787940979004 1118
1782984966075 0.246673122048378 1119
1782984966076 0.4999038279056549 1120
1782984966077 0.3232032358646393 1121
1782984966079 0.44212743639945984 1122
1782984966080 0.41344356536865234 1123
1782984966081 0.37800946831703186 1124
1782984966082 0.173198401927948 1125
1782984966084 0.37623369693756104 1126
1782984966085 0.2908981144428253 1127
1782984966086 0.28823184967041016 1128
1782984966087 0.699141800403595 1129
1782984966088 0.45692330598831177 1130
1782984966090 0.1961880326271057 1131
1782984966091 0.3972943425178528 1132
1782984966092 0.3605499267578125 1133
1782984966093 0.3759737014770508 1134
1782984966095 0.2851497530937195 1135
1782984966096 0.3812088370323181 1136
1782984966097 0.5412663221359253 1137
1782984966098 0.6308534145355225 1138
1782984966100 0.37792301177978516 1139
1782984966101 0.45597803592681885 1140
1782984966102 0.3492182493209839 1141
1782984966104 0.5012408494949341 1142
1782984966105 0.2760067582130432 1143
1782984966106 0.6790839433670044 1144
1782984966107 0.4613897204399109 1145
1782984966109 0.3643304705619812 1146
1782984966110 0.2873102128505707 1147
1782984966111 0.2733290493488312 1148
1782984966112 0.44662365317344666 1149
1782984966114 0.36076241731643677 1150
1782984966115 0.5801392793655396 1151
1782984966116 0.4277816116809845 1152
1782984966117 0.2694036364555359 1153
1782984966119 0.3734557628631592 1154
1782984966120 0.2591318190097809 1155
1782984966121 0.32874107360839844 1156
1782984966122 0.2300538420677185 1157
1782984966124 0.3812595009803772 1158
1782984966125 0.6648061871528625 1159
1782984966126 0.6931991577148438 1160
1782984966127 0.5405014157295227 1161
1782984966128 0.3681277334690094 1162
1782984966130 0.4446273446083069 1163
1782984966131 0.4954194128513336 1164
1782984966132 0.41941964626312256 1165
1782984966133 0.28752443194389343 1166
1782984966135 0.6169127225875854 1167
1782984966136 0.8669066429138184 1168
1782984966137 0.3095477521419525 1169
1782984966138 0.49996984004974365 1170
1782984966140 0.44392070174217224 1171
1782984966141 0.25994306802749634 1172
1782984966142 0.2577504813671112 1173
1782984966143 0.29687416553497314 1174
1782984966145 0.5886006355285645 1175
1782984966146 0.5863051414489746 1176
1782984966147 0.6002971529960632 1177
1782984966148 0.29653698205947876 1178
1782984966150 0.3131353259086609 1179
1782984966151 0.21897080540657043 1180
1782984966152 0.48204272985458374 1181
1782984966153 0.20262514054775238 1182
1782984966155 0.5879854559898376 1183
1782984966156 0.2429153025150299 1184
1782984966157 0.4115941524505615 1185
1782984966158 0.40702924132347107 1186
1782984966160 0.4317319989204407 1187
1782984966161 0.3033451735973358 1188
1782984966162 0.22639010846614838 1189
1782984966163 0.46990928053855896 1190
1782984966165 0.3286302983760834 1191
1782984966166 0.36705368757247925 1192
1782984966167 0.514888346195221 1193
1782984966168 0.39338505268096924 1194
1782984966170 0.45597803592681885 1195
1782984966171 0.26328402757644653 1196
1782984966172 0.3577503561973572 1197
1782984966173 0.21220800280570984 1198
1782984966174 0.404485821723938 1199
1782984966176 0.5046894550323486 1200
1782984966177 0.2828921675682068 1201
1782984966178 0.31678226590156555 1202
1782984966179 0.7130701541900635 1203
1782984966181 0.3148159682750702 1204
1782984966182 0.41727960109710693 1205
1782984966183 0.44048720598220825 1206
1782984966185 0.39607927203178406 1207
1782984966186 0.46241965889930725 1208
1782984966187 0.30341795086860657 1209
1782984966188 0.5040326118469238 1210
1782984966190 0.5360068678855896 1211
1782984966191 0.5442764759063721 1212
1782984966192 0.4084705710411072 1213
1782984966193 0.4508512616157532 1214
1782984966195 0.36792153120040894 1215
1782984966196 0.533312201499939 1216
1782984966197 0.25283414125442505 1217
1782984966198 0.20039883255958557 1218
1782984966200 0.2663291394710541 1219
1782984966201 0.3749473989009857 1220
1782984966202 0.5606055855751038 1221
1782984966204 0.3813898265361786 1222
1782984966205 0.5327407717704773 1223
1782984966206 0.3447134792804718 1224
1782984966207 0.2120497226715088 1225
1782984966209 0.3152797818183899 1226
1782984966210 0.3553839921951294 1227
1782984966211 0.168603777885437 1228
1782984966212 0.23191243410110474 1229
1782984966214 0.26378992199897766 1230
1782984966215 0.2257680892944336 1231
1782984966216 0.34270575642585754 1232
1782984966217 0.6666837930679321 1233
1782984966219 0.22649644315242767 1234
1782984966220 0.34936967492103577 1235
1782984966221 0.44685178995132446 1236
1782984966222 0.5333239436149597 1237
1782984966224 0.49948862195014954 1238
1782984966225 0.5245069861412048 1239
1782984966226 0.2879432141780853 1240
1782984966228 0.43091610074043274 1241
1782984966229 0.5453843474388123 1242
1782984966230 0.16488060355186462 1243
1782984966231 0.35635891556739807 1244
1782984966233 0.24244976043701172 1245
1782984966234 0.4736713767051697 1246
1782984966235 0.3467952311038971 1247
1782984966236 0.47792696952819824 1248
1782984966238 0.3366854190826416 1249
1782984966239 0.5021328926086426 1250
1782984966240 0.3631705641746521 1251
1782984966241 0.42774221301078796 1252
1782984966243 0.5629539489746094 1253
1782984966244 0.3829902410507202 1254
1782984966245 0.3817586898803711 1255
1782984966246 0.33677905797958374 1256
1782984966248 0.19280460476875305 1257
1782984966249 0.32165589928627014 1258
1782984966250 0.45876118540763855 1259
1782984966252 0.21395470201969147 1260
1782984966253 0.4094119369983673 1261
1782984966254 0.3743823766708374 1262
1782984966255 0.2850039601325989 1263
1782984966257 0.2923307716846466 1264
1782984966258 0.2928329110145569 1265
1782984966259 0.49519237875938416 1266
1782984966260 0.24353280663490295 1267
1782984966262 0.36248600482940674 1268
1782984966263 0.4233754575252533 1269
1782984966264 0.419420063495636 1270
1782984966265 0.5873030424118042 1271
1782984966267 0.6162933707237244 1272
1782984966268 0.5407076478004456 1273
1782984966269 0.5393832325935364 1274
1782984966270 0.26280298829078674 1275
1782984966272 0.39395448565483093 1276
1782984966273 0.25747600197792053 1277
1782984966274 0.28360307216644287 1278
1782984966275 0.22641077637672424 1279
1782984966277 0.30654028058052063 1280
1782984966278 0.2777003347873688 1281
1782984966279 0.6227426528930664 1282
1782984966280 0.3052838146686554 1283
1782984966282 0.3934198021888733 1284
1782984966283 0.4300488531589508 1285
1782984966284 0.29196518659591675 1286
1782984966285 0.2046685814857483 1287
1782984966287 0.32249927520751953 1288
1782984966288 0.2557743787765503 1289
1782984966289 0.3860490918159485 1290
1782984966290 0.5981756448745728 1291
1782984966292 0.2884344160556793 1292
1782984966293 0.3185754716396332 1293
1782984966294 0.17368184030056 1294
1782984966295 0.5471438765525818 1295
1782984966297 0.31023356318473816 1296
1782984966298 0.6333947777748108 1297
1782984966300 0.25676682591438293 1298
1782984966301 0.8582553863525391 1299
1782984966302 0.5436046123504639 1300
1782984966303 0.45610660314559937 1301
1782984966305 0.35001340508461 1302
1782984966306 0.2726612687110901 1303
1782984966307 0.22933229804039001 1304
1782984966309 0.49395740032196045 1305
1782984966310 0.6030162572860718 1306
1782984966311 0.2651883065700531 1307
1782984966312 0.491271436214447 1308
1782984966314 0.39427846670150757 1309
1782984966315 0.23295319080352783 1310
1782984966316 0.16391630470752716 1311
1782984966318 0.8236739039421082 1312
1782984966319 0.4571339786052704 1313
1782984966320 0.42500197887420654 1314
1782984966321 0.24501797556877136 1315
1782984966323 0.5774745345115662 1316
1782984966324 0.32112228870391846 1317
1782984966325 0.4761441648006439 1318
1782984966326 0.4853658974170685 1319
1782984966328 0.2553718388080597 1320
1782984966329 0.3635038137435913 1321
1782984966330 0.2734328806400299 1322
1782984966332 0.20750008523464203 1323
1782984966333 0.4757634401321411 1324
1782984966334 0.39041638374328613 1325
1782984966335 0.5290603637695312 1326
1782984966337 0.49988216161727905 1327
1782984966338 0.3241150975227356 1328
1782984966339 0.38410380482673645 1329
1782984966340 0.28751662373542786 1330
1782984966342 0.2395501732826233 1331
1782984966343 0.4127819240093231 1332
1782984966344 0.262638658285141 1333
1782984966345 0.3220115005970001 1334
1782984966347 0.5533560514450073 1335
1782984966348 0.2540549337863922 1336
1782984966349 0.17424941062927246 1337
1782984966351 0.24432171881198883 1338
1782984966352 0.5486737489700317 1339
1782984966353 0.8088535666465759 1340
1782984966354 0.7155015468597412 1341
1782984966356 0.48136258125305176 1342
1782984966357 0.40397030115127563 1343
1782984966358 0.6295140385627747 1344
1782984966359 0.541749894618988 1345
1782984966361 0.3331716060638428 1346
1782984966362 0.32356923818588257 1347
1782984966363 0.5980391502380371 1348
1782984966365 0.2064623385667801 1349
1782984966366 0.1305389553308487 1350
1782984966367 0.47079625725746155 1351
1782984966368 0.2965553402900696 1352
1782984966370 0.5092473030090332 1353
1782984966371 0.5882853269577026 1354
1782984966372 0.6482394933700562 1355
1782984966373 0.32100909948349 1356
1782984966375 0.7629268169403076 1357
1782984966376 0.37321943044662476 1358
1782984966377 0.21665270626544952 1359
1782984966378 0.4734555184841156 1360
1782984966380 0.28193050622940063 1361
1782984966381 0.13808448612689972 1362
1782984966382 0.7554027438163757 1363
1782984966384 0.22014029324054718 1364
1782984966385 0.2254517823457718 1365
1782984966386 0.411257803440094 1366
1782984966387 0.2864336371421814 1367
1782984966389 0.20006291568279266 1368
1782984966390 0.21026383340358734 1369
1782984966391 0.1195879653096199 1370
1782984966392 0.7250890731811523 1371
1782984966394 0.253492146730423 1372
1782984966395 0.44881337881088257 1373
1782984966396 0.31828194856643677 1374
1782984966397 0.160051167011261 1375
1782984966399 0.5665951371192932 1376
1782984966400 0.24801236391067505 1377
1782984966401 0.2845904231071472 1378
1782984966403 0.3964327275753021 1379
1782984966404 0.5721109509468079 1380
1782984966405 0.3483276665210724 1381
1782984966406 0.45097288489341736 1382
1782984966408 0.6102108955383301 1383
1782984966409 0.7206846475601196 1384
1782984966410 0.37749990820884705 1385
1782984966411 0.7668593525886536 1386
1782984966413 0.880440354347229 1387
1782984966414 0.348273366689682 1388
1782984966415 0.16915027797222137 1389
1782984966416 0.38519319891929626 1390
1782984966418 0.45927929878234863 1391
1782984966419 0.366069495677948 1392
1782984966420 0.5015860199928284 1393
1782984966421 0.5262911319732666 1394
1782984966423 0.4914189875125885 1395
1782984966424 0.41390153765678406 1396
1782984966425 0.4478665292263031 1397
1782984966426 0.24803340435028076 1398
1782984966428 0.5697895884513855 1399
1782984966429 0.3263626992702484 1400
1782984966430 0.3638748824596405 1401
1782984966432 0.44867607951164246 1402
1782984966433 0.5520226955413818 1403
1782984966434 0.5056180357933044 1404
1782984966435 0.4163345992565155 1405
1782984966437 0.3028019070625305 1406
1782984966438 0.3826799988746643 1407
1782984966439 0.37302297353744507 1408
1782984966440 0.29268234968185425 1409
1782984966442 0.4560491442680359 1410
1782984966443 0.4098174273967743 1411
1782984966444 0.4839119017124176 1412
1782984966445 0.30929428339004517 1413
1782984966447 0.27426213026046753 1414
1782984966448 0.3358883261680603 1415
1782984966449 0.43288248777389526 1416
1782984966451 0.5676990151405334 1417
1782984966452 0.4922385513782501 1418
1782984966453 0.33281025290489197 1419
1782984966454 0.3744980990886688 1420
1782984966456 0.5850481390953064 1421
1782984966457 0.563645601272583 1422
1782984966458 0.3173622190952301 1423
1782984966459 0.23640736937522888 1424
1782984966461 0.6148464679718018 1425
1782984966462 0.7016909122467041 1426
1782984966463 0.5848388075828552 1427
1782984966464 0.2963770627975464 1428
1782984966466 0.33994731307029724 1429
1782984966467 0.41553258895874023 1430
1782984966468 0.25267332792282104 1431
1782984966469 0.37174829840660095 1432
1782984966471 0.5184130668640137 1433
1782984966472 0.22463670372962952 1434
1782984966473 0.49594756960868835 1435
1782984966475 0.7414642572402954 1436
1782984966476 0.5956658124923706 1437
1782984966477 0.3534137010574341 1438
1782984966478 0.19012120366096497 1439
1782984966480 0.2865746319293976 1440
1782984966481 0.20834890007972717 1441
1782984966482 0.39228036999702454 1442
1782984966483 0.14244268834590912 1443
1782984966485 0.390575110912323 1444
1782984966486 0.25359293818473816 1445
1782984966487 0.46628546714782715 1446
1782984966488 0.736171305179596 1447
1782984966490 0.22482554614543915 1448
1782984966491 0.4436112940311432 1449
1782984966492 0.5065968632698059 1450
1782984966493 0.39288827776908875 1451
1782984966495 0.4721652567386627 1452
1782984966496 0.13547219336032867 1453
1782984966497 0.8849782347679138 1454
1782984966499 0.6513959765434265 1455
1782984966500 0.25247815251350403 1456
1782984966501 0.32100212574005127 1457
1782984966503 0.9172548651695251 1458
1782984966504 0.6319106221199036 1459
1782984966505 0.5245598554611206 1460
1782984966506 0.592634916305542 1461
1782984966508 0.3095938563346863 1462
1782984966509 0.35162612795829773 1463
1782984966510 0.3735782504081726 1464
1782984966511 0.29723358154296875 1465
1782984966513 0.6299604773521423 1466
1782984966514 0.17676426470279694 1467
1782984966515 0.17355205118656158 1468
1782984966516 0.37068837881088257 1469
1782984966518 0.3378044366836548 1470
1782984966519 0.8930691480636597 1471
1782984966520 0.2779633700847626 1472
1782984966522 0.383379191160202 1473
1782984966523 0.4041534662246704 1474
1782984966524 0.37943100929260254 1475
1782984966525 0.208392933011055 1476
1782984966527 0.3663504719734192 1477
1782984966528 0.1538844108581543 1478
1782984966529 0.39262545108795166 1479
1782984966530 0.4085193872451782 1480
1782984966532 0.2017933577299118 1481
1782984966533 0.17680297791957855 1482
1782984966534 0.39611661434173584 1483
1782984966535 0.47371649742126465 1484
1782984966537 0.3741588294506073 1485
1782984966538 0.3447827100753784 1486
1782984966539 0.6137778759002686 1487
1782984966540 0.5238437056541443 1488
1782984966542 0.2317509651184082 1489
1782984966543 0.3877204656600952 1490
1782984966544 0.3255557715892792 1491
1782984966546 0.1857251524925232 1492
1782984966547 0.13729532063007355 1493
1782984966548 0.28610002994537354 1494
1782984966550 0.22457703948020935 1495
1782984966551 0.4093053340911865 1496
1782984966552 0.4375357925891876 1497
1782984966553 0.32166925072669983 1498
1782984966555 0.3817310333251953 1499
1782984966556 0.3211062550544739 1500
1782984966557 0.35934314131736755 1501
1782984966558 0.4154703915119171 1502
1782984966560 0.389773964881897 1503
1782984966561 0.43741685152053833 1504
1782984966562 0.4556041955947876 1505
1782984966563 0.2257279008626938 1506
1782984966565 0.5052691102027893 1507
1782984966566 0.7272692918777466 1508
1782984966567 0.18054337799549103 1509
1782984966569 0.37604010105133057 1510
1782984966570 0.3377712666988373 1511
1782984966571 0.3687979578971863 1512
1782984966572 0.7900095582008362 1513
1782984966574 0.3876633644104004 1514
1782984966575 0.344413161277771 1515
1782984966576 0.2367546707391739 1516
1782984966577 0.605725109577179 1517
1782984966579 0.3666938543319702 1518
1782984966580 0.29963281750679016 1519
1782984966581 0.32389840483665466 1520
1782984966582 0.27388301491737366 1521
1782984966584 0.6964202523231506 1522
1782984966585 0.2347216010093689 1523
1782984966586 0.25844284892082214 1524
1782984966588 0.15534546971321106 1525
1782984966589 0.4517552852630615 1526
1782984966590 0.2706676721572876 1527
1782984966591 0.3822828531265259 1528
1782984966593 0.1578865796327591 1529
1782984966594 0.24375122785568237 1530
1782984966595 0.6759560108184814 1531
1782984966597 0.278609961271286 1532
1782984966598 0.64559006690979 1533
1782984966599 0.20254479348659515 1534
1782984966601 0.2753084897994995 1535
1782984966602 0.14732185006141663 1536
1782984966603 0.5807996392250061 1537
1782984966604 0.2828301787376404 1538
1782984966606 0.44117414951324463 1539
1782984966607 0.5123506784439087 1540
1782984966608 0.4084732234477997 1541
1782984966609 0.4291313588619232 1542
1782984966611 0.2569564878940582 1543
1782984966612 0.4334184229373932 1544
1782984966613 0.23414477705955505 1545
1782984966615 0.12093521654605865 1546
1782984966616 0.2101287692785263 1547
1782984966617 0.3879880905151367 1548
1782984966618 0.5960481762886047 1549
1782984966620 0.29994943737983704 1550
1782984966621 0.2917381227016449 1551
1782984966622 0.1658666580915451 1552
1782984966623 0.31177496910095215 1553
1782984966625 0.2462882399559021 1554
1782984966626 0.7270078659057617 1555
1782984966627 0.13202215731143951 1556
1782984966629 0.42357248067855835 1557
1782984966630 0.3713957369327545 1558
1782984966631 0.15158867835998535 1559
1782984966632 0.14595358073711395 1560
1782984966634 0.36180877685546875 1561
1782984966635 0.3655182123184204 1562
1782984966636 0.864118218421936 1563
1782984966637 0.598820149898529 1564
1782984966639 0.35155490040779114 1565
1782984966640 0.22716134786605835 1566
1782984966641 0.8152563571929932 1567
1782984966642 0.37097087502479553 1568
1782984966644 0.3515159487724304 1569
1782984966645 0.5894355773925781 1570
1782984966646 0.23920001089572906 1571
1782984966647 0.3634505271911621 1572
1782984966649 0.4252743124961853 1573
1782984966650 0.3894157111644745 1574
1782984966651 0.4877850115299225 1575
1782984966652 0.37299907207489014 1576
1782984966654 0.37315449118614197 1577
1782984966655 0.35799190402030945 1578
1782984966656 0.6031622886657715 1579
1782984966658 0.42089423537254333 1580
1782984966659 0.3544482886791229 1581
1782984966660 0.39075136184692383 1582
1782984966661 0.22398051619529724 1583
1782984966663 0.29496029019355774 1584
1782984966664 0.25391772389411926 1585
1782984966665 0.29859459400177 1586
1782984966666 0.3014214038848877 1587
1782984966668 0.4746537208557129 1588
1782984966669 0.21493135392665863 1589
1782984966670 0.44706737995147705 1590
1782984966671 0.37139952182769775 1591
1782984966673 0.1387450098991394 1592
1782984966674 0.23581179976463318 1593
1782984966675 0.5708231329917908 1594
1782984966676 0.5419213771820068 1595
1782984966678 0.3540246784687042 1596
1782984966679 0.3269709646701813 1597
1782984966680 0.49485015869140625 1598
1782984966681 0.4394596815109253 1599
1782984966683 0.23289944231510162 1600
1782984966684 0.21805107593536377 1601
1782984966685 0.8314740061759949 1602
1782984966686 0.4535773992538452 1603
1782984966688 0.4664600193500519 1604
1782984966689 0.1387975811958313 1605
1782984966690 0.4772682189941406 1606
1782984966691 0.6915177702903748 1607
1782984966693 0.3073338568210602 1608
1782984966694 0.45905762910842896 1609
1782984966695 0.3317302465438843 1610
1782984966696 0.2908308506011963 1611
1782984966698 0.4583176374435425 1612
1782984966699 1.0270988941192627 1613
1782984966700 0.43071675300598145 1614
1782984966702 0.4203503131866455 1615
1782984966703 0.21233312785625458 1616
1782984966705 0.5737199187278748 1617
1782984966706 0.24029582738876343 1618
1782984966707 0.42759156227111816 1619
1782984966709 0.3683389127254486 1620
1782984966710 0.3331640064716339 1621
1782984966711 0.39457404613494873 1622
1782984966712 0.6079142093658447 1623
1782984966714 0.4376886188983917 1624
1782984966715 0.11848335713148117 1625
1782984966716 0.3022768199443817 1626
1782984966718 0.6085091829299927 1627
1782984966719 0.24349918961524963 1628
1782984966720 0.35815632343292236 1629
1782984966721 0.1431923508644104 1630
1782984966723 0.2626930773258209 1631
1782984966724 0.23636551201343536 1632
1782984966725 0.31800293922424316 1633
1782984966727 0.2824324667453766 1634
1782984966728 0.38929083943367004 1635
1782984966729 0.6408767104148865 1636
1782984966730 0.34984657168388367 1637
1782984966732 0.1497110277414322 1638
1782984966733 0.33280637860298157 1639
1782984966734 0.24388015270233154 1640
1782984966735 0.25032615661621094 1641
1782984966737 0.5231813192367554 1642
1782984966738 0.16939455270767212 1643
1782984966739 0.3409724533557892 1644
1782984966741 0.24726267158985138 1645
1782984966742 0.2589287757873535 1646
1782984966743 0.4421749711036682 1647
1782984966744 0.3735412359237671 1648
1782984966746 0.3256642520427704 1649
1782984966747 0.467504620552063 1650
1782984966748 0.4382812976837158 1651
1782984966749 0.29971927404403687 1652
1782984966751 0.3058190941810608 1653
1782984966752 0.3693080544471741 1654
1782984966753 0.3942984640598297 1655
1782984966754 0.37965157628059387 1656
1782984966756 0.12700572609901428 1657
1782984966757 0.5965463519096375 1658
1782984966758 0.6097784042358398 1659
1782984966759 0.4174591302871704 1660
1782984966761 0.1529597043991089 1661
1782984966762 0.29573675990104675 1662
1782984966763 0.18192701041698456 1663
1782984966764 0.38998639583587646 1664
1782984966766 0.23774860799312592 1665
1782984966767 0.3879295289516449 1666
1782984966768 0.7554773688316345 1667
1782984966769 0.4726950526237488 1668
1782984966771 0.5038437247276306 1669
1782984966772 0.7438783645629883 1670
1782984966773 0.4509492814540863 1671
1782984966775 0.1983039379119873 1672
1782984966776 0.5729958415031433 1673
1782984966777 0.18571439385414124 1674
1782984966778 0.45758089423179626 1675
1782984966780 0.42780211567878723 1676
1782984966781 0.3694918155670166 1677
1782984966782 0.5349238514900208 1678
1782984966783 0.4439883530139923 1679
1782984966785 0.14365844428539276 1680
1782984966786 0.2945214509963989 1681
1782984966787 0.27413210272789 1682
1782984966788 0.5734122395515442 1683
1782984966790 0.3475443124771118 1684
1782984966791 0.4258413314819336 1685
1782984966792 0.4395129084587097 1686
1782984966793 0.1551576405763626 1687
1782984966795 0.295413613319397 1688
1782984966796 0.30253154039382935 1689
1782984966797 0.31996503472328186 1690
1782984966798 0.43881911039352417 1691
1782984966800 0.3248990774154663 1692
1782984966801 0.6763495206832886 1693
1782984966802 0.2313651442527771 1694
1782984966803 0.30403926968574524 1695
1782984966805 0.3435437083244324 1696
1782984966806 0.2789018154144287 1697
1782984966807 0.22781631350517273 1698
1782984966808 0.3700787127017975 1699
1782984966810 0.36654701828956604 1700
1782984966811 0.2034793198108673 1701
1782984966812 0.641295850276947 1702
1782984966813 0.28720518946647644 1703
1782984966815 0.4076566696166992 1704
1782984966816 0.3048064410686493 1705
1782984966817 0.1786065250635147 1706
1782984966818 0.26433971524238586 1707
1782984966819 0.4863033592700958 1708
1782984966821 0.6459312438964844 1709
1782984966822 0.5949433445930481 1710
1782984966823 0.3619016706943512 1711
1782984966824 0.32704195380210876 1712
1782984966826 0.45073363184928894 1713
1782984966827 0.18169067800045013 1714
1782984966828 0.19949379563331604 1715
1782984966829 0.17668385803699493 1716
1782984966831 0.519128143787384 1717
1782984966832 0.24753010272979736 1718
1782984966833 0.3952062726020813 1719
1782984966834 0.3654096722602844 1720
1782984966835 0.1890038251876831 1721
1782984966837 0.31315597891807556 1722
1782984966838 0.1546342968940735 1723
1782984966839 0.27046626806259155 1724
1782984966840 0.2948193848133087 1725
1782984966842 0.23802995681762695 1726
1782984966843 0.27905938029289246 1727
1782984966844 0.2794570326805115 1728
1782984966845 0.7222970128059387 1729
1782984966846 0.3776223361492157 1730
1782984966848 0.33095142245292664 1731
1782984966849 0.5080653429031372 1732
1782984966850 0.24891208112239838 1733
1782984966851 0.436158150434494 1734
1782984966853 0.347389817237854 1735
1782984966854 0.469092458486557 1736
1782984966855 0.16560737788677216 1737
1782984966856 0.3005812168121338 1738
1782984966858 0.4744795262813568 1739
1782984966859 0.1351434886455536 1740
1782984966860 0.48874524235725403 1741
1782984966862 0.32821765542030334 1742
1782984966863 0.391653835773468 1743
1782984966864 0.2748100161552429 1744
1782984966865 0.2567090094089508 1745
1782984966867 0.3809293806552887 1746
1782984966868 0.5180893540382385 1747
1782984966869 0.3144551217556 1748
1782984966870 0.48002368211746216 1749
1782984966871 0.21519246697425842 1750
1782984966873 0.10954182595014572 1751
1782984966874 0.289921373128891 1752
1782984966875 0.2527892291545868 1753
1782984966876 0.6896612644195557 1754
1782984966878 0.37615931034088135 1755
1782984966879 0.29345548152923584 1756
1782984966880 0.3482056260108948 1757
1782984966881 0.3049372434616089 1758
1782984966883 0.5358088612556458 1759
1782984966884 0.5232297778129578 1760
1782984966885 0.220464825630188 1761
1782984966886 0.4874516725540161 1762
1782984966888 0.2177349179983139 1763
1782984966889 0.3185487687587738 1764
1782984966890 0.4391246438026428 1765
1782984966891 0.4585701823234558 1766
1782984966893 0.5600756406784058 1767
1782984966894 0.1618349701166153 1768
1782984966895 0.3220159113407135 1769
1782984966896 0.27696746587753296 1770
1782984966897 0.2482367902994156 1771
1782984966899 0.2004966139793396 1772
1782984966900 0.45300528407096863 1773
1782984966901 0.20462603867053986 1774
1782984966903 0.15736928582191467 1775
1782984966904 0.44454705715179443 1776
1782984966905 0.42413315176963806 1777
1782984966906 0.4037507176399231 1778
1782984966908 0.3014482855796814 1779
1782984966909 0.16424933075904846 1780
1782984966910 0.45132026076316833 1781
1782984966911 0.6553751826286316 1782
1782984966913 0.1878322809934616 1783
1782984966914 0.2737007141113281 1784
1782984966915 0.4514073133468628 1785
1782984966916 0.33205825090408325 1786
1782984966918 0.6160420179367065 1787
1782984966919 0.11167830973863602 1788
1782984966920 0.39531752467155457 1789
1782984966921 0.550503671169281 1790
1782984966923 0.2907794415950775 1791
1782984966924 0.38401108980178833 1792
1782984966925 0.18764755129814148 1793
1782984966927 0.38182151317596436 1794
1782984966928 0.1515142023563385 1795
1782984966929 0.3077595829963684 1796
1782984966930 0.4551011919975281 1797
1782984966932 0.291408896446228 1798
1782984966933 0.42097368836402893 1799
1782984966934 0.1479589194059372 1800
1782984966935 0.3211669921875 1801
1782984966937 0.12196055054664612 1802
1782984966938 0.31340622901916504 1803
1782984966939 0.2010163515806198 1804
1782984966940 0.16348491609096527 1805
1782984966942 0.3091844916343689 1806
1782984966943 0.1745576560497284 1807
1782984966944 0.20702522993087769 1808
1782984966945 0.2605082094669342 1809
1782984966947 0.330626904964447 1810
1782984966949 0.2038658708333969 1811
1782984966950 0.3149091303348541 1812
1782984966951 0.16909587383270264 1813
1782984966952 0.46936649084091187 1814
1782984966954 0.35096874833106995 1815
1782984966955 0.3006778061389923 1816
1782984966956 0.28978022933006287 1817
1782984966957 0.15725713968276978 1818
1782984966958 0.11142081022262573 1819
1782984966960 0.3043608069419861 1820
1782984966961 0.24314899742603302 1821
1782984966962 0.1978887915611267 1822
1782984966963 0.36474260687828064 1823
1782984966965 0.17089927196502686 1824
1782984966966 0.1437007188796997 1825
1782984966967 0.31105944514274597 1826
1782984966968 0.37038812041282654 1827
1782984966970 0.275881826877594 1828
1782984966971 0.21182788908481598 1829
1782984966972 0.4632773697376251 1830
1782984966973 0.4754721522331238 1831
1782984966975 0.4106714427471161 1832
1782984966976 0.2675788402557373 1833
1782984966977 0.6846932768821716 1834
1782984966978 0.24451562762260437 1835
1782984966980 0.3481004238128662 1836
1782984966981 0.5372107625007629 1837
1782984966982 0.27581289410591125 1838
1782984966983 0.26235759258270264 1839
1782984966985 0.45424628257751465 1840
1782984966986 0.2629430294036865 1841
1782984966987 0.40970051288604736 1842
1782984966988 0.30848807096481323 1843
1782984966990 0.32334616780281067 1844
1782984966991 0.3577343225479126 1845
1782984966992 0.6753252744674683 1846
1782984966993 0.3316987156867981 1847
1782984966995 0.4894017279148102 1848
1782984966996 0.3109368085861206 1849
1782984966997 0.13372263312339783 1850
1782984966999 0.30803918838500977 1851
1782984967000 0.572730541229248 1852
1782984967002 0.6276089549064636 1853
1782984967003 0.6005184054374695 1854
1782984967004 0.4140380024909973 1855
1782984967005 0.44851917028427124 1856
1782984967007 0.3702941834926605 1857
1782984967008 0.19305925071239471 1858
1782984967009 0.7512801885604858 1859
1782984967010 0.6318064332008362 1860
1782984967012 0.22509033977985382 1861
1782984967013 0.9387627243995667 1862
1782984967014 0.5650611519813538 1863
1782984967016 0.2190924733877182 1864
1782984967017 0.29122644662857056 1865
1782984967018 0.5224120616912842 1866
1782984967019 0.36020830273628235 1867
1782984967021 0.17625996470451355 1868
1782984967022 0.28326550126075745 1869
1782984967023 0.2402949035167694 1870
1782984967024 0.138626828789711 1871
1782984967025 0.39281731843948364 1872
1782984967027 0.7448474764823914 1873
1782984967028 0.1906162053346634 1874
1782984967135 0.47324177622795105 1875
1782984967137 0.30704158544540405 1876
1782984967138 0.5008115172386169 1877
1782984967139 0.6072256565093994 1878
1782984967140 0.4078691303730011 1879
1782984967142 0.31861060857772827 1880
1782984967143 0.5008463263511658 1881
1782984967144 0.43708398938179016 1882
1782984967145 0.3968065083026886 1883
1782984967147 0.19373629987239838 1884
1782984967148 0.36417704820632935 1885
1782984967149 0.2933630049228668 1886
1782984967150 0.41109439730644226 1887
1782984967152 0.5256036520004272 1888
1782984967153 0.1751217544078827 1889
1782984967154 0.4269735813140869 1890
1782984967155 0.42978954315185547 1891
1782984967157 0.4464496076107025 1892
1782984967158 0.2779899835586548 1893
1782984967159 0.370989590883255 1894
1782984967161 0.22980104386806488 1895
1782984967162 0.4456470310688019 1896
1782984967163 0.30493640899658203 1897
1782984967164 0.7944024801254272 1898
1782984967166 0.512108325958252 1899
1782984967167 0.37305590510368347 1900
1782984967168 0.339099258184433 1901
1782984967169 0.17150428891181946 1902
1782984967171 0.23111675679683685 1903
1782984967172 0.17978036403656006 1904
1782984967173 0.31973502039909363 1905
1782984967174 0.19125477969646454 1906
1782984967176 0.33899593353271484 1907
1782984967177 0.26689064502716064 1908
1782984967178 0.3707920014858246 1909
1782984967179 0.30803513526916504 1910
1782984967181 0.18034446239471436 1911
1782984967182 0.3252813220024109 1912
1782984967183 0.227220818400383 1913
1782984967184 0.3813404142856598 1914
1782984967186 0.32902976870536804 1915
1782984967187 0.510665237903595 1916
1782984967188 0.38666853308677673 1917
1782984967189 0.1384265124797821 1918
1782984967191 0.3997780382633209 1919
1782984967192 0.17126168310642242 1920
1782984967193 0.19407539069652557 1921
1782984967194 0.15747474133968353 1922
1782984967196 0.37477338314056396 1923
1782984967197 0.23062793910503387 1924
1782984967198 0.8293259143829346 1925
1782984967199 0.391348659992218 1926
1782984967201 0.25898900628089905 1927
1782984967202 0.2522124946117401 1928
1782984967203 0.17675285041332245 1929
1782984967205 0.3842425048351288 1930
1782984967207 0.11617100983858109 1931
1782984967208 0.5074477791786194 1932
1782984967210 0.17831698060035706 1933
1782984967211 0.8138526678085327 1934
1782984967212 0.17049062252044678 1935
1782984967213 0.3409558832645416 1936
1782984967215 0.3171146512031555 1937
1782984967216 0.1606406420469284 1938
1782984967217 0.39680221676826477 1939
1782984967218 0.1916458159685135 1940
1782984967220 0.3814656734466553 1941
1782984967221 0.2848172187805176 1942
1782984967222 0.3489542603492737 1943
1782984967223 0.20865413546562195 1944
1782984967225 0.36308953166007996 1945
1782984967227 0.5392420887947083 1946
1782984967228 0.4148053526878357 1947
1782984967229 0.28295978903770447 1948
1782984967230 0.24379028379917145 1949
1782984967232 0.15523090958595276 1950
1782984967233 0.2429111748933792 1951
1782984967234 0.4179106056690216 1952
1782984967235 0.33359476923942566 1953
1782984967237 0.4504774212837219 1954
1782984967238 0.42192625999450684 1955
1782984967239 0.27165111899375916 1956
1782984967240 0.23277275264263153 1957
1782984967242 0.15372776985168457 1958
1782984967243 0.3552505075931549 1959
1782984967244 0.4439612030982971 1960
1782984967245 0.34943196177482605 1961
1782984967247 0.7438395023345947 1962
1782984967248 0.3867468535900116 1963
1782984967249 0.3803853690624237 1964
1782984967251 0.5785109996795654 1965
1782984967252 0.21243973076343536 1966
1782984967253 0.43531957268714905 1967
1782984967254 0.24384944140911102 1968
1782984967256 0.36321765184402466 1969
1782984967257 0.24268405139446259 1970
1782984967258 0.1301559954881668 1971
1782984967259 0.24260647594928741 1972
1782984967261 0.2565677762031555 1973
1782984967262 0.23119723796844482 1974
1782984967263 0.4039447605609894 1975
1782984967265 0.16167552769184113 1976
1782984967266 0.2077770233154297 1977
1782984967267 0.5242141485214233 1978
1782984967268 0.33223798871040344 1979
1782984967270 0.3837193250656128 1980
1782984967271 0.5603234767913818 1981
1782984967272 0.28187885880470276 1982
1782984967273 0.46819987893104553 1983
1782984967275 0.38416048884391785 1984
1782984967276 0.5122161507606506 1985
1782984967277 0.3134973347187042 1986
1782984967279 0.07804116606712341 1987
1782984967280 0.24997322261333466 1988
1782984967281 0.22868528962135315 1989
1782984967282 0.22506865859031677 1990
1782984967284 0.28933003544807434 1991
1782984967285 0.4859018325805664 1992
1782984967286 0.16140371561050415 1993
1782984967287 0.14436174929141998 1994
1782984967289 0.32253050804138184 1995
1782984967290 0.18140245974063873 1996
1782984967291 0.9441920518875122 1997
1782984967293 0.20226813852787018 1998
1782984967294 0.40011271834373474 1999
1782984967295 0.7156059145927429 2000
1782984967296 0.49435409903526306 2001
1782984967298 0.43309950828552246 2002
1782984967299 0.11421829462051392 2003
1782984967300 0.3655388653278351 2004
1782984967302 0.36231330037117004 2005
1782984967303 0.20235399901866913 2006
1782984967304 0.2337070256471634 2007
1782984967306 0.29250478744506836 2008
1782984967307 0.504680871963501 2009
1782984967308 0.33830201625823975 2010
1782984967309 0.7050703167915344 2011
1782984967311 0.3803548514842987 2012
1782984967312 0.14574909210205078 2013
1782984967313 0.6269645094871521 2014
1782984967314 0.35978636145591736 2015
1782984967316 0.14716604351997375 2016
1782984967317 0.49537497758865356 2017
1782984967318 0.7508331537246704 2018
1782984967320 0.2560105621814728 2019
1782984967321 0.26056984066963196 2020
1782984967322 0.1586453914642334 2021
1782984967323 0.21391792595386505 2022
1782984967325 0.2989874482154846 2023
1782984967326 0.29002636671066284 2024
1782984967327 0.06915124505758286 2025
1782984967328 0.21234232187271118 2026
1782984967330 0.34653618931770325 2027
1782984967331 0.39433395862579346 2028
1782984967332 0.20889230072498322 2029
1782984967334 0.47139474749565125 2030
1782984967335 0.44898054003715515 2031
1782984967336 0.13332851231098175 2032
1782984967338 0.3337697982788086 2033
1782984967339 0.2679254114627838 2034
1782984967340 0.48062050342559814 2035
1782984967341 0.29378652572631836 2036
1782984967343 0.49312856793403625 2037
1782984967344 0.25000542402267456 2038
1782984967345 0.1621701717376709 2039
1782984967346 0.18029703199863434 2040
1782984967348 0.34629708528518677 2041
1782984967349 0.28061243891716003 2042
1782984967350 0.20885156095027924 2043
1782984967351 0.11008273810148239 2044
1782984967353 0.4031944274902344 2045
1782984967354 0.3722952604293823 2046
1782984967355 0.4815414845943451 2047
1782984967356 0.31981217861175537 2048
1782984967358 0.15665213763713837 2049
1782984967359 0.25807154178619385 2050
1782984967360 0.32528889179229736 2051
1782984967362 0.20358985662460327 2052
1782984967363 0.2374834418296814 2053
1782984967364 0.3166871964931488 2054
1782984967365 0.1664980947971344 2055
1782984967367 0.23964211344718933 2056
1782984967368 0.2413351684808731 2057
1782984967369 0.48355501890182495 2058
1782984967371 0.23768353462219238 2059
1782984967372 0.20257219672203064 2060
1782984967373 0.08958812803030014 2061
1782984967374 0.06592918187379837 2062
1782984967376 0.27499404549598694 2063
1782984967377 0.26739421486854553 2064
1782984967378 0.4334265887737274 2065
1782984967379 0.34930136799812317 2066
1782984967381 0.21289928257465363 2067
1782984967382 0.37406355142593384 2068
1782984967383 0.20737136900424957 2069
1782984967384 0.0946853831410408 2070
1782984967386 0.3884013295173645 2071
1782984967387 0.2762676477432251 2072
1782984967388 0.3882488012313843 2073
1782984967389 0.6392533779144287 2074
1782984967391 0.3547786474227905 2075
1782984967392 0.3265390396118164 2076
1782984967393 0.3985062539577484 2077
1782984967395 0.1814144104719162 2078
1782984967396 0.5444779992103577 2079
1782984967397 0.30878275632858276 2080
1782984967399 0.1928887814283371 2081
1782984967400 0.17566804587841034 2082
1782984967401 0.28938016295433044 2083
1782984967402 0.3350389897823334 2084
1782984967404 0.3725326955318451 2085
1782984967405 0.20117950439453125 2086
1782984967406 0.353208065032959 2087
1782984967407 0.12615175545215607 2088
1782984967409 0.2976844310760498 2089
1782984967410 0.4887275993824005 2090
1782984967411 0.5570785999298096 2091
1782984967413 0.37273550033569336 2092
1782984967414 0.28136953711509705 2093
1782984967415 0.5973528027534485 2094
1782984967417 0.20189771056175232 2095
1782984967418 0.12772847712039948 2096
1782984967419 0.2779681384563446 2097
1782984967420 0.2900432348251343 2098
1782984967422 0.5759552121162415 2099
1782984967423 0.264620840549469 2100
1782984967424 0.09753186255693436 2101
1782984967425 0.678225040435791 2102
1782984967427 0.2664409279823303 2103
1782984967428 0.3665222227573395 2104
1782984967429 0.1963074803352356 2105
1782984967430 0.297435998916626 2106
1782984967432 0.6558008193969727 2107
1782984967433 0.20472639799118042 2108
1782984967434 0.3496966063976288 2109
1782984967436 0.5294468998908997 2110
1782984967437 0.7165335416793823 2111
1782984967438 0.4363856911659241 2112
1782984967440 0.608618438243866 2113
1782984967441 0.3558930456638336 2114
1782984967442 0.17872022092342377 2115
1782984967443 0.33282670378685 2116
1782984967444 0.6644812822341919 2117
1782984967446 0.25325730443000793 2118
1782984967447 0.32321107387542725 2119
1782984967448 0.11850287765264511 2120
1782984967450 0.2117646336555481 2121
1782984967451 0.269055038690567 2122
1782984967452 0.46544164419174194 2123
1782984967453 0.25440019369125366 2124
1782984967454 0.4932362735271454 2125
1782984967456 0.5325453877449036 2126
1782984967457 0.34351345896720886 2127
1782984967458 0.6447337865829468 2128
1782984967459 0.30202460289001465 2129
1782984967461 0.1421172022819519 2130
1782984967462 0.2205323427915573 2131
1782984967463 0.29373738169670105 2132
1782984967464 0.5762572288513184 2133
1782984967466 0.6168322563171387 2134
1782984967467 0.16298215091228485 2135
1782984967468 0.2667238116264343 2136
1782984967469 0.36987584829330444 2137
1782984967470 0.26957088708877563 2138
1782984967472 0.40634602308273315 2139
1782984967473 0.28667616844177246 2140
1782984967474 0.32448750734329224 2141
1782984967475 0.2900412380695343 2142
1782984967477 0.3215307891368866 2143
1782984967478 1.2256330251693726 2144
1782984967479 0.14345814287662506 2145
1782984967480 0.1620352864265442 2146
1782984967482 0.27588850259780884 2147
1782984967483 0.20095200836658478 2148
1782984967484 0.39404410123825073 2149
1782984967485 0.16338121891021729 2150
1782984967486 0.40188896656036377 2151
1782984967488 0.2856598198413849 2152
1782984967489 0.4333612322807312 2153
1782984967490 0.4547976851463318 2154
1782984967491 0.301420658826828 2155
1782984967493 0.4429112672805786 2156
1782984967494 0.27369144558906555 2157
1782984967495 0.18190543353557587 2158
1782984967496 0.5475308299064636 2159
1782984967498 0.3606826961040497 2160
1782984967499 0.35169002413749695 2161
1782984967500 0.45179983973503113 2162
1782984967502 0.26570209860801697 2163
1782984967503 0.6429000496864319 2164
1782984967504 0.5889877080917358 2165
1782984967505 0.343703955411911 2166
1782984967507 0.5578845739364624 2167
1782984967508 0.4326728284358978 2168
1782984967509 0.5417084097862244 2169
1782984967510 0.24953590333461761 2170
1782984967512 0.292082816362381 2171
1782984967513 0.15884794294834137 2172
1782984967514 0.2519826292991638 2173
1782984967515 0.22813639044761658 2174
1782984967517 0.18047192692756653 2175
1782984967518 0.3685995638370514 2176
1782984967519 0.5034987926483154 2177
1782984967520 0.37374335527420044 2178
1782984967522 0.2491825371980667 2179
1782984967523 0.23681078851222992 2180
1782984967524 0.384740948677063 2181
1782984967525 0.5914193391799927 2182
1782984967527 0.3432953655719757 2183
1782984967528 0.5086645483970642 2184
1782984967529 0.24634785950183868 2185
1782984967530 0.11970177292823792 2186
1782984967532 0.4044803977012634 2187
1782984967533 0.2032099813222885 2188
1782984967534 0.31418436765670776 2189
1782984967535 0.18026065826416016 2190
1782984967537 0.25932666659355164 2191
1782984967538 0.4401044547557831 2192
1782984967539 0.09145325422286987 2193
1782984967540 0.3422468900680542 2194
1782984967542 0.848917543888092 2195
1782984967543 0.1952791064977646 2196
1782984967544 0.26340532302856445 2197
1782984967545 0.43057698011398315 2198
1782984967547 0.6478561758995056 2199
1782984967548 0.1942233145236969 2200
1782984967549 0.23304837942123413 2201
1782984967550 0.19998516142368317 2202
1782984967552 0.4432351589202881 2203
1782984967553 0.3108975291252136 2204
1782984967554 0.2734079957008362 2205
1782984967555 0.16187798976898193 2206
1782984967557 0.44269463419914246 2207
1782984967558 0.3664571940898895 2208
1782984967559 0.13848957419395447 2209
1782984967560 0.10013912618160248 2210
1782984967562 0.16019099950790405 2211
1782984967563 0.17175860702991486 2212
1782984967564 0.3511553406715393 2213
1782984967565 0.31906771659851074 2214
1782984967567 0.6305638551712036 2215
1782984967568 0.24855896830558777 2216
1782984967569 0.15985968708992004 2217
1782984967570 0.25697967410087585 2218
1782984967571 0.13245150446891785 2219
1782984967573 0.2619088590145111 2220
1782984967574 0.5304309725761414 2221
1782984967575 0.2529481053352356 2222
1782984967576 0.3609822690486908 2223
1782984967578 0.20500877499580383 2224
1782984967579 0.4646117389202118 2225
1782984967581 1.0805928707122803 2226
1782984967582 0.21710124611854553 2227
1782984967583 0.3557365834712982 2228
1782984967585 0.1553570032119751 2229
1782984967586 0.46444520354270935 2230
1782984967587 0.23398391902446747 2231
1782984967588 0.47861146926879883 2232
1782984967590 0.23638556897640228 2233
1782984967591 0.2791662812232971 2234
1782984967592 0.17733341455459595 2235
1782984967593 0.10456611961126328 2236
1782984967595 0.29054081439971924 2237
1782984967596 0.5066354274749756 2238
1782984967597 0.24109908938407898 2239
1782984967598 0.30975720286369324 2240
1782984967600 0.2479614019393921 2241
1782984967601 0.08983808010816574 2242
1782984967603 0.12016558647155762 2243
1782984967604 0.501018762588501 2244
1782984967605 0.24736973643302917 2245
1782984967606 0.3737504780292511 2246
1782984967608 0.38611435890197754 2247
1782984967609 0.23395217955112457 2248
1782984967610 0.4163532853126526 2249
1782984967611 0.11329489946365356 2250
1782984967613 0.18752413988113403 2251
1782984967614 0.1696140170097351 2252
1782984967615 0.14437235891819 2253
1782984967616 0.5114112496376038 2254
1782984967618 0.49973729252815247 2255
1782984967619 0.25829654932022095 2256
1782984967620 0.3426989018917084 2257
1782984967621 0.40593481063842773 2258
1782984967622 0.16114623844623566 2259
1782984967624 0.3295881152153015 2260
1782984967625 0.6602073907852173 2261
1782984967626 0.5225245356559753 2262
1782984967627 0.37050530314445496 2263
1782984967629 0.24256488680839539 2264
1782984967630 0.20504125952720642 2265
1782984967631 0.29369500279426575 2266
1782984967632 0.45487433671951294 2267
1782984967634 0.47405871748924255 2268
1782984967635 0.2852284908294678 2269
1782984967636 0.38041338324546814 2270
1782984967637 0.3004983365535736 2271
1782984967639 0.3649348318576813 2272
1782984967640 0.13309632241725922 2273
1782984967641 0.3764272928237915 2274
1782984967642 0.33222219347953796 2275
1782984967644 0.21153095364570618 2276
1782984967645 0.4381982684135437 2277
1782984967646 0.37171101570129395 2278
1782984967647 0.5964488387107849 2279
1782984967649 0.2107214629650116 2280
1782984967650 0.5023556351661682 2281
1782984967651 0.28306132555007935 2282
1782984967652 0.12632369995117188 2283
1782984967654 0.34088337421417236 2284
1782984967655 0.2598937153816223 2285
1782984967656 0.18264132738113403 2286
1782984967657 0.3698079288005829 2287
1782984967659 0.32461658120155334 2288
1782984967660 0.2746177315711975 2289
1782984967661 0.4245516061782837 2290
1782984967662 0.5742372870445251 2291
1782984967664 0.4095540940761566 2292
1782984967665 0.49942758679389954 2293
1782984967666 0.3665243983268738 2294
1782984967668 0.4627249240875244 2295
1782984967669 0.2504024803638458 2296
1782984967670 0.5450865626335144 2297
1782984967672 0.23751290142536163 2298
1782984967673 0.37463295459747314 2299
1782984967674 0.44761207699775696 2300
1782984967676 0.4492235779762268 2301
1782984967677 0.13681066036224365 2302
1782984967678 0.7834210991859436 2303
1782984967680 0.19766266644001007 2304
1782984967681 0.39331069588661194 2305
1782984967682 0.42746782302856445 2306
1782984967683 0.58597731590271 2307
1782984967685 0.49364301562309265 2308
1782984967686 0.16439025104045868 2309
1782984967687 0.25115513801574707 2310
1782984967689 0.19941918551921844 2311
1782984967690 0.09253279864788055 2312
1782984967691 0.3705250024795532 2313
1782984967693 0.21002811193466187 2314
1782984967694 0.6083940267562866 2315
1782984967695 0.1908174455165863 2316
1782984967697 0.3925139904022217 2317
1782984967698 0.5546805262565613 2318
1782984967699 0.13169999420642853 2319
1782984967701 0.19920043647289276 2320
1782984967702 0.29040026664733887 2321
1782984967703 0.5785603523254395 2322
1782984967705 0.5554260611534119 2323
1782984967706 0.19965724647045135 2324
1782984967707 0.29797425866127014 2325
1782984967709 0.09498871117830276 2326
1782984967710 0.6129035353660583 2327
1782984967711 0.29466378688812256 2328
1782984967712 0.4814165532588959 2329
1782984967714 0.28942805528640747 2330
1782984967715 0.48622414469718933 2331
1782984967716 0.37671300768852234 2332
1782984967718 0.4084344804286957 2333
1782984967719 0.20950305461883545 2334
1782984967721 0.3404369354248047 2335
1782984967722 0.4730677902698517 2336
1782984967723 0.7715358138084412 2337
1782984967725 0.2941942811012268 2338
1782984967726 0.1818951666355133 2339
1782984967727 0.12210630625486374 2340
1782984967728 0.4813906252384186 2341
1782984967730 0.11717427521944046 2342
1782984967731 0.42354848980903625 2343
1782984967732 0.194962278008461 2344
1782984967734 0.3541399836540222 2345
1782984967735 0.8181952238082886 2346
1782984967736 0.2566903233528137 2347
1782984967738 0.1046043187379837 2348
1782984967739 0.3694261908531189 2349
1782984967740 0.6670577526092529 2350
1782984967741 0.49473029375076294 2351
1782984967743 0.36014482378959656 2352
1782984967744 0.4553489089012146 2353
1782984967745 0.37425696849823 2354
1782984967746 0.16493698954582214 2355
1782984967748 0.22572049498558044 2356
1782984967749 0.25808775424957275 2357
1782984967750 0.17422635853290558 2358
1782984967751 0.1507243514060974 2359
1782984967753 0.30323293805122375 2360
1782984967754 0.3513825535774231 2361
1782984967755 0.15555168688297272 2362
1782984967756 0.34473711252212524 2363
1782984967758 0.47012844681739807 2364
1782984967759 0.30850476026535034 2365
1782984967760 0.34008798003196716 2366
1782984967761 0.36806720495224 2367
1782984967762 0.2580314874649048 2368
1782984967764 0.11490368843078613 2369
1782984967765 0.40069273114204407 2370
1782984967766 0.422965407371521 2371
1782984967767 0.35192492604255676 2372
1782984967769 0.10967986285686493 2373
1782984967770 0.15100730955600739 2374
1782984967771 0.30353379249572754 2375
1782984967773 0.6041186451911926 2376
1782984967774 0.1613079011440277 2377
1782984967775 0.13945043087005615 2378
1782984967776 0.2292291522026062 2379
1782984967778 0.36848315596580505 2380
1782984967779 0.47084060311317444 2381
1782984967780 0.5126934051513672 2382
1782984967781 0.4941117465496063 2383
1782984967783 0.3689887523651123 2384
1782984967784 0.2011244148015976 2385
1782984967785 0.30581456422805786 2386
1782984967786 0.2037758231163025 2387
1782984967788 0.24714095890522003 2388
1782984967789 0.3443758487701416 2389
1782984967790 0.40543654561042786 2390
1782984967791 0.1999099999666214 2391
1782984967793 0.3237467408180237 2392
1782984967794 0.21122950315475464 2393
1782984967795 0.5769398212432861 2394
1782984967796 0.08358216285705566 2395
1782984967798 0.2299400120973587 2396
1782984967799 0.19506379961967468 2397
1782984967800 0.12383295595645905 2398
1782984967801 0.4507918357849121 2399
1782984967803 0.43513911962509155 2400
1782984967804 0.5633189678192139 2401
1782984967805 0.2484881728887558 2402
1782984967806 0.1355573832988739 2403
1782984967808 0.17436014115810394 2404
1782984967809 0.44215112924575806 2405
1782984967810 0.41464856266975403 2406
1782984967811 0.4423201382160187 2407
1782984967813 0.3390266001224518 2408
1782984967814 0.221672922372818 2409
1782984967815 0.14777842164039612 2410
1782984967816 0.24750199913978577 2411
1782984967818 0.06735097616910934 2412
1782984967819 0.308664470911026 2413
1782984967820 0.4381696581840515 2414
1782984967821 0.18979105353355408 2415
1782984967822 0.1788109391927719 2416
1782984967824 0.13997898995876312 2417
1782984967825 0.18160901963710785 2418
1782984967826 0.5340203046798706 2419
1782984967828 0.39063760638237 2420
1782984967829 0.14731119573116302 2421
1782984967830 0.20466268062591553 2422
1782984967831 0.14024029672145844 2423
1782984967832 0.4838958978652954 2424
1782984967834 0.43979379534721375 2425
1782984967835 0.10173265635967255 2426
1782984967836 0.2985680401325226 2427
1782984967837 0.13229058682918549 2428
1782984967839 0.605505645275116 2429
1782984967840 0.1406337320804596 2430
1782984967841 0.7591422200202942 2431
1782984967843 0.044076107442379 2432
1782984967844 0.2395215779542923 2433
1782984967845 0.405349999666214 2434
1782984967846 0.2712564170360565 2435
1782984967848 0.31528130173683167 2436
1782984967849 0.4384112060070038 2437
1782984967850 0.5746070146560669 2438
1782984967851 0.38883525133132935 2439
1782984967853 0.40250203013420105 2440
1782984967854 0.3668001592159271 2441
1782984967855 0.29191750288009644 2442
1782984967856 0.42665159702301025 2443
1782984967858 0.5304962992668152 2444
1782984967859 0.16934823989868164 2445
1782984967860 0.3839450180530548 2446
1782984967861 0.29877468943595886 2447
1782984967863 0.18874096870422363 2448
1782984967864 0.4330805838108063 2449
1782984967865 0.09603898972272873 2450
1782984967866 0.35824054479599 2451
1782984967868 0.45462703704833984 2452
1782984967869 0.18784379959106445 2453
1782984967870 0.2603466808795929 2454
1782984967871 0.37145641446113586 2455
1782984967873 0.280233770608902 2456
1782984967874 0.19963771104812622 2457
1782984967875 0.46175718307495117 2458
1782984967876 0.1700834184885025 2459
1782984967878 0.57840895652771 2460
1782984967879 0.32393017411231995 2461
1782984967880 0.4795372486114502 2462
1782984967881 0.38506314158439636 2463
1782984967882 0.2983795404434204 2464
1782984967884 0.14503885805606842 2465
1782984967885 0.30669161677360535 2466
1782984967886 0.21044941246509552 2467
1782984967888 0.5013138055801392 2468
1782984967889 0.342100590467453 2469
1782984967890 0.41018247604370117 2470
1782984967892 0.4312157928943634 2471
1782984967893 0.19115856289863586 2472
1782984967894 0.33263009786605835 2473
1782984967896 0.11231840401887894 2474
1782984967897 0.628356397151947 2475
1782984967898 0.12354744970798492 2476
1782984967900 0.22602757811546326 2477
1782984967901 0.3123009502887726 2478
1782984967902 0.5235240459442139 2479
1782984967904 0.6017540097236633 2480
1782984967905 0.3675999939441681 2481
1782984967906 0.2270522117614746 2482
1782984967908 0.6008645296096802 2483
1782984967909 0.6166126728057861 2484
1782984967910 0.10721899569034576 2485
1782984967912 0.1541464775800705 2486
1782984967913 0.4004111588001251 2487
1782984967914 0.20966704189777374 2488
1782984967915 0.36455440521240234 2489
1782984967917 0.5439918637275696 2490
1782984967918 0.3694908618927002 2491
1782984967919 0.1759881228208542 2492
1782984967921 0.3869400918483734 2493
1782984967922 0.2271350771188736 2494
1782984967923 0.17458777129650116 2495
1782984967925 0.5590772032737732 2496
1782984967926 0.6193311214447021 2497
1782984967927 0.28858914971351624 2498
1782984967929 0.426552951335907 2499
1782984967930 0.4158269464969635 2500
1782984967931 0.2693225145339966 2501
1782984967933 0.21670788526535034 2502
1782984967934 0.3317590355873108 2503
1782984967935 0.26627317070961 2504
1782984967937 0.7823641300201416 2505
1782984967938 0.08906501531600952 2506
1782984967939 0.27837681770324707 2507
1782984967941 0.4296775162220001 2508
1782984967944 0.37665459513664246 2509
1782984967945 0.11802162230014801 2510
1782984967946 0.1311420202255249 2511
1782984967948 0.2192579060792923 2512
1782984967949 0.23563624918460846 2513
1782984967951 0.3065659701824188 2514
1782984967952 0.5019155144691467 2515
1782984967953 0.27544090151786804 2516
1782984967955 0.1799754947423935 2517
1782984967956 0.25125518441200256 2518
1782984967957 0.43606629967689514 2519
1782984967959 0.34094902873039246 2520
1782984967960 0.4332630932331085 2521
1782984967961 0.3428952395915985 2522
1782984967963 0.25732770562171936 2523
1782984967964 0.1997743844985962 2524
1782984967965 0.38210153579711914 2525
1782984967966 0.23321929574012756 2526
1782984967968 0.6599714756011963 2527
1782984967969 0.19781342148780823 2528
1782984967970 0.0994308814406395 2529
1782984967972 0.49902060627937317 2530
1782984967973 0.283713161945343 2531
1782984967974 0.2549799978733063 2532
1782984967976 0.29736167192459106 2533
1782984967977 0.8410074710845947 2534
1782984967978 0.0816878080368042 2535
1782984967980 0.5285500884056091 2536
1782984967981 0.31532055139541626 2537
1782984967982 0.27285024523735046 2538
1782984967984 0.2147148996591568 2539
1782984967985 0.6277710795402527 2540
1782984967986 0.4281623661518097 2541
1782984967988 0.30505385994911194 2542
1782984967989 0.31503617763519287 2543
1782984967990 0.17443625628948212 2544
1782984967991 0.17745965719223022 2545
1782984967993 0.251664400100708 2546
1782984967994 0.4416196644306183 2547
1782984967995 0.5050294399261475 2548
1782984967997 0.1962348222732544 2549
1782984967998 0.315514475107193 2550
1782984967999 0.25739404559135437 2551
1782984968001 0.709112286567688 2552
1782984968002 0.1984412968158722 2553
1782984968003 0.43854886293411255 2554
1782984968005 0.5368291139602661 2555
1782984968006 0.33820658922195435 2556
1782984968007 0.5521000623703003 2557
1782984968009 0.5489911437034607 2558
1782984968010 0.35119715332984924 2559
1782984968012 0.191031351685524 2560
1782984968013 0.15214473009109497 2561
1782984968014 0.2972583472728729 2562
1782984968015 0.2586545944213867 2563
1782984968017 0.6640360951423645 2564
1782984968018 0.3961440920829773 2565
1782984968019 0.17525653541088104 2566
1782984968021 0.26665961742401123 2567
1782984968022 0.4228791296482086 2568
1782984968023 0.38291236758232117 2569
1782984968025 0.408067911863327 2570
1782984968026 0.25316011905670166 2571
1782984968027 0.1317857950925827 2572
1782984968029 0.35506492853164673 2573
1782984968030 0.32569342851638794 2574
1782984968031 0.49447718262672424 2575
1782984968032 0.26196154952049255 2576
1782984968034 0.2651474177837372 2577
1782984968035 0.09696143120527267 2578
1782984968036 0.2948092818260193 2579
1782984968038 0.2692492604255676 2580
1782984968039 0.1347331702709198 2581
1782984968040 0.2196560651063919 2582
1782984968042 0.2560959458351135 2583
1782984968043 0.45457717776298523 2584
1782984968044 0.2705703675746918 2585
1782984968045 0.5149565935134888 2586
1782984968047 0.2999843955039978 2587
1782984968048 0.3413352072238922 2588
1782984968049 0.3502291440963745 2589
1782984968051 0.5657384395599365 2590
1782984968052 0.42390555143356323 2591
1782984968053 0.5025417804718018 2592
1782984968055 0.1375586837530136 2593
1782984968056 0.6088136434555054 2594
1782984968057 0.33585619926452637 2595
1782984968059 0.9557819962501526 2596
1782984968060 0.3451974391937256 2597
1782984968061 0.3085488975048065 2598
1782984968062 0.332075834274292 2599
1782984968064 0.14587441086769104 2600
1782984968065 0.19261817634105682 2601
1782984968066 0.26343655586242676 2602
1782984968068 0.23002567887306213 2603
1782984968069 0.22030337154865265 2604
1782984968070 0.41138821840286255 2605
1782984968072 0.21514742076396942 2606
1782984968073 0.23783910274505615 2607
1782984968074 0.313276082277298 2608
1782984968076 0.47205960750579834 2609
1782984968077 0.3865753710269928 2610
1782984968078 0.20532169938087463 2611
1782984968079 0.2253280133008957 2612
1782984968081 0.32373547554016113 2613
1782984968082 0.5311727523803711 2614
1782984968083 0.21294105052947998 2615
1782984968085 0.24395348131656647 2616
1782984968086 0.18632768094539642 2617
1782984968087 0.2785966098308563 2618
1782984968089 0.3365471363067627 2619
1782984968090 0.24885542690753937 2620
1782984968091 0.42162656784057617 2621
1782984968093 0.16938269138336182 2622
1782984968094 0.21256275475025177 2623
1782984968095 0.1805170178413391 2624
1782984968096 0.3384321928024292 2625
1782984968098 0.262844979763031 2626
1782984968099 0.5616083741188049 2627
1782984968100 0.20029185712337494 2628
1782984968102 0.16086216270923615 2629
1782984968103 0.22241981327533722 2630
1782984968104 0.36375692486763 2631
1782984968106 0.3183423578739166 2632
1782984968107 0.08633165061473846 2633
1782984968108 0.28914889693260193 2634
1782984968110 0.3450641632080078 2635
1782984968111 0.3541364073753357 2636
1782984968112 0.3964758515357971 2637
1782984968114 0.2558026611804962 2638
1782984968115 0.24703186750411987 2639
1782984968116 0.15851399302482605 2640
1782984968117 0.3876657485961914 2641
1782984968119 0.29753828048706055 2642
1782984968120 0.28441452980041504 2643
1782984968121 0.2455580234527588 2644
1782984968123 0.26945260167121887 2645
1782984968124 0.2722296118736267 2646
1782984968125 0.4474034905433655 2647
1782984968127 0.3400007486343384 2648
1782984968128 0.43933752179145813 2649
1782984968129 0.21685822308063507 2650
1782984968131 0.4461432099342346 2651
1782984968132 0.3714526295661926 2652
1782984968133 0.23113380372524261 2653
1782984968135 0.32069382071495056 2654
1782984968136 0.10399439185857773 2655
1782984968137 0.37682023644447327 2656
1782984968139 0.042016372084617615 2657
1782984968140 0.1877249777317047 2658
1782984968141 0.7817240357398987 2659
1782984968143 0.2572627663612366 2660
1782984968144 0.13465294241905212 2661
1782984968145 0.5412898659706116 2662
1782984968146 0.4251319468021393 2663
1782984968148 0.2710164785385132 2664
1782984968149 0.3962557911872864 2665
1782984968150 0.390963077545166 2666
1782984968152 0.14822562038898468 2667
1782984968153 0.37879613041877747 2668
1782984968154 0.2171851545572281 2669
1782984968156 0.31602561473846436 2670
1782984968157 0.39237475395202637 2671
1782984968158 0.3244546949863434 2672
1782984968160 0.1709332913160324 2673
1782984968161 0.3401886820793152 2674
1782984968162 0.412435382604599 2675
1782984968164 0.4619466960430145 2676
1782984968165 0.26181820034980774 2677
1782984968166 0.2857891619205475 2678
1782984968168 0.19687747955322266 2679
1782984968169 0.19231842458248138 2680
1782984968170 0.4823053777217865 2681
1782984968172 0.11598852276802063 2682
1782984968173 0.20395806431770325 2683
1782984968174 0.17778386175632477 2684
1782984968176 0.6940915584564209 2685
1782984968177 0.27292490005493164 2686
1782984968178 0.2244194895029068 2687
1782984968179 0.571095883846283 2688
1782984968181 0.26885485649108887 2689
1782984968182 0.25122785568237305 2690
1782984968183 0.41895315051078796 2691
1782984968185 0.4479236900806427 2692
1782984968186 0.11196403950452805 2693
1782984968187 0.2684439420700073 2694
1782984968189 0.3055376708507538 2695
1782984968190 0.2677653431892395 2696
1782984968191 0.37413957715034485 2697
1782984968193 0.3848806917667389 2698
1782984968194 0.1658625602722168 2699
1782984968195 0.18271024525165558 2700
1782984968197 0.18355269730091095 2701
1782984968198 0.13824313879013062 2702
1782984968199 0.28909504413604736 2703
1782984968200 0.1386108100414276 2704
1782984968202 0.42707839608192444 2705
1782984968203 0.35233375430107117 2706
1782984968205 0.09995804727077484 2707
1782984968206 0.18437723815441132 2708
1782984968207 0.25079184770584106 2709
1782984968208 0.49717721343040466 2710
1782984968209 0.3191322684288025 2711
1782984968211 0.4285615086555481 2712
1782984968212 0.39416298270225525 2713
1782984968213 0.2423475980758667 2714
1782984968214 0.23383499681949615 2715
1782984968216 0.2968061864376068 2716
1782984968217 0.3165528178215027 2717
1782984968218 0.7899897694587708 2718
1782984968219 0.4980546534061432 2719
1782984968221 0.17342963814735413 2720
1782984968222 0.22217392921447754 2721
1782984968223 0.44557613134384155 2722
1782984968224 0.40342164039611816 2723
1782984968226 0.31169626116752625 2724
1782984968227 0.3571137487888336 2725
1782984968228 0.21084874868392944 2726
1782984968229 0.349454402923584 2727
1782984968231 0.270003080368042 2728
1782984968232 0.21568995714187622 2729
1782984968233 0.43123316764831543 2730
1782984968234 0.37614044547080994 2731
1782984968236 0.2231602817773819 2732
1782984968237 0.6225287318229675 2733
1782984968238 0.09121161699295044 2734
1782984968239 0.308504194021225 2735
1782984968241 0.38129645586013794 2736
1782984968242 0.14131614565849304 2737
1782984968243 0.33766481280326843 2738
1782984968244 0.3815039396286011 2739
1782984968246 0.2721536159515381 2740
1782984968247 0.22661979496479034 2741
1782984968248 0.1752864420413971 2742
1782984968249 0.29069119691848755 2743
1782984968251 0.14503437280654907 2744
1782984968252 0.2545146942138672 2745
1782984968253 0.14194072782993317 2746
1782984968254 0.2155795842409134 2747
1782984968256 0.1043907031416893 2748
1782984968257 0.1585826277732849 2749
1782984968258 0.36739733815193176 2750
1782984968259 0.1710701882839203 2751
1782984968261 0.16752664744853973 2752
1782984968262 0.29152703285217285 2753
1782984968263 0.12575936317443848 2754
1782984968264 0.17527614533901215 2755
1782984968266 0.4823181629180908 2756
1782984968267 0.4598430395126343 2757
1782984968268 0.4772140383720398 2758
1782984968269 0.43706604838371277 2759
1782984968271 0.3012996315956116 2760
1782984968272 0.07353323698043823 2761
1782984968273 0.4668053090572357 2762
1782984968274 0.28410592675209045 2763
1782984968276 0.24207311868667603 2764
1782984968277 0.3581993281841278 2765
1782984968278 0.2231447994709015 2766
1782984968279 0.433849036693573 2767
1782984968281 0.27309319376945496 2768
1782984968282 0.2563002109527588 2769
1782984968283 0.47791963815689087 2770
1782984968284 0.3070778548717499 2771
1782984968286 0.18843583762645721 2772
1782984968287 0.2344590723514557 2773
1782984968288 0.23397965729236603 2774
1782984968289 0.12602248787879944 2775
1782984968291 0.5590953826904297 2776
1782984968292 0.168440580368042 2777
1782984968293 0.5997190475463867 2778
1782984968294 0.518782377243042 2779
1782984968295 0.61407870054245 2780
1782984968297 0.33771616220474243 2781
1782984968298 0.14414238929748535 2782
1782984968300 0.12559255957603455 2783
1782984968301 0.09463214874267578 2784
1782984968302 0.10037565231323242 2785
1782984968304 0.10706368088722229 2786
1782984968305 0.3088839054107666 2787
1782984968306 0.17618128657341003 2788
1782984968308 0.4845034182071686 2789
1782984968309 0.2499050498008728 2790
1782984968310 0.5094872713088989 2791
1782984968311 0.22289350628852844 2792
1782984968313 0.2600555121898651 2793
1782984968314 0.2209377884864807 2794
1782984968315 0.22225704789161682 2795
1782984968316 0.31702226400375366 2796
1782984968318 0.6031287312507629 2797
1782984968319 0.15432661771774292 2798
1782984968320 0.23923484981060028 2799
1782984968322 0.31177493929862976 2800
1782984968323 0.4267047047615051 2801
1782984968324 0.14649969339370728 2802
1782984968325 0.31525173783302307 2803
1782984968327 0.5440387725830078 2804
1782984968328 0.24853473901748657 2805
1782984968329 0.20182031393051147 2806
1782984968330 0.3260042667388916 2807
1782984968332 0.48067232966423035 2808
1782984968333 0.4529857337474823 2809
1782984968334 0.3343184292316437 2810
1782984968335 0.425559401512146 2811
1782984968337 0.21281497180461884 2812
1782984968338 0.2662142217159271 2813
1782984968339 0.18781065940856934 2814
1782984968341 0.5149664878845215 2815
1782984968342 0.10376356542110443 2816
1782984968343 0.3063989281654358 2817
1782984968344 0.18074184656143188 2818
1782984968346 0.26964277029037476 2819
1782984968347 0.34960904717445374 2820
1782984968348 0.2541484832763672 2821
1782984968349 0.5207105278968811 2822
1782984968351 0.2586742341518402 2823
1782984968352 0.20979072153568268 2824
1782984968353 0.40081557631492615 2825
1782984968354 0.18121248483657837 2826
1782984968356 0.3636207580566406 2827
1782984968357 0.1869024783372879 2828
1782984968358 0.22146807610988617 2829
1782984968359 0.27227121591567993 2830
1782984968361 0.08467669785022736 2831
1782984968362 0.08735550940036774 2832
1782984968363 0.23319830000400543 2833
1782984968365 0.11537587642669678 2834
1782984968366 0.11030487716197968 2835
1782984968367 0.40079474449157715 2836
1782984968368 0.14277732372283936 2837
1782984968370 0.2419515699148178 2838
1782984968371 0.22249458730220795 2839
1782984968372 0.08905964344739914 2840
1782984968373 0.3752725422382355 2841
1782984968375 0.28160160779953003 2842
1782984968376 0.17145951092243195 2843
1782984968377 0.24947689473628998 2844
1782984968378 0.25483861565589905 2845
1782984968380 0.34527266025543213 2846
1782984968381 0.23397809267044067 2847
1782984968382 0.13477422297000885 2848
1782984968383 0.3912575840950012 2849
1782984968385 0.30517417192459106 2850
1782984968386 0.30518728494644165 2851
1782984968387 0.1392914354801178 2852
1782984968388 0.3566203713417053 2853
1782984968390 0.26147088408470154 2854
1782984968391 0.31813937425613403 2855
1782984968392 0.09675348550081253 2856
1782984968393 0.08069925010204315 2857
1782984968395 0.12983585894107819 2858
1782984968396 0.3068732023239136 2859
1782984968397 0.2021939754486084 2860
1782984968398 0.26512256264686584 2861
1782984968400 0.2746081054210663 2862
1782984968401 0.36100253462791443 2863
1782984968402 0.12180003523826599 2864
1782984968404 0.29835015535354614 2865
1782984968405 0.2871101200580597 2866
1782984968406 0.4829740822315216 2867
1782984968407 0.31415680050849915 2868
1782984968408 0.25645920634269714 2869
1782984968410 0.2000644952058792 2870
1782984968411 0.4219370484352112 2871
1782984968412 0.48947060108184814 2872
1782984968414 0.5257343649864197 2873
1782984968415 0.17193105816841125 2874
1782984968416 0.1209423840045929 2875
1782984968417 0.4074963927268982 2876
1782984968419 0.3891453444957733 2877
1782984968420 0.16084444522857666 2878
1782984968421 0.18157945573329926 2879
1782984968422 0.3475285768508911 2880
1782984968424 0.3973138630390167 2881
1782984968425 0.4378998577594757 2882
1782984968426 0.30596816539764404 2883
1782984968427 0.12937000393867493 2884
1782984968429 0.293403685092926 2885
1782984968430 0.4031101167201996 2886
1782984968431 0.32731613516807556 2887
1782984968432 0.23531080782413483 2888
1782984968434 0.2903810441493988 2889
1782984968435 0.5522284507751465 2890
1782984968436 0.5571796894073486 2891
1782984968437 0.35180941224098206 2892
1782984968438 0.18236137926578522 2893
1782984968440 0.19490498304367065 2894
1782984968441 0.46455955505371094 2895
1782984968442 0.10415377467870712 2896
1782984968444 0.2976730763912201 2897
1782984968445 0.22631408274173737 2898
1782984968446 0.3292539119720459 2899
1782984968447 0.18402613699436188 2900
1782984968449 0.11370272934436798 2901
1782984968450 0.16476558148860931 2902
1782984968451 0.36711788177490234 2903
1782984968452 0.3209986686706543 2904
1782984968454 0.07796671986579895 2905
1782984968455 0.28329089283943176 2906
1782984968456 0.15508480370044708 2907
1782984968457 0.6400256156921387 2908
1782984968459 0.16770105063915253 2909
1782984968460 0.17819823324680328 2910
1782984968461 0.22323034703731537 2911
1782984968462 0.19143477082252502 2912
1782984968464 0.14377348124980927 2913
1782984968465 0.14951759576797485 2914
1782984968466 0.1322706937789917 2915
1782984968467 0.45567989349365234 2916
1782984968469 0.38868221640586853 2917
1782984968470 0.22604791820049286 2918
1782984968471 0.19617308676242828 2919
1782984968472 0.2551296353340149 2920
1782984968474 0.19308535754680634 2921
1782984968475 0.2453031986951828 2922
1782984968476 0.1936393529176712 2923
1782984968477 0.48860329389572144 2924
1782984968479 0.6471156477928162 2925
1782984968480 0.3058527410030365 2926
1782984968481 0.162364661693573 2927
1782984968482 0.21654315292835236 2928
1782984968484 0.36603203415870667 2929
1782984968485 0.44435715675354004 2930
1782984968486 0.32779690623283386 2931
1782984968487 0.2552306652069092 2932
1782984968488 0.21814768016338348 2933
1782984968490 0.10296227037906647 2934
1782984968491 0.25334927439689636 2935
1782984968492 0.16546794772148132 2936
1782984968493 0.24951784312725067 2937
1782984968495 0.4244966208934784 2938
1782984968496 0.4899079501628876 2939
1782984968497 0.4063226580619812 2940
1782984968498 0.6831690669059753 2941
1782984968500 0.14913243055343628 2942
1782984968501 0.11257056891918182 2943
1782984968502 0.16774973273277283 2944
1782984968504 0.45217427611351013 2945
1782984968505 0.5636110305786133 2946
1782984968506 0.30384722352027893 2947
1782984968508 0.24629521369934082 2948
1782984968509 0.3071298599243164 2949
1782984968510 0.42195865511894226 2950
1782984968511 0.15240536630153656 2951
1782984968513 0.38238874077796936 2952
1782984968514 0.2599634826183319 2953
1782984968515 0.7200006246566772 2954
1782984968516 0.38201475143432617 2955
1782984968518 0.6193752884864807 2956
1782984968519 0.2372177094221115 2957
1782984968520 0.1878419816493988 2958
1782984968521 0.2909185588359833 2959
1782984968523 0.18246963620185852 2960
1782984968524 0.32064366340637207 2961
1782984968525 0.35426753759384155 2962
1782984968526 0.28118252754211426 2963
1782984968528 0.2159610390663147 2964
1782984968529 0.25420546531677246 2965
1782984968530 0.07398790866136551 2966
1782984968531 0.12335333973169327 2967
1782984968533 0.3855075240135193 2968
1782984968534 0.29984399676322937 2969
1782984968535 0.511873722076416 2970
1782984968536 0.5431132316589355 2971
1782984968538 0.13275982439517975 2972
1782984968539 0.6703426241874695 2973
1782984968540 0.33016467094421387 2974
1782984968541 0.4326641857624054 2975
1782984968542 0.3402535319328308 2976
1782984968544 0.43661385774612427 2977
1782984968545 0.22230687737464905 2978
1782984968546 0.4097670018672943 2979
1782984968547 0.2563712000846863 2980
1782984968549 0.17826172709465027 2981
1782984968550 0.2450818121433258 2982
1782984968551 0.19263602793216705 2983
1782984968552 0.28599047660827637 2984
1782984968554 0.20890818536281586 2985
1782984968555 0.35021185874938965 2986
1782984968556 0.4522056579589844 2987
1782984968557 0.2316884994506836 2988
1782984968559 0.14601220190525055 2989
1782984968560 0.18295113742351532 2990
1782984968561 0.28523916006088257 2991
1782984968562 0.11764633655548096 2992
1782984968564 0.2200128585100174 2993
1782984968565 0.448733389377594 2994
1782984968566 0.440498948097229 2995
1782984968567 0.3253592848777771 2996
1782984968569 0.35513752698898315 2997
1782984968570 0.6463379263877869 2998
1782984968571 0.2931317090988159 2999
1782984968572 0.6352266669273376 3000
1782984968574 0.16734689474105835 3001
1782984968575 0.22783689200878143 3002
1782984968576 0.21362796425819397 3003
1782984968577 0.22780710458755493 3004
1782984968578 0.13212572038173676 3005
1782984968580 0.1956445276737213 3006
1782984968581 0.41561225056648254 3007
1782984968582 0.2492230087518692 3008
1782984968583 0.3832678198814392 3009
1782984968585 0.34617894887924194 3010
1782984968586 0.29115790128707886 3011
1782984968587 0.3899037837982178 3012
1782984968589 0.46795058250427246 3013
1782984968590 0.2712533473968506 3014
1782984968591 0.24576930701732635 3015
1782984968592 0.17326994240283966 3016
1782984968593 0.15467044711112976 3017
1782984968595 0.7274483442306519 3018
1782984968596 0.1476861834526062 3019
1782984968597 0.19950908422470093 3020
1782984968598 0.20521783828735352 3021
1782984968600 0.1539401113986969 3022
1782984968601 0.18853351473808289 3023
1782984968602 0.15246033668518066 3024
1782984968604 0.42399361729621887 3025
1782984968605 0.10379952192306519 3026
1782984968606 0.7343900799751282 3027
1782984968607 0.09244034439325333 3028
1782984968609 0.1583029180765152 3029
1782984968610 0.18534442782402039 3030
1782984968611 0.5290185213088989 3031
1782984968613 0.6956596970558167 3032
1782984968614 0.6470866799354553 3033
1782984968615 0.13591602444648743 3034
1782984968616 0.1345028281211853 3035
1782984968618 0.24649788439273834 3036
1782984968619 0.2622665464878082 3037
1782984968620 0.25614190101623535 3038
1782984968621 0.2995319962501526 3039
1782984968622 0.19802401959896088 3040
1782984968624 0.2664419114589691 3041
1782984968625 0.3622364401817322 3042
1782984968626 0.2222387194633484 3043
1782984968627 0.4264434278011322 3044
1782984968629 0.25762811303138733 3045
1782984968630 0.11599712818861008 3046
1782984968631 0.17686787247657776 3047
1782984968633 0.2773336172103882 3048
1782984968634 0.3096320927143097 3049
1782984968635 0.2503347396850586 3050
1782984968636 0.4333260953426361 3051
1782984968637 0.3064895272254944 3052
1782984968639 0.20018413662910461 3053
1782984968640 0.2624585032463074 3054
1782984968641 0.4179496765136719 3055
1782984968642 0.40550878643989563 3056
1782984968644 0.3626691699028015 3057
1782984968645 0.25074052810668945 3058
1782984968646 0.47288578748703003 3059
1782984968647 0.19851994514465332 3060
1782984968649 0.07844361662864685 3061
1782984968650 0.14320862293243408 3062
1782984968651 0.2748091220855713 3063
1782984968652 0.2376064658164978 3064
1782984968654 0.231495663523674 3065
1782984968655 0.80165034532547 3066
1782984968656 0.11956200003623962 3067
1782984968657 0.4920599162578583 3068
1782984968659 0.2330605536699295 3069
1782984968660 0.16096700727939606 3070
1782984968661 0.28353801369667053 3071
1782984968662 0.04043389856815338 3072
1782984968664 0.27580249309539795 3073
1782984968665 0.13127803802490234 3074
1782984968666 0.2619527280330658 3075
1782984968668 0.1950579732656479 3076
1782984968669 0.101821668446064 3077
1782984968670 0.12716400623321533 3078
1782984968671 0.23700745403766632 3079
1782984968673 0.32839009165763855 3080
1782984968674 0.0376993827521801 3081
1782984968675 0.4476948082447052 3082
1782984968676 0.19373857975006104 3083
1782984968678 0.4681697487831116 3084
1782984968679 0.3424513638019562 3085
1782984968680 0.2892003059387207 3086
1782984968681 0.1972326636314392 3087
1782984968683 0.21327084302902222 3088
1782984968684 0.09719295054674149 3089
1782984968685 0.138680100440979 3090
1782984968686 0.35219237208366394 3091
1782984968687 0.10210198909044266 3092
1782984968689 0.17805029451847076 3093
1782984968690 0.3150218725204468 3094
1782984968691 0.18715925514698029 3095
1782984968693 0.17340417206287384 3096
1782984968694 0.09357765316963196 3097
1782984968695 0.23271743953227997 3098
1782984968696 0.2230401188135147 3099
1782984968698 0.12948037683963776 3100
1782984968699 0.25175172090530396 3101
1782984968700 0.11529456079006195 3102
1782984968701 0.47805431485176086 3103
1782984968703 0.2815284729003906 3104
1782984968704 0.3012770712375641 3105
1782984968705 0.0874532163143158 3106
1782984968707 0.15447014570236206 3107
1782984968708 0.5172022581100464 3108
1782984968709 0.17154176533222198 3109
1782984968710 0.4985097050666809 3110
1782984968712 0.1050681471824646 3111
1782984968713 0.27932074666023254 3112
1782984968714 0.336382657289505 3113
1782984968715 0.4219284653663635 3114
1782984968717 0.21587029099464417 3115
1782984968718 0.1168881431221962 3116
1782984968719 0.127560093998909 3117
1782984968720 0.13649344444274902 3118
1782984968722 0.2978881001472473 3119
1782984968723 0.10249468684196472 3120
1782984968724 0.30215975642204285 3121
1782984968725 0.1672143042087555 3122
1782984968727 0.15147270262241364 3123
1782984968728 0.7431464791297913 3124
1782984968729 0.1459982842206955 3125
1782984968730 0.1953960657119751 3126
1782984968732 0.2492251694202423 3127
1782984968733 0.3711300194263458 3128
1782984968734 0.2110745757818222 3129
1782984968735 0.35878217220306396 3130
1782984968737 0.2521844208240509 3131
1782984968738 0.1872785985469818 3132
1782984968739 0.09102471172809601 3133
1782984968740 0.1385233849287033 3134
1782984968742 0.14701685309410095 3135
1782984968743 0.13653342425823212 3136
1782984968744 0.7214223742485046 3137
1782984968745 0.11699122935533524 3138
1782984968747 0.32691046595573425 3139
1782984968748 0.26702025532722473 3140
1782984968749 0.26534056663513184 3141
1782984968750 0.23137155175209045 3142
1782984968752 0.2573454678058624 3143
1782984968753 0.3623008131980896 3144
1782984968754 0.13295522332191467 3145
1782984968756 0.31175485253334045 3146
1782984968757 0.6010937690734863 3147
1782984968758 0.20452573895454407 3148
1782984968759 0.5264979004859924 3149
1782984968761 0.30961179733276367 3150
1782984968762 0.13478365540504456 3151
1782984968763 0.13627484440803528 3152
1782984968764 0.31719130277633667 3153
1782984968766 0.277904748916626 3154
1782984968767 0.3426026701927185 3155
1782984968768 0.149308443069458 3156
1782984968769 0.31299033761024475 3157
1782984968771 0.11303892731666565 3158
1782984968772 0.23646114766597748 3159
1782984968773 0.39545556902885437 3160
1782984968774 0.08715775609016418 3161
1782984968776 0.314225971698761 3162
1782984968777 0.16423791646957397 3163
1782984968778 0.36231935024261475 3164
1782984968779 0.5901479721069336 3165
1782984968781 0.2562962472438812 3166
1782984968782 0.23196613788604736 3167
1782984968783 0.347694993019104 3168
1782984968784 0.2504076063632965 3169
1782984968786 0.14155425131320953 3170
1782984968787 0.3075336813926697 3171
1782984968788 0.3575880825519562 3172
1782984968789 0.23542197048664093 3173
1782984968791 0.14302755892276764 3174
1782984968792 0.20478130877017975 3175
1782984968793 0.1919706165790558 3176
1782984968794 0.3543940782546997 3177
1782984968796 0.3880707919597626 3178
1782984968797 0.2692056894302368 3179
1782984968798 0.2144131064414978 3180
1782984968800 0.24087004363536835 3181
1782984968801 0.4624919593334198 3182
1782984968802 0.24820303916931152 3183
1782984968803 0.15509602427482605 3184
1782984968805 0.17409537732601166 3185
1782984968806 0.19188885390758514 3186
1782984968807 0.15706922113895416 3187
1782984968808 0.2795722782611847 3188
1782984968810 0.2618248760700226 3189
1782984968811 0.5405730605125427 3190
1782984968812 0.2146010845899582 3191
1782984968813 0.4331624507904053 3192
1782984968815 0.059937719255685806 3193
1782984968816 0.22995561361312866 3194
1782984968817 0.27252131700515747 3195
1782984968818 0.21049442887306213 3196
1782984968820 0.2218153029680252 3197
1782984968821 0.33451056480407715 3198
1782984968822 0.14935441315174103 3199
1782984968823 0.27709856629371643 3200
1782984968825 0.1523711234331131 3201
1782984968826 0.09999881684780121 3202
1782984968827 0.18428672850131989 3203
1782984968828 0.19399777054786682 3204
1782984968830 0.17085987329483032 3205
1782984968831 0.3386542499065399 3206
1782984968832 0.3044483959674835 3207
1782984968833 0.2291792333126068 3208
1782984968835 0.11809682101011276 3209
1782984968836 0.26362916827201843 3210
1782984968837 0.2196110635995865 3211
1782984968839 0.10825399309396744 3212
1782984968840 0.06601063907146454 3213
1782984968841 0.0837937444448471 3214
1782984968842 0.3458249270915985 3215
1782984968844 0.37687256932258606 3216
1782984968845 0.21305406093597412 3217
1782984968846 0.22223514318466187 3218
1782984968847 0.16320209205150604 3219
1782984968849 0.31102755665779114 3220
1782984968850 0.07975313067436218 3221
1782984968851 0.1536591500043869 3222
1782984968852 0.2340625375509262 3223
1782984968854 0.19281187653541565 3224
1782984968855 0.16919110715389252 3225
1782984968856 0.41410011053085327 3226
1782984968857 0.19660170376300812 3227
1782984968859 0.28017058968544006 3228
1782984968860 0.18691451847553253 3229
1782984968861 0.3843138515949249 3230
1782984968862 0.389310747385025 3231
1782984968864 0.2095709890127182 3232
1782984968865 0.11676585674285889 3233
1782984968866 0.16801869869232178 3234
1782984968868 0.3603065609931946 3235
1782984968869 0.48305943608283997 3236
1782984968870 0.3054608106613159 3237
1782984968871 0.07696431130170822 3238
1782984968873 0.13739994168281555 3239
1782984968874 0.25910472869873047 3240
1782984968875 0.19084514677524567 3241
1782984968876 0.6079901456832886 3242
1782984968878 0.29376623034477234 3243
1782984968879 0.25009584426879883 3244
1782984968880 0.17940020561218262 3245
1782984968881 0.3062272071838379 3246
1782984968883 0.084199458360672 3247
1782984968884 0.3290809392929077 3248
1782984968885 0.31981831789016724 3249
1782984968886 0.28687459230422974 3250
1782984968888 0.05497485771775246 3251
1782984968889 0.2549687623977661 3252
1782984968890 0.23150527477264404 3253
1782984968892 0.45987898111343384 3254
1782984968893 0.21007190644741058 3255
1782984968894 0.4952985942363739 3256
1782984968895 0.22472453117370605 3257
1782984968897 0.2683115005493164 3258
1782984968898 0.24927721917629242 3259
1782984968899 0.4473448395729065 3260
1782984968900 0.08471804857254028 3261
1782984968902 0.13088954985141754 3262
1782984968903 0.25609633326530457 3263
1782984968904 0.18139001727104187 3264
1782984968906 0.12289714068174362 3265
1782984968907 0.2205759584903717 3266
1782984968908 0.12081392109394073 3267
1782984968909 0.35263413190841675 3268
1782984968911 0.5552535057067871 3269
1782984968912 0.5278770923614502 3270
1782984968913 0.19491226971149445 3271
1782984968914 0.1261170655488968 3272
1782984968916 0.2985262870788574 3273
1782984968917 0.2037438154220581 3274
1782984968918 0.3825090527534485 3275
1782984968920 0.6058861017227173 3276
1782984968921 0.3409593403339386 3277
1782984968922 0.2625215947628021 3278
1782984968923 0.1424417793750763 3279
1782984968925 0.3719460368156433 3280
1782984968926 0.09084492176771164 3281
1782984968927 0.2024279236793518 3282
1782984968928 0.38095197081565857 3283
1782984968930 0.2773401439189911 3284
1782984968931 0.2913248538970947 3285
1782984968932 0.35863563418388367 3286
1782984968933 0.5701504945755005 3287
1782984968935 0.2857530415058136 3288
1782984968936 0.16332638263702393 3289
1782984968937 0.216397225856781 3290
1782984968938 0.30798259377479553 3291
1782984968940 0.44878336787223816 3292
1782984968941 0.1937623918056488 3293
1782984968942 0.32364922761917114 3294
1782984968943 0.37190109491348267 3295
1782984968945 0.39974451065063477 3296
1782984968946 0.21772487461566925 3297
1782984968947 0.42475956678390503 3298
1782984968948 0.257258802652359 3299
1782984968950 0.3142188787460327 3300
1782984968951 0.11476731300354004 3301
1782984968952 0.21910318732261658 3302
1782984968953 0.4355999827384949 3303
1782984968955 0.2531842887401581 3304
1782984968956 0.1249391958117485 3305
1782984968957 0.28911665081977844 3306
1782984968958 0.3241722881793976 3307
1782984968960 0.2606251537799835 3308
1782984968961 0.20435944199562073 3309
1782984968962 0.16102077066898346 3310
1782984968963 0.3928765058517456 3311
1782984968965 0.21978223323822021 3312
1782984968966 0.29486170411109924 3313
1782984968967 0.7032374143600464 3314
1782984968968 0.29564595222473145 3315
1782984968970 0.2118643820285797 3316
1782984968971 0.4266253113746643 3317
1782984968972 0.2052808701992035 3318
1782984968973 0.2773299217224121 3319
1782984968975 0.6203402280807495 3320
1782984968976 0.15545472502708435 3321
1782984968977 0.1244116723537445 3322
1782984968978 0.30835816264152527 3323
1782984968980 0.6649409532546997 3324
1782984968981 0.1751464158296585 3325
1782984968982 0.2630966007709503 3326
1782984968983 0.2845057249069214 3327
1782984968985 0.12136223167181015 3328
1782984968986 0.24611890316009521 3329
1782984968987 0.3279569745063782 3330
1782984968989 0.4858566224575043 3331
1782984968990 0.3776249289512634 3332
1782984968991 0.08979935944080353 3333
1782984968993 0.3226162791252136 3334
1782984968994 0.25152090191841125 3335
1782984968995 0.3567604124546051 3336
1782984968996 0.1968274563550949 3337
1782984968998 0.2277584969997406 3338
1782984968999 0.9174695014953613 3339
1782984969000 0.3175034821033478 3340
1782984969002 0.32876744866371155 3341
1782984969003 0.21970424056053162 3342
1782984969004 0.20208317041397095 3343
1782984969006 0.43351250886917114 3344
1782984969007 0.11784128844738007 3345
1782984969008 0.381748765707016 3346
1782984969009 0.2151898741722107 3347
1782984969011 0.22038747370243073 3348
1782984969012 0.1250903308391571 3349
1782984969013 0.15006859600543976 3350
1782984969015 0.19545452296733856 3351
1782984969016 0.20365427434444427 3352
1782984969017 0.2394418716430664 3353
1782984969018 0.6847215890884399 3354
1782984969020 0.21648727357387543 3355
1782984969021 0.23273876309394836 3356
1782984969022 0.1666361689567566 3357
1782984969023 0.3002128601074219 3358
1782984969025 0.19966746866703033 3359
1782984969026 0.3386994004249573 3360
1782984969027 0.2800899147987366 3361
1782984969029 0.45596203207969666 3362
1782984969030 0.17811398208141327 3363
1782984969031 0.20942558348178864 3364
1782984969032 0.18561173975467682 3365
1782984969034 0.29717817902565 3366
1782984969035 0.053019534796476364 3367
1782984969036 0.48247018456459045 3368
1782984969038 0.4790901243686676 3369
1782984969039 0.47304320335388184 3370
1782984969040 0.230335995554924 3371
1782984969041 0.3358386754989624 3372
1782984969043 0.2653675675392151 3373
1782984969044 0.1959712654352188 3374
1782984969045 0.11017894744873047 3375
1782984969046 0.2547864317893982 3376
1782984969048 0.1472093015909195 3377
1782984969049 0.16953551769256592 3378
1782984969050 0.29390308260917664 3379
1782984969052 0.07824268192052841 3380
1782984969053 0.10077494382858276 3381
1782984969054 0.2813284695148468 3382
1782984969055 0.11568082869052887 3383
1782984969057 0.2663564383983612 3384
1782984969058 0.1555803120136261 3385
1782984969059 0.2544942796230316 3386
1782984969061 0.3806918263435364 3387
1782984969062 0.4237042963504791 3388
1782984969063 0.5559049844741821 3389
1782984969064 0.08104529231786728 3390
1782984969066 0.18338005244731903 3391
1782984969067 0.1332739293575287 3392
1782984969068 0.3231394290924072 3393
1782984969070 0.3659779727458954 3394
1782984969071 0.11443407833576202 3395
1782984969072 0.5270313620567322 3396
1782984969073 0.379513144493103 3397
1782984969075 0.2897374629974365 3398
1782984969076 0.2166372686624527 3399
1782984969077 0.1079033687710762 3400
1782984969078 0.12090792506933212 3401
1782984969080 0.10282869637012482 3402
1782984969081 0.1456494927406311 3403
1782984969082 0.17070235311985016 3404
1782984969084 0.2509820759296417 3405
1782984969085 0.2807651162147522 3406
1782984969086 0.0765199363231659 3407
1782984969087 0.21648356318473816 3408
1782984969089 0.23377147316932678 3409
1782984969090 0.22589746117591858 3410
1782984969091 0.13840332627296448 3411
1782984969093 0.6960664987564087 3412
1782984969094 0.3956848084926605 3413
1782984969095 0.42757853865623474 3414
1782984969096 0.22436615824699402 3415
1782984969098 0.4127073287963867 3416
1782984969099 0.5324087142944336 3417
1782984969100 0.24257634580135345 3418
1782984969102 0.232058584690094 3419
1782984969103 0.35899803042411804 3420
1782984969104 0.23653320968151093 3421
1782984969106 0.2753736972808838 3422
1782984969107 0.46691596508026123 3423
1782984969108 0.32984042167663574 3424
1782984969109 0.19522440433502197 3425
1782984969111 0.3780782222747803 3426
1782984969112 0.12002916634082794 3427
1782984969113 0.39969247579574585 3428
1782984969114 0.31378310918807983 3429
1782984969116 0.025671450421214104 3430
1782984969117 0.5293066501617432 3431
1782984969118 0.10351613163948059 3432
1782984969120 0.33665311336517334 3433
1782984969121 0.26593196392059326 3434
1782984969122 0.14517633616924286 3435
1782984969123 0.44170892238616943 3436
1782984969125 0.2370966076850891 3437
1782984969126 0.30700087547302246 3438
1782984969127 0.4198351502418518 3439
1782984969128 0.13154494762420654 3440
1782984969130 0.027009528130292892 3441
1782984969131 0.3590543270111084 3442
1782984969132 0.3934999108314514 3443
1782984969134 0.04898221045732498 3444
1782984969135 0.34403151273727417 3445
1782984969136 0.2722916007041931 3446
1782984969137 0.30662646889686584 3447
1782984969139 0.11539438366889954 3448
1782984969140 0.27517169713974 3449
1782984969141 0.3569622039794922 3450
1782984969142 0.15122416615486145 3451
1782984969144 0.2310793697834015 3452
1782984969145 0.11082127690315247 3453
1782984969146 0.3031494617462158 3454
1782984969147 0.264695942401886 3455
1782984969149 0.13866962492465973 3456
1782984969150 0.20932364463806152 3457
1782984969151 0.21194355189800262 3458
1782984969153 0.36664262413978577 3459
1782984969154 0.12990279495716095 3460
1782984969155 0.29108840227127075 3461
1782984969156 0.15699641406536102 3462
1782984969158 0.1154700219631195 3463
1782984969159 0.3252580463886261 3464
1782984969160 0.24406054615974426 3465
1782984969162 0.38157978653907776 3466
1782984969163 0.4921742081642151 3467
1782984969164 0.2003697156906128 3468
1782984969166 0.3089197874069214 3469
1782984969167 0.2961134612560272 3470
1782984969168 0.12262477725744247 3471
1782984969169 0.3614879548549652 3472
1782984969171 0.5640061497688293 3473
1782984969172 0.3050178587436676 3474
1782984969173 0.3706781268119812 3475
1782984969175 0.23467057943344116 3476
1782984969176 0.20236380398273468 3477
1782984969177 0.3233564794063568 3478
1782984969179 0.12422999739646912 3479
1782984969180 0.15563863515853882 3480
1782984969181 0.11201055347919464 3481
1782984969183 0.07268846780061722 3482
1782984969184 0.12609060108661652 3483
1782984969185 0.2542576193809509 3484
1782984969186 0.07814990729093552 3485
1782984969188 0.42096227407455444 3486
1782984969189 0.07479073107242584 3487
1782984969190 0.2749291956424713 3488
1782984969192 0.15179793536663055 3489
1782984969193 0.33945131301879883 3490
1782984969194 0.25681108236312866 3491
1782984969195 0.7887184023857117 3492
1782984969197 0.43857839703559875 3493
1782984969198 0.4167163074016571 3494
1782984969199 0.30544623732566833 3495
1782984969201 0.5650427937507629 3496
1782984969202 0.06741470843553543 3497
1782984969204 0.2720683515071869 3498
1782984969205 0.3841995894908905 3499
1782984969206 0.5162354111671448 3500
1782984969207 0.1165333092212677 3501
1782984969209 0.33356496691703796 3502
1782984969210 0.27680811285972595 3503
1782984969212 0.07352990657091141 3504
1782984969213 0.6325936317443848 3505
1782984969214 0.4701487720012665 3506
1782984969215 0.118065245449543 3507
1782984969217 0.35255423188209534 3508
1782984969218 0.3786401152610779 3509
1782984969219 0.3719290792942047 3510
1782984969221 0.08922610431909561 3511
1782984969222 0.18120229244232178 3512
1782984969224 0.5070168375968933 3513
1782984969225 0.3802138864994049 3514
1782984969226 0.25537386536598206 3515
1782984969228 0.21626774966716766 3516
1782984969229 0.5324814319610596 3517
1782984969230 0.1250106692314148 3518
1782984969232 0.6147474050521851 3519
1782984969233 0.049808721989393234 3520
1782984969235 0.7778911590576172 3521
1782984969236 0.18835598230361938 3522
1782984969237 0.23622797429561615 3523
1782984969238 0.48617714643478394 3524
1782984969240 0.4070015549659729 3525
1782984969241 0.42818325757980347 3526
1782984969242 0.49660152196884155 3527
1782984969243 0.11054631322622299 3528
1782984969245 0.17572490870952606 3529
1782984969246 0.406909704208374 3530
1782984969247 0.3226412534713745 3531
1782984969249 0.30672186613082886 3532
1782984969250 0.18357586860656738 3533
1782984969251 0.7399447560310364 3534
1782984969253 0.4071131646633148 3535
1782984969254 0.21511487662792206 3536
1782984969255 0.18540386855602264 3537
1782984969256 0.22431303560733795 3538
1782984969257 0.4762822389602661 3539
1782984969259 0.2553630769252777 3540
1782984969260 0.2693435549736023 3541
1782984969261 0.2851916551589966 3542
1782984969262 0.36182835698127747 3543
1782984969264 0.20533892512321472 3544
1782984969265 0.20727063715457916 3545
1782984969266 0.2899802327156067 3546
1782984969268 0.30242472887039185 3547
1782984969269 0.16606628894805908 3548
1782984969270 0.08830694109201431 3549
1782984969271 0.21470136940479279 3550
1782984969273 0.22694063186645508 3551
1782984969274 0.20176830887794495 3552
1782984969275 0.12388111650943756 3553
1782984969277 0.13816529512405396 3554
1782984969278 0.225807785987854 3555
1782984969279 0.155606210231781 3556
1782984969280 0.8141555190086365 3557
1782984969282 0.13346287608146667 3558
1782984969283 0.28851065039634705 3559
1782984969284 1.077860951423645 3560
1782984969286 0.33305075764656067 3561
1782984969287 0.3548397719860077 3562
1782984969288 0.25116363167762756 3563
1782984969289 0.4747057557106018 3564
1782984969291 0.5217942595481873 3565
1782984969292 0.6749621629714966 3566
1782984969293 0.2185421884059906 3567
1782984969295 0.08869457989931107 3568
1782984969296 0.13684722781181335 3569
1782984969298 0.1864679753780365 3570
1782984969299 0.2224722057580948 3571
1782984969300 0.1690255105495453 3572
1782984969302 0.2826245129108429 3573
1782984969303 0.26628378033638 3574
1782984969304 0.1449044942855835 3575
1782984969306 0.11144297569990158 3576
1782984969307 0.2948806881904602 3577
1782984969308 0.15833960473537445 3578
1782984969309 0.09429076313972473 3579
1782984969311 0.7207952737808228 3580
1782984969312 0.22654934227466583 3581
1782984969313 0.2379373461008072 3582
1782984969314 0.1869056522846222 3583
1782984969316 0.6734313368797302 3584
1782984969317 0.19053563475608826 3585
1782984969318 0.2029760777950287 3586
1782984969320 0.25018003582954407 3587
1782984969321 0.2531329393386841 3588
1782984969322 0.1981327384710312 3589
1782984969324 0.3866181969642639 3590
1782984969325 0.34950172901153564 3591
1782984969326 0.4146459102630615 3592
1782984969327 0.2481408417224884 3593
1782984969329 0.4050171375274658 3594
1782984969330 0.16863952577114105 3595
1782984969332 0.21643561124801636 3596
1782984969333 0.2349887192249298 3597
1782984969334 0.17555898427963257 3598
1782984969336 0.2560942471027374 3599
1782984969337 0.17177754640579224 3600
1782984969338 0.3327879309654236 3601
1782984969339 0.12046290934085846 3602
1782984969341 0.2427087426185608 3603
1782984969342 0.22170352935791016 3604
1782984969343 0.21240639686584473 3605
1782984969345 0.23990508913993835 3606
1782984969346 0.274716317653656 3607
1782984969347 0.1713133603334427 3608
1782984969348 0.26499277353286743 3609
1782984969350 0.4296048581600189 3610
1782984969351 0.5266649127006531 3611
1782984969352 0.14290715754032135 3612
1782984969353 0.431048721075058 3613
1782984969355 0.17649249732494354 3614
1782984969356 0.13895967602729797 3615
1782984969357 0.1739550530910492 3616
1782984969359 0.4077746868133545 3617
1782984969360 0.12845270335674286 3618
1782984969361 0.172655388712883 3619
1782984969362 0.42552345991134644 3620
1782984969364 0.238999143242836 3621
1782984969365 0.11024077981710434 3622
1782984969366 0.3908956050872803 3623
1782984969367 0.15264718234539032 3624
1782984969369 0.19303831458091736 3625
1782984969370 0.4285188913345337 3626
1782984969371 0.550683319568634 3627
1782984969372 0.19761568307876587 3628
1782984969374 0.14762316644191742 3629
1782984969375 0.4223833680152893 3630
1782984969376 0.3315972089767456 3631
1782984969378 0.24507515132427216 3632
1782984969379 0.12512078881263733 3633
1782984969380 0.41569456458091736 3634
1782984969381 0.056185681372880936 3635
1782984969383 0.09072773903608322 3636
1782984969384 0.19528625905513763 3637
1782984969385 0.45603206753730774 3638
1782984969386 0.26262056827545166 3639
1782984969388 0.10641138255596161 3640
1782984969389 0.12042580544948578 3641
1782984969390 0.12852957844734192 3642
1782984969391 0.29913845658302307 3643
1782984969393 0.07305170595645905 3644
1782984969394 0.36037787795066833 3645
1782984969395 0.8347078561782837 3646
1782984969396 0.12348539382219315 3647
1782984969398 0.24201646447181702 3648
1782984969399 0.4404149055480957 3649
1782984969400 0.1427495777606964 3650
1782984969402 0.21816714107990265 3651
1782984969403 0.2787260115146637 3652
1782984969404 0.43635693192481995 3653
1782984969405 0.13849933445453644 3654
1782984969407 0.13910017907619476 3655
1782984969408 0.13079147040843964 3656
1782984969409 0.3319226801395416 3657
1782984969411 0.6621306538581848 3658
1782984969412 0.5167596340179443 3659
1782984969413 0.6552874445915222 3660
1782984969414 0.09309089183807373 3661
1782984969416 0.27144548296928406 3662
1782984969417 0.10711701959371567 3663
1782984969418 0.3566049337387085 3664
1782984969419 0.19421114027500153 3665
1782984969420 0.29213857650756836 3666
1782984969422 0.16650839149951935 3667
1782984969423 0.1364140808582306 3668
1782984969424 0.0826379582285881 3669
1782984969425 0.1199808418750763 3670
1782984969427 0.19464153051376343 3671
1782984969428 0.3285113573074341 3672
1782984969429 0.1728450506925583 3673
1782984969430 0.3211231231689453 3674
1782984969432 0.07325296103954315 3675
1782984969433 0.14450426399707794 3676
1782984969435 0.2635362446308136 3677
1782984969436 0.15539151430130005 3678
1782984969437 0.08454933017492294 3679
1782984969439 0.1837209016084671 3680
1782984969440 0.10632268339395523 3681
1782984969441 0.2665044367313385 3682
1782984969442 0.6337709426879883 3683
1782984969444 0.3301003575325012 3684
1782984969446 0.3888314664363861 3685
1782984969447 0.09527378529310226 3686
1782984969448 0.08125535398721695 3687
1782984969449 0.4165027141571045 3688
1782984969450 0.23499377071857452 3689
1782984969452 0.38577690720558167 3690
1782984969453 0.4519992768764496 3691
1782984969454 0.13447849452495575 3692
1782984969455 0.146657332777977 3693
1782984969457 0.39363324642181396 3694
1782984969458 0.2772184908390045 3695
1782984969459 0.15595576167106628 3696
1782984969460 0.21850983798503876 3697
1782984969461 0.27144312858581543 3698
1782984969463 0.4685029685497284 3699
1782984969464 0.46725764870643616 3700
1782984969465 0.38256871700286865 3701
1782984969467 0.16734379529953003 3702
1782984969468 0.14116866886615753 3703
1782984969469 0.2414965033531189 3704
1782984969470 0.20382028818130493 3705
1782984969472 0.581295371055603 3706
1782984969473 0.2982543706893921 3707
1782984969474 0.10214615613222122 3708
1782984969475 0.08937311172485352 3709
1782984969477 0.6130692362785339 3710
1782984969478 0.0962047129869461 3711
1782984969479 0.060970239341259 3712
1782984969480 0.1861066073179245 3713
1782984969481 0.4636717140674591 3714
1782984969483 0.4014526307582855 3715
1782984969484 0.27532055974006653 3716
1782984969485 0.26887041330337524 3717
1782984969486 0.4980262219905853 3718
1782984969488 0.1726146787405014 3719
1782984969489 0.5912532806396484 3720
1782984969490 0.3433777093887329 3721
1782984969491 0.16643564403057098 3722
1782984969493 0.15585783123970032 3723
1782984969494 0.25488921999931335 3724
1782984969495 0.3168884217739105 3725
1782984969496 0.23781973123550415 3726
1782984969498 0.30726751685142517 3727
1782984969499 0.20866228640079498 3728
1782984969500 0.20168785750865936 3729
1782984969501 0.2207815945148468 3730
1782984969503 0.11342977732419968 3731
1782984969504 0.08654903620481491 3732
1782984969505 0.4348570704460144 3733
1782984969506 0.1496778130531311 3734
1782984969508 0.21344450116157532 3735
1782984969509 0.13566134870052338 3736
1782984969510 0.08951360732316971 3737
1782984969512 0.12560436129570007 3738
1782984969513 0.6540834903717041 3739
1782984969514 0.34182384610176086 3740
1782984969515 0.41622722148895264 3741
1782984969517 0.18585696816444397 3742
1782984969518 0.4012388586997986 3743
1782984969519 0.05525287613272667 3744
1782984969520 0.26019471883773804 3745
1782984969522 0.3724518418312073 3746
1782984969523 0.08455197513103485 3747
1782984969524 0.21227478981018066 3748
1782984969525 0.1710367202758789 3749
1782984969633 0.28309768438339233 3750
1782984969634 0.10825353115797043 3751
1782984969635 0.057582419365644455 3752
1782984969637 0.1309059113264084 3753
1782984969638 0.32344692945480347 3754
1782984969639 0.5087318420410156 3755
1782984969640 0.2705381512641907 3756
1782984969642 0.1465121954679489 3757
1782984969643 0.37012702226638794 3758
1782984969644 0.37913185358047485 3759
1782984969645 0.5350819230079651 3760
1782984969647 0.32755836844444275 3761
1782984969648 0.47842079401016235 3762
1782984969649 0.1791640967130661 3763
1782984969650 0.33245158195495605 3764
1782984969652 0.1303151249885559 3765
1782984969653 0.30220508575439453 3766
1782984969654 0.2939305603504181 3767
1782984969655 0.16066806018352509 3768
1782984969657 0.3323063850402832 3769
1782984969658 0.32153716683387756 3770
1782984969659 0.06250178813934326 3771
1782984969660 0.2568827271461487 3772
1782984969661 0.21072691679000854 3773
1782984969663 0.18423029780387878 3774
1782984969664 0.48699042201042175 3775
1782984969665 0.14598892629146576 3776
1782984969666 0.2560383379459381 3777
1782984969668 0.21246911585330963 3778
1782984969669 0.38737162947654724 3779
1782984969670 0.2691117227077484 3780
1782984969671 0.15724211931228638 3781
1782984969673 0.23928581178188324 3782
1782984969674 0.16685591638088226 3783
1782984969675 0.29445046186447144 3784
1782984969676 0.18245555460453033 3785
1782984969678 0.061315156519412994 3786
1782984969679 0.4644176959991455 3787
1782984969680 0.7203062772750854 3788
1782984969681 0.18750311434268951 3789
1782984969683 0.06542567908763885 3790
1782984969684 0.23828226327896118 3791
1782984969685 0.32241007685661316 3792
1782984969687 0.49126777052879333 3793
1782984969688 0.2599909007549286 3794
1782984969689 0.1209188848733902 3795
1782984969690 0.06970494240522385 3796
1782984969692 0.2747395634651184 3797
1782984969693 0.1428176760673523 3798
1782984969694 0.19464614987373352 3799
1782984969696 0.06557077169418335 3800
1782984969697 0.13738322257995605 3801
1782984969698 0.38567131757736206 3802
1782984969699 0.14925932884216309 3803
1782984969701 0.05012359097599983 3804
1782984969702 0.23180325329303741 3805
1782984969703 0.28973737359046936 3806
1782984969705 0.16447713971138 3807
1782984969706 0.5144084692001343 3808
1782984969707 0.13999299705028534 3809
1782984969708 0.32944029569625854 3810
1782984969710 0.08561190962791443 3811
1782984969711 0.06347537040710449 3812
1782984969712 0.1412217766046524 3813
1782984969713 0.47168397903442383 3814
1782984969715 0.30231496691703796 3815
1782984969716 0.1312960684299469 3816
1782984969717 0.26860731840133667 3817
1782984969719 0.05495452135801315 3818
1782984969720 0.4914861023426056 3819
1782984969722 0.1889796406030655 3820
1782984969723 0.2713157832622528 3821
1782984969724 0.1384115368127823 3822
1782984969726 0.22713980078697205 3823
1782984969727 0.5822428464889526 3824
1782984969728 0.3209197223186493 3825
1782984969730 0.15950360894203186 3826
1782984969731 0.17660799622535706 3827
1782984969732 0.17363257706165314 3828
1782984969733 0.1699497252702713 3829
1782984969735 0.15514732897281647 3830
1782984969736 0.28914526104927063 3831
1782984969737 0.26923707127571106 3832
1782984969739 0.2313975691795349 3833
1782984969740 0.3227178454399109 3834
1782984969741 0.3540917634963989 3835
1782984969743 0.2508818507194519 3836
1782984969744 0.3594757914543152 3837
1782984969745 0.09867656230926514 3838
1782984969746 0.26233112812042236 3839
1782984969748 0.305276483297348 3840
1782984969749 0.1541932076215744 3841
1782984969750 0.20694637298583984 3842
1782984969752 0.1681266725063324 3843
1782984969753 0.5150952339172363 3844
1782984969754 0.3178052604198456 3845
1782984969755 0.2808277904987335 3846
1782984969757 0.1930922269821167 3847
1782984969758 0.101979099214077 3848
1782984969759 0.26797959208488464 3849
1782984969761 0.2775391638278961 3850
1782984969762 0.19999346137046814 3851
1782984969763 0.4301255941390991 3852
1782984969765 0.5380744934082031 3853
1782984969766 0.38484543561935425 3854
1782984969767 0.0728776603937149 3855
1782984969769 0.1972927451133728 3856
1782984969770 0.20722997188568115 3857
1782984969771 0.15456905961036682 3858
1782984969773 0.09744031727313995 3859
1782984969774 0.12268653512001038 3860
1782984969775 0.08171908557415009 3861
1782984969777 0.3073585033416748 3862
1782984969778 0.16284602880477905 3863
1782984969779 0.2920776903629303 3864
1782984969781 0.15463824570178986 3865
1782984969782 0.5896917581558228 3866
1782984969783 0.3445560038089752 3867
1782984969785 0.6058351397514343 3868
1782984969786 0.08149494230747223 3869
1782984969787 0.2713399827480316 3870
1782984969789 0.191928893327713 3871
1782984969790 0.7116804718971252 3872
1782984969791 0.353619784116745 3873
1782984969793 0.18925924599170685 3874
1782984969794 0.1064334511756897 3875
1782984969795 0.15199445188045502 3876
1782984969797 0.18201673030853271 3877
1782984969798 0.2587391436100006 3878
1782984969799 0.21624484658241272 3879
1782984969801 0.17596106231212616 3880
1782984969802 0.28512656688690186 3881
1782984969803 0.2970695197582245 3882
1782984969805 0.5695598721504211 3883
1782984969806 0.20568731427192688 3884
1782984969807 0.260937362909317 3885
1782984969809 0.43371883034706116 3886
1782984969810 0.4396081864833832 3887
1782984969811 0.3160649240016937 3888
1782984969813 0.10104207694530487 3889
1782984969814 0.5026773810386658 3890
1782984969815 0.18280406296253204 3891
1782984969817 0.3471488654613495 3892
1782984969818 0.41088858246803284 3893
1782984969819 0.07657703012228012 3894
1782984969820 0.23950153589248657 3895
1782984969822 0.14140604436397552 3896
1782984969823 0.17173852026462555 3897
1782984969824 0.30650511384010315 3898
1782984969826 0.1518927663564682 3899
1782984969827 0.13908293843269348 3900
1782984969828 0.2698304355144501 3901
1782984969829 0.13480237126350403 3902
1782984969831 0.32358288764953613 3903
1782984969832 0.17068718373775482 3904
1782984969833 0.12467636913061142 3905
1782984969834 0.20448285341262817 3906
1782984969836 0.1109224259853363 3907
1782984969837 0.27588096261024475 3908
1782984969838 0.05464428663253784 3909
1782984969840 0.3198314905166626 3910
1782984969841 0.40019935369491577 3911
1782984969842 0.28061288595199585 3912
1782984969844 0.22224017977714539 3913
1782984969845 0.07776749134063721 3914
1782984969846 0.19681312143802643 3915
1782984969848 0.22587017714977264 3916
1782984969849 0.07382094860076904 3917
1782984969850 0.2704993188381195 3918
1782984969852 0.0573110394179821 3919
1782984969853 0.16117660701274872 3920
1782984969854 0.10928741097450256 3921
1782984969855 0.13553999364376068 3922
1782984969857 0.3259132206439972 3923
1782984969858 0.15260088443756104 3924
1782984969859 0.18094053864479065 3925
1782984969861 0.16196255385875702 3926
1782984969862 0.28259900212287903 3927
1782984969863 0.3397129774093628 3928
1782984969865 0.1553514003753662 3929
1782984969866 0.1574792116880417 3930
1782984969867 0.12858091294765472 3931
1782984969869 0.5247353911399841 3932
1782984969870 0.12134359776973724 3933
1782984969871 0.1140497699379921 3934
1782984969872 0.13117612898349762 3935
1782984969874 0.3283930718898773 3936
1782984969875 0.23565344512462616 3937
1782984969876 0.24116700887680054 3938
1782984969877 0.1362176388502121 3939
1782984969879 0.050713520497083664 3940
1782984969880 0.2030664086341858 3941
1782984969881 0.1573941856622696 3942
1782984969882 0.13407711684703827 3943
1782984969884 0.20780082046985626 3944
1782984969885 0.304301381111145 3945
1782984969886 0.269448846578598 3946
1782984969888 0.23703917860984802 3947
1782984969889 0.31425780057907104 3948
1782984969890 0.324492871761322 3949
1782984969891 0.31493180990219116 3950
1782984969893 0.12228210270404816 3951
1782984969894 0.1732436865568161 3952
1782984969895 0.20187771320343018 3953
1782984969896 0.31665295362472534 3954
1782984969898 0.4659312665462494 3955
1782984969899 0.316097617149353 3956
1782984969900 0.1929197758436203 3957
1782984969901 0.3572269678115845 3958
1782984969903 0.11936657130718231 3959
1782984969904 0.2034999579191208 3960
1782984969906 0.5295665860176086 3961
1782984969907 0.2552497684955597 3962
1782984969908 0.3034175634384155 3963
1782984969909 0.23460036516189575 3964
1782984969911 0.1401827186346054 3965
1782984969912 0.21816401183605194 3966
1782984969914 0.07720260322093964 3967
1782984969915 0.2202121466398239 3968
1782984969916 0.2735777199268341 3969
1782984969918 0.3346973657608032 3970
1782984969919 0.289389431476593 3971
1782984969920 0.23554491996765137 3972
1782984969922 0.1393929123878479 3973
1782984969923 0.3749198913574219 3974
1782984969924 0.1263965517282486 3975
1782984969925 0.18965597450733185 3976
1782984969927 0.22724150121212006 3977
1782984969928 0.2291969507932663 3978
1782984969929 0.41247355937957764 3979
1782984969931 0.13003593683242798 3980
1782984969932 0.2632720470428467 3981
1782984969933 0.22247618436813354 3982
1782984969934 0.28212451934814453 3983
1782984969936 0.08852629363536835 3984
1782984969937 0.3147519528865814 3985
1782984969938 0.153217613697052 3986
1782984969940 0.12625882029533386 3987
1782984969941 0.3145274817943573 3988
1782984969942 0.1191256195306778 3989
1782984969943 0.20227134227752686 3990
1782984969945 0.08088943362236023 3991
1782984969946 0.2933165729045868 3992
1782984969947 0.6759690642356873 3993
1782984969948 0.2517569959163666 3994
1782984969950 0.15637840330600739 3995
1782984969951 0.24774010479450226 3996
1782984969952 0.046854209154844284 3997
1782984969954 0.14581109583377838 3998
1782984969955 0.48657870292663574 3999
1782984969956 0.14874053001403809 4000
1782984969958 0.23961853981018066 4001
1782984969959 0.20121614634990692 4002
1782984969960 0.15000565350055695 4003
1782984969961 0.09457957744598389 4004
1782984969963 0.21208983659744263 4005
1782984969964 0.20391903817653656 4006
1782984969965 0.11741471290588379 4007
1782984969967 0.09998703747987747 4008
1782984969968 0.2387911081314087 4009
1782984969969 0.31827887892723083 4010
1782984969970 0.15021879971027374 4011
1782984969972 0.0654219463467598 4012
1782984969973 0.28298884630203247 4013
1782984969974 0.12609466910362244 4014
1782984969975 0.49868854880332947 4015
1782984969976 0.2260090559720993 4016
1782984969978 0.22031362354755402 4017
1782984969979 0.19329139590263367 4018
1782984969980 0.13277240097522736 4019
1782984969981 0.14890669286251068 4020
1782984969983 0.08494645357131958 4021
1782984969984 0.09830083698034286 4022
1782984969985 0.4388236105442047 4023
1782984969986 0.08987939357757568 4024
1782984969988 0.45831334590911865 4025
1782984969989 0.24961479008197784 4026
1782984969990 0.13075919449329376 4027
1782984969991 0.35251501202583313 4028
1782984969993 0.10408834367990494 4029
1782984969994 0.1901678442955017 4030
1782984969995 0.29448556900024414 4031
1782984969996 0.24201864004135132 4032
1782984969997 0.11403360217809677 4033
1782984969999 0.3518318235874176 4034
1782984970000 0.4096106290817261 4035
1782984970001 0.18509992957115173 4036
1782984970003 0.4546509385108948 4037
1782984970004 0.24217550456523895 4038
1782984970005 0.10892397910356522 4039
1782984970007 0.07998286187648773 4040
1782984970008 0.08703307062387466 4041
1782984970009 0.32013756036758423 4042
1782984970010 0.18905754387378693 4043
1782984970012 0.2666909992694855 4044
1782984970013 0.6886855363845825 4045
1782984970014 0.20630143582820892 4046
1782984970015 0.09509309381246567 4047
1782984970017 0.15145231783390045 4048
1782984970018 0.26877233386039734 4049
1782984970019 0.38732996582984924 4050
1782984970020 0.609009325504303 4051
1782984970022 0.04750806838274002 4052
1782984970023 0.06732112169265747 4053
1782984970024 0.11289061605930328 4054
1782984970025 0.4007095992565155 4055
1782984970027 0.40224209427833557 4056
1782984970028 0.3993024528026581 4057
1782984970029 0.28885823488235474 4058
1782984970030 0.22554510831832886 4059
1782984970032 0.3696483075618744 4060
1782984970033 0.17570547759532928 4061
1782984970034 0.14922645688056946 4062
1782984970035 0.21875694394111633 4063
1782984970037 0.43554753065109253 4064
1782984970038 0.1606353223323822 4065
1782984970039 0.37906625866889954 4066
1782984970040 0.19012540578842163 4067
1782984970042 0.3286092281341553 4068
1782984970043 0.7250950932502747 4069
1782984970044 0.13252972066402435 4070
1782984970045 0.15784907341003418 4071
1782984970047 0.09760639071464539 4072
1782984970048 0.5946255326271057 4073
1782984970049 0.38665202260017395 4074
1782984970050 0.1549699902534485 4075
1782984970052 0.4568132758140564 4076
1782984970053 0.31882983446121216 4077
1782984970054 0.23709146678447723 4078
1782984970055 0.20050285756587982 4079
1782984970057 0.3878355026245117 4080
1782984970058 0.07713029533624649 4081
1782984970059 0.20761185884475708 4082
1782984970060 0.7774726748466492 4083
1782984970062 0.14888155460357666 4084
1782984970063 0.5063424110412598 4085
1782984970064 0.08021508902311325 4086
1782984970065 0.3060840666294098 4087
1782984970067 0.598017692565918 4088
1782984970068 0.5871586203575134 4089
1782984970069 0.23667146265506744 4090
1782984970070 0.23957467079162598 4091
1782984970072 0.14537616074085236 4092
1782984970073 0.3193342089653015 4093
1782984970074 0.02250862307846546 4094
1782984970076 0.1002352312207222 4095
1782984970077 0.0756944790482521 4096
1782984970078 0.060917988419532776 4097
1782984970080 0.2535778284072876 4098
1782984970081 0.19398941099643707 4099
1782984970082 0.1222088411450386 4100
1782984970084 0.3421730101108551 4101
1782984970085 0.07766178250312805 4102
1782984970086 0.25319182872772217 4103
1782984970088 0.2454390674829483 4104
1782984970089 0.1765386462211609 4105
1782984970090 0.11536616086959839 4106
1782984970091 0.2174828052520752 4107
1782984970093 0.2074633687734604 4108
1782984970094 0.41629526019096375 4109
1782984970095 0.1298082172870636 4110
1782984970097 0.5240519046783447 4111
1782984970098 0.1550026684999466 4112
1782984970099 0.25823086500167847 4113
1782984970101 0.06395279616117477 4114
1782984970287 0.148575559258461 4115
1782984970288 0.34405043721199036 4116
1782984970290 0.5231232047080994 4117
1782984970292 0.16853702068328857 4118
1782984970293 0.14083218574523926 4119
1782984970294 0.2552351653575897 4120
1782984970296 0.2589098811149597 4121
1782984970297 0.1369214504957199 4122
1782984970298 0.4818475544452667 4123
1782984970300 0.21370786428451538 4124
1782984970301 0.4278009533882141 4125
1782984970302 0.3201458752155304 4126
1782984970304 0.49318209290504456 4127
1782984970305 0.5960471034049988 4128
1782984970306 0.37153875827789307 4129
1782984970308 0.18391530215740204 4130
1782984970309 0.059486351907253265 4131
1782984970310 0.4578351378440857 4132
1782984970311 0.4601004719734192 4133
1782984970313 0.17242169380187988 4134
1782984970314 0.19764846563339233 4135
1782984970315 0.5146121978759766 4136
1782984970317 0.4667734205722809 4137
1782984970318 0.1951742023229599 4138
1782984970319 0.287309467792511 4139
1782984970320 0.2473476231098175 4140
1782984970322 0.35393932461738586 4141
1782984970323 0.09142829477787018 4142
1782984970324 0.333316832780838 4143
1782984970326 0.3256685137748718 4144
1782984970327 0.28489506244659424 4145
1782984970328 0.14328797161579132 4146
1782984970330 0.34779709577560425 4147
1782984970333 0.31262287497520447 4148
1782984970334 0.047795072197914124 4149
1782984970335 0.27375125885009766 4150
1782984970337 0.254437118768692 4151
1782984970338 0.16575489938259125 4152
1782984970340 0.07894474267959595 4153
1782984970341 0.14316803216934204 4154
1782984970342 0.24543257057666779 4155
1782984970344 0.07339074462652206 4156
1782984970345 0.3250671327114105 4157
1782984970346 0.34701603651046753 4158
1782984970348 0.17891168594360352 4159
1782984970349 0.1247759535908699 4160
1782984970350 0.22896695137023926 4161
1782984970352 0.2672138512134552 4162
1782984970353 0.3200460374355316 4163
1782984970354 0.3371613919734955 4164
1782984970356 0.1831025928258896 4165
1782984970357 0.44110333919525146 4166
1782984970358 0.18097016215324402 4167
1782984970360 0.3599916100502014 4168
1782984970361 0.13747115433216095 4169
1782984970363 0.29191353917121887 4170
1782984970364 0.23850932717323303 4171
1782984970365 0.4676183760166168 4172
1782984970367 0.3339306712150574 4173
1782984970368 0.2092355191707611 4174
1782984970369 0.14044000208377838 4175
1782984970371 0.20697423815727234 4176
1782984970372 0.24505329132080078 4177
1782984970373 0.28675875067710876 4178
1782984970374 0.6250091791152954 4179
1782984970376 0.15082623064517975 4180
1782984970377 0.5546113848686218 4181
1782984970378 0.1739545464515686 4182
1782984970380 0.25693821907043457 4183
1782984970381 0.14335432648658752 4184
1782984970382 0.18819531798362732 4185
1782984970384 0.08597559481859207 4186
1782984970385 0.4023952782154083 4187
1782984970386 0.20979630947113037 4188
1782984970388 0.24772800505161285 4189
1782984970389 0.42188286781311035 4190
1782984970390 0.1876470297574997 4191
1782984970392 0.20943288505077362 4192
1782984970393 0.14017249643802643 4193
1782984970394 0.156659796833992 4194
1782984970396 0.1817336529493332 4195
1782984970397 0.6110978722572327 4196
1782984970398 0.1335102766752243 4197
1782984970400 0.15288855135440826 4198
1782984970401 0.22032858431339264 4199
1782984970402 0.2180165946483612 4200
1782984970404 0.21997953951358795 4201
1782984970405 0.27290773391723633 4202
1782984970407 0.15602636337280273 4203
1782984970408 0.29148608446121216 4204
1782984970409 0.1332191526889801 4205
1782984970411 0.17481057345867157 4206
1782984970412 0.1752743124961853 4207
1782984970413 0.41098475456237793 4208
1782984970415 0.24188219010829926 4209
1782984970416 0.21886153519153595 4210
1782984970417 0.04110483452677727 4211
1782984970419 0.20862425863742828 4212
1782984970420 0.16260913014411926 4213
1782984970421 0.26831501722335815 4214
1782984970423 0.3165610432624817 4215
1782984970424 0.051980551332235336 4216
1782984970425 0.1332412213087082 4217
1782984970427 0.15457741916179657 4218
1782984970428 0.08896378427743912 4219
1782984970429 0.12874217331409454 4220
1782984970431 0.2321723997592926 4221
1782984970432 0.4229002892971039 4222
1782984970433 0.3546728193759918 4223
1782984970435 0.3037509620189667 4224
1782984970436 0.1436479538679123 4225
1782984970437 0.4283692240715027 4226
1782984970438 0.31335359811782837 4227
1782984970440 0.2085060030221939 4228
1782984970441 0.24519790709018707 4229
1782984970443 0.4338848888874054 4230
1782984970444 0.11494259536266327 4231
1782984970445 0.21223413944244385 4232
1782984970447 0.2624487578868866 4233
1782984970448 0.2201157808303833 4234
1782984970449 0.32720065116882324 4235
1782984970450 0.6399143934249878 4236
1782984970452 0.1263982355594635 4237
1782984970453 0.338830828666687 4238
1782984970455 0.13881312310695648 4239
1782984970456 0.22874043881893158 4240
1782984970457 0.49215608835220337 4241
1782984970458 0.3138691186904907 4242
1782984970460 0.17800264060497284 4243
1782984970461 0.5914934873580933 4244
1782984970462 0.2896385192871094 4245
1782984970464 0.2442476749420166 4246
1782984970465 0.2186039388179779 4247
1782984970466 0.2375887781381607 4248
1782984970468 0.08784472942352295 4249
1782984970469 0.23195457458496094 4250
1782984970470 0.37491077184677124 4251
1782984970472 0.2568163275718689 4252
1782984970473 0.19070659577846527 4253
1782984970474 0.30136793851852417 4254
1782984970476 0.21753980219364166 4255
1782984970477 0.2680107355117798 4256
1782984970479 0.20755697786808014 4257
1782984970480 0.07629048079252243 4258
1782984970481 0.2696777582168579 4259
1782984970482 0.4088036119937897 4260
1782984970484 0.2721904516220093 4261
1782984970485 0.37381061911582947 4262
1782984970486 0.19953633844852448 4263
1782984970488 0.2912384569644928 4264
1782984970489 0.14976626634597778 4265
1782984970490 0.22948786616325378 4266
1782984970492 0.26641467213630676 4267
1782984970493 0.14472931623458862 4268
1782984970495 0.10437455773353577 4269
1782984970496 0.10495080053806305 4270
1782984970497 0.2677272856235504 4271
1782984970498 0.26348575949668884 4272
1782984970500 0.2434845119714737 4273
1782984970501 0.20713940262794495 4274
1782984970502 0.3908739387989044 4275
1782984970504 0.15314409136772156 4276
1782984970505 0.20282410085201263 4277
1782984970506 0.12695686519145966 4278
1782984970508 0.4151059091091156 4279
1782984970509 0.10758188366889954 4280
1782984970510 0.19106197357177734 4281
1782984970512 0.16148781776428223 4282
1782984970513 0.5973173975944519 4283
1782984970514 0.08535156399011612 4284
1782984970516 0.2976043224334717 4285
1782984970517 0.33605605363845825 4286
1782984970518 0.20006129145622253 4287
1782984970520 0.17584475874900818 4288
1782984970521 0.5983378887176514 4289
1782984970522 0.06857570260763168 4290
1782984970524 0.2290785312652588 4291
1782984970525 0.25521746277809143 4292
1782984970526 0.15117356181144714 4293
1782984970528 0.1841270476579666 4294
1782984970529 0.3255274295806885 4295
1782984970530 0.291999876499176 4296
1782984970532 0.3611432611942291 4297
1782984970533 0.27241840958595276 4298
1782984970534 0.3487637937068939 4299
1782984970536 0.3923015594482422 4300
1782984970537 0.08544841408729553 4301
1782984970538 0.2885535955429077 4302
1782984970540 0.18299248814582825 4303
1782984970541 0.16474612057209015 4304
1782984970542 0.2536579370498657 4305
1782984970544 0.4048886001110077 4306
1782984970545 0.3019544780254364 4307
1782984970546 0.4923342168331146 4308
1782984970548 0.48557621240615845 4309
1782984970549 0.2123972773551941 4310
1782984970550 0.19866004586219788 4311
1782984970552 0.40694209933280945 4312
1782984970553 0.11660093814134598 4313
1782984970554 0.3322455883026123 4314
1782984970555 0.12717856466770172 4315
1782984970557 0.5305338501930237 4316
1782984970558 0.07838311791419983 4317
1782984970559 0.375414103269577 4318
1782984970561 0.060953136533498764 4319
1782984970562 0.14997681975364685 4320
1782984970563 0.3655676245689392 4321
1782984970565 0.3113974630832672 4322
1782984970566 0.17627787590026855 4323
1782984970567 0.26616939902305603 4324
1782984970569 0.5439422726631165 4325
1782984970570 0.0949261263012886 4326
1782984970571 0.17842309176921844 4327
1782984970573 0.21491843461990356 4328
1782984970575 0.13129907846450806 4329
1782984970576 0.1845588982105255 4330
1782984970577 0.17849057912826538 4331
1782984970578 0.474082350730896 4332
1782984970580 0.12563282251358032 4333
1782984970581 0.23444515466690063 4334
1782984970582 0.10988513380289078 4335
1782984970583 0.08368870615959167 4336
1782984970585 0.31985530257225037 4337
1782984970586 0.3682968020439148 4338
1782984970587 0.2259029597043991 4339
1782984970588 0.10057661682367325 4340
1782984970590 0.39521634578704834 4341
1782984970591 0.361707478761673 4342
1782984970592 0.3901222050189972 4343
1782984970594 0.0856878012418747 4344
1782984970595 0.285081684589386 4345
1782984970596 0.24037182331085205 4346
1782984970598 0.23094525933265686 4347
1782984970599 0.31206804513931274 4348
1782984970600 0.09835489839315414 4349
1782984970602 0.37229183316230774 4350
1782984970603 0.3128665089607239 4351
1782984970604 0.27449142932891846 4352
1782984970606 0.24765896797180176 4353
1782984970607 0.2771788537502289 4354
1782984970608 0.11673470586538315 4355
1782984970610 0.24953515827655792 4356
1782984970611 0.9200584888458252 4357
1782984970612 0.4846077859401703 4358
1782984970614 0.1852129101753235 4359
1782984970615 0.16854774951934814 4360
1782984970616 0.29114800691604614 4361
1782984970618 0.21441636979579926 4362
1782984970619 0.2701534032821655 4363
1782984970620 0.3142441213130951 4364
1782984970622 0.14805586636066437 4365
1782984970623 0.07830958813428879 4366
1782984970624 0.17967984080314636 4367
1782984970626 0.3007628917694092 4368
1782984970627 0.1635134220123291 4369
1782984970628 0.33747023344039917 4370
1782984970630 0.172785222530365 4371
1782984970631 0.24972426891326904 4372
1782984970632 0.13577215373516083 4373
1782984970634 0.2295980304479599 4374
1782984970635 0.32264479994773865 4375
1782984970636 0.06987498700618744 4376
1782984970637 0.21441733837127686 4377
1782984970639 0.4635915160179138 4378
1782984970640 0.2668364942073822 4379
1782984970642 0.060004353523254395 4380
1782984970643 0.2634405195713043 4381
1782984970644 0.26620811223983765 4382
1782984970646 0.19191506505012512 4383
1782984970647 0.15302740037441254 4384
1782984970648 0.10381805896759033 4385
1782984970650 0.17256753146648407 4386
1782984970651 0.2586192190647125 4387
1782984970652 0.13454534113407135 4388
1782984970654 0.1244390681385994 4389
1782984970655 0.41028013825416565 4390
1782984970656 0.1419828087091446 4391
1782984970658 0.11204861849546432 4392
1782984970659 0.13458351790905 4393
1782984970660 0.15465949475765228 4394
1782984970661 0.21418213844299316 4395
1782984970663 0.18953223526477814 4396
1782984970664 0.13618937134742737 4397
1782984970665 0.47669386863708496 4398
1782984970667 0.051946111023426056 4399
1782984970668 0.567681074142456 4400
1782984970669 0.6302557587623596 4401
1782984970671 0.262387216091156 4402
1782984970672 0.5036777853965759 4403
1782984970673 0.17766404151916504 4404
1782984970675 0.09400279819965363 4405
1782984970676 0.08669732511043549 4406
1782984970677 0.10532132536172867 4407
1782984970679 0.18025454878807068 4408
1782984970680 0.2918473482131958 4409
1782984970681 0.2052547037601471 4410
1782984970682 0.05119023472070694 4411
1782984970684 0.4448949992656708 4412
1782984970685 0.2783653736114502 4413
1782984970686 0.11656472086906433 4414
1782984970688 0.3982113003730774 4415
1782984970689 0.16156449913978577 4416
1782984970690 0.11237539350986481 4417
1782984970692 0.16916634142398834 4418
1782984970693 0.20053215324878693 4419
1782984970694 0.13821524381637573 4420
1782984970696 0.16588981449604034 4421
1782984970697 0.07286416739225388 4422
1782984970698 0.22286124527454376 4423
1782984970700 0.2888578474521637 4424
1782984970701 0.22502903640270233 4425
1782984970702 0.5368296504020691 4426
1782984970704 0.2606489360332489 4427
1782984970705 0.12409494817256927 4428
1782984970706 0.08281433582305908 4429
1782984970708 0.3133465647697449 4430
1782984970709 0.24785006046295166 4431
1782984970710 0.19694069027900696 4432
1782984970712 0.21449095010757446 4433
1782984970713 0.24395215511322021 4434
1782984970714 0.14810578525066376 4435
1782984970716 0.1958664208650589 4436
1782984970717 0.1457008272409439 4437
1782984970718 0.29884135723114014 4438
1782984970720 0.16341929137706757 4439
1782984970721 0.2629792094230652 4440
1782984970722 0.20081311464309692 4441
1782984970724 0.2296389937400818 4442
1782984970725 0.475384920835495 4443
1782984970727 0.07373222708702087 4444
1782984970728 0.2645052671432495 4445
1782984970730 0.20523571968078613 4446
1782984970731 0.5731936097145081 4447
1782984970732 0.17147886753082275 4448
1782984970734 0.11528553813695908 4449
1782984970735 0.17555579543113708 4450
1782984970737 0.07420316338539124 4451
1782984970738 0.06859508156776428 4452
1782984970739 0.27711221575737 4453
1782984970741 0.07613502442836761 4454
1782984970742 0.1358829289674759 4455
1782984970743 0.10053537786006927 4456
1782984970745 0.40876948833465576 4457
1782984970746 0.4266816973686218 4458
1782984970748 0.11433953791856766 4459
1782984970749 0.4406432509422302 4460
1782984970750 0.1855020970106125 4461
1782984970752 0.23710547387599945 4462
1782984970753 0.1386241316795349 4463
1782984970754 0.08649580180644989 4464
1782984970756 0.11870674043893814 4465
1782984970757 0.2143433839082718 4466
1782984970758 0.23001226782798767 4467
1782984970760 0.08501806110143661 4468
1782984970761 0.44907984137535095 4469
1782984970762 0.2330387532711029 4470
1782984970764 0.2211170494556427 4471
1782984970765 0.28758522868156433 4472
1782984970766 0.167339026927948 4473
1782984970768 0.11976177990436554 4474
1782984970769 0.10554779320955276 4475
1782984970770 0.10413911938667297 4476
1782984970772 0.16906726360321045 4477
1782984970773 0.1269586682319641 4478
1782984970774 0.27859383821487427 4479
1782984970775 0.5360541343688965 4480
1782984970777 0.15779317915439606 4481
1782984970778 0.04553418606519699 4482
1782984970779 0.26571124792099 4483
1782984970781 0.2024848312139511 4484
1782984970782 0.18324881792068481 4485
1782984970783 0.10924528539180756 4486
1782984970784 0.21588017046451569 4487
1782984970786 0.15969204902648926 4488
1782984970787 0.1643504500389099 4489
1782984970788 0.09550457447767258 4490
1782984970789 0.22639408707618713 4491
1782984970791 0.08046239614486694 4492
1782984970792 0.2006409466266632 4493
1782984970794 0.13282372057437897 4494
1782984970795 0.20500081777572632 4495
1782984970796 0.12336986511945724 4496
1782984970797 0.3597486913204193 4497
1782984970799 0.19712711870670319 4498
1782984970800 0.07038708031177521 4499
1782984970801 0.08390960842370987 4500
1782984970803 0.05254906415939331 4501
1782984970804 0.577803373336792 4502
1782984970806 0.2116173505783081 4503
1782984970807 0.11503331363201141 4504
1782984970808 0.2890198826789856 4505
1782984970810 0.26396700739860535 4506
1782984970811 0.169632226228714 4507
1782984970812 0.16230140626430511 4508
1782984970814 0.20986396074295044 4509
1782984970815 0.15409748256206512 4510
1782984970816 0.2551097273826599 4511
1782984970818 0.18958823382854462 4512
1782984970819 0.1518039107322693 4513
1782984970820 0.3574349880218506 4514
1782984970822 0.08296313881874084 4515
1782984970823 0.3135749399662018 4516
1782984970824 0.46135371923446655 4517
1782984970826 0.5508851408958435 4518
1782984970827 0.1283448040485382 4519
1782984970828 0.17606835067272186 4520
1782984970830 0.31894651055336 4521
1782984970831 0.5091313719749451 4522
1782984970833 0.17991520464420319 4523
1782984970834 0.5065406560897827 4524
1782984970835 0.15988516807556152 4525
1782984970836 0.15742553770542145 4526
1782984970838 0.07385467737913132 4527
1782984970839 0.25145840644836426 4528
1782984970841 0.1946665644645691 4529
1782984970842 0.18885745108127594 4530
1782984970843 0.13984212279319763 4531
1782984970845 0.1766628921031952 4532
1782984970846 0.38824331760406494 4533
1782984970847 0.2734600305557251 4534
1782984970849 0.14304234087467194 4535
1782984970850 0.24637144804000854 4536
1782984970851 0.08391272276639938 4537
1782984970853 0.2092457115650177 4538
1782984970854 0.12021675705909729 4539
1782984970855 0.12300393730401993 4540
1782984970857 0.23959726095199585 4541
1782984970858 0.2652694582939148 4542
1782984970859 0.11276847124099731 4543
1782984970861 0.1520279198884964 4544
1782984970862 0.33607056736946106 4545
1782984970863 0.1856018304824829 4546
1782984970865 0.2070731669664383 4547
1782984970866 0.19325914978981018 4548
1782984970867 0.09313883632421494 4549
1782984970869 0.28846344351768494 4550
1782984970870 0.18220332264900208 4551
1782984970871 0.4578690826892853 4552
1782984970873 0.297200083732605 4553
1782984970874 0.24066738784313202 4554
1782984970875 0.2008451223373413 4555
1782984970877 0.21858404576778412 4556
1782984970878 0.5588189363479614 4557
1782984970879 0.1834532618522644 4558
1782984970881 0.20364058017730713 4559
1782984970882 0.25079965591430664 4560
1782984970883 0.23996104300022125 4561
1782984970885 0.04581519216299057 4562
1782984970886 0.2675768733024597 4563
1782984970887 0.1364346146583557 4564
1782984970889 0.13232073187828064 4565
1782984970890 0.4140772223472595 4566
1782984970891 0.284646600484848 4567
1782984970893 0.39629173278808594 4568
1782984970894 0.16069653630256653 4569
1782984970895 0.3673171401023865 4570
1782984970897 0.1776748150587082 4571
1782984970898 0.2842268645763397 4572
1782984970899 0.2618093490600586 4573
1782984970901 0.06422349065542221 4574
1782984970902 0.40091419219970703 4575
1782984970903 0.1674197018146515 4576
1782984970905 0.302731990814209 4577
1782984970906 0.7268906831741333 4578
1782984970908 0.20335641503334045 4579
1782984970909 0.08173702657222748 4580
1782984970910 0.1560361683368683 4581
1782984970912 0.05965793505311012 4582
1782984970913 0.276760458946228 4583
1782984970914 0.4556850790977478 4584
1782984970916 0.17977476119995117 4585
1782984970917 0.12759478390216827 4586
1782984970918 0.06050287187099457 4587
1782984970920 0.3117382824420929 4588
1782984970921 0.43920764327049255 4589
1782984970923 0.07536014914512634 4590
1782984970924 0.24440805613994598 4591
1782984970925 0.30975157022476196 4592
1782984970927 0.0901835560798645 4593
1782984970928 0.16523504257202148 4594
1782984970929 0.1781553477048874 4595
1782984970931 0.5442577600479126 4596
1782984970932 0.42154407501220703 4597
1782984970933 0.3318687379360199 4598
1782984970935 0.2611881196498871 4599
1782984970936 0.05586912855505943 4600
1782984970937 0.17557664215564728 4601
1782984970939 0.18916055560112 4602
1782984970940 0.30374544858932495 4603
1782984970941 0.15543320775032043 4604
1782984970943 0.11908409744501114 4605
1782984970944 0.32648152112960815 4606
1782984970945 0.21781213581562042 4607
1782984970947 0.14381162822246552 4608
1782984970948 0.056412335485219955 4609
1782984970949 0.20120307803153992 4610
1782984970951 0.058090753853321075 4611
1782984970952 0.3686601221561432 4612
1782984970953 0.30089229345321655 4613
1782984970955 0.2972261607646942 4614
1782984970956 0.4801403880119324 4615
1782984970957 0.18266981840133667 4616
1782984970959 0.07443676888942719 4617
1782984970960 0.26924028992652893 4618
1782984970961 0.40929144620895386 4619
1782984970963 0.03727502375841141 4620
1782984970964 0.13813354074954987 4621
1782984970966 0.1282680332660675 4622
1782984970967 0.2582663893699646 4623
1782984970968 0.12675480544567108 4624
1782984970970 0.16937477886676788 4625
1782984970971 0.12801852822303772 4626
1782984970972 0.26319316029548645 4627
1782984970974 0.15831786394119263 4628
1782984970975 0.12838023900985718 4629
1782984970976 0.5104688405990601 4630
1782984970978 0.5459520816802979 4631
1782984970979 0.10719794780015945 4632
1782984970980 0.3034648299217224 4633
1782984970982 0.13687947392463684 4634
1782984970983 0.0631265863776207 4635
1782984970984 0.18157903850078583 4636
1782984970986 0.4254920482635498 4637
1782984970987 0.10084658116102219 4638
1782984970988 0.14464020729064941 4639
1782984970990 0.13772089779376984 4640
1782984970991 0.6308363080024719 4641
1782984970992 0.1260821521282196 4642
1782984970994 0.28699031472206116 4643
1782984970995 0.1619797796010971 4644
1782984970996 0.493161678314209 4645
1782984970998 0.19203591346740723 4646
1782984970999 0.25742068886756897 4647
1782984971000 0.13004820048809052 4648
1782984971002 0.13209950923919678 4649
1782984971003 0.11283432692289352 4650
1782984971005 0.27357304096221924 4651
1782984971006 0.10490245372056961 4652
1782984971007 0.21616196632385254 4653
1782984971009 0.2087142914533615 4654
1782984971010 0.20442813634872437 4655
1782984971011 0.28603050112724304 4656
1782984971013 0.38853883743286133 4657
1782984971014 0.3403313159942627 4658
1782984971015 0.11228230595588684 4659
1782984971017 0.39092373847961426 4660
1782984971018 0.22733721137046814 4661
1782984971019 0.25420209765434265 4662
1782984971020 0.1771107017993927 4663
1782984971022 0.10439398884773254 4664
1782984971023 0.28470858931541443 4665
1782984971024 0.08098065108060837 4666
1782984971025 0.1384606659412384 4667
1782984971027 0.22084975242614746 4668
1782984971028 0.149541437625885 4669
1782984971029 0.35571804642677307 4670
1782984971031 0.05266888067126274 4671
1782984971032 0.3663029372692108 4672
1782984971033 0.510664165019989 4673
1782984971035 0.345786988735199 4674
1782984971036 0.16782616078853607 4675
1782984971037 0.11589233577251434 4676
1782984971038 0.1906938999891281 4677
1782984971040 0.25606247782707214 4678
1782984971041 0.19689548015594482 4679
1782984971042 0.2873894274234772 4680
1782984971044 0.173001229763031 4681
1782984971045 0.17085647583007812 4682
1782984971046 0.14744926989078522 4683
1782984971047 0.13899832963943481 4684
1782984971049 0.20309534668922424 4685
1782984971050 0.09468547999858856 4686
1782984971051 0.053907327353954315 4687
1782984971052 0.15365278720855713 4688
1782984971054 0.5946118831634521 4689
1782984971055 0.09632588177919388 4690
1782984971056 0.32157254219055176 4691
1782984971058 0.33859267830848694 4692
1782984971059 0.03622458502650261 4693
1782984971060 0.4657062888145447 4694
1782984971061 0.12188117206096649 4695
1782984971063 0.2033465951681137 4696
1782984971064 0.12048307061195374 4697
1782984971065 0.354770302772522 4698
1782984971066 0.3325989842414856 4699
1782984971068 0.1566525548696518 4700
1782984971069 0.45435407757759094 4701
1782984971070 0.14040710031986237 4702
1782984971072 0.3850085735321045 4703
1782984971073 0.9956934452056885 4704
1782984971074 0.2501406669616699 4705
1782984971075 0.08472441881895065 4706
1782984971077 0.14576639235019684 4707
1782984971078 0.20325663685798645 4708
1782984971079 0.07750517129898071 4709
1782984971081 0.08930177986621857 4710
1782984971082 0.14623528718948364 4711
1782984971083 0.3271862864494324 4712
1782984971084 0.5371002554893494 4713
1782984971086 0.08452676981687546 4714
1782984971087 0.3118627667427063 4715
1782984971088 0.18217748403549194 4716
1782984971089 0.06063724309206009 4717
1782984971091 0.18927499651908875 4718
1782984971092 0.19502097368240356 4719
1782984971093 0.33809712529182434 4720
1782984971094 0.2417924851179123 4721
1782984971096 0.24139517545700073 4722
1782984971097 0.1408512443304062 4723
1782984971098 0.08714716881513596 4724
1782984971100 0.4225899577140808 4725
1782984971101 0.4946518540382385 4726
1782984971102 0.16786079108715057 4727
1782984971104 0.2980528175830841 4728
1782984971105 0.206280916929245 4729
1782984971106 0.27585485577583313 4730
1782984971108 0.22553278505802155 4731
1782984971109 0.341932088136673 4732
1782984971110 0.1805296093225479 4733
1782984971111 0.3215932846069336 4734
1782984971113 0.16169075667858124 4735
1782984971114 0.09135736525058746 4736
1782984971115 0.33927834033966064 4737
1782984971116 0.46586543321609497 4738
1782984971118 0.7306678891181946 4739
1782984971119 0.22531308233737946 4740
1782984971120 0.3026134669780731 4741
1782984971122 0.4399511516094208 4742
1782984971123 0.16694548726081848 4743
1782984971124 0.4164848327636719 4744
1782984971125 0.20794463157653809 4745
1782984971127 0.3380807936191559 4746
1782984971128 0.22474157810211182 4747
1782984971129 0.22532373666763306 4748
1782984971130 0.26361751556396484 4749
1782984971132 0.20914824306964874 4750
1782984971133 0.2662832736968994 4751
1782984971134 0.14183157682418823 4752
1782984971135 0.18016453087329865 4753
1782984971137 0.14143209159374237 4754
1782984971138 0.17966514825820923 4755
1782984971139 0.30852842330932617 4756
1782984971140 0.05190635100007057 4757
1782984971142 0.24626006186008453 4758
1782984971143 0.12319281697273254 4759
1782984971144 0.29309311509132385 4760
1782984971145 0.3762778043746948 4761
1782984971147 0.3613755404949188 4762
1782984971148 0.15996351838111877 4763
1782984971149 0.14149388670921326 4764
1782984971150 0.5921298861503601 4765
1782984971151 0.11014186590909958 4766
1782984971153 0.1051931381225586 4767
1782984971154 0.04847672954201698 4768
1782984971155 0.06439340114593506 4769
1782984971156 0.5076556205749512 4770
1782984971158 0.08977752923965454 4771
1782984971159 0.1594192087650299 4772
1782984971160 0.7271291017532349 4773
1782984971162 0.220342755317688 4774
1782984971163 0.3501945734024048 4775
1782984971164 0.06555238366127014 4776
1782984971165 0.6922393441200256 4777
1782984971167 0.14292576909065247 4778
1782984971168 0.15425340831279755 4779
1782984971169 0.2223292887210846 4780
1782984971170 0.5228009223937988 4781
1782984971171 0.6257554888725281 4782
1782984971173 0.059591662138700485 4783
1782984971174 0.19034233689308167 4784
1782984971175 0.21825627982616425 4785
1782984971176 0.1891482025384903 4786
1782984971178 0.2824724316596985 4787
1782984971179 0.17356248199939728 4788
1782984971180 0.12007677555084229 4789
1782984971181 0.16753306984901428 4790
1782984971183 0.3811328709125519 4791
1782984971184 0.2593287527561188 4792
1782984971185 0.340300977230072 4793
1782984971187 0.1181601732969284 4794
1782984971188 0.08438272029161453 4795
1782984971189 0.40716618299484253 4796
1782984971190 0.202668234705925 4797
1782984971191 0.10588279366493225 4798
1782984971193 0.07793605327606201 4799
1782984971194 0.4564617872238159 4800
1782984971195 0.10780441761016846 4801
1782984971196 0.12581132352352142 4802
1782984971198 0.7291414141654968 4803
1782984971199 0.07017746567726135 4804
1782984971200 0.34043481945991516 4805
1782984971201 0.2241535186767578 4806
1782984971203 0.06126788631081581 4807
1782984971204 0.09616319090127945 4808
1782984971205 0.10962218791246414 4809
1782984971207 0.3509853780269623 4810
1782984971208 0.46464213728904724 4811
1782984971209 0.07532422244548798 4812
1782984971211 0.1793052852153778 4813
1782984971212 0.14865019917488098 4814
1782984971213 0.37927114963531494 4815
1782984971215 0.05886887013912201 4816
1782984971216 0.10031849890947342 4817
1782984971217 0.10856538265943527 4818
1782984971218 0.23393210768699646 4819
1782984971220 0.07154708355665207 4820
1782984971221 0.3301081359386444 4821
1782984971222 0.7101471424102783 4822
1782984971224 0.09704951196908951 4823
1782984971225 0.30543234944343567 4824
1782984971226 0.14137139916419983 4825
1782984971228 0.30170708894729614 4826
1782984971229 0.14503666758537292 4827
1782984971231 0.0792011097073555 4828
1782984971232 0.06859178841114044 4829
1782984971233 0.17554064095020294 4830
1782984971235 0.6187701225280762 4831
1782984971236 0.20101524889469147 4832
1782984971237 0.3401765823364258 4833
1782984971239 0.23927675187587738 4834
1782984971240 0.03447777405381203 4835
1782984971241 0.2686084806919098 4836
1782984971243 0.11158319562673569 4837
1782984971244 0.21925756335258484 4838
1782984971245 0.08760083466768265 4839
1782984971247 0.46432673931121826 4840
1782984971248 0.2241700142621994 4841
1782984971249 0.09695848822593689 4842
1782984971251 0.24583281576633453 4843
1782984971252 0.1688796877861023 4844
1782984971253 0.46082594990730286 4845
1782984971255 0.10759764909744263 4846
1782984971256 0.06255576014518738 4847
1782984971257 0.13781392574310303 4848
1782984971259 0.15523187816143036 4849
1782984971260 0.16543008387088776 4850
1782984971261 0.4085056483745575 4851
1782984971263 0.07987591624259949 4852
1782984971264 0.11141427606344223 4853
1782984971265 0.24619126319885254 4854
1782984971267 0.2777954936027527 4855
1782984971268 0.13160164654254913 4856
1782984971269 0.11769697815179825 4857
1782984971271 0.0748751312494278 4858
1782984971272 0.2779226303100586 4859
1782984971273 0.1816793978214264 4860
1782984971274 0.12016154825687408 4861
1782984971276 0.38348233699798584 4862
1782984971277 0.15204530954360962 4863
1782984971278 0.42088401317596436 4864
1782984971280 0.14832736551761627 4865
1782984971281 0.2862488031387329 4866
1782984971282 0.09916681051254272 4867
1782984971284 0.36730676889419556 4868
1782984971285 0.0811220183968544 4869
1782984971286 0.3139079809188843 4870
1782984971288 0.22579903900623322 4871
1782984971289 0.25669509172439575 4872
1782984971290 0.1238621324300766 4873
1782984971292 0.31313812732696533 4874
1782984971293 0.24054346978664398 4875
1782984971294 0.09840430319309235 4876
1782984971296 0.039345454424619675 4877
1782984971297 0.36538589000701904 4878
1782984971299 0.1187601312994957 4879
1782984971300 0.11761397868394852 4880
1782984971301 0.08021615445613861 4881
1782984971303 0.5245991945266724 4882
1782984971304 0.20674704015254974 4883
1782984971305 0.35056108236312866 4884
1782984971307 0.43182751536369324 4885
1782984971308 0.324535995721817 4886
1782984971309 0.03290645033121109 4887
1782984971311 0.07787709683179855 4888
1782984971312 0.2310277670621872 4889
1782984971313 0.08622343093156815 4890
1782984971315 0.48099368810653687 4891
1782984971316 0.23076501488685608 4892
1782984971317 0.20734579861164093 4893
1782984971319 0.16626714169979095 4894
1782984971320 0.20006150007247925 4895
1782984971321 0.10020150244235992 4896
1782984971323 0.48584967851638794 4897
1782984971324 0.2831563353538513 4898
1782984971325 0.032905399799346924 4899
1782984971327 0.24740412831306458 4900
1782984971328 0.23228271305561066 4901
1782984971329 0.20180833339691162 4902
1782984971331 0.11143530160188675 4903
1782984971332 0.2623447775840759 4904
1782984971333 0.10311900824308395 4905
1782984971335 0.10551659017801285 4906
1782984971336 0.18905745446681976 4907
1782984971337 0.09552045911550522 4908
1782984971339 0.08978592604398727 4909
1782984971340 0.26695096492767334 4910
1782984971342 0.4120483100414276 4911
1782984971343 0.2360927015542984 4912
1782984971344 0.49413949251174927 4913
1782984971346 0.2128523737192154 4914
1782984971347 0.4361998438835144 4915
1782984971348 0.25214454531669617 4916
1782984971349 0.11173500120639801 4917
1782984971351 0.1101231724023819 4918
1782984971352 0.1476079672574997 4919
1782984971354 0.18413662910461426 4920
1782984971355 0.23710061609745026 4921
1782984971356 0.14762790501117706 4922
1782984971358 0.11630517989397049 4923
1782984971359 0.5087644457817078 4924
1782984971360 0.28100594878196716 4925
1782984971362 0.20394699275493622 4926
1782984971363 0.0654507577419281 4927
1782984971364 0.4021289646625519 4928
1782984971366 0.07837849110364914 4929
1782984971367 0.3918290138244629 4930
1782984971368 0.03216840699315071 4931
1782984971370 0.18212080001831055 4932
1782984971371 0.22110702097415924 4933
1782984971372 0.48855218291282654 4934
1782984971374 0.2502189576625824 4935
1782984971376 0.21813122928142548 4936
1782984971377 0.5633828639984131 4937
1782984971378 0.2882172465324402 4938
1782984971380 0.07380609214305878 4939
1782984971381 0.1677979975938797 4940
1782984971382 0.2947582006454468 4941
1782984971384 0.19099648296833038 4942
1782984971385 0.4226309061050415 4943
1782984971386 0.13264979422092438 4944
1782984971388 0.09689328819513321 4945
1782984971389 0.11222478002309799 4946
1782984971390 0.05393368750810623 4947
1782984971392 0.3540019094944 4948
1782984971393 0.19454483687877655 4949
1782984971394 0.2629019618034363 4950
1782984971395 0.16811604797840118 4951
1782984971397 0.48468008637428284 4952
1782984971398 0.13096827268600464 4953
1782984971399 0.10022921860218048 4954
1782984971401 0.11380132287740707 4955
1782984971402 0.2560901641845703 4956
1782984971403 0.11687338352203369 4957
1782984971404 0.3177292048931122 4958
1782984971406 0.26781466603279114 4959
1782984971407 0.08617562800645828 4960
1782984971408 0.049217190593481064 4961
1782984971410 0.41170915961265564 4962
1782984971411 0.11346365511417389 4963
1782984971412 0.14679642021656036 4964
1782984971414 0.2770841419696808 4965
1782984971415 0.2897709310054779 4966
1782984971416 0.34880495071411133 4967
1782984971418 0.14685776829719543 4968
1782984971419 0.10611744970083237 4969
1782984971420 0.22356177866458893 4970
1782984971422 0.23953166604042053 4971
1782984971423 0.11641610413789749 4972
1782984971424 0.10779367387294769 4973
1782984971426 0.10531170666217804 4974
1782984971427 0.12915319204330444 4975
1782984971428 0.17870000004768372 4976
1782984971429 0.21765388548374176 4977
1782984971431 0.602082371711731 4978
1782984971432 0.4804927706718445 4979
1782984971433 0.22851352393627167 4980
1782984971435 0.09976847469806671 4981
1782984971436 0.21355967223644257 4982
1782984971437 0.24684017896652222 4983
1782984971439 0.41310083866119385 4984
1782984971440 0.4917556643486023 4985
1782984971441 0.14746244251728058 4986
1782984971442 0.23481154441833496 4987
1782984971444 0.49524885416030884 4988
1782984971445 0.20564894378185272 4989
1782984971446 0.12925609946250916 4990
1782984971447 0.2193751335144043 4991
1782984971449 0.20824161171913147 4992
1782984971450 0.47476309537887573 4993
1782984971451 0.29532361030578613 4994
1782984971453 0.3492763936519623 4995
1782984971454 0.04498085007071495 4996
1782984971455 0.31556034088134766 4997
1782984971457 0.16858205199241638 4998
1782984971458 0.12750986218452454 4999
1782984971459 0.14769825339317322 5000
1782984971461 0.12205739319324493 5001
1782984971462 0.03190191462635994 5002
1782984971463 0.10064703226089478 5003
1782984971465 0.14147695899009705 5004
1782984971466 0.11433971673250198 5005
1782984971467 0.37968772649765015 5006
1782984971469 0.1158158928155899 5007
1782984971470 0.14015869796276093 5008
1782984971471 0.6051572561264038 5009
1782984971473 0.10393641144037247 5010
1782984971474 0.10609007626771927 5011
1782984971475 0.10054922848939896 5012
1782984971476 0.14041538536548615 5013
1782984971478 0.2747892737388611 5014
1782984971479 0.4166817367076874 5015
1782984971480 0.07911156117916107 5016
1782984971482 0.19740569591522217 5017
1782984971483 0.18259917199611664 5018
1782984971484 0.5042727589607239 5019
1782984971486 0.3289259374141693 5020
1782984971487 0.2120382934808731 5021
1782984971488 0.16791801154613495 5022
1782984971490 0.39517974853515625 5023
1782984971491 0.3151789605617523 5024
1782984971492 0.06657121330499649 5025
1782984971494 0.2763916254043579 5026
1782984971495 0.04142291471362114 5027
1782984971496 0.08781298995018005 5028
1782984971498 0.05990923196077347 5029
1782984971499 0.3538092374801636 5030
1782984971500 0.09854166209697723 5031
1782984971501 0.21058104932308197 5032
1782984971503 0.05310835316777229 5033
1782984971504 0.11270539462566376 5034
1782984971506 0.362290620803833 5035
1782984971507 0.4068374037742615 5036
1782984971508 0.06045941263437271 5037
1782984971510 0.06239089369773865 5038
1782984971511 0.07422084361314774 5039
1782984971512 0.20043358206748962 5040
1782984971514 0.0448126457631588 5041
1782984971515 0.1515449434518814 5042
1782984971516 0.2622370421886444 5043
1782984971518 0.19086913764476776 5044
1782984971519 0.590624213218689 5045
1782984971520 0.05107025429606438 5046
1782984971522 0.16122159361839294 5047
1782984971523 0.13243719935417175 5048
1782984971524 0.1698189377784729 5049
1782984971526 0.5597470998764038 5050
1782984971527 0.14542706310749054 5051
1782984971528 0.13363713026046753 5052
1782984971530 0.1648160070180893 5053
1782984971531 0.8626835942268372 5054
1782984971532 0.21858102083206177 5055
1782984971534 0.0629694014787674 5056
1782984971535 0.11781273782253265 5057
1782984971537 0.1753457486629486 5058
1782984971538 0.3793301284313202 5059
1782984971539 0.14512404799461365 5060
1782984971540 0.23633426427841187 5061
1782984971542 0.32559818029403687 5062
1782984971543 0.36794963479042053 5063
1782984971544 0.46205320954322815 5064
1782984971546 0.5749740600585938 5065
1782984971547 0.15586593747138977 5066
1782984971549 0.3042151927947998 5067
1782984971550 0.09794840216636658 5068
1782984971551 0.07469743490219116 5069
1782984971553 0.17159274220466614 5070
1782984971554 0.15536925196647644 5071
1782984971555 0.24281644821166992 5072
1782984971557 0.47352755069732666 5073
1782984971558 0.24949504435062408 5074
1782984971559 0.1166801005601883 5075
1782984971561 0.3012615442276001 5076
1782984971562 0.2003221958875656 5077
1782984971563 0.12121032923460007 5078
1782984971565 0.16250601410865784 5079
1782984971566 0.10928140580654144 5080
1782984971567 0.07016538083553314 5081
1782984971569 0.5622575879096985 5082
1782984971570 0.22715148329734802 5083
1782984971571 0.044706519693136215 5084
1782984971573 0.3667416572570801 5085
1782984971574 0.07505043596029282 5086
1782984971575 0.22204241156578064 5087
1782984971577 0.4253524839878082 5088
1782984971578 0.22115691006183624 5089
1782984971579 0.24704864621162415 5090
1782984971581 0.11596287786960602 5091
1782984971582 0.4646832346916199 5092
1782984971584 0.18062829971313477 5093
1782984971585 0.3265800178050995 5094
1782984971586 0.16167978942394257 5095
1782984971588 0.1417422890663147 5096
1782984971589 0.14004813134670258 5097
1782984971590 0.12862953543663025 5098
1782984971592 0.13187247514724731 5099
1782984971593 0.5083656311035156 5100
1782984971594 0.17397397756576538 5101
1782984971596 0.09928380697965622 5102
1782984971597 0.06957527995109558 5103
1782984971598 0.17006267607212067 5104
1782984971600 0.2854885160923004 5105
1782984971601 0.3159625232219696 5106
1782984971602 0.3911953866481781 5107
1782984971603 0.11282035708427429 5108
1782984971605 0.07900495082139969 5109
1782984971606 0.10667915642261505 5110
1782984971608 0.11894453316926956 5111
1782984971609 0.15762227773666382 5112
1782984971610 0.36768805980682373 5113
1782984971611 0.2543897330760956 5114
1782984971613 0.08238773047924042 5115
1782984971614 0.2012970745563507 5116
1782984971616 0.20526821911334991 5117
1782984971617 0.15518048405647278 5118
1782984971618 0.4714939594268799 5119
1782984971620 0.4920457899570465 5120
1782984971621 0.33802855014801025 5121
1782984971622 0.15191197395324707 5122
1782984971623 0.20501795411109924 5123
1782984971625 0.2926618158817291 5124
1782984971626 0.25761157274246216 5125
1782984971628 0.21151629090309143 5126
1782984971629 0.0955350250005722 5127
1782984971630 0.2943064272403717 5128
1782984971632 0.10527119785547256 5129
1782984971633 0.5964191555976868 5130
1782984971634 0.3096776008605957 5131
1782984971636 0.16283296048641205 5132
1782984971637 0.3706507980823517 5133
1782984971638 0.267471045255661 5134
1782984971640 0.1712864637374878 5135
1782984971641 0.08700248599052429 5136
1782984971642 0.10828906297683716 5137
1782984971643 0.3655562400817871 5138
1782984971645 0.19033613801002502 5139
1782984971646 0.0907953530550003 5140
1782984971647 0.11743657290935516 5141
1782984971649 0.21436117589473724 5142
1782984971650 0.28780636191368103 5143
1782984971651 0.07866691052913666 5144
1782984971653 0.262538343667984 5145
1782984971654 0.27370360493659973 5146
1782984971655 0.2482169270515442 5147
1782984971657 0.3742178976535797 5148
1782984971658 0.11311078071594238 5149
1782984971659 0.3367084860801697 5150
1782984971661 0.23435889184474945 5151
1782984971662 0.09843886643648148 5152
1782984971663 0.18979443609714508 5153
1782984971665 0.14232027530670166 5154
1782984971666 0.0798707902431488 5155
1782984971667 0.0656597912311554 5156
1782984971669 0.5297797918319702 5157
1782984971670 0.6320446133613586 5158
1782984971671 0.35370582342147827 5159
1782984971673 0.09275680780410767 5160
1782984971674 0.3277621865272522 5161
1782984971675 0.39097535610198975 5162
1782984971677 0.14072376489639282 5163
1782984971678 0.15703654289245605 5164
1782984971679 0.35734203457832336 5165
1782984971681 0.2688283622264862 5166
1782984971682 0.24006351828575134 5167
1782984971683 0.1957828551530838 5168
1782984971685 0.2531127631664276 5169
1782984971686 0.09306170791387558 5170
1782984971687 0.34376296401023865 5171
1782984971689 0.3075388967990875 5172
1782984971690 0.09549310803413391 5173
1782984971691 0.4005599617958069 5174
1782984971693 0.21355843544006348 5175
1782984971694 0.30610954761505127 5176
1782984971695 0.13265252113342285 5177
1782984971696 0.5272318124771118 5178
1782984971698 0.0900186225771904 5179
1782984971699 0.4295692443847656 5180
1782984971701 0.1291956603527069 5181
1782984971702 0.08412853628396988 5182
1782984971703 0.1776036024093628 5183
1782984971705 0.34932324290275574 5184
1782984971706 0.11224129050970078 5185
1782984971707 0.21866731345653534 5186
1782984971709 0.2131327986717224 5187
1782984971710 0.1084369644522667 5188
1782984971711 0.1711416393518448 5189
1782984971713 0.2682417333126068 5190
1782984971714 0.1748230904340744 5191
1782984971715 0.10156606137752533 5192
1782984971721 0.10364719480276108 5193
1782984971722 0.1891816407442093 5194
1782984971723 0.184559628367424 5195
1782984971725 0.18619488179683685 5196
1782984971726 0.07445044070482254 5197
1782984971727 0.24689310789108276 5198
1782984971729 0.16634820401668549 5199
1782984971730 0.16922937333583832 5200
1782984971731 0.4634382724761963 5201
1782984971733 0.16989699006080627 5202
1782984971734 0.3082849681377411 5203
1782984971735 0.3182036578655243 5204
1782984971737 0.1705114245414734 5205
1782984971738 0.26283231377601624 5206
1782984971739 0.32725054025650024 5207
1782984971740 0.48480165004730225 5208
1782984971742 0.1654646098613739 5209
1782984971743 0.22054192423820496 5210
1782984971744 0.06389404088258743 5211
1782984971746 0.5005399584770203 5212
1782984971747 0.37500977516174316 5213
1782984971748 0.3802134394645691 5214
1782984971750 0.3384249210357666 5215
1782984971751 0.20491182804107666 5216
1782984971752 0.26557740569114685 5217
1782984971754 0.29985755681991577 5218
1782984971755 0.44021856784820557 5219
1782984971756 0.09383618831634521 5220
1782984971758 0.2916148900985718 5221
1782984971759 0.21095213294029236 5222
1782984971760 0.18168030679225922 5223
1782984971762 0.07468394190073013 5224
1782984971763 0.15185265243053436 5225
1782984971764 0.26235464215278625 5226
1782984971766 0.11866593360900879 5227
1782984971767 0.2045000046491623 5228
1782984971768 0.36331942677497864 5229
1782984971770 0.1854134351015091 5230
1782984971771 0.33967041969299316 5231
1782984971772 0.22714155912399292 5232
1782984971773 0.16455456614494324 5233
1782984971775 0.132446750998497 5234
1782984971776 0.5156173706054688 5235
1782984971777 0.07719508558511734 5236
1782984971779 0.3643101453781128 5237
1782984971780 0.08887578547000885 5238
1782984971781 0.24312372505664825 5239
1782984971783 0.43568098545074463 5240
1782984971784 0.11294815689325333 5241
1782984971785 0.17095783352851868 5242
1782984971787 0.034756261855363846 5243
1782984971788 0.09326411783695221 5244
1782984971789 0.14543557167053223 5245
1782984971791 0.2472282499074936 5246
1782984971792 0.21937093138694763 5247
1782984971793 0.6647478938102722 5248
1782984971795 0.31488946080207825 5249
1782984971796 0.1169869601726532 5250
1782984971797 0.6824939846992493 5251
1782984971798 0.2657841742038727 5252
1782984971800 0.22172138094902039 5253
1782984971801 0.1996791809797287 5254
1782984971802 0.1317060887813568 5255
1782984971803 0.06856156140565872 5256
1782984971805 0.13982658088207245 5257
1782984971806 0.2791593670845032 5258
1782984971807 0.1788603812456131 5259
1782984971809 0.12033670395612717 5260
1782984971810 0.20485751330852509 5261
1782984971811 0.09645792841911316 5262
1782984971812 0.037574004381895065 5263
1782984971814 0.1992398500442505 5264
1782984971815 0.08313523232936859 5265
1782984971816 0.16560886800289154 5266
1782984971817 0.5146593451499939 5267
1782984971819 0.1632714569568634 5268
1782984971820 0.11379893124103546 5269
1782984971821 0.26021721959114075 5270
1782984971823 0.13327546417713165 5271
1782984971824 0.27373409271240234 5272
1782984971825 0.15649870038032532 5273
1782984971827 0.18998244404792786 5274
1782984971828 0.13569439947605133 5275
1782984971829 0.4270037114620209 5276
1782984971831 0.47091051936149597 5277
1782984971832 0.05897890776395798 5278
1782984971833 0.19006159901618958 5279
1782984971835 0.0816311463713646 5280
1782984971836 0.19489708542823792 5281
1782984971837 0.08100146800279617 5282
1782984971839 0.22913268208503723 5283
1782984971840 0.24430398643016815 5284
1782984971841 0.2537465989589691 5285
1782984971843 0.4374035894870758 5286
1782984971844 0.23086489737033844 5287
1782984971845 0.07350771874189377 5288
1782984971847 0.13343112170696259 5289
1782984971848 0.18589341640472412 5290
1782984971849 0.27407750487327576 5291
1782984971851 0.10515430569648743 5292
1782984971852 0.1877768188714981 5293
1782984971853 0.3494229018688202 5294
1782984971855 0.10756196081638336 5295
1782984971856 0.17392674088478088 5296
1782984971857 0.23856887221336365 5297
1782984971859 0.1502423733472824 5298
1782984971860 0.29543769359588623 5299
1782984971861 0.032364025712013245 5300
1782984971863 0.12369658797979355 5301
1782984971864 0.33752328157424927 5302
1782984971865 0.04176748916506767 5303
1782984971867 0.2783755660057068 5304
1782984971868 0.41063979268074036 5305
1782984971869 0.4616537094116211 5306
1782984971871 0.11513719707727432 5307
1782984971872 0.1347987800836563 5308
1782984971873 0.7416031360626221 5309
1782984971875 0.139561265707016 5310
1782984971876 0.2038617730140686 5311
1782984971877 0.23790669441223145 5312
1782984971878 0.3405071198940277 5313
1782984971880 0.07715687155723572 5314
1782984971881 0.6543052196502686 5315
1782984971882 0.17820803821086884 5316
1782984971884 0.13647319376468658 5317
1782984971885 0.16992369294166565 5318
1782984971886 0.13772155344486237 5319
1782984971888 0.2534329891204834 5320
1782984971889 0.13947370648384094 5321
1782984971890 0.36709871888160706 5322
1782984971892 0.24908855557441711 5323
1782984971893 0.18997353315353394 5324
1782984971894 0.18410252034664154 5325
1782984971896 0.23757734894752502 5326
1782984971897 0.1670648455619812 5327
1782984971898 0.0801558792591095 5328
1782984971900 0.27227550745010376 5329
1782984971901 0.15307600796222687 5330
1782984971902 0.14341388642787933 5331
1782984971904 0.10378898680210114 5332
1782984971905 0.15473943948745728 5333
1782984971907 0.41624128818511963 5334
1782984971908 0.27165400981903076 5335
1782984971909 0.22806699573993683 5336
1782984971911 0.21977053582668304 5337
1782984971912 0.2452004998922348 5338
1782984971913 0.07276788353919983 5339
1782984971915 0.191711887717247 5340
1782984971916 0.12997809052467346 5341
1782984971917 0.2839146554470062 5342
1782984971919 0.43136054277420044 5343
1782984971920 0.058171991258859634 5344
1782984971921 0.2730560302734375 5345
1782984971923 0.24785982072353363 5346
1782984971924 0.06967990845441818 5347
1782984971925 0.08183994889259338 5348
1782984971927 0.14134998619556427 5349
1782984971928 0.10557040572166443 5350
1782984971929 0.098680779337883 5351
1782984971931 0.07434718310832977 5352
1782984971932 0.15969736874103546 5353
1782984971933 0.29379087686538696 5354
1782984971935 0.22307147085666656 5355
1782984971936 0.16246913373470306 5356
1782984971937 0.2852643132209778 5357
1782984971939 0.2621121406555176 5358
1782984971940 0.2703166604042053 5359
1782984971942 0.044742535799741745 5360
1782984971943 0.11042678356170654 5361
1782984971944 0.08012133836746216 5362
1782984971946 0.18104682862758636 5363
1782984971947 0.09343253821134567 5364
1782984971948 0.11640747636556625 5365
1782984971950 0.08462163060903549 5366
1782984971951 0.30616965889930725 5367
1782984971952 0.13993200659751892 5368
1782984971954 0.05595466122031212 5369
1782984971955 0.15127429366111755 5370
1782984971957 0.09686705470085144 5371
1782984971958 0.19151723384857178 5372
1782984971959 0.35743361711502075 5373
1782984971961 0.10170814394950867 5374
1782984971962 0.3461998701095581 5375
1782984971963 0.1929028481245041 5376
1782984971965 0.3009806275367737 5377
1782984971966 0.15950340032577515 5378
1782984971967 0.07478859275579453 5379
1782984971969 0.15302392840385437 5380
1782984971970 0.13758543133735657 5381
1782984971971 0.030820174142718315 5382
1782984971973 0.03541537746787071 5383
1782984971974 0.24891343712806702 5384
1782984971975 0.20999741554260254 5385
1782984971977 0.25139984488487244 5386
1782984971978 0.1023791953921318 5387
1782984971980 0.10533314943313599 5388
1782984971981 0.483528733253479 5389
1782984971982 0.4519761800765991 5390
1782984971984 0.18671320378780365 5391
1782984971985 0.12060772627592087 5392
1782984971986 0.09201180189847946 5393
1782984971988 0.05717218667268753 5394
1782984971989 0.07405628263950348 5395
1782984971990 0.09370193630456924 5396
1782984971992 0.014930713921785355 5397
1782984971993 0.2896670997142792 5398
1782984971994 0.3634437322616577 5399
1782984971995 0.45838987827301025 5400
1782984971997 0.18950943648815155 5401
1782984971998 0.175065815448761 5402
1782984972000 0.29434528946876526 5403
1782984972001 0.3116637170314789 5404
1782984972002 0.5613544583320618 5405
1782984972004 0.04599596932530403 5406
1782984972005 0.08846855908632278 5407
1782984972006 0.16373515129089355 5408
1782984972008 0.0832076221704483 5409
1782984972009 0.048294052481651306 5410
1782984972010 0.27017509937286377 5411
1782984972012 0.31745192408561707 5412
1782984972013 0.3387152850627899 5413
1782984972014 0.4174033999443054 5414
1782984972016 0.381719708442688 5415
1782984972017 0.05100825056433678 5416
1782984972018 0.18951882421970367 5417
1782984972020 0.02983362227678299 5418
1782984972021 0.261437326669693 5419
1782984972022 0.14557930827140808 5420
1782984972024 0.28734853863716125 5421
1782984972025 0.10299436002969742 5422
1782984972026 0.13758094608783722 5423
1782984972028 0.2271132916212082 5424
1782984972029 0.10638927668333054 5425
1782984972030 0.08178245276212692 5426
1782984972032 0.2296483963727951 5427
1782984972033 0.10616183280944824 5428
1782984972035 0.4077704846858978 5429
1782984972036 0.24335314333438873 5430
1782984972037 0.10785597562789917 5431
1782984972039 0.1559983789920807 5432
1782984972040 0.17036913335323334 5433
1782984972041 0.06780119985342026 5434
1782984972043 0.16517309844493866 5435
1782984972044 0.4998742640018463 5436
1782984972045 0.2527558207511902 5437
1782984972047 0.10152789205312729 5438
1782984972048 0.06228259578347206 5439
1782984972049 0.09873156994581223 5440
1782984972051 0.06488657742738724 5441
1782984972052 0.06106523424386978 5442
1782984972053 0.045019809156656265 5443
1782984972055 0.05380867049098015 5444
1782984972056 0.2887941300868988 5445
1782984972057 0.08450495451688766 5446
1782984972059 0.06297257542610168 5447
1782984972060 0.12048625946044922 5448
1782984972061 0.35997429490089417 5449
1782984972063 0.3817701041698456 5450
1782984972064 0.2688961923122406 5451
1782984972065 0.22938008606433868 5452
1782984972067 0.08125226199626923 5453
1782984972068 0.0845368504524231 5454
1782984972069 0.22952581942081451 5455
1782984972071 0.12750262022018433 5456
1782984972072 0.08121771365404129 5457
1782984972073 0.16047228872776031 5458
1782984972075 0.14101816713809967 5459
1782984972076 0.058078862726688385 5460
1782984972077 0.28582948446273804 5461
1782984972079 0.3582897186279297 5462
1782984972080 0.3387435972690582 5463
1782984972082 0.10870468616485596 5464
1782984972083 0.08897611498832703 5465
1782984972084 0.09541725367307663 5466
1782984972086 0.13080023229122162 5467
1782984972087 0.49334782361984253 5468
1782984972088 0.1381826549768448 5469
1782984972090 0.18720486760139465 5470
1782984972091 0.33292844891548157 5471
1782984972092 0.23650500178337097 5472
1782984972094 0.14570210874080658 5473
1782984972095 0.1361130326986313 5474
1782984972097 0.2001548707485199 5475
1782984972098 0.05869479849934578 5476
1782984972099 0.17783118784427643 5477
1782984972101 0.20399194955825806 5478
1782984972102 0.10994791984558105 5479
1782984972103 0.25183364748954773 5480
1782984972105 0.37250715494155884 5481
1782984972106 0.29431653022766113 5482
1782984972107 0.0863906741142273 5483
1782984972109 0.04403248429298401 5484
1782984972110 0.02827572077512741 5485
1782984972111 0.08312626928091049 5486
1782984972113 0.28935661911964417 5487
1782984972114 0.2309587448835373 5488
1782984972115 0.1433444321155548 5489
1782984972116 0.12393204867839813 5490
1782984972118 0.03924958407878876 5491
1782984972119 0.2930026352405548 5492
1782984972120 0.19053074717521667 5493
1782984972122 0.13095848262310028 5494
1782984972123 0.47778797149658203 5495
1782984972124 0.2106006145477295 5496
1782984972125 0.0690273568034172 5497
1782984972127 0.22847093641757965 5498
1782984972128 0.22533826529979706 5499
1782984972129 0.41712531447410583 5500
1782984972131 0.2696912884712219 5501
1782984972132 0.05977998673915863 5502
1782984972133 0.23694126307964325 5503
1782984972135 0.22352926433086395 5504
1782984972136 0.4595686197280884 5505
1782984972137 0.09365876019001007 5506
1782984972138 0.08513683080673218 5507
1782984972140 0.09987848997116089 5508
1782984972141 0.14910365641117096 5509
1782984972142 0.34843966364860535 5510
1782984972144 0.4801114797592163 5511
1782984972145 0.13085748255252838 5512
1782984972146 0.13487175107002258 5513
1782984972147 0.08684704452753067 5514
1782984972149 0.12347842752933502 5515
1782984972150 0.23201562464237213 5516
1782984972151 0.24434345960617065 5517
1782984972152 0.07710873335599899 5518
1782984972154 0.32370156049728394 5519
1782984972155 0.2513388991355896 5520
1782984972156 0.33142080903053284 5521
1782984972158 0.11118821799755096 5522
1782984972159 0.07409283518791199 5523
1782984972160 0.14885108172893524 5524
1782984972162 0.1759146898984909 5525
1782984972163 0.11862733215093613 5526
1782984972164 0.44543972611427307 5527
1782984972165 0.27257680892944336 5528
1782984972167 0.19270049035549164 5529
1782984972168 0.14506442844867706 5530
1782984972169 0.13648439943790436 5531
1782984972170 0.4729785919189453 5532
1782984972172 0.2550917863845825 5533
1782984972173 0.15258273482322693 5534
1782984972174 0.12569376826286316 5535
1782984972176 0.02661028504371643 5536
1782984972177 0.3863924443721771 5537
1782984972178 0.09578735381364822 5538
1782984972179 0.1111118346452713 5539
1782984972181 0.16619549691677094 5540
1782984972182 0.39159682393074036 5541
1782984972183 0.13816852867603302 5542
1782984972184 0.15164463222026825 5543
1782984972186 0.0659031867980957 5544
1782984972187 0.15162017941474915 5545
1782984972188 0.3704737722873688 5546
1782984972190 0.19891215860843658 5547
1782984972191 0.06964755803346634 5548
1782984972192 0.39572852849960327 5549
1782984972193 0.05321716517210007 5550
1782984972195 0.4147690236568451 5551
1782984972196 0.05516298487782478 5552
1782984972197 0.04576572775840759 5553
1782984972199 0.22974476218223572 5554
1782984972200 0.1437595784664154 5555
1782984972201 0.22354845702648163 5556
1782984972203 0.3879866302013397 5557
1782984972204 0.1491314172744751 5558
1782984972205 0.17074105143547058 5559
1782984972206 0.40820547938346863 5560
1782984972208 0.4574098587036133 5561
1782984972209 0.334185928106308 5562
1782984972210 0.14585651457309723 5563
1782984972211 0.06465476751327515 5564
1782984972213 0.034862175583839417 5565
1782984972214 0.1947251856327057 5566
1782984972215 0.10710446536540985 5567
1782984972217 0.32530272006988525 5568
1782984972218 0.10093918442726135 5569
1782984972219 0.1890096813440323 5570
1782984972220 0.09411249309778214 5571
1782984972222 0.03541992977261543 5572
1782984972223 0.21198247373104095 5573
1782984972224 0.13843102753162384 5574
1782984972226 0.17176659405231476 5575
1782984972227 0.07183587551116943 5576
1782984972228 0.15917108952999115 5577
1782984972230 0.03741609677672386 5578
1782984972231 0.1221582293510437 5579
1782984972232 0.0831315666437149 5580
1782984972234 0.2565552592277527 5581
1782984972235 0.07595235109329224 5582
1782984972236 0.040368400514125824 5583
1782984972237 0.09024708718061447 5584
1782984972239 0.2281394898891449 5585
1782984972240 0.14848975837230682 5586
1782984972241 0.3451015055179596 5587
1782984972243 0.0536746010184288 5588
1782984972244 0.10552714020013809 5589
1782984972245 0.32305631041526794 5590
1782984972247 0.2678920328617096 5591
1782984972248 0.12827414274215698 5592
1782984972249 0.3948696255683899 5593
1782984972251 0.3799412250518799 5594
1782984972252 0.3446076214313507 5595
1782984972253 0.34432122111320496 5596
1782984972255 0.29821494221687317 5597
1782984972256 0.14137764275074005 5598
1782984972257 0.1499224305152893 5599
1782984972259 0.0726410374045372 5600
1782984972260 0.2935137450695038 5601
1782984972261 0.2446349561214447 5602
1782984972263 0.1294909566640854 5603
1782984972264 0.09979663044214249 5604
1782984972265 0.22765661776065826 5605
1782984972267 0.10348419845104218 5606
1782984972268 0.024128060787916183 5607
1782984972269 0.25403180718421936 5608
1782984972271 0.18158650398254395 5609
1782984972272 0.1076766699552536 5610
1782984972273 0.3373747766017914 5611
1782984972275 0.4259992241859436 5612
1782984972276 0.0911092534661293 5613
1782984972278 0.1257811188697815 5614
1782984972279 0.07859857380390167 5615
1782984972280 0.18866419792175293 5616
1782984972282 0.53584885597229 5617
1782984972283 0.17648069560527802 5618
1782984972284 0.19157516956329346 5619
1782984972286 0.250816285610199 5620
1782984972287 0.19062672555446625 5621
1782984972288 0.19032517075538635 5622
1782984972290 0.05939830094575882 5623
1782984972291 0.37386876344680786 5624
