1783179301750 2.345813512802124 0
1783179301868 2.749785900115967 1
1783179301894 2.015483856201172 2
1783179301908 1.9515172243118286 3
1783179301918 2.4422881603240967 4
1783179301926 2.2377569675445557 5
1783179301934 1.6218605041503906 6
1783179301940 1.728492259979248 7
1783179302031 1.7388927936553955 8
1783179302061 1.4183299541473389 9
1783179302080 1.2146848440170288 10
1783179302099 1.2816832065582275 11
1783179302105 1.3445396423339844 12
1783179302123 1.2484867572784424 13
1783179302129 1.5039149522781372 14
1783179302221 1.1166309118270874 15
1783179302325 1.051343321800232 16
1783179302424 1.1895105838775635 17
1783179302526 0.8468290567398071 18
1783179302630 0.9445834159851074 19
1783179302726 0.9237247705459595 20
1783179302784 0.7982513904571533 21
1783179302799 1.0845609903335571 22
1783179302893 0.6665574908256531 23
1783179302995 0.6861679553985596 24
1783179303099 0.9367568492889404 25
1783179303199 0.7490308284759521 26
1783179303273 1.0897666215896606 27
1783179303292 0.8209520578384399 28
1783179303337 0.7211455702781677 29
1783179303345 0.5036983489990234 30
1783179303439 0.5634967684745789 31
1783179303541 0.7298852205276489 32
1783179303603 0.9272608757019043 33
1783179303609 0.7598960995674133 34
1783179303615 0.4482526481151581 35
1783179303639 0.6673045754432678 36
1783179303645 0.4912406802177429 37
1783179303651 0.9208699464797974 38
1783179303675 0.7682479619979858 39
1783179303682 0.5106990337371826 40
1783179303705 0.7805449962615967 41
1783179303802 0.6267454028129578 42
1783179303897 0.48519736528396606 43
1783179303917 0.8067322373390198 44
1783179303927 0.7089325189590454 45
1783179303948 0.44349175691604614 46
1783179303961 0.43958213925361633 47
1783179303967 0.40198639035224915 48
1783179303987 0.5435717701911926 49
1783179303993 0.5700933337211609 50
1783179303999 0.4082229733467102 51
1783179304006 0.48055267333984375 52
1783179304012 0.3583037257194519 53
1783179304019 0.7868849635124207 54
1783179304074 0.4249253273010254 55
1783179304083 0.3912176787853241 56
1783179304089 0.639664351940155 57
1783179304095 0.4608862102031708 58
1783179304111 0.46221885085105896 59
1783179304117 0.3904091715812683 60
1783179304197 0.5684240460395813 61
1783179304265 0.22771698236465454 62
1783179304361 0.5469818711280823 63
1783179304457 0.589228093624115 64
1783179304553 0.4199581444263458 65
1783179304611 0.6561865210533142 66
1783179304633 0.4910252094268799 67
1783179304736 0.8520691990852356 68
1783179304762 0.4551853537559509 69
1783179304807 0.38291892409324646 70
1783179304818 0.2590230405330658 71
1783179304825 0.47577863931655884 72
1783179304828 0.6175537705421448 73
1783179304838 0.49576592445373535 74
1783179304934 0.5886260271072388 75
1783179304984 0.5618963837623596 76
1783179304996 0.6021835207939148 77
1783179305100 0.34581658244132996 78
1783179305190 0.5459735989570618 79
1783179305287 0.3000883162021637 80
1783179305386 0.44832953810691833 81
1783179305472 0.6083086729049683 82
1783179305572 0.293514609336853 83
1783179305627 0.9711206555366516 84
1783179305633 0.3784666061401367 85
1783179305646 0.6755310893058777 86
1783179305652 0.46331706643104553 87
1783179305657 0.7298014760017395 88
1783179305665 0.6698049902915955 89
1783179305671 0.5105233788490295 90
1783179305677 0.5268580913543701 91
1783179305683 0.3600165843963623 92
1783179305689 0.3274533450603485 93
1783179305699 0.33828896284103394 94
1783179305709 0.3806445300579071 95
1783179305715 0.5938349366188049 96
1783179305721 0.3648558557033539 97
1783179305732 0.41516685485839844 98
1783179305739 0.687049925327301 99
1783179305797 0.433016300201416 100
1783179305903 0.36501359939575195 101
1783179306005 0.21908974647521973 102
1783179306109 0.7851865291595459 103
1783179306163 0.5406911373138428 104
1783179306197 0.2364223152399063 105
1783179306203 0.2673196792602539 106
1783179306211 0.3185701370239258 107
1783179306299 0.348837286233902 108
1783179306319 0.34739863872528076 109
1783179306332 0.3926316499710083 110
1783179306338 1.131544828414917 111
1783179306357 0.47031229734420776 112
1783179306366 0.5241384506225586 113
1783179306385 0.4455091953277588 114
1783179306392 0.2778007984161377 115
1783179306494 0.6303687691688538 116
1783179306504 0.35796594619750977 117
1783179306577 0.5450702905654907 118
1783179306583 0.43305346369743347 119
1783179306591 0.7428702712059021 120
1783179306597 0.3573119342327118 121
1783179306609 0.4118916988372803 122
1783179306701 0.44144406914711 123
1783179306788 0.30865341424942017 124
1783179306795 0.507209837436676 125
1783179306801 0.3362448811531067 126
1783179306807 0.5531124472618103 127
1783179306812 0.5266597867012024 128
1783179306818 0.6161913871765137 129
1783179306825 0.49851831793785095 130
1783179306831 1.1757291555404663 131
1783179306837 0.5308710336685181 132
1783179306842 0.5562934875488281 133
1783179306849 0.3192247450351715 134
1783179306854 0.6591294407844543 135
1783179306861 0.4751417338848114 136
1783179306866 0.3415839374065399 137
1783179306963 0.22937124967575073 138
1783179307068 0.5087796449661255 139
1783179307167 0.5026402473449707 140
1783179307268 0.36602863669395447 141
1783179307374 0.3233282268047333 142
1783179307454 0.2553275525569916 143
1783179307548 0.4050843417644501 144
1783179307627 0.20300625264644623 145
1783179307733 0.3850800395011902 146
1783179307855 0.8243425488471985 147
1783179307945 0.49039551615715027 148
1783179308046 0.40752580761909485 149
1783179308100 0.593967080116272 150
1783179308192 0.391394704580307 151
1783179308197 0.4411677420139313 152
1783179308204 0.2446802407503128 153
1783179308293 0.38228440284729004 154
1783179308300 0.44068798422813416 155
1783179308331 0.6435431838035583 156
1783179308337 0.2936687469482422 157
1783179308343 0.3245028555393219 158
1783179308350 0.4704459011554718 159
1783179308355 0.23239046335220337 160
1783179308362 0.4129682779312134 161
1783179308367 0.437083899974823 162
1783179308373 0.3638925850391388 163
1783179308385 0.6158441305160522 164
1783179308390 0.3690556585788727 165
1783179308408 0.2070649117231369 166
1783179308417 0.7217969298362732 167
1783179308425 0.18659168481826782 168
1783179308432 0.2344837635755539 169
1783179308531 0.4018619656562805 170
1783179308632 0.2603304386138916 171
1783179308639 0.1529090851545334 172
1783179308644 0.44396933913230896 173
1783179308650 0.39937421679496765 174
1783179308656 0.3669479787349701 175
1783179308663 0.2828124165534973 176
1783179308667 0.16215993463993073 177
1783179308674 0.4162600636482239 178
1783179308679 0.5337073802947998 179
1783179308685 0.37631237506866455 180
1783179308763 0.3034026324748993 181
1783179308767 0.3187502324581146 182
1783179308774 0.15417808294296265 183
1783179308781 0.395368754863739 184
1783179308786 0.5046865344047546 185
1783179308793 0.8238213062286377 186
1783179308798 0.25310730934143066 187
1783179308822 0.5643441677093506 188
1783179308827 0.25880295038223267 189
1783179308832 0.6243371367454529 190
1783179308838 0.5551066994667053 191
1783179308845 0.2910044193267822 192
1783179308851 0.45782312750816345 193
1783179308856 0.33627381920814514 194
1783179308862 0.2594574987888336 195
1783179308868 0.31037449836730957 196
1783179308875 0.3085576593875885 197
1783179308880 0.3098606467247009 198
1783179308886 0.24405060708522797 199
1783179308892 0.4226316511631012 200
1783179308897 0.32945770025253296 201
1783179308932 0.41224730014801025 202
1783179308953 0.2032971978187561 203
1783179308964 0.5298824310302734 204
1783179308971 0.41371068358421326 205
1783179308977 0.2469429224729538 206
1783179308982 0.27011221647262573 207
1783179308988 0.4871133267879486 208
1783179308995 0.31488049030303955 209
1783179309009 0.1501217931509018 210
1783179309068 0.12266568094491959 211
1783179309073 0.4191202223300934 212
1783179309080 0.5306130647659302 213
1783179309084 0.37073707580566406 214
1783179309092 0.5337331295013428 215
1783179309098 0.5212517380714417 216
1783179309104 0.3263286054134369 217
1783179309111 0.2523755431175232 218
1783179309116 0.3996376097202301 219
1783179309122 0.3551219403743744 220
1783179309129 0.3337755799293518 221
1783179309134 0.5818559527397156 222
1783179309140 0.5449855327606201 223
1783179309146 0.2328326255083084 224
1783179309152 0.4296797811985016 225
1783179309162 0.3713488280773163 226
1783179309168 0.31028562784194946 227
1783179309176 0.14342240989208221 228
1783179309183 0.2388414442539215 229
1783179309189 0.5444080829620361 230
1783179309195 0.14264050126075745 231
1783179309202 0.4435097873210907 232
1783179309302 0.37686702609062195 233
1783179309404 0.47220781445503235 234
1783179309501 0.26712170243263245 235
1783179309603 0.22835196554660797 236
1783179309690 0.26552462577819824 237
1783179309785 0.40657010674476624 238
1783179309792 0.8925585150718689 239
1783179309797 0.2137989103794098 240
1783179309895 0.2780212461948395 241
1783179309997 0.5026702880859375 242
1783179310099 0.6159664392471313 243
1783179310201 0.5677124857902527 244
1783179310306 0.33225488662719727 245
1783179310408 0.5317279100418091 246
1783179310510 1.0224225521087646 247
1783179310615 0.47468388080596924 248
1783179310714 0.3881012797355652 249
1783179310831 0.5540926456451416 250
1783179310933 0.7668659090995789 251
1783179311034 0.6090348362922668 252
1783179311140 0.3686296343803406 253
1783179311239 0.5058290362358093 254
1783179311336 0.2680112421512604 255
1783179311431 0.3939085006713867 256
1783179311531 0.5570286512374878 257
1783179311632 0.4950740337371826 258
1783179311730 0.2113702893257141 259
1783179311828 0.2674843668937683 260
1783179311855 0.24924494326114655 261
1783179311933 0.3810802698135376 262
1783179312033 0.3599241077899933 263
1783179312134 0.35313650965690613 264
1783179312157 0.3931048512458801 265
1783179312173 0.4657754898071289 266
1783179312267 0.20376776158809662 267
1783179312354 0.4051036834716797 268
1783179312456 0.44733309745788574 269
1783179312569 0.40697458386421204 270
1783179312673 0.15711580216884613 271
1783179312753 0.2939763069152832 272
1783179312759 0.3633188307285309 273
1783179312768 0.19001640379428864 274
1783179312850 0.5026891827583313 275
1783179312942 0.5427238941192627 276
1783179313031 0.40595921874046326 277
1783179313120 0.5767584443092346 278
1783179313223 0.17751765251159668 279
1783179313326 0.42801254987716675 280
1783179313419 0.5352742075920105 281
1783179313495 0.327556312084198 282
1783179313614 0.2323346883058548 283
1783179313713 0.36044278740882874 284
1783179313811 0.611247181892395 285
1783179313905 0.45767486095428467 286
1783179313956 0.490279883146286 287
1783179314035 0.777268648147583 288
1783179314041 0.35442841053009033 289
1783179314049 0.1675422489643097 290
1783179314055 0.514767587184906 291
1783179314098 0.3164052963256836 292
1783179314103 0.2983216345310211 293
1783179314111 0.4985322654247284 294
1783179314118 0.4194468855857849 295
1783179314124 0.5660735964775085 296
1783179314129 0.40499645471572876 297
1783179314135 0.4269700348377228 298
1783179314142 0.41039958596229553 299
1783179314153 0.4475429356098175 300
1783179314159 0.5943732857704163 301
1783179314165 0.04290805757045746 302
1783179314176 0.4415326714515686 303
1783179314182 0.2331535816192627 304
1783179314188 0.3418520390987396 305
1783179314193 0.5110737085342407 306
1783179314199 0.37509870529174805 307
1783179314207 0.3200441300868988 308
1783179314215 0.18363653123378754 309
1783179314219 0.17126120626926422 310
1783179314303 0.3137326240539551 311
1783179314350 0.26264411211013794 312
1783179314355 0.6270597577095032 313
1783179314361 0.34566208720207214 314
1783179314454 0.39668750762939453 315
1783179314548 0.28786036372184753 316
1783179314647 0.4386637210845947 317
1783179314748 0.233103945851326 318
1783179314851 0.21394304931163788 319
1783179314946 0.6382377743721008 320
1783179315044 0.2454296201467514 321
1783179315145 0.1984739750623703 322
1783179315246 0.30054590106010437 323
1783179315306 0.29841348528862 324
1783179315316 0.4914780557155609 325
1783179315319 0.1952793300151825 326
1783179315326 0.24153509736061096 327
1783179315337 0.2656509280204773 328
1783179315343 0.4187937378883362 329
1783179315349 0.24901537597179413 330
1783179315355 0.46259239315986633 331
1783179315361 0.19370292127132416 332
1783179315367 0.10643073916435242 333
1783179315372 0.35045310854911804 334
1783179315375 0.41864269971847534 335
1783179315382 0.33906638622283936 336
1783179315386 0.24573536217212677 337
1783179315392 0.2657583951950073 338
1783179315398 0.4203767776489258 339
1783179315403 0.3542485237121582 340
1783179315409 0.34631863236427307 341
1783179315422 0.2349504977464676 342
1783179315427 0.4452163577079773 343
1783179315459 0.20714591443538666 344
1783179315477 0.20896905660629272 345
1783179315482 0.49437659978866577 346
1783179315487 0.6215476989746094 347
1783179315493 0.25240015983581543 348
1783179315499 0.13073061406612396 349
1783179315504 0.28403666615486145 350
1783179315510 0.3571039140224457 351
1783179315515 0.26614922285079956 352
1783179315521 0.43251127004623413 353
1783179315528 0.21375013887882233 354
1783179315533 0.44804397225379944 355
1783179315538 0.5778237581253052 356
1783179315544 0.25394728779792786 357
1783179315551 0.2941257655620575 358
1783179315557 0.4301524758338928 359
1783179315570 0.27188119292259216 360
1783179315582 0.6466384530067444 361
1783179315592 0.319048136472702 362
1783179315599 0.5011038780212402 363
1783179315605 0.25994598865509033 364
1783179315610 0.19339582324028015 365
1783179315616 0.6006060242652893 366
1783179315618 0.39096519351005554 367
1783179315624 0.38199400901794434 368
1783179315628 0.17996886372566223 369
1783179315634 0.46135228872299194 370
1783179315637 0.25533196330070496 371
1783179315640 0.29287466406822205 372
1783179315643 0.3698875606060028 373
1783179315649 0.4684920907020569 374
1783179315653 0.4918827414512634 375
1783179315660 0.2986452579498291 376
1783179315667 0.37956371903419495 377
1783179315669 0.297073632478714 378
1783179315674 0.24445080757141113 379
1783179315681 0.14148880541324615 380
1783179315687 0.2140544205904007 381
1783179315690 0.6129524111747742 382
1783179315697 0.30613842606544495 383
1783179315710 0.29279693961143494 384
1783179315716 0.2925129532814026 385
1783179315721 0.24373719096183777 386
1783179315728 0.3331615626811981 387
1783179315734 0.30362430214881897 388
1783179315745 0.2853817641735077 389
1783179315753 0.8212918639183044 390
1783179315759 0.18983110785484314 391
1783179315770 0.30600982904434204 392
1783179315777 0.5279293656349182 393
1783179315786 0.34632429480552673 394
1783179315796 0.3825017511844635 395
1783179315805 0.2058388888835907 396
1783179315812 0.41885221004486084 397
1783179315827 0.7129406332969666 398
1783179315839 0.38972988724708557 399
1783179315845 0.39455646276474 400
1783179315852 0.2170589566230774 401
1783179315863 0.2226085662841797 402
1783179315880 0.2924553155899048 403
1783179315903 0.3081411123275757 404
1783179315909 0.12984824180603027 405
1783179315913 0.1967758983373642 406
1783179315919 0.40873852372169495 407
1783179315925 0.17213839292526245 408
1783179315935 0.37597137689590454 409
1783179315938 0.836760938167572 410
1783179315945 0.1369885802268982 411
1783179315949 0.3533666133880615 412
1783179315952 0.14090201258659363 413
1783179315958 0.5026115775108337 414
1783179315962 0.8584437966346741 415
1783179315966 0.2375420480966568 416
1783179315972 0.27307525277137756 417
1783179315974 0.36887362599372864 418
1783179315979 0.35730716586112976 419
1783179315983 0.2041100412607193 420
1783179315986 0.3338998258113861 421
1783179315993 0.3335173428058624 422
1783179316000 0.42708805203437805 423
1783179316006 0.38622599840164185 424
1783179316012 0.33459827303886414 425
1783179316018 0.6345518231391907 426
1783179316025 0.282024621963501 427
1783179316033 0.3829539716243744 428
1783179316038 0.2903306484222412 429
1783179316044 0.37295424938201904 430
1783179316050 0.3943306803703308 431
1783179316060 0.33782434463500977 432
1783179316068 0.3954811096191406 433
1783179316073 0.3355955481529236 434
1783179316080 0.24385327100753784 435
1783179316086 0.7456768155097961 436
1783179316090 0.31924134492874146 437
1783179316096 0.13253264129161835 438
1783179316106 0.44222182035446167 439
1783179316217 0.08690952509641647 440
1783179316240 0.3893510401248932 441
1783179316249 0.5284725427627563 442
1783179316261 0.5346136093139648 443
1783179316268 0.2319890558719635 444
1783179316274 0.13367150723934174 445
1783179316280 0.1837422251701355 446
1783179316285 0.21438732743263245 447
1783179316291 0.3107083737850189 448
1783179316297 0.2658189833164215 449
1783179316307 0.3621538281440735 450
1783179316313 0.14848557114601135 451
1783179316325 0.48220333456993103 452
1783179316335 0.3894278407096863 453
1783179316432 0.17104490101337433 454
1783179316539 0.22956234216690063 455
1783179316555 0.5374304056167603 456
1783179316561 0.07361314445734024 457
1783179316571 0.23955228924751282 458
1783179316577 0.4201841652393341 459
1783179316588 0.21079330146312714 460
1783179316595 0.1850852221250534 461
1783179316677 0.362690806388855 462
1783179316687 0.3121955990791321 463
1783179316695 0.3688136339187622 464
1783179316701 0.2243940830230713 465
1783179316707 0.17725954949855804 466
1783179316713 0.20255349576473236 467
1783179316813 0.5519142746925354 468
1783179316900 0.2832266688346863 469
1783179316986 0.24431312084197998 470
1783179316994 0.35150936245918274 471
1783179317015 0.17394350469112396 472
1783179317027 0.17264705896377563 473
1783179317039 0.20649828016757965 474
1783179317044 0.15184369683265686 475
1783179317116 0.3638208508491516 476
1783179317122 0.53695148229599 477
1783179317143 0.25893402099609375 478
1783179317148 0.3665309548377991 479
1783179317153 0.2128361463546753 480
1783179317160 0.16860981285572052 481
1783179317166 0.1442273110151291 482
1783179317171 0.1759231686592102 483
1783179317177 0.46893641352653503 484
1783179317216 0.07009156793355942 485
1783179317221 0.3402552008628845 486
1783179317227 0.5240125060081482 487
1783179317304 0.3233936131000519 488
1783179317311 0.10932153463363647 489
1783179317316 0.13458207249641418 490
1783179317334 0.17900949716567993 491
1783179317340 0.36216801404953003 492
1783179317346 0.33698445558547974 493
1783179317353 0.3676072657108307 494
1783179317430 0.7828816771507263 495
1783179317436 0.3743346035480499 496
1783179317443 0.3941286504268646 497
1783179317448 0.30417555570602417 498
1783179317454 0.6037149429321289 499
1783179317461 0.39388135075569153 500
1783179317472 0.1995064616203308 501
1783179317478 0.1559254378080368 502
1783179317554 0.3017244338989258 503
1783179317561 0.16217388212680817 504
1783179317567 0.1362052708864212 505
1783179317573 0.22930411994457245 506
1783179317578 0.18321995437145233 507
1783179317585 0.6515706181526184 508
1783179317590 0.29007235169410706 509
1783179317596 0.5743899345397949 510
1783179317603 0.25361961126327515 511
1783179317648 0.35813790559768677 512
1783179317654 0.3379890024662018 513
1783179317660 0.4428064525127411 514
1783179317665 0.3740406036376953 515
1783179317672 0.4069398045539856 516
1783179317677 0.4900410771369934 517
1783179317690 0.3416905403137207 518
1783179317693 0.33990296721458435 519
1783179317699 0.46266448497772217 520
1783179317795 0.4112390875816345 521
1783179317893 0.2032402753829956 522
1783179317986 0.36707189679145813 523
1783179318083 0.2482319176197052 524
1783179318185 0.32891130447387695 525
1783179318270 0.13314874470233917 526
1783179318362 0.5710662603378296 527
1783179318462 0.2040076106786728 528
1783179318560 0.17413464188575745 529
1783179318651 0.18682077527046204 530
1783179318759 0.18590663373470306 531
1783179318860 0.22922483086585999 532
1783179318963 0.4016149342060089 533
1783179319062 0.3346109986305237 534
1783179319156 0.3081994950771332 535
1783179319162 0.4285544753074646 536
1783179319169 0.26496532559394836 537
1783179319173 0.23255422711372375 538
1783179319178 0.23003272712230682 539
1783179319190 0.35157474875450134 540
1783179319194 0.5664035081863403 541
1783179319200 0.23363041877746582 542
1783179319204 0.5621576309204102 543
1783179319207 0.37610530853271484 544
1783179319217 0.29844000935554504 545
1783179319223 0.22601428627967834 546
1783179319229 0.20211505889892578 547
1783179319235 0.4339425265789032 548
1783179319242 0.3262840509414673 549
1783179319250 0.19681903719902039 550
1783179319254 0.10696635395288467 551
1783179319259 0.4777747690677643 552
1783179319265 0.329893559217453 553
1783179319270 0.12102249264717102 554
1783179319275 0.3443325161933899 555
1783179319282 0.1797286421060562 556
1783179319287 0.22941841185092926 557
1783179319290 0.3086530268192291 558
1783179319294 0.2605383098125458 559
1783179319301 0.17410190403461456 560
1783179319305 0.2605910301208496 561
1783179319308 0.1490325629711151 562
1783179319316 0.20120568573474884 563
1783179319323 0.5622937679290771 564
1783179319331 0.42429953813552856 565
1783179319335 0.17915743589401245 566
1783179319342 0.6116670966148376 567
1783179319349 0.20192141830921173 568
1783179319354 0.10832159221172333 569
1783179319360 0.29662609100341797 570
1783179319364 0.4383072555065155 571
1783179319369 0.33503153920173645 572
1783179319376 0.12993180751800537 573
1783179319381 0.0925639271736145 574
1783179319387 0.44192808866500854 575
1783179319390 0.2761632204055786 576
1783179319397 0.26951056718826294 577
1783179319404 0.28421878814697266 578
1783179319412 0.15836428105831146 579
1783179319419 0.21694961190223694 580
1783179319423 0.4477453827857971 581
1783179319429 0.17748121917247772 582
1783179319435 0.44310638308525085 583
1783179319442 0.44774600863456726 584
1783179319447 0.3110157251358032 585
1783179319454 0.12670041620731354 586
1783179319460 0.5044780373573303 587
1783179319466 0.17659235000610352 588
1783179319473 0.1768660545349121 589
1783179319480 0.4234267771244049 590
1783179319486 0.351257860660553 591
1783179319491 0.3402973413467407 592
1783179319495 0.2760043144226074 593
1783179319510 0.332029789686203 594
1783179319522 0.223548024892807 595
1783179319527 0.22488407790660858 596
1783179319533 0.21750202775001526 597
1783179319539 0.43131276965141296 598
1783179319545 0.21835897862911224 599
1783179319570 0.18501809239387512 600
1783179319576 0.1344301849603653 601
1783179319582 0.4463854730129242 602
1783179319588 0.12281658500432968 603
1783179319594 0.3451855182647705 604
1783179319598 0.4474460780620575 605
1783179319603 0.24156856536865234 606
1783179319608 0.5087820887565613 607
1783179319614 0.4625265300273895 608
1783179319621 0.278266578912735 609
1783179319626 0.20405054092407227 610
1783179319687 0.13492220640182495 611
1783179319693 0.505806028842926 612
1783179319698 0.12276249378919601 613
1783179319708 0.28306469321250916 614
1783179319715 0.3118205964565277 615
1783179319721 0.16918139159679413 616
1783179319726 0.20604732632637024 617
1783179319732 0.1302109807729721 618
1783179319738 0.32852786779403687 619
1783179319741 0.19100064039230347 620
1783179319745 0.15824659168720245 621
1783179319750 0.3861614167690277 622
1783179319803 0.3030945956707001 623
1783179319812 0.07763463258743286 624
1783179319816 0.6045978665351868 625
1783179319822 0.21615535020828247 626
1783179319828 0.14613807201385498 627
1783179319834 0.35884803533554077 628
1783179319840 0.366676390171051 629
1783179319845 0.9244050979614258 630
1783179319851 0.2633257210254669 631
1783179319857 0.2797755300998688 632
1783179319860 0.169326052069664 633
1783179319864 0.22380200028419495 634
1783179319869 0.093208447098732 635
1783179319875 0.04927463084459305 636
1783179319929 0.3709452450275421 637
1783179319938 0.6960169076919556 638
1783179319944 0.15321537852287292 639
1783179319951 0.1110687330365181 640
1783179319955 0.24288491904735565 641
1783179319963 0.09541549533605576 642
1783179319969 0.1733100265264511 643
1783179319975 0.39843013882637024 644
1783179319981 0.33498334884643555 645
1783179319986 0.4108099639415741 646
1783179319993 0.49343761801719666 647
1783179319998 0.3841616213321686 648
1783179320006 0.10511856526136398 649
1783179320012 0.16154922544956207 650
1783179320019 0.8700591325759888 651
1783179320024 0.4199868440628052 652
1783179320029 0.23075343668460846 653
1783179320036 0.13976366817951202 654
1783179320041 0.19731104373931885 655
1783179320046 0.14272592961788177 656
1783179320052 0.20218823850154877 657
1783179320057 0.3017181158065796 658
1783179320063 0.7098092436790466 659
1783179320070 0.14391402900218964 660
1783179320075 0.24924196302890778 661
1783179320081 0.29616808891296387 662
1783179320146 0.22057227790355682 663
1783179320157 0.06369168311357498 664
1783179320164 0.13155555725097656 665
1783179320168 0.09992080181837082 666
1783179320174 0.09717400372028351 667
1783179320179 0.09429103136062622 668
1783179320187 0.4118228852748871 669
1783179320191 0.27826523780822754 670
1783179320197 0.15955497324466705 671
1783179320297 0.279828816652298 672
1783179320403 0.05882319062948227 673
1783179320505 0.30240362882614136 674
1783179320606 0.04591933637857437 675
1783179320701 0.18087302148342133 676
1783179320802 0.35222724080085754 677
1783179320828 0.114228755235672 678
1783179320833 0.21124568581581116 679
1783179320839 0.30906087160110474 680
1783179320844 0.321467787027359 681
1783179320850 0.44310200214385986 682
1783179320859 0.23946410417556763 683
1783179320865 0.6503900289535522 684
1783179320871 0.5250013470649719 685
1783179320875 0.22978787124156952 686
1783179320881 0.3173634707927704 687
1783179320888 0.28162509202957153 688
1783179320893 0.32024484872817993 689
1783179320901 0.32993537187576294 690
1783179320906 0.33421969413757324 691
1783179320951 0.08778409659862518 692
1783179320957 0.2981242835521698 693
1783179320980 0.15459220111370087 694
1783179320992 0.22795957326889038 695
1783179320997 0.20387938618659973 696
1783179321004 0.131599560379982 697
1783179321009 0.34524333477020264 698
1783179321015 0.31565502285957336 699
1783179321021 0.6121081709861755 700
1783179321027 0.28402435779571533 701
1783179321033 0.10734545439481735 702
1783179321098 0.2791350781917572 703
1783179321112 0.3562851846218109 704
1783179321126 0.22679542005062103 705
1783179321131 0.5754349827766418 706
1783179321138 0.46858441829681396 707
1783179321144 0.2930395305156708 708
1783179321161 0.4114673435688019 709
1783179321199 0.2310734987258911 710
1783179321275 0.336841881275177 711
1783179321343 0.6842024922370911 712
1783179321349 0.32253944873809814 713
1783179321355 0.390981525182724 714
1783179321359 0.15313376486301422 715
1783179321365 0.08803081512451172 716
1783179321371 0.2889811396598816 717
1783179321377 0.4286797046661377 718
1783179321383 0.24943670630455017 719
1783179321389 0.2259480506181717 720
1783179321463 0.3115006387233734 721
1783179321468 0.0817774310708046 722
1783179321475 0.11131665855646133 723
1783179321481 0.27461931109428406 724
1783179321484 0.1914995163679123 725
1783179321488 0.21415181457996368 726
1783179321494 0.24653790891170502 727
1783179321506 0.23426532745361328 728
1783179321512 0.1234595775604248 729
1783179321635 0.4712308347225189 730
1783179321664 0.15569011867046356 731
1783179321709 0.16428259015083313 732
1783179321715 0.21784135699272156 733
1783179321814 0.15432117879390717 734
1783179321916 0.3923722505569458 735
1783179322019 0.1513248085975647 736
1783179322118 0.13467411696910858 737
1783179322216 0.20861120522022247 738
1783179322304 0.21929097175598145 739
1783179322336 0.10558478534221649 740
1783179322340 0.3800913989543915 741
1783179322364 0.2448364943265915 742
1783179322369 0.15342241525650024 743
1783179322375 0.1714826375246048 744
1783179322381 0.26032203435897827 745
1783179322441 0.010176110081374645 746
1783179322445 0.14719733595848083 747
1783179322450 0.4524189531803131 748
1783179322456 0.20191772282123566 749
1783179322463 0.0901036262512207 750
1783179322470 0.22935092449188232 751
1783179322564 0.19656546413898468 752
1783179322666 0.30182966589927673 753
1783179322771 0.15956559777259827 754
1783179322873 0.2155650109052658 755
1783179322975 0.3942439556121826 756
1783179323077 0.3003770709037781 757
1783179323178 0.26148661971092224 758
1783179323285 0.21565581858158112 759
1783179323317 0.2328852266073227 760
1783179323324 0.07538873702287674 761
1783179323330 0.1327870488166809 762
1783179323334 0.201675683259964 763
1783179323358 0.3187699019908905 764
1783179323366 0.5804017186164856 765
1783179323378 0.27001243829727173 766
1783179323385 0.19210007786750793 767
1783179323400 0.46409687399864197 768
1783179323465 0.16669413447380066 769
1783179323562 0.05796251446008682 770
1783179323647 0.07881591469049454 771
1783179323734 0.19971130788326263 772
1783179323759 0.16142778098583221 773
1783179323856 0.35254988074302673 774
1783179323898 0.2224407196044922 775
1783179323945 0.09789904206991196 776
1783179323950 0.3392564058303833 777
1783179324050 0.4411178231239319 778
1783179324114 0.12901759147644043 779
1783179324119 0.155025914311409 780
1783179324126 0.17800848186016083 781
1783179324132 0.15076835453510284 782
1783179324152 0.12155857682228088 783
1783179324158 0.4920976459980011 784
1783179324164 0.358661413192749 785
1783179324170 0.3837125599384308 786
1783179324191 0.24138954281806946 787
1783179324198 0.3212313950061798 788
1783179324210 0.10192672908306122 789
1783179324216 0.1984315663576126 790
1783179324228 0.3493598401546478 791
1783179324234 0.22786085307598114 792
1783179324241 0.21814551949501038 793
1783179324261 0.3121227025985718 794
1783179324269 0.10451705008745193 795
1783179324276 0.2628292143344879 796
1783179324281 0.2612457573413849 797
1783179324287 0.12051792442798615 798
1783179324293 0.14172591269016266 799
1783179324300 0.3730722665786743 800
1783179324311 0.3051358163356781 801
1783179324374 0.16450871527194977 802
1783179324381 0.2922131419181824 803
1783179324394 0.3395731747150421 804
1783179324405 0.20299071073532104 805
1783179324449 0.30555444955825806 806
1783179324454 0.038319140672683716 807
1783179324461 0.3421989977359772 808
1783179324466 0.4828249216079712 809
1783179324479 0.25231119990348816 810
1783179324485 0.10619977861642838 811
1783179324501 0.06460801512002945 812
1783179324508 0.17076699435710907 813
1783179324514 0.2733674645423889 814
1783179324521 0.19315284490585327 815
1783179324526 0.2444760650396347 816
1783179324537 0.1227848008275032 817
1783179324543 0.09732578694820404 818
1783179324549 0.18991555273532867 819
1783179324562 0.07994744181632996 820
1783179324567 0.09620895981788635 821
1783179324577 0.19421684741973877 822
1783179324585 0.7726287245750427 823
1783179324592 0.12101897597312927 824
1783179324596 0.23519602417945862 825
1783179324602 0.15778860449790955 826
1783179324609 0.2246350795030594 827
1783179324614 0.08120905607938766 828
1783179324620 0.1302223652601242 829
1783179324626 0.08718399703502655 830
1783179324638 0.28078481554985046 831
1783179324693 0.052619222551584244 832
1783179324699 0.20659680664539337 833
1783179324709 0.16860970854759216 834
1783179324717 0.48346126079559326 835
1783179324724 0.12566161155700684 836
1783179324728 0.2194298803806305 837
1783179324734 0.1260140985250473 838
1783179324740 0.08714215457439423 839
1783179324746 0.2751590311527252 840
1783179324752 0.18832558393478394 841
1783179324845 0.29278433322906494 842
1783179324942 0.11495976150035858 843
1783179325037 0.17589561641216278 844
1783179325115 0.23558947443962097 845
1783179325216 0.33029136061668396 846
1783179325310 0.2990298569202423 847
1783179325404 0.47711968421936035 848
1783179325499 0.1493481546640396 849
1783179325589 0.47967058420181274 850
1783179325594 0.1255369782447815 851
1783179325603 0.06446793675422668 852
1783179325609 0.23775608837604523 853
1783179325613 0.19154803454875946 854
1783179325620 0.1502130627632141 855
1783179325627 0.1406208574771881 856
1783179325632 0.20783300697803497 857
1783179325638 0.28926512598991394 858
1783179325643 0.5746135711669922 859
1783179325652 0.26983362436294556 860
1783179325757 0.07066357135772705 861
1783179325856 0.20776112377643585 862
1783179325894 0.30931997299194336 863
1783179325964 0.08376961946487427 864
1783179325975 0.17008109390735626 865
1783179325981 0.08894914388656616 866
1783179325999 0.2102116048336029 867
1783179326081 0.15187101066112518 868
1783179326092 0.5298603177070618 869
1783179326098 0.2148505598306656 870
1783179326104 0.46755895018577576 871
1783179326112 0.21670643985271454 872
1783179326116 0.27719423174858093 873
1783179326200 0.2639648914337158 874
1783179326220 0.10933314263820648 875
1783179326301 0.49282851815223694 876
1783179326387 0.11245494335889816 877
1783179326482 0.23413318395614624 878
1783179326557 0.1416487991809845 879
1783179326565 0.27256813645362854 880
1783179326577 0.29804059863090515 881
1783179326583 0.39126259088516235 882
1783179326589 0.09221161156892776 883
1783179326594 0.27064788341522217 884
1783179326600 0.3067280352115631 885
1783179326606 0.1419719010591507 886
1783179326610 0.23108597099781036 887
1783179326617 0.40475404262542725 888
1783179326620 0.0662192702293396 889
1783179326627 0.28298717737197876 890
1783179326633 0.11995767802000046 891
1783179326640 0.20783177018165588 892
1783179326649 0.3279913067817688 893
1783179326657 0.07280581444501877 894
1783179326663 0.17334477603435516 895
1783179326678 0.3595453202724457 896
1783179326682 0.11611660569906235 897
1783179326692 0.19942790269851685 898
1783179326699 0.11266708374023438 899
1783179326711 0.3755507171154022 900
1783179326718 0.06356307864189148 901
1783179326724 0.15847498178482056 902
1783179326732 0.13821034133434296 903
1783179326736 0.2451629787683487 904
1783179326743 0.08916039019823074 905
1783179326746 0.21708065271377563 906
1783179326751 0.48178669810295105 907
1783179326759 0.1896486133337021 908
1783179326765 0.31663209199905396 909
1783179326772 0.33339133858680725 910
1783179326777 0.43107423186302185 911
1783179326782 0.6225025653839111 912
1783179326790 0.10787338763475418 913
1783179326793 0.3448617458343506 914
1783179326797 0.17921990156173706 915
1783179326803 0.20281116664409637 916
1783179326813 0.48492926359176636 917
1783179326819 0.09336018562316895 918
1783179326826 0.2561526894569397 919
1783179326831 0.3482208251953125 920
1783179326838 0.25893092155456543 921
1783179326843 0.1997615247964859 922
1783179326850 0.28396058082580566 923
1783179326950 0.19889678061008453 924
1783179326999 0.17014816403388977 925
1783179327086 0.53707355260849 926
1783179327091 0.6597879528999329 927
1783179327096 0.1974724382162094 928
1783179327103 0.27522462606430054 929
1783179327109 0.050225879997015 930
1783179327116 0.1609189212322235 931
1783179327132 0.11325474083423615 932
1783179327139 0.2599715292453766 933
1783179327147 0.1681273728609085 934
1783179327151 0.13381028175354004 935
1783179327157 0.17295923829078674 936
1783179327162 0.34658437967300415 937
1783179327168 0.23366935551166534 938
1783179327185 0.0821964368224144 939
1783179327193 0.08783668279647827 940
1783179327201 0.1222459003329277 941
1783179327206 0.12085331976413727 942
1783179327212 0.24335381388664246 943
1783179327217 0.13234572112560272 944
1783179327261 0.1406654715538025 945
1783179327273 0.1133609339594841 946
1783179327333 0.12263645976781845 947
1783179327344 0.116815946996212 948
1783179327348 0.044668927788734436 949
1783179327353 0.34442225098609924 950
1783179327361 0.3487125635147095 951
1783179327367 0.30081966519355774 952
1783179327377 0.10661661624908447 953
1783179327384 0.12345099449157715 954
1783179327395 0.11660221219062805 955
1783179327500 0.222869411110878 956
1783179327560 0.2934556007385254 957
1783179327566 0.26416337490081787 958
1783179327578 0.29847851395606995 959
1783179327587 0.07628360390663147 960
1783179327641 0.2952912747859955 961
1783179327662 0.21460850536823273 962
1783179327733 0.2010069340467453 963
1783179327749 0.19253289699554443 964
1783179327757 0.26070520281791687 965
1783179327771 0.34700632095336914 966
1783179327843 0.09723830223083496 967
1783179327852 0.4497164487838745 968
1783179327862 0.36644604802131653 969
1783179327916 0.7793763279914856 970
1783179327938 0.08615685254335403 971
1783179327951 0.11506874114274979 972
1783179327957 0.21376648545265198 973
1783179327963 0.24055206775665283 974
1783179327975 0.3233579099178314 975
1783179327980 0.2697436511516571 976
1783179327986 0.09332647174596786 977
1783179328083 0.09851178526878357 978
1783179328185 0.17488344013690948 979
1783179328204 0.23386521637439728 980
1783179328273 0.028769323602318764 981
1783179328280 0.47647619247436523 982
1783179328373 0.1955612301826477 983
1783179328450 0.16591493785381317 984
1783179328458 0.18535061180591583 985
1783179328464 0.12474469840526581 986
1783179328469 0.06776998937129974 987
1783179328476 0.4946640431880951 988
1783179328482 0.267643004655838 989
1783179328489 0.21388685703277588 990
1783179328494 0.07064718753099442 991
1783179328500 0.22183212637901306 992
1783179328506 0.14418472349643707 993
1783179328512 0.5242154598236084 994
1783179328524 0.2710683345794678 995
1783179328531 0.21551045775413513 996
1783179328576 0.10102798789739609 997
1783179328582 0.06767468899488449 998
1783179328593 0.2450118213891983 999
1783179328606 0.3956245183944702 1000
1783179328617 0.07895175367593765 1001
1783179328631 0.15053534507751465 1002
1783179328636 0.13039635121822357 1003
1783179328642 0.16790787875652313 1004
1783179328648 0.27024775743484497 1005
1783179328655 0.1376315802335739 1006
1783179328745 0.20744873583316803 1007
1783179328847 0.23282024264335632 1008
1783179328915 0.3197912275791168 1009
1783179328922 0.09364686906337738 1010
1783179328927 0.02143465355038643 1011
1783179328934 0.12703758478164673 1012
1783179328945 0.47960299253463745 1013
1783179328991 0.4139261543750763 1014
1783179328997 0.30178123712539673 1015
1783179329002 0.07438664138317108 1016
1783179329045 0.04643542692065239 1017
1783179329140 0.43380796909332275 1018
1783179329233 0.41758856177330017 1019
1783179329337 0.41742488741874695 1020
1783179329426 0.1282537579536438 1021
1783179329504 0.18748730421066284 1022
1783179329558 0.2985694706439972 1023
1783179329569 0.13971710205078125 1024
1783179329577 0.32782137393951416 1025
1783179329583 0.1776096075773239 1026
1783179329586 0.09135397523641586 1027
1783179329593 0.1608230322599411 1028
1783179329694 0.09508229047060013 1029
1783179329715 0.08357168734073639 1030
1783179329720 0.20298293232917786 1031
1783179329725 0.05664947256445885 1032
1783179329733 0.09431919455528259 1033
1783179329742 0.42401158809661865 1034
1783179329793 0.16387109458446503 1035
1783179329798 0.20663194358348846 1036
1783179329803 0.23018240928649902 1037
1783179329897 0.06281287968158722 1038
1783179329916 0.45627686381340027 1039
1783179329965 0.19155430793762207 1040
1783179329983 0.3141573965549469 1041
1783179330078 0.10589132457971573 1042
1783179330088 0.1888837367296219 1043
1783179330095 0.12359216064214706 1044
1783179330101 0.4376291334629059 1045
1783179330107 0.17321902513504028 1046
1783179330113 0.22283188998699188 1047
1783179330120 0.2747388184070587 1048
1783179330125 0.19341076910495758 1049
1783179330133 0.04894774407148361 1050
1783179330141 0.05276492238044739 1051
1783179330148 0.23670794069766998 1052
1783179330151 0.03813794627785683 1053
1783179330155 0.29408782720565796 1054
1783179330162 0.4189218282699585 1055
1783179330169 0.12863492965698242 1056
1783179330199 0.2984994053840637 1057
1783179330262 0.027872536331415176 1058
1783179330268 0.37493956089019775 1059
1783179330274 0.12272989004850388 1060
1783179330280 0.03748432919383049 1061
1783179330286 0.14637698233127594 1062
1783179330298 0.13716723024845123 1063
1783179330399 0.22746245563030243 1064
1783179330496 0.23266351222991943 1065
1783179330530 0.2692462205886841 1066
1783179330536 0.10541675239801407 1067
1783179330564 0.12595650553703308 1068
1783179330572 0.21209587156772614 1069
1783179330637 0.12626132369041443 1070
1783179330689 0.03300980478525162 1071
1783179330766 0.0645989179611206 1072
1783179330780 0.057881005108356476 1073
1783179330784 0.09196033328771591 1074
1783179330790 0.13181397318840027 1075
1783179330796 0.24426822364330292 1076
1783179330802 0.18757882714271545 1077
1783179330807 0.3310365080833435 1078
1783179330814 0.1717805564403534 1079
1783179330886 0.23109044134616852 1080
1783179330898 0.10615222156047821 1081
1783179330911 0.29914695024490356 1082
1783179330916 0.09168080985546112 1083
1783179330922 0.056557804346084595 1084
1783179331011 0.03434135764837265 1085
1783179331032 0.06550244987010956 1086
1783179331049 0.27221348881721497 1087
1783179331143 0.49368393421173096 1088
1783179331235 0.05291363596916199 1089
1783179331336 0.08515728265047073 1090
1783179331357 0.03727804496884346 1091
1783179331395 0.2901477813720703 1092
1783179331419 0.3056039810180664 1093
1783179331510 0.07058737426996231 1094
1783179331530 0.08487065881490707 1095
1783179331538 0.11715094745159149 1096
1783179331551 0.3174375891685486 1097
1783179331625 0.31992262601852417 1098
1783179331723 0.2637927234172821 1099
1783179331739 0.6649165749549866 1100
1783179331836 0.3504805564880371 1101
1783179331938 0.2181832194328308 1102
1783179332021 0.12561176717281342 1103
1783179332031 0.24265605211257935 1104
1783179332042 0.24516043066978455 1105
1783179332064 0.376880943775177 1106
1783179332076 0.2969258427619934 1107
1783179332082 0.3831532597541809 1108
1783179332093 0.22449840605258942 1109
1783179332102 0.7854348421096802 1110
1783179332108 0.19258911907672882 1111
1783179332119 0.32937780022621155 1112
1783179332213 0.15966419875621796 1113
1783179332242 0.04462258145213127 1114
1783179332250 0.22411872446537018 1115
1783179332256 0.10398869961500168 1116
1783179332265 0.3469941318035126 1117
1783179332274 0.29812097549438477 1118
1783179332380 0.22840027511119843 1119
1783179332452 0.23134317994117737 1120
1783179332459 0.2136499583721161 1121
1783179332464 0.2597558796405792 1122
1783179332476 0.29271119832992554 1123
1783179332483 0.25961971282958984 1124
1783179332489 0.24364987015724182 1125
1783179332495 0.11344600468873978 1126
1783179332500 0.2545454502105713 1127
1783179332507 0.08128692209720612 1128
1783179332517 0.4317556917667389 1129
1783179332617 0.13886147737503052 1130
1783179332681 0.15824516117572784 1131
1783179332704 0.6568707823753357 1132
1783179332709 0.09693746268749237 1133
1783179332767 0.08731651306152344 1134
1783179332861 0.08873777091503143 1135
1783179332961 0.10051752626895905 1136
1783179333001 0.16158512234687805 1137
1783179333010 0.11399291455745697 1138
1783179333112 0.21397680044174194 1139
1783179333214 0.0861261636018753 1140
1783179333319 0.22425131499767303 1141
1783179333425 0.37188318371772766 1142
1783179333524 0.22609807550907135 1143
1783179333629 0.171461284160614 1144
1783179333734 0.16628412902355194 1145
1783179333839 0.37880852818489075 1146
1783179333944 0.12518320977687836 1147
1783179334049 0.5626512765884399 1148
1783179334155 0.19424504041671753 1149
1783179334261 0.25842908024787903 1150
1783179334363 0.21077066659927368 1151
1783179334457 0.11253243684768677 1152
1783179334561 0.19612883031368256 1153
1783179334665 0.24055929481983185 1154
1783179334768 0.21295791864395142 1155
1783179334870 0.10675843805074692 1156
1783179334975 0.42148345708847046 1157
1783179335080 0.3919808268547058 1158
1783179335182 0.46992871165275574 1159
1783179335284 0.14109386503696442 1160
1783179335386 0.1942400336265564 1161
1783179335487 0.04953664541244507 1162
1783179335592 0.33406296372413635 1163
1783179335696 0.17131608724594116 1164
1783179335791 0.11718045920133591 1165
1783179335896 0.17028653621673584 1166
1783179335990 0.16646097600460052 1167
1783179336086 0.17057010531425476 1168
1783179336141 0.14367042481899261 1169
1783179336196 0.1949933022260666 1170
1783179336298 0.3075055181980133 1171
1783179336400 0.17705027759075165 1172
1783179336458 0.12264525145292282 1173
1783179336470 0.13665366172790527 1174
1783179336482 0.4361399710178375 1175
1783179336488 0.12098274379968643 1176
1783179336495 0.045954734086990356 1177
1783179336504 0.28445273637771606 1178
1783179336511 0.24512803554534912 1179
1783179336612 0.13645265996456146 1180
1783179336712 0.1264650970697403 1181
1783179336817 0.3754831850528717 1182
1783179336926 0.08042673766613007 1183
1783179337037 0.16702334582805634 1184
1783179337136 0.2257915884256363 1185
1783179337242 0.11626915633678436 1186
1783179337303 0.5027421712875366 1187
1783179337309 0.08521679788827896 1188
1783179337322 0.5734162926673889 1189
1783179337329 0.16490328311920166 1190
1783179337335 0.19047224521636963 1191
1783179337341 0.06241867318749428 1192
1783179337352 0.294373482465744 1193
1783179337428 0.33194902539253235 1194
1783179337433 0.43454673886299133 1195
1783179337438 0.24214568734169006 1196
1783179337445 0.5735087394714355 1197
1783179337456 0.14018045365810394 1198
1783179337462 0.40859678387641907 1199
1783179337473 0.35136112570762634 1200
1783179337554 0.2316284030675888 1201
1783179337571 0.10888084024190903 1202
1783179337585 0.4679606258869171 1203
1783179337619 0.27138587832450867 1204
1783179337627 0.3654802739620209 1205
1783179337634 0.3335075378417969 1206
1783179337640 0.49270346760749817 1207
1783179337646 0.11004496365785599 1208
1783179337655 0.13088226318359375 1209
1783179337662 0.32831239700317383 1210
1783179337722 0.5666845440864563 1211
1783179337758 0.4285762906074524 1212
1783179337766 0.09899012744426727 1213
1783179337777 0.21764422953128815 1214
1783179337831 0.12503670156002045 1215
1783179337846 0.3548049330711365 1216
1783179337871 0.4373747706413269 1217
1783179337888 0.2382131814956665 1218
1783179337930 0.0987916886806488 1219
1783179337945 0.23902030289173126 1220
1783179338008 0.20513175427913666 1221
1783179338022 0.0879240334033966 1222
1783179338029 0.15274155139923096 1223
1783179338041 0.18996647000312805 1224
1783179338137 0.2727247178554535 1225
1783179338239 0.160282164812088 1226
1783179338267 0.2791828513145447 1227
1783179338272 0.12138805538415909 1228
1783179338278 0.14523962140083313 1229
1783179338285 0.23133355379104614 1230
1783179338292 0.23399117588996887 1231
1783179338298 0.15790985524654388 1232
1783179338307 0.20296987891197205 1233
1783179338313 0.2311234027147293 1234
1783179338325 0.16216562688350677 1235
1783179338331 0.25912997126579285 1236
1783179338336 0.08967483788728714 1237
1783179338344 0.1120360866189003 1238
1783179338347 0.056299496442079544 1239
1783179338350 0.09340859204530716 1240
1783179338356 0.2779029905796051 1241
1783179338363 0.3116815686225891 1242
1783179338368 0.10985500365495682 1243
1783179338374 0.3405006527900696 1244
1783179338380 0.0645144060254097 1245
1783179338384 0.1547219306230545 1246
1783179338391 0.07222457230091095 1247
1783179338396 0.037921104580163956 1248
1783179338430 0.03497949242591858 1249
1783179338519 0.14666026830673218 1250
1783179338565 0.0574716180562973 1251
1783179338586 0.14008882641792297 1252
1783179338590 0.10051829367876053 1253
1783179338595 0.625889778137207 1254
1783179338608 0.37159669399261475 1255
1783179338620 0.1900726854801178 1256
1783179338625 0.15211281180381775 1257
1783179338632 0.16885945200920105 1258
1783179338637 0.21571052074432373 1259
1783179338644 0.017622221261262894 1260
1783179338689 0.20588569343090057 1261
1783179338790 0.2150038629770279 1262
1783179338892 0.2007402777671814 1263
1783179338993 0.04153681546449661 1264
1783179339095 0.20358116924762726 1265
1783179339200 0.4770548343658447 1266
1783179339297 0.19059808552265167 1267
1783179339383 0.43867993354797363 1268
1783179339394 0.23836004734039307 1269
1783179339411 0.01994250901043415 1270
1783179339415 0.125799760222435 1271
1783179339435 0.36215418577194214 1272
1783179339448 0.30139127373695374 1273
1783179339490 0.2852039039134979 1274
1783179339498 0.18900302052497864 1275
1783179339511 0.08573155850172043 1276
1783179339525 0.15472634136676788 1277
1783179339531 0.10503369569778442 1278
1783179339534 0.034346841275691986 1279
1783179339540 0.10434845834970474 1280
1783179339624 0.43295997381210327 1281
1783179339640 0.17526906728744507 1282
1783179339648 0.2861008644104004 1283
1783179339676 0.09354444593191147 1284
1783179339685 0.3161616921424866 1285
1783179339692 0.11615589261054993 1286
1783179339699 0.07975631952285767 1287
1783179339711 0.24597908556461334 1288
1783179339773 0.1831693947315216 1289
1783179339881 0.18305619060993195 1290
1783179339982 0.0987408459186554 1291
1783179340084 0.2296694666147232 1292
1783179340186 0.09806565940380096 1293
1783179340287 0.17925064265727997 1294
1783179340362 0.4353739321231842 1295
1783179340466 0.18230006098747253 1296
1783179340561 0.19312268495559692 1297
1783179340581 0.12021870911121368 1298
1783179340586 0.0685293897986412 1299
1783179340589 0.09069415926933289 1300
1783179340598 0.22504650056362152 1301
1783179340603 0.09780563414096832 1302
1783179340614 0.15312699973583221 1303
1783179340692 0.02417999505996704 1304
1783179340698 0.3075520098209381 1305
1783179340712 0.1788819134235382 1306
1783179340746 0.2239808887243271 1307
1783179340754 0.04729128256440163 1308
1783179340763 0.04759836196899414 1309
1783179340866 0.05370713397860527 1310
1783179340963 0.42000165581703186 1311
1783179340980 0.1410350352525711 1312
1783179341007 0.14439058303833008 1313
1783179341023 0.06906739622354507 1314
1783179341120 0.16217035055160522 1315
1783179341221 0.22660058736801147 1316
1783179341325 0.39992791414260864 1317
1783179341422 0.07649096846580505 1318
1783179341517 0.06991901993751526 1319
1783179341624 0.0932866781949997 1320
1783179341727 0.09898635745048523 1321
1783179341833 0.09631803631782532 1322
1783179341955 0.2933962643146515 1323
1783179342062 0.03193935006856918 1324
1783179342162 0.09726510941982269 1325
1783179342261 0.4324834942817688 1326
1783179342372 0.19098946452140808 1327
1783179342477 0.20175816118717194 1328
1783179342579 0.07288625091314316 1329
1783179342683 0.21184797585010529 1330
1783179342795 0.4003540575504303 1331
1783179342905 0.4581427276134491 1332
1783179343013 0.03664861619472504 1333
1783179343121 0.593580424785614 1334
1783179343234 0.1578167825937271 1335
1783179343342 0.17764221131801605 1336
1783179343445 0.048141419887542725 1337
1783179343550 0.21628418564796448 1338
1783179343660 0.13152006268501282 1339
1783179343762 0.35968217253685 1340
1783179343871 0.2560158669948578 1341
1783179343965 0.11579975485801697 1342
1783179344049 0.08724009990692139 1343
1783179344150 0.1037573367357254 1344
1783179344253 0.37482258677482605 1345
1783179344357 0.07024261355400085 1346
1783179344463 0.1790105551481247 1347
1783179344571 0.270084410905838 1348
1783179344678 0.08526543527841568 1349
1783179344783 0.18818271160125732 1350
1783179344882 0.10414911806583405 1351
1783179344986 0.09199776500463486 1352
1783179345081 0.1479748785495758 1353
1783179345185 0.020542172715067863 1354
1783179345287 0.09717018157243729 1355
1783179345396 0.1120918020606041 1356
1783179345495 0.1923057585954666 1357
1783179345597 0.07594441622495651 1358
1783179345687 0.1380765438079834 1359
1783179345789 0.0910368487238884 1360
1783179345890 0.25737467408180237 1361
1783179345989 0.17131929099559784 1362
1783179346093 0.17889460921287537 1363
1783179346195 0.09150189161300659 1364
1783179346301 0.12056542932987213 1365
1783179346418 0.18403558433055878 1366
1783179346526 0.0941961407661438 1367
1783179346634 0.08220577985048294 1368
1783179346723 0.37434330582618713 1369
1783179346826 0.08661521226167679 1370
1783179346924 0.18997152149677277 1371
1783179347035 0.10083134472370148 1372
1783179347165 0.1267559975385666 1373
1783179347269 0.085854671895504 1374
1783179347373 0.18430624902248383 1375
1783179347478 0.0671158879995346 1376
1783179347581 0.2032560259103775 1377
1783179347684 0.12851932644844055 1378
1783179347792 0.05942809581756592 1379
1783179347928 0.0928480252623558 1380
1783179348034 0.06489790976047516 1381
1783179348144 0.5281903147697449 1382
1783179348255 0.0643359050154686 1383
1783179348305 0.15698297321796417 1384
1783179348316 0.2884637713432312 1385
1783179348334 0.25470659136772156 1386
1783179348340 0.120792455971241 1387
1783179348347 0.2642776668071747 1388
1783179348447 0.166605606675148 1389
1783179348546 0.07671820372343063 1390
1783179348572 0.1095191165804863 1391
1783179348592 0.6797089576721191 1392
1783179348655 0.13376469910144806 1393
1783179348668 0.18668518960475922 1394
1783179348686 0.26041632890701294 1395
1783179348698 0.4455726146697998 1396
1783179348729 0.08122779428958893 1397
1783179348746 0.13553626835346222 1398
1783179348758 0.17602749168872833 1399
1783179348778 0.08650790899991989 1400
1783179348789 0.17989449203014374 1401
1783179348799 0.20417651534080505 1402
1783179348812 0.09987068176269531 1403
1783179348820 0.48093047738075256 1404
1783179348833 0.16831107437610626 1405
1783179348844 0.03874234855175018 1406
1783179348857 0.17577196657657623 1407
1783179348878 0.28334516286849976 1408
1783179348930 0.12795010209083557 1409
1783179348939 0.15543082356452942 1410
1783179348947 0.12463614344596863 1411
1783179348962 0.07632606476545334 1412
1783179348971 0.1294417828321457 1413
1783179349069 0.16733847558498383 1414
1783179349166 0.27951765060424805 1415
1783179349270 0.03801228851079941 1416
1783179349373 0.1901370733976364 1417
1783179349485 0.18242020905017853 1418
1783179349559 0.1042858436703682 1419
1783179349573 0.21222813427448273 1420
1783179349582 0.15564405918121338 1421
1783179349589 0.22560396790504456 1422
1783179349597 0.361977756023407 1423
1783179349602 0.18683674931526184 1424
1783179349609 0.27343660593032837 1425
1783179349621 0.07256132364273071 1426
1783179349627 0.15815316140651703 1427
1783179349637 0.5539502501487732 1428
1783179349650 0.3123023211956024 1429
1783179349676 0.1446179300546646 1430
1783179349692 0.0933678075671196 1431
1783179349698 0.15886491537094116 1432
1783179349701 0.10426328331232071 1433
1783179349720 0.3098234534263611 1434
1783179349753 0.25963717699050903 1435
1783179349856 0.10577543824911118 1436
1783179349964 0.1746029257774353 1437
1783179350067 0.4790835976600647 1438
1783179350084 0.050813477486371994 1439
1783179350110 0.21548263728618622 1440
1783179350118 0.15266115963459015 1441
1783179350123 0.18805572390556335 1442
1783179350128 0.2439264953136444 1443
1783179350135 0.089266836643219 1444
1783179350140 0.08172378689050674 1445
1783179350148 0.11094601452350616 1446
1783179350152 0.22690066695213318 1447
1783179350163 0.2157173454761505 1448
1783179350172 0.5135846138000488 1449
1783179350197 0.07552742958068848 1450
1783179350240 0.22056777775287628 1451
1783179350254 0.2512686550617218 1452
1783179350274 0.35357093811035156 1453
1783179350279 0.06752204149961472 1454
1783179350284 0.03500168025493622 1455
1783179350297 0.21037155389785767 1456
1783179350310 0.03382973000407219 1457
1783179350330 0.09756398946046829 1458
1783179350343 0.19113217294216156 1459
1783179350352 0.01581423170864582 1460
1783179350361 0.34650105237960815 1461
1783179350371 0.11913559585809708 1462
1783179350390 0.19618156552314758 1463
1783179350400 0.13494251668453217 1464
1783179350449 0.05779328942298889 1465
1783179350482 0.3100268244743347 1466
1783179350521 0.07467662543058395 1467
1783179350631 0.17618601024150848 1468
1783179350715 0.06705395132303238 1469
1783179350728 0.04974426329135895 1470
1783179350735 0.15450406074523926 1471
1783179350739 0.039266008883714676 1472
1783179350751 0.32907602190971375 1473
1783179350757 0.05954026058316231 1474
1783179350767 0.05395190790295601 1475
1783179350775 0.24837425351142883 1476
1783179350781 0.10416839271783829 1477
1783179350786 0.2537347078323364 1478
1783179350792 0.1656515896320343 1479
1783179350799 0.28110551834106445 1480
1783179350805 0.12899988889694214 1481
1783179350818 0.2383507639169693 1482
1783179350822 0.16831964254379272 1483
1783179350832 0.10857003182172775 1484
1783179350845 0.08504845201969147 1485
1783179350868 0.26008206605911255 1486
1783179350876 0.06109381839632988 1487
1783179350881 0.1842273622751236 1488
1783179350887 0.05713638663291931 1489
1783179350892 0.19965827465057373 1490
1783179350905 0.14437787234783173 1491
1783179350910 0.07065356522798538 1492
1783179350924 0.01943153142929077 1493
1783179350933 0.2518376111984253 1494
1783179350948 0.188156858086586 1495
1783179350954 0.05451371893286705 1496
1783179350960 0.456243634223938 1497
1783179350970 0.05271512642502785 1498
1783179350988 0.2017716020345688 1499
1783179350994 0.1496150940656662 1500
1783179351001 0.15616342425346375 1501
1783179351007 0.029948260635137558 1502
1783179351014 0.2075967639684677 1503
1783179351020 0.03179498389363289 1504
1783179351028 0.15565435588359833 1505
1783179351034 0.1156630665063858 1506
1783179351038 0.3325498402118683 1507
1783179351047 0.1602969914674759 1508
1783179351052 0.39633381366729736 1509
1783179351059 0.08361286669969559 1510
1783179351066 0.09470167011022568 1511
1783179351072 0.46238619089126587 1512
1783179351080 0.2826891541481018 1513
1783179351086 0.10799024254083633 1514
1783179351093 0.2137162685394287 1515
1783179351099 0.2332177460193634 1516
1783179351105 0.32715633511543274 1517
1783179351111 0.06884703040122986 1518
1783179351119 0.09232184290885925 1519
1783179351152 0.20491571724414825 1520
1783179351170 0.17406123876571655 1521
1783179351181 0.47172531485557556 1522
1783179351192 0.12436087429523468 1523
1783179351229 0.061258554458618164 1524
1783179351237 0.16328375041484833 1525
1783179351260 0.11216085404157639 1526
1783179351268 0.09027820825576782 1527
1783179351274 0.06630502641201019 1528
1783179351286 0.2669086456298828 1529
1783179351313 0.20911948382854462 1530
1783179351324 0.0324866846203804 1531
1783179351335 0.22882214188575745 1532
1783179351348 0.07882262021303177 1533
1783179351356 0.1119135245680809 1534
1783179351371 0.3316226601600647 1535
1783179351378 0.12865521013736725 1536
1783179351385 0.14493289589881897 1537
1783179351392 0.209718257188797 1538
1783179351398 0.1513238400220871 1539
1783179351405 0.2132287472486496 1540
1783179351411 0.24413765966892242 1541
1783179351427 0.1479552984237671 1542
1783179351438 0.06185689941048622 1543
1783179351459 0.31184840202331543 1544
1783179351465 0.11010852456092834 1545
1783179351470 0.209746316075325 1546
1783179351482 0.21133211255073547 1547
1783179351492 0.11216273158788681 1548
1783179351539 0.07927771657705307 1549
1783179351600 0.08372721076011658 1550
1783179351654 0.1672517955303192 1551
1783179351743 0.38002723455429077 1552
1783179351754 0.041785549372434616 1553
1783179351766 0.1522350162267685 1554
1783179351770 0.05884791538119316 1555
1783179351777 0.28759291768074036 1556
1783179351782 0.18534135818481445 1557
1783179351794 0.040888018906116486 1558
1783179351801 0.12765125930309296 1559
1783179351813 0.15410980582237244 1560
1783179351824 0.08410686254501343 1561
1783179351830 0.30714643001556396 1562
1783179351837 0.117695651948452 1563
1783179351841 0.23695234954357147 1564
1783179351853 0.23294903337955475 1565
1783179351866 0.3078523278236389 1566
1783179351875 0.08191507309675217 1567
1783179351890 0.10410293191671371 1568
1783179351895 0.16229335963726044 1569
1783179351901 0.3927934467792511 1570
1783179351907 0.17697593569755554 1571
1783179351919 0.15273882448673248 1572
1783179351924 0.10076002031564713 1573
1783179351932 0.28989580273628235 1574
1783179351937 0.3047751188278198 1575
1783179351944 0.1533227562904358 1576
1783179351948 0.11703097820281982 1577
1783179351955 0.09973796457052231 1578
1783179351960 0.04702724888920784 1579
1783179351972 0.3799216151237488 1580
1783179351984 0.22925017774105072 1581
1783179351989 0.16411517560482025 1582
1783179351995 0.09473343193531036 1583
1783179352002 0.10776713490486145 1584
1783179352007 0.25617846846580505 1585
1783179352014 0.20381683111190796 1586
1783179352021 0.16326482594013214 1587
1783179352026 0.4380425214767456 1588
1783179352033 0.44408276677131653 1589
1783179352038 0.13952496647834778 1590
1783179352044 0.05121120437979698 1591
1783179352051 0.13526728749275208 1592
1783179352057 0.18180745840072632 1593
1783179352063 0.15513017773628235 1594
1783179352069 0.1573641151189804 1595
1783179352074 0.2804603576660156 1596
1783179352084 0.20157000422477722 1597
1783179352091 0.458648145198822 1598
1783179352097 0.03101860173046589 1599
1783179352103 0.052342891693115234 1600
1783179352114 0.095328688621521 1601
1783179352211 0.36746472120285034 1602
1783179352312 0.1799914836883545 1603
1783179352424 0.04327206686139107 1604
1783179352524 0.09704092144966125 1605
1783179352592 0.14856089651584625 1606
1783179352603 0.27209585905075073 1607
1783179352616 0.11484705656766891 1608
1783179352624 0.08500459045171738 1609
1783179352653 0.21751302480697632 1610
1783179352671 0.09584760665893555 1611
1783179352677 0.029227161779999733 1612
1783179352690 0.1094750314950943 1613
1783179352704 0.02594713494181633 1614
1783179352724 0.20066119730472565 1615
1783179352736 0.17534761130809784 1616
1783179352761 0.21047373116016388 1617
1783179352861 0.0872136726975441 1618
1783179352960 0.1774260401725769 1619
1783179353023 0.13593630492687225 1620
1783179353039 0.10340958088636398 1621
1783179353134 0.16412468254566193 1622
1783179353148 0.2675657868385315 1623
1783179353180 0.2741765081882477 1624
1783179353229 0.023865096271038055 1625
1783179353240 0.42081475257873535 1626
1783179353245 0.3539130389690399 1627
1783179353254 0.11617271602153778 1628
1783179353262 0.24313808977603912 1629
1783179353270 0.052526820451021194 1630
1783179353274 0.22160814702510834 1631
1783179353292 0.3748942017555237 1632
1783179353299 0.08623086661100388 1633
1783179353304 0.43615150451660156 1634
1783179353311 0.17181895673274994 1635
1783179353333 0.14242315292358398 1636
1783179353339 0.09346703439950943 1637
1783179353346 0.26390698552131653 1638
1783179353352 0.29055720567703247 1639
1783179353358 0.2719028890132904 1640
1783179353377 0.17401131987571716 1641
1783179353382 0.17925971746444702 1642
1783179353387 0.26463964581489563 1643
1783179353395 0.6081583499908447 1644
1783179353401 0.06625398248434067 1645
1783179353407 0.1349605768918991 1646
1783179353414 0.08966030180454254 1647
1783179353420 0.29412078857421875 1648
1783179353424 0.25592041015625 1649
1783179353438 0.18448194861412048 1650
1783179353453 0.09533306211233139 1651
1783179353460 0.35797783732414246 1652
1783179353471 0.1616666316986084 1653
1783179353483 0.1386329084634781 1654
1783179353490 0.22475282847881317 1655
1783179353495 0.09240668267011642 1656
1783179353502 0.2705259919166565 1657
1783179353507 0.3028932809829712 1658
1783179353514 0.06887446343898773 1659
1783179353519 0.15292072296142578 1660
1783179353526 0.17229226231575012 1661
1783179353533 0.1061180830001831 1662
1783179353538 0.17030315101146698 1663
1783179353543 0.6651607751846313 1664
1783179353549 0.2509920597076416 1665
1783179353556 0.04641395062208176 1666
1783179353561 0.19283409416675568 1667
1783179353568 0.1698617935180664 1668
1783179353574 0.078363336622715 1669
1783179353580 0.12699733674526215 1670
1783179353628 0.07500941306352615 1671
1783179353633 0.07529386878013611 1672
1783179353640 0.2984538674354553 1673
1783179353645 0.15626680850982666 1674
1783179353651 0.18609505891799927 1675
1783179353658 0.09999293833971024 1676
1783179353664 0.03581785410642624 1677
1783179353669 0.22204266488552094 1678
1783179353677 0.2774774134159088 1679
1783179353683 0.4098333418369293 1680
1783179353689 0.5551913976669312 1681
1783179353785 0.1371658593416214 1682
1783179353876 0.22550810873508453 1683
1783179353965 0.06935586780309677 1684
1783179354060 0.0077399276196956635 1685
1783179354166 0.074802927672863 1686
1783179354259 0.24678859114646912 1687
1783179354309 0.07470516860485077 1688
1783179354315 0.17502033710479736 1689
1783179354320 0.14158684015274048 1690
1783179354327 0.11355246603488922 1691
1783179354335 0.16929127275943756 1692
1783179354343 0.0708153173327446 1693
1783179354363 0.30832046270370483 1694
1783179354384 0.17486795783042908 1695
1783179354488 0.03259596973657608 1696
1783179354577 0.12915675342082977 1697
1783179354674 0.344373881816864 1698
1783179354776 0.09264226257801056 1699
1783179354860 0.09923753142356873 1700
1783179354873 0.032508283853530884 1701
1783179354904 0.1748741865158081 1702
1783179354917 0.10779046267271042 1703
1783179354924 0.08882579952478409 1704
1783179354935 0.07036865502595901 1705
1783179354940 0.10045547783374786 1706
1783179354954 0.20310138165950775 1707
1783179354969 0.13875602185726166 1708
1783179354977 0.3084067106246948 1709
1783179354982 0.21335506439208984 1710
1783179354988 0.11112069338560104 1711
1783179354994 0.16193470358848572 1712
1783179355002 0.04129374399781227 1713
1783179355011 0.12680082023143768 1714
1783179355016 0.1454302817583084 1715
1783179355021 0.04739971086382866 1716
1783179355027 0.26362335681915283 1717
1783179355034 0.06301054358482361 1718
1783179355067 0.04224265739321709 1719
1783179355104 0.0635676234960556 1720
1783179355116 0.15539692342281342 1721
1783179355132 0.28427883982658386 1722
1783179355178 0.2567842900753021 1723
1783179355186 0.03335702046751976 1724
1783179355198 0.10279187560081482 1725
1783179355229 0.05011555179953575 1726
1783179355332 0.10256239026784897 1727
1783179355429 0.10605978965759277 1728
1783179355463 0.1530752331018448 1729
1783179355572 0.016992615535855293 1730
1783179355675 0.22694523632526398 1731
1783179355774 0.07099077850580215 1732
1783179355875 0.11743279546499252 1733
1783179355922 0.3973503112792969 1734
1783179355927 0.11854254454374313 1735
1783179355934 0.05643872171640396 1736
1783179356013 0.35497069358825684 1737
1783179356018 0.10911861062049866 1738
1783179356023 0.1540159285068512 1739
1783179356027 0.22766642272472382 1740
1783179356030 0.18929007649421692 1741
1783179356032 0.06198129802942276 1742
1783179356038 0.037293657660484314 1743
1783179356045 0.2818087935447693 1744
1783179356055 0.21530413627624512 1745
1783179356061 0.17598849534988403 1746
1783179356067 0.15269750356674194 1747
1783179356073 0.1529701203107834 1748
1783179356080 0.15201030671596527 1749
1783179356089 0.12641267478466034 1750
1783179356099 0.26649969816207886 1751
1783179356105 0.2638839781284332 1752
1783179356108 0.13866189122200012 1753
1783179356111 0.05589183792471886 1754
1783179356114 0.13853967189788818 1755
1783179356119 0.026303034275770187 1756
1783179356122 0.08991977572441101 1757
1783179356128 0.31181466579437256 1758
1783179356133 0.17511644959449768 1759
1783179356135 0.13466776907444 1760
1783179356140 0.08146671950817108 1761
1783179356227 0.11488115042448044 1762
1783179356326 0.16572771966457367 1763
1783179356424 0.2694128453731537 1764
1783179356521 0.20792168378829956 1765
1783179356621 0.14659550786018372 1766
1783179356721 0.028877796605229378 1767
1783179356817 0.03924230486154556 1768
1783179356913 0.21123294532299042 1769
1783179357011 0.31893786787986755 1770
1783179357021 0.06345371901988983 1771
1783179357039 0.1391773670911789 1772
1783179357044 0.05538984388113022 1773
1783179357049 0.053526610136032104 1774
1783179357055 0.04804186522960663 1775
1783179357135 0.13641105592250824 1776
1783179357154 0.12454218417406082 1777
1783179357176 0.34030330181121826 1778
1783179357266 0.341310054063797 1779
1783179357286 0.22685033082962036 1780
1783179357293 0.18901081383228302 1781
1783179357300 0.433006227016449 1782
1783179357386 0.11349181830883026 1783
1783179357405 0.17398083209991455 1784
1783179357417 0.1209551990032196 1785
1783179357435 0.2673957645893097 1786
1783179357442 0.193511500954628 1787
1783179357448 0.15620002150535583 1788
1783179357453 0.28952571749687195 1789
1783179357461 0.23200944066047668 1790
1783179357474 0.20817524194717407 1791
1783179357520 0.05848989635705948 1792
1783179357568 0.2076663225889206 1793
1783179357574 0.10680224001407623 1794
1783179357580 0.032180096954107285 1795
1783179357587 0.09667015820741653 1796
1783179357592 0.08055049180984497 1797
1783179357598 0.27140897512435913 1798
1783179357605 0.05234701931476593 1799
1783179357612 0.22282440960407257 1800
1783179357617 0.05881823971867561 1801
1783179357624 0.09014972299337387 1802
1783179357629 0.2963212728500366 1803
1783179357640 0.10472049564123154 1804
1783179357672 0.062185317277908325 1805
1783179357701 0.31453728675842285 1806
1783179357772 0.08574862778186798 1807
1783179357810 0.36819347739219666 1808
1783179357893 0.2669926583766937 1809
1783179357898 0.0778428316116333 1810
1783179357904 0.34116870164871216 1811
1783179357927 0.2319183051586151 1812
1783179357931 0.04882478713989258 1813
1783179357935 0.19754788279533386 1814
1783179357940 0.3417489528656006 1815
1783179357946 0.3078615963459015 1816
1783179357957 0.216869056224823 1817
1783179357960 0.10089375078678131 1818
1783179357975 0.16347366571426392 1819
1783179357983 0.1745721697807312 1820
1783179357989 0.19483350217342377 1821
1783179357994 0.13148358464241028 1822
1783179358020 0.09261796623468399 1823
1783179358058 0.12754811346530914 1824
1783179358066 0.1357673555612564 1825
1783179358070 0.18206636607646942 1826
1783179358076 0.10499022901058197 1827
1783179358082 0.04221005365252495 1828
1783179358088 0.05317334085702896 1829
1783179358095 0.11636502295732498 1830
1783179358101 0.16235850751399994 1831
1783179358108 0.10149841010570526 1832
1783179358117 0.06105809286236763 1833
1783179358125 0.09839420765638351 1834
1783179358143 0.08535198867321014 1835
1783179358150 0.07480624318122864 1836
1783179358154 0.1926274597644806 1837
1783179358160 0.1379559487104416 1838
1783179358166 0.2539970874786377 1839
1783179358173 0.21760228276252747 1840
1783179358179 0.21428774297237396 1841
1783179358186 0.2091444432735443 1842
1783179358192 0.05364689230918884 1843
1783179358202 0.2249278575181961 1844
1783179358215 0.13803018629550934 1845
1783179358220 0.0630100816488266 1846
1783179358226 0.28742241859436035 1847
1783179358233 0.027446435764431953 1848
1783179358240 0.0754489153623581 1849
1783179358245 0.47962722182273865 1850
1783179358250 0.03916218876838684 1851
1783179358257 0.08466781675815582 1852
1783179358263 0.2219863086938858 1853
1783179358268 0.1424776315689087 1854
1783179358274 0.19175985455513 1855
1783179358281 0.4021063446998596 1856
1783179358329 0.18113753199577332 1857
1783179358336 0.07868624478578568 1858
1783179358341 0.0572107657790184 1859
1783179358348 0.2624693214893341 1860
1783179358354 0.06489182263612747 1861
1783179358360 0.041350726038217545 1862
1783179358366 0.14679329097270966 1863
1783179358373 0.31205815076828003 1864
1783179358408 0.14855556190013885 1865
1783179358460 0.2446410208940506 1866
1783179358487 0.16226109862327576 1867
1783179358491 0.14945264160633087 1868
1783179358497 0.2604397237300873 1869
1783179358504 0.13831259310245514 1870
1783179358515 0.11031033843755722 1871
1783179358521 0.21707117557525635 1872
1783179358526 0.09683754295110703 1873
1783179358532 0.2589125633239746 1874
1783179359674 0.23541125655174255 1875
1783179359679 0.3538292348384857 1876
1783179359756 0.3070792257785797 1877
1783179359767 0.11874642968177795 1878
1783179359819 0.09026552736759186 1879
1783179359825 0.06949412822723389 1880
1783179359836 0.09442871063947678 1881
1783179359841 0.08480261266231537 1882
1783179359853 0.316538542509079 1883
1783179359861 0.051062628626823425 1884
1783179359867 0.15176108479499817 1885
1783179359872 0.0728713721036911 1886
1783179359878 0.13937263190746307 1887
1783179359904 0.0631103590130806 1888
1783179359922 0.26572737097740173 1889
1783179359928 0.10182248800992966 1890
1783179359959 0.08754929900169373 1891
1783179359969 0.0954010859131813 1892
1783179359972 0.2729519009590149 1893
1783179359978 0.2807007431983948 1894
1783179359985 0.08992572128772736 1895
1783179359996 0.1290806233882904 1896
1783179360019 0.2303532361984253 1897
1783179360029 0.10798829793930054 1898
1783179360047 0.15219302475452423 1899
1783179360072 0.03420306742191315 1900
1783179360078 0.034825585782527924 1901
1783179360177 0.10590600967407227 1902
1783179360199 0.05714263767004013 1903
1783179360218 0.06555923819541931 1904
1783179360278 0.06489831954240799 1905
1783179360289 0.04647807776927948 1906
1783179360307 0.1670857071876526 1907
1783179360359 0.12235598266124725 1908
1783179360413 0.02855871431529522 1909
1783179360433 0.10525491088628769 1910
1783179360439 0.04941887781023979 1911
1783179360446 0.07186774164438248 1912
1783179360464 0.0795319676399231 1913
1783179360560 0.024825477972626686 1914
1783179360588 0.19621139764785767 1915
1783179360596 0.23637065291404724 1916
1783179360685 0.025476103648543358 1917
1783179360709 0.18302346765995026 1918
1783179360801 0.07821079343557358 1919
1783179360816 0.18954601883888245 1920
1783179360826 0.08976887166500092 1921
1783179360911 0.039551686495542526 1922
1783179360970 0.04931282997131348 1923
1783179360975 0.3450166881084442 1924
1783179360992 0.19003881514072418 1925
1783179360999 0.22891679406166077 1926
1783179361012 0.23068158328533173 1927
1783179361017 0.17585721611976624 1928
1783179361023 0.133462592959404 1929
1783179361029 0.11784578114748001 1930
1783179361035 0.055444128811359406 1931
1783179361041 0.21926316618919373 1932
1783179361112 0.1294490396976471 1933
1783179361130 0.07097356766462326 1934
1783179361145 0.05581820756196976 1935
1783179361151 0.06271542608737946 1936
1783179361157 0.2874329686164856 1937
1783179361163 0.23446668684482574 1938
1783179361168 0.23121824860572815 1939
1783179361233 0.25706717371940613 1940
1783179361245 0.1511727273464203 1941
1783179361251 0.10967167466878891 1942
1783179361263 0.19848588109016418 1943
1783179361269 0.05202152580022812 1944
1783179361281 0.06984086334705353 1945
1783179361293 0.218276709318161 1946
1783179361299 0.14425086975097656 1947
1783179361305 0.22856831550598145 1948
1783179361311 0.1530623584985733 1949
1783179361317 0.13498440384864807 1950
1783179361323 0.18734002113342285 1951
1783179361329 0.04785240441560745 1952
1783179361335 0.04505489021539688 1953
1783179361341 0.053347475826740265 1954
1783179361385 0.13205678761005402 1955
1783179361425 0.13337700068950653 1956
1783179361430 0.18506620824337006 1957
1783179361437 0.05760525166988373 1958
1783179361443 0.08039766550064087 1959
1783179361449 0.07307568192481995 1960
1783179361456 0.02062130905687809 1961
1783179361465 0.1211501881480217 1962
1783179361511 0.31224554777145386 1963
1783179361524 0.251078724861145 1964
1783179361543 0.020481839776039124 1965
1783179361553 0.15638090670108795 1966
1783179361569 0.009801230393350124 1967
1783179361593 0.23770634829998016 1968
1783179361599 0.061233777552843094 1969
1783179361692 0.06400196254253387 1970
1783179361726 0.017357079312205315 1971
1783179361732 0.06938546895980835 1972
1783179361744 0.01969766430556774 1973
1783179361750 0.12601318955421448 1974
1783179361759 0.0837792381644249 1975
1783179361773 0.20136931538581848 1976
1783179361785 0.05186273530125618 1977
1783179361792 0.04653197526931763 1978
1783179361889 0.3438248336315155 1979
1783179361909 0.22398097813129425 1980
1783179361914 0.593433678150177 1981
1783179361926 0.1211632564663887 1982
1783179361945 0.1346198320388794 1983
1783179361951 0.16097302734851837 1984
1783179361962 0.3807166814804077 1985
1783179362018 0.18073011934757233 1986
1783179362059 0.12317489832639694 1987
1783179362065 0.16586777567863464 1988
1783179362082 0.1414850503206253 1989
1783179362166 0.0563025027513504 1990
1783179362258 0.20193229615688324 1991
1783179362346 0.11361470073461533 1992
1783179362453 0.04923219978809357 1993
1783179362562 0.06958064436912537 1994
1783179362664 0.12243335694074631 1995
1783179362766 0.06732641905546188 1996
1783179362868 0.02098608762025833 1997
1783179362976 0.04437656328082085 1998
1783179363083 0.06781502813100815 1999
1783179363187 0.4288782477378845 2000
1783179363202 0.07510285079479218 2001
1783179363216 0.11707350611686707 2002
1783179363236 0.06344805657863617 2003
1783179363331 0.1508675068616867 2004
1783179363424 0.23014050722122192 2005
1783179363491 0.16729697585105896 2006
1783179363503 0.26079678535461426 2007
1783179363510 0.09366726130247116 2008
1783179363518 0.20195502042770386 2009
1783179363541 0.0503857396543026 2010
1783179363583 0.043497081845998764 2011
1783179363595 0.32731011509895325 2012
1783179363632 0.16629765927791595 2013
1783179363744 0.016308490186929703 2014
1783179363831 0.04329171031713486 2015
1783179363894 0.01856154203414917 2016
1783179363999 0.052590955048799515 2017
1783179364106 0.4182894229888916 2018
1783179364209 0.05328650027513504 2019
1783179364312 0.09808161854743958 2020
1783179364425 0.022490119561553 2021
1783179364533 0.147790789604187 2022
1783179364647 0.07729950547218323 2023
1783179364754 0.22077955305576324 2024
1783179364866 0.1776428073644638 2025
1783179364969 0.04839329794049263 2026
1783179365077 0.5086009502410889 2027
1783179365184 0.06055022031068802 2028
1783179365292 0.05452343076467514 2029
1783179365394 0.08484399318695068 2030
1783179365479 0.07848072797060013 2031
1783179365500 0.1512654572725296 2032
1783179365517 0.12121399492025375 2033
1783179365524 0.24360020458698273 2034
1783179365540 0.12099827826023102 2035
1783179365548 0.06720399111509323 2036
1783179365650 0.11203934252262115 2037
1783179365736 0.22752536833286285 2038
1783179365838 0.14240111410617828 2039
1783179365940 0.04366708919405937 2040
1783179366033 0.17688308656215668 2041
1783179366135 0.09225780516862869 2042
1783179366235 0.13663843274116516 2043
1783179366323 0.13373984396457672 2044
1783179366423 0.08357392251491547 2045
1783179366528 0.23796974122524261 2046
1783179366636 0.06585253030061722 2047
1783179366741 0.026075510308146477 2048
1783179366851 0.10178081691265106 2049
1783179366889 0.18734991550445557 2050
1783179366895 0.0764029398560524 2051
1783179366903 0.1448669284582138 2052
1783179366916 0.22371235489845276 2053
1783179366922 0.47437915205955505 2054
1783179366928 0.03262156620621681 2055
1783179366933 0.24818944931030273 2056
1783179367001 0.26951366662979126 2057
1783179367007 0.3568403124809265 2058
1783179367018 0.21222524344921112 2059
1783179367026 0.18289533257484436 2060
1783179367121 0.07104445993900299 2061
1783179367214 0.47614115476608276 2062
1783179367231 0.1485283076763153 2063
1783179367265 0.25075048208236694 2064
1783179367276 0.12310917675495148 2065
1783179367358 0.1053791418671608 2066
1783179367363 0.49247032403945923 2067
1783179367366 0.06482647359371185 2068
1783179367372 0.06014305725693703 2069
1783179367376 0.025973081588745117 2070
1783179367380 0.09966804087162018 2071
1783179367385 0.33731523156166077 2072
1783179367394 0.1031837984919548 2073
1783179367398 0.0876091867685318 2074
1783179367404 0.04987084120512009 2075
1783179367422 0.17642192542552948 2076
1783179367430 0.34409597516059875 2077
1783179367433 0.0331728421151638 2078
1783179367444 0.026410289108753204 2079
1783179367451 0.1477067470550537 2080
1783179367464 0.265312135219574 2081
1783179367473 0.05112013965845108 2082
1783179367568 0.09878356754779816 2083
1783179367639 0.11236093193292618 2084
1783179367748 0.11884362250566483 2085
1783179367864 0.2382480353116989 2086
1783179367962 0.07268133014440536 2087
1783179368060 0.06287720054388046 2088
1783179368157 0.10446580499410629 2089
1783179368209 0.054640017449855804 2090
1783179368217 0.07467396557331085 2091
1783179368241 0.2242233008146286 2092
1783179368255 0.19569186866283417 2093
1783179368317 0.4415440857410431 2094
1783179368354 0.1559467911720276 2095
1783179368454 0.044122397899627686 2096
1783179368539 0.08468447625637054 2097
1783179368563 0.09890854358673096 2098
1783179368567 0.07486085593700409 2099
1783179368573 0.13965898752212524 2100
1783179368579 0.1325647532939911 2101
1783179368584 0.2807944416999817 2102
1783179368592 0.24840977787971497 2103
1783179368598 0.12919002771377563 2104
1783179368604 0.10213299840688705 2105
1783179368610 0.1672469526529312 2106
1783179368629 0.0925457701086998 2107
1783179368633 0.14365729689598083 2108
1783179368652 0.14413422346115112 2109
1783179368658 0.28559616208076477 2110
1783179368755 0.04873698204755783 2111
1783179368820 0.04501033201813698 2112
1783179368850 0.24852052330970764 2113
1783179368947 0.08241283893585205 2114
1783179369005 0.12166663259267807 2115
1783179369028 0.23454511165618896 2116
1783179369106 0.13442933559417725 2117
1783179369116 0.19782014191150665 2118
1783179369124 0.11060407012701035 2119
1783179369130 0.13454493880271912 2120
1783179369137 0.14681591093540192 2121
1783179369146 0.025034882128238678 2122
1783179369154 0.26223328709602356 2123
1783179369166 0.0655037984251976 2124
1783179369173 0.1930091381072998 2125
1783179369179 0.23674501478672028 2126
1783179369187 0.09232359379529953 2127
1783179369225 0.2128322869539261 2128
1783179369246 0.021234283223748207 2129
1783179369320 0.09018552303314209 2130
1783179369338 0.0709158331155777 2131
1783179369350 0.09215230494737625 2132
1783179369392 0.24239635467529297 2133
1783179369398 0.03440476208925247 2134
1783179369405 0.18318042159080505 2135
1783179369415 0.13084425032138824 2136
1783179369423 0.22661489248275757 2137
1783179369521 0.07657631486654282 2138
1783179369600 0.04282597452402115 2139
1783179369611 0.11609336733818054 2140
1783179369704 0.09884370863437653 2141
1783179369763 0.21503950655460358 2142
1783179369769 0.07315261662006378 2143
1783179369774 0.16670922935009003 2144
1783179369780 0.25947362184524536 2145
1783179369785 0.01126820407807827 2146
1783179369793 0.02718578837811947 2147
1783179369804 0.24166668951511383 2148
1783179369815 0.03493061289191246 2149
1783179369856 0.21235968172550201 2150
1783179369937 0.05111793428659439 2151
1783179369949 0.14471633732318878 2152
1783179369955 0.08134950697422028 2153
1783179369972 0.07359467446804047 2154
1783179370023 0.06652257591485977 2155
1783179370044 0.1825251281261444 2156
1783179370065 0.1165420338511467 2157
1783179370073 0.12082726508378983 2158
1783179370077 0.03156450390815735 2159
1783179370089 0.008311465382575989 2160
1783179370094 0.19164946675300598 2161
1783179370109 0.2283032238483429 2162
1783179370126 0.27785196900367737 2163
1783179370138 0.09598418325185776 2164
1783179370153 0.32324862480163574 2165
1783179370159 0.2604241669178009 2166
1783179370174 0.1001078188419342 2167
1783179370193 0.18919844925403595 2168
1783179370217 0.22706338763237 2169
1783179370266 0.04473124444484711 2170
1783179370373 0.2707349359989166 2171
1783179370419 0.06937648355960846 2172
1783179370524 0.2761264443397522 2173
1783179370626 0.03861216828227043 2174
1783179370731 0.2320898026227951 2175
1783179370836 0.03903569281101227 2176
1783179370938 0.13034600019454956 2177
1783179371042 0.059513159096241 2178
1783179371144 0.07019975781440735 2179
1783179371246 0.2279302179813385 2180
1783179371349 0.020909063518047333 2181
1783179371436 0.1419643610715866 2182
1783179371447 0.2681097686290741 2183
1783179371457 0.018660472705960274 2184
1783179371557 0.08430217951536179 2185
1783179371560 0.15710747241973877 2186
1783179371567 0.033941835165023804 2187
1783179371573 0.20914609730243683 2188
1783179371579 0.12635855376720428 2189
1783179371585 0.14400140941143036 2190
1783179371679 0.08362101018428802 2191
1783179371693 0.09773998707532883 2192
1783179371699 0.17670957744121552 2193
1783179371704 0.09494797885417938 2194
1783179371711 0.1299632489681244 2195
1783179371717 0.07599468529224396 2196
1783179371722 0.1864818036556244 2197
1783179371728 0.2579101324081421 2198
1783179371735 0.2069297581911087 2199
1783179371741 0.02159949764609337 2200
1783179371813 0.33782947063446045 2201
1783179371821 0.1308007836341858 2202
1783179371829 0.27569612860679626 2203
1783179371833 0.05414072796702385 2204
1783179371839 0.334300696849823 2205
1783179371846 0.02408062107861042 2206
1783179371852 0.049974698573350906 2207
1783179371856 0.09400679916143417 2208
1783179371863 0.10415799915790558 2209
1783179371875 0.048638999462127686 2210
1783179371880 0.13375994563102722 2211
1783179371885 0.09723251312971115 2212
1783179371893 0.14437344670295715 2213
1783179371898 0.15917395055294037 2214
1783179371905 0.03663775697350502 2215
1783179371909 0.05711379274725914 2216
1783179371917 0.05063844844698906 2217
1783179371922 0.05408244952559471 2218
1783179371927 0.1883920133113861 2219
1783179371933 0.35334303975105286 2220
1783179371940 0.10139421373605728 2221
1783179371947 0.0379246287047863 2222
1783179371966 0.039754047989845276 2223
1783179371973 0.4553675055503845 2224
1783179371981 0.032978881150484085 2225
1783179372038 0.2434099316596985 2226
1783179372140 0.027687804773449898 2227
1783179372167 0.038203999400138855 2228
1783179372178 0.040634315460920334 2229
1783179372191 0.14108781516551971 2230
1783179372238 0.22248071432113647 2231
1783179372308 0.09400131553411484 2232
1783179372409 0.08840043842792511 2233
1783179372497 0.05384524166584015 2234
1783179372607 0.01906273141503334 2235
1783179372704 0.12008754909038544 2236
1783179372804 0.2252175658941269 2237
1783179372905 0.3411986827850342 2238
1783179373007 0.0631585568189621 2239
1783179373109 0.11630803346633911 2240
1783179373205 0.23096217215061188 2241
1783179373302 0.08390159159898758 2242
1783179373404 0.3750910460948944 2243
1783179373459 0.08145365118980408 2244
1783179373478 0.1391010731458664 2245
1783179373483 0.04767831787467003 2246
1783179373495 0.039703190326690674 2247
1783179373502 0.11139007657766342 2248
1783179373507 0.07507757842540741 2249
1783179373552 0.25275272130966187 2250
1783179373658 0.21352235972881317 2251
1783179373739 0.02166377566754818 2252
1783179373748 0.070425845682621 2253
1783179373757 0.10711323469877243 2254
1783179373777 0.04280265048146248 2255
1783179373783 0.4111141860485077 2256
1783179373787 0.18879908323287964 2257
1783179373794 0.051227908581495285 2258
1783179373802 0.02582903765141964 2259
1783179373806 0.28680112957954407 2260
1783179373812 0.0638544037938118 2261
1783179373819 0.045544855296611786 2262
1783179373831 0.016703011468052864 2263
1783179373837 0.15417897701263428 2264
1783179373843 0.14117102324962616 2265
1783179373897 0.0916028618812561 2266
1783179373909 0.336891770362854 2267
1783179373920 0.35801607370376587 2268
1783179373927 0.132939875125885 2269
1783179373933 0.05224798247218132 2270
1783179373938 0.05207235366106033 2271
1783179373955 0.24605214595794678 2272
1783179373964 0.6226410865783691 2273
1783179373967 0.194909006357193 2274
1783179373973 0.13236039876937866 2275
1783179373986 0.06579779088497162 2276
1783179373997 0.05488456040620804 2277
1783179374089 0.02407791092991829 2278
1783179374117 0.036639127880334854 2279
1783179374123 0.08535698056221008 2280
1783179374130 0.14460213482379913 2281
1783179374136 0.11782360821962357 2282
1783179374142 0.21435974538326263 2283
1783179374148 0.12270768731832504 2284
1783179374154 0.1885310858488083 2285
1783179374171 0.05445580184459686 2286
1783179374177 0.0977943167090416 2287
1783179374188 0.06465538591146469 2288
1783179374210 0.12299934774637222 2289
1783179374260 0.18741187453269958 2290
1783179374275 0.07317070662975311 2291
1783179374293 0.1133742406964302 2292
1783179374298 0.033574629575014114 2293
1783179374304 0.12694697082042694 2294
1783179374321 0.044707536697387695 2295
1783179374335 0.08246231824159622 2296
1783179374341 0.03191734477877617 2297
1783179374360 0.37720343470573425 2298
1783179374453 0.0775984525680542 2299
1783179374472 0.04840167239308357 2300
1783179374496 0.18067553639411926 2301
1783179374520 0.04927521571516991 2302
1783179374527 0.2546978294849396 2303
1783179374539 0.09080268442630768 2304
1783179374601 0.04018929973244667 2305
1783179374645 0.05431326478719711 2306
1783179374652 0.04211638495326042 2307
1783179374678 0.06827149540185928 2308
1783179374687 0.046569667756557465 2309
1783179374690 0.04787503555417061 2310
1783179374695 0.1785585582256317 2311
1783179374701 0.042370907962322235 2312
1783179374705 0.22077398002147675 2313
1783179374709 0.05722328647971153 2314
1783179374713 0.01148045714944601 2315
1783179374716 0.023326441645622253 2316
1783179374719 0.2285618931055069 2317
1783179374723 0.2482033371925354 2318
1783179374725 0.09776349365711212 2319
1783179374729 0.17179527878761292 2320
1783179374735 0.19644039869308472 2321
1783179374738 0.38042494654655457 2322
1783179374742 0.40732550621032715 2323
1783179374751 0.028313200920820236 2324
1783179374757 0.19214685261249542 2325
1783179374762 0.21052750945091248 2326
1783179374768 0.20424391329288483 2327
1783179374773 0.10938452929258347 2328
1783179374779 0.03487998992204666 2329
1783179374786 0.24188482761383057 2330
1783179374792 0.05276630073785782 2331
1783179374796 0.11434824019670486 2332
1783179374804 0.11695756018161774 2333
1783179374811 0.19779664278030396 2334
1783179374815 0.1348583996295929 2335
1783179374821 0.18791335821151733 2336
1783179374828 0.045043572783470154 2337
1783179374835 0.1597326546907425 2338
1783179374840 0.3131383955478668 2339
1783179374845 0.08203732222318649 2340
1783179374858 0.1310528814792633 2341
1783179374863 0.3117999732494354 2342
1783179374966 0.05249059572815895 2343
1783179375011 0.18152493238449097 2344
1783179375029 0.11178597807884216 2345
1783179375039 0.03087214194238186 2346
1783179375046 0.3404918909072876 2347
1783179375052 0.262811541557312 2348
1783179375058 0.13313783705234528 2349
1783179375066 0.26204249262809753 2350
1783179375087 0.17743687331676483 2351
1783179375092 0.1675044447183609 2352
1783179375099 0.011453446000814438 2353
1783179375106 0.06754691898822784 2354
1783179375111 0.1261299103498459 2355
1783179375121 0.18289045989513397 2356
1783179375185 0.5038868188858032 2357
1783179375202 0.2122078239917755 2358
1783179375208 0.04844753444194794 2359
1783179375214 0.048240356147289276 2360
1783179375219 0.09126874804496765 2361
1783179375284 0.11528370529413223 2362
1783179375289 0.13455969095230103 2363
1783179375295 0.008418996818363667 2364
1783179375313 0.022576404735445976 2365
1783179375319 0.10143773257732391 2366
1783179375325 0.09255468845367432 2367
1783179375329 0.1929933726787567 2368
1783179375335 0.1508970707654953 2369
1783179375342 0.17480714619159698 2370
1783179375347 0.031356777995824814 2371
1783179375439 0.06920395791530609 2372
1783179375457 0.07271561026573181 2373
1783179375475 0.03631976246833801 2374
1783179375505 0.2628478407859802 2375
1783179375528 0.35701876878738403 2376
1783179375532 0.03529026359319687 2377
1783179375538 0.18992730975151062 2378
1783179375544 0.07854262739419937 2379
1783179375550 0.0976843386888504 2380
1783179375562 0.4675168991088867 2381
1783179375568 0.019923657178878784 2382
1783179375575 0.24407519400119781 2383
1783179375673 0.3552759885787964 2384
1783179375771 0.015268693678081036 2385
1783179375876 0.0753374844789505 2386
1783179375945 0.37781041860580444 2387
1783179375953 0.06913723796606064 2388
1783179375969 0.09692522883415222 2389
1783179375973 0.19066405296325684 2390
1783179375979 0.13593071699142456 2391
1783179375985 0.07815742492675781 2392
1783179375991 0.07410308718681335 2393
1783179375996 0.07141070067882538 2394
1783179376007 0.08992133289575577 2395
1783179376021 0.14326223731040955 2396
1783179376026 0.09834808856248856 2397
1783179376033 0.1099432110786438 2398
1783179376040 0.10910288989543915 2399
1783179376044 0.08101863414049149 2400
1783179376050 0.25152894854545593 2401
1783179376068 0.10123643279075623 2402
1783179376073 0.16837075352668762 2403
1783179376079 0.19481028616428375 2404
1783179376087 0.08717237412929535 2405
1783179376092 0.03822682052850723 2406
1783179376099 0.10904453694820404 2407
1783179376153 0.02394447661936283 2408
1783179376160 0.09517227113246918 2409
1783179376164 0.21193863451480865 2410
1783179376175 0.17564551532268524 2411
1783179376183 0.06441836059093475 2412
1783179376188 0.08369433134794235 2413
1783179376193 0.0867702066898346 2414
1783179376199 0.03237956017255783 2415
1783179376205 0.21608836948871613 2416
1783179376212 0.05861125513911247 2417
1783179376217 0.0850452110171318 2418
1783179376223 0.11024431139230728 2419
1783179376229 0.18554094433784485 2420
1783179376235 0.15919838845729828 2421
1783179376240 0.1292220503091812 2422
1783179376246 0.05552481487393379 2423
1783179376254 0.1816408932209015 2424
1783179376257 0.20838575065135956 2425
1783179376262 0.2088177502155304 2426
1783179376268 0.3408123552799225 2427
1783179376274 0.045501209795475006 2428
1783179376280 0.14937496185302734 2429
1783179376286 0.09196218103170395 2430
1783179376291 0.23961271345615387 2431
1783179376303 0.03316715359687805 2432
1783179376316 0.19948217272758484 2433
1783179376335 0.12682637572288513 2434
1783179376340 0.06146339699625969 2435
1783179376343 0.16504497826099396 2436
1783179376364 0.18792587518692017 2437
1783179376371 0.07523921877145767 2438
1783179376377 0.1412511020898819 2439
1783179376386 0.049907881766557693 2440
1783179376397 0.14815036952495575 2441
1783179376404 0.029793184250593185 2442
1783179376406 0.048588912934064865 2443
1783179376414 0.051577240228652954 2444
1783179376424 0.038857873529195786 2445
1783179376429 0.2896801233291626 2446
1783179376440 0.07275401055812836 2447
1783179376445 0.041819531470537186 2448
1783179376452 0.05495397746562958 2449
1783179376457 0.053666140884160995 2450
1783179376463 0.13905686140060425 2451
1783179376469 0.07035262137651443 2452
1783179376474 0.03920741006731987 2453
1783179376480 0.14647890627384186 2454
1783179376486 0.3013788163661957 2455
1783179376494 0.0041570100001990795 2456
1783179376500 0.3200611174106598 2457
1783179376506 0.10751690715551376 2458
1783179376512 0.3192206025123596 2459
1783179376517 0.11616215854883194 2460
1783179376522 0.27680668234825134 2461
1783179376528 0.0779169574379921 2462
1783179376540 0.12806928157806396 2463
1783179376641 0.2925005555152893 2464
1783179376742 0.028444435447454453 2465
1783179376833 0.05884762108325958 2466
1783179376938 0.08803300559520721 2467
1783179377038 0.01801156811416149 2468
1783179377131 0.06904313713312149 2469
1783179377228 0.16633707284927368 2470
1783179377324 0.048636969178915024 2471
1783179377417 0.2484603226184845 2472
1783179377512 0.01797543838620186 2473
1783179377617 0.1414356380701065 2474
1783179377647 0.18519996106624603 2475
1783179377751 0.019038919359445572 2476
1783179377760 0.08422896265983582 2477
1783179377821 0.14985047280788422 2478
1783179377840 0.07950878888368607 2479
1783179377876 0.17790545523166656 2480
1783179377881 0.11868967860937119 2481
1783179377886 0.06383412331342697 2482
1783179377892 0.25362956523895264 2483
1783179377898 0.0969962477684021 2484
1783179377905 0.2055957317352295 2485
1783179377911 0.02026495151221752 2486
1783179377917 0.01660650596022606 2487
1783179377923 0.19554151594638824 2488
1783179377929 0.048303939402103424 2489
1783179377935 0.07510082423686981 2490
1783179377940 0.13249018788337708 2491
1783179377947 0.09431960433721542 2492
1783179377954 0.08264157176017761 2493
1783179377959 0.07861876487731934 2494
1783179377965 0.33950236439704895 2495
1783179377971 0.11283691972494125 2496
1783179377978 0.03879455476999283 2497
1783179377984 0.06271615624427795 2498
1783179377990 0.3508375287055969 2499
1783179378000 0.22412797808647156 2500
1783179378009 0.1240975633263588 2501
1783179378014 0.1425911784172058 2502
1783179378020 0.04979364946484566 2503
1783179378030 0.21423758566379547 2504
1783179378069 0.06503365933895111 2505
1783179378073 0.2761072814464569 2506
1783179378078 0.0705411359667778 2507
1783179378091 0.31224268674850464 2508
1783179378097 0.041218988597393036 2509
1783179378104 0.1968650370836258 2510
1783179378110 0.13088126480579376 2511
1783179378117 0.19818031787872314 2512
1783179378123 0.5422306656837463 2513
1783179378127 0.05938619375228882 2514
1783179378139 0.08287230879068375 2515
1783179378146 0.04481329768896103 2516
1783179378181 0.1753767877817154 2517
1783179378193 0.12108317762613297 2518
1783179378199 0.40688398480415344 2519
1783179378212 0.11413325369358063 2520
1783179378217 0.05326136201620102 2521
1783179378224 0.14508874714374542 2522
1783179378243 0.33530983328819275 2523
1783179378339 0.08885813504457474 2524
1783179378441 0.14724314212799072 2525
1783179378496 0.18212908506393433 2526
1783179378502 0.3538672924041748 2527
1783179378508 0.13466987013816833 2528
1783179378514 0.11719962954521179 2529
1783179378520 0.01801256835460663 2530
1783179378525 0.025748033076524734 2531
1783179378531 0.06541130691766739 2532
1783179378538 0.008894817903637886 2533
1783179378545 0.12155934423208237 2534
1783179378651 0.038230858743190765 2535
1783179378753 0.061356402933597565 2536
1783179378855 0.03647405654191971 2537
1783179378957 0.26676246523857117 2538
1783179379059 0.10724058747291565 2539
1783179379164 0.21496647596359253 2540
1783179379260 0.028174813836812973 2541
1783179379265 0.07846660912036896 2542
1783179379269 0.13640907406806946 2543
1783179379272 0.14325997233390808 2544
1783179379276 0.1593874990940094 2545
1783179379279 0.01754847541451454 2546
1783179379286 0.05420725792646408 2547
1783179379291 0.13720276951789856 2548
1783179379305 0.20312052965164185 2549
1783179379320 0.21609586477279663 2550
1783179379327 0.193222314119339 2551
1783179379332 0.0564754456281662 2552
1783179379337 0.06888683885335922 2553
1783179379341 0.23440192639827728 2554
1783179379346 0.08226844668388367 2555
1783179379355 0.12348622828722 2556
1783179379360 0.024407286196947098 2557
1783179379366 0.03435111418366432 2558
1783179379370 0.041506845504045486 2559
1783179379374 0.22724394500255585 2560
1783179379380 0.06194446235895157 2561
1783179379388 0.05665789544582367 2562
1783179379391 0.04079419746994972 2563
1783179379394 0.04357098788022995 2564
1783179379399 0.08245786279439926 2565
1783179379402 0.05694172903895378 2566
1783179379413 0.11196444183588028 2567
1783179379417 0.07648232579231262 2568
1783179379422 0.1182359904050827 2569
1783179379426 0.14426319301128387 2570
1783179379432 0.2204253077507019 2571
1783179379441 0.3500174880027771 2572
1783179379446 0.13427779078483582 2573
1783179379451 0.10007033497095108 2574
1783179379454 0.04410131275653839 2575
1783179379459 0.03612354025244713 2576
1783179379466 0.3440723121166229 2577
1783179379471 0.1856333166360855 2578
1783179379475 0.1166699007153511 2579
1783179379486 0.32405343651771545 2580
1783179379491 0.19467124342918396 2581
1783179379498 0.0836334154009819 2582
1783179379505 0.0875559002161026 2583
1783179379509 0.1340777575969696 2584
1783179379515 0.013097447343170643 2585
1783179379522 0.17134302854537964 2586
1783179379527 0.21188822388648987 2587
1783179379534 0.05108381435275078 2588
1783179379540 0.060520391911268234 2589
1783179379545 0.1564018726348877 2590
1783179379552 0.054997820407152176 2591
1783179379563 0.19295667111873627 2592
1783179379567 0.3437345623970032 2593
1783179379572 0.06522615253925323 2594
1783179379578 0.08704191446304321 2595
1783179379582 0.20875395834445953 2596
1783179379585 0.06788168847560883 2597
1783179379588 0.39508235454559326 2598
1783179379592 0.13344787061214447 2599
1783179379596 0.08787162601947784 2600
1783179379599 0.26166006922721863 2601
1783179379602 0.25885599851608276 2602
1783179379607 0.0740237906575203 2603
1783179379610 0.1013655811548233 2604
1783179379613 0.25960850715637207 2605
1783179379617 0.08114740252494812 2606
1783179379621 0.10522696375846863 2607
1783179379625 0.17911651730537415 2608
1783179379628 0.12064917385578156 2609
1783179379632 0.12367384880781174 2610
1783179379635 0.10952506959438324 2611
1783179379640 0.04412498325109482 2612
1783179379645 0.14341582357883453 2613
1783179379650 0.11722777038812637 2614
1783179379664 0.12990069389343262 2615
1783179379669 0.12127313762903214 2616
1783179379673 0.12794707715511322 2617
1783179379678 0.17842929065227509 2618
1783179379686 0.5199680924415588 2619
1783179379694 0.04042956978082657 2620
1783179379699 0.13200639188289642 2621
1783179379707 0.20392487943172455 2622
1783179379711 0.26032575964927673 2623
1783179379723 0.42538318037986755 2624
1783179379737 0.022302493453025818 2625
1783179379745 0.06292114406824112 2626
1783179379749 0.12666751444339752 2627
1783179379758 0.33724743127822876 2628
1783179379765 0.059112340211868286 2629
1783179379782 0.030176237225532532 2630
1783179379789 0.032242078334093094 2631
1783179379794 0.2304418832063675 2632
1783179379800 0.046438783407211304 2633
1783179379805 0.07367526739835739 2634
1783179379819 0.11285854130983353 2635
1783179379823 0.058257464319467545 2636
1783179379827 0.031611163169145584 2637
1783179379838 0.14375565946102142 2638
1783179379845 0.28956905007362366 2639
1783179379852 0.11319389939308167 2640
1783179379858 0.18681928515434265 2641
1783179379863 0.11489219963550568 2642
1783179379875 0.19054007530212402 2643
1783179379882 0.0914716050028801 2644
1783179379893 0.24540726840496063 2645
1783179379899 0.17904715240001678 2646
1783179379907 0.3351040780544281 2647
1783179379912 0.1394999921321869 2648
1783179379917 0.13750794529914856 2649
1783179379922 0.009005562402307987 2650
1783179379927 0.08208617568016052 2651
1783179379932 0.018725721165537834 2652
1783179379938 0.21586933732032776 2653
1783179379941 0.07530263066291809 2654
1783179379944 0.10013718903064728 2655
1783179379948 0.016050197184085846 2656
1783179379951 0.1324109137058258 2657
1783179379956 0.06251905858516693 2658
1783179379964 0.08649253100156784 2659
1783179379969 0.18096543848514557 2660
1783179379974 0.12943539023399353 2661
1783179379981 0.31143614649772644 2662
1783179379987 0.0270620696246624 2663
1783179379994 0.07055336982011795 2664
1783179380014 0.19477806985378265 2665
1783179380019 0.08384224772453308 2666
1783179380029 0.3306027948856354 2667
1783179380036 0.1241806149482727 2668
1783179380047 0.3521791994571686 2669
1783179380056 0.058058008551597595 2670
1783179380066 0.1278405487537384 2671
1783179380080 0.04053276404738426 2672
1783179380178 0.23001202940940857 2673
1783179380206 0.4816972017288208 2674
1783179380222 0.022800160571932793 2675
1783179380316 0.02965082973241806 2676
1783179380418 0.03895874693989754 2677
1783179380520 0.12687620520591736 2678
1783179380546 0.11397340893745422 2679
1783179380622 0.46903687715530396 2680
1783179380628 0.1620805263519287 2681
1783179380632 0.2835376560688019 2682
1783179380728 0.08211101591587067 2683
1783179380847 0.17564678192138672 2684
1783179380953 0.3451111316680908 2685
1783179381052 0.03110790066421032 2686
1783179381157 0.2812229096889496 2687
1783179381261 0.10440781712532043 2688
1783179381363 0.30754202604293823 2689
1783179381469 0.09106376022100449 2690
1783179381569 0.06095798313617706 2691
1783179381589 0.21091414988040924 2692
1783179381685 0.07994050532579422 2693
1783179381785 0.13170550763607025 2694
1783179381873 0.14674542844295502 2695
1783179381878 0.029086338356137276 2696
1783179381923 0.16002047061920166 2697
1783179382007 0.18165071308612823 2698
1783179382014 0.07119106501340866 2699
1783179382020 0.1650054156780243 2700
1783179382027 0.11926884949207306 2701
1783179382031 0.4201742708683014 2702
1783179382084 0.10467904061079025 2703
1783179382193 0.08889330923557281 2704
1783179382299 0.12148814648389816 2705
1783179382407 0.3889992833137512 2706
1783179382508 0.2276179939508438 2707
1783179382610 0.046463970094919205 2708
1783179382714 0.018322236835956573 2709
1783179382821 0.3462343215942383 2710
1783179382929 0.39246782660484314 2711
1783179383033 0.43339070677757263 2712
1783179383139 0.13406753540039062 2713
1783179383249 0.0980939269065857 2714
1783179383351 0.12896628677845 2715
1783179383447 0.09430558979511261 2716
1783179383560 0.09620267897844315 2717
1783179383655 0.3122437596321106 2718
1783179383747 0.05037211626768112 2719
1783179383852 0.2526811957359314 2720
1783179383972 0.22274981439113617 2721
1783179384144 0.07908868044614792 2722
1783179384165 0.13160322606563568 2723
1783179384179 0.07478941977024078 2724
1783179384186 0.02612178958952427 2725
1783179384188 0.036057595163583755 2726
1783179384195 0.10946918278932571 2727
1783179384200 0.15665467083454132 2728
1783179384207 0.10505042970180511 2729
1783179384212 0.08733400702476501 2730
1783179384291 0.12708048522472382 2731
1783179384297 0.09265502542257309 2732
1783179384300 0.287734717130661 2733
1783179384306 0.11244386434555054 2734
1783179384312 0.10384389758110046 2735
1783179384321 0.1495809555053711 2736
1783179384325 0.08300768584012985 2737
1783179384333 0.13722872734069824 2738
1783179384336 0.23344245553016663 2739
1783179384343 0.08708550035953522 2740
1783179384348 0.10087884962558746 2741
1783179384355 0.06925735622644424 2742
1783179384365 0.3833701014518738 2743
1783179384374 0.04682100936770439 2744
1783179384418 0.13718506693840027 2745
1783179384459 0.0699097141623497 2746
1783179384464 0.013256961479783058 2747
1783179384471 0.4138047993183136 2748
1783179384478 0.27636078000068665 2749
1783179384482 0.04628852754831314 2750
1783179384488 0.10486676543951035 2751
1783179384494 0.32254087924957275 2752
1783179384593 0.40083080530166626 2753
1783179384601 0.24065139889717102 2754
1783179384647 0.1144687756896019 2755
1783179384653 0.3100478947162628 2756
1783179384664 0.3064548969268799 2757
1783179384671 0.0997849777340889 2758
1783179384678 0.33173349499702454 2759
1783179384683 0.09679729491472244 2760
1783179384689 0.07495154440402985 2761
1783179384695 0.1499018669128418 2762
1783179384706 0.032430700957775116 2763
1783179384712 0.03488064184784889 2764
1783179384719 0.22882190346717834 2765
1783179384731 0.2955460548400879 2766
1783179384737 0.01580067165195942 2767
1783179384744 0.044778451323509216 2768
1783179384750 0.19607888162136078 2769
1783179384756 0.16622242331504822 2770
1783179384767 0.2037302851676941 2771
1783179384773 0.054122764617204666 2772
1783179384779 0.1084606796503067 2773
1783179384785 0.13330598175525665 2774
1783179384791 0.1628943383693695 2775
1783179384797 0.1232471913099289 2776
1783179384803 0.10148458927869797 2777
1783179384810 0.1409580111503601 2778
1783179384888 0.25271302461624146 2779
1783179384895 0.2602778673171997 2780
1783179384906 0.15907996892929077 2781
1783179384914 0.11478304862976074 2782
1783179384919 0.10844825208187103 2783
1783179384974 0.44463279843330383 2784
1783179385015 0.12510043382644653 2785
1783179385105 0.11479642242193222 2786
1783179385206 0.1635439097881317 2787
1783179385297 0.1797206550836563 2788
1783179385389 0.1588176041841507 2789
1783179385487 0.20383848249912262 2790
1783179385585 0.2874425947666168 2791
1783179385686 0.12085481733083725 2792
1783179385783 0.052875738590955734 2793
1783179385873 0.07366421818733215 2794
1783179385892 0.05305703729391098 2795
1783179385898 0.16722597181797028 2796
1783179385904 0.06061135604977608 2797
1783179385911 0.0649542585015297 2798
1783179385916 0.2280154526233673 2799
1783179385922 0.0649276152253151 2800
1783179385928 0.10273943096399307 2801
1783179385934 0.22092773020267487 2802
1783179385940 0.21070286631584167 2803
1783179385946 0.3086859881877899 2804
1783179385953 0.4335824251174927 2805
1783179385958 0.33734095096588135 2806
1783179385964 0.11324802041053772 2807
1783179385970 0.3128066658973694 2808
1783179385976 0.25916266441345215 2809
1783179385982 0.04725577309727669 2810
1783179385988 0.026190564036369324 2811
1783179385995 0.16457609832286835 2812
1783179386001 0.06275668740272522 2813
1783179386007 0.038563601672649384 2814
1783179386012 0.24632428586483002 2815
1783179386018 0.12989509105682373 2816
1783179386032 0.43064314126968384 2817
1783179386038 0.04427364841103554 2818
1783179386044 0.06231769919395447 2819
1783179386051 0.14289265871047974 2820
1783179386056 0.21099872887134552 2821
1783179386062 0.14018425345420837 2822
1783179386073 0.20873351395130157 2823
1783179386079 0.12334492802619934 2824
1783179386085 0.1048489660024643 2825
1783179386091 0.04753300920128822 2826
1783179386123 0.16833600401878357 2827
1783179386135 0.1628161370754242 2828
1783179386144 0.05930354818701744 2829
1783179386165 0.06500007212162018 2830
1783179386181 0.2049769014120102 2831
1783179386187 0.5285278558731079 2832
1783179386199 0.19306215643882751 2833
1783179386210 0.04478011280298233 2834
1783179386217 0.12418849021196365 2835
1783179386225 0.035788021981716156 2836
1783179386229 0.1534436047077179 2837
1783179386235 0.15195028483867645 2838
1783179386241 0.03392938897013664 2839
1783179386273 0.08030553162097931 2840
1783179386283 0.16361720860004425 2841
1783179386289 0.19817516207695007 2842
1783179386295 0.172976553440094 2843
1783179386302 0.10666296631097794 2844
1783179386308 0.09919340908527374 2845
1783179386314 0.19127503037452698 2846
1783179386320 0.08191569894552231 2847
1783179386326 0.2145330160856247 2848
1783179386332 0.1564682424068451 2849
1783179386337 0.1582888811826706 2850
1783179386343 0.22608345746994019 2851
1783179386350 0.04218156635761261 2852
1783179386355 0.22923170030117035 2853
1783179386362 0.18981966376304626 2854
1783179386368 0.08896785229444504 2855
1783179386376 0.09377046674489975 2856
1783179386382 0.04310031980276108 2857
1783179386388 0.25412315130233765 2858
1783179386402 0.12771792709827423 2859
1783179386447 0.3268735408782959 2860
1783179386458 0.07195691019296646 2861
1783179386478 0.028952376917004585 2862
1783179386531 0.1313173770904541 2863
1783179386584 0.024269504472613335 2864
1783179386590 0.125587597489357 2865
1783179386595 0.0151436235755682 2866
1783179386602 0.039925467222929 2867
1783179386613 0.00951729528605938 2868
1783179386619 0.105071522295475 2869
1783179386626 0.053538646548986435 2870
1783179386638 0.051894307136535645 2871
1783179386643 0.11611823737621307 2872
1783179386649 0.07460970431566238 2873
1783179386659 0.006844864692538977 2874
1783179386665 0.15423709154129028 2875
1783179386672 0.1562153846025467 2876
1783179386678 0.06562944501638412 2877
1783179386684 0.05436648428440094 2878
1783179386690 0.046397652477025986 2879
1783179386697 0.05948975309729576 2880
1783179386703 0.10176139324903488 2881
1783179386709 0.1562618762254715 2882
1783179386715 0.08582331240177155 2883
1783179386733 0.0263216495513916 2884
1783179386740 0.03809075057506561 2885
1783179386746 0.13864345848560333 2886
1783179386756 0.023709174245595932 2887
1783179386840 0.06804121285676956 2888
1783179386846 0.07399842888116837 2889
1783179386867 0.038734760135412216 2890
1783179386970 0.07286358624696732 2891
1783179387071 0.23625069856643677 2892
1783179387174 0.1967763602733612 2893
1783179387275 0.028257880359888077 2894
1783179387377 0.0730244591832161 2895
1783179387457 0.11862033605575562 2896
1783179387475 0.14602527022361755 2897
1783179387484 0.2279222011566162 2898
1783179387490 0.10932323336601257 2899
1783179387504 0.07302666455507278 2900
1783179387510 0.21405790746212006 2901
1783179387549 0.08411689102649689 2902
1783179387579 0.06368248164653778 2903
1783179387585 0.03203599900007248 2904
1783179387629 0.1056940034031868 2905
1783179387635 0.018610171973705292 2906
1783179387729 0.17342551052570343 2907
1783179387815 0.023084307089447975 2908
1783179387830 0.3408910036087036 2909
1783179387838 0.16127917170524597 2910
1783179387843 0.1274317055940628 2911
1783179387849 0.08104883134365082 2912
1783179387855 0.20148247480392456 2913
1783179387866 0.27862194180488586 2914
1783179387873 0.037296414375305176 2915
1783179387885 0.11268328130245209 2916
1783179387903 0.043111249804496765 2917
1783179387911 0.038570620119571686 2918
1783179388009 0.2815452218055725 2919
1783179388102 0.14626049995422363 2920
1783179388197 0.15554076433181763 2921
1783179388290 0.16539618372917175 2922
1783179388388 0.04255904257297516 2923
1783179388490 0.16200348734855652 2924
1783179388593 0.0789930447936058 2925
1783179388605 0.07908432930707932 2926
1783179388611 0.03691611811518669 2927
1783179388623 0.07198365032672882 2928
1783179388649 0.38343849778175354 2929
1783179388739 0.23109754920005798 2930
1783179388750 0.013360381126403809 2931
1783179388758 0.03638489171862602 2932
1783179388808 0.069229356944561 2933
1783179388813 0.052155088633298874 2934
1783179388818 0.17743335664272308 2935
1783179388829 0.07715950906276703 2936
1783179388837 0.26626235246658325 2937
1783179388843 0.04552968591451645 2938
1783179388848 0.7106591463088989 2939
1783179388856 0.18497224152088165 2940
1783179388862 0.046313658356666565 2941
1783179388868 0.0683242604136467 2942
1783179388935 0.3675054609775543 2943
1783179388939 0.04912910982966423 2944
1783179388946 0.09249497950077057 2945
1783179388951 0.06502342224121094 2946
1783179388955 0.1667664498090744 2947
1783179388960 0.1671706885099411 2948
1783179388967 0.03826512396335602 2949
1783179388973 0.12072217464447021 2950
1783179389020 0.01868034154176712 2951
1783179389032 0.13364854454994202 2952
1783179389058 0.13430389761924744 2953
1783179389064 0.05994955822825432 2954
1783179389070 0.09815576672554016 2955
1783179389081 0.0931747704744339 2956
1783179389088 0.1745270937681198 2957
1783179389094 0.03514919430017471 2958
1783179389100 0.2757278382778168 2959
1783179389106 0.0729309618473053 2960
1783179389112 0.012155197560787201 2961
1783179389118 0.02454398386180401 2962
1783179389124 0.04523306339979172 2963
1783179389142 0.08976610749959946 2964
1783179389237 0.005202895030379295 2965
1783179389330 0.4232330024242401 2966
1783179389427 0.46635183691978455 2967
1783179389530 0.0693594291806221 2968
1783179389634 0.13921356201171875 2969
1783179389735 0.05971996858716011 2970
1783179389831 0.12883847951889038 2971
1783179389936 0.18707048892974854 2972
1783179390035 0.018819257616996765 2973
1783179390167 0.18464340269565582 2974
1783179390265 0.22749251127243042 2975
1783179390358 0.029705548658967018 2976
1783179390456 0.17788322269916534 2977
1783179390566 0.05152098834514618 2978
1783179390670 0.24465058743953705 2979
1783179390773 0.1358024775981903 2980
1783179390870 0.21928271651268005 2981
1783179390909 0.2907004654407501 2982
1783179390917 0.20452260971069336 2983
1783179390921 0.046449799090623856 2984
1783179390924 0.3369157314300537 2985
1783179390928 0.02435954101383686 2986
1783179390932 0.1682121604681015 2987
1783179390937 0.15766550600528717 2988
1783179390944 0.1869426667690277 2989
1783179390950 0.1224384531378746 2990
1783179390953 0.04323379322886467 2991
1783179390957 0.06192997097969055 2992
1783179390961 0.038353219628334045 2993
1783179390967 0.08319205790758133 2994
1783179390973 0.02476278319954872 2995
1783179390981 0.10747306048870087 2996
1783179390986 0.06514635682106018 2997
1783179390992 0.03236258402466774 2998
1783179391001 0.06023986637592316 2999
1783179391007 0.04725298658013344 3000
1783179391015 0.012142420746386051 3001
1783179391019 0.357453852891922 3002
1783179391024 0.3849700093269348 3003
1783179391031 0.09163005650043488 3004
1783179391037 0.12332980334758759 3005
1783179391042 0.07037246227264404 3006
1783179391047 0.006247763056308031 3007
1783179391053 0.30984362959861755 3008
1783179391058 0.44000741839408875 3009
1783179391065 0.12946414947509766 3010
1783179391070 0.05106029659509659 3011
1783179391076 0.026006629690527916 3012
1783179391080 0.09295855462551117 3013
1783179391083 0.18537673354148865 3014
1783179391088 0.3286331593990326 3015
1783179391096 0.1044195368885994 3016
1783179391103 0.08028585463762283 3017
1783179391109 0.01719570718705654 3018
1783179391124 0.02159091643989086 3019
1783179391134 0.12361475825309753 3020
1783179391139 0.030308788642287254 3021
1783179391142 0.07946538925170898 3022
1783179391148 0.24189607799053192 3023
1783179391154 0.1549810916185379 3024
1783179391161 0.12146791815757751 3025
1783179391165 0.0410284698009491 3026
1783179391172 0.09795061498880386 3027
1783179391177 0.08444900065660477 3028
1783179391193 0.2665387988090515 3029
1783179391207 0.14238528907299042 3030
1783179391231 0.27679044008255005 3031
1783179391240 0.06371176242828369 3032
1783179391246 0.3625895082950592 3033
1783179391255 0.019053399562835693 3034
1783179391261 0.10306297242641449 3035
1783179391267 0.09264043718576431 3036
1783179391273 0.008977184072136879 3037
1783179391279 0.09512199461460114 3038
1783179391285 0.1020817831158638 3039
1783179391291 0.07968869060277939 3040
1783179391297 0.11651328206062317 3041
1783179391302 0.2624301314353943 3042
1783179391307 0.2991323173046112 3043
1783179391310 0.011554606258869171 3044
1783179391315 0.18957872688770294 3045
1783179391320 0.09691731631755829 3046
1783179391325 0.15776921808719635 3047
1783179391332 0.055652592331171036 3048
1783179391338 0.14191922545433044 3049
1783179391344 0.3585328757762909 3050
1783179391351 0.06384555250406265 3051
1783179391356 0.02339828759431839 3052
1783179391359 0.020717471837997437 3053
1783179391363 0.08325910568237305 3054
1783179391368 0.14872750639915466 3055
1783179391376 0.13237209618091583 3056
1783179391383 0.053286194801330566 3057
1783179391483 0.02394734136760235 3058
1783179391583 0.031626760959625244 3059
1783179391680 0.1519629955291748 3060
1783179391773 0.01681409776210785 3061
1783179391885 0.15416023135185242 3062
1783179391994 0.02884882688522339 3063
1783179392103 0.05589234456419945 3064
1783179392212 0.09054699540138245 3065
1783179392318 0.08365676552057266 3066
1783179392418 0.1306975930929184 3067
1783179392528 0.07299560308456421 3068
1783179392629 0.3031764030456543 3069
1783179392739 0.028091631829738617 3070
1783179392850 0.15915262699127197 3071
1783179392955 0.2795374095439911 3072
1783179393062 0.07501783221960068 3073
1783179393168 0.1413239687681198 3074
1783179393274 0.030498700216412544 3075
1783179393379 0.1483595073223114 3076
1783179393486 0.041218698024749756 3077
1783179393585 0.06638996303081512 3078
1783179393631 0.06997833400964737 3079
1783179393643 0.04644681513309479 3080
1783179393652 0.26078277826309204 3081
1783179393664 0.13837438821792603 3082
1783179393675 0.17179082334041595 3083
1783179393682 0.20893383026123047 3084
1783179393725 0.21725238859653473 3085
1783179393739 0.34949198365211487 3086
1783179393753 0.17248490452766418 3087
1783179393765 0.2019057422876358 3088
1783179393772 0.21329927444458008 3089
1783179393780 0.03778242692351341 3090
1783179393788 0.04642992839217186 3091
1783179393801 0.2738839089870453 3092
1783179393806 0.045476626604795456 3093
1783179393889 0.03366614505648613 3094
1783179393978 0.10539180785417557 3095
1783179394081 0.02404497191309929 3096
1783179394181 0.1966937631368637 3097
1783179394281 0.28541120886802673 3098
1783179394388 0.09701933711767197 3099
1783179394491 0.10552978515625 3100
1783179394604 0.050739046186208725 3101
1783179394710 0.0211943406611681 3102
1783179394829 0.015294107608497143 3103
1783179394930 0.056873660534620285 3104
1783179395029 0.04233534261584282 3105
1783179395117 0.0655812993645668 3106
1783179395224 0.25999653339385986 3107
1783179395334 0.016439195722341537 3108
1783179395441 0.06106150150299072 3109
1783179395545 0.1882999688386917 3110
1783179395649 0.021825745701789856 3111
1783179395752 0.17154128849506378 3112
1783179395816 0.06882584095001221 3113
1783179395827 0.029823442921042442 3114
1783179395846 0.07727933675050735 3115
1783179395891 0.27722254395484924 3116
1783179395910 0.246367946267128 3117
1783179395955 0.16169492900371552 3118
1783179395965 0.14949332177639008 3119
1783179395986 0.019269704818725586 3120
1783179395997 0.1263735592365265 3121
1783179396094 0.37920793890953064 3122
1783179396193 0.12669582664966583 3123
1783179396286 0.14243833720684052 3124
1783179396399 0.21047928929328918 3125
1783179396504 0.03921886160969734 3126
1783179396611 0.007766903843730688 3127
1783179396714 0.13149987161159515 3128
1783179396812 0.307634562253952 3129
1783179396905 0.13514868915081024 3130
1783179397002 0.013790151104331017 3131
1783179397105 0.09504209458827972 3132
1783179397200 0.056603673845529556 3133
1783179397294 0.12317188084125519 3134
1783179397394 0.24073408544063568 3135
1783179397408 0.017391832545399666 3136
1783179397427 0.1383531242609024 3137
1783179397463 0.0921548381447792 3138
1783179397495 0.1028311550617218 3139
1783179397575 0.10826684534549713 3140
1783179397664 0.1160699725151062 3141
1783179397756 0.02516057901084423 3142
1783179397842 0.11229098588228226 3143
1783179397924 0.2447187304496765 3144
1783179398008 0.12793254852294922 3145
1783179398015 0.020955510437488556 3146
1783179398025 0.03316383808851242 3147
1783179398031 0.056157633662223816 3148
1783179398039 0.11088908463716507 3149
1783179398048 0.07243761420249939 3150
1783179398054 0.06940947473049164 3151
1783179398059 0.04592876508831978 3152
1783179398066 0.04136420413851738 3153
1783179398072 0.13275212049484253 3154
1783179398077 0.03040264919400215 3155
1783179398083 0.09005018323659897 3156
1783179398090 0.30000734329223633 3157
1783179398109 0.12275605648756027 3158
1783179398115 0.1880808174610138 3159
1783179398121 0.2784483730792999 3160
1783179398151 0.14242717623710632 3161
1783179398158 0.3957473039627075 3162
1783179398163 0.19600558280944824 3163
1783179398168 0.2477114200592041 3164
1783179398176 0.07766984403133392 3165
1783179398184 0.09201133996248245 3166
1783179398208 0.11927693337202072 3167
1783179398215 0.08350545167922974 3168
1783179398225 0.03806476294994354 3169
1783179398232 0.10208660364151001 3170
1783179398238 0.20727795362472534 3171
1783179398244 0.018099915236234665 3172
1783179398250 0.04629640281200409 3173
1783179398256 0.04744139313697815 3174
1783179398263 0.12397130578756332 3175
1783179398269 0.22378899157047272 3176
1783179398274 0.009509466588497162 3177
1783179398280 0.10584335029125214 3178
1783179398288 0.030017662793397903 3179
1783179398293 0.20831261575222015 3180
1783179398298 0.2553045451641083 3181
1783179398305 0.32603153586387634 3182
1783179398310 0.04486696422100067 3183
1783179398318 0.09209559112787247 3184
1783179398342 0.11853958666324615 3185
1783179398376 0.12981079518795013 3186
1783179398400 0.06994372606277466 3187
1783179398408 0.10425469279289246 3188
1783179398418 0.20000945031642914 3189
1783179398438 0.1253511756658554 3190
1783179398462 0.20372694730758667 3191
1783179398497 0.45531561970710754 3192
1783179398505 0.1166355088353157 3193
1783179398509 0.19175700843334198 3194
1783179398534 0.04079563543200493 3195
1783179398546 0.03496405854821205 3196
1783179398651 0.12034658342599869 3197
1783179398657 0.027889512479305267 3198
1783179398669 0.16080860793590546 3199
1783179398675 0.2244194746017456 3200
1783179398680 0.18781138956546783 3201
1783179398761 0.08837168663740158 3202
1783179398775 0.11275744438171387 3203
1783179398817 0.2748855948448181 3204
1783179398840 0.030642982572317123 3205
1783179398846 0.06289108097553253 3206
1783179398858 0.38267144560813904 3207
1783179398866 0.018602697178721428 3208
1783179398877 0.023339617997407913 3209
1783179398884 0.05634995922446251 3210
1783179398890 0.11769624799489975 3211
1783179398896 0.06083381921052933 3212
1783179398902 0.24011817574501038 3213
1783179398950 0.19351233541965485 3214
1783179398963 0.13579170405864716 3215
1783179398972 0.14318299293518066 3216
1783179398979 0.1417022943496704 3217
1783179398997 0.09305790066719055 3218
1783179399007 0.10785943269729614 3219
1783179399012 0.02340235561132431 3220
1783179399022 0.12716515362262726 3221
1783179399113 0.1458113044500351 3222
1783179399200 0.4071676731109619 3223
1783179399294 0.15104912221431732 3224
1783179399386 0.16977328062057495 3225
1783179399435 0.17087098956108093 3226
1783179399439 0.3263167142868042 3227
1783179399445 0.09062664955854416 3228
1783179399451 0.09681344777345657 3229
1783179399463 0.031363002955913544 3230
1783179399468 0.0906800627708435 3231
1783179399475 0.19570088386535645 3232
1783179399481 0.12944796681404114 3233
1783179399493 0.08620939403772354 3234
1783179399498 0.08275104314088821 3235
1783179399506 0.14320886135101318 3236
1783179399510 0.451144814491272 3237
1783179399516 0.23754437267780304 3238
1783179399527 0.1037721037864685 3239
1783179399540 0.10294077545404434 3240
1783179399563 0.12407073378562927 3241
1783179399569 0.15599514544010162 3242
1783179399575 0.14906193315982819 3243
1783179399603 0.11162636429071426 3244
1783179399612 0.14454011619091034 3245
1783179399615 0.12629494071006775 3246
1783179399677 0.16424094140529633 3247
1783179399779 0.19410572946071625 3248
1783179399818 0.03544279932975769 3249
1783179399869 0.03433164209127426 3250
1783179399971 0.018397193402051926 3251
1783179400074 0.03436124697327614 3252
1783179400172 0.06951873004436493 3253
1783179400251 0.19076019525527954 3254
1783179400258 0.21628983318805695 3255
1783179400264 0.0358138307929039 3256
1783179400269 0.10519780963659286 3257
1783179400276 0.1001281887292862 3258
1783179400281 0.12026483565568924 3259
1783179400289 0.06064404919743538 3260
1783179400293 0.04086368530988693 3261
1783179400300 0.03373722732067108 3262
1783179400306 0.017357848584651947 3263
1783179400318 0.013571097515523434 3264
1783179400324 0.4836675822734833 3265
1783179400329 0.2204860895872116 3266
1783179400336 0.02645283192396164 3267
1783179400347 0.3207438290119171 3268
1783179400365 0.24420538544654846 3269
1783179400379 0.06865186244249344 3270
1783179400386 0.25564196705818176 3271
1783179400439 0.06544936448335648 3272
1783179400510 0.334830105304718 3273
1783179400515 0.1144033819437027 3274
1783179400533 0.022546133026480675 3275
1783179400540 0.19500324130058289 3276
1783179400546 0.5854774713516235 3277
1783179400588 0.24325482547283173 3278
1783179400595 0.2397504597902298 3279
1783179400601 0.03366981819272041 3280
1783179400604 0.3641104996204376 3281
1783179400610 0.05388190597295761 3282
1783179400617 0.3724333941936493 3283
1783179400621 0.11621002852916718 3284
1783179400627 0.2339741289615631 3285
1783179400632 0.10485277324914932 3286
1783179400640 0.1405426561832428 3287
1783179400645 0.2610023617744446 3288
1783179400649 0.08508989214897156 3289
1783179400657 0.013689645566046238 3290
1783179400694 0.46893760561943054 3291
1783179400720 0.13684237003326416 3292
1783179400724 0.1623060703277588 3293
1783179400729 0.11311425268650055 3294
1783179400736 0.1649644821882248 3295
1783179400739 0.09692177176475525 3296
1783179400743 0.016191039234399796 3297
1783179400749 0.0811423808336258 3298
1783179400753 0.10316697508096695 3299
1783179400756 0.07325532287359238 3300
1783179400761 0.046050675213336945 3301
1783179400772 0.41281312704086304 3302
1783179400781 0.06235400587320328 3303
1783179400796 0.24836048483848572 3304
1783179400801 0.23713620007038116 3305
1783179400825 0.41893094778060913 3306
1783179400832 0.06150605157017708 3307
1783179400838 0.0066118245013058186 3308
1783179400842 0.19059179723262787 3309
1783179400849 0.04055016115307808 3310
1783179400881 0.08388259261846542 3311
1783179400911 0.20652706921100616 3312
1783179400918 0.08471792936325073 3313
1783179400925 0.014791092835366726 3314
1783179401025 0.07474613189697266 3315
1783179401100 0.21291007101535797 3316
1783179401120 0.13150207698345184 3317
1783179401126 0.10947509855031967 3318
1783179401211 0.06738395243883133 3319
1783179401251 0.28273358941078186 3320
1783179401335 0.33973991870880127 3321
1783179401349 0.08315874636173248 3322
1783179401361 0.220504030585289 3323
1783179401372 0.14492876827716827 3324
1783179401388 0.171513170003891 3325
1783179401476 0.2179926633834839 3326
1783179401484 0.16412343084812164 3327
1783179401490 0.24748495221138 3328
1783179401502 0.45614102482795715 3329
1783179401514 0.010623520240187645 3330
1783179401518 0.041266970336437225 3331
1783179401525 0.027195846661925316 3332
1783179401530 0.03402717411518097 3333
1783179401536 0.09579233825206757 3334
1783179401546 0.22453291714191437 3335
1783179401578 0.06798165291547775 3336
1783179401607 0.020541904494166374 3337
1783179401618 0.03869619220495224 3338
1783179401634 0.3412943184375763 3339
1783179401674 0.1830129623413086 3340
1783179401708 0.11944914609193802 3341
1783179401729 0.05639293044805527 3342
1783179401760 0.20080091059207916 3343
1783179401791 0.2150231897830963 3344
1783179401799 0.14041480422019958 3345
1783179401829 0.1273755431175232 3346
1783179401881 0.07157458364963531 3347
1783179401905 0.01828317902982235 3348
1783179401995 0.02918492816388607 3349
1783179402063 0.09686485677957535 3350
1783179402075 0.16181686520576477 3351
1783179402110 0.022168656811118126 3352
1783179402128 0.13914503157138824 3353
1783179402134 0.026766587048768997 3354
1783179402145 0.10070852935314178 3355
1783179402159 0.2673984467983246 3356
1783179402166 0.05706241726875305 3357
1783179402177 0.14088557660579681 3358
1783179402199 0.0892026424407959 3359
1783179402209 0.12690743803977966 3360
1783179402223 0.016036849468946457 3361
1783179402256 0.09366890788078308 3362
1783179402279 0.09820215404033661 3363
1783179402295 0.05206337571144104 3364
1783179402303 0.08448148518800735 3365
1783179402315 0.20714633166790009 3366
1783179402322 0.07395642250776291 3367
1783179402336 0.3020325303077698 3368
1783179402341 0.04100631922483444 3369
1783179402359 0.07904327660799026 3370
1783179402372 0.1522306352853775 3371
1783179402386 0.09416653960943222 3372
1783179402426 0.07852129638195038 3373
1783179402438 0.13344436883926392 3374
1783179402463 0.0806276947259903 3375
1783179402469 0.05784499645233154 3376
1783179402503 0.05937178060412407 3377
1783179402515 0.1173669621348381 3378
1783179402531 0.14394445717334747 3379
1783179402538 0.09737034142017365 3380
1783179402560 0.32107487320899963 3381
1783179402644 0.2582125961780548 3382
1783179402740 0.01296172384172678 3383
1783179402831 0.037061624228954315 3384
1783179402921 0.2321704626083374 3385
1783179403006 0.22325928509235382 3386
1783179403097 0.07297855615615845 3387
1783179403189 0.039622824639081955 3388
1783179403278 0.30214235186576843 3389
1783179403356 0.09523183107376099 3390
1783179403434 0.07134270668029785 3391
1783179403533 0.1241750568151474 3392
1783179403627 0.025121554732322693 3393
1783179403716 0.11918201297521591 3394
1783179403820 0.04231059178709984 3395
1783179403921 0.3082953989505768 3396
1783179403959 0.040771257132291794 3397
1783179403964 0.07014822214841843 3398
1783179404054 0.023925427347421646 3399
1783179404061 0.1785966157913208 3400
1783179404068 0.027326539158821106 3401
1783179404075 0.21053387224674225 3402
1783179404085 0.15972496569156647 3403
1783179404093 0.06296376138925552 3404
1783179404098 0.0067944894544780254 3405
1783179404104 0.023867664858698845 3406
1783179404117 0.07859945297241211 3407
1783179404143 0.012194043956696987 3408
1783179404147 0.1590787172317505 3409
1783179404169 0.23190724849700928 3410
1783179404176 0.06779429316520691 3411
1783179404182 0.14383171498775482 3412
1783179404194 0.501850426197052 3413
1783179404199 0.09672927111387253 3414
1783179404203 0.15287573635578156 3415
1783179404207 0.12865640223026276 3416
1783179404211 0.08516745269298553 3417
1783179404220 0.30678948760032654 3418
1783179404230 0.13341547548770905 3419
1783179404234 0.06374981254339218 3420
1783179404240 0.05275503173470497 3421
1783179404250 0.036260053515434265 3422
1783179404256 0.07841339707374573 3423
1783179404264 0.10838953405618668 3424
1783179404270 0.055551331490278244 3425
1783179404276 0.08836981654167175 3426
1783179404282 0.1327749490737915 3427
1783179404288 0.09171131998300552 3428
1783179404302 0.04492799565196037 3429
1783179404312 0.11044633388519287 3430
1783179404318 0.010545069351792336 3431
1783179404322 0.04343777894973755 3432
1783179404328 0.03169229254126549 3433
1783179404334 0.026934446766972542 3434
1783179404340 0.004590125288814306 3435
1783179404344 0.16458581387996674 3436
1783179404348 0.019481802359223366 3437
1783179404354 0.15657055377960205 3438
1783179404360 0.41938117146492004 3439
1783179404366 0.03760354593396187 3440
1783179404372 0.046167463064193726 3441
1783179404377 0.30304479598999023 3442
1783179404382 0.10862552374601364 3443
1783179404385 0.10001636296510696 3444
1783179404390 0.04423871263861656 3445
1783179404396 0.299677312374115 3446
1783179404402 0.0497729629278183 3447
1783179404414 0.1861974000930786 3448
1783179404420 0.05929923057556152 3449
1783179404430 0.045911241322755814 3450
1783179404442 0.2585216164588928 3451
1783179404451 0.1769811064004898 3452
1783179404457 0.057813260704278946 3453
1783179404463 0.1205008327960968 3454
1783179404469 0.013246293179690838 3455
1783179404560 0.12440432608127594 3456
1783179404657 0.06784440577030182 3457
1783179404753 0.4220091998577118 3458
1783179404851 0.06904859095811844 3459
1783179404946 0.0816442146897316 3460
1783179405046 0.08218593895435333 3461
1783179405147 0.004071112256497145 3462
1783179405245 0.22157694399356842 3463
1783179405349 0.013076835311949253 3464
1783179405444 0.007831703871488571 3465
1783179405541 0.2903729975223541 3466
1783179405654 0.01754697784781456 3467
1783179405758 0.05491944029927254 3468
1783179405858 0.17822599411010742 3469
1783179405956 0.7443250417709351 3470
1783179406058 0.0295774657279253 3471
1783179406160 0.14750511944293976 3472
1783179406257 0.5979304313659668 3473
1783179406351 0.008926578797399998 3474
1783179406416 0.09301929920911789 3475
1783179406422 0.01204671896994114 3476
1783179406429 0.034222561866045 3477
1783179406436 0.08547351509332657 3478
1783179406448 0.15322843194007874 3479
1783179406459 0.08857975900173187 3480
1783179406465 0.12253633141517639 3481
1783179406483 0.03540382161736488 3482
1783179406489 0.37815892696380615 3483
1783179406505 0.07161974161863327 3484
1783179406513 0.19943468272686005 3485
1783179406528 0.1382908970117569 3486
1783179406532 0.15043099224567413 3487
1783179406637 0.07182033360004425 3488
1783179406734 0.07405667752027512 3489
1783179406740 0.06254101544618607 3490
1783179406747 0.14402972161769867 3491
1783179406752 0.2019498348236084 3492
1783179406757 0.35220539569854736 3493
1783179406764 0.05418907105922699 3494
1783179406782 0.09710751473903656 3495
1783179406787 0.3636193573474884 3496
1783179406800 0.09139253944158554 3497
1783179406807 0.2506551146507263 3498
1783179406815 0.15054868161678314 3499
1783179406819 0.17385129630565643 3500
1783179406826 0.047959186136722565 3501
1783179406832 0.20780953764915466 3502
1783179406839 0.06237788870930672 3503
1783179406843 0.05067390948534012 3504
1783179406850 0.12741762399673462 3505
1783179406916 0.03171594813466072 3506
1783179406923 0.15695662796497345 3507
1783179406929 0.02134314738214016 3508
1783179406938 0.09998670220375061 3509
1783179406940 0.09097116440534592 3510
1783179406947 0.03809737041592598 3511
1783179406952 0.09818097949028015 3512
1783179406958 0.11133009195327759 3513
1783179406962 0.17344528436660767 3514
1783179406967 0.10389351099729538 3515
1783179406975 0.16800151765346527 3516
1783179406981 0.13781368732452393 3517
1783179406987 0.009048305451869965 3518
1783179406991 0.06292267888784409 3519
1783179406995 0.10145071893930435 3520
1783179407000 0.15527136623859406 3521
1783179407007 0.03987917676568031 3522
1783179407013 0.4928508698940277 3523
1783179407020 0.24225708842277527 3524
1783179407030 0.28424978256225586 3525
1783179407065 0.13406403362751007 3526
1783179407069 0.05673392862081528 3527
1783179407076 0.07424533367156982 3528
1783179407082 0.2202456146478653 3529
1783179407087 0.1849743127822876 3530
1783179407196 0.3267841041088104 3531
1783179407291 0.06898824870586395 3532
1783179407374 0.2644418776035309 3533
1783179407402 0.022395476698875427 3534
1783179407408 0.29338622093200684 3535
1783179407416 0.4688146412372589 3536
1783179407421 0.06046406552195549 3537
1783179407433 0.038054876029491425 3538
1783179407529 0.02051173523068428 3539
1783179407535 0.08723834902048111 3540
1783179407583 0.09720781445503235 3541
1783179407619 0.44857946038246155 3542
1783179407639 0.34783121943473816 3543
1783179407667 0.025900833308696747 3544
1783179407674 0.07567296922206879 3545
1783179407681 0.15275081992149353 3546
1783179407687 0.19059212505817413 3547
1783179407693 0.3435508608818054 3548
1783179407699 0.01307473424822092 3549
1783179407704 0.017403755336999893 3550
1783179407711 0.4625900685787201 3551
1783179407716 0.05292916297912598 3552
1783179407723 0.20346975326538086 3553
1783179407729 0.22762919962406158 3554
1783179407734 0.1088414192199707 3555
1783179407740 0.020411182194948196 3556
1783179407763 0.08332833647727966 3557
1783179407861 0.22170650959014893 3558
1783179407879 0.02593202516436577 3559
1783179407978 0.05303210765123367 3560
1783179408070 0.32307979464530945 3561
1783179408079 0.1160898357629776 3562
1783179408086 0.22965918481349945 3563
1783179408092 0.02099768817424774 3564
1783179408098 0.1370144486427307 3565
1783179408103 0.20204733312129974 3566
1783179408109 0.13508644700050354 3567
1783179408127 0.121278315782547 3568
1783179408133 0.15394076704978943 3569
1783179408139 0.01457948423922062 3570
1783179408146 0.12074191123247147 3571
1783179408156 0.05411187931895256 3572
1783179408168 0.03801598399877548 3573
1783179408174 0.1934726983308792 3574
1783179408181 0.3697151839733124 3575
1783179408232 0.036507073789834976 3576
1783179408323 0.014550071209669113 3577
1783179408333 0.11684960871934891 3578
1783179408432 0.17955072224140167 3579
1783179408444 0.04509584978222847 3580
1783179408449 0.11363162100315094 3581
1783179408463 0.05924292281270027 3582
1783179408466 0.06933724135160446 3583
1783179408565 0.17566169798374176 3584
1783179408615 0.16410204768180847 3585
1783179408621 0.1531880795955658 3586
1783179408627 0.04333173483610153 3587
1783179408724 0.11117711663246155 3588
1783179408821 0.08344454318284988 3589
1783179408921 0.18569867312908173 3590
1783179409025 0.08095061779022217 3591
1783179409120 0.09612107276916504 3592
1783179409218 0.21757519245147705 3593
1783179409315 0.03508155047893524 3594
1783179409412 0.026064913719892502 3595
1783179409506 0.014056024141609669 3596
1783179409535 0.061836134642362595 3597
1783179409547 0.029821019619703293 3598
1783179409560 0.32766222953796387 3599
1783179409574 0.017299475148320198 3600
1783179409595 0.2232511192560196 3601
1783179409602 0.05103692784905434 3602
1783179409607 0.09325309097766876 3603
1783179409618 0.046318259090185165 3604
1783179409624 0.023098448291420937 3605
1783179409631 0.053521547466516495 3606
1783179409635 0.023848408833146095 3607
1783179409641 0.17447297275066376 3608
1783179409647 0.09049417078495026 3609
1783179409654 0.004418191500008106 3610
1783179409743 0.20730060338974 3611
1783179409750 0.031761474907398224 3612
1783179409755 0.04896320775151253 3613
1783179409761 0.0044185626320540905 3614
1783179409767 0.07562371343374252 3615
1783179409773 0.05475549399852753 3616
1783179409780 0.11902906745672226 3617
1783179409866 0.08596590906381607 3618
1783179409872 0.023229187354445457 3619
1783179409876 0.05975562706589699 3620
1783179409884 0.023620739579200745 3621
1783179409894 0.06358476728200912 3622
1783179409905 0.3374359607696533 3623
1783179409911 0.10683471709489822 3624
1783179409918 0.10315555334091187 3625
1783179409923 0.01191685814410448 3626
1783179409943 0.323505163192749 3627
1783179409949 0.06206659600138664 3628
1783179409953 0.03065565973520279 3629
1783179409959 0.02530469186604023 3630
1783179409965 0.012488541193306446 3631
1783179410043 0.38858163356781006 3632
1783179410049 0.15623371303081512 3633
1783179410053 0.020640138536691666 3634
1783179410057 0.11082246899604797 3635
1783179410069 0.21225419640541077 3636
1783179410075 0.15892399847507477 3637
1783179410088 0.26606467366218567 3638
1783179410093 0.3057647943496704 3639
1783179410098 0.4659804105758667 3640
1783179410104 0.14960117638111115 3641
1783179410110 0.09597192704677582 3642
1783179410117 0.07000795751810074 3643
1783179410121 0.3540196716785431 3644
1783179410126 0.1064789816737175 3645
1783179410132 0.21797235310077667 3646
1783179410140 0.05349181219935417 3647
1783179410145 0.2375783920288086 3648
1783179410164 0.1581438034772873 3649
1783179410222 0.12319805473089218 3650
1783179410228 0.39388012886047363 3651
1783179410233 0.27852538228034973 3652
1783179410239 0.17342735826969147 3653
1783179410247 0.19130700826644897 3654
1783179410252 0.09470725804567337 3655
1783179410257 0.21810750663280487 3656
1783179410265 0.041510794311761856 3657
1783179410270 0.027683988213539124 3658
1783179410275 0.4789711833000183 3659
1783179410281 0.05954412743449211 3660
1783179410289 0.02023402228951454 3661
1783179410354 0.19534941017627716 3662
1783179410364 0.21082264184951782 3663
1783179410371 0.08784408122301102 3664
1783179410377 0.10738517343997955 3665
1783179410389 0.06634533405303955 3666
1783179410396 0.1554524302482605 3667
1783179410444 0.11273019760847092 3668
1783179410453 0.1414344161748886 3669
1783179410480 0.2488212287425995 3670
1783179410489 0.054075464606285095 3671
1783179410496 0.1395292580127716 3672
1783179410506 0.12563467025756836 3673
1783179410530 0.0543329156935215 3674
1783179410540 0.055066097527742386 3675
1783179410583 0.05857277289032936 3676
1783179410591 0.5163411498069763 3677
1783179410625 0.1043149083852768 3678
1783179410634 0.3334929049015045 3679
1783179410645 0.10619423538446426 3680
1783179410652 0.35175472497940063 3681
1783179410658 0.08078990876674652 3682
1783179410669 0.1442435085773468 3683
1783179410675 0.03279774636030197 3684
1783179410682 0.273527055978775 3685
1783179410688 0.3156258165836334 3686
1783179410693 0.06194308027625084 3687
1783179410699 0.06473121792078018 3688
1783179410705 0.008990444242954254 3689
1783179410712 0.23716843128204346 3690
1783179410718 0.13388893008232117 3691
1783179410725 0.07039432227611542 3692
1783179410729 0.08859506994485855 3693
1783179410739 0.21095940470695496 3694
1783179410753 0.05616539716720581 3695
1783179410819 0.09486161172389984 3696
1783179410826 0.09103214740753174 3697
1783179410833 0.05234837904572487 3698
1783179410837 0.18941541016101837 3699
1783179410844 0.1345279961824417 3700
1783179410850 0.18124975264072418 3701
1783179410868 0.0506037212908268 3702
1783179410875 0.13949626684188843 3703
1783179410881 0.21935775876045227 3704
1783179410886 0.12159354984760284 3705
1783179410893 0.035645145922899246 3706
1783179410903 0.043047960847616196 3707
1783179410963 0.08922028541564941 3708
1783179410978 0.0484451986849308 3709
1783179410989 0.019801348447799683 3710
1783179410995 0.13738325238227844 3711
1783179411029 0.09847498685121536 3712
1783179411067 0.24140481650829315 3713
1783179411079 0.3001622259616852 3714
1783179411084 0.01117466576397419 3715
1783179411090 0.15415489673614502 3716
1783179411095 0.09041273593902588 3717
1783179411102 0.06584496796131134 3718
1783179411108 0.09846501797437668 3719
1783179411111 0.030726443976163864 3720
1783179411119 0.036052606999874115 3721
1783179411140 0.16777969896793365 3722
1783179411232 0.14036129415035248 3723
1783179411246 0.05933937430381775 3724
1783179411261 0.31309953331947327 3725
1783179411358 0.023334700614213943 3726
1783179411370 0.09409495443105698 3727
1783179411392 0.053768984973430634 3728
1783179411408 0.1339396834373474 3729
1783179411416 0.32134175300598145 3730
1783179411421 0.05562400072813034 3731
1783179411425 0.34264642000198364 3732
1783179411434 0.06165285035967827 3733
1783179411440 0.18975742161273956 3734
1783179411447 0.21117188036441803 3735
1783179411453 0.08380453288555145 3736
1783179411458 0.014170125126838684 3737
1783179411465 0.058449577540159225 3738
1783179411470 0.3301428556442261 3739
1783179411476 0.11340426653623581 3740
1783179411484 0.19899865984916687 3741
1783179411489 0.06518551707267761 3742
1783179411502 0.017042841762304306 3743
1783179411603 0.18884484469890594 3744
1783179411700 0.05487963929772377 3745
1783179411796 0.010570124723017216 3746
1783179411880 0.06904899328947067 3747
1783179411901 0.04923509061336517 3748
1783179411993 0.09722933173179626 3749
1783179415068 0.2971004247665405 3750
1783179415075 0.015648845583200455 3751
1783179415096 0.1063418835401535 3752
1783179415105 0.03922594338655472 3753
1783179415134 0.25180813670158386 3754
1783179415141 0.1339844912290573 3755
1783179415152 0.18564490973949432 3756
1783179415157 0.0149125000461936 3757
1783179415164 0.020972836762666702 3758
1783179415182 0.1269284188747406 3759
1783179415276 0.038317326456308365 3760
1783179415371 0.055872078984975815 3761
1783179415466 0.40877094864845276 3762
1783179415559 0.0482790507376194 3763
1783179415644 0.15482866764068604 3764
1783179415733 0.06206652149558067 3765
1783179415823 0.11117791384458542 3766
1783179415913 0.06285059452056885 3767
1783179416013 0.1313703954219818 3768
1783179416109 0.11583389341831207 3769
1783179416200 0.024277005344629288 3770
1783179416298 0.11726577579975128 3771
1783179416390 0.0463876947760582 3772
1783179416397 0.11899639666080475 3773
1783179416402 0.20369020104408264 3774
1783179416406 0.0063132476061582565 3775
1783179416416 0.012466858141124249 3776
1783179416420 0.06431221961975098 3777
1783179416426 0.04942624643445015 3778
1783179416437 0.027703024446964264 3779
1783179416449 0.06690932810306549 3780
1783179416463 0.13068494200706482 3781
1783179416469 0.08932879567146301 3782
1783179416492 0.13381610810756683 3783
1783179416498 0.08928678929805756 3784
1783179416510 0.25602221488952637 3785
1783179416522 0.07695785164833069 3786
1783179416528 0.01872420310974121 3787
1783179416534 0.03552741929888725 3788
1783179416545 0.06320247799158096 3789
1783179416558 0.14694467186927795 3790
1783179416563 0.025348123162984848 3791
1783179416570 0.10036740452051163 3792
1783179416576 0.11057191342115402 3793
1783179416581 0.027421269565820694 3794
1783179416593 0.18115559220314026 3795
1783179416605 0.009341874159872532 3796
1783179416611 0.09466163069009781 3797
1783179416616 0.11603804677724838 3798
1783179416620 0.06778347492218018 3799
1783179416630 0.04165215790271759 3800
1783179416636 0.023099256679415703 3801
1783179416647 0.03001563623547554 3802
1783179416653 0.13286039233207703 3803
1783179416659 0.1770627200603485 3804
1783179416663 0.10629533976316452 3805
1783179416669 0.11626700311899185 3806
1783179416682 0.0692795142531395 3807
1783179416696 0.009037471376359463 3808
1783179416732 0.03555245324969292 3809
1783179416767 0.030285947024822235 3810
1783179416773 0.1033082902431488 3811
1783179416792 0.014169929549098015 3812
1783179416797 0.20829707384109497 3813
1783179416813 0.4626854956150055 3814
1783179416820 0.021068764850497246 3815
1783179416826 0.12346500158309937 3816
1783179416840 0.05019829422235489 3817
1783179416846 0.015403068624436855 3818
1783179416857 0.033957965672016144 3819
1783179416863 0.035356298089027405 3820
1783179416870 0.15333354473114014 3821
1783179416876 0.061436086893081665 3822
1783179416882 0.14511679112911224 3823
1783179416895 0.06428506970405579 3824
1783179416918 0.0756278783082962 3825
1783179416924 0.03198733925819397 3826
1783179416931 0.10759049654006958 3827
1783179416948 0.028809620067477226 3828
1783179416953 0.05531905218958855 3829
1783179416967 0.09132440388202667 3830
1783179416980 0.0260886512696743 3831
1783179416996 0.13487645983695984 3832
1783179417095 0.04531359300017357 3833
1783179417121 0.19798198342323303 3834
1783179417127 0.18715913593769073 3835
1783179417131 0.17496497929096222 3836
1783179417150 0.08940765261650085 3837
1783179417156 0.054715316742658615 3838
1783179417161 0.11387453973293304 3839
1783179417166 0.04245457053184509 3840
1783179417173 0.12315741181373596 3841
1783179417274 0.13201013207435608 3842
1783179417299 0.020278330892324448 3843
1783179417305 0.033270955085754395 3844
1783179417311 0.16352607309818268 3845
1783179417316 0.030413048341870308 3846
1783179417323 0.08493853360414505 3847
1783179417329 0.12297116219997406 3848
1783179417335 0.04305211082100868 3849
1783179417341 0.12894311547279358 3850
1783179417355 0.08947444707155228 3851
1783179417361 0.13398070633411407 3852
1783179417464 0.04143461957573891 3853
1783179417515 0.16498753428459167 3854
1783179417612 0.06232750043272972 3855
1783179417717 0.282929927110672 3856
1783179417800 0.02736981213092804 3857
1783179417903 0.09150708466768265 3858
1783179418003 0.008309068158268929 3859
1783179418108 0.06588338315486908 3860
1783179418129 0.009154511615633965 3861
1783179418148 0.026369355618953705 3862
1783179418241 0.04069584608078003 3863
1783179418350 0.0967947319149971 3864
1783179418369 0.19291077554225922 3865
1783179418470 0.659075140953064 3866
1783179418511 0.03669779375195503 3867
1783179418535 0.03348846361041069 3868
1783179418635 0.1032218188047409 3869
1783179418680 0.07485870271921158 3870
1783179418692 0.023983780294656754 3871
1783179418772 0.057499609887599945 3872
1783179418866 0.0782129094004631 3873
1783179418965 0.21650515496730804 3874
1783179418993 0.08242857456207275 3875
1783179419013 0.16930696368217468 3876
1783179419102 0.19760161638259888 3877
1783179419128 0.07376352697610855 3878
1783179419134 0.16696882247924805 3879
1783179419140 0.10541883856058121 3880
1783179419144 0.07980382442474365 3881
1783179419150 0.12393845617771149 3882
1783179419243 0.07896441966295242 3883
1783179419310 0.09818287193775177 3884
1783179419328 0.04382479935884476 3885
1783179419373 0.25835171341896057 3886
1783179419382 0.12746578454971313 3887
1783179419390 0.347240149974823 3888
1783179419396 0.13669955730438232 3889
1783179419403 0.047851454466581345 3890
1783179419420 0.03471885249018669 3891
1783179419425 0.05446430668234825 3892
1783179419521 0.022115545347332954 3893
1783179419548 0.0983348935842514 3894
1783179419590 0.09491589665412903 3895
1783179419617 0.07056837528944016 3896
1783179419623 0.13534460961818695 3897
1783179419628 0.08462061733007431 3898
1783179419634 0.1314283311367035 3899
1783179419640 0.04288432002067566 3900
1783179419646 0.09966472536325455 3901
1783179419734 0.009638211689889431 3902
1783179419761 0.05314032360911369 3903
1783179419770 0.15195640921592712 3904
1783179419773 0.0513918474316597 3905
1783179419870 0.04837119206786156 3906
1783179419948 0.06566624343395233 3907
1783179419958 0.15031827986240387 3908
1783179419964 0.014426631852984428 3909
1783179419971 0.039146389812231064 3910
1783179419976 0.08063656836748123 3911
1783179419982 0.09180828183889389 3912
1783179420027 0.10039437562227249 3913
1783179420127 0.24634017050266266 3914
1783179420159 0.055423758924007416 3915
1783179420165 0.13060930371284485 3916
1783179420171 0.03570915013551712 3917
1783179420183 0.04151307791471481 3918
1783179420190 0.09556463360786438 3919
1783179420195 0.10882294923067093 3920
1783179420200 0.12554636597633362 3921
1783179420285 0.048583656549453735 3922
1783179420331 0.4176679253578186 3923
1783179420338 0.1024429053068161 3924
1783179420344 0.1877288669347763 3925
1783179420361 0.10084783285856247 3926
1783179420412 0.14009645581245422 3927
1783179420502 0.02052062191069126 3928
1783179420542 0.02075297012925148 3929
1783179420547 0.2560444474220276 3930
1783179420596 0.09225266426801682 3931
1783179420601 0.05506831035017967 3932
1783179420703 0.18713107705116272 3933
1783179420759 0.29362085461616516 3934
1783179420763 0.029007218778133392 3935
1783179420770 0.061318110674619675 3936
1783179420868 0.2198140025138855 3937
1783179420873 0.02105841040611267 3938
1783179420879 0.1532985270023346 3939
1783179420885 0.2582819163799286 3940
1783179420893 0.1688966006040573 3941
1783179420897 0.26715728640556335 3942
1783179420902 0.33511489629745483 3943
1783179420909 0.22735394537448883 3944
1783179421008 0.012007740326225758 3945
1783179421108 0.10897424072027206 3946
1783179421207 0.07141484320163727 3947
1783179421305 0.09252459555864334 3948
1783179421384 0.5483699440956116 3949
1783179421490 0.2348192036151886 3950
1783179421584 0.3666999042034149 3951
1783179421682 0.04641540348529816 3952
1783179421781 0.09550952166318893 3953
1783179421874 0.035509027540683746 3954
1783179421965 0.13701538741588593 3955
1783179422065 0.012593996711075306 3956
1783179422165 0.126609668135643 3957
1783179422205 0.10536652058362961 3958
1783179422248 0.03176942840218544 3959
1783179422329 0.23986193537712097 3960
1783179422339 0.42156293988227844 3961
1783179422343 0.015969818457961082 3962
1783179422351 0.09045448899269104 3963
1783179422358 0.126946359872818 3964
1783179422364 0.14488454163074493 3965
1783179422367 0.15831969678401947 3966
1783179422381 0.1792268306016922 3967
1783179422387 0.11594974994659424 3968
1783179422393 0.05852712318301201 3969
1783179422399 0.1424710899591446 3970
1783179422405 0.021960267797112465 3971
1783179422411 0.12044375389814377 3972
1783179422428 0.05261646956205368 3973
1783179422434 0.08894483745098114 3974
1783179422447 0.06980252265930176 3975
1783179422453 0.14213749766349792 3976
1783179422458 0.09625711292028427 3977
1783179422464 0.139939546585083 3978
1783179422470 0.12189596146345139 3979
1783179422475 0.06291943788528442 3980
1783179422483 0.1636299192905426 3981
1783179422522 0.033624421805143356 3982
1783179422626 0.027517175301909447 3983
1783179422724 0.1855689287185669 3984
1783179422813 0.027932429686188698 3985
1783179422910 0.4556905925273895 3986
1783179423014 0.09448983520269394 3987
1783179423111 0.020674508064985275 3988
1783179423200 0.058142706751823425 3989
1783179423299 0.019672421738505363 3990
1783179423404 0.1268482655286789 3991
1783179423506 0.09228625893592834 3992
1783179423612 0.30322569608688354 3993
1783179423709 0.07169318944215775 3994
1783179423806 0.06557227671146393 3995
1783179423906 0.0812697559595108 3996
1783179424010 0.03795981407165527 3997
1783179424114 0.044789452105760574 3998
1783179424156 0.08258526027202606 3999
1783179424168 0.08650147914886475 4000
1783179424173 0.10797946155071259 4001
1783179424180 0.32274797558784485 4002
1783179424186 0.1401708871126175 4003
1783179424191 0.029278308153152466 4004
1783179424242 0.03551364690065384 4005
1783179424247 0.10304763913154602 4006
1783179424253 0.1537638008594513 4007
1783179424265 0.23639100790023804 4008
1783179424272 0.10699226707220078 4009
1783179424334 0.06524040549993515 4010
1783179424340 0.14171242713928223 4011
1783179424357 0.11876633018255234 4012
1783179424370 0.07663328945636749 4013
1783179424398 0.06406279653310776 4014
1783179424407 0.035978175699710846 4015
1783179424416 0.043094657361507416 4016
1783179424514 0.013386125676333904 4017
1783179424623 0.0319785550236702 4018
1783179424724 0.20904067158699036 4019
1783179424819 0.11276992410421371 4020
1783179424915 0.008860401809215546 4021
1783179425010 0.17258024215698242 4022
1783179425110 0.31191033124923706 4023
1783179425199 0.044186532497406006 4024
1783179425304 0.11025510728359222 4025
1783179425407 0.07381127774715424 4026
1783179425508 0.03908421844244003 4027
1783179425610 0.0505337156355381 4028
1783179425702 0.10740959644317627 4029
1783179425790 0.2726013660430908 4030
1783179425889 0.2407090663909912 4031
1783179425977 0.279147744178772 4032
1783179426078 0.04034306854009628 4033
1783179426169 0.12547805905342102 4034
1783179426265 0.1797545850276947 4035
1783179426364 0.004862651228904724 4036
1783179426452 0.10445166379213333 4037
1783179426538 0.059853486716747284 4038
1783179426627 0.05253351479768753 4039
1783179426713 0.14567388594150543 4040
1783179426813 0.06711193174123764 4041
1783179426902 0.0689534842967987 4042
1783179427003 0.24522720277309418 4043
1783179427106 0.0706128403544426 4044
1783179427209 0.12576286494731903 4045
1783179427306 0.23230266571044922 4046
1783179427394 0.03906198590993881 4047
1783179427481 0.11429216712713242 4048
1783179427578 0.05728964880108833 4049
1783179427680 0.13524658977985382 4050
1783179427780 0.0914468914270401 4051
1783179427869 0.00714895548298955 4052
1783179427947 0.06884577125310898 4053
1783179428044 0.1133943721652031 4054
1783179428137 0.00825878232717514 4055
1783179428226 0.036297254264354706 4056
1783179428320 0.12121157348155975 4057
1783179428419 0.006129330489784479 4058
1783179428508 0.01884976401925087 4059
1783179428547 0.19875335693359375 4060
1783179428565 0.11947569996118546 4061
1783179428575 0.20166495442390442 4062
1783179428593 0.0693143755197525 4063
1783179428598 0.26406601071357727 4064
1783179428610 0.07092069089412689 4065
1783179428622 0.009363279677927494 4066
1783179428702 0.11974500864744186 4067
1783179428732 0.12574847042560577 4068
1783179428744 0.030925948172807693 4069
1783179428750 0.06401331722736359 4070
1783179428768 0.04611722752451897 4071
1783179428774 0.014698094688355923 4072
1783179428850 0.08691204339265823 4073
1783179428876 0.04253707081079483 4074
1783179428883 0.022896524518728256 4075
1783179428889 0.01872364617884159 4076
1783179428895 0.05235683545470238 4077
1783179428901 0.1164279654622078 4078
1783179428987 0.15285521745681763 4079
1783179429086 0.050669338554143906 4080
1783179429188 0.01548229344189167 4081
1783179429289 0.1029583215713501 4082
1783179429391 0.21079374849796295 4083
1783179429496 0.009466004557907581 4084
1783179429591 0.030027123168110847 4085
1783179429693 0.2293199598789215 4086
1783179429716 0.22592487931251526 4087
1783179429720 0.36073121428489685 4088
1783179429736 0.01495717465877533 4089
1783179429742 0.049611110240221024 4090
1783179429836 0.07610348612070084 4091
1783179429930 0.03098815120756626 4092
1783179429960 0.07478281110525131 4093
1783179429978 0.11169927567243576 4094
1783179429989 0.05483628809452057 4095
1783179430093 0.04083610326051712 4096
1783179430173 0.055474765598773956 4097
1783179430241 0.026713179424405098 4098
1783179430338 0.02324863336980343 4099
1783179430435 0.11995504796504974 4100
1783179430458 0.11681132763624191 4101
1783179430471 0.07903724163770676 4102
1783179430477 0.04027990624308586 4103
1783179430490 0.1717841923236847 4104
1783179430505 0.07331547141075134 4105
1783179430512 0.003383496543392539 4106
1783179430530 0.05442378297448158 4107
1783179430631 0.1556791514158249 4108
1783179430730 0.061776451766490936 4109
1783179430807 0.2240603268146515 4110
1783179430814 0.1879890263080597 4111
1783179430820 0.011325164698064327 4112
1783179430832 0.09024845063686371 4113
1783179430839 0.121602363884449 4114
1783179430845 0.046910058706998825 4115
1783179430851 0.08190812915563583 4116
1783179430875 0.022243564948439598 4117
1783179430885 0.014736958779394627 4118
1783179430905 0.10730566829442978 4119
1783179430935 0.28231990337371826 4120
1783179430946 0.09869469702243805 4121
1783179430952 0.21888984739780426 4122
1783179430958 0.10101139545440674 4123
1783179430965 0.017453109845519066 4124
1783179430980 0.06944399327039719 4125
1783179431007 0.03906016796827316 4126
1783179431014 0.13547171652317047 4127
1783179431019 0.09253200888633728 4128
1783179431026 0.049497172236442566 4129
1783179431043 0.09721317142248154 4130
1783179431084 0.013611086644232273 4131
1783179431184 0.07741210609674454 4132
1783179431278 0.3589285612106323 4133
1783179431358 0.162458136677742 4134
1783179431373 0.038258034735918045 4135
1783179431385 0.14087741076946259 4136
1783179431391 0.03961305692791939 4137
1783179431397 0.1325151026248932 4138
1783179431408 0.17060895264148712 4139
1783179431415 0.09460300952196121 4140
1783179431422 0.09609293937683105 4141
1783179431428 0.03331781178712845 4142
1783179431431 0.04584505409002304 4143
1783179431436 0.052681922912597656 4144
1783179431442 0.08495798707008362 4145
1783179431445 0.2422991245985031 4146
1783179431451 0.2177976667881012 4147
1783179431456 0.0613025426864624 4148
1783179431463 0.09245651215314865 4149
1783179431468 0.013774991966784 4150
1783179431498 0.04080207645893097 4151
1783179431602 0.018310707062482834 4152
1783179431694 0.07041724026203156 4153
1783179431793 0.013906493782997131 4154
1783179431804 0.30591025948524475 4155
1783179431810 0.13192978501319885 4156
1783179431860 0.12419559806585312 4157
1783179431864 0.03163265436887741 4158
1783179431916 0.0584765188395977 4159
1783179431921 0.09680167585611343 4160
1783179431927 0.18850304186344147 4161
1783179431939 0.02535282075405121 4162
1783179431946 0.1108107715845108 4163
1783179431952 0.1758335828781128 4164
1783179431957 0.019942592829465866 4165
1783179431969 0.04119255766272545 4166
1783179431974 0.04168565571308136 4167
1783179431978 0.01995060406625271 4168
1783179431984 0.08831320703029633 4169
1783179431993 0.07424397766590118 4170
1783179432068 0.10794512927532196 4171
1783179432073 0.1747731864452362 4172
1783179432079 0.004364246968179941 4173
1783179432087 0.14135867357254028 4174
1783179432093 0.07749154418706894 4175
1783179432098 0.01298382319509983 4176
1783179432104 0.055283043533563614 4177
1783179432107 0.032055605202913284 4178
1783179432111 0.13590997457504272 4179
1783179432127 0.025309452787041664 4180
1783179432134 0.02444395422935486 4181
1783179432139 0.03876098245382309 4182
1783179432145 0.07515550404787064 4183
1783179432151 0.03295357525348663 4184
1783179432157 0.24900279939174652 4185
1783179432162 0.1620742231607437 4186
1783179432168 0.1808813363313675 4187
1783179432173 0.022004729136824608 4188
1783179432179 0.032596658915281296 4189
1783179432185 0.33164796233177185 4190
1783179432191 0.05009600520133972 4191
1783179432200 0.2402443289756775 4192
1783179432206 0.01928318478167057 4193
1783179432211 0.08209435641765594 4194
1783179432217 0.00879780575633049 4195
1783179432224 0.06086677685379982 4196
1783179432230 0.02770095318555832 4197
1783179432235 0.20832665264606476 4198
1783179432242 0.05909975990653038 4199
1783179432265 0.025497209280729294 4200
1783179432280 0.06830941885709763 4201
1783179432288 0.07761961966753006 4202
1783179432306 0.062496017664670944 4203
1783179432403 0.011952684260904789 4204
1783179432495 0.05211536958813667 4205
1783179432575 0.06010041758418083 4206
1783179432612 0.009902851656079292 4207
1783179432617 0.1365908831357956 4208
1783179432623 0.08817233145236969 4209
1783179432625 0.017433173954486847 4210
1783179432630 0.22040678560733795 4211
1783179432634 0.02309912070631981 4212
1783179432638 0.1456112265586853 4213
1783179432648 0.0672433152794838 4214
1783179432654 0.1294863522052765 4215
1783179432667 0.3519834578037262 4216
1783179432675 0.1698482483625412 4217
1783179432681 0.004617616999894381 4218
1783179432753 0.01672295108437538 4219
1783179432762 0.009104890748858452 4220
1783179432773 0.09600159525871277 4221
1783179432779 0.1351689249277115 4222
1783179432818 0.37220174074172974 4223
1783179432864 0.112229123711586 4224
1783179432873 0.20019912719726562 4225
1783179432885 0.04494021460413933 4226
1783179432890 0.014211801812052727 4227
1783179432948 0.02876591496169567 4228
1783179432990 0.046695560216903687 4229
1783179432996 0.13138966262340546 4230
1783179433002 0.1948028802871704 4231
1783179433008 0.09415740519762039 4232
1783179433015 0.01889505237340927 4233
1783179433021 0.2189376801252365 4234
1783179433026 0.14999088644981384 4235
1783179433030 0.07355086505413055 4236
1783179433130 0.018323665484786034 4237
1783179433156 0.09335825592279434 4238
1783179433162 0.06186901777982712 4239
1783179433168 0.04089083895087242 4240
1783179433173 0.040481194853782654 4241
1783179433179 0.14447800815105438 4242
1783179433280 0.6901019811630249 4243
1783179433290 0.06283510476350784 4244
1783179433300 0.0963362604379654 4245
1783179433303 0.23668429255485535 4246
1783179433309 0.05734159052371979 4247
1783179433315 0.04141518473625183 4248
1783179433321 0.03946331888437271 4249
1783179433327 0.1539670079946518 4250
1783179433339 0.03888533264398575 4251
1783179433345 0.02847367897629738 4252
1783179433356 0.05444053187966347 4253
1783179433362 0.15225933492183685 4254
1783179433368 0.03167594596743584 4255
1783179433465 0.016291644424200058 4256
1783179433565 0.06665267050266266 4257
1783179433671 0.017950840294361115 4258
1783179433772 0.04224525764584541 4259
1783179433873 0.1521623730659485 4260
1783179433976 0.014076052233576775 4261
1783179434065 0.07323423773050308 4262
1783179434168 0.2246883660554886 4263
1783179434270 0.12302858382463455 4264
1783179434301 0.112250417470932 4265
1783179434310 0.02738163433969021 4266
1783179434328 0.1476520448923111 4267
1783179434336 0.01813681423664093 4268
1783179434348 0.06904559582471848 4269
1783179434360 0.0925280898809433 4270
1783179434366 0.04988611489534378 4271
1783179434371 0.026929110288619995 4272
1783179434389 0.0664905309677124 4273
1783179434396 0.019331224262714386 4274
1783179434408 0.077977754175663 4275
1783179434420 0.3506426513195038 4276
1783179434426 0.10373307019472122 4277
1783179434435 0.0731251910328865 4278
1783179434443 0.2746281623840332 4279
1783179434454 0.20616722106933594 4280
1783179434482 0.06827305257320404 4281
1783179434489 0.013592489063739777 4282
1783179434496 0.05857007950544357 4283
1783179434526 0.06092776358127594 4284
1783179434549 0.024537505581974983 4285
1783179434570 0.04448450729250908 4286
1783179434663 0.13360601663589478 4287
1783179434671 0.16889053583145142 4288
1783179434677 0.09048937261104584 4289
1783179434683 0.008523469790816307 4290
1783179434757 0.33677080273628235 4291
1783179434765 0.07259845733642578 4292
1783179434771 0.010574555955827236 4293
1783179434785 0.022413361817598343 4294
1783179434791 0.3815252184867859 4295
1783179434807 0.14305846393108368 4296
1783179434852 0.13642816245555878 4297
1783179434886 0.03818726912140846 4298
1783179434897 0.26690131425857544 4299
1783179434905 0.037616536021232605 4300
1783179434910 0.04050165414810181 4301
1783179434917 0.09106946736574173 4302
1783179434949 0.03694477304816246 4303
1783179434979 0.21202458441257477 4304
1783179434985 0.13475482165813446 4305
1783179434994 0.0724702849984169 4306
1783179435101 0.07415741682052612 4307
1783179435187 0.05479969456791878 4308
1783179435268 0.07005444914102554 4309
1783179435337 0.2845185399055481 4310
1783179435341 0.06899924576282501 4311
1783179435348 0.02358909696340561 4312
1783179435356 0.08959770202636719 4313
1783179435359 0.07195641845464706 4314
1783179435372 0.02299436554312706 4315
1783179435385 0.01154202688485384 4316
1783179435395 0.46535563468933105 4317
1783179435401 0.13493512570858002 4318
1783179435407 0.028724070638418198 4319
1783179435413 0.107453353703022 4320
1783179435422 0.20947103202342987 4321
1783179435428 0.08413993567228317 4322
1783179435432 0.11663548648357391 4323
1783179435441 0.11631366610527039 4324
1783179435541 0.02027178555727005 4325
1783179435650 0.11691674590110779 4326
1783179435751 0.18364934623241425 4327
1783179435859 0.057376615703105927 4328
1783179435958 0.09876196086406708 4329
1783179435972 0.1248670220375061 4330
1783179435979 0.06917735189199448 4331
1783179435985 0.08581417798995972 4332
1783179436082 0.3364902138710022 4333
1783179436092 0.10193976014852524 4334
1783179436098 0.00842883437871933 4335
1783179436104 0.27611732482910156 4336
1783179436124 0.09783010184764862 4337
1783179436224 0.08289825916290283 4338
1783179436333 0.026026466861367226 4339
1783179436423 0.015049250796437263 4340
1783179436484 0.44471538066864014 4341
1783179436589 0.2696402370929718 4342
1783179436598 0.09618028253316879 4343
1783179436605 0.2418559193611145 4344
1783179436610 0.16163937747478485 4345
1783179436617 0.021665360778570175 4346
1783179436623 0.00980500876903534 4347
1783179436629 0.10134122520685196 4348
1783179436634 0.017044421285390854 4349
1783179436641 0.30943939089775085 4350
1783179436646 0.2232402116060257 4351
1783179436653 0.14558939635753632 4352
1783179436660 0.04668533802032471 4353
1783179436671 0.09760960936546326 4354
1783179436677 0.025498034432530403 4355
1783179436681 0.03344803303480148 4356
1783179436691 0.03380920737981796 4357
1783179436698 0.18758651614189148 4358
1783179436703 0.17140518128871918 4359
1783179436764 0.6999432444572449 4360
1783179436788 0.153821662068367 4361
1783179436798 0.10263585299253464 4362
1783179436805 0.043798528611660004 4363
1783179436811 0.009984903037548065 4364
1783179436815 0.29044589400291443 4365
1783179436822 0.014015687629580498 4366
1783179436829 0.06721275299787521 4367
1783179436834 0.09334757179021835 4368
1783179436844 0.28526952862739563 4369
1783179436849 0.05642494186758995 4370
1783179436855 0.011810924857854843 4371
1783179436860 0.13475137948989868 4372
1783179436867 0.054537151008844376 4373
1783179436873 0.1120622307062149 4374
1783179436880 0.2855857014656067 4375
1783179436885 0.03867838904261589 4376
1783179436966 0.05388105660676956 4377
1783179436976 0.045218925923109055 4378
1783179436980 0.10271861404180527 4379
1783179436986 0.035757992416620255 4380
1783179436997 0.09571292996406555 4381
1783179437002 0.09242930263280869 4382
1783179437008 0.03775691241025925 4383
1783179437030 0.011341705918312073 4384
1783179437076 0.0540664903819561 4385
1783179437087 0.08612023293972015 4386
1783179437188 0.13076573610305786 4387
1783179437287 0.13225391507148743 4388
1783179437389 0.02564055286347866 4389
1783179437493 0.22447209060192108 4390
1783179437591 0.12209676206111908 4391
1783179437684 0.3350357711315155 4392
1783179437762 0.12304223328828812 4393
1783179437778 0.011094828136265278 4394
1783179437790 0.027285156771540642 4395
1783179437809 0.270532488822937 4396
1783179437833 0.006841243244707584 4397
1783179437839 0.029799968004226685 4398
1783179437845 0.13032911717891693 4399
1783179437875 0.1790369600057602 4400
1783179437885 0.1260315477848053 4401
1783179437897 0.12143260985612869 4402
1783179437905 0.060510389506816864 4403
1783179437912 0.0029820785857737064 4404
1783179437919 0.14927232265472412 4405
1783179437925 0.07407857477664948 4406
1783179437931 0.014155067503452301 4407
1783179437942 0.1718774288892746 4408
1783179437947 0.04793911799788475 4409
1783179437953 0.052089761942625046 4410
1783179437966 0.23541787266731262 4411
1783179437985 0.0977470725774765 4412
1783179437992 0.01719881221652031 4413
1783179437997 0.12015407532453537 4414
1783179438008 0.2594034671783447 4415
1783179438026 0.21480311453342438 4416
1783179438032 0.07038582861423492 4417
1783179438038 0.22798779606819153 4418
1783179438046 0.0371473953127861 4419
1783179438052 0.045979633927345276 4420
1783179438059 0.0338614322245121 4421
1783179438065 0.1408000886440277 4422
1783179438070 0.2282392978668213 4423
1783179438076 0.09640241414308548 4424
1783179438082 0.22870542109012604 4425
1783179438087 0.10817834734916687 4426
1783179438093 0.16015054285526276 4427
1783179438117 0.12827661633491516 4428
1783179438128 0.01608183979988098 4429
1783179438141 0.09067555516958237 4430
1783179438147 0.09293800592422485 4431
1783179438165 0.09809007495641708 4432
1783179438170 0.14645975828170776 4433
1783179438203 0.24746660888195038 4434
1783179438210 0.011506408452987671 4435
1783179438279 0.2231139987707138 4436
1783179438373 0.17661136388778687 4437
1783179438468 0.03360221907496452 4438
1783179438484 0.013676261529326439 4439
1783179438491 0.07081851363182068 4440
1783179438496 0.03759470954537392 4441
1783179438570 0.014394962228834629 4442
1783179438578 0.3330667316913605 4443
1783179438678 0.5848456621170044 4444
1783179438776 0.01949998550117016 4445
1783179438878 0.146217480301857 4446
1783179438979 0.19871404767036438 4447
1783179439064 0.18289245665073395 4448
1783179439078 0.348646879196167 4449
1783179439084 0.09898063540458679 4450
1783179439179 0.10377934575080872 4451
1783179439261 0.02945530042052269 4452
1783179439267 0.09469617903232574 4453
1783179439273 0.08737536519765854 4454
1783179439280 0.26024022698402405 4455
1783179439286 0.014311141334474087 4456
1783179439292 0.17241404950618744 4457
1783179439297 0.14115522801876068 4458
1783179439304 0.18883782625198364 4459
1783179439310 0.09565923362970352 4460
1783179439316 0.10979533940553665 4461
1783179439327 0.1263553351163864 4462
1783179439334 0.16577014327049255 4463
1783179439430 0.10576639324426651 4464
1783179439563 0.12988923490047455 4465
1783179439667 0.04664652422070503 4466
1783179439771 0.13220970332622528 4467
1783179439868 0.006689672823995352 4468
1783179439970 0.112021803855896 4469
1783179440070 0.08738724887371063 4470
1783179440172 0.06000298261642456 4471
1783179440271 0.041061826050281525 4472
1783179440375 0.17137646675109863 4473
1783179440477 0.14547643065452576 4474
1783179440573 0.2124527394771576 4475
1783179440674 0.07005242258310318 4476
1783179440746 0.1243552416563034 4477
1783179440758 0.01164490357041359 4478
1783179440765 0.0429476834833622 4479
1783179440783 0.2857236862182617 4480
1783179440802 0.042659178376197815 4481
1783179440826 0.11771973967552185 4482
1783179440849 0.08060041815042496 4483
1783179440926 0.11429699510335922 4484
1783179440953 0.24559608101844788 4485
1783179440959 0.33142250776290894 4486
1783179440973 0.014244160614907742 4487
1783179441080 0.11518540233373642 4488
1783179441171 0.09171508252620697 4489
1783179441260 0.06590604782104492 4490
1783179441267 0.1648816615343094 4491
1783179441278 0.13941560685634613 4492
1783179441291 0.11496642976999283 4493
1783179441296 0.13863365352153778 4494
1783179441302 0.03794555366039276 4495
1783179441314 0.12614518404006958 4496
1783179441342 0.20648296177387238 4497
1783179441354 0.30735981464385986 4498
1783179441383 0.05737541243433952 4499
1783179441389 0.19620603322982788 4500
1783179441395 0.19467636942863464 4501
1783179441402 0.2906307280063629 4502
1783179441414 0.12455464154481888 4503
1783179441420 0.062098752707242966 4504
1783179441426 0.045365795493125916 4505
1783179441432 0.14506496489048004 4506
1783179441458 0.05240732058882713 4507
1783179441464 0.1091412752866745 4508
1783179441469 0.17087405920028687 4509
1783179441476 0.06925785541534424 4510
1783179441481 0.13050724565982819 4511
1783179441499 0.18648700416088104 4512
1783179441506 0.0413663312792778 4513
1783179441512 0.03643975779414177 4514
1783179441518 0.18212389945983887 4515
1783179441525 0.035817280411720276 4516
1783179441531 0.05433255434036255 4517
1783179441536 0.04202892258763313 4518
1783179441542 0.07153575122356415 4519
1783179441566 0.15457691252231598 4520
1783179441580 0.18956471979618073 4521
1783179441590 0.08154012262821198 4522
1783179441654 0.1280759572982788 4523
1783179441658 0.1453738659620285 4524
1783179441670 0.015116550028324127 4525
1783179441729 0.06187749281525612 4526
1783179441735 0.14326879382133484 4527
1783179441740 0.1596933901309967 4528
1783179441750 0.032192572951316833 4529
1783179441759 0.23525065183639526 4530
1783179441775 0.17251959443092346 4531
1783179441780 0.1641763150691986 4532
1783179441784 0.013374623842537403 4533
1783179441791 0.1364191472530365 4534
1783179441797 0.022794730961322784 4535
1783179441852 0.33491528034210205 4536
1783179441861 0.2064426690340042 4537
1783179441880 0.016515282914042473 4538
1783179441885 0.11120782047510147 4539
1783179441890 0.11525602638721466 4540
1783179441893 0.009066424332559109 4541
1783179441897 0.03509822487831116 4542
1783179441902 0.04229596629738808 4543
1783179441909 0.06196138262748718 4544
1783179441914 0.07957431674003601 4545
1783179441917 0.005499534774571657 4546
1783179441921 0.09717919677495956 4547
1783179441980 0.02287098579108715 4548
1783179441986 0.033256951719522476 4549
1783179442005 0.07680351287126541 4550
1783179442009 0.010651699267327785 4551
1783179442017 0.023686423897743225 4552
1783179442022 0.1480819433927536 4553
1783179442120 0.12843146920204163 4554
1783179442222 0.04640694335103035 4555
1783179442278 0.04596863314509392 4556
1783179442291 0.0330616794526577 4557
1783179442301 0.020998623222112656 4558
1783179442307 0.019452273845672607 4559
1783179442313 0.12169020622968674 4560
1783179442319 0.17986167967319489 4561
1783179442332 0.041071660816669464 4562
1783179442337 0.11741916835308075 4563
1783179442436 0.007499552797526121 4564
1783179442506 0.049323055893182755 4565
1783179442620 0.042799849063158035 4566
1783179442726 0.035205770283937454 4567
1783179442834 0.020510511472821236 4568
1783179442947 0.028372816741466522 4569
1783179443049 0.0397614911198616 4570
1783179443159 0.013733047991991043 4571
1783179443261 0.03527342155575752 4572
1783179443370 0.01752627268433571 4573
1783179443475 0.00544014573097229 4574
1783179443586 0.026046529412269592 4575
1783179443688 0.027529196813702583 4576
1783179443791 0.14809764921665192 4577
1783179443884 0.11622048914432526 4578
1783179443945 0.08314243704080582 4579
1783179443964 0.022385679185390472 4580
1783179443976 0.04426788538694382 4581
1783179443985 0.09289833903312683 4582
1783179443998 0.02450539730489254 4583
1783179444004 0.14467407763004303 4584
1783179444027 0.08677998185157776 4585
1783179444059 0.09025012701749802 4586
1783179444064 0.0945359617471695 4587
1783179444166 0.03866773471236229 4588
1783179444243 0.017313741147518158 4589
1783179444256 0.4413778483867645 4590
1783179444358 0.05730660259723663 4591
1783179444471 0.005923633463680744 4592
1783179444568 0.23245012760162354 4593
1783179444672 0.19040673971176147 4594
1783179444772 0.22533385455608368 4595
1783179444880 0.012038040906190872 4596
1783179444986 0.05740583688020706 4597
1783179445086 0.009509539231657982 4598
1783179445178 0.3301154673099518 4599
1783179445273 0.23182345926761627 4600
1783179445383 0.043731510639190674 4601
1783179445475 0.014773067086935043 4602
1783179445580 0.14301973581314087 4603
1783179445617 0.056551214307546616 4604
1783179445625 0.05218109115958214 4605
1783179445633 0.3253163993358612 4606
1783179445640 0.10218238085508347 4607
1783179445647 0.2950209975242615 4608
1783179445651 0.03940434381365776 4609
1783179445659 0.1035287082195282 4610
1783179445751 0.03892489895224571 4611
1783179445852 0.05178173631429672 4612
1783179445957 0.03993692249059677 4613
1783179446072 0.08098732680082321 4614
1783179446182 0.17829325795173645 4615
1783179446290 0.058043669909238815 4616
1783179446394 0.23206567764282227 4617
1783179446503 0.23263829946517944 4618
1783179446601 0.09174755960702896 4619
1783179446700 0.03292114660143852 4620
1783179446801 0.24236078560352325 4621
1783179446895 0.14166702330112457 4622
1783179446996 0.021369721740484238 4623
1783179447101 0.17220540344715118 4624
1783179447209 0.03464607894420624 4625
1783179447317 0.03022964857518673 4626
1783179447424 0.15093553066253662 4627
1783179447526 0.18839997053146362 4628
1783179447628 0.03502824157476425 4629
1783179447731 0.022782953456044197 4630
1783179447832 0.10491929203271866 4631
1783179447934 0.18335525691509247 4632
1783179448036 0.040012676268815994 4633
1783179448141 0.037533581256866455 4634
1783179448243 0.04784499481320381 4635
1783179448344 0.01937793381512165 4636
1783179448447 0.04509323835372925 4637
1783179448548 0.16566823422908783 4638
1783179448655 0.13817144930362701 4639
1783179448751 0.0932006761431694 4640
1783179448865 0.015997258946299553 4641
1783179448969 0.024309230968356133 4642
1783179449072 0.07182621955871582 4643
1783179449177 0.0418512262403965 4644
1783179449280 0.06311827152967453 4645
1783179449377 0.3575948476791382 4646
1783179449483 0.23133262991905212 4647
1783179449585 0.03333114832639694 4648
1783179449687 0.07949194312095642 4649
1783179449781 0.2195376306772232 4650
1783179449880 0.11450494080781937 4651
1783179449991 0.014683354645967484 4652
1783179450093 0.032216139137744904 4653
1783179450195 0.06509378552436829 4654
1783179450302 0.26060378551483154 4655
1783179450406 0.0481550432741642 4656
1783179450523 0.1672549694776535 4657
1783179450627 0.015451623126864433 4658
1783179450728 0.030268661677837372 4659
1783179450823 0.05500555783510208 4660
1783179450923 0.021192902699112892 4661
1783179451022 0.0696038156747818 4662
1783179451125 0.04228993505239487 4663
1783179451229 0.05067340284585953 4664
1783179451328 0.16226446628570557 4665
1783179451425 0.023170091211795807 4666
1783179451521 0.017017703503370285 4667
1783179451613 0.1491670161485672 4668
1783179451691 0.017237376421689987 4669
1783179451698 0.026996148750185966 4670
1783179451714 0.0467989481985569 4671
1783179451725 0.2597074508666992 4672
1783179451743 0.014920487068593502 4673
1783179451762 0.07094267755746841 4674
1783179451855 0.2445889562368393 4675
1783179451955 0.032027073204517365 4676
1783179452079 0.3769257664680481 4677
1783179452175 0.015589400194585323 4678
1783179452284 0.06800790876150131 4679
1783179452392 0.011488757096230984 4680
1783179452493 0.1580725759267807 4681
1783179452600 0.04020240902900696 4682
1783179452697 0.19141057133674622 4683
1783179452798 0.08190236240625381 4684
1783179452902 0.03784938156604767 4685
1783179453003 0.5335983037948608 4686
1783179453106 0.07185409218072891 4687
1783179453212 0.11282815039157867 4688
1783179453302 0.134979709982872 4689
1783179453402 0.09457810968160629 4690
1783179453506 0.041412655264139175 4691
1783179453607 0.05143846943974495 4692
1783179453715 0.008871405385434628 4693
1783179453822 0.03185101971030235 4694
1783179453933 0.1358366459608078 4695
1783179454034 0.17439885437488556 4696
1783179454135 0.028895555064082146 4697
1783179454210 0.3167373836040497 4698
1783179454310 0.1961570680141449 4699
1783179454422 0.20171765983104706 4700
1783179454521 0.03283672779798508 4701
1783179454633 0.11214402318000793 4702
1783179454737 0.06435505300760269 4703
1783179454845 0.010896019637584686 4704
1783179454953 0.03585880994796753 4705
1783179454983 0.0729878768324852 4706
1783179454989 0.3826732337474823 4707
1783179454994 0.18561919033527374 4708
1783179455001 0.014646169729530811 4709
1783179455008 0.013106279075145721 4710
1783179455018 0.07650899887084961 4711
1783179455082 0.02277553826570511 4712
1783179455182 0.020435906946659088 4713
1783179455254 0.1212286502122879 4714
1783179455260 0.017742246389389038 4715
1783179455265 0.148788720369339 4716
1783179455282 0.033599670976400375 4717
1783179455290 0.3099827766418457 4718
1783179455297 0.11909154802560806 4719
1783179455314 0.04881864786148071 4720
1783179455325 0.04506709799170494 4721
1783179455331 0.10847406089305878 4722
1783179455364 0.06454377621412277 4723
1783179455370 0.0257805734872818 4724
1783179455384 0.0692024976015091 4725
1783179455444 0.012039881199598312 4726
1783179455475 0.09289000183343887 4727
1783179455491 0.026785755529999733 4728
1783179455514 0.05313015356659889 4729
1783179455521 0.1074429526925087 4730
1783179455616 0.061892952769994736 4731
1783179455711 0.03628529608249664 4732
1783179455813 0.015429502353072166 4733
1783179455910 0.012269909493625164 4734
1783179456007 0.12418651580810547 4735
1783179456098 0.004389867186546326 4736
1783179456180 0.31553056836128235 4737
1783179456192 0.11593613028526306 4738
1783179456209 0.16731099784374237 4739
1783179456215 0.0407152883708477 4740
1783179456224 0.2953144609928131 4741
1783179456230 0.07691749185323715 4742
1783179456241 0.024239376187324524 4743
1783179456247 0.26082199811935425 4744
1783179456250 0.037352316081523895 4745
1783179456254 0.04151548445224762 4746
1783179456257 0.02505100704729557 4747
1783179456259 0.025153791531920433 4748
1783179456263 0.316364586353302 4749
1783179456265 0.10472705960273743 4750
1783179456268 0.016693346202373505 4751
1783179456272 0.08708704262971878 4752
1783179456274 0.29976868629455566 4753
1783179456277 0.06262700259685516 4754
1783179456280 0.009481546469032764 4755
1783179456283 0.26781532168388367 4756
1783179456287 0.07032249122858047 4757
1783179456290 0.01759902387857437 4758
1783179456292 0.010824094526469707 4759
1783179456295 0.011609099805355072 4760
1783179456298 0.14144496619701385 4761
1783179456300 0.024697719141840935 4762
1783179456304 0.0644749328494072 4763
1783179456307 0.3166390061378479 4764
1783179456309 0.10281617939472198 4765
1783179456313 0.008259455673396587 4766
1783179456317 0.04241703450679779 4767
1783179456322 0.024530071765184402 4768
1783179456328 0.15904462337493896 4769
1783179456330 0.11646682769060135 4770
1783179456335 0.08302967995405197 4771
1783179456342 0.047008220106363297 4772
1783179456348 0.030023979023098946 4773
1783179456353 0.008427757769823074 4774
1783179456361 0.11007799208164215 4775
1783179456366 0.09773300588130951 4776
1783179456372 0.11372224241495132 4777
1783179456377 0.05455216392874718 4778
1783179456473 0.003009043401107192 4779
1783179456511 0.0331379696726799 4780
1783179456517 0.10525702685117722 4781
1783179456523 0.06828609853982925 4782
1783179456529 0.07535189390182495 4783
1783179456547 0.032569073140621185 4784
1783179456561 0.050892483443021774 4785
1783179456565 0.03227364271879196 4786
1783179456572 0.00725434347987175 4787
1783179456576 0.11561204493045807 4788
1783179456584 0.14155076444149017 4789
1783179456590 0.008687255904078484 4790
1783179456597 0.28143516182899475 4791
1783179456609 0.0023276312276721 4792
1783179456662 0.07489027082920074 4793
1783179456744 0.04371817409992218 4794
1783179456791 0.09482382237911224 4795
1783179456797 0.012187435291707516 4796
1783179456808 0.21340589225292206 4797
1783179456829 0.30556824803352356 4798
1783179456840 0.06817284226417542 4799
1783179456850 0.10901865363121033 4800
1783179456865 0.06450463831424713 4801
1783179456877 0.014705064706504345 4802
1783179456944 0.05335131660103798 4803
1783179456964 0.00933317095041275 4804
1783179456969 0.03829510509967804 4805
1783179456976 0.022927111014723778 4806
1783179456981 0.08543343842029572 4807
1783179457000 0.0728248655796051 4808
1783179457008 0.03201565146446228 4809
1783179457044 0.006996797863394022 4810
1783179457067 0.03576437756419182 4811
1783179457073 0.11778277158737183 4812
1783179457078 0.5792088508605957 4813
1783179457083 0.09448122978210449 4814
1783179457090 0.11193438619375229 4815
1783179457095 0.11122311651706696 4816
1783179457102 0.49413686990737915 4817
1783179457108 0.26456788182258606 4818
1783179457113 0.14759264886379242 4819
1783179457119 0.11577785015106201 4820
1783179457126 0.021062545478343964 4821
1783179457141 0.10504687577486038 4822
1783179457146 0.3356301486492157 4823
1783179457152 0.05499262362718582 4824
1783179457255 0.10378271341323853 4825
1783179457357 0.2370309680700302 4826
1783179457427 0.3337772786617279 4827
1783179457434 0.10678766667842865 4828
1783179457440 0.0737030878663063 4829
1783179457457 0.10367149114608765 4830
1783179457463 0.2788635194301605 4831
1783179457470 0.06692709028720856 4832
1783179457480 0.060157641768455505 4833
1783179457486 0.05119968205690384 4834
1783179457496 0.11409153044223785 4835
1783179457500 0.29016149044036865 4836
1783179457506 0.039344221353530884 4837
1783179457510 0.3526870012283325 4838
1783179457514 0.012303037568926811 4839
1783179457520 0.28581318259239197 4840
1783179457527 0.023494523018598557 4841
1783179457534 0.3205122649669647 4842
1783179457540 0.06999550759792328 4843
1783179457547 0.2322334349155426 4844
1783179457632 0.13061007857322693 4845
1783179457647 0.033187273889780045 4846
1783179457654 0.10181441903114319 4847
1783179457660 0.11617524176836014 4848
1783179457666 0.11280783265829086 4849
1783179457672 0.06757863610982895 4850
1783179457678 0.011074106208980083 4851
1783179457685 0.4084552526473999 4852
1783179457690 0.031080445274710655 4853
1783179457698 0.08698185533285141 4854
1783179457704 0.09467396885156631 4855
1783179457713 0.15605862438678741 4856
1783179457720 0.011552606709301472 4857
1783179457726 0.26696717739105225 4858
1783179457731 0.08098272979259491 4859
1783179457738 0.049587029963731766 4860
1783179457743 0.04573522135615349 4861
1783179457750 0.061877697706222534 4862
1783179457762 0.002191525883972645 4863
1783179457769 0.1189916655421257 4864
1783179457773 0.29332149028778076 4865
1783179457779 0.0380265973508358 4866
1783179457792 0.09042626619338989 4867
1783179457841 0.0677906945347786 4868
1783179457847 0.1652839183807373 4869
1783179457883 0.09438500553369522 4870
1783179457891 0.05960953235626221 4871
1783179457999 0.5887928009033203 4872
1783179458061 0.009179435670375824 4873
1783179458067 0.005453338846564293 4874
1783179458073 0.2348133772611618 4875
1783179458079 0.05332596227526665 4876
1783179458092 0.09184697270393372 4877
1783179458189 0.07248691469430923 4878
1783179458249 0.03443072736263275 4879
1783179458323 0.191402405500412 4880
1783179458334 0.09501681476831436 4881
1783179458434 0.01214793510735035 4882
1783179458522 0.06523425877094269 4883
1783179458542 0.26029932498931885 4884
1783179458618 0.03165362775325775 4885
1783179458628 0.030611872673034668 4886
1783179458662 0.040260426700115204 4887
1783179458670 0.05434124544262886 4888
1783179458732 0.021246302872896194 4889
1783179458745 0.03457844629883766 4890
1783179458768 0.0923428162932396 4891
1783179458844 0.11185107380151749 4892
1783179458862 0.37783464789390564 4893
1783179458876 0.10268104821443558 4894
1783179458882 0.06408187747001648 4895
1783179458888 0.13574576377868652 4896
1783179458898 0.06934883445501328 4897
1783179458975 0.023784752935171127 4898
1783179458983 0.11017490178346634 4899
1783179458992 0.02167704328894615 4900
1783179459015 0.05376105383038521 4901
1783179459020 0.2991946041584015 4902
1783179459027 0.045785412192344666 4903
1783179459032 0.02822037972509861 4904
1783179459121 0.01300196535885334 4905
1783179459147 0.07786023616790771 4906
1783179459151 0.014959256164729595 4907
1783179459158 0.06803549081087112 4908
1783179459165 0.016896482557058334 4909
1783179459170 0.0162154883146286 4910
1783179459195 0.03129687160253525 4911
1783179459202 0.05356192961335182 4912
1783179459211 0.11777728796005249 4913
1783179459283 0.04855424165725708 4914
1783179459298 0.18284358084201813 4915
1783179459310 0.04211977496743202 4916
1783179459317 0.00663389079272747 4917
1783179459323 0.0248796958476305 4918
1783179459328 0.022696468979120255 4919
1783179459334 0.01355594489723444 4920
1783179459347 0.010276827029883862 4921
1783179459355 0.018121926113963127 4922
1783179459362 0.267692893743515 4923
1783179459379 0.13025707006454468 4924
1783179459387 0.11817283183336258 4925
1783179459401 0.013728095218539238 4926
1783179459407 0.175472691655159 4927
1783179459413 0.09653501212596893 4928
1783179459420 0.023200007155537605 4929
1783179459424 0.04014013707637787 4930
1783179459433 0.011881880462169647 4931
1783179459439 0.0026575394440442324 4932
1783179459445 0.04383794590830803 4933
1783179459450 0.019730478525161743 4934
1783179459454 0.11380349844694138 4935
1783179459460 0.16623304784297943 4936
1783179459520 0.03147466108202934 4937
1783179459529 0.06595682352781296 4938
1783179459535 0.007893750444054604 4939
1783179459547 0.09011109918355942 4940
1783179459609 0.01509774662554264 4941
1783179459615 0.020638607442378998 4942
1783179459620 0.373477578163147 4943
1783179459645 0.038327790796756744 4944
1783179459656 0.21760915219783783 4945
1783179459680 0.09398499876260757 4946
1783179459686 0.0648365244269371 4947
1783179459775 0.021093685179948807 4948
1783179459791 0.01572348177433014 4949
1783179459825 0.0567043200135231 4950
1783179459889 0.08972655236721039 4951
1783179459894 0.06319533288478851 4952
1783179459899 0.04271448776125908 4953
1783179459918 0.0848231241106987 4954
1783179459958 0.03700537234544754 4955
1783179460013 0.03773445636034012 4956
1783179460020 0.17066529393196106 4957
1783179460025 0.01227167434990406 4958
1783179460031 0.06077573075890541 4959
1783179460042 0.01450665108859539 4960
1783179460049 0.06370867788791656 4961
1783179460055 0.049255479127168655 4962
1783179460061 0.15500187873840332 4963
1783179460067 0.11202798783779144 4964
1783179460165 0.034979380667209625 4965
1783179460210 0.026819922029972076 4966
1783179460216 0.11516944319009781 4967
1783179460224 0.08341418206691742 4968
1783179460229 0.02881471998989582 4969
1783179460235 0.05844709649682045 4970
1783179460241 0.020193111151456833 4971
1783179460247 0.08408575505018234 4972
1783179460301 0.027689050883054733 4973
1783179460388 0.06986504793167114 4974
1783179460468 0.2934878468513489 4975
1783179460528 0.11446115374565125 4976
1783179460545 0.12643636763095856 4977
1783179460577 0.038561563938856125 4978
1783179460581 0.0044731320813298225 4979
1783179460592 0.08375851809978485 4980
1783179460604 0.01861291006207466 4981
1783179460612 0.016575921326875687 4982
1783179460618 0.27877965569496155 4983
1783179460667 0.0455695241689682 4984
1783179460752 0.01588940992951393 4985
1783179460765 0.014972598291933537 4986
1783179460799 0.32395145297050476 4987
1783179460812 0.008401232771575451 4988
1783179460900 0.14950983226299286 4989
1783179460915 0.08336164057254791 4990
1783179461031 0.043079543858766556 4991
1783179461123 0.22995306551456451 4992
1783179461229 0.016882915049791336 4993
1783179461319 0.010507239028811455 4994
1783179461419 0.0557120256125927 4995
1783179461521 0.01046258956193924 4996
1783179461619 0.06084830313920975 4997
1783179461718 0.21086139976978302 4998
1783179461808 0.10451526194810867 4999
1783179461875 0.12131156772375107 5000
1783179461898 0.0659186989068985 5001
1783179461903 0.006839223671704531 5002
1783179461910 0.08921588957309723 5003
1783179461916 0.1832055151462555 5004
1783179461924 0.044831372797489166 5005
1783179461927 0.08349907398223877 5006
1783179461932 0.14549437165260315 5007
1783179461960 0.10590772330760956 5008
1783179461970 0.042744722217321396 5009
1783179461976 0.1622590720653534 5010
1783179461982 0.0770452469587326 5011
1783179461995 0.04432479292154312 5012
1783179461999 0.036760278046131134 5013
1783179462008 0.11251629143953323 5014
1783179462017 0.034494925290346146 5015
1783179462050 0.009884977713227272 5016
1783179462066 0.052113138139247894 5017
1783179462072 0.20369908213615417 5018
1783179462097 0.06322740763425827 5019
1783179462116 0.051710039377212524 5020
1783179462133 0.24940823018550873 5021
1783179462144 0.11383029073476791 5022
1783179462150 0.026641858741641045 5023
1783179462161 0.10149840265512466 5024
1783179462174 0.08544260263442993 5025
1783179462180 0.028639284893870354 5026
1783179462185 0.18156097829341888 5027
1783179462198 0.03470891714096069 5028
1783179462203 0.1430477350950241 5029
1783179462211 0.06161830201745033 5030
1783179462217 0.12570253014564514 5031
1783179462223 0.11717963218688965 5032
1783179462229 0.14050213992595673 5033
1783179462234 0.054482247680425644 5034
1783179462240 0.0222312081605196 5035
1783179462247 0.13257811963558197 5036
1783179462253 0.07739360630512238 5037
1783179462264 0.23257127404212952 5038
1783179462277 0.027585303410887718 5039
1783179462294 0.17323602735996246 5040
1783179462308 0.1698371320962906 5041
1783179462313 0.018206095322966576 5042
1783179462317 0.24022820591926575 5043
1783179462354 0.04646914452314377 5044
1783179462361 0.10216684639453888 5045
1783179462373 0.2180767059326172 5046
1783179462379 0.09679148346185684 5047
1783179462385 0.0626993477344513 5048
1783179462390 0.006108819041401148 5049
1783179462420 0.32941627502441406 5050
1783179462514 0.06954088807106018 5051
1783179462635 0.04933323711156845 5052
1783179462739 0.009723076596856117 5053
1783179462883 0.00843848753720522 5054
1783179462990 0.423330694437027 5055
1783179463085 0.1195027232170105 5056
1783179463118 0.05014609545469284 5057
1783179463134 0.004952379036694765 5058
1783179463164 0.01847033016383648 5059
1783179463176 0.39299941062927246 5060
1783179463190 0.22493316233158112 5061
1783179463270 0.03432360291481018 5062
1783179463284 0.11060970276594162 5063
1783179463305 0.09943772852420807 5064
1783179463316 0.3138861060142517 5065
1783179463351 0.13376010954380035 5066
1783179463368 0.3816995918750763 5067
1783179463379 0.05190340802073479 5068
1783179463456 0.16713668406009674 5069
1783179463471 0.05942859500646591 5070
1783179463479 0.27630627155303955 5071
1783179463483 0.008374616503715515 5072
1783179463490 0.029589056968688965 5073
1783179463500 0.17084628343582153 5074
1783179463558 0.06163576990365982 5075
1783179463639 0.09578464925289154 5076
1783179463655 0.08062620460987091 5077
1783179463674 0.13136669993400574 5078
1783179463702 0.02994953654706478 5079
1783179463720 0.004701479338109493 5080
1783179463734 0.1501605063676834 5081
1783179463750 0.12018729001283646 5082
1783179463842 0.02741270512342453 5083
1783179463864 0.012931161560118198 5084
1783179463870 0.17553427815437317 5085
1783179463885 0.05703970417380333 5086
1783179463981 0.11942298710346222 5087
1783179464033 0.05687139928340912 5088
1783179464044 0.07493094354867935 5089
1783179464050 0.00793825089931488 5090
1783179464055 0.3221149146556854 5091
1783179464063 0.04641524329781532 5092
1783179464069 0.15472891926765442 5093
1783179464086 0.29939207434654236 5094
1783179464093 0.20690971612930298 5095
1783179464195 0.02705116756260395 5096
1783179464249 0.11073753237724304 5097
1783179464263 0.29528361558914185 5098
1783179464271 0.19118095934391022 5099
1783179464282 0.02695341780781746 5100
1783179464355 0.1638624668121338 5101
1783179464446 0.23121042549610138 5102
1783179464542 0.05019776150584221 5103
1783179464650 0.49090784788131714 5104
1783179464753 0.06704412400722504 5105
1783179464856 0.13347086310386658 5106
1783179464895 0.010885152965784073 5107
1783179464937 0.09588658064603806 5108
1783179464943 0.09926498681306839 5109
1783179464974 0.10845129936933517 5110
1783179465072 0.043942246586084366 5111
1783179465081 0.12491493672132492 5112
1783179465092 0.12244083732366562 5113
1783179465100 0.09192820638418198 5114
1783179465111 0.013990204781293869 5115
1783179465163 0.009336543269455433 5116
1783179465268 0.04877067357301712 5117
1783179465370 0.15028469264507294 5118
1783179465471 0.187051922082901 5119
1783179465510 0.14702574908733368 5120
1783179465524 0.2787024974822998 5121
1783179465542 0.10664575546979904 5122
1783179465564 0.03805070370435715 5123
1783179465582 0.03978074714541435 5124
1783179465594 0.15671662986278534 5125
1783179465605 0.18007610738277435 5126
1783179465711 0.04047367721796036 5127
1783179465812 0.018902426585555077 5128
1783179465913 0.15158319473266602 5129
1783179466020 0.06566967070102692 5130
1783179466121 0.0712868794798851 5131
1783179466224 0.014422540552914143 5132
1783179466326 0.027224887162446976 5133
1783179466431 0.04955165833234787 5134
1783179466529 0.11541912704706192 5135
1783179466591 0.1425318568944931 5136
1783179466689 0.2675583064556122 5137
1783179466792 0.22304962575435638 5138
1783179466887 0.05110997334122658 5139
1783179466979 0.010292775928974152 5140
1783179467074 0.008617914281785488 5141
1783179467175 0.11022039502859116 5142
1783179467193 0.25869569182395935 5143
1783179467203 0.08385469019412994 5144
1783179467215 0.05577109009027481 5145
1783179467240 0.029165707528591156 5146
1783179467251 0.1941279023885727 5147
1783179467269 0.004442394711077213 5148
1783179467275 0.07337556779384613 5149
1783179467305 0.19051925837993622 5150
1783179467338 0.38510841131210327 5151
1783179467348 0.02816641330718994 5152
1783179467359 0.033346254378557205 5153
1783179467458 0.06259497255086899 5154
1783179467559 0.16324515640735626 5155
1783179467661 0.012330319732427597 5156
1783179467755 0.06624945253133774 5157
1783179467864 0.0652567520737648 5158
1783179467973 0.041151247918605804 5159
1783179468071 0.057762615382671356 5160
1783179468181 0.0618545301258564 5161
1783179468285 0.11583629250526428 5162
1783179468382 0.15707692503929138 5163
1783179468480 0.12163755297660828 5164
1783179468559 0.2020193338394165 5165
1783179468657 0.009668282233178616 5166
1783179468678 0.10336059331893921 5167
1783179468732 0.018734920769929886 5168
1783179468739 0.07198743522167206 5169
1783179468748 0.08895992487668991 5170
1783179468840 0.0543266162276268 5171
1783179468932 0.3433442711830139 5172
1783179468939 0.08187445253133774 5173
1783179468957 0.06657486408948898 5174
1783179468969 0.1664687991142273 5175
1783179468985 0.11802729219198227 5176
1783179469015 0.13234731554985046 5177
1783179469113 0.2700287699699402 5178
1783179469151 0.1884310394525528 5179
1783179469250 0.11493013054132462 5180
1783179469351 0.048862576484680176 5181
1783179469440 0.23237349092960358 5182
1783179469547 0.05619750916957855 5183
1783179469655 0.08023766428232193 5184
1783179469761 0.1405772715806961 5185
1783179469866 0.15701361000537872 5186
1783179469907 0.10324849933385849 5187
1783179470007 0.030590787529945374 5188
1783179470107 0.012659536674618721 5189
1783179470124 0.3774867057800293 5190
1783179470134 0.03612622991204262 5191
1783179470174 0.22134506702423096 5192
1783179470186 0.11180882900953293 5193
1783179470198 0.01632860116660595 5194
1783179470217 0.07451361417770386 5195
1783179470226 0.2004462331533432 5196
1783179470234 0.06981509923934937 5197
1783179470244 0.20707055926322937 5198
1783179470257 0.13309428095817566 5199
1783179470364 0.017644664272665977 5200
1783179470479 0.012189357541501522 5201
1783179470583 0.11335371434688568 5202
1783179470671 0.07948634773492813 5203
1783179470717 0.008705426007509232 5204
1783179470751 0.012136111035943031 5205
1783179470757 0.05316217988729477 5206
1783179470806 0.0595235712826252 5207
1783179470813 0.14597457647323608 5208
1783179470819 0.052185118198394775 5209
1783179470824 0.030652116984128952 5210
1783179470830 0.08652286976575851 5211
1783179470836 0.20621216297149658 5212
1783179470842 0.0073296320624649525 5213
1783179470848 0.10493374615907669 5214
1783179470854 0.09252030402421951 5215
1783179470932 0.04446357116103172 5216
1783179470944 0.0020581858698278666 5217
1783179470948 0.21875451505184174 5218
1783179470955 0.05037882179021835 5219
1783179470961 0.0739947259426117 5220
1783179470967 0.016287270933389664 5221
1783179470973 0.023793481290340424 5222
1783179470978 0.056288138031959534 5223
1783179470985 0.17593567073345184 5224
1783179470997 0.0821138322353363 5225
1783179471009 0.012941974215209484 5226
1783179471030 0.12059392035007477 5227
1783179471086 0.132330060005188 5228
1783179471093 0.03408327326178551 5229
1783179471099 0.1433749496936798 5230
1783179471109 0.22098472714424133 5231
1783179471122 0.27221956849098206 5232
1783179471131 0.07517409324645996 5233
1783179471136 0.07135305553674698 5234
1783179471141 0.051287658512592316 5235
1783179471209 0.2237725406885147 5236
1783179471256 0.0655599907040596 5237
1783179471261 0.15922310948371887 5238
1783179471277 0.3326948583126068 5239
1783179471334 0.3267487585544586 5240
1783179471371 0.11200328171253204 5241
1783179471473 0.01961544156074524 5242
1783179471491 0.10643161833286285 5243
1783179471503 0.4431467652320862 5244
1783179471517 0.3609696328639984 5245
1783179471524 0.19793574512004852 5246
1783179471526 0.04674442857503891 5247
1783179471536 0.036513812839984894 5248
1783179471539 0.055390164256095886 5249
1783179471546 0.16222016513347626 5250
1783179471575 0.013698479160666466 5251
1783179471597 0.02399526536464691 5252
1783179471606 0.023280102759599686 5253
1783179471611 0.06572314351797104 5254
1783179471617 0.07119441777467728 5255
1783179471622 0.05691734701395035 5256
1783179471628 0.054298579692840576 5257
1783179471636 0.3377686142921448 5258
1783179471641 0.010912737809121609 5259
1783179471699 0.032370731234550476 5260
1783179471719 0.040144987404346466 5261
1783179471726 0.015503180213272572 5262
1783179471731 0.09929413348436356 5263
1783179471738 0.03919561207294464 5264
1783179471743 0.029217520728707314 5265
1783179471749 0.076256662607193 5266
1783179471756 0.3925199806690216 5267
1783179471758 0.3059747815132141 5268
1783179471764 0.03677288815379143 5269
1783179471770 0.013481556437909603 5270
1783179471773 0.06232845038175583 5271
1783179471778 0.05671409144997597 5272
1783179471785 0.18857437372207642 5273
1783179471790 0.21514089405536652 5274
1783179471795 0.43665173649787903 5275
1783179471798 0.31157878041267395 5276
1783179471804 0.22287523746490479 5277
1783179471836 0.0896407812833786 5278
1783179471841 0.009657569229602814 5279
1783179471848 0.14420825242996216 5280
1783179471852 0.021489519625902176 5281
1783179471859 0.044689856469631195 5282
1783179471865 0.043763767927885056 5283
1783179471870 0.0174711961299181 5284
1783179471877 0.11366593092679977 5285
1783179471880 0.0852024257183075 5286
1783179471886 0.15149497985839844 5287
1783179471891 0.06704717129468918 5288
1783179471898 0.041123200207948685 5289
1783179471904 0.048772431910037994 5290
1783179471910 0.1304614245891571 5291
1783179471916 0.08474596589803696 5292
1783179471923 0.054311152547597885 5293
1783179471925 0.021540503948926926 5294
1783179471929 0.144638791680336 5295
1783179471935 0.05533469468355179 5296
1783179471939 0.030570967122912407 5297
1783179471945 0.06320340931415558 5298
1783179471949 0.3485122323036194 5299
1783179471955 0.12290357798337936 5300
1783179471961 0.28298136591911316 5301
1783179471969 0.024627402424812317 5302
1783179472009 0.02475360780954361 5303
1783179472015 0.48050233721733093 5304
1783179472021 0.05860210210084915 5305
1783179472027 0.06508797407150269 5306
1783179472030 0.16452886164188385 5307
1783179472036 0.019528821110725403 5308
1783179472043 0.04369456321001053 5309
1783179472048 0.041995394974946976 5310
1783179472054 0.15361905097961426 5311
1783179472060 0.08483481407165527 5312
1783179472066 0.1429474949836731 5313
1783179472072 0.021093448624014854 5314
1783179472078 0.34496378898620605 5315
1783179472085 0.057801973074674606 5316
1783179472090 0.0530114471912384 5317
1783179472096 0.05679422616958618 5318
1783179472102 0.1876642256975174 5319
1783179472105 0.020499056205153465 5320
1783179472111 0.21319115161895752 5321
1783179472116 0.23587223887443542 5322
1783179472122 0.09554316103458405 5323
1783179472128 0.2088596075773239 5324
1783179472164 0.3845173120498657 5325
1783179472222 0.06092105060815811 5326
1783179472228 0.04344780743122101 5327
1783179472238 0.13074062764644623 5328
1783179472241 0.025822713971138 5329
1783179472247 0.11498532444238663 5330
1783179472255 0.13652493059635162 5331
1783179472261 0.17916816473007202 5332
1783179472268 0.08475054800510406 5333
1783179472273 0.08822659403085709 5334
1783179472279 0.20419612526893616 5335
1783179472285 0.10253141075372696 5336
1783179472290 0.1781231164932251 5337
1783179472293 0.107956163585186 5338
1783179472296 0.13965538144111633 5339
1783179472302 0.0963524580001831 5340
1783179472308 0.1381174772977829 5341
1783179472314 0.19218388199806213 5342
1783179472320 0.03381210193037987 5343
1783179472325 0.2564491629600525 5344
1783179472331 0.07055118680000305 5345
1783179472338 0.035252902656793594 5346
1783179472342 0.15896710753440857 5347
1783179472346 0.04130716994404793 5348
1783179472352 0.03245394676923752 5349
1783179472355 0.010805700905621052 5350
1783179472359 0.012079519219696522 5351
1783179472362 0.19340036809444427 5352
1783179472368 0.03485666587948799 5353
1783179472374 0.07610098272562027 5354
1783179472377 0.045377373695373535 5355
1783179472381 0.16194167733192444 5356
1783179472385 0.05047406256198883 5357
1783179472391 0.0550076961517334 5358
1783179472394 0.026026370003819466 5359
1783179472398 0.033910758793354034 5360
1783179472403 0.17584407329559326 5361
1783179472406 0.011143509298563004 5362
1783179472413 0.25067636370658875 5363
1783179472418 0.10266462713479996 5364
1783179472423 0.19646203517913818 5365
1783179472428 0.017701925709843636 5366
1783179472434 0.06326553970575333 5367
1783179472440 0.1591244637966156 5368
1783179472445 0.027470991015434265 5369
1783179472449 0.03551406413316727 5370
1783179472467 0.10349400341510773 5371
1783179472470 0.17281574010849 5372
1783179472475 0.04332612454891205 5373
1783179472481 0.05559280514717102 5374
1783179472495 0.06399717926979065 5375
1783179472499 0.10074307024478912 5376
1783179472502 0.03183720260858536 5377
1783179472506 0.005616215523332357 5378
1783179472514 0.016304856166243553 5379
1783179472517 0.027501732110977173 5380
1783179472520 0.012734652496874332 5381
1783179472525 0.34613633155822754 5382
1783179472531 0.17211779952049255 5383
1783179472537 0.01860220916569233 5384
1783179472543 0.29457226395606995 5385
1783179472548 0.02608717978000641 5386
1783179472555 0.01983623206615448 5387
1783179472561 0.038509953767061234 5388
1783179472663 0.14435727894306183 5389
1783179472764 0.19377855956554413 5390
1783179472867 0.10732726007699966 5391
1783179472969 0.162436842918396 5392
1783179473067 0.3280195891857147 5393
1783179473168 0.01993514597415924 5394
1783179473267 0.19753986597061157 5395
1783179473368 0.17297226190567017 5396
1783179473471 0.09726028144359589 5397
1783179473573 0.07794183492660522 5398
1783179473678 0.04486829787492752 5399
1783179473782 0.08328589797019958 5400
1783179473890 0.04340733215212822 5401
1783179473991 0.27478307485580444 5402
1783179474069 0.14508959650993347 5403
1783179474080 0.025221293792128563 5404
1783179474094 0.0967167392373085 5405
1783179474100 0.38331207633018494 5406
1783179474106 0.26697856187820435 5407
1783179474113 0.02290220558643341 5408
1783179474117 0.05451095849275589 5409
1783179474123 0.02308473363518715 5410
1783179474130 0.022318748757243156 5411
1783179474137 0.09191667288541794 5412
1783179474143 0.05352645739912987 5413
1783179474149 0.1346713751554489 5414
1783179474157 0.2343108057975769 5415
1783179474161 0.6027030944824219 5416
1783179474167 0.04137081652879715 5417
1783179474173 0.03306869789958 5418
1783179474179 0.26109766960144043 5419
1783179474189 0.02465870790183544 5420
1783179474204 0.03229549527168274 5421
1783179474211 0.15051652491092682 5422
1783179474217 0.027285808697342873 5423
1783179474223 0.04145967960357666 5424
1783179474229 0.1147468239068985 5425
1783179474234 0.08772198855876923 5426
1783179474239 0.03873297572135925 5427
1783179474242 0.02915261872112751 5428
1783179474246 0.0093540009111166 5429
1783179474254 0.0363282635807991 5430
1783179474259 0.08721309155225754 5431
1783179474270 0.07740304619073868 5432
1783179474288 0.12830094993114471 5433
1783179474314 0.013415142893791199 5434
1783179474320 0.23648566007614136 5435
1783179474326 0.25440582633018494 5436
1783179474333 0.038338594138622284 5437
1783179474340 0.005084940232336521 5438
1783179474357 0.008588442578911781 5439
1783179474361 0.1096489280462265 5440
1783179474367 0.00616998178884387 5441
1783179474374 0.10854963213205338 5442
1783179474379 0.05154687166213989 5443
1783179474388 0.027077993378043175 5444
1783179474392 0.030216209590435028 5445
1783179474395 0.05412407964468002 5446
1783179474400 0.10668850690126419 5447
1783179474408 0.05183711275458336 5448
1783179474414 0.04362863302230835 5449
1783179474421 0.04903184249997139 5450
1783179474429 0.05261214077472687 5451
1783179474433 0.07465110719203949 5452
1783179474439 0.2816564738750458 5453
1783179474444 0.1239241436123848 5454
1783179474447 0.05128319561481476 5455
1783179474451 0.0393463633954525 5456
1783179474457 0.12114214897155762 5457
1783179474459 0.16115377843379974 5458
1783179474463 0.04065306484699249 5459
1783179474466 0.0031788451597094536 5460
1783179474470 0.024697374552488327 5461
1783179474472 0.42837801575660706 5462
1783179474476 0.15499430894851685 5463
1783179474478 0.01095188595354557 5464
1783179474481 0.02834755927324295 5465
1783179474484 0.020210642367601395 5466
1783179474487 0.49697819352149963 5467
1783179474490 0.025483861565589905 5468
1783179474493 0.01751171052455902 5469
1783179474496 0.2545149028301239 5470
1783179474499 0.032453376799821854 5471
1783179474503 0.0955745056271553 5472
1783179474506 0.12096667289733887 5473
1783179474509 0.04258253797888756 5474
1783179474512 0.11880067735910416 5475
1783179474515 0.47639068961143494 5476
1783179474519 0.14097151160240173 5477
1783179474522 0.02675136923789978 5478
1783179474524 0.04604817181825638 5479
1783179474527 0.0998491570353508 5480
1783179474530 0.13683688640594482 5481
1783179474536 0.04237060993909836 5482
1783179474542 0.033700376749038696 5483
1783179474550 0.02103179134428501 5484
1783179474562 0.13794803619384766 5485
1783179474567 0.06146568804979324 5486
1783179474573 0.07464710623025894 5487
1783179474579 0.15419580042362213 5488
1783179474583 0.18574121594429016 5489
1783179474587 0.37352049350738525 5490
1783179474607 0.12345286458730698 5491
1783179474614 0.11383089423179626 5492
1783179474620 0.004364339634776115 5493
1783179474625 0.01062905602157116 5494
1783179474630 0.028375528752803802 5495
1783179474636 0.0457644984126091 5496
1783179474642 0.17473168671131134 5497
1783179474645 0.4284774661064148 5498
1783179474649 0.3463365137577057 5499
1783179474663 0.09196558594703674 5500
1783179474670 0.25196823477745056 5501
1783179474677 0.14231088757514954 5502
1783179474683 0.06674686074256897 5503
1783179474688 0.05377258360385895 5504
1783179474691 0.1250365823507309 5505
1783179474697 0.13849766552448273 5506
1783179474717 0.09325533360242844 5507
1783179474735 0.20475471019744873 5508
1783179474740 0.15376727283000946 5509
1783179474746 0.14359372854232788 5510
1783179474763 0.013403167016804218 5511
1783179474769 0.1279449462890625 5512
1783179474887 0.08016170561313629 5513
1783179475026 0.10534414649009705 5514
1783179475129 0.030090104788541794 5515
1783179475233 0.16089379787445068 5516
1783179475337 0.09267956018447876 5517
1783179475436 0.14268912374973297 5518
1783179475539 0.016016069799661636 5519
1783179475645 0.05738384649157524 5520
1783179475755 0.058574192225933075 5521
1783179475858 0.24404524266719818 5522
1783179475955 0.23890230059623718 5523
1783179476055 0.024674881249666214 5524
1783179476158 0.25928181409835815 5525
1783179476265 0.04123527929186821 5526
1783179476365 0.279922753572464 5527
1783179476465 0.033169135451316833 5528
1783179476553 0.017376720905303955 5529
1783179476595 0.11350622773170471 5530
1783179476613 0.010584180243313313 5531
1783179476622 0.49929916858673096 5532
1783179476656 0.26755398511886597 5533
1783179476661 0.24678121507167816 5534
1783179476757 0.11577744781970978 5535
1783179476859 0.10772275179624557 5536
1783179476961 0.010706051252782345 5537
1783179477077 0.10726907104253769 5538
1783179477097 0.07464846223592758 5539
1783179477105 0.011614239774644375 5540
1783179477109 0.12510907649993896 5541
1783179477114 0.0559491328895092 5542
1783179477156 0.027415981516242027 5543
1783179477161 0.12366744130849838 5544
1783179477166 0.05656306445598602 5545
1783179477174 0.08010183274745941 5546
1783179477179 0.21449002623558044 5547
1783179477186 0.01859860308468342 5548
1783179477192 0.13096559047698975 5549
1783179477199 0.038244299590587616 5550
1783179477210 0.0907052606344223 5551
1783179477214 0.5611904859542847 5552
1783179477222 0.09046266227960587 5553
1783179477229 0.022504890337586403 5554
1783179477234 0.03013266809284687 5555
1783179477325 0.14088231325149536 5556
1783179477331 0.2742782533168793 5557
1783179477337 0.34868744015693665 5558
1783179477343 0.03075774945318699 5559
1783179477349 0.24325233697891235 5560
1783179477355 0.12332745641469955 5561
1783179477361 0.04597489908337593 5562
1783179477367 0.07520628720521927 5563
1783179477373 0.23351970314979553 5564
1783179477378 0.1041218489408493 5565
1783179477385 0.09413944184780121 5566
1783179477390 0.25302085280418396 5567
1783179477396 0.0167160052806139 5568
1783179477452 0.21617762744426727 5569
1783179477511 0.03117806278169155 5570
1783179477522 0.18403151631355286 5571
1783179477526 0.08123300969600677 5572
1783179477627 0.07044678181409836 5573
1783179477729 0.02372029796242714 5574
1783179477749 0.05080980435013771 5575
1783179477755 0.00936872698366642 5576
1783179477763 0.2588742971420288 5577
1783179477862 0.03118092194199562 5578
1783179477886 0.36717143654823303 5579
1783179477988 0.09731770306825638 5580
1783179478081 0.07395698130130768 5581
1783179478185 0.3167153000831604 5582
1783179478228 0.21555045247077942 5583
1783179478322 0.09785874933004379 5584
1783179478422 0.21496155858039856 5585
1783179478520 0.1495877206325531 5586
1783179478531 0.020500481128692627 5587
1783179478536 0.145654559135437 5588
1783179478549 0.05102602019906044 5589
1783179478560 0.03043736331164837 5590
1783179478567 0.1537855863571167 5591
1783179478652 0.04512535035610199 5592
1783179478658 0.16104570031166077 5593
1783179478666 0.029107175767421722 5594
1783179478678 0.09017997235059738 5595
1783179478684 0.04704917594790459 5596
1783179478696 0.020889917388558388 5597
1783179478720 0.0675271525979042 5598
1783179478726 0.048856087028980255 5599
1783179478781 0.10808302462100983 5600
1783179478795 0.1280597746372223 5601
1783179478801 0.07851109653711319 5602
1783179478840 0.05495069921016693 5603
1783179478845 0.005615657195448875 5604
1783179478851 0.0884452611207962 5605
1783179478856 0.04383857175707817 5606
1783179478862 0.022689828649163246 5607
1783179478873 0.003117247484624386 5608
1783179478901 0.13379070162773132 5609
1783179478905 0.08303022384643555 5610
1783179478909 0.10386388003826141 5611
1783179478927 0.23858743906021118 5612
1783179478933 0.04930896311998367 5613
1783179478957 0.012947064824402332 5614
1783179478963 0.03649342060089111 5615
1783179478969 0.0375560000538826 5616
1783179478976 0.026877710595726967 5617
1783179479019 0.1603022664785385 5618
1783179479114 0.02145719900727272 5619
1783179479119 0.015832453966140747 5620
1783179479128 0.10138479620218277 5621
1783179479134 0.005904789082705975 5622
1783179479142 0.29506149888038635 5623
1783179479149 0.007315837312489748 5624
1783179483587 0.12358929216861725 5625
1783179483601 0.011338599026203156 5626
1783179483676 0.029510319232940674 5627
1783179483731 0.044897809624671936 5628
1783179483749 0.006397452671080828 5629
1783179483850 0.01330543588846922 5630
1783179483963 0.04562216252088547 5631
1783179484050 0.07548748701810837 5632
1783179484143 0.21668845415115356 5633
1783179484236 0.042701203376054764 5634
1783179484301 0.0797051265835762 5635
1783179484314 0.06680168956518173 5636
1783179484353 0.21491675078868866 5637
1783179484431 0.08263777196407318 5638
1783179484456 0.006989883724600077 5639
1783179484553 0.08976779878139496 5640
1783179484563 0.05022585391998291 5641
1783179484569 0.04743773490190506 5642
1783179484574 0.008992298506200314 5643
1783179484613 0.08442427963018417 5644
1783179484623 0.028861340135335922 5645
1783179484636 0.20268021523952484 5646
1783179484654 0.04024560749530792 5647
1783179484666 0.26356175541877747 5648
1783179484674 0.048519860953092575 5649
1783179484686 0.2647446095943451 5650
1783179484722 0.16064631938934326 5651
1783179484823 0.05288770794868469 5652
1783179484927 0.052717845886945724 5653
1783179484970 0.06423699855804443 5654
1783179485029 0.03481505811214447 5655
1783179485078 0.007180025801062584 5656
1783179485095 0.08542538434267044 5657
1783179485107 0.03631548956036568 5658
1783179485114 0.03137712553143501 5659
1783179485120 0.06785037368535995 5660
1783179485126 0.09178369492292404 5661
1783179485132 0.014136768877506256 5662
1783179485137 0.17283692955970764 5663
1783179485146 0.21538899838924408 5664
1783179485152 0.013902799226343632 5665
1783179485159 0.015063643455505371 5666
1783179485171 0.033865537494421005 5667
1783179485206 0.06802795827388763 5668
1783179485255 0.018364209681749344 5669
1783179485264 0.15793737769126892 5670
1783179485305 0.2801559865474701 5671
1783179485324 0.12339723110198975 5672
1783179485337 0.004503983072936535 5673
1783179485349 0.007116813212633133 5674
1783179485357 0.36876818537712097 5675
1783179485367 0.07958739995956421 5676
1783179485377 0.005038077011704445 5677
1783179485384 0.19264747202396393 5678
1783179485396 0.10491329431533813 5679
1783179485404 0.11748060584068298 5680
1783179485413 0.09034790843725204 5681
1783179485503 0.3862406313419342 5682
1783179485536 0.0491381511092186 5683
1783179485547 0.058641258627176285 5684
1783179485559 0.010011844336986542 5685
1783179485580 0.1255360096693039 5686
1783179485591 0.11399077624082565 5687
1783179485632 0.2061856985092163 5688
1783179485640 0.05354071781039238 5689
1783179485651 0.009051835164427757 5690
1783179485743 0.008464946411550045 5691
1783179485765 0.19796358048915863 5692
1783179485776 0.03913964703679085 5693
1783179485789 0.055400822311639786 5694
1783179485796 0.17213355004787445 5695
1783179485800 0.08785538375377655 5696
1783179485847 0.011035703122615814 5697
1783179485854 0.084321029484272 5698
1783179485860 0.003127882955595851 5699
1783179485895 0.06675565987825394 5700
1783179485993 0.05372622609138489 5701
1783179486087 0.2452084869146347 5702
1783179486191 0.051355212926864624 5703
1783179486293 0.0373009629547596 5704
1783179486397 0.03601786121726036 5705
1783179486497 0.1600809246301651 5706
1783179486559 0.114044189453125 5707
1783179486570 0.012421580031514168 5708
1783179486598 0.07587714493274689 5709
1783179486631 0.011618884280323982 5710
1783179486665 0.08756409585475922 5711
1783179486709 0.12325392663478851 5712
1783179486729 0.05299941077828407 5713
1783179486830 0.020699813961982727 5714
1783179486841 0.055914826691150665 5715
1783179486900 0.05305385962128639 5716
1783179486999 0.14949898421764374 5717
1783179487086 0.024358196184039116 5718
1783179487173 0.047552015632390976 5719
1783179487185 0.33813855051994324 5720
1783179487195 0.043627358973026276 5721
1783179487203 0.03339178115129471 5722
1783179487213 0.15907365083694458 5723
1783179487221 0.09506166726350784 5724
1783179487231 0.08377642184495926 5725
1783179487239 0.046444639563560486 5726
1783179487249 0.0867820605635643 5727
1783179487262 0.039082858711481094 5728
1783179487271 0.011013525538146496 5729
1783179487368 0.06799760460853577 5730
1783179487478 0.04555840045213699 5731
1783179487576 0.10430333763360977 5732
1783179487682 0.06760571151971817 5733
1783179487781 0.08330697566270828 5734
1783179487881 0.032014261931180954 5735
1783179487982 0.16969117522239685 5736
1783179488085 0.07171227037906647 5737
1783179488187 0.09898365288972855 5738
1783179488289 0.24338854849338531 5739
1783179488390 0.009666911326348782 5740
1783179488492 0.05385025590658188 5741
1783179488558 0.05964432284235954 5742
1783179488580 0.04212372750043869 5743
1783179488591 0.12421248108148575 5744
1783179488599 0.15452347695827484 5745
1783179488620 0.10198162496089935 5746
1783179488628 0.04384351521730423 5747
1783179488643 0.003925233613699675 5748
1783179488660 0.19707319140434265 5749
1783179488667 0.20062465965747833 5750
1783179488672 0.11927724629640579 5751
1783179488679 0.04152746498584747 5752
1783179488684 0.07878854125738144 5753
1783179488690 0.15281881392002106 5754
1783179488695 0.10164938867092133 5755
1783179488702 0.17151960730552673 5756
1783179488708 0.011709325015544891 5757
1783179488714 0.19359850883483887 5758
1783179488811 0.03407702594995499 5759
1783179488857 0.010157116688787937 5760
1783179488868 0.17972853779792786 5761
1783179488874 0.024683360010385513 5762
1783179488885 0.1255055069923401 5763
1783179488895 0.020275114104151726 5764
1783179488901 0.015633895993232727 5765
1783179488906 0.012910065241158009 5766
1783179488923 0.16635268926620483 5767
1783179488933 0.0030789077281951904 5768
1783179489004 0.11608324199914932 5769
1783179489062 0.15689045190811157 5770
1783179489092 0.012027856893837452 5771
1783179489144 0.2116243988275528 5772
1783179489162 0.10230094194412231 5773
1783179489259 0.2824721336364746 5774
1783179489285 0.1179632842540741 5775
1783179489327 0.027554355561733246 5776
1783179489339 0.02974008210003376 5777
1783179489358 0.05719723924994469 5778
1783179489372 0.010917631909251213 5779
1783179489380 0.03639155998826027 5780
1783179489401 0.051138781011104584 5781
1783179489451 0.034406960010528564 5782
1783179489556 0.008933667093515396 5783
1783179489569 0.2056930512189865 5784
1783179489589 0.09670048952102661 5785
1783179489599 0.08439579606056213 5786
1783179489609 0.024095434695482254 5787
1783179489617 0.04560508951544762 5788
1783179489627 0.1592358946800232 5789
1783179489635 0.009845990687608719 5790
1783179489640 0.09197881072759628 5791
1783179489659 0.031873513013124466 5792
1783179489670 0.007758707739412785 5793
1783179489731 0.03173312917351723 5794
1783179489744 0.12005624920129776 5795
1783179489754 0.012724027037620544 5796
1783179489759 0.1391531229019165 5797
1783179489766 0.19545647501945496 5798
1783179489772 0.03332425653934479 5799
1783179489781 0.07446807622909546 5800
1783179489791 0.07780969142913818 5801
1783179489804 0.4185745120048523 5802
1783179489811 0.2813388407230377 5803
1783179489820 0.025620456784963608 5804
1783179489828 0.04196254163980484 5805
1783179489841 0.011409472674131393 5806
1783179489856 0.03249634429812431 5807
1783179489867 0.01109983492642641 5808
1783179489912 0.14235085248947144 5809
1783179490021 0.029055381193757057 5810
1783179490060 0.1322295367717743 5811
1783179490082 0.0179925374686718 5812
1783179490167 0.10574613511562347 5813
1783179490175 0.052911143749952316 5814
1783179490181 0.04160751402378082 5815
1783179490194 0.03829171508550644 5816
1783179490286 0.06436848640441895 5817
1783179490340 0.05772969871759415 5818
1783179490446 0.01607106253504753 5819
1783179490541 0.010400475934147835 5820
1783179490644 0.012384365312755108 5821
1783179490735 0.00479909498244524 5822
1783179490823 0.06161743029952049 5823
1783179490916 0.09073402732610703 5824
1783179491016 0.06615684926509857 5825
1783179491121 0.05218573659658432 5826
1783179491217 0.12039098143577576 5827
1783179491315 0.09445001929998398 5828
1783179491370 0.028622975572943687 5829
1783179491383 0.04085872694849968 5830
1783179491478 0.09260402619838715 5831
1783179491568 0.0802573412656784 5832
1783179491623 0.022096507251262665 5833
1783179491629 0.07136809825897217 5834
1783179491635 0.02630624547600746 5835
1783179491642 0.1829645186662674 5836
1783179491675 0.05892413482069969 5837
1783179491761 0.021611487492918968 5838
1783179491789 0.010984969325363636 5839
1783179491902 0.47538578510284424 5840
1783179492002 0.04919826239347458 5841
1783179492100 0.01155676506459713 5842
1783179492202 0.030516233295202255 5843
1783179492299 0.017345517873764038 5844
1783179492399 0.2917177677154541 5845
1783179492498 0.04857686907052994 5846
1783179492601 0.022955305874347687 5847
1783179492697 0.18399614095687866 5848
1783179492797 0.026996511965990067 5849
1783179492901 0.04482292756438255 5850
1783179493004 0.06308911740779877 5851
1783179493102 0.01153635885566473 5852
1783179493197 0.019487256184220314 5853
1783179493297 0.04873190075159073 5854
1783179493334 0.0334615521132946 5855
1783179493430 0.017869696021080017 5856
1783179493498 0.18606851994991302 5857
1783179493505 0.029269548133015633 5858
1783179493546 0.03984760120511055 5859
1783179493579 0.0312541127204895 5860
1783179493683 0.047968875616788864 5861
1783179493768 0.005988961085677147 5862
1783179493773 0.011897210031747818 5863
1783179493785 0.004253683611750603 5864
1783179493790 0.12938891351222992 5865
1783179493805 0.13010871410369873 5866
1783179493909 0.060291774570941925 5867
1783179494009 0.1596958041191101 5868
1783179494055 0.13186001777648926 5869
1783179494116 0.03126879781484604 5870
1783179494131 0.11124026030302048 5871
1783179494145 0.22087188065052032 5872
1783179494223 0.0907677635550499 5873
1783179494247 0.06151079013943672 5874
1783179494252 0.10235418379306793 5875
1783179494259 0.027430303394794464 5876
1783179494264 0.028913114219903946 5877
1783179494271 0.009701165370643139 5878
1783179494276 0.11684419959783554 5879
1783179494282 0.20176032185554504 5880
1783179494288 0.07179902493953705 5881
1783179494294 0.1425892412662506 5882
1783179494299 0.00546546233817935 5883
1783179494344 0.17095327377319336 5884
1783179494355 0.08594813197851181 5885
1783179494362 0.05263165384531021 5886
1783179494368 0.11529941111803055 5887
1783179494379 0.2571985721588135 5888
1783179494385 0.12207698076963425 5889
1783179494392 0.049559224396944046 5890
1783179494398 0.009062898345291615 5891
1783179494405 0.04070186987519264 5892
1783179494410 0.08880959451198578 5893
1783179494416 0.04951604828238487 5894
1783179494422 0.16961735486984253 5895
1783179494429 0.07975153625011444 5896
1783179494472 0.037269022315740585 5897
1783179494495 0.15388548374176025 5898
1783179494499 0.22394675016403198 5899
1783179494504 0.021678876131772995 5900
1783179494510 0.03699994832277298 5901
1783179494516 0.03270285204052925 5902
1783179494522 0.041121240705251694 5903
1783179494528 0.08305524289608002 5904
1783179494535 0.06220237538218498 5905
1783179494541 0.012753138318657875 5906
1783179494577 0.11788056045770645 5907
1783179494616 0.07727443426847458 5908
1783179494623 0.07041451334953308 5909
1783179494700 0.11886939406394958 5910
1783179494709 0.24535635113716125 5911
1783179494725 0.016802264377474785 5912
1783179494769 0.028267983347177505 5913
1783179494852 0.09481648355722427 5914
1783179494861 0.17047715187072754 5915
1783179494895 0.06597720831632614 5916
1783179495007 0.08137544989585876 5917
1783179495096 0.04449901357293129 5918
1783179495189 0.05505073815584183 5919
1783179495292 0.11077680438756943 5920
1783179495390 0.3283575773239136 5921
1783179495494 0.01647806540131569 5922
1783179495542 0.08170988410711288 5923
1783179495628 0.030097858980298042 5924
1783179495731 0.2643330991268158 5925
1783179495829 0.06567743420600891 5926
1783179495925 0.18710385262966156 5927
1783179496020 0.024359794333577156 5928
1783179496026 0.04284869134426117 5929
1783179496033 0.017303967848420143 5930
1783179496044 0.019192665815353394 5931
1783179496051 0.18312372267246246 5932
1783179496057 0.2293943464756012 5933
1783179496062 0.030108800157904625 5934
1783179496068 0.050761230289936066 5935
1783179496075 0.10347946733236313 5936
1783179496095 0.2931104004383087 5937
1783179496101 0.10363420099020004 5938
1783179496107 0.12825775146484375 5939
1783179496112 0.033171866089105606 5940
1783179496119 0.0186191163957119 5941
1783179496125 0.12614765763282776 5942
1783179496132 0.09723597019910812 5943
1783179496136 0.11523998528718948 5944
1783179496241 0.040772803127765656 5945
1783179496351 0.06638497114181519 5946
1783179496457 0.03207095339894295 5947
1783179496560 0.09888836741447449 5948
1783179496610 0.006909247022122145 5949
1783179496616 0.10168873518705368 5950
1783179496622 0.28480973839759827 5951
1783179496628 0.09486906975507736 5952
1783179496634 0.03238270431756973 5953
1783179496641 0.012388516217470169 5954
1783179496646 0.009329528547823429 5955
1783179496699 0.16620971262454987 5956
1783179496726 0.018156029284000397 5957
1783179496831 0.03217950090765953 5958
1783179496932 0.013543760403990746 5959
1783179496977 0.13398420810699463 5960
1783179496987 0.03933302313089371 5961
1783179497007 0.01138832326978445 5962
1783179497020 0.0129424799233675 5963
1783179497024 0.10927516967058182 5964
1783179497029 0.005483133718371391 5965
1783179497035 0.21019494533538818 5966
1783179497041 0.2477935552597046 5967
1783179497047 0.12015751749277115 5968
1783179497059 0.035491153597831726 5969
1783179497139 0.008347111754119396 5970
1783179497224 0.12808865308761597 5971
1783179497231 0.040181852877140045 5972
1783179497334 0.0034417174756526947 5973
1783179497430 0.007661750074476004 5974
1783179497533 0.06062847375869751 5975
1783179497637 0.04056542366743088 5976
1783179497743 0.01993403211236 5977
1783179497853 0.011269080452620983 5978
1783179497893 0.18358704447746277 5979
1783179497990 0.08545909821987152 5980
1783179497998 0.1201905682682991 5981
1783179498029 0.015812527388334274 5982
1783179498041 0.017705386504530907 5983
1783179498045 0.19107037782669067 5984
1783179498053 0.04885884001851082 5985
1783179498056 0.08527151495218277 5986
1783179498148 0.025831202045083046 5987
1783179498183 0.05659700557589531 5988
1783179498188 0.01594812422990799 5989
1783179498194 0.01855108141899109 5990
1783179498200 0.04629005119204521 5991
1783179498219 0.06735942512750626 5992
1783179498225 0.1452343612909317 5993
1783179498231 0.02395201474428177 5994
1783179498261 0.008243268355727196 5995
1783179498266 0.04470684379339218 5996
1783179498272 0.030226489529013634 5997
1783179498284 0.018752777948975563 5998
1783179498297 0.006989038083702326 5999
1783179498302 0.04642690345644951 6000
1783179498397 0.05658208578824997 6001
1783179498493 0.12234769016504288 6002
1783179498596 0.03485044091939926 6003
1783179498691 0.1573815643787384 6004
1783179498789 0.07481665909290314 6005
1783179498889 0.02559666708111763 6006
1783179498982 0.03198970481753349 6007
1783179499074 0.07914350926876068 6008
1783179499151 0.010706332512199879 6009
1783179499164 0.029252929612994194 6010
1783179499171 0.009883170947432518 6011
1783179499225 0.15444733202457428 6012
1783179499231 0.04702675715088844 6013
1783179499237 0.03984961658716202 6014
1783179499335 0.038482122123241425 6015
1783179499345 0.07474080473184586 6016
1783179499356 0.003238537348806858 6017
1783179499374 0.014867010526359081 6018
1783179499380 0.022547386586666107 6019
1783179499386 0.02944176085293293 6020
1783179499392 0.33504167199134827 6021
1783179499398 0.06208910048007965 6022
1783179499494 0.035163167864084244 6023
1783179499567 0.03490390628576279 6024
1783179499662 0.0670597180724144 6025
1783179499737 0.04054063558578491 6026
1783179499839 0.0039047906175255775 6027
1783179499866 0.0915462076663971 6028
1783179499872 0.035422731190919876 6029
1783179499876 0.037176113575696945 6030
1783179499879 0.03588137403130531 6031
1783179499884 0.17357411980628967 6032
1783179499889 0.1668214648962021 6033
1783179499896 0.0385320745408535 6034
1783179499901 0.029088366776704788 6035
1783179499906 0.35831278562545776 6036
1783179499913 0.11881456524133682 6037
1783179499918 0.04609622433781624 6038
1783179499926 0.0597587525844574 6039
1783179499931 0.0050919572822749615 6040
1783179499935 0.1465531289577484 6041
1783179499975 0.012252433225512505 6042
1783179499979 0.10152345895767212 6043
1783179499984 0.01300461683422327 6044
1783179499991 0.008981247432529926 6045
1783179499997 0.003232017159461975 6046
1783179500000 0.05324177443981171 6047
1783179500005 0.04579928144812584 6048
1783179500014 0.04979649558663368 6049
1783179500018 0.010411917231976986 6050
1783179500024 0.0032996630761772394 6051
1783179500030 0.022502901032567024 6052
1783179500036 0.1629267781972885 6053
1783179500042 0.2865879237651825 6054
1783179500048 0.07308666408061981 6055
1783179500054 0.10363069176673889 6056
1783179500060 0.0395059771835804 6057
1783179500065 0.007846596650779247 6058
1783179500071 0.09570407122373581 6059
1783179500077 0.031211379915475845 6060
1783179500083 0.22963355481624603 6061
1783179500086 0.2829597294330597 6062
1783179500092 0.02857670746743679 6063
1783179500097 0.02482866682112217 6064
1783179500103 0.02785998210310936 6065
1783179500109 0.03601286932826042 6066
1783179500115 0.04234858974814415 6067
1783179500121 0.2081397920846939 6068
1783179500128 0.0104328328743577 6069
1783179500134 0.08547332137823105 6070
1783179500146 0.16677513718605042 6071
1783179500151 0.08732163906097412 6072
1783179500158 0.11626985669136047 6073
1783179500258 0.37427106499671936 6074
1783179500352 0.12635596096515656 6075
1783179500394 0.030714314430952072 6076
1783179500493 0.14606508612632751 6077
1783179500590 0.4526144862174988 6078
1783179500688 0.06623537093400955 6079
1783179500773 0.10105421394109726 6080
1783179500867 0.0417623333632946 6081
1783179500964 0.12040775269269943 6082
1783179501062 0.07054397463798523 6083
1783179501156 0.023733241483569145 6084
1783179501184 0.05542976036667824 6085
1783179501201 0.08581221848726273 6086
1783179501213 0.02756832167506218 6087
1783179501273 0.0011029308661818504 6088
1783179501286 0.3089083433151245 6089
1783179501304 0.03368590027093887 6090
1783179501321 0.11497309803962708 6091
1783179501331 0.063025563955307 6092
1783179501350 0.019980719313025475 6093
1783179501356 0.08689460903406143 6094
1783179501365 0.3020917773246765 6095
1783179501380 0.015233646146953106 6096
1783179501490 0.1831895411014557 6097
1783179501584 0.03152569755911827 6098
1783179501639 0.20453143119812012 6099
1783179501744 0.07053910195827484 6100
1783179501765 0.14456698298454285 6101
1783179501771 0.31045985221862793 6102
1783179501775 0.3984113931655884 6103
1783179501781 0.18011635541915894 6104
1783179501794 0.21258315443992615 6105
1783179501801 0.1668047457933426 6106
1783179501811 0.37478676438331604 6107
1783179501853 0.03069130703806877 6108
1783179501862 0.031905073672533035 6109
1783179501964 0.009746192954480648 6110
1783179502051 0.010837624780833721 6111
1783179502063 0.004646758548915386 6112
1783179502076 0.12180136144161224 6113
1783179502080 0.03084651380777359 6114
1783179502088 0.056804582476615906 6115
1783179502099 0.1301964968442917 6116
1783179502106 0.07308293879032135 6117
1783179502112 0.011954814195632935 6118
1783179502117 0.024647653102874756 6119
1783179502192 0.4464246332645416 6120
1783179502199 0.06016426160931587 6121
1783179502211 0.29244720935821533 6122
1783179502213 0.08352993428707123 6123
1783179502239 0.13065601885318756 6124
1783179502244 0.09782259911298752 6125
1783179502259 0.018633417785167694 6126
1783179502265 0.028706515207886696 6127
1783179502270 0.05624588951468468 6128
1783179502276 0.04932916909456253 6129
1783179502279 0.019121335819363594 6130
1783179502283 0.09797520935535431 6131
1783179502289 0.13973277807235718 6132
1783179502296 0.14919760823249817 6133
1783179502304 0.0628959909081459 6134
1783179502316 0.14971700310707092 6135
1783179502323 0.10230472683906555 6136
1783179502329 0.08633260428905487 6137
1783179502335 0.13666732609272003 6138
1783179502341 0.03804413974285126 6139
1783179502347 0.07926212251186371 6140
1783179502353 0.012849145568907261 6141
1783179502366 0.033045295625925064 6142
1783179502450 0.08006049692630768 6143
1783179502515 0.012329118326306343 6144
1783179502526 0.01368058379739523 6145
1783179502575 0.13720011711120605 6146
1783179502585 0.08294212818145752 6147
1783179502591 0.1109578013420105 6148
1783179502599 0.00893394649028778 6149
1783179502607 0.033606767654418945 6150
1783179502617 0.038021232932806015 6151
1783179502624 0.03312312811613083 6152
1783179502630 0.13025765120983124 6153
1783179502641 0.007966684177517891 6154
1783179502648 0.09484028816223145 6155
1783179502654 0.1349341869354248 6156
1783179502686 0.0067574805580079556 6157
1783179502694 0.26056337356567383 6158
1783179502701 0.029843119904398918 6159
1783179502715 0.16189756989479065 6160
1783179502749 0.10956937819719315 6161
1783179502829 0.044106706976890564 6162
1783179502841 0.012099319137632847 6163
1783179502855 0.026179037988185883 6164
1783179502889 0.1436031609773636 6165
1783179502896 0.013928771950304508 6166
1783179502902 0.027601445093750954 6167
1783179502962 0.15074652433395386 6168
1783179502968 0.07611742615699768 6169
1783179502972 0.18994177877902985 6170
1783179502978 0.28179505467414856 6171
1783179502984 0.041864410042762756 6172
1783179502990 0.040184102952480316 6173
1783179502996 0.006766270846128464 6174
1783179503022 0.018974099308252335 6175
1783179503067 0.04283740371465683 6176
1783179503078 0.00164203648455441 6177
1783179503084 0.022269733250141144 6178
1783179503089 0.00930465292185545 6179
1783179503097 0.15096352994441986 6180
1783179503101 0.21610240638256073 6181
1783179503110 0.0788351446390152 6182
1783179503118 0.019297949969768524 6183
1783179503124 0.021634548902511597 6184
1783179503130 0.010134702548384666 6185
1783179503138 0.1489216834306717 6186
1783179503149 0.014874056912958622 6187
1783179503191 0.04881184175610542 6188
1783179503196 0.028174299746751785 6189
1783179503202 0.08845397084951401 6190
1783179503208 0.04421244189143181 6191
1783179503214 0.2434152364730835 6192
1783179503222 0.09570404887199402 6193
1783179503226 0.0645403042435646 6194
1783179503233 0.16334150731563568 6195
1783179503244 0.18637049198150635 6196
1783179503252 0.038226086646318436 6197
1783179503258 0.06491173803806305 6198
1783179503264 0.052476916462183 6199
1783179503269 0.1977473795413971 6200
1783179503274 0.02390286885201931 6201
1783179503361 0.007136499974876642 6202
1783179503454 0.08371175825595856 6203
1783179503561 0.12154402583837509 6204
1783179503667 0.0400695763528347 6205
1783179503762 0.1544361561536789 6206
1783179503863 0.013476318679749966 6207
1783179503965 0.11623876541852951 6208
1783179504060 0.04619089514017105 6209
1783179504158 0.11814997345209122 6210
1783179504277 0.36134931445121765 6211
1783179504385 0.07846071571111679 6212
1783179504487 0.16463728249073029 6213
1783179504592 0.055254995822906494 6214
1783179504696 0.007063472643494606 6215
1783179504793 0.021485766395926476 6216
1783179504892 0.12516185641288757 6217
1783179504999 0.05601564049720764 6218
1783179505104 0.06301435828208923 6219
1783179505203 0.14665187895298004 6220
1783179505305 0.16319788992404938 6221
1783179505407 0.37643611431121826 6222
1783179505509 0.21959473192691803 6223
1783179505613 0.07254065573215485 6224
1783179505725 0.09746405482292175 6225
1783179505824 0.14861150085926056 6226
1783179505928 0.054173391312360764 6227
1783179506029 0.0775018110871315 6228
1783179506130 0.04823363944888115 6229
1783179506137 0.01346920058131218 6230
1783179506145 0.028182510286569595 6231
1783179506151 0.041187070310115814 6232
1783179506158 0.20496369898319244 6233
1783179506163 0.01123906672000885 6234
1783179506169 0.11150769889354706 6235
1783179506176 0.1168236956000328 6236
1783179506223 0.006155696231871843 6237
1783179506235 0.03926798328757286 6238
1783179506240 0.06369549036026001 6239
1783179506246 0.02218792960047722 6240
1783179506252 0.025559067726135254 6241
1783179506259 0.004075539764016867 6242
1783179506275 0.017729900777339935 6243
1783179506282 0.23403507471084595 6244
1783179506289 0.03035946935415268 6245
1783179506295 0.03248905390501022 6246
1783179506302 0.23600611090660095 6247
1783179506307 0.006187657359987497 6248
1783179506314 0.007624759338796139 6249
1783179506416 0.004754466935992241 6250
1783179506424 0.06744278222322464 6251
1783179506450 0.0314578115940094 6252
1783179506457 0.012838843278586864 6253
1783179506463 0.145246222615242 6254
1783179506469 0.1421327143907547 6255
1783179506475 0.057968880981206894 6256
1783179506481 0.08650501072406769 6257
1783179506487 0.05720795691013336 6258
1783179506495 0.019887037575244904 6259
1783179506500 0.02089785784482956 6260
1783179506506 0.0479707196354866 6261
1783179506519 0.09407060593366623 6262
1783179506527 0.11157623678445816 6263
1783179506538 0.009781572967767715 6264
1783179506599 0.3171709477901459 6265
1783179506604 0.037008706480264664 6266
1783179506608 0.11951003223657608 6267
1783179506617 0.11654908955097198 6268
1783179506623 0.08619764447212219 6269
1783179506632 0.006426685955375433 6270
1783179506652 0.0628950223326683 6271
1783179506659 0.013897423632442951 6272
1783179506721 0.01719437539577484 6273
1783179506726 0.006391276605427265 6274
1783179506736 0.1887938529253006 6275
1783179506742 0.09268760681152344 6276
1783179506749 0.02638620138168335 6277
1783179506796 0.08350326865911484 6278
1783179506802 0.0982876569032669 6279
1783179506807 0.019117988646030426 6280
1783179506814 0.04095099866390228 6281
1783179506819 0.040910329669713974 6282
1783179506825 0.06981782615184784 6283
1783179506832 0.07750821858644485 6284
1783179506837 0.08729536086320877 6285
1783179506842 0.014939503744244576 6286
1783179506846 0.058121632784605026 6287
1783179506852 0.023240836337208748 6288
1783179506858 0.09140857309103012 6289
1783179506920 0.04347044229507446 6290
1783179506927 0.2400103211402893 6291
1783179506939 0.0612468495965004 6292
1783179506950 0.014281480573117733 6293
1783179506957 0.060110364109277725 6294
1783179506969 0.35166943073272705 6295
1783179506975 0.04313201084733009 6296
1783179506981 0.05924943462014198 6297
1783179507079 0.012333505786955357 6298
1783179507104 0.06286114454269409 6299
1783179507110 0.08522280305624008 6300
1783179507124 0.33666861057281494 6301
1783179507126 0.020879101008176804 6302
1783179507135 0.024658527225255966 6303
1783179507139 0.06421350687742233 6304
1783179507144 0.013389981351792812 6305
1783179507244 0.0022812511306256056 6306
1783179507251 0.046094994992017746 6307
1783179507256 0.1315382421016693 6308
1783179507298 0.34740597009658813 6309
1783179507303 0.16820921003818512 6310
1783179507309 0.019664177671074867 6311
1783179507321 0.24276074767112732 6312
1783179507326 0.1424819678068161 6313
1783179507335 0.04460619390010834 6314
1783179507341 0.11663933843374252 6315
1783179507345 0.0014677364379167557 6316
1783179507353 0.054952554404735565 6317
1783179507361 0.13916483521461487 6318
1783179507405 0.3871303200721741 6319
1783179507413 0.08569993823766708 6320
1783179507419 0.11479711532592773 6321
1783179507424 0.04696220904588699 6322
1783179507448 0.09657672792673111 6323
1783179507460 0.20545294880867004 6324
1783179507471 0.13483121991157532 6325
1783179507565 0.04935464635491371 6326
1783179507599 0.08908942341804504 6327
1783179507626 0.07217873632907867 6328
1783179507637 0.016536423936486244 6329
1783179507644 0.17120346426963806 6330
1783179507649 0.015847085043787956 6331
1783179507656 0.053570155054330826 6332
1783179507662 0.0708102360367775 6333
1783179507706 0.08445624262094498 6334
1783179507712 0.019221723079681396 6335
1783179507718 0.05758468806743622 6336
1783179507723 0.018741484731435776 6337
1783179507730 0.018774215131998062 6338
1783179507752 0.027138305827975273 6339
1783179507856 0.05045197531580925 6340
1783179507958 0.05202655494213104 6341
1783179508060 0.14002522826194763 6342
1783179508161 0.15832793712615967 6343
1783179508261 0.21977055072784424 6344
1783179508365 0.1904466301202774 6345
1783179508471 0.015083923935890198 6346
1783179508571 0.009917124174535275 6347
1783179508653 0.048631105571985245 6348
1783179508751 0.06456345319747925 6349
1783179508771 0.06418242305517197 6350
1783179508776 0.009199731051921844 6351
1783179508781 0.12172355502843857 6352
1783179508784 0.03731511905789375 6353
1783179508792 0.1486707478761673 6354
1783179508914 0.24185654520988464 6355
1783179508939 0.07732901722192764 6356
1783179508955 0.1082354485988617 6357
1783179508975 0.15530513226985931 6358
1783179509075 0.054345935583114624 6359
1783179509115 0.0666336864233017 6360
1783179509122 0.0086292689666152 6361
1783179509221 0.0161276962608099 6362
1783179509321 0.0058975825086236 6363
1783179509336 0.215680330991745 6364
1783179509345 0.013156630098819733 6365
1783179509438 0.004222368821501732 6366
1783179509538 0.05543125420808792 6367
1783179509636 0.07883332669734955 6368
1783179509727 0.033177450299263 6369
1783179509821 0.06532703340053558 6370
1783179509927 0.16272211074829102 6371
1783179510021 0.026514556258916855 6372
1783179510125 0.010715603828430176 6373
1783179510218 0.025276849046349525 6374
1783179510319 0.14042115211486816 6375
1783179510458 0.247318297624588 6376
1783179510462 0.05842294171452522 6377
1783179510473 0.007350125815719366 6378
1783179510480 0.2669605612754822 6379
1783179510486 0.08138879388570786 6380
1783179510493 0.06272696703672409 6381
1783179510498 0.018987536430358887 6382
1783179510504 0.042694300413131714 6383
1783179510511 0.09034104645252228 6384
1783179510518 0.26635217666625977 6385
1783179510523 0.010025465860962868 6386
1783179510530 0.005954523105174303 6387
1783179510539 0.06830020993947983 6388
1783179510546 0.14446686208248138 6389
1783179510563 0.034736014902591705 6390
1783179510600 0.11965624988079071 6391
1783179510605 0.023873116821050644 6392
1783179510612 0.04512031003832817 6393
1783179510659 0.09149564057588577 6394
1783179510683 0.004472371656447649 6395
1783179510697 0.18724407255649567 6396
1783179510790 0.022821160033345222 6397
1783179510875 0.19572974741458893 6398
1783179510899 0.17751376330852509 6399
1783179510913 0.04317610710859299 6400
1783179510920 0.15882356464862823 6401
1783179510926 0.15674960613250732 6402
1783179510934 0.0025319394189864397 6403
1783179510942 0.044458553194999695 6404
1783179510948 0.02234867587685585 6405
1783179510954 0.04179179668426514 6406
1783179510971 0.1336001455783844 6407
1783179510980 0.15449346601963043 6408
1783179511003 0.00805045384913683 6409
1783179511009 0.12659169733524323 6410
1783179511027 0.10504254698753357 6411
1783179511038 0.3205721378326416 6412
1783179511043 0.1063069999217987 6413
1783179511050 0.026354636996984482 6414
1783179511055 0.020534740760922432 6415
1783179511063 0.28219473361968994 6416
1783179511073 0.01956450566649437 6417
1783179511111 0.16796277463436127 6418
1783179511123 0.17528627812862396 6419
1783179511187 0.07346714287996292 6420
1783179511194 0.24712254106998444 6421
1783179511200 0.4400124251842499 6422
1783179511206 0.04121650382876396 6423
1783179511212 0.062332987785339355 6424
1783179511218 0.02835582196712494 6425
1783179511224 0.050686076283454895 6426
1783179511229 0.006572484038770199 6427
1783179511241 0.017371028661727905 6428
1783179511248 0.07342743873596191 6429
1783179511254 0.04256545007228851 6430
1783179511260 0.15721158683300018 6431
1783179511271 0.012868328019976616 6432
1783179511278 0.02074708789587021 6433
1783179511284 0.06853710114955902 6434
1783179511321 0.09258441627025604 6435
1783179511327 0.0177902951836586 6436
1783179511332 0.004808139521628618 6437
1783179511338 0.01732242852449417 6438
1783179511343 0.038387686014175415 6439
1783179511350 0.013357953168451786 6440
1783179511355 0.0734100416302681 6441
1783179511362 0.04730227589607239 6442
1783179511373 0.1423080712556839 6443
1783179511387 0.10610684007406235 6444
1783179511394 0.002788304351270199 6445
1783179511405 0.059825599193573 6446
1783179511445 0.005585128907114267 6447
1783179511453 0.014082970097661018 6448
1783179511457 0.06872398406267166 6449
1783179511464 0.009627852588891983 6450
1783179511469 0.04749200865626335 6451
1783179511476 0.29477134346961975 6452
1783179511481 0.044499292969703674 6453
1783179511488 0.02904733270406723 6454
1783179511493 0.01033790037035942 6455
1783179511500 0.008852136321365833 6456
1783179511512 0.06005759537220001 6457
1783179511523 0.01379992626607418 6458
1783179511529 0.14941589534282684 6459
1783179511536 0.13678446412086487 6460
1783179511546 0.025684911757707596 6461
1783179511574 0.011669700033962727 6462
1783179511579 0.020124219357967377 6463
1783179511590 0.36165252327919006 6464
1783179511597 0.09814056754112244 6465
1783179511615 0.007273802533745766 6466
1783179511625 0.10466662049293518 6467
1783179511637 0.09413568675518036 6468
1783179511643 0.03223099559545517 6469
1783179511650 0.23060941696166992 6470
1783179511656 0.0027084248140454292 6471
1783179511662 0.029484540224075317 6472
1783179511673 0.03617039695382118 6473
1783179511685 0.2363375574350357 6474
1783179511698 0.04278280586004257 6475
1783179511703 0.08712862432003021 6476
1783179511710 0.0701921284198761 6477
1783179511720 0.004133019130676985 6478
1783179511727 0.10594476014375687 6479
1783179511734 0.20730268955230713 6480
1783179511759 0.35947513580322266 6481
1783179511764 0.026558881625533104 6482
1783179511771 0.0594898983836174 6483
1783179511776 0.006670081522315741 6484
1783179511783 0.06494665890932083 6485
1783179511789 0.05670762434601784 6486
1783179511795 0.14735844731330872 6487
1783179511852 0.012418122962117195 6488
1783179511870 0.09731008857488632 6489
1783179511877 0.06395583599805832 6490
1783179511883 0.009390568360686302 6491
1783179511889 0.0758717730641365 6492
1783179511895 0.0154113145545125 6493
1783179511898 0.3618728518486023 6494
1783179511904 0.3495551347732544 6495
1783179511907 0.010626283474266529 6496
1783179511910 0.037668660283088684 6497
1783179511913 0.300550639629364 6498
1783179511919 0.040463920682668686 6499
1783179511923 0.0751204639673233 6500
1783179511929 0.005496936850249767 6501
1783179511989 0.006444070488214493 6502
1783179511997 0.01376686803996563 6503
1783179512003 0.05690527334809303 6504
1783179512009 0.19904854893684387 6505
1783179512014 0.3631959557533264 6506
1783179512037 0.021432287991046906 6507
1783179512043 0.13743071258068085 6508
1783179512070 0.16421420872211456 6509
1783179512075 0.06649782508611679 6510
1783179512081 0.04892368242144585 6511
1783179512087 0.0219272468239069 6512
1783179512093 0.01195435505360365 6513
1783179512117 0.0938662514090538 6514
1783179512126 0.034101951867341995 6515
1783179512135 0.20390987396240234 6516
1783179512141 0.17897076904773712 6517
1783179512146 0.04880520701408386 6518
1783179512153 0.11212383955717087 6519
1783179512158 0.01054337713867426 6520
1783179512164 0.10925255715847015 6521
1783179512170 0.03706005588173866 6522
1783179512176 0.049446795135736465 6523
1783179512182 0.08583709597587585 6524
1783179512188 0.018142474815249443 6525
1783179512194 0.1491723358631134 6526
1783179512200 0.02521296590566635 6527
1783179512264 0.04567302390933037 6528
1783179512352 0.08705778419971466 6529
1783179512358 0.14819444715976715 6530
1783179512365 0.04355097934603691 6531
1783179512370 0.04557554051280022 6532
1783179512377 0.28415998816490173 6533
1783179512389 0.057253386825323105 6534
1783179512423 0.02868562750518322 6535
1783179512428 0.149987131357193 6536
1783179512440 0.18818211555480957 6537
1783179512447 0.1444648653268814 6538
1783179512458 0.08754570037126541 6539
1783179512500 0.1111735999584198 6540
1783179512533 0.3380512595176697 6541
1783179512538 0.026477349922060966 6542
1783179512544 0.16937117278575897 6543
1783179512550 0.13998852670192719 6544
1783179512557 0.13938982784748077 6545
1783179512564 0.03932000696659088 6546
1783179512570 0.15528717637062073 6547
1783179512576 0.2632884383201599 6548
1783179512580 0.14764916896820068 6549
1783179512586 0.05202604830265045 6550
1783179512592 0.1538013517856598 6551
1783179512598 0.3003723621368408 6552
1783179512604 0.017625560984015465 6553
1783179512610 0.16763685643672943 6554
1783179512617 0.04218984395265579 6555
1783179512628 0.050811782479286194 6556
1783179512634 0.0582931824028492 6557
1783179512640 0.13774670660495758 6558
1783179512645 0.105657659471035 6559
1783179512653 0.11464623361825943 6560
1783179512678 0.0561874657869339 6561
1783179512693 0.08406360447406769 6562
1783179512706 0.10474998503923416 6563
1783179512809 0.14795520901679993 6564
1783179512910 0.09366042912006378 6565
1783179513015 0.01470026932656765 6566
1783179513111 0.07689080387353897 6567
1783179513222 0.03985268995165825 6568
1783179513316 0.03292842209339142 6569
1783179513371 0.020600877702236176 6570
1783179513394 0.05124906077980995 6571
1783179513410 0.05797640606760979 6572
1783179513429 0.12901674211025238 6573
1783179513441 0.15608957409858704 6574
1783179513451 0.032108504325151443 6575
1783179513461 0.023883044719696045 6576
1783179513566 0.015772802755236626 6577
1783179513677 0.024237176403403282 6578
1783179513781 0.12636923789978027 6579
1783179513867 0.11964980512857437 6580
1783179513951 0.04728316515684128 6581
1783179514035 0.11315806955099106 6582
1783179514063 0.11306397616863251 6583
1783179514068 0.17892569303512573 6584
1783179514086 0.023391038179397583 6585
1783179514090 0.03288941830396652 6586
1783179514097 0.019994430243968964 6587
1783179514195 0.08781548589468002 6588
1783179514209 0.16201549768447876 6589
1783179514219 0.14231805503368378 6590
1783179514239 0.07790834456682205 6591
1783179514247 0.018689488992094994 6592
1783179514260 0.0818907842040062 6593
1783179514267 0.07664983719587326 6594
1783179514273 0.06898516416549683 6595
1783179514284 0.039030399173498154 6596
1783179514290 0.02001405693590641 6597
1783179514297 0.1623537689447403 6598
1783179514301 0.013114076107740402 6599
1783179514308 0.1590408831834793 6600
1783179514313 0.02424786239862442 6601
1783179514320 0.011762046255171299 6602
1783179514326 0.200608029961586 6603
1783179514330 0.08532460033893585 6604
1783179514336 0.11808646470308304 6605
1783179514342 0.07257596403360367 6606
1783179514348 0.04134892672300339 6607
1783179514356 0.21438276767730713 6608
1783179514362 0.007253090851008892 6609
1783179514368 0.15577559173107147 6610
1783179514378 0.42485418915748596 6611
1783179514385 0.012470860965549946 6612
1783179514390 0.25286591053009033 6613
1783179514397 0.2034800946712494 6614
1783179514402 0.027215411886572838 6615
1783179514420 0.09988801926374435 6616
1783179514448 0.05827920511364937 6617
1783179514477 0.07375972718000412 6618
1783179514568 0.33485689759254456 6619
1783179514658 0.10842899978160858 6620
1783179514669 0.266070157289505 6621
1783179514702 0.016529444605112076 6622
1783179514723 0.15169508755207062 6623
1783179514785 0.030455835163593292 6624
1783179514873 0.32719501852989197 6625
1783179514883 0.08275376260280609 6626
1783179514892 0.06818253546953201 6627
1783179514900 0.10128781199455261 6628
1783179514949 0.5373374819755554 6629
1783179515004 0.10464520007371902 6630
1783179515008 0.20847465097904205 6631
1783179515015 0.07016410678625107 6632
1783179515023 0.06265965849161148 6633
1783179515028 0.01030320767313242 6634
1783179515035 0.029394853860139847 6635
1783179515043 0.03984696418046951 6636
1783179515052 0.22095493972301483 6637
1783179515059 0.06261289864778519 6638
1783179515140 0.09162230044603348 6639
1783179515151 0.14436586201190948 6640
1783179515158 0.016601810231804848 6641
1783179515168 0.017369790002703667 6642
1783179515180 0.07978937774896622 6643
1783179515195 0.021796736866235733 6644
1783179515202 0.03065621666610241 6645
1783179515215 0.19675986468791962 6646
1783179515226 0.09632962942123413 6647
1783179515254 0.18801569938659668 6648
1783179515261 0.14071480929851532 6649
1783179515267 0.07562655210494995 6650
1783179515274 0.05738883838057518 6651
1783179515279 0.04580077901482582 6652
1783179515287 0.020472263917326927 6653
1783179515298 0.24652507901191711 6654
1783179515305 0.30596762895584106 6655
1783179515330 0.1688823699951172 6656
1783179515358 0.009344432502985 6657
1783179515451 0.012150004506111145 6658
1783179515458 0.09394371509552002 6659
1783179515464 0.02332253009080887 6660
1783179515469 0.023767350241541862 6661
1783179515476 0.37252017855644226 6662
1783179515481 0.07727178931236267 6663
1783179515495 0.25072598457336426 6664
1783179515502 0.04730476066470146 6665
1783179515509 0.11683236807584763 6666
1783179515518 0.01878228783607483 6667
1783179515524 0.046686332672834396 6668
1783179515531 0.053295087069272995 6669
1783179515537 0.01236657239496708 6670
1783179515547 0.023753782734274864 6671
1783179515568 0.20540420711040497 6672
1783179515588 0.1362852156162262 6673
1783179515681 0.0137867396697402 6674
1783179515694 0.08984498679637909 6675
1783179515789 0.05677890032529831 6676
1783179515891 0.06349979341030121 6677
1783179515991 0.020330816507339478 6678
1783179516091 0.10556155443191528 6679
1783179516192 0.0049961283802986145 6680
1783179516306 0.2220778614282608 6681
1783179516416 0.18582330644130707 6682
1783179516518 0.05960650369524956 6683
1783179516617 0.03055660054087639 6684
1783179516701 0.004968983121216297 6685
1783179516712 0.02983781136572361 6686
1783179516746 0.0193052738904953 6687
1783179516755 0.04812334477901459 6688
1783179516764 0.2397773712873459 6689
1783179516771 0.00810875091701746 6690
1783179516777 0.16059564054012299 6691
1783179516827 0.026576220989227295 6692
1783179516848 0.06180889531970024 6693
1783179516877 0.15037226676940918 6694
1783179516927 0.01991300657391548 6695
1783179516939 0.048433322459459305 6696
1783179516946 0.09064582735300064 6697
1783179516950 0.04465597867965698 6698
1783179516958 0.03583730384707451 6699
1783179516962 0.1207110583782196 6700
1783179516968 0.1663796454668045 6701
1783179516974 0.017315249890089035 6702
1783179516981 0.0015278920764103532 6703
1783179516985 0.014812150038778782 6704
1783179516992 0.23428022861480713 6705
1783179516998 0.07364161312580109 6706
1783179517010 0.030984509736299515 6707
1783179517017 0.027663014829158783 6708
1783179517028 0.046161193400621414 6709
1783179517039 0.12028466165065765 6710
1783179517110 0.04144594073295593 6711
1783179517115 0.013438217341899872 6712
1783179517146 0.05703752487897873 6713
1783179517163 0.1547565758228302 6714
1783179517168 0.03646799549460411 6715
1783179517174 0.04951365292072296 6716
1783179517179 0.21082918345928192 6717
1783179517198 0.0544351227581501 6718
1783179517211 0.04344845935702324 6719
1783179517215 0.016999879851937294 6720
1783179517232 0.19783556461334229 6721
1783179517241 0.12644334137439728 6722
1783179517258 0.04950210824608803 6723
1783179517267 0.07593827694654465 6724
1783179517275 0.016181014478206635 6725
1783179517286 0.24690662324428558 6726
1783179517294 0.04241854324936867 6727
1783179517299 0.00784018449485302 6728
1783179517305 0.017285041511058807 6729
1783179517311 0.15301595628261566 6730
1783179517317 0.04232199862599373 6731
1783179517324 0.22355350852012634 6732
1783179517329 0.08849137276411057 6733
1783179517336 0.017697246745228767 6734
1783179517343 0.26102811098098755 6735
1783179517368 0.21123918890953064 6736
1783179517375 0.07436463236808777 6737
1783179517380 0.16908103227615356 6738
1783179517480 0.004351108334958553 6739
1783179517490 0.004806326702237129 6740
1783179517495 0.08059631288051605 6741
1783179517510 0.14210698008537292 6742
1783179517519 0.15359851717948914 6743
1783179517619 0.3130686581134796 6744
1783179517659 0.1460118591785431 6745
1783179517675 0.042138420045375824 6746
1783179517763 0.06050970405340195 6747
1783179517796 0.03024597465991974 6748
1783179517806 0.1501770317554474 6749
1783179517813 0.1647179275751114 6750
1783179517825 0.026959626004099846 6751
1783179517845 0.009931602515280247 6752
1783179517857 0.007376961410045624 6753
1783179517864 0.17988969385623932 6754
1783179517872 0.006781822070479393 6755
1783179517902 0.0669211596250534 6756
1783179517920 0.3109661042690277 6757
1783179517934 0.05864742025732994 6758
1783179518030 0.03151298686861992 6759
1783179518037 0.053943898528814316 6760
1783179518060 0.42745983600616455 6761
1783179518152 0.01151726208627224 6762
1783179518169 0.0472891740500927 6763
1783179518195 0.022037744522094727 6764
1783179518213 0.09880121052265167 6765
1783179518253 0.04030754417181015 6766
1783179518265 0.030540965497493744 6767
1783179518279 0.05610967054963112 6768
1783179518295 0.09170135110616684 6769
1783179518302 0.04784156009554863 6770
1783179518314 0.06343849748373032 6771
1783179518320 0.0652749091386795 6772
1783179518358 0.12076617777347565 6773
1783179518383 0.0391063317656517 6774
1783179518390 0.009425271302461624 6775
1783179518398 0.015183558687567711 6776
1783179518410 0.011602016165852547 6777
1783179518423 0.04010339081287384 6778
1783179518450 0.15976813435554504 6779
1783179518458 0.07416769862174988 6780
1783179518468 0.07240959256887436 6781
1783179518480 0.08957426249980927 6782
1783179518494 0.0521501824259758 6783
1783179518501 0.19912728667259216 6784
1783179518507 0.028625238686800003 6785
1783179518513 0.025204049423336983 6786
1783179518519 0.017578864470124245 6787
1783179518525 0.2183043658733368 6788
1783179518532 0.04506939277052879 6789
1783179518543 0.011036278679966927 6790
1783179518549 0.011376298032701015 6791
1783179518598 0.22462885081768036 6792
1783179518617 0.05717639997601509 6793
1783179518640 0.010282153263688087 6794
1783179518654 0.10139649361371994 6795
1783179518664 0.015866614878177643 6796
1783179518671 0.06423815339803696 6797
1783179518677 0.02663952112197876 6798
1783179518684 0.013159476220607758 6799
1783179518690 0.024862563237547874 6800
1783179518697 0.09483730792999268 6801
1783179518707 0.059052422642707825 6802
1783179518716 0.01821400411427021 6803
1783179518726 0.011079274117946625 6804
1783179518731 0.021012362092733383 6805
1783179518739 0.029339732602238655 6806
1783179518749 0.18145358562469482 6807
1783179518757 0.016871387138962746 6808
1783179518767 0.07203904539346695 6809
1783179518778 0.06450731307268143 6810
1783179518789 0.024689022451639175 6811
1783179518801 0.08167669922113419 6812
1783179518810 0.11015982925891876 6813
1783179518817 0.05537159740924835 6814
1783179518846 0.2209058701992035 6815
1783179518854 0.026847045868635178 6816
1783179518858 0.24932730197906494 6817
1783179518866 0.17224431037902832 6818
1783179518872 0.29805701971054077 6819
1783179518879 0.014219998382031918 6820
1783179518885 0.24933059513568878 6821
1783179518892 0.09938619285821915 6822
1783179518897 0.0415671207010746 6823
1783179518902 0.024874329566955566 6824
1783179518908 0.14795900881290436 6825
1783179518917 0.17217209935188293 6826
1783179518927 0.05835263058543205 6827
1783179518935 0.050870463252067566 6828
1783179518946 0.06354229897260666 6829
1783179518953 0.016829615458846092 6830
1783179518959 0.056838154792785645 6831
1783179518965 0.04195012152194977 6832
1783179518990 0.006595191545784473 6833
1783179519000 0.11137457937002182 6834
1783179519014 0.056231625378131866 6835
1783179519021 0.011732630431652069 6836
1783179519051 0.026262624189257622 6837
1783179519074 0.0882580578327179 6838
1783179519155 0.10988254845142365 6839
1783179519172 0.01670796051621437 6840
1783179519208 0.007339537609368563 6841
1783179519219 0.04152873530983925 6842
1783179519260 0.19181780517101288 6843
1783179519283 0.03424477204680443 6844
1783179519291 0.012724327854812145 6845
1783179519296 0.06527204066514969 6846
1783179519309 0.028320003300905228 6847
1783179519340 0.012549115344882011 6848
1783179519350 0.006056355312466621 6849
1783179519356 0.08980994671583176 6850
1783179519368 0.02767450176179409 6851
1783179519407 0.4201979339122772 6852
1783179519430 0.07453135401010513 6853
1783179519441 0.1543101668357849 6854
1783179519459 0.056108638644218445 6855
1783179519524 0.2233954668045044 6856
1783179519583 0.05270753055810928 6857
1783179519590 0.02317182533442974 6858
1783179519597 0.13187456130981445 6859
1783179519602 0.054963305592536926 6860
1783179519701 0.07752960920333862 6861
1783179519714 0.0181282926350832 6862
1783179519733 0.3049391210079193 6863
1783179519739 0.06036040931940079 6864
1783179519746 0.028860408812761307 6865
1783179519752 0.0663493201136589 6866
1783179519758 0.10635874420404434 6867
1783179519764 0.04025636985898018 6868
1783179519770 0.045442547649145126 6869
1783179519776 0.07866515219211578 6870
1783179519783 0.11476274579763412 6871
1783179519787 0.05869739130139351 6872
1783179519794 0.027799924835562706 6873
1783179519799 0.08782969415187836 6874
1783179519806 0.018382202833890915 6875
1783179519812 0.12867704033851624 6876
1783179519818 0.0267607681453228 6877
1783179519825 0.011475900188088417 6878
1783179519830 0.007172629237174988 6879
1783179519841 0.02678482048213482 6880
1783179519853 0.06766258925199509 6881
1783179519859 0.046794820576906204 6882
1783179519864 0.010432027280330658 6883
1783179519871 0.11731454730033875 6884
1783179519877 0.06225830316543579 6885
1783179519881 0.01753867045044899 6886
1783179519888 0.00487163569778204 6887
1783179519895 0.022101789712905884 6888
1783179519901 0.07264969497919083 6889
1783179519908 0.13314948976039886 6890
1783179519913 0.1482905000448227 6891
1783179519919 0.05642170086503029 6892
1783179519924 0.0332256481051445 6893
1783179519929 0.14239773154258728 6894
1783179519941 0.08222683519124985 6895
1783179519958 0.04863296449184418 6896
1783179519971 0.07235496491193771 6897
1783179520006 0.014767195098102093 6898
1783179520038 0.026096146553754807 6899
1783179520058 0.028549039736390114 6900
1783179520069 0.01744488626718521 6901
1783179520083 0.028088506311178207 6902
1783179520088 0.0910937637090683 6903
1783179520095 0.020190918818116188 6904
1783179520101 0.09006869792938232 6905
1783179520165 0.0639629140496254 6906
1783179520250 0.12260150164365768 6907
1783179520342 0.09249681979417801 6908
1783179520442 0.02951447106897831 6909
1783179520542 0.006820346228778362 6910
1783179520621 0.04053518921136856 6911
1783179520628 0.014745840802788734 6912
1783179520634 0.04233040660619736 6913
1783179520639 0.04927126690745354 6914
1783179520645 0.37820446491241455 6915
1783179520650 0.006174801848828793 6916
1783179520663 0.33076170086860657 6917
1783179520678 0.7667378783226013 6918
1783179520715 0.10737971216440201 6919
1783179520738 0.09799422323703766 6920
1783179520784 0.1308772712945938 6921
1783179520870 0.040796466171741486 6922
1783179520957 0.13397228717803955 6923
1783179521056 0.014713973738253117 6924
1783179521161 0.26615241169929504 6925
1783179521177 0.02809390239417553 6926
1783179521185 0.039960186928510666 6927
1783179521198 0.036867041140794754 6928
1783179521211 0.06674320250749588 6929
1783179521216 0.0035018774215132 6930
1783179521233 0.06961216032505035 6931
1783179521240 0.03543277084827423 6932
1783179521252 0.01663757860660553 6933
1783179521265 0.06067114323377609 6934
1783179521276 0.00967383198440075 6935
1783179521369 0.013454307802021503 6936
1783179521376 0.04351281747221947 6937
1783179521382 0.015111910179257393 6938
1783179521389 0.10144927352666855 6939
1783179521398 0.058866437524557114 6940
1783179521499 0.026707584038376808 6941
1783179521600 0.08590773493051529 6942
1783179521633 0.11345035582780838 6943
1783179521645 0.019581718370318413 6944
1783179521666 0.015294112265110016 6945
1783179521745 0.052344467490911484 6946
1783179521750 0.006364368833601475 6947
1783179521850 0.1454712599515915 6948
1783179521916 0.09864979237318039 6949
1783179521934 0.10156075656414032 6950
1783179521954 0.06764139235019684 6951
1783179521978 0.06163306534290314 6952
1783179521988 0.048781752586364746 6953
1783179522007 0.07539653778076172 6954
1783179522023 0.03335406258702278 6955
1783179522029 0.0659673735499382 6956
1783179522048 0.06715594977140427 6957
1783179522059 0.13340836763381958 6958
1783179522065 0.020386233925819397 6959
1783179522072 0.22179940342903137 6960
1783179522115 0.06459487974643707 6961
1783179522172 0.018668459728360176 6962
1783179522178 0.09697313606739044 6963
1783179522183 0.2528877556324005 6964
1783179522198 0.05514726787805557 6965
1783179522223 0.18377935886383057 6966
1783179522251 0.053470052778720856 6967
1783179522299 0.0185910165309906 6968
1783179522389 0.07740406692028046 6969
1783179522483 0.16745524108409882 6970
1783179522522 0.01090150699019432 6971
1783179522538 0.21444709599018097 6972
1783179522642 0.13275793194770813 6973
1783179522698 0.004155311733484268 6974
1783179522719 0.034952498972415924 6975
1783179522764 0.011268308386206627 6976
1783179522792 0.04857802391052246 6977
1783179522815 0.01011754758656025 6978
1783179522843 0.023889215663075447 6979
1783179522867 0.032376229763031006 6980
1783179522916 0.01863281801342964 6981
1783179522936 0.07208429276943207 6982
1783179522942 0.16587983071804047 6983
1783179522952 0.02914135716855526 6984
1783179522959 0.00489846570417285 6985
1783179523053 0.029229402542114258 6986
1783179523155 0.2624456584453583 6987
1783179523184 0.07299917936325073 6988
1783179523230 0.03565641865134239 6989
1783179523245 0.03451412916183472 6990
1783179523265 0.07047638297080994 6991
1783179523278 0.10212699323892593 6992
1783179523294 0.008776236325502396 6993
1783179523347 0.014179282821714878 6994
1783179523371 0.005108670797199011 6995
1783179523377 0.25934168696403503 6996
1783179523383 0.003976103849709034 6997
1783179523388 0.06152289733290672 6998
1783179523395 0.05306459963321686 6999
1783179523403 0.049638815224170685 7000
1783179523436 0.030859537422657013 7001
1783179523442 0.19820857048034668 7002
1783179523450 0.052399277687072754 7003
1783179523495 0.10556880384683609 7004
1783179523505 0.12709122896194458 7005
1783179523514 0.10858851671218872 7006
1783179523518 0.02877587266266346 7007
1783179523525 0.040277015417814255 7008
1783179523538 0.026860030367970467 7009
1783179523546 0.06757395714521408 7010
1783179523564 0.004204041324555874 7011
1783179523619 0.045807067304849625 7012
1783179523632 0.0188454557210207 7013
1783179523654 0.40058425068855286 7014
1783179523683 0.08689863979816437 7015
1783179523697 0.04881519824266434 7016
1783179523713 0.016412382945418358 7017
1783179523719 0.02977539785206318 7018
1783179523731 0.25307223200798035 7019
1783179523832 0.027568094432353973 7020
1783179523857 0.014263124205172062 7021
1783179523870 0.18676142394542694 7022
1783179523876 0.00859768409281969 7023
1783179523887 0.18592068552970886 7024
1783179523922 0.001689733238890767 7025
1783179523931 0.018860820680856705 7026
1783179523989 0.20090648531913757 7027
1783179523998 0.08631240576505661 7028
1783179524010 0.02046241983771324 7029
1783179524107 0.11825834214687347 7030
1783179524179 0.27960753440856934 7031
1783179524185 0.023699931800365448 7032
1783179524191 0.28529536724090576 7033
1783179524197 0.019337328150868416 7034
1783179524259 0.14493723213672638 7035
1783179524279 0.033372387290000916 7036
1783179524315 0.013272691518068314 7037
1783179524372 0.1733379065990448 7038
1783179524405 0.039356738328933716 7039
1783179524418 0.06546997278928757 7040
1783179524460 0.08664976060390472 7041
1783179524469 0.15894950926303864 7042
1783179524523 0.02942521870136261 7043
1783179524606 0.12152361124753952 7044
1783179524620 0.16976653039455414 7045
1783179524703 0.03240549564361572 7046
1783179524710 0.030226249247789383 7047
1783179524716 0.10373006016016006 7048
1783179524722 0.0899287611246109 7049
1783179524728 0.24150438606739044 7050
1783179524733 0.02855004370212555 7051
1783179524739 0.07783033698797226 7052
1783179524824 0.023093994706869125 7053
1783179524836 0.02693982981145382 7054
1783179524884 0.09090257436037064 7055
1783179524896 0.10719063878059387 7056
1783179524902 0.012821318581700325 7057
1783179524908 0.08518829941749573 7058
1783179524944 0.059998709708452225 7059
1783179525000 0.01235277857631445 7060
1783179525047 0.4039434790611267 7061
1783179525073 0.0028393100947141647 7062
1783179525173 0.057740066200494766 7063
1783179525204 0.02832827717065811 7064
1783179525229 0.1522408425807953 7065
1783179525249 0.10178029537200928 7066
1783179525296 0.08821894973516464 7067
1783179525317 0.07952786237001419 7068
1783179525322 0.08160709589719772 7069
1783179525427 0.04319971054792404 7070
1783179525497 0.20652137696743011 7071
1783179525580 0.2803238332271576 7072
1783179525684 0.018976498395204544 7073
1783179525791 0.05635392293334007 7074
1783179525894 0.623556911945343 7075
1783179525999 0.06330519914627075 7076
1783179526102 0.007474153768271208 7077
1783179526202 0.4074644446372986 7078
1783179526306 0.3195032477378845 7079
1783179526393 0.06772787868976593 7080
1783179526417 0.2601134181022644 7081
1783179526422 0.018813252449035645 7082
1783179526427 0.03963586315512657 7083
1783179526435 0.16096225380897522 7084
1783179526438 0.030071474611759186 7085
1783179526445 0.006719906814396381 7086
1783179526451 0.18815070390701294 7087
1783179526457 0.04623011499643326 7088
1783179526462 0.16200262308120728 7089
1783179526476 0.3286612331867218 7090
1783179526498 0.16434980928897858 7091
1783179526506 0.1664205640554428 7092
1783179526512 0.06499330699443817 7093
1783179526519 0.0800217017531395 7094
1783179526524 0.0492061972618103 7095
1783179526530 0.08095332235097885 7096
1783179526538 0.2195151448249817 7097
1783179526544 0.04764748737215996 7098
1783179526549 0.4245595633983612 7099
1783179526553 0.046245042234659195 7100
1783179526558 0.237588569521904 7101
1783179526563 0.005974210798740387 7102
1783179526571 0.16303253173828125 7103
1783179526579 0.02559460513293743 7104
1783179526593 0.12124767154455185 7105
1783179526602 0.0063326661475002766 7106
1783179526623 0.0697735846042633 7107
1783179526634 0.09710624814033508 7108
1783179526639 0.08254039287567139 7109
1783179526645 0.07476283609867096 7110
1783179526653 0.1722738891839981 7111
1783179526659 0.5111179947853088 7112
1783179526666 0.04059678316116333 7113
1783179526670 0.018723923712968826 7114
1783179526676 0.07104998826980591 7115
1783179526684 0.16344428062438965 7116
1783179526690 0.06469955295324326 7117
1783179526696 0.05444267392158508 7118
1783179526702 0.1855296790599823 7119
1783179526733 0.19967244565486908 7120
1783179526738 0.20769436657428741 7121
1783179526745 0.1650029718875885 7122
1783179526750 0.03420334681868553 7123
1783179526757 0.22910910844802856 7124
1783179526763 0.04661262780427933 7125
1783179526769 0.023734107613563538 7126
1783179526829 0.04360329732298851 7127
1783179526835 0.004669559188187122 7128
1783179526937 0.0655662938952446 7129
1783179527037 0.01727902889251709 7130
1783179527126 0.023039741441607475 7131
1783179527139 0.028521409258246422 7132
1783179527147 0.030538111925125122 7133
1783179527164 0.07973702251911163 7134
1783179527263 0.04781638830900192 7135
1783179527362 0.4231533110141754 7136
1783179527418 0.010409964248538017 7137
1783179527425 0.11511847376823425 7138
1783179527440 0.21058204770088196 7139
1783179527444 0.08420608937740326 7140
1783179527459 0.1475910097360611 7141
1783179527471 0.13861340284347534 7142
1783179527478 0.31316515803337097 7143
1783179527545 0.19846893846988678 7144
1783179527589 0.28440842032432556 7145
1783179527622 0.1451178789138794 7146
1783179527627 0.12330737709999084 7147
1783179527638 0.007343880832195282 7148
1783179527644 0.018636004999279976 7149
1783179527683 0.09818865358829498 7150
1783179527785 0.2471485435962677 7151
1783179527881 0.04771461710333824 7152
1783179527903 0.21216408908367157 7153
1783179527906 0.04347663372755051 7154
1783179527913 0.057980578392744064 7155
1783179527918 0.07235231250524521 7156
1783179527945 0.2830181121826172 7157
1783179527955 0.170888289809227 7158
1783179527968 0.027936790138483047 7159
1783179527982 0.010373098775744438 7160
1783179527989 0.05748557299375534 7161
1783179528057 0.09297559410333633 7162
1783179528063 0.053088076412677765 7163
1783179528068 0.024770252406597137 7164
1783179528080 0.03103777952492237 7165
1783179528087 0.050447557121515274 7166
1783179528093 0.03166031837463379 7167
1783179528100 0.08656586706638336 7168
1783179528171 0.03878403827548027 7169
1783179528179 0.11813516914844513 7170
1783179528189 0.06080009788274765 7171
1783179528194 0.01364501565694809 7172
1783179528207 0.017605029046535492 7173
1783179528214 0.007160774897783995 7174
1783179528218 0.05822557583451271 7175
1783179528239 0.02185266837477684 7176
1783179528337 0.008010751567780972 7177
1783179528411 0.0428578145802021 7178
1783179528418 0.019675521180033684 7179
1783179528423 0.010658866725862026 7180
1783179528432 0.058198876678943634 7181
1783179528436 0.19569651782512665 7182
1783179528441 0.05559419095516205 7183
1783179528449 0.055804502218961716 7184
1783179528452 0.010222548618912697 7185
1783179528458 0.011892793700098991 7186
1783179528465 0.16587293148040771 7187
1783179528471 0.0336860828101635 7188
1783179528477 0.018442032858729362 7189
1783179528485 0.06536240875720978 7190
1783179528488 0.01881268061697483 7191
1783179528494 0.018905870616436005 7192
1783179528500 0.16459126770496368 7193
1783179528507 0.22731076180934906 7194
1783179528513 0.003146537346765399 7195
1783179528518 0.10716110467910767 7196
1783179528525 0.008566961623728275 7197
1783179528531 0.009696203283965588 7198
1783179528536 0.007971655577421188 7199
1783179528544 0.0970434620976448 7200
1783179528549 0.09100118279457092 7201
1783179528565 0.3421173393726349 7202
1783179528577 0.11411575973033905 7203
1783179528589 0.26359403133392334 7204
1783179528596 0.01677846349775791 7205
1783179528601 0.06641291826963425 7206
1783179528607 0.16749556362628937 7207
1783179528614 0.19971062242984772 7208
1783179528714 0.02799317054450512 7209
1783179528753 0.007850537076592445 7210
1783179528760 0.008477982133626938 7211
1783179528874 0.027988886460661888 7212
1783179528966 0.012019223533570766 7213
1783179529075 0.159318745136261 7214
1783179529170 0.14355799555778503 7215
1783179529271 0.013425543904304504 7216
1783179529370 0.10922140628099442 7217
1783179529455 0.0560942143201828 7218
1783179529544 0.1558641642332077 7219
1783179529638 0.06125103309750557 7220
1783179529740 0.03391217812895775 7221
1783179529831 0.00998678244650364 7222
1783179529932 0.06331942230463028 7223
1783179530023 0.2677071690559387 7224
1783179530109 0.03459063917398453 7225
1783179530208 0.15019115805625916 7226
1783179530303 0.21972967684268951 7227
1783179530414 0.005034901201725006 7228
1783179530506 0.014571948908269405 7229
1783179530606 0.215985506772995 7230
1783179530707 0.13455051183700562 7231
1783179530798 0.37942105531692505 7232
1783179530874 0.016502603888511658 7233
1783179530880 0.02997179701924324 7234
1783179530887 0.1169065609574318 7235
1783179530892 0.2198081761598587 7236
1783179530904 0.019103819504380226 7237
1783179530912 0.33730414509773254 7238
1783179530941 0.0463564358651638 7239
1783179530946 0.1149955689907074 7240
1783179530952 0.03527059406042099 7241
1783179530958 0.03461657837033272 7242
1783179530964 0.002035308163613081 7243
1783179530970 0.12800024449825287 7244
1783179530976 0.06464637815952301 7245
1783179530982 0.1763637512922287 7246
1783179530988 0.21436519920825958 7247
1783179530994 0.4238656759262085 7248
1783179531000 0.010685909539461136 7249
1783179531005 0.166421040892601 7250
1783179531012 0.1378476321697235 7251
1783179531019 0.040805213153362274 7252
1783179531024 0.02719094231724739 7253
1783179531030 0.011103113181889057 7254
1783179531036 0.025029068812727928 7255
1783179531042 0.08179159462451935 7256
1783179531048 0.024268999695777893 7257
1783179531054 0.009158712811768055 7258
1783179531060 0.008332000114023685 7259
1783179531066 0.03093039244413376 7260
1783179531072 0.008707674220204353 7261
1783179531078 0.03270565718412399 7262
1783179531089 0.2673851549625397 7263
1783179531096 0.05631781741976738 7264
1783179531102 0.20462554693222046 7265
1783179531108 0.3627387285232544 7266
1783179531114 0.20275820791721344 7267
1783179531120 0.40089547634124756 7268
1783179531126 0.050728801637887955 7269
1783179531132 0.12661345303058624 7270
1783179531138 0.2418237328529358 7271
1783179531144 0.0651310384273529 7272
1783179531150 0.4016321301460266 7273
1783179531162 0.02303982339799404 7274
1783179531221 0.02551785483956337 7275
1783179531321 0.050872400403022766 7276
1783179531378 0.503553569316864 7277
1783179531427 0.11096812784671783 7278
1783179531439 0.04346546158194542 7279
1783179531445 0.02915780246257782 7280
1783179531456 0.08223942667245865 7281
1783179531463 0.072365902364254 7282
1783179531470 0.06670352071523666 7283
1783179531476 0.04832369461655617 7284
1783179531482 0.01144007034599781 7285
1783179531493 0.18426819145679474 7286
1783179531499 0.04420172795653343 7287
1783179531523 0.0277877114713192 7288
1783179531535 0.04602683335542679 7289
1783179531541 0.1198325902223587 7290
1783179531547 0.11530337482690811 7291
1783179531553 0.03342697396874428 7292
1783179531559 0.05769319459795952 7293
1783179531565 0.017729967832565308 7294
1783179531571 0.025151945650577545 7295
1783179531577 0.15615183115005493 7296
1783179531603 0.017990486696362495 7297
1783179531607 0.13022808730602264 7298
1783179531614 0.28807368874549866 7299
1783179531625 0.10728615522384644 7300
1783179531631 0.017346516251564026 7301
1783179531638 0.04913464933633804 7302
1783179531644 0.2877250909805298 7303
1783179531650 0.016288498416543007 7304
1783179531656 0.1501159369945526 7305
1783179531672 0.012651050463318825 7306
1783179531679 0.11757946014404297 7307
1783179531687 0.03313640505075455 7308
1783179531693 0.020128939300775528 7309
1783179531793 0.3876013159751892 7310
1783179531894 0.11957833170890808 7311
1783179532005 0.030601434409618378 7312
1783179532110 0.024905407801270485 7313
1783179532218 0.06001970171928406 7314
1783179532321 0.023373520001769066 7315
1783179532425 0.06620535999536514 7316
1783179532531 0.29804161190986633 7317
1783179532546 0.1319570243358612 7318
1783179532570 0.04003430902957916 7319
1783179532625 0.36860060691833496 7320
1783179532720 0.23727713525295258 7321
1783179532749 0.1740936040878296 7322
1783179532762 0.06407477706670761 7323
1783179532780 0.041020918637514114 7324
1783179532795 0.12149374932050705 7325
1783179532807 0.18569470942020416 7326
1783179532819 0.14556780457496643 7327
1783179532828 0.07367648929357529 7328
1783179532837 0.12521947920322418 7329
1783179532846 0.03169538080692291 7330
1783179532858 0.05758364498615265 7331
1783179532863 0.1161939948797226 7332
1783179532870 0.01584179699420929 7333
1783179532972 0.37276002764701843 7334
1783179533077 0.11089258641004562 7335
1783179533187 0.04013935476541519 7336
1783179533271 0.005017693154513836 7337
1783179533342 0.034754328429698944 7338
1783179533351 0.0989309698343277 7339
1783179533361 0.40234678983688354 7340
1783179533366 0.05580446869134903 7341
1783179533376 0.013826169073581696 7342
1783179533472 0.03226491063833237 7343
1783179533492 0.056409068405628204 7344
1783179533509 0.054601769894361496 7345
1783179533520 0.010699493810534477 7346
1783179533592 0.1046464741230011 7347
1783179533622 0.047778330743312836 7348
1783179533631 0.10224990546703339 7349
1783179533646 0.17340132594108582 7350
1783179533736 0.04699032008647919 7351
1783179533820 0.010786941275000572 7352
1783179533831 0.043499190360307693 7353
1783179533848 0.004758637864142656 7354
1783179533867 0.012861346825957298 7355
1783179533886 0.16508597135543823 7356
1783179533893 0.032676488161087036 7357
1783179533899 0.0064413598738610744 7358
1783179533942 0.01779363863170147 7359
1783179533953 0.010618639178574085 7360
1783179533958 0.20007440447807312 7361
1783179533977 0.040346886962652206 7362
1783179534005 0.06421837210655212 7363
1783179534014 0.199750155210495 7364
1783179534023 0.15500585734844208 7365
1783179534126 0.0256981011480093 7366
1783179534186 0.14084391295909882 7367
1783179534193 0.17688201367855072 7368
1783179534198 0.042651258409023285 7369
1783179534206 0.05977361276745796 7370
1783179534210 0.07358060777187347 7371
1783179534217 0.08756694942712784 7372
1783179534222 0.030491681769490242 7373
1783179534228 0.2547844350337982 7374
1783179534235 0.010809935629367828 7375
1783179534241 0.023232776671648026 7376
1783179534246 0.11817604303359985 7377
1783179534252 0.05614295229315758 7378
1783179534259 0.015940740704536438 7379
1783179534264 0.0680260956287384 7380
1783179534366 0.16679500043392181 7381
1783179534441 0.14600031077861786 7382
1783179534540 0.011606080457568169 7383
1783179534633 0.10678260028362274 7384
1783179534726 0.05372865870594978 7385
1783179534812 0.012789652682840824 7386
1783179534919 0.038965873420238495 7387
1783179535006 0.045536547899246216 7388
1783179535082 0.0068085407838225365 7389
1783179535171 0.06836318224668503 7390
1783179535267 0.11674899607896805 7391
1783179535365 0.02428138256072998 7392
1783179535467 0.11119747906923294 7393
1783179535566 0.09929531812667847 7394
1783179535667 0.24857822060585022 7395
1783179535761 0.028624841943383217 7396
1783179535858 0.016993055120110512 7397
1783179535957 0.09979874640703201 7398
1783179536046 0.0109374038875103 7399
1783179536148 0.0056082261726260185 7400
1783179536240 0.01817111298441887 7401
1783179536344 0.12110837548971176 7402
1783179536437 0.07126440107822418 7403
1783179536469 0.03223654255270958 7404
1783179536479 0.009850665926933289 7405
1783179536550 0.008490229956805706 7406
1783179536566 0.03385433927178383 7407
1783179536572 0.04558330774307251 7408
1783179536579 0.08789458870887756 7409
1783179536600 0.00547930458560586 7410
1783179536609 0.011068085208535194 7411
1783179536620 0.004269204568117857 7412
1783179536629 0.034496959298849106 7413
1783179536710 0.12539160251617432 7414
1783179536726 0.20616115629673004 7415
1783179536735 0.16702744364738464 7416
1783179536743 0.1578911691904068 7417
1783179536755 0.11159896850585938 7418
1783179536831 0.004289531148970127 7419
1783179536885 0.05254117399454117 7420
1783179536899 0.07169325649738312 7421
1783179536905 0.003554123919457197 7422
1783179536915 0.032079070806503296 7423
1783179536920 0.009089760482311249 7424
1783179536928 0.003815657924860716 7425
1783179536933 0.06119564175605774 7426
1783179536940 0.4271169602870941 7427
1783179536946 0.03445618972182274 7428
1783179536952 0.07677663862705231 7429
1783179537011 0.028313716873526573 7430
1783179537045 0.0387299507856369 7431
1783179537053 0.051785461604595184 7432
1783179537066 0.0413510799407959 7433
1783179537079 0.03190488740801811 7434
1783179537089 0.08744888752698898 7435
1783179537100 0.016023145988583565 7436
1783179537106 0.13152286410331726 7437
1783179537116 0.013865742832422256 7438
1783179537127 0.038435906171798706 7439
1783179537136 0.07080335915088654 7440
1783179537143 0.14191536605358124 7441
1783179537148 0.3226862847805023 7442
1783179537157 0.019916389137506485 7443
1783179537162 0.23875422775745392 7444
1783179537169 0.044460657984018326 7445
1783179537182 0.03127509728074074 7446
1783179537186 0.004997579846531153 7447
1783179537201 0.001823759637773037 7448
1783179537217 0.11365238577127457 7449
1783179537226 0.005449401680380106 7450
1783179537231 0.04499484598636627 7451
1783179537238 0.0018342637922614813 7452
1783179537245 0.2025967836380005 7453
1783179537253 0.12039349228143692 7454
1783179537258 0.0833464041352272 7455
1783179537265 0.004257938824594021 7456
1783179537281 0.33832523226737976 7457
1783179537288 0.07509434223175049 7458
1783179537304 0.059113580733537674 7459
1783179537312 0.03419865295290947 7460
1783179537317 0.00861115287989378 7461
1783179537324 0.09589078277349472 7462
1783179537333 0.0602685920894146 7463
1783179537342 0.09409120678901672 7464
1783179537347 0.13180401921272278 7465
1783179537354 0.10820230841636658 7466
1783179537364 0.00333165074698627 7467
1783179537370 0.11091383546590805 7468
1783179537377 0.017110267654061317 7469
1783179537382 0.06350572407245636 7470
1783179537388 0.3210074305534363 7471
1783179537395 0.33293670415878296 7472
1783179537401 0.007709227968007326 7473
1783179537405 0.3347316384315491 7474
1783179537414 0.2757265567779541 7475
1783179537471 0.0960676446557045 7476
1783179537568 0.007761138956993818 7477
1783179537601 0.022483691573143005 7478
1783179537613 0.1159924641251564 7479
1783179537618 0.021007832139730453 7480
1783179537627 0.028588084504008293 7481
1783179537633 0.021461905911564827 7482
1783179537637 0.19996288418769836 7483
1783179537659 0.2391907423734665 7484
1783179537671 0.07804189622402191 7485
1783179537701 0.037576474249362946 7486
1783179537713 0.08364852517843246 7487
1783179537720 0.019744588062167168 7488
1783179537732 0.023942980915308 7489
1783179537742 0.16083799302577972 7490
1783179537751 0.06157410144805908 7491
1783179537756 0.21928298473358154 7492
1783179537781 0.006411188282072544 7493
1783179537790 0.0038625423330813646 7494
1783179537802 0.41081738471984863 7495
1783179537820 0.03015688806772232 7496
1783179537826 0.11304111033678055 7497
1783179537833 0.13610681891441345 7498
1783179537838 0.010290713049471378 7499
1783179541166 0.054209209978580475 7500
1783179541263 0.03720065951347351 7501
1783179541325 0.008534805849194527 7502
1783179541336 0.07728016376495361 7503
1783179541358 0.05824297294020653 7504
1783179541448 0.013431144878268242 7505
1783179541454 0.05799795314669609 7506
1783179541463 0.02758118510246277 7507
1783179541469 0.3007505536079407 7508
1783179541475 0.02103261649608612 7509
1783179541480 0.23265211284160614 7510
1783179541486 0.12339784950017929 7511
1783179541491 0.18292585015296936 7512
1783179541503 0.06130135431885719 7513
1783179541515 0.07382640242576599 7514
1783179541576 0.0500183179974556 7515
1783179541582 0.032173916697502136 7516
1783179541589 0.023781945928931236 7517
1783179541595 0.017596077173948288 7518
1783179541599 0.004682336002588272 7519
1783179541605 0.09804695099592209 7520
1783179541618 0.07885804772377014 7521
1783179541623 0.15017016232013702 7522
1783179541631 0.08520336449146271 7523
1783179541641 0.10115666687488556 7524
1783179541652 0.04735007509589195 7525
1783179541666 0.02498273178935051 7526
1783179541672 0.02022162452340126 7527
1783179541682 0.3574487566947937 7528
1783179541685 0.21857894957065582 7529
1783179541691 0.03986972197890282 7530
1783179541697 0.009974246844649315 7531
1783179541703 0.1401491016149521 7532
1783179541771 0.07515579462051392 7533
1783179541785 0.01060877088457346 7534
1783179541831 0.05270358547568321 7535
1783179541864 0.02503427490592003 7536
1783179541882 0.025310855358839035 7537
1783179541902 0.07452284544706345 7538
1783179542003 0.05863198637962341 7539
1783179542095 0.0056288824416697025 7540
1783179542190 0.018341651186347008 7541
1783179542286 0.024282213300466537 7542
1783179542380 0.052306950092315674 7543
1783179542464 0.022917550057172775 7544
1783179542567 0.004487807396799326 7545
1783179542669 0.2766284942626953 7546
1783179542722 0.023529669269919395 7547
1783179542828 0.007812474388629198 7548
1783179542929 0.0177975594997406 7549
1783179543035 0.10452036559581757 7550
1783179543136 0.0209405068308115 7551
1783179543235 0.016849972307682037 7552
1783179543346 0.0054223970510065556 7553
1783179543446 0.003300766460597515 7554
1783179543546 0.03874974697828293 7555
1783179543645 0.0030160050373524427 7556
1783179543700 0.11411634087562561 7557
1783179543719 0.10059133172035217 7558
1783179543744 0.0361759178340435 7559
1783179543820 0.00857825018465519 7560
1783179543932 0.002513314364477992 7561
1783179543987 0.10549339652061462 7562
1783179543998 0.01745676063001156 7563
1783179544010 0.050828564912080765 7564
1783179544022 0.010141385719180107 7565
1783179544128 0.11951012164354324 7566
1783179544234 0.2115400731563568 7567
1783179544280 0.16972294449806213 7568
1783179544300 0.007534313015639782 7569
1783179544316 0.14492622017860413 7570
1783179544347 0.02037625014781952 7571
1783179544407 0.0025083899963647127 7572
1783179544419 0.03730084002017975 7573
1783179544431 0.007476240396499634 7574
1783179544444 0.015212718397378922 7575
1783179544453 0.0739045962691307 7576
1783179544471 0.010728826746344566 7577
1783179544535 0.006019325461238623 7578
1783179544542 0.007792359218001366 7579
1783179544548 0.06356421113014221 7580
1783179544560 0.0828033983707428 7581
1783179544581 0.014971332624554634 7582
1783179544600 0.006317485123872757 7583
1783179544705 0.028368758037686348 7584
1783179544735 0.09680049121379852 7585
1783179544831 0.005986953619867563 7586
1783179544900 0.04151109233498573 7587
1783179544920 0.008280043490231037 7588
1783179544937 0.02558235451579094 7589
1783179545044 0.12340779602527618 7590
1783179545094 0.013794489204883575 7591
1783179545099 0.004392714239656925 7592
1783179545105 0.49865180253982544 7593
1783179545111 0.07701441645622253 7594
1783179545118 0.0067156958393752575 7595
1783179545123 0.023149579763412476 7596
1783179545136 0.009297183714807034 7597
1783179545141 0.05364295095205307 7598
1783179545153 0.021713506430387497 7599
1783179545159 0.007394678425043821 7600
1783179545171 0.007235064171254635 7601
1783179545184 0.029324688017368317 7602
1783179545194 0.17124100029468536 7603
1783179545201 0.04777442663908005 7604
1783179545208 0.0575544610619545 7605
1783179545219 0.002633460331708193 7606
1783179545225 0.29723060131073 7607
1783179545232 0.017652789130806923 7608
1783179545240 0.017034944146871567 7609
1783179545255 0.008353647775948048 7610
1783179545265 0.006194128189235926 7611
1783179545361 0.05729303136467934 7612
1783179545451 0.04180639982223511 7613
1783179545560 0.10213173925876617 7614
1783179545658 0.2133851945400238 7615
1783179545750 0.07441776990890503 7616
1783179545760 0.1557532548904419 7617
1783179545770 0.02825682982802391 7618
1783179545880 0.05062534660100937 7619
1783179545983 0.0017897500656545162 7620
1783179546087 0.07603359967470169 7621
1783179546192 0.22392137348651886 7622
1783179546299 0.12231884151697159 7623
1783179546405 0.08376940339803696 7624
1783179546508 0.10709065943956375 7625
1783179546617 0.017867466434836388 7626
1783179546733 0.2025577872991562 7627
1783179546832 0.049629323184490204 7628
1783179546932 0.04269980266690254 7629
1783179547035 0.0006491875392384827 7630
1783179547141 0.04483354464173317 7631
1783179547243 0.05239475518465042 7632
1783179547360 0.06816381216049194 7633
1783179547462 0.04134220629930496 7634
1783179547566 0.03988611698150635 7635
1783179547668 0.03632998466491699 7636
1783179547770 0.18175098299980164 7637
1783179547885 0.32308870553970337 7638
1783179547955 0.20030078291893005 7639
1783179548018 0.023709313943982124 7640
1783179548024 0.02166777476668358 7641
1783179548030 0.03917958214879036 7642
1783179548037 0.15213455259799957 7643
1783179548041 0.5432499051094055 7644
1783179548052 0.05893019214272499 7645
1783179548072 0.00442467350512743 7646
1783179548078 0.0166995357722044 7647
1783179548086 0.015056418254971504 7648
1783179548090 0.01456732302904129 7649
1783179548097 0.07596100866794586 7650
1783179548115 0.10796918720006943 7651
1783179548132 0.05263075977563858 7652
1783179548149 0.01874564215540886 7653
1783179548156 0.15048418939113617 7654
1783179548161 0.06174540892243385 7655
1783179548168 0.03638841211795807 7656
1783179548174 0.014607244171202183 7657
1783179548179 0.09455458074808121 7658
1783179548186 0.2495572715997696 7659
1783179548192 0.0045756930485367775 7660
1783179548197 0.03890211135149002 7661
1783179548204 0.07720232754945755 7662
1783179548211 0.04971029981970787 7663
1783179548217 0.05946797505021095 7664
1783179548223 0.1954653561115265 7665
1783179548228 0.19092728197574615 7666
1783179548235 0.010225995443761349 7667
1783179548246 0.2151273936033249 7668
1783179548254 0.013053810223937035 7669
1783179548259 0.005538271740078926 7670
1783179548279 0.2854291498661041 7671
1783179548284 0.04996129870414734 7672
1783179548308 0.10696249455213547 7673
1783179548323 0.02320334129035473 7674
1783179548330 0.038990166038274765 7675
1783179548391 0.003187181195244193 7676
1783179548492 0.05049414932727814 7677
1783179548583 0.08163347095251083 7678
1783179548688 0.08957566320896149 7679
1783179548712 0.023118339478969574 7680
1783179548802 0.022284721955657005 7681
1783179548890 0.26070818305015564 7682
1783179548895 0.10712117701768875 7683
1783179548907 0.037179458886384964 7684
1783179548913 0.11634386330842972 7685
1783179548926 0.04503411427140236 7686
1783179548942 0.04941347613930702 7687
1783179548948 0.03521427512168884 7688
1783179549054 0.03508501872420311 7689
1783179549158 0.022353067994117737 7690
1783179549268 0.023972099646925926 7691
1783179549370 0.03620174527168274 7692
1783179549479 0.09761526435613632 7693
1783179549582 0.007312445901334286 7694
1783179549689 0.05505884811282158 7695
1783179549797 0.11551292985677719 7696
1783179549901 0.0045770080760121346 7697
1783179550010 0.07035548239946365 7698
1783179550113 0.017287708818912506 7699
1783179550215 0.01099687721580267 7700
1783179550321 0.003029727144166827 7701
1783179550418 0.07349859923124313 7702
1783179550517 0.20844319462776184 7703
1783179550624 0.010329398326575756 7704
1783179550734 0.19771607220172882 7705
1783179550837 0.027891894802451134 7706
1783179550914 0.04950154200196266 7707
1783179550943 0.07937867194414139 7708
1783179550962 0.053371645510196686 7709
1783179551073 0.16557452082633972 7710
1783179551177 0.031853076070547104 7711
1783179551281 0.02436416782438755 7712
1783179551343 0.028898607939481735 7713
1783179551361 0.06795867532491684 7714
1783179551376 0.015835639089345932 7715
1783179551391 0.002355991629883647 7716
1783179551399 0.006780080962926149 7717
1783179551432 0.01231415942311287 7718
1783179551449 0.03724239394068718 7719
1783179551466 0.03267192095518112 7720
1783179551570 0.08002007007598877 7721
1783179551625 0.011614511720836163 7722
1783179551631 0.1941889524459839 7723
1783179551638 0.0055290102027356625 7724
1783179551643 0.42609235644340515 7725
1783179551650 0.010932279750704765 7726
1783179551656 0.35764676332473755 7727
1783179551660 0.04508470371365547 7728
1783179551764 0.01399143971502781 7729
1783179551861 0.006181847304105759 7730
1783179551966 0.015399034135043621 7731
1783179552068 0.2522217929363251 7732
1783179552177 0.03695805370807648 7733
1783179552285 0.1537458449602127 7734
1783179552383 0.0411500446498394 7735
1783179552472 0.04051612690091133 7736
1783179552565 0.13811473548412323 7737
1783179552657 0.025533882901072502 7738
1783179552742 0.042397502809762955 7739
1783179552836 0.0539354532957077 7740
1783179552862 0.08501864969730377 7741
1783179552869 0.173893541097641 7742
1783179552877 0.0880809798836708 7743
1783179552882 0.005877320654690266 7744
1783179552890 0.07321774214506149 7745
1783179552933 0.09697520732879639 7746
1783179552941 0.005639664828777313 7747
1783179552947 0.0805554986000061 7748
1783179552953 0.05625640228390694 7749
1783179552959 0.056641217321157455 7750
1783179552967 0.003963639959692955 7751
1783179552972 0.23821383714675903 7752
1783179552979 0.2351704239845276 7753
1783179552984 0.007461848668754101 7754
1783179552992 0.011412076652050018 7755
1783179553009 0.005000952631235123 7756
1783179553024 0.12010972201824188 7757
1783179553035 0.023798450827598572 7758
1783179553094 0.3451286256313324 7759
1783179553186 0.16325362026691437 7760
1783179553289 0.026189930737018585 7761
1783179553390 0.02145211584866047 7762
1783179553509 0.03955728933215141 7763
1783179553617 0.19598069787025452 7764
1783179553720 0.016772659495472908 7765
1783179553823 0.013829496689140797 7766
1783179553895 0.025063565000891685 7767
1783179553920 0.10016760230064392 7768
1783179554020 0.04010295867919922 7769
1783179554122 0.05212032422423363 7770
1783179554225 0.15326440334320068 7771
1783179554328 0.16567610204219818 7772
1783179554427 0.06225866451859474 7773
1783179554533 0.02556496299803257 7774
1783179554640 0.08633741736412048 7775
1783179554747 0.07665816694498062 7776
1783179554858 0.015204768627882004 7777
1783179554968 0.07613573223352432 7778
1783179555079 0.014312460087239742 7779
1783179555155 0.021340737119317055 7780
1783179555164 0.004786556586623192 7781
1783179555169 0.26979494094848633 7782
1783179555181 0.08003614097833633 7783
1783179555202 0.01051303930580616 7784
1783179555227 0.07115714997053146 7785
1783179555238 0.12590467929840088 7786
1783179555247 0.19515477120876312 7787
1783179555258 0.19976110756397247 7788
1783179555270 0.03325626999139786 7789
1783179555283 0.029474759474396706 7790
1783179555329 0.11077815294265747 7791
1783179555341 0.12584801018238068 7792
1783179555348 0.007579074241220951 7793
1783179555352 0.15173055231571198 7794
1783179555359 0.05749576538801193 7795
1783179555366 0.03304018825292587 7796
1783179555372 0.009322058409452438 7797
1783179555378 0.03852654621005058 7798
1783179555383 0.03302409127354622 7799
1783179555390 0.06602468341588974 7800
1783179555396 0.03007231466472149 7801
1783179555425 0.03626343980431557 7802
1783179555437 0.05557318404316902 7803
1783179555449 0.006294265855103731 7804
1783179555539 0.1905086636543274 7805
1783179555546 0.07833835482597351 7806
1783179555587 0.01680513098835945 7807
1783179555605 0.11072997003793716 7808
1783179555619 0.08494322746992111 7809
1783179555640 0.08470218628644943 7810
1783179555684 0.42624443769454956 7811
1783179555786 0.0023563068825751543 7812
1783179555886 0.026824211701750755 7813
1783179555913 0.0203157439827919 7814
1783179556018 0.12543867528438568 7815
1783179556119 0.004800206050276756 7816
1783179556218 0.03562220558524132 7817
1783179556315 0.12012962996959686 7818
1783179556331 0.03202306851744652 7819
1783179556402 0.053688690066337585 7820
1783179556504 0.009187941439449787 7821
1783179556611 0.022201910614967346 7822
1783179556622 0.008036984130740166 7823
1783179556646 0.07009367644786835 7824
1783179556736 0.15806758403778076 7825
1783179556743 0.0017728746170178056 7826
1783179556748 0.10284705460071564 7827
1783179556755 0.0027015081141144037 7828
1783179556761 0.006731085944920778 7829
1783179556855 0.14647938311100006 7830
1783179556953 0.01264127902686596 7831
1783179557058 0.13750657439231873 7832
1783179557164 0.07046885788440704 7833
1783179557262 0.06518818438053131 7834
1783179557366 0.047334108501672745 7835
1783179557467 0.033817108720541 7836
1783179557578 0.21502122282981873 7837
1783179557695 0.10323978215456009 7838
1783179557801 0.06246904283761978 7839
1783179557900 0.04444818198680878 7840
1783179558007 0.022172769531607628 7841
1783179558115 0.6253764629364014 7842
1783179558235 0.013848379254341125 7843
1783179558343 0.022880826145410538 7844
1783179558455 0.05933995544910431 7845
1783179558565 0.010427825152873993 7846
1783179558671 0.1524418592453003 7847
1783179558774 0.009877986274659634 7848
1783179558876 0.12628813087940216 7849
1783179558976 0.020932940766215324 7850
1783179559073 0.2640368342399597 7851
1783179559092 0.17524605989456177 7852
1783179559096 0.040112875401973724 7853
1783179559106 0.06277376413345337 7854
1783179559181 0.04568661376833916 7855
1783179559189 0.01492772065103054 7856
1783179559199 0.18747363984584808 7857
1783179559208 0.00843272265046835 7858
1783179559214 0.09965842217206955 7859
1783179559218 0.09772220999002457 7860
1783179559225 0.07600454241037369 7861
1783179559230 0.031901344656944275 7862
1783179559237 0.015752620995044708 7863
1783179559242 0.07799480110406876 7864
1783179559247 0.06299156695604324 7865
1783179559253 0.003486764384433627 7866
1783179559266 0.122686468064785 7867
1783179559272 0.0579930879175663 7868
1783179559286 0.248259037733078 7869
1783179559295 0.011522982269525528 7870
1783179559302 0.05128922313451767 7871
1783179559309 0.06269087642431259 7872
1783179559319 0.05065872520208359 7873
1783179559333 0.2554304301738739 7874
1783179559339 0.06656086444854736 7875
1783179559346 0.03558291122317314 7876
1783179559352 0.10152485966682434 7877
1783179559356 0.007696827873587608 7878
1783179559363 0.038385357707738876 7879
1783179559368 0.09184204787015915 7880
1783179559376 0.2335391491651535 7881
1783179559381 0.010708294808864594 7882
1783179559387 0.0640709176659584 7883
1783179559392 0.0022487109526991844 7884
1783179559398 0.031655460596084595 7885
1783179559422 0.24479368329048157 7886
1783179559434 0.1487419754266739 7887
1783179559450 0.05458858236670494 7888
1783179559458 0.08222883939743042 7889
1783179559462 0.01574980840086937 7890
1783179559468 0.0476347915828228 7891
1783179559475 0.06464827805757523 7892
1783179559480 0.01842663809657097 7893
1783179559486 0.003822281491011381 7894
1783179559589 0.14367637038230896 7895
1783179559631 0.14311303198337555 7896
1783179559643 0.006431371904909611 7897
1783179559751 0.006233661435544491 7898
1783179559860 0.08720432966947556 7899
1783179559959 0.037079859524965286 7900
1783179559980 0.010866997763514519 7901
1783179560035 0.05788182467222214 7902
1783179560077 0.007489835377782583 7903
1783179560092 0.4155317544937134 7904
1783179560143 0.09641305357217789 7905
1783179560150 0.01747814565896988 7906
1783179560165 0.1071496456861496 7907
1783179560172 0.049519408494234085 7908
1783179560183 0.07521158456802368 7909
1783179560190 0.040971219539642334 7910
1783179560196 0.09750761091709137 7911
1783179560203 0.016611432656645775 7912
1783179560213 0.018335802480578423 7913
1783179560272 0.2234916239976883 7914
1783179560298 0.32867300510406494 7915
1783179560326 0.10272397845983505 7916
1783179560332 0.006097019650042057 7917
1783179560343 0.00798727571964264 7918
1783179560364 0.02966224029660225 7919
1783179560415 0.08202942460775375 7920
1783179560469 0.21029800176620483 7921
1783179560474 0.025498315691947937 7922
1783179560486 0.02357916720211506 7923
1783179560497 0.06389964371919632 7924
1783179560509 0.027649883180856705 7925
1783179560522 0.038131941109895706 7926
1783179560531 0.04109438881278038 7927
1783179560541 0.2539486587047577 7928
1783179560625 0.03636285662651062 7929
1783179560638 0.02147054485976696 7930
1783179560718 0.006605662405490875 7931
1783179560743 0.09530532360076904 7932
1783179560751 0.062019895762205124 7933
1783179560764 0.08078152686357498 7934
1783179560867 0.07216298580169678 7935
1783179560878 0.06331650912761688 7936
1783179560885 0.0317770354449749 7937
1783179560890 0.1322946846485138 7938
1783179560991 0.041881512850522995 7939
1783179561049 0.027203813195228577 7940
1783179561060 0.23268617689609528 7941
1783179561066 0.06717344373464584 7942
1783179561077 0.11686038225889206 7943
1783179561084 0.0588286854326725 7944
1783179561091 0.07708659768104553 7945
1783179561097 0.030253984034061432 7946
1783179561105 0.004631143528968096 7947
1783179561118 0.027006950229406357 7948
1783179561219 0.006278981454670429 7949
1783179561282 0.11213646829128265 7950
1783179561293 0.2146112620830536 7951
1783179561342 0.09363504499197006 7952
1783179561408 0.004683567676693201 7953
1783179561499 0.03376137092709541 7954
1783179561522 0.03598625212907791 7955
1783179561541 0.01690354011952877 7956
1783179561625 0.005737681873142719 7957
1783179561734 0.2844873368740082 7958
1783179561842 0.017238711938261986 7959
1783179561945 0.0925930067896843 7960
1783179562039 0.11431323736906052 7961
1783179562126 0.013989036902785301 7962
1783179562234 0.035453520715236664 7963
1783179562332 0.16345030069351196 7964
1783179562435 0.08627168834209442 7965
1783179562532 0.018114421516656876 7966
1783179562638 0.11331254243850708 7967
1783179562734 0.2381540685892105 7968
1783179562752 0.05555344745516777 7969
1783179562762 0.03770710527896881 7970
1783179562784 0.029764732345938683 7971
1783179562818 0.04619196429848671 7972
1783179562857 0.065185546875 7973
1783179562864 0.012700659222900867 7974
1783179562869 0.017190318554639816 7975
1783179562898 0.0298218484967947 7976
1783179562907 0.018848828971385956 7977
1783179562919 0.0751022920012474 7978
1783179562926 0.21028251945972443 7979
1783179562939 0.03294605016708374 7980
1783179562951 0.06194549798965454 7981
1783179562955 0.055963531136512756 7982
1783179562967 0.07218547910451889 7983
1783179562973 0.00426193792372942 7984
1783179562981 0.1760423332452774 7985
1783179562985 0.015505253337323666 7986
1783179562992 0.03578837215900421 7987
1783179562997 0.017136845737695694 7988
1783179563003 0.012779075652360916 7989
1783179563010 0.142551988363266 7990
1783179563016 0.11235255748033524 7991
1783179563022 0.10091542452573776 7992
1783179563028 0.030601266771554947 7993
1783179563034 0.08083850890398026 7994
1783179563041 0.11746259033679962 7995
1783179563049 0.04555874317884445 7996
1783179563056 0.02056625671684742 7997
1783179563064 0.011177783831954002 7998
1783179563072 0.05705243721604347 7999
1783179563078 0.020604778081178665 8000
1783179563183 0.09887177497148514 8001
1783179563262 0.011379627510905266 8002
1783179563361 0.17751257121562958 8003
1783179563368 0.06017594039440155 8004
1783179563374 0.33904311060905457 8005
1783179563475 0.10797056555747986 8006
1783179563535 0.04840882495045662 8007
1783179563562 0.23326531052589417 8008
1783179563655 0.003977153450250626 8009
1783179563662 0.10203235596418381 8010
1783179563669 0.01294499821960926 8011
1783179563674 0.0997316911816597 8012
1783179563681 0.04175195097923279 8013
1783179563687 0.005205179564654827 8014
1783179563694 0.11824553459882736 8015
1783179563699 0.06680013239383698 8016
1783179563706 0.0851220116019249 8017
1783179563712 0.018081115558743477 8018
1783179563724 0.015692925080657005 8019
1783179563807 0.027693292126059532 8020
1783179563863 0.05835147947072983 8021
1783179563869 0.10893280804157257 8022
1783179563876 0.009482956491410732 8023
1783179563980 0.18362271785736084 8024
1783179564084 0.2243654429912567 8025
1783179564194 0.0924888402223587 8026
1783179564300 0.12529416382312775 8027
1783179564404 0.08367044478654861 8028
1783179564505 0.004154366906732321 8029
1783179564607 0.012436259537935257 8030
1783179564710 0.021073250100016594 8031
1783179564812 0.041896410286426544 8032
1783179564915 0.03456009179353714 8033
1783179565017 0.014712786301970482 8034
1783179565119 0.005906377453356981 8035
1783179565221 0.058744292706251144 8036
1783179565323 0.025808345526456833 8037
1783179565373 0.12678387761116028 8038
1783179565385 0.020569967105984688 8039
1783179565403 0.3163532614707947 8040
1783179565409 0.03675330802798271 8041
1783179565511 0.15727682411670685 8042
1783179565570 0.1776062697172165 8043
1783179565610 0.17168782651424408 8044
1783179565616 0.14260362088680267 8045
1783179565622 0.046998217701911926 8046
1783179565628 0.18640755116939545 8047
1783179565634 0.20297423005104065 8048
1783179565640 0.11012572795152664 8049
1783179565651 0.054157983511686325 8050
1783179565658 0.10702501237392426 8051
1783179565669 0.0830368772149086 8052
1783179565676 0.035620272159576416 8053
1783179565688 0.015259252861142159 8054
1783179565693 0.017546121031045914 8055
1783179565700 0.014753413386642933 8056
1783179565706 0.06036767363548279 8057
1783179565712 0.0063284640200436115 8058
1783179565718 0.09353399276733398 8059
1783179565724 0.013435028493404388 8060
1783179565730 0.020319217815995216 8061
1783179565736 0.029547972604632378 8062
1783179565742 0.0017552872886881232 8063
1783179565759 0.12118351459503174 8064
1783179565772 0.049211978912353516 8065
1783179565781 0.002872890792787075 8066
1783179565790 0.03579304367303848 8067
1783179565802 0.002912558615207672 8068
1783179565808 0.28127846121788025 8069
1783179565814 0.032055359333753586 8070
1783179565819 0.004545173142105341 8071
1783179565912 0.031046472489833832 8072
1783179566017 0.04344259202480316 8073
1783179566122 0.036377355456352234 8074
1783179566227 0.014544477686285973 8075
1783179566333 0.10843366384506226 8076
1783179566388 0.190652996301651 8077
1783179566396 0.0672023817896843 8078
1783179566402 0.005503722000867128 8079
1783179566406 0.009299775585532188 8080
1783179566412 0.08787330240011215 8081
1783179566420 0.04066702723503113 8082
1783179566427 0.06277516484260559 8083
1783179566438 0.10645606368780136 8084
1783179566446 0.03188483417034149 8085
1783179566462 0.04995637759566307 8086
1783179566469 0.01823442615568638 8087
1783179566495 0.19449922442436218 8088
1783179566500 0.016895411536097527 8089
1783179566507 0.010646915063261986 8090
1783179566519 0.005819454789161682 8091
1783179566525 0.01900731772184372 8092
1783179566532 0.0051259612664580345 8093
1783179566538 0.009425359778106213 8094
1783179566625 0.017245078459382057 8095
1783179566637 0.1743883639574051 8096
1783179566677 0.008443054743111134 8097
1783179566701 0.005546366795897484 8098
1783179566723 0.1638079732656479 8099
1783179566741 0.11358288675546646 8100
1783179566749 0.07521164417266846 8101
1783179566754 0.2234506458044052 8102
1783179566761 0.025929544121026993 8103
1783179566768 0.12199953943490982 8104
1783179566772 0.013066665269434452 8105
1783179566779 0.06794070452451706 8106
1783179566784 0.024938957765698433 8107
1783179566790 0.12276062369346619 8108
1783179566795 0.029050128534436226 8109
1783179566803 0.05486714094877243 8110
1783179566809 0.006009824573993683 8111
1783179566815 0.11251286417245865 8112
1783179566820 0.018621698021888733 8113
1783179566825 0.031373411417007446 8114
1783179566831 0.02611655741930008 8115
1783179566838 0.008476545102894306 8116
1783179566844 0.030020659789443016 8117
1783179566851 0.012543246150016785 8118
1783179566856 0.03825473040342331 8119
1783179566861 0.02601049840450287 8120
1783179566868 0.11669596284627914 8121
1783179566874 0.001352686551399529 8122
1783179566879 0.039216049015522 8123
1783179566888 0.1982423961162567 8124
1783179566893 0.03922200947999954 8125
1783179566906 0.22043362259864807 8126
1783179566911 0.0035624552983790636 8127
1783179566918 0.0636933296918869 8128
1783179566923 0.06692337244749069 8129
1783179566930 0.05434367433190346 8130
1783179566935 0.015515581704676151 8131
1783179566939 0.045735109597444534 8132
1783179567035 0.14850448071956635 8133
1783179567079 0.15364904701709747 8134
1783179567085 0.03026583418250084 8135
1783179567090 0.09179721772670746 8136
1783179567098 0.005006282590329647 8137
1783179567105 0.04202042147517204 8138
1783179567111 0.1666039228439331 8139
1783179567174 0.0493256077170372 8140
1783179567276 0.1008010283112526 8141
1783179567376 0.09492864459753036 8142
1783179567482 0.06476327031850815 8143
1783179567576 0.014131072908639908 8144
1783179567669 0.14946363866329193 8145
1783179567753 0.002772053238004446 8146
1783179567843 0.02131243236362934 8147
1783179567938 0.3274659216403961 8148
1783179568037 0.038403116166591644 8149
1783179568125 0.039175376296043396 8150
1783179568221 0.03349319100379944 8151
1783179568318 0.01361803524196148 8152
1783179568412 0.0181591734290123 8153
1783179568515 0.02281699888408184 8154
1783179568615 0.07550778985023499 8155
1783179568715 0.022878872230648994 8156
1783179568815 0.13979189097881317 8157
1783179568912 0.12308093160390854 8158
1783179569016 0.07362186163663864 8159
1783179569072 0.24101416766643524 8160
1783179569077 0.0808410793542862 8161
1783179569082 0.05638434737920761 8162
1783179569089 0.050620388239622116 8163
1783179569095 0.12559938430786133 8164
1783179569107 0.03664117678999901 8165
1783179569113 0.07473957538604736 8166
1783179569119 0.05098077654838562 8167
1783179569125 0.027547555044293404 8168
1783179569132 0.2259267419576645 8169
1783179569312 0.07363737374544144 8170
1783179569412 0.004804220516234636 8171
1783179569505 0.1148759052157402 8172
1783179569516 0.2973324954509735 8173
1783179569534 0.043287232518196106 8174
1783179569546 0.05533080920577049 8175
1783179569590 0.23694731295108795 8176
1783179569603 0.060673296451568604 8177
1783179569612 0.02995401993393898 8178
1783179569634 0.03498617187142372 8179
1783179569646 0.19494867324829102 8180
1783179569656 0.052448827773332596 8181
1783179569765 0.30985820293426514 8182
1783179569869 0.08303160965442657 8183
1783179569969 0.10757890343666077 8184
1783179570078 0.05917951464653015 8185
1783179570180 0.021885722875595093 8186
1783179570231 0.00913972221314907 8187
1783179570243 0.09515711665153503 8188
1783179570256 0.10290032625198364 8189
1783179570262 0.13731852173805237 8190
1783179570268 0.15080836415290833 8191
1783179570278 0.005297830328345299 8192
1783179570376 0.07800726592540741 8193
1783179570444 0.051221027970314026 8194
1783179570450 0.03749243915081024 8195
1783179570470 0.04308432713150978 8196
1783179570580 0.10815960168838501 8197
1783179570599 0.16734182834625244 8198
1783179570624 0.01754917949438095 8199
1783179570633 0.04731779173016548 8200
1783179570641 0.06974248588085175 8201
1783179570647 0.02543053776025772 8202
1783179570655 0.04138258844614029 8203
1783179570682 0.2842870056629181 8204
1783179570690 0.054897624999284744 8205
1783179570697 0.012285636737942696 8206
1783179570708 0.146217480301857 8207
1783179570718 0.06345835328102112 8208
1783179570819 0.05187598615884781 8209
1783179570921 0.03376118466258049 8210
1783179570982 0.1424461156129837 8211
1783179570996 0.037542618811130524 8212
1783179571010 0.0013942841906100512 8213
1783179571066 0.0632290467619896 8214
1783179571072 0.003906488884240389 8215
1783179571088 0.025682156905531883 8216
1783179571110 0.010746761225163937 8217
1783179571126 0.016845889389514923 8218
1783179571133 0.02664010226726532 8219
1783179571149 0.006742200814187527 8220
1783179571156 0.08781339228153229 8221
1783179571162 0.054978664964437485 8222
1783179571168 0.1650892049074173 8223
1783179571218 0.02753664366900921 8224
1783179571291 0.06323736906051636 8225
1783179571322 0.3563512861728668 8226
1783179571328 0.013326000422239304 8227
1783179571332 0.012342979200184345 8228
1783179571341 0.13732340931892395 8229
1783179571351 0.024515913799405098 8230
1783179571451 0.0693870559334755 8231
1783179571550 0.019060930237174034 8232
1783179571650 0.005098317749798298 8233
1783179571737 0.008501412346959114 8234
1783179571817 0.023849593475461006 8235
1783179571841 0.1357690542936325 8236
1783179571848 0.0064879897981882095 8237
1783179571941 0.24442075192928314 8238
1783179572016 0.11981426179409027 8239
1783179572029 0.1273908168077469 8240
1783179572039 0.13550294935703278 8241
1783179572054 0.09279118478298187 8242
1783179572063 0.025701556354761124 8243
1783179572079 0.08038477599620819 8244
1783179572087 0.0037082135677337646 8245
1783179572114 0.01099768653512001 8246
1783179572205 0.08146943897008896 8247
1783179572214 0.04336922988295555 8248
1783179572223 0.15102806687355042 8249
1783179572235 0.014023701660335064 8250
1783179572258 0.013214090839028358 8251
1783179572359 0.07917355000972748 8252
1783179572365 0.11003073304891586 8253
1783179572378 0.03866002708673477 8254
1783179572396 0.07616130262613297 8255
1783179572415 0.013216851279139519 8256
1783179572448 0.11161454766988754 8257
1783179572461 0.08601763099431992 8258
1783179572469 0.12802338600158691 8259
1783179572478 0.11693320423364639 8260
1783179572490 0.0035406327806413174 8261
1783179572534 0.05102469027042389 8262
1783179572580 0.05048355832695961 8263
1783179572596 0.12057162076234818 8264
1783179572605 0.03817243129014969 8265
1783179572620 0.21139006316661835 8266
1783179572630 0.1520700752735138 8267
1783179572644 0.02562684565782547 8268
1783179572660 0.037253521382808685 8269
1783179572676 0.04904447868466377 8270
1783179572682 0.1956574022769928 8271
1783179572777 0.013445976190268993 8272
1783179572825 0.151455357670784 8273
1783179572920 0.02985904924571514 8274
1783179573023 0.0032653729431331158 8275
1783179573124 0.051340509206056595 8276
1783179573206 0.018040716648101807 8277
1783179573301 0.1833905130624771 8278
1783179573389 0.056215718388557434 8279
1783179573421 0.23471888899803162 8280
1783179573470 0.024084875360131264 8281
1783179573485 0.04738249629735947 8282
1783179573500 0.018491795286536217 8283
1783179573530 0.055795490741729736 8284
1783179573552 0.14762058854103088 8285
1783179573567 0.026918567717075348 8286
1783179573575 0.09030256420373917 8287
1783179573675 0.09761924296617508 8288
1783179573715 0.0055197617039084435 8289
1783179573727 0.14985816180706024 8290
1783179573761 0.10869021713733673 8291
1783179573774 0.016765117645263672 8292
1783179573781 0.06355788558721542 8293
1783179573788 0.05690852925181389 8294
1783179573793 0.020514829084277153 8295
1783179573799 0.09918630868196487 8296
1783179573811 0.021480120718479156 8297
1783179573817 0.08732901513576508 8298
1783179573824 0.10280776768922806 8299
1783179573833 0.17581401765346527 8300
1783179573841 0.02773325704038143 8301
1783179573857 0.0005647964426316321 8302
1783179573866 0.03800734132528305 8303
1783179573884 0.04216469079256058 8304
1783179573893 0.007185384631156921 8305
1783179573914 0.06915462017059326 8306
1783179573925 0.02491648681461811 8307
1783179573933 0.053891781717538834 8308
1783179573939 0.21189579367637634 8309
1783179573944 0.03153516352176666 8310
1783179573951 0.07825404405593872 8311
1783179574041 0.03801856189966202 8312
1783179574057 0.1581151932477951 8313
1783179574064 0.029146825894713402 8314
1783179574069 0.018385857343673706 8315
1783179574147 0.1369848996400833 8316
1783179574159 0.11371643841266632 8317
1783179574195 0.002680310280993581 8318
1783179574295 0.10328804701566696 8319
1783179574397 0.08005370944738388 8320
1783179574495 0.18885627388954163 8321
1783179574596 0.005644015967845917 8322
1783179574640 0.06079234182834625 8323
1783179574654 0.013770949095487595 8324
1783179574665 0.05540560930967331 8325
1783179574672 0.0791049674153328 8326
1783179574733 0.149335578083992 8327
1783179574774 0.03792349994182587 8328
1783179574779 0.007819997146725655 8329
1783179574792 0.05916754528880119 8330
1783179574804 0.017009934410452843 8331
1783179574812 0.08013883978128433 8332
1783179574817 0.09935455024242401 8333
1783179574870 0.01514690276235342 8334
1783179574938 0.03389735519886017 8335
1783179574946 0.13703672587871552 8336
1783179574959 0.06335203349590302 8337
1783179574981 0.1857420951128006 8338
1783179575012 0.03538583591580391 8339
1783179575092 0.09215553104877472 8340
1783179575098 0.06595411896705627 8341
1783179575142 0.20500370860099792 8342
1783179575175 0.13543282449245453 8343
1783179575188 0.17614924907684326 8344
1783179575195 0.02506830357015133 8345
1783179575203 0.1978517472743988 8346
1783179575209 0.03832174837589264 8347
1783179575215 0.04909555986523628 8348
1783179575249 0.12969252467155457 8349
1783179575255 0.10069196671247482 8350
1783179575261 0.2082047015428543 8351
1783179575267 0.013022311963140965 8352
1783179575279 0.03663226217031479 8353
1783179575285 0.0144082335755229 8354
1783179575351 0.0038165883161127567 8355
1783179575357 0.02121301181614399 8356
1783179575444 0.048565007746219635 8357
1783179575461 0.04945481941103935 8358
1783179575474 0.03822525963187218 8359
1783179575480 0.22950544953346252 8360
1783179575491 0.015710707753896713 8361
1783179575497 0.04123105853796005 8362
1783179575502 0.051164865493774414 8363
1783179575509 0.056647561490535736 8364
1783179575513 0.02013443596661091 8365
1783179575517 0.10454090684652328 8366
1783179575524 0.13870744407176971 8367
1783179575529 0.0466909185051918 8368
1783179575535 0.0021313419565558434 8369
1783179575543 0.060410793870687485 8370
1783179575550 0.0824749618768692 8371
1783179575652 0.012418486177921295 8372
1783179575734 0.02750398963689804 8373
1783179575738 0.055858273059129715 8374
1783179575747 0.029650762677192688 8375
1783179575753 0.038054101169109344 8376
1783179575761 0.015168962068855762 8377
1783179575806 0.1669008433818817 8378
1783179575814 0.0249111820012331 8379
1783179575821 0.003972901962697506 8380
1783179575826 0.08301897346973419 8381
1783179575857 0.010926748625934124 8382
1783179575952 0.18955042958259583 8383
1783179576056 0.013695240952074528 8384
1783179576145 0.08020681887865067 8385
1783179576206 0.073320671916008 8386
1783179576214 0.029553959146142006 8387
1783179576245 0.023831861093640327 8388
1783179576257 0.0476907342672348 8389
1783179576262 0.08376054465770721 8390
1783179576267 0.0762733742594719 8391
1783179576280 0.0025298285763710737 8392
1783179576292 0.24845601618289948 8393
1783179576297 0.29727789759635925 8394
1783179576304 0.022523287683725357 8395
1783179576309 0.16850167512893677 8396
1783179576329 0.04368077218532562 8397
1783179576335 0.08142586797475815 8398
1783179576426 0.012736979871988297 8399
1783179576522 0.06636360287666321 8400
1783179576564 0.33548226952552795 8401
1783179576584 0.08973857015371323 8402
1783179576591 0.028791207820177078 8403
1783179576597 0.022537771612405777 8404
1783179576602 0.1619083136320114 8405
1783179576610 0.2525492012500763 8406
1783179576614 0.07169762998819351 8407
1783179576620 0.06921309977769852 8408
1783179576628 0.031152136623859406 8409
1783179576631 0.09512008726596832 8410
1783179576638 0.0471503809094429 8411
1783179576651 0.013875911012291908 8412
1783179576656 0.002822272479534149 8413
1783179576664 0.09212984144687653 8414
1783179576669 0.006678703241050243 8415
1783179576686 0.21792137622833252 8416
1783179576708 0.30808332562446594 8417
1783179576804 0.03192897513508797 8418
1783179576886 0.11162278801202774 8419
1783179576896 0.282757967710495 8420
1783179576901 0.2511211335659027 8421
1783179576906 0.003122059628367424 8422
1783179576913 0.09697325527667999 8423
1783179576918 0.004209005273878574 8424
1783179576929 0.04016530513763428 8425
1783179576943 0.003048916580155492 8426
1783179576949 0.12058365345001221 8427
1783179576955 0.028210945427417755 8428
1783179576987 0.025553297251462936 8429
1783179576997 0.04784549027681351 8430
1783179577004 0.013449198566377163 8431
1783179577046 0.03936789929866791 8432
1783179577052 0.002586445538327098 8433
1783179577059 0.016921842470765114 8434
1783179577063 0.04923642426729202 8435
1783179577070 0.08904217183589935 8436
1783179577076 0.023252153769135475 8437
1783179577082 0.23549623787403107 8438
1783179577087 0.006851780693978071 8439
1783179577097 0.011493762023746967 8440
1783179577101 0.08905859291553497 8441
1783179577108 0.031042257323861122 8442
1783179577112 0.00536613492295146 8443
1783179577120 0.04935963824391365 8444
1783179577127 0.05884665623307228 8445
1783179577132 0.2936091423034668 8446
1783179577145 0.06619814783334732 8447
1783179577151 0.03294381499290466 8448
1783179577251 0.03397618234157562 8449
1783179577351 0.0853898674249649 8450
1783179577454 0.08639539033174515 8451
1783179577550 0.017606817185878754 8452
1783179577652 0.01103680394589901 8453
1783179577754 0.04289896413683891 8454
1783179577854 0.0804111659526825 8455
1783179577956 0.08287560939788818 8456
1783179578057 0.04252178221940994 8457
1783179578168 0.07225710153579712 8458
1783179578273 0.01356350164860487 8459
1783179578382 0.017858974635601044 8460
1783179578496 0.03952509164810181 8461
1783179578590 0.21105839312076569 8462
1783179578704 0.08201419562101364 8463
1783179578803 0.12283939868211746 8464
1783179578901 0.0026578560937196016 8465
1783179578999 0.019694440066814423 8466
1783179579102 0.011249318718910217 8467
1783179579197 0.02550213411450386 8468
1783179579301 0.06341084092855453 8469
1783179579411 0.021990522742271423 8470
1783179579517 0.11361970752477646 8471
1783179579565 0.018783921375870705 8472
1783179579607 0.008939114399254322 8473
1783179579612 0.004623897839337587 8474
1783179579681 0.04923972114920616 8475
1783179579688 0.06889129430055618 8476
1783179579693 0.1374882012605667 8477
1783179579700 0.021379761397838593 8478
1783179579728 0.09776560962200165 8479
1783179579803 0.0788165032863617 8480
1783179579908 0.028333675116300583 8481
1783179580011 0.03486649692058563 8482
1783179580112 0.029085896909236908 8483
1783179580194 0.029246320948004723 8484
1783179580288 0.14307132363319397 8485
1783179580397 0.02952817641198635 8486
1783179580503 0.11925289034843445 8487
1783179580538 0.047145333141088486 8488
1783179580632 0.24251016974449158 8489
1783179580671 0.01612059585750103 8490
1783179580696 0.34712353348731995 8491
1783179580715 0.05321653187274933 8492
1783179580814 0.02445068210363388 8493
1783179580913 0.029155900701880455 8494
1783179580982 0.006273608189076185 8495
1783179581001 0.0069452389143407345 8496
1783179581023 0.0706700012087822 8497
1783179581038 0.01500010583549738 8498
1783179581054 0.08874121308326721 8499
1783179581108 0.12062866240739822 8500
1783179581119 0.16059961915016174 8501
1783179581143 0.21385164558887482 8502
1783179581224 0.033768437802791595 8503
1783179581254 0.04900228977203369 8504
1783179581354 0.024983419105410576 8505
1783179581386 0.23092541098594666 8506
1783179581410 0.16347530484199524 8507
1783179581513 0.04977076128125191 8508
1783179581567 0.017407458275556564 8509
1783179581585 0.008546588011085987 8510
1783179581621 0.029479598626494408 8511
1783179581682 0.10051676630973816 8512
1783179581693 0.09854715317487717 8513
1783179581736 0.11694322526454926 8514
1783179581824 0.08664196729660034 8515
1783179581930 0.05704592913389206 8516
1783179581970 0.02541617676615715 8517
1783179581999 0.005202982574701309 8518
1783179582038 0.02218974381685257 8519
1783179582142 0.012869291938841343 8520
1783179582176 0.01878783479332924 8521
1783179582188 0.008605265989899635 8522
1783179582200 0.038401927798986435 8523
1783179582213 0.20873980224132538 8524
1783179582285 0.09041661024093628 8525
1783179582386 0.06036876514554024 8526
1783179582495 0.08876832574605942 8527
1783179582606 0.02339465543627739 8528
1783179582713 0.012547921389341354 8529
1783179582758 0.022168099880218506 8530
1783179582793 0.016514962539076805 8531
1783179582800 0.015730198472738266 8532
1783179582806 0.12432028353214264 8533
1783179582811 0.05130241811275482 8534
1783179582821 0.05724461376667023 8535
1783179582834 0.06937183439731598 8536
1783179582894 0.007916032336652279 8537
1783179582906 0.07711217552423477 8538
1783179582921 0.03551651909947395 8539
1783179582938 0.16508632898330688 8540
1783179583026 0.023273546248674393 8541
1783179583093 0.014928917400538921 8542
1783179583104 0.021693719550967216 8543
1783179583124 0.0249271709471941 8544
1783179583137 0.025166494771838188 8545
1783179583165 0.06802842766046524 8546
1783179583177 0.1700802445411682 8547
1783179583184 0.07472389191389084 8548
1783179583191 0.0015450603095814586 8549
1783179583292 0.03872489184141159 8550
1783179583392 0.0757225900888443 8551
1783179583493 0.06278660148382187 8552
1783179583595 0.007861047051846981 8553
1783179583697 0.2779061198234558 8554
1783179583805 0.010828722268342972 8555
1783179583904 0.28733566403388977 8556
1783179584012 0.005501087289303541 8557
1783179584113 0.008318602107465267 8558
1783179584217 0.13742077350616455 8559
1783179584317 0.01604684814810753 8560
1783179584418 0.02493968978524208 8561
1783179584427 0.014093494974076748 8562
1783179584436 0.07723873853683472 8563
1783179584451 0.005361407063901424 8564
1783179584459 0.04778679832816124 8565
1783179584466 0.08571864664554596 8566
1783179584471 0.08988862484693527 8567
1783179584561 0.08674543350934982 8568
1783179584652 0.04383194074034691 8569
1783179584666 0.0024915244430303574 8570
1783179584671 0.003201918676495552 8571
1783179584677 0.06473357230424881 8572
1783179584683 0.08344221860170364 8573
1783179584690 0.16971291601657867 8574
1783179584696 0.1211523488163948 8575
1783179584702 0.10985351353883743 8576
1783179584709 0.04189112409949303 8577
1783179584715 0.08447685092687607 8578
1783179584720 0.24181807041168213 8579
1783179584726 0.008651538752019405 8580
1783179584733 0.03232241049408913 8581
1783179584738 0.026585329324007034 8582
1783179584744 0.0738329142332077 8583
1783179584757 0.06155000254511833 8584
1783179584762 0.14532023668289185 8585
1783179584768 0.026709944009780884 8586
1783179584774 0.004168136045336723 8587
1783179584780 0.04268492013216019 8588
1783179584787 0.1261596977710724 8589
1783179584793 0.014229405671358109 8590
1783179584800 0.027236610651016235 8591
1783179584804 0.06829347461462021 8592
1783179584810 0.06990224868059158 8593
1783179584816 0.007576323114335537 8594
1783179584822 0.04033767804503441 8595
1783179584828 0.07754021137952805 8596
1783179584834 0.026222573593258858 8597
1783179584841 0.004015709273517132 8598
1783179584846 0.230380117893219 8599
1783179584853 0.13102322816848755 8600
1783179584858 0.050354212522506714 8601
1783179584861 0.1018332839012146 8602
1783179584867 0.08251779526472092 8603
1783179584874 0.007177954073995352 8604
1783179584879 0.09911622107028961 8605
1783179584885 0.17021818459033966 8606
1783179584891 0.20120902359485626 8607
1783179584897 0.3096145987510681 8608
1783179584903 0.13583068549633026 8609
1783179584909 0.025450309738516808 8610
1783179584915 0.24688485264778137 8611
1783179584921 0.032433100044727325 8612
1783179584927 0.08911200612783432 8613
1783179584933 0.2544054388999939 8614
1783179584939 0.004907017573714256 8615
1783179584945 0.09461753070354462 8616
1783179584951 0.0759269967675209 8617
1783179584957 0.040109969675540924 8618
1783179584969 0.029344690963625908 8619
1783179584975 0.12062989175319672 8620
1783179584983 0.10110286623239517 8621
1783179584987 0.015486125834286213 8622
1783179584993 0.036713939160108566 8623
1783179585003 0.0200518611818552 8624
1783179585006 0.11450163275003433 8625
1783179585010 0.11212926357984543 8626
1783179585016 0.11858285963535309 8627
1783179585022 0.056829240173101425 8628
1783179585028 0.16566282510757446 8629
1783179585034 0.006741172634065151 8630
1783179585039 0.16978596150875092 8631
1783179585041 0.04626642167568207 8632
1783179585050 0.002032410353422165 8633
1783179585055 0.09474629908800125 8634
1783179585061 0.24933215975761414 8635
1783179585067 0.12821297347545624 8636
1783179585073 0.2026968002319336 8637
1783179585078 0.009631944820284843 8638
1783179585085 0.033097971230745316 8639
1783179585093 0.11792971938848495 8640
1783179585096 0.137908473610878 8641
1783179585101 0.0925135612487793 8642
1783179585107 0.020128672942519188 8643
1783179585112 0.007337823510169983 8644
1783179585115 0.008149277418851852 8645
1783179585119 0.009199175052344799 8646
1783179585125 0.008800660260021687 8647
1783179585132 0.008671293966472149 8648
1783179585137 0.017842581495642662 8649
1783179585140 0.044127002358436584 8650
1783179585145 0.022652199491858482 8651
1783179585150 0.21834152936935425 8652
1783179585153 0.08282652497291565 8653
1783179585157 0.00690445676445961 8654
1783179585163 0.043958958238363266 8655
1783179585169 0.013696844689548016 8656
1783179585171 0.12818597257137299 8657
1783179585177 0.12535342574119568 8658
1783179585183 0.012343085370957851 8659
1783179585189 0.021017825230956078 8660
1783179585192 0.024724960327148438 8661
1783179585196 0.23231807351112366 8662
1783179585202 0.07173839211463928 8663
1783179585208 0.13695451617240906 8664
1783179585213 0.009634660556912422 8665
1783179585216 0.11874373257160187 8666
1783179585219 0.04169623553752899 8667
1783179585223 0.004186244215816259 8668
1783179585228 0.03354673460125923 8669
1783179585234 0.09839633852243423 8670
1783179585241 0.15957115590572357 8671
1783179585246 0.06012614816427231 8672
1783179585253 0.056036610156297684 8673
1783179585260 0.02136296220123768 8674
1783179585267 0.016249101608991623 8675
1783179585273 0.02173771895468235 8676
1783179585279 0.1726687252521515 8677
1783179585285 0.03617063909769058 8678
1783179585291 0.07953478395938873 8679
1783179585295 0.08655843138694763 8680
1783179585303 0.002184874378144741 8681
1783179585307 0.10155683010816574 8682
1783179585313 0.022411823272705078 8683
1783179585317 0.005541572812944651 8684
1783179585323 0.0025282150600105524 8685
1783179585328 0.06116410344839096 8686
1783179585335 0.00505077326670289 8687
1783179585340 0.005873777903616428 8688
1783179585345 0.0662156417965889 8689
1783179585351 0.006096897646784782 8690
1783179585355 0.013844485394656658 8691
1783179585360 0.009117962792515755 8692
1783179585367 0.022825514897704124 8693
1783179585374 0.035748980939388275 8694
1783179585379 0.07875952124595642 8695
1783179585385 0.03138897567987442 8696
1783179585391 0.09182260930538177 8697
1783179585397 0.03905197232961655 8698
1783179585403 0.006270898971706629 8699
1783179585409 0.07218881696462631 8700
1783179585415 0.03120560385286808 8701
1783179585421 0.1113915741443634 8702
1783179585427 0.012894569896161556 8703
1783179585435 0.042006488889455795 8704
1783179585446 0.09699507802724838 8705
1783179585453 0.004837087355554104 8706
1783179585459 0.07209841161966324 8707
1783179585467 0.01843702606856823 8708
1783179585471 0.1355907917022705 8709
1783179585477 0.013946074061095715 8710
1783179585484 0.0030799841042608023 8711
1783179585489 0.021780211478471756 8712
1783179585495 0.10280835628509521 8713
1783179585539 0.08368560671806335 8714
1783179585545 0.034376081079244614 8715
1783179585557 0.005553162191063166 8716
1783179585615 0.053077902644872665 8717
1783179585689 0.04656660929322243 8718
1783179585697 0.0645994171500206 8719
1783179585707 0.006412067916244268 8720
1783179585713 0.07805685698986053 8721
1783179585719 0.09811875969171524 8722
1783179585725 0.11379300057888031 8723
1783179585731 0.0028795532416552305 8724
1783179585737 0.12887461483478546 8725
1783179585743 0.0003149864496663213 8726
1783179585757 0.00139056786429137 8727
1783179585763 0.2687428593635559 8728
1783179585770 0.11553176492452621 8729
1783179585776 0.0018023577285930514 8730
1783179585788 0.04032297432422638 8731
1783179585792 0.01747759059071541 8732
1783179585803 0.0037188606802374125 8733
1783179585809 0.04353335499763489 8734
1783179585909 0.0005998316337354481 8735
1783179585968 0.03521427884697914 8736
1783179585975 0.11897807568311691 8737
1783179585980 0.025844665244221687 8738
1783179585986 0.02357279695570469 8739
1783179585992 0.024515660479664803 8740
1783179586001 0.09751463681459427 8741
1783179586098 0.06555841118097305 8742
1783179586145 0.03636937215924263 8743
1783179586151 0.08508465439081192 8744
1783179586157 0.00454611936584115 8745
1783179586163 0.005710161756724119 8746
1783179586169 0.037645209580659866 8747
1783179586177 0.010268202051520348 8748
1783179586181 0.025439085438847542 8749
1783179586188 0.012349349446594715 8750
1783179586285 0.019046979025006294 8751
1783179586317 0.13169364631175995 8752
1783179586323 0.22148209810256958 8753
1783179586329 0.04610636830329895 8754
1783179586335 0.07049083709716797 8755
1783179586341 0.2801840901374817 8756
1783179586398 0.07340209186077118 8757
1783179586404 0.02205880731344223 8758
1783179586410 0.04398297891020775 8759
1783179586416 0.048513926565647125 8760
1783179586422 0.08914527297019958 8761
1783179586428 0.1272561401128769 8762
1783179586524 0.0993121787905693 8763
1783179586619 0.09114736318588257 8764
1783179586713 0.028803186491131783 8765
1783179586814 0.018069099634885788 8766
1783179586916 0.177689790725708 8767
1783179587017 0.08698553591966629 8768
1783179587054 0.07045357674360275 8769
1783179587059 0.05870837718248367 8770
1783179587069 0.3221903145313263 8771
1783179587076 0.015784133225679398 8772
1783179587082 0.05381856486201286 8773
1783179587100 0.09278863668441772 8774
1783179587107 0.11464901268482208 8775
1783179587118 0.19737312197685242 8776
1783179587124 0.012680350802838802 8777
1783179587137 0.38849157094955444 8778
1783179587147 0.005601667333394289 8779
1783179587161 0.004724416416138411 8780
1783179587173 0.06592649966478348 8781
1783179587181 0.058255884796381 8782
1783179587186 0.0842529907822609 8783
1783179587192 0.1761552393436432 8784
1783179587198 0.025621995329856873 8785
1783179587205 0.15796466171741486 8786
1783179587211 0.25404661893844604 8787
1783179587229 0.07732366025447845 8788
1783179587235 0.013976208865642548 8789
1783179587241 0.004500247072428465 8790
1783179587267 0.003799387952312827 8791
1783179587289 0.18965359032154083 8792
1783179587295 0.0904836356639862 8793
1783179587301 0.00897190347313881 8794
1783179587308 0.059674762189388275 8795
1783179587314 0.0029643953312188387 8796
1783179587320 0.03124363347887993 8797
1783179587327 0.1391087770462036 8798
1783179587331 0.008698269724845886 8799
1783179587338 0.02086269110441208 8800
1783179587345 0.05358161777257919 8801
1783179587362 0.08473116904497147 8802
1783179587368 0.006379652302712202 8803
1783179587475 0.07390698790550232 8804
1783179587571 0.06182288005948067 8805
1783179587672 0.00987823773175478 8806
1783179587775 0.009535524994134903 8807
1783179587871 0.041252680122852325 8808
1783179587976 0.00870444905012846 8809
1783179588075 0.25400546193122864 8810
1783179588174 0.0029391776770353317 8811
1783179588276 0.03819726034998894 8812
1783179588374 0.04099868983030319 8813
1783179588455 0.12900036573410034 8814
1783179588459 0.03325103968381882 8815
1783179588463 0.24343952536582947 8816
1783179588511 0.09215500205755234 8817
1783179588516 0.13790646195411682 8818
1783179588522 0.016916895285248756 8819
1783179588527 0.07475773245096207 8820
1783179588539 0.5671181082725525 8821
1783179588544 0.03716736659407616 8822
1783179588564 0.010442866943776608 8823
1783179588576 0.04943104088306427 8824
1783179588593 0.037451550364494324 8825
1783179588642 0.015492388047277927 8826
1783179588652 0.0053187948651611805 8827
1783179588658 0.0036032183561474085 8828
1783179588668 0.07398920506238937 8829
1783179588688 0.03345157206058502 8830
1783179588694 0.022192806005477905 8831
1783179588699 0.011441088281571865 8832
1783179588707 0.03632793948054314 8833
1783179588713 0.011712346225976944 8834
1783179588719 0.04777330532670021 8835
1783179588724 0.07932353019714355 8836
1783179588729 0.016075989231467247 8837
1783179588736 0.03780341148376465 8838
1783179588742 0.018315203487873077 8839
1783179588749 0.05688822641968727 8840
1783179588785 0.0036236748564988375 8841
1783179588796 0.13785485923290253 8842
1783179588802 0.044560063630342484 8843
1783179588809 0.15310831367969513 8844
1783179588814 0.0035009898710995913 8845
1783179588820 0.019428811967372894 8846
1783179588826 0.0021364178974181414 8847
1783179588831 0.10297179222106934 8848
1783179588837 0.1237054318189621 8849
1783179588840 0.004595564212650061 8850
1783179588844 0.2419002652168274 8851
1783179588849 0.008308357559144497 8852
1783179588856 0.15209071338176727 8853
1783179588861 0.04756766930222511 8854
1783179588869 0.1918928474187851 8855
1783179588874 0.05426089093089104 8856
1783179588877 0.020011678338050842 8857
1783179588880 0.008975806646049023 8858
1783179588886 0.1730731725692749 8859
1783179588889 0.023070786148309708 8860
1783179588894 0.015347122214734554 8861
1783179588899 0.1557559370994568 8862
1783179588905 0.14393338561058044 8863
1783179588910 0.13143222033977509 8864
1783179588988 0.0661216750741005 8865
1783179588994 0.16455696523189545 8866
1783179589005 0.11273539811372757 8867
1783179589030 0.06354477256536484 8868
1783179589036 0.031130217015743256 8869
1783179589049 0.030643345788121223 8870
1783179589062 0.36869680881500244 8871
1783179589073 0.002685826737433672 8872
1783179589080 0.15575025975704193 8873
1783179589086 0.007935555651783943 8874
1783179589092 0.12434566766023636 8875
1783179589098 0.06933585554361343 8876
1783179589104 0.0033229768741875887 8877
1783179589110 0.08479253202676773 8878
1783179589116 0.04968715086579323 8879
1783179589120 0.007646642159670591 8880
1783179589126 0.04116678982973099 8881
1783179589132 0.030239369720220566 8882
1783179589138 0.05439098924398422 8883
1783179589144 0.20968016982078552 8884
1783179589150 0.07931927591562271 8885
1783179589156 0.14103135466575623 8886
1783179589161 0.006902480497956276 8887
1783179589166 0.12907613813877106 8888
1783179589172 0.0020725701469928026 8889
1783179589231 0.004762306809425354 8890
1783179589240 0.013513559475541115 8891
1783179589252 0.17359519004821777 8892
1783179589284 0.12062200158834457 8893
1783179589322 0.025062091648578644 8894
1783179589328 0.036320801824331284 8895
1783179589334 0.014152787625789642 8896
1783179589340 0.10876742005348206 8897
1783179589346 0.07250123471021652 8898
1783179589399 0.26912975311279297 8899
1783179589498 0.08140048384666443 8900
1783179589521 0.11888514459133148 8901
1783179589527 0.37174350023269653 8902
1783179589534 0.06511575728654861 8903
1783179589540 0.27901649475097656 8904
1783179589644 0.0723838359117508 8905
1783179589746 0.03095172718167305 8906
1783179589843 0.09650953859090805 8907
1783179589937 0.012207194231450558 8908
1783179589949 0.012393941171467304 8909
1783179589980 0.3247115910053253 8910
1783179589987 0.03737892210483551 8911
1783179589996 0.007990077137947083 8912
1783179589999 0.3757731318473816 8913
1783179590014 0.11858022958040237 8914
1783179590020 0.13839958608150482 8915
1783179590073 0.03182737156748772 8916
1783179590079 0.1042400524020195 8917
1783179590084 0.09945950657129288 8918
1783179590095 0.050335563719272614 8919
1783179590097 0.06916584074497223 8920
1783179590105 0.1572043001651764 8921
1783179590175 0.04088117182254791 8922
1783179590181 0.10024792701005936 8923
1783179590190 0.02276701293885708 8924
1783179590200 0.055941205471754074 8925
1783179590214 0.03567212447524071 8926
1783179590220 0.0029484450351446867 8927
1783179590227 0.08973991870880127 8928
1783179590238 0.11980864405632019 8929
1783179590244 0.13946689665317535 8930
1783179590247 0.09644453227519989 8931
1783179590258 0.11021943390369415 8932
1783179590263 0.03251985087990761 8933
1783179590271 0.09031576663255692 8934
1783179590276 0.09401323646306992 8935
1783179590282 0.09321679174900055 8936
1783179590288 0.019275566563010216 8937
1783179590294 0.03880644962191582 8938
1783179590371 0.31767240166664124 8939
1783179590376 0.06640773266553879 8940
1783179590382 0.164404034614563 8941
1783179590389 0.003919044975191355 8942
1783179590393 0.03285522758960724 8943
1783179590400 0.08664570748806 8944
1783179590407 0.1829718053340912 8945
1783179590413 0.013430232182145119 8946
1783179590418 0.012021473608911037 8947
1783179590425 0.04018676280975342 8948
1783179590430 0.014172187075018883 8949
1783179590437 0.10706116259098053 8950
1783179590443 0.3174387812614441 8951
1783179590448 0.08324526250362396 8952
1783179590455 0.08685513585805893 8953
1783179590461 0.09200359135866165 8954
1783179590467 0.10927190631628036 8955
1783179590473 0.2566598057746887 8956
1783179590480 0.03462997451424599 8957
1783179590485 0.004845993593335152 8958
1783179590492 0.02165072038769722 8959
1783179590497 0.028377171605825424 8960
1783179590505 0.1267276406288147 8961
1783179590509 0.005977901630103588 8962
1783179590516 0.15160773694515228 8963
1783179590521 0.15144896507263184 8964
1783179590526 0.1537482738494873 8965
1783179590532 0.2875153422355652 8966
1783179590538 0.01111851166933775 8967
1783179590544 0.0028509385883808136 8968
1783179590596 0.1007131040096283 8969
1783179590610 0.5022018551826477 8970
1783179590652 0.05380205065011978 8971
1783179590664 0.004537107888609171 8972
1783179590675 0.005553627852350473 8973
1783179590682 0.13004633784294128 8974
1783179590688 0.005702536087483168 8975
1783179590694 0.06456144899129868 8976
1783179590700 0.22660082578659058 8977
1783179590803 0.024772388860583305 8978
1783179590806 0.024918274953961372 8979
1783179590809 0.11525809019804001 8980
1783179590817 0.07594382017850876 8981
1783179590871 0.03787102550268173 8982
1783179590942 0.09051451832056046 8983
1783179590952 0.06339425593614578 8984
1783179590960 0.02065064013004303 8985
1783179590970 0.005534145515412092 8986
1783179590975 0.32773396372795105 8987
1783179590982 0.2662724554538727 8988
1783179591065 0.6486926674842834 8989
1783179591071 0.020358234643936157 8990
1783179591077 0.145730122923851 8991
1783179591083 0.06287723034620285 8992
1783179591089 0.3071337044239044 8993
1783179591095 0.03638317435979843 8994
1783179591101 0.06537017226219177 8995
1783179591107 0.024852920323610306 8996
1783179591113 0.12233902513980865 8997
1783179591118 0.14241813123226166 8998
1783179591124 0.09942794591188431 8999
1783179591130 0.01252488698810339 9000
1783179591136 0.034129902720451355 9001
1783179591142 0.42153966426849365 9002
1783179591149 0.07495848089456558 9003
1783179591155 0.08636654168367386 9004
1783179591161 0.13456228375434875 9005
1783179591167 0.040625009685754776 9006
1783179591223 0.12609374523162842 9007
1783179591296 0.04002867266535759 9008
1783179591314 0.0071753086522221565 9009
1783179591328 0.07738340646028519 9010
1783179591337 0.10478821396827698 9011
1783179591342 0.00930708833038807 9012
1783179591347 0.004888130351901054 9013
1783179591350 0.017722241580486298 9014
1783179591356 0.01574367843568325 9015
1783179591362 0.11784741282463074 9016
1783179591367 0.005753455683588982 9017
1783179591370 0.004174351692199707 9018
1783179591376 0.12778380513191223 9019
1783179591382 0.07636304944753647 9020
1783179591387 0.10791125148534775 9021
1783179591402 0.005502528045326471 9022
1783179591435 0.09731797128915787 9023
1783179591443 0.03479929640889168 9024
1783179591468 0.14556071162223816 9025
1783179591484 0.026855841279029846 9026
1783179591492 0.03425101190805435 9027
1783179591510 0.04361310601234436 9028
1783179591517 0.09203305095434189 9029
1783179591542 0.009511573240160942 9030
1783179591555 0.23857155442237854 9031
1783179591572 0.08388468623161316 9032
1783179591580 0.013196722604334354 9033
1783179591597 0.004303985740989447 9034
1783179591604 0.126425102353096 9035
1783179591615 0.05351690575480461 9036
1783179591623 0.042141955345869064 9037
1783179591639 0.06503557413816452 9038
1783179591647 0.010945805348455906 9039
1783179591667 0.1466318815946579 9040
1783179591680 0.04455704987049103 9041
1783179591689 0.12164127081632614 9042
1783179591698 0.018536478281021118 9043
1783179591712 0.021488185971975327 9044
1783179591729 0.10822302103042603 9045
1783179591736 0.004504991229623556 9046
1783179591747 0.15436609089374542 9047
1783179591761 0.1963963508605957 9048
1783179591777 0.13139130175113678 9049
1783179591785 0.02579176425933838 9050
1783179591803 0.054377149790525436 9051
1783179591815 0.009272163733839989 9052
1783179591906 0.022542236372828484 9053
1783179592000 0.12433888018131256 9054
1783179592088 0.010431798174977303 9055
1783179592176 0.15828634798526764 9056
1783179592185 0.0067277285270392895 9057
1783179592200 0.022662613540887833 9058
1783179592208 0.256685733795166 9059
1783179592219 0.06815636903047562 9060
1783179592230 0.09442088007926941 9061
1783179592242 0.27206695079803467 9062
1783179592257 0.023732157424092293 9063
1783179592262 0.08296157419681549 9064
1783179592296 0.0873417928814888 9065
1783179592304 0.032774150371551514 9066
1783179592315 0.014930455945432186 9067
1783179592382 0.02085757628083229 9068
1783179592390 0.02435959130525589 9069
1783179592398 0.04298464208841324 9070
1783179592410 0.13313959538936615 9071
1783179592423 0.05997869744896889 9072
1783179592457 0.0362103134393692 9073
1783179592519 0.16182532906532288 9074
1783179592535 0.035521265119314194 9075
1783179592545 0.13184864819049835 9076
1783179592590 0.10181621462106705 9077
1783179592689 0.03233625367283821 9078
1783179592782 0.02355761080980301 9079
1783179592861 0.025829661637544632 9080
1783179592950 0.2939090132713318 9081
1783179592957 0.09260976314544678 9082
1783179592963 0.011066240258514881 9083
1783179592969 0.07854676991701126 9084
1783179592995 0.042374998331069946 9085
1783179593001 0.01588965579867363 9086
1783179593007 0.0941426157951355 9087
1783179593021 0.0837407112121582 9088
1783179593024 0.16677150130271912 9089
1783179593033 0.11109276860952377 9090
1783179593039 0.15611320734024048 9091
1783179593050 0.005902320146560669 9092
1783179593077 0.2639038860797882 9093
1783179593083 0.010882203467190266 9094
1783179593090 0.02340327948331833 9095
1783179593095 0.06800218671560287 9096
1783179593115 0.02052316814661026 9097
1783179593129 0.0035475539043545723 9098
1783179593136 0.048164431005716324 9099
1783179593147 0.008643342182040215 9100
1783179593152 0.35041382908821106 9101
1783179593158 0.02785514108836651 9102
1783179593163 0.025439079850912094 9103
1783179593169 0.00918843038380146 9104
1783179593176 0.02471918612718582 9105
1783179593181 0.07634276151657104 9106
1783179593195 0.06922706961631775 9107
1783179593202 0.038803309202194214 9108
1783179593208 0.08490753918886185 9109
1783179593215 0.034409210085868835 9110
1783179593220 0.009796352125704288 9111
1783179593226 0.2256726175546646 9112
1783179593231 0.23818066716194153 9113
1783179593239 0.016019174829125404 9114
1783179593245 0.16197116672992706 9115
1783179593250 0.026052437722682953 9116
1783179593256 0.005596013739705086 9117
1783179593261 0.040578022599220276 9118
1783179593268 0.06736639142036438 9119
1783179593273 0.01534971036016941 9120
1783179593280 0.13005952537059784 9121
1783179593286 0.02047465182840824 9122
1783179593294 0.04468187317252159 9123
1783179593300 0.08486326783895493 9124
1783179593308 0.1937820017337799 9125
1783179593313 0.006494753994047642 9126
1783179593318 0.05281492695212364 9127
1783179593324 0.0526580773293972 9128
1783179593330 0.07507837563753128 9129
1783179593335 0.007960725575685501 9130
1783179593340 0.06940881907939911 9131
1783179593343 0.06445522606372833 9132
1783179593348 0.39251646399497986 9133
1783179593351 0.02099602110683918 9134
1783179593355 0.0720105990767479 9135
1783179593358 0.07669195532798767 9136
1783179593364 0.1650543063879013 9137
1783179593370 0.12513510882854462 9138
1783179593376 0.15505801141262054 9139
1783179593382 0.1071963980793953 9140
1783179593389 0.1476302444934845 9141
1783179593395 0.01380351185798645 9142
1783179593399 0.16551151871681213 9143
1783179593407 0.004976611118763685 9144
1783179593413 0.03634808957576752 9145
1783179593430 0.07550864666700363 9146
1783179593436 0.03515235334634781 9147
1783179593443 0.02823096513748169 9148
1783179593449 0.1373005360364914 9149
1783179593454 0.02304793708026409 9150
1783179593459 0.062256887555122375 9151
1783179593462 0.13220840692520142 9152
1783179593468 0.163542240858078 9153
1783179593475 0.1300320029258728 9154
1783179593480 0.13314758241176605 9155
1783179593491 0.036059074103832245 9156
1783179593497 0.036261092871427536 9157
1783179593577 0.09214413911104202 9158
1783179593581 0.0689576044678688 9159
1783179593592 0.12939514219760895 9160
1783179593597 0.31653326749801636 9161
1783179593603 0.1415477693080902 9162
1783179593611 0.060340046882629395 9163
1783179593616 0.006771917454898357 9164
1783179593622 0.020501384511590004 9165
1783179593627 0.10869268327951431 9166
1783179593634 0.19741828739643097 9167
1783179593640 0.006246549542993307 9168
1783179593646 0.029924925416707993 9169
1783179593651 0.011110779829323292 9170
1783179593657 0.017398329451680183 9171
1783179593663 0.016517529264092445 9172
1783179593753 0.02104712277650833 9173
1783179593765 0.05228044465184212 9174
1783179593770 0.15165935456752777 9175
1783179593777 0.10710708051919937 9176
1783179593782 0.005389537662267685 9177
1783179593790 0.13683196902275085 9178
1783179593795 0.031941745430231094 9179
1783179593800 0.007388082332909107 9180
1783179593808 0.031721096485853195 9181
1783179593814 0.04327167570590973 9182
1783179593819 0.1392034888267517 9183
1783179593830 0.030180789530277252 9184
1783179593836 0.041388146579265594 9185
1783179593861 0.028593577444553375 9186
1783179593867 0.12534354627132416 9187
1783179593875 0.1364838182926178 9188
1783179593879 0.009614193812012672 9189
1783179593885 0.03496984392404556 9190
1783179593892 0.05127245932817459 9191
1783179593900 0.07911163568496704 9192
1783179593904 0.018122265115380287 9193
1783179593914 0.12033341079950333 9194
1783179593921 0.047252312302589417 9195
1783179593926 0.020175738260149956 9196
1783179593931 0.12443020939826965 9197
1783179593938 0.16703487932682037 9198
1783179593944 0.0645177811384201 9199
1783179593949 0.14446356892585754 9200
1783179593955 0.029032450169324875 9201
1783179593963 0.004876262042671442 9202
1783179593969 0.03177240118384361 9203
1783179593975 0.016694974154233932 9204
1783179593980 0.22695577144622803 9205
1783179593986 0.31330862641334534 9206
1783179593992 0.024617422372102737 9207
1783179593999 0.011726203374564648 9208
1783179594004 0.07149861752986908 9209
1783179594010 0.021115340292453766 9210
1783179594016 0.018167566508054733 9211
1783179594023 0.3739069998264313 9212
1783179594028 0.04075585678219795 9213
1783179594034 0.04149813950061798 9214
1783179594040 0.1358957290649414 9215
1783179594047 0.02914375066757202 9216
1783179594053 0.17554740607738495 9217
1783179594059 0.13654835522174835 9218
1783179594065 0.0788545310497284 9219
1783179594072 0.009746753610670567 9220
1783179594079 0.04542228952050209 9221
1783179594084 0.23521967232227325 9222
1783179594090 0.1408543586730957 9223
1783179594093 0.20929142832756042 9224
1783179594097 0.042426154017448425 9225
1783179594100 0.01578504778444767 9226
1783179594103 0.048647232353687286 9227
1783179594108 0.15128326416015625 9228
1783179594111 0.03897992894053459 9229
1783179594113 0.0727601945400238 9230
1783179594116 0.042740125209093094 9231
1783179594119 0.13994647562503815 9232
1783179594121 0.010386652313172817 9233
1783179594125 0.014561252668499947 9234
1783179594128 0.04375347122550011 9235
1783179594130 0.1772502064704895 9236
1783179594134 0.21473731100559235 9237
1783179594136 0.0026150441262871027 9238
1783179594141 0.02125552110373974 9239
1783179594143 0.0828385204076767 9240
1783179594146 0.06635397672653198 9241
1783179594149 0.03313199058175087 9242
1783179594152 0.16785702109336853 9243
1783179594155 0.07659575343132019 9244
1783179594157 0.1858280897140503 9245
1783179594160 0.10810098797082901 9246
1783179594163 0.06478766351938248 9247
1783179594166 0.03573659807443619 9248
1783179594168 0.15201345086097717 9249
1783179594174 0.024976972490549088 9250
1783179594182 0.08590498566627502 9251
1783179594185 0.013729986734688282 9252
1783179594192 0.05791911855340004 9253
1783179594198 0.03695997968316078 9254
1783179594205 0.0030681004282087088 9255
1783179594210 0.14172637462615967 9256
1783179594216 0.039753347635269165 9257
1783179594220 0.01645245961844921 9258
1783179594223 0.2465519905090332 9259
1783179594227 0.036291033029556274 9260
1783179594231 0.02667964994907379 9261
1783179594234 0.003988380078226328 9262
1783179594237 0.026347167789936066 9263
1783179594241 0.009888136759400368 9264
1783179594243 0.08921653777360916 9265
1783179594247 0.12170613557100296 9266
1783179594251 0.08898815512657166 9267
1783179594253 0.2466970682144165 9268
1783179594256 0.17107869684696198 9269
1783179594260 0.023215679451823235 9270
1783179594263 0.05481274053454399 9271
1783179594266 0.3176475167274475 9272
1783179594270 0.2642050087451935 9273
1783179594273 0.05512726306915283 9274
1783179594277 0.20832107961177826 9275
1783179594281 0.01917731761932373 9276
1783179594284 0.01346705574542284 9277
1783179594288 0.006878325715661049 9278
1783179594292 0.02573014423251152 9279
1783179594295 0.1155908852815628 9280
1783179594299 0.11279158294200897 9281
1783179594303 0.14406299591064453 9282
1783179594308 0.08047078549861908 9283
1783179594310 0.13678139448165894 9284
1783179594313 0.14980468153953552 9285
1783179594317 0.08338300883769989 9286
1783179594319 0.06743942946195602 9287
1783179594325 0.02759423851966858 9288
1783179594328 0.3281899392604828 9289
1783179594331 0.002682223217561841 9290
1783179594335 0.006282392889261246 9291
1783179594338 0.2960430085659027 9292
1783179594342 0.12932179868221283 9293
1783179594345 0.11857333034276962 9294
1783179594349 0.1882740557193756 9295
1783179594352 0.040817178785800934 9296
1783179594355 0.06319064646959305 9297
1783179594358 0.15747980773448944 9298
1783179594362 0.12116122990846634 9299
1783179594365 0.053376562893390656 9300
1783179594378 0.21165139973163605 9301
1783179594384 0.04093582183122635 9302
1783179594390 0.1353176087141037 9303
1783179594470 0.3300628960132599 9304
1783179594571 0.2594088613986969 9305
1783179594662 0.036312367767095566 9306
1783179594689 0.02411988563835621 9307
1783179594694 0.1456824541091919 9308
1783179594699 0.02977384813129902 9309
1783179594706 0.1119007095694542 9310
1783179594724 0.005796229932457209 9311
1783179594730 0.014252777211368084 9312
1783179594742 0.1749906688928604 9313
1783179594747 0.03182295709848404 9314
1783179594754 0.20173171162605286 9315
1783179594759 0.057430729269981384 9316
1783179594765 0.03871690109372139 9317
1783179594771 0.3136938512325287 9318
1783179594778 0.10419871658086777 9319
1783179594783 0.01821615919470787 9320
1783179594789 0.024805810302495956 9321
1783179594795 0.04728737846016884 9322
1783179594802 0.040395721793174744 9323
1783179594808 0.06560108065605164 9324
1783179594813 0.05552453547716141 9325
1783179594819 0.02285846322774887 9326
1783179594826 0.025434475392103195 9327
1783179594831 0.14408601820468903 9328
1783179594838 0.01561373844742775 9329
1783179594843 0.10538257658481598 9330
1783179594850 0.011760096065700054 9331
1783179594856 0.09965486824512482 9332
1783179594860 0.03342102840542793 9333
1783179594867 0.05708012357354164 9334
1783179594874 0.017961638048291206 9335
1783179594880 0.02905457839369774 9336
1783179594885 0.017802640795707703 9337
1783179594892 0.15485094487667084 9338
1783179594898 0.0018994405400007963 9339
1783179594904 0.07716583460569382 9340
1783179594912 0.007174234837293625 9341
1783179594917 0.2181405872106552 9342
1783179594929 0.41745322942733765 9343
1783179594936 0.23789304494857788 9344
1783179594941 0.143680140376091 9345
1783179594954 0.05610225349664688 9346
1783179594959 0.031497273594141006 9347
1783179594965 0.10563382506370544 9348
1783179594971 0.00781426765024662 9349
1783179594977 0.10839172452688217 9350
1783179594983 0.19822286069393158 9351
1783179594987 0.03474092110991478 9352
1783179595013 0.09010578691959381 9353
1783179595025 0.02432398498058319 9354
1783179595032 0.049156080931425095 9355
1783179595037 0.01256561279296875 9356
1783179595043 0.26235970854759216 9357
1783179595049 0.13265672326087952 9358
1783179595056 0.01191245298832655 9359
1783179595061 0.21806204319000244 9360
1783179595067 0.04904167354106903 9361
1783179595079 0.004168679937720299 9362
1783179595083 0.007613851688802242 9363
1783179595088 0.008709235116839409 9364
1783179595096 0.03679059445858002 9365
1783179595109 0.21508671343326569 9366
1783179595113 0.011178100481629372 9367
1783179595121 0.07374341040849686 9368
1783179595127 0.05325945094227791 9369
1783179595132 0.021121636033058167 9370
1783179595137 0.008292769081890583 9371
1783179595146 0.001899034483358264 9372
1783179595152 0.026278654113411903 9373
1783179595157 0.010248911567032337 9374
