1783179905168 2.332928419113159 0
1783179905256 2.311349391937256 1
1783179905351 2.2360165119171143 2
1783179905449 2.269514560699463 3
1783179905522 2.1734235286712646 4
1783179905626 2.1634223461151123 5
1783179905726 2.1988413333892822 6
1783179905815 2.088348865509033 7
1783179905892 2.0887646675109863 8
1783179905972 2.0332155227661133 9
1783179906064 2.1715619564056396 10
1783179906167 2.0537893772125244 11
1783179906266 1.901257038116455 12
1783179906357 1.949742078781128 13
1783179906368 1.8770818710327148 14
1783179906387 1.909563660621643 15
1783179906395 1.8214672803878784 16
1783179906407 1.6820632219314575 17
1783179906431 1.7439494132995605 18
1783179906443 1.7462172508239746 19
1783179906455 1.736147165298462 20
1783179906510 1.6395137310028076 21
1783179906524 1.6938728094100952 22
1783179906533 1.570852518081665 23
1783179906543 1.4947494268417358 24
1783179906552 1.636146068572998 25
1783179906563 1.3863842487335205 26
1783179906573 1.2415094375610352 27
1783179906581 1.3968274593353271 28
1783179906599 1.1855645179748535 29
1783179906615 1.3736177682876587 30
1783179906626 1.3474483489990234 31
1783179906636 1.4264881610870361 32
1783179906695 1.4055317640304565 33
1783179906705 1.1156238317489624 34
1783179906713 1.3585681915283203 35
1783179906738 1.1845759153366089 36
1783179906747 1.2243469953536987 37
1783179906759 1.178596019744873 38
1783179906778 1.142777919769287 39
1783179906843 1.1349902153015137 40
1783179906855 1.0064672231674194 41
1783179906870 0.8169509172439575 42
1783179906882 1.099474549293518 43
1783179906902 0.9903798699378967 44
1783179906919 0.8271744251251221 45
1783179906932 0.962238609790802 46
1783179906945 0.7891594767570496 47
1783179906968 1.02450430393219 48
1783179906975 1.1465131044387817 49
1783179906982 0.8929286599159241 50
1783179907088 0.7898415923118591 51
1783179907186 0.8556331396102905 52
1783179907285 0.8916319608688354 53
1783179907389 0.9092761278152466 54
1783179907481 1.2646608352661133 55
1783179907492 0.8821364045143127 56
1783179907498 0.5718319416046143 57
1783179907505 0.8503277897834778 58
1783179907511 0.9721935391426086 59
1783179907517 0.9887387752532959 60
1783179907523 0.681608259677887 61
1783179907609 0.8201417922973633 62
1783179907645 0.7256907224655151 63
1783179907749 0.988874614238739 64
1783179907852 1.0327274799346924 65
1783179907950 1.096103310585022 66
1783179907956 0.699070394039154 67
1783179907962 0.6494465470314026 68
1783179908050 0.6421183347702026 69
1783179908113 0.7315699458122253 70
1783179908177 0.793479323387146 71
1783179908203 1.145157814025879 72
1783179908219 1.1077589988708496 73
1783179908261 0.6638020277023315 74
1783179908357 0.7069586515426636 75
1783179908375 0.6816837191581726 76
1783179908378 0.7603079080581665 77
1783179908385 0.7273155450820923 78
1783179908402 0.6164595484733582 79
1783179908486 0.5539724826812744 80
1783179908496 0.5208072662353516 81
1783179908504 0.8645749688148499 82
1783179908510 0.5681471228599548 83
1783179908516 1.0013303756713867 84
1783179908522 0.6981515288352966 85
1783179908527 0.4947760999202728 86
1783179908565 0.4851113259792328 87
1783179908570 0.49061319231987 88
1783179908575 0.5260059237480164 89
1783179908582 0.7811434864997864 90
1783179908588 0.8503363132476807 91
1783179908593 0.7866262197494507 92
1783179908606 0.6948426365852356 93
1783179908617 0.6210778951644897 94
1783179908624 0.6824018955230713 95
1783179908631 0.6899570822715759 96
1783179908636 0.5161738991737366 97
1783179908642 0.7703166007995605 98
1783179908647 0.39449432492256165 99
1783179908654 0.5428739786148071 100
1783179908660 0.6090226173400879 101
1783179908668 0.7673884034156799 102
1783179908678 0.7855331897735596 103
1783179908687 0.4438462555408478 104
1783179908701 0.5145390033721924 105
1783179908707 0.4046581983566284 106
1783179908719 0.8548052906990051 107
1783179908726 0.48437124490737915 108
1783179908732 0.6096029877662659 109
1783179908739 1.0136041641235352 110
1783179908744 0.5405070781707764 111
1783179908749 0.41344255208969116 112
1783179908756 1.0146530866622925 113
1783179908768 0.6903567314147949 114
1783179908774 0.5186201333999634 115
1783179908788 0.8678671717643738 116
1783179908812 0.5709561109542847 117
1783179908820 0.7832818627357483 118
1783179908844 0.6834897994995117 119
1783179908854 0.6598105430603027 120
1783179908868 0.4532633423805237 121
1783179908952 0.48365518450737 122
1783179909052 0.4050845801830292 123
1783179909150 0.7442032098770142 124
1783179909249 0.5346768498420715 125
1783179909348 0.427095502614975 126
1783179909446 0.6542104482650757 127
1783179909542 0.4444558918476105 128
1783179909645 0.5767558217048645 129
1783179909743 0.89461749792099 130
1783179909840 0.6259801983833313 131
1783179909944 0.6801542639732361 132
1783179910050 0.5541048645973206 133
1783179910146 0.6559696197509766 134
1783179910240 0.47688809037208557 135
1783179910343 0.7784008979797363 136
1783179910448 0.5765066742897034 137
1783179910545 0.7814209461212158 138
1783179910588 0.6271780133247375 139
1783179910595 0.8317505121231079 140
1783179910605 0.7041648626327515 141
1783179910625 0.4092922508716583 142
1783179910707 0.8514184355735779 143
1783179910732 0.7414398789405823 144
1783179910743 0.48147502541542053 145
1783179910763 0.5780344009399414 146
1783179910854 0.6088911294937134 147
1783179910950 0.42310136556625366 148
1783179910995 0.6005720496177673 149
1783179911002 0.4524085521697998 150
1783179911013 0.6775477528572083 151
1783179911019 0.5318499207496643 152
1783179911024 0.4311169981956482 153
1783179911037 0.680253267288208 154
1783179911044 0.288083553314209 155
1783179911056 0.5175065994262695 156
1783179911062 0.47642767429351807 157
1783179911070 0.5116501450538635 158
1783179911086 0.22731955349445343 159
1783179911091 0.4570348262786865 160
1783179911098 0.4799295663833618 161
1783179911102 0.6928367018699646 162
1783179911117 0.6176741123199463 163
1783179911125 0.3919528126716614 164
1783179911143 0.5403531789779663 165
1783179911199 0.7967174649238586 166
1783179911300 0.8543398976325989 167
1783179911401 0.4888221323490143 168
1783179911496 0.6570518612861633 169
1783179911596 0.45277222990989685 170
1783179911694 0.6348972320556641 171
1783179911787 0.6951698064804077 172
1783179911793 0.6278473138809204 173
1783179911798 0.28864437341690063 174
1783179911805 0.17617438733577728 175
1783179911811 0.3626416325569153 176
1783179911815 0.6741412878036499 177
1783179911835 0.3542993664741516 178
1783179911839 0.2928188443183899 179
1783179911845 0.6655034422874451 180
1783179911851 0.557052493095398 181
1783179911864 0.3745846748352051 182
1783179911872 0.3560544550418854 183
1783179911877 0.5750627517700195 184
1783179911883 0.6262958645820618 185
1783179911887 0.6467627882957458 186
1783179911894 0.5461196303367615 187
1783179911904 0.8008114695549011 188
1783179911911 0.46377742290496826 189
1783179911917 0.7728715538978577 190
1783179911923 0.2698436677455902 191
1783179911929 0.5788478851318359 192
1783179911935 0.8657591938972473 193
1783179911984 0.24916082620620728 194
1783179912028 0.341244637966156 195
1783179912035 0.262230783700943 196
1783179912041 0.43795937299728394 197
1783179912046 0.6414232850074768 198
1783179912058 0.46705201268196106 199
1783179912066 0.8070688247680664 200
1783179912070 0.7090062499046326 201
1783179912076 0.4365045726299286 202
1783179912083 0.9336196184158325 203
1783179912124 0.5415025353431702 204
1783179912128 0.4690394401550293 205
1783179912134 0.4387160539627075 206
1783179912140 0.3305478096008301 207
1783179912146 0.4122086763381958 208
1783179912153 0.5586726069450378 209
1783179912158 0.5963885188102722 210
1783179912166 0.2878190875053406 211
1783179912170 0.7658892869949341 212
1783179912176 0.3970406949520111 213
1783179912183 0.5103769302368164 214
1783179912188 0.7580534219741821 215
1783179912195 0.385248601436615 216
1783179912201 0.41095104813575745 217
1783179912207 0.644232451915741 218
1783179912220 0.40364518761634827 219
1783179912227 0.5428610444068909 220
1783179912233 0.6381135582923889 221
1783179912239 0.43389803171157837 222
1783179912245 0.5311278700828552 223
1783179912251 0.48915234208106995 224
1783179912257 0.4469548761844635 225
1783179912263 0.35073786973953247 226
1783179912269 0.3801155388355255 227
1783179912274 0.549526572227478 228
1783179912286 0.42811405658721924 229
1783179912292 0.5635586977005005 230
1783179912299 0.23568931221961975 231
1783179912304 0.49214786291122437 232
1783179912310 0.8204933404922485 233
1783179912316 0.38510915637016296 234
1783179912322 0.894539475440979 235
1783179912328 0.4916508197784424 236
1783179912334 0.671964168548584 237
1783179912340 0.8260034918785095 238
1783179912346 0.39346879720687866 239
1783179912352 0.39320051670074463 240
1783179912358 0.6263872981071472 241
1783179912366 0.7406538128852844 242
1783179912370 0.17589810490608215 243
1783179912376 0.36688432097435 244
1783179912456 0.34402596950531006 245
1783179912553 0.44083142280578613 246
1783179912650 0.5736758708953857 247
1783179912750 0.6010670065879822 248
1783179912859 0.33779099583625793 249
1783179912905 0.28884246945381165 250
1783179913002 0.23794835805892944 251
1783179913098 0.3250592350959778 252
1783179913187 0.39996856451034546 253
1783179913284 0.40764132142066956 254
1783179913389 0.49879366159439087 255
1783179913488 0.23001576960086823 256
1783179913595 0.3434458076953888 257
1783179913669 0.3712944984436035 258
1783179913678 0.605534553527832 259
1783179913690 0.19033455848693848 260
1783179913697 0.34491515159606934 261
1783179913706 0.13108456134796143 262
1783179913711 0.23358063399791718 263
1783179913716 0.9194318056106567 264
1783179913722 0.5312791466712952 265
1783179913784 0.2616129517555237 266
1783179913790 0.30950984358787537 267
1783179913795 0.4099557101726532 268
1783179913801 0.5680686831474304 269
1783179913805 0.5631193518638611 270
1783179913811 0.657291829586029 271
1783179913818 0.2864116132259369 272
1783179913822 0.23900534212589264 273
1783179913827 0.21801738440990448 274
1783179913831 0.26026931405067444 275
1783179913836 0.3108210265636444 276
1783179913843 0.7638559341430664 277
1783179913849 0.4309374988079071 278
1783179913855 0.6635787487030029 279
1783179913861 0.4398002326488495 280
1783179913867 0.4102713465690613 281
1783179913872 0.47576895356178284 282
1783179913879 0.5575993061065674 283
1783179913886 0.6686073541641235 284
1783179913891 0.8578500151634216 285
1783179913897 0.5565176010131836 286
1783179913903 0.335385799407959 287
1783179913908 0.4666566848754883 288
1783179913914 0.1783629059791565 289
1783179913921 0.8212677240371704 290
1783179913927 0.6189177632331848 291
1783179913934 0.5062379837036133 292
1783179913939 0.5654119849205017 293
1783179913944 0.33686599135398865 294
1783179913951 0.4002898931503296 295
1783179913957 0.4317094385623932 296
1783179913962 0.9119595289230347 297
1783179913968 0.5844262838363647 298
1783179913974 0.23955780267715454 299
1783179913981 0.40833017230033875 300
1783179913987 0.40065091848373413 301
1783179913993 0.3166152238845825 302
1783179913998 0.3525313436985016 303
1783179914004 0.6501144170761108 304
1783179914011 0.31222131848335266 305
1783179914017 0.19676625728607178 306
1783179914023 0.46381112933158875 307
1783179914028 0.3657676875591278 308
1783179914035 0.8464024662971497 309
1783179914041 0.11492259055376053 310
1783179914046 0.207593634724617 311
1783179914052 0.39135247468948364 312
1783179914058 0.13633686304092407 313
1783179914102 0.6866201162338257 314
1783179914108 0.21507111191749573 315
1783179914114 0.23579034209251404 316
1783179914120 0.21757131814956665 317
1783179914126 0.29876989126205444 318
1783179914131 0.39333659410476685 319
1783179914138 0.6170213222503662 320
1783179914144 0.45601579546928406 321
1783179914151 0.42042404413223267 322
1783179914157 0.30885231494903564 323
1783179914162 0.19500459730625153 324
1783179914168 0.5554478168487549 325
1783179914175 0.2648475468158722 326
1783179914181 0.14161190390586853 327
1783179914187 0.25241830945014954 328
1783179914193 0.3182964324951172 329
1783179914199 0.3257709741592407 330
1783179914205 0.2864312529563904 331
1783179914211 0.31377118825912476 332
1783179914217 0.1419593095779419 333
1783179914223 0.5506809949874878 334
1783179914227 0.530648410320282 335
1783179914235 0.6338406801223755 336
1783179914240 0.5358787775039673 337
1783179914245 0.39189934730529785 338
1783179914252 0.30120810866355896 339
1783179914258 0.48079249262809753 340
1783179914263 0.5319712162017822 341
1783179914270 0.5167201161384583 342
1783179914276 0.5882737040519714 343
1783179914281 0.3275686204433441 344
1783179914288 0.22568447887897491 345
1783179914294 0.2564080059528351 346
1783179914300 0.44954565167427063 347
1783179914305 0.22216971218585968 348
1783179914311 0.3984319567680359 349
1783179914317 0.3626369833946228 350
1783179914322 0.40738311409950256 351
1783179914328 0.2931990623474121 352
1783179914336 0.7779552936553955 353
1783179914341 0.4923206865787506 354
1783179914346 0.2022588551044464 355
1783179914353 0.4239902198314667 356
1783179914358 0.2159489095211029 357
1783179914365 0.3914867639541626 358
1783179914371 0.48566895723342896 359
1783179914377 0.45047128200531006 360
1783179914382 0.3425683081150055 361
1783179914389 0.7687628269195557 362
1783179914396 0.25510403513908386 363
1783179914402 0.41214224696159363 364
1783179914408 0.5706596374511719 365
1783179914413 0.1770171970129013 366
1783179914418 0.7476507425308228 367
1783179914425 0.4905242323875427 368
1783179914431 0.29103294014930725 369
1783179914436 0.3507962226867676 370
1783179914443 0.6555772423744202 371
1783179914449 0.6346795558929443 372
1783179914454 0.2914717495441437 373
1783179914461 0.665926992893219 374
1783179914467 0.27454233169555664 375
1783179914472 0.5588611960411072 376
1783179914479 0.35668033361434937 377
1783179914490 0.2726273536682129 378
1783179914496 0.4019808769226074 379
1783179914503 0.4601546823978424 380
1783179914509 0.44190749526023865 381
1783179914592 0.30919837951660156 382
1783179914602 0.6893938183784485 383
1783179914647 0.19723378121852875 384
1783179914654 0.3987794518470764 385
1783179914660 0.4258849322795868 386
1783179914665 0.2655944228172302 387
1783179914672 0.4726620316505432 388
1783179914677 0.32211625576019287 389
1783179914687 0.4950661361217499 390
1783179914694 0.41603636741638184 391
1783179914701 0.4889097213745117 392
1783179914713 0.2161000669002533 393
1783179914721 0.1621347963809967 394
1783179914725 0.20590335130691528 395
1783179914731 0.26832371950149536 396
1783179914738 0.3292788565158844 397
1783179914742 0.18693523108959198 398
1783179914749 0.4505572021007538 399
1783179914755 0.4039172828197479 400
1783179914760 0.45784178376197815 401
1783179914766 0.5878282785415649 402
1783179914773 0.16291572153568268 403
1783179914778 0.3876798152923584 404
1783179914785 0.2794443368911743 405
1783179914795 0.15008138120174408 406
1783179914808 0.1728782057762146 407
1783179914814 0.4957718253135681 408
1783179914821 0.187708780169487 409
1783179914826 0.4330102801322937 410
1783179914833 0.7395898699760437 411
1783179914844 0.6652928590774536 412
1783179914855 0.21832455694675446 413
1783179914859 0.19765546917915344 414
1783179914864 0.23994624614715576 415
1783179914870 0.4201290011405945 416
1783179914873 0.3803759515285492 417
1783179914879 0.4826957583427429 418
1783179914883 0.3432762026786804 419
1783179914886 0.37003567814826965 420
1783179914891 0.26304179430007935 421
1783179914894 0.6233211159706116 422
1783179914898 0.20465399324893951 423
1783179914903 0.5330662727355957 424
1783179914907 0.16662704944610596 425
1783179914911 0.3279484808444977 426
1783179914917 0.42010024189949036 427
1783179914921 0.28242942690849304 428
1783179914928 0.36920449137687683 429
1783179914933 0.22876033186912537 430
1783179914941 0.3106706738471985 431
1783179914948 0.6462756395339966 432
1783179914954 0.15019960701465607 433
1783179914958 0.3457114100456238 434
1783179914964 0.6266076564788818 435
1783179914970 0.10604271292686462 436
1783179914975 0.710126519203186 437
1783179914979 0.4283660054206848 438
1783179914991 0.732356071472168 439
1783179914998 0.23062767088413239 440
1783179915005 0.2217624932527542 441
1783179915020 0.5295107364654541 442
1783179915027 0.4477461874485016 443
1783179915034 0.31895995140075684 444
1783179915040 0.5792310833930969 445
1783179915045 0.27852970361709595 446
1783179915053 0.34700194001197815 447
1783179915058 0.31006261706352234 448
1783179915063 0.3555355370044708 449
1783179915070 0.328961044549942 450
1783179915076 0.24651390314102173 451
1783179915081 0.2575106620788574 452
1783179915087 0.47619566321372986 453
1783179915093 0.3997053802013397 454
1783179915100 0.11150116473436356 455
1783179915105 0.3800612688064575 456
1783179915112 0.16832436621189117 457
1783179915119 0.7978795766830444 458
1783179915124 0.33950647711753845 459
1783179915129 0.34921345114707947 460
1783179915137 0.424686998128891 461
1783179915143 0.409742146730423 462
1783179915148 0.4338940978050232 463
1783179915155 0.33770647644996643 464
1783179915162 0.3487229645252228 465
1783179915177 0.5777368545532227 466
1783179915205 0.2882533669471741 467
1783179915212 0.28621184825897217 468
1783179915217 0.5273807644844055 469
1783179915222 0.5286045074462891 470
1783179915295 0.2927795350551605 471
1783179915303 0.36281928420066833 472
1783179915313 0.40867140889167786 473
1783179915324 0.36710622906684875 474
1783179915330 0.4544318616390228 475
1783179915338 0.4001576900482178 476
1783179915343 0.26326048374176025 477
1783179915349 1.0451146364212036 478
1783179915355 0.22322243452072144 479
1783179915360 0.34554973244667053 480
1783179915366 0.3462023138999939 481
1783179915372 0.11164643615484238 482
1783179915380 0.47439634799957275 483
1783179915384 0.38243764638900757 484
1783179915390 0.33332669734954834 485
1783179915395 0.4931253492832184 486
1783179915402 0.21427851915359497 487
1783179915407 0.14590026438236237 488
1783179915414 0.17864982783794403 489
1783179915483 0.4028848707675934 490
1783179915510 0.4191395342350006 491
1783179915514 0.5356616377830505 492
1783179915521 0.2751394510269165 493
1783179915527 0.45044562220573425 494
1783179915531 0.18380872905254364 495
1783179915538 0.3579464554786682 496
1783179915642 0.2255212664604187 497
1783179915735 0.1127820834517479 498
1783179915745 0.31373921036720276 499
1783179915756 0.26536470651626587 500
1783179915761 0.2870239019393921 501
1783179915775 0.3644827902317047 502
1783179915780 0.1861526370048523 503
1783179915788 0.30466344952583313 504
1783179915793 0.5300285220146179 505
1783179915804 0.6521196961402893 506
1783179915821 0.3784680962562561 507
1783179915828 0.2674456536769867 508
1783179915834 0.2359866052865982 509
1783179915840 0.3157161772251129 510
1783179915871 0.49172815680503845 511
1783179915879 0.41671809554100037 512
1783179915884 0.2935640215873718 513
1783179915891 0.33060142397880554 514
1783179915905 0.2170150727033615 515
1783179915917 0.37251460552215576 516
1783179915933 0.4069954454898834 517
1783179915944 0.3217849135398865 518
1783179915951 0.4186370074748993 519
1783179915957 0.11607763171195984 520
1783179915964 0.09965384751558304 521
1783179915971 0.6259729862213135 522
1783179915977 0.6253727674484253 523
1783179915982 0.27953431010246277 524
1783179915996 0.27592095732688904 525
1783179916001 0.1729295551776886 526
1783179916007 0.2573241591453552 527
1783179916014 0.6468691229820251 528
1783179916115 0.510039746761322 529
1783179916125 0.8471122980117798 530
1783179916133 0.35270723700523376 531
1783179916138 0.4593747854232788 532
1783179916150 0.2898663878440857 533
1783179916165 0.43858274817466736 534
1783179916178 0.21941600739955902 535
1783179916183 0.2770769000053406 536
1783179916190 0.19212423264980316 537
1783179916196 0.20973247289657593 538
1783179916202 0.5359266996383667 539
1783179916213 0.6308534741401672 540
1783179916220 0.5265513062477112 541
1783179916226 0.1116894781589508 542
1783179916233 0.6479310393333435 543
1783179916243 0.1329231709241867 544
1783179916248 0.25607621669769287 545
1783179916347 0.7151060104370117 546
1783179916446 0.15392476320266724 547
1783179916549 0.2977146804332733 548
1783179916651 0.3996206521987915 549
1783179916750 0.2923939526081085 550
1783179916851 0.6632735133171082 551
1783179916954 0.517991840839386 552
1783179917058 0.2607322335243225 553
1783179917167 0.16944542527198792 554
1783179917267 0.2901688814163208 555
1783179917368 0.2937483787536621 556
1783179917470 0.20930659770965576 557
1783179917570 0.36768850684165955 558
1783179917664 0.5688344836235046 559
1783179917767 0.28941136598587036 560
1783179917860 0.13927870988845825 561
1783179917873 0.30974745750427246 562
1783179917880 0.2740129232406616 563
1783179917890 0.24465271830558777 564
1783179917909 0.4168422818183899 565
1783179917933 0.4591818153858185 566
1783179917937 0.23292756080627441 567
1783179917945 0.3751547634601593 568
1783179917951 0.3834737241268158 569
1783179917959 0.2263668179512024 570
1783179917974 0.42861244082450867 571
1783179917984 0.48563721776008606 572
1783179917990 0.19592353701591492 573
1783179917995 0.4013153910636902 574
1783179918001 0.2274060696363449 575
1783179918009 0.17241674661636353 576
1783179918013 0.1494905799627304 577
1783179918018 0.46639055013656616 578
1783179918027 0.3946910500526428 579
1783179918051 0.4490385949611664 580
1783179918063 0.33249178528785706 581
1783179918069 0.33019500970840454 582
1783179918075 0.1766037791967392 583
1783179918095 0.15657088160514832 584
1783179918108 0.25335729122161865 585
1783179918113 0.7262142896652222 586
1783179918125 0.3862064778804779 587
1783179918132 0.3136136829853058 588
1783179918138 0.27035462856292725 589
1783179918143 0.33013373613357544 590
1783179918153 0.21996012330055237 591
1783179918160 0.3368721008300781 592
1783179918178 0.46037375926971436 593
1783179918185 0.6130386590957642 594
1783179918190 0.2641453146934509 595
1783179918196 0.34020814299583435 596
1783179918203 0.22041958570480347 597
1783179918208 0.3657841384410858 598
1783179918214 0.2070019543170929 599
1783179918217 0.2880992293357849 600
1783179918220 0.2554871737957001 601
1783179918224 0.32464903593063354 602
1783179918228 0.2858433723449707 603
1783179918231 0.6398412585258484 604
1783179918234 0.2521800100803375 605
1783179918239 0.23625104129314423 606
1783179918242 0.23365360498428345 607
1783179918246 0.44152602553367615 608
1783179918249 0.2459748387336731 609
1783179918253 0.23178768157958984 610
1783179918257 0.4310978651046753 611
1783179918260 0.20791064202785492 612
1783179918263 0.11532433331012726 613
1783179918265 0.13840879499912262 614
1783179918269 0.3231546878814697 615
1783179918273 0.32588809728622437 616
1783179918276 0.3201462924480438 617
1783179918282 0.23288200795650482 618
1783179918289 0.3832159638404846 619
1783179918295 0.17281892895698547 620
1783179918301 0.34809422492980957 621
1783179918307 0.5472849607467651 622
1783179918313 0.38887184858322144 623
1783179918344 0.16421546041965485 624
1783179918348 0.2200223207473755 625
1783179918361 0.2311660796403885 626
1783179918367 0.2875712811946869 627
1783179918376 0.451095312833786 628
1783179918390 0.5022056102752686 629
1783179918425 0.33692851662635803 630
1783179918451 0.1862040013074875 631
1783179918457 0.581138014793396 632
1783179918463 0.2188900113105774 633
1783179918467 0.6392894983291626 634
1783179918473 0.26207929849624634 635
1783179918479 0.27329376339912415 636
1783179918485 0.2184167057275772 637
1783179918491 0.35390761494636536 638
1783179918497 0.3992413282394409 639
1783179918503 0.08009251207113266 640
1783179918511 0.04432589188218117 641
1783179918517 0.1657165139913559 642
1783179918572 0.21636788547039032 643
1783179918669 0.12359268218278885 644
1783179918742 0.43693476915359497 645
1783179918829 0.6240699291229248 646
1783179918880 0.4255174696445465 647
1783179918887 0.20078571140766144 648
1783179918909 0.42803019285202026 649
1783179918925 0.1647559255361557 650
1783179918941 0.5870375633239746 651
1783179918950 0.2858438193798065 652
1783179919059 0.1373574435710907 653
1783179919162 0.08835315704345703 654
1783179919170 0.17736829817295074 655
1783179919178 0.25715821981430054 656
1783179919183 0.8933460712432861 657
1783179919192 0.1917531043291092 658
1783179919197 0.19550032913684845 659
1783179919209 0.4968494772911072 660
1783179919213 0.27019351720809937 661
1783179919298 0.38950854539871216 662
1783179919319 0.573769211769104 663
1783179919324 0.5253062844276428 664
1783179919331 0.19242261350154877 665
1783179919341 0.2860289216041565 666
1783179919420 0.16258977353572845 667
1783179919442 0.17453309893608093 668
1783179919450 0.26853975653648376 669
1783179919455 0.27369827032089233 670
1783179919460 0.1345359832048416 671
1783179919471 0.2050493061542511 672
1783179919478 0.09283886849880219 673
1783179919484 0.32706117630004883 674
1783179919490 0.48233702778816223 675
1783179919516 0.20706386864185333 676
1783179919544 0.17454877495765686 677
1783179919581 0.25213778018951416 678
1783179919590 0.31815436482429504 679
1783179919613 0.2498275488615036 680
1783179919621 0.3091982305049896 681
1783179919702 0.7392148971557617 682
1783179919710 0.1318826973438263 683
1783179919719 0.19084219634532928 684
1783179919729 0.6458098292350769 685
1783179919733 0.39416754245758057 686
1783179919739 0.29400280117988586 687
1783179919758 0.6275760531425476 688
1783179919762 0.38798782229423523 689
1783179919766 0.3038163185119629 690
1783179919779 0.12261410802602768 691
1783179919785 0.1361052542924881 692
1783179919792 0.2376893162727356 693
1783179919799 0.13412055373191833 694
1783179919807 0.38829612731933594 695
1783179919827 0.11689893901348114 696
1783179919837 0.3820595443248749 697
1783179919845 0.2957793176174164 698
1783179919850 0.199844628572464 699
1783179919857 0.13683123886585236 700
1783179919862 0.3731679618358612 701
1783179919871 0.07503104954957962 702
1783179919875 0.5089300274848938 703
1783179919880 0.17416997253894806 704
1783179919883 0.4248722195625305 705
1783179919888 0.4231545031070709 706
1783179919895 0.14032648503780365 707
1783179919901 0.3453511893749237 708
1783179919908 0.1238090991973877 709
1783179919919 0.13938049972057343 710
1783179919928 0.14334756135940552 711
1783179919933 0.2094750553369522 712
1783179919949 0.2501436769962311 713
1783179919984 0.3756231665611267 714
1783179919996 0.3759567141532898 715
1783179920010 0.10498339682817459 716
1783179920015 0.2614701986312866 717
1783179920026 0.21839448809623718 718
1783179920045 0.11927195638418198 719
1783179920061 0.23126037418842316 720
1783179920083 0.33255112171173096 721
1783179920184 0.29386839270591736 722
1783179920289 0.28926968574523926 723
1783179920390 0.29548826813697815 724
1783179920490 0.24495482444763184 725
1783179920590 0.37272995710372925 726
1783179920689 0.2677953541278839 727
1783179920791 0.16835837066173553 728
1783179920829 0.17964915931224823 729
1783179920838 0.31249913573265076 730
1783179920847 0.17131462693214417 731
1783179920946 0.06433256715536118 732
1783179921013 0.12036623805761337 733
1783179921030 0.2113739401102066 734
1783179921047 0.3264189064502716 735
1783179921055 0.37223154306411743 736
1783179921059 0.6517642736434937 737
1783179921064 0.15520428121089935 738
1783179921070 0.2690652906894684 739
1783179921082 0.3125273585319519 740
1783179921142 0.4487534463405609 741
1783179921197 0.30910593271255493 742
1783179921202 0.2759222388267517 743
1783179921210 0.5101046562194824 744
1783179921219 0.37975096702575684 745
1783179921231 0.4159455895423889 746
1783179921238 0.1574822962284088 747
1783179921244 0.2267080396413803 748
1783179921250 0.3593144714832306 749
1783179921256 0.09402979910373688 750
1783179921262 0.12748055160045624 751
1783179921268 0.31634724140167236 752
1783179921280 0.38652873039245605 753
1783179921286 0.24572421610355377 754
1783179921292 0.23349231481552124 755
1783179921298 0.3235439360141754 756
1783179921304 0.4529951810836792 757
1783179921311 0.22980576753616333 758
1783179921317 0.3223363757133484 759
1783179921329 0.2547365725040436 760
1783179921335 0.2966271936893463 761
1783179921342 0.11500274389982224 762
1783179921347 0.24662266671657562 763
1783179921353 0.25322553515434265 764
1783179921359 0.5155403017997742 765
1783179921365 0.34172672033309937 766
1783179921371 0.33870697021484375 767
1783179921378 0.2634391784667969 768
1783179921479 0.47959548234939575 769
1783179921533 0.21748648583889008 770
1783179921615 0.301285982131958 771
1783179921621 0.20694062113761902 772
1783179921627 0.2790028154850006 773
1783179921633 0.36830151081085205 774
1783179921643 0.25275495648384094 775
1783179921650 0.10464757680892944 776
1783179921656 0.08718613535165787 777
1783179921736 0.32824090123176575 778
1783179921776 0.17230764031410217 779
1783179921782 0.12526465952396393 780
1783179921858 0.37115994095802307 781
1783179921867 0.6271986365318298 782
1783179921900 0.06162727624177933 783
1783179921984 0.04130341857671738 784
1783179922003 0.3461724817752838 785
1783179922014 0.6308969259262085 786
1783179922114 0.13502237200737 787
1783179922152 0.2510313093662262 788
1783179922253 0.2889966666698456 789
1783179922346 0.12359485030174255 790
1783179922358 0.22265808284282684 791
1783179922453 0.2626149356365204 792
1783179922465 0.4921466112136841 793
1783179922496 0.1435517519712448 794
1783179922563 0.1026126816868782 795
1783179922579 0.11185996979475021 796
1783179922638 0.19944675266742706 797
1783179922656 0.17685677111148834 798
1783179922754 0.3703468143939972 799
1783179922780 0.1377028226852417 800
1783179922884 0.4006038010120392 801
1783179922941 0.36306625604629517 802
1783179923046 0.20385919511318207 803
1783179923103 0.14293022453784943 804
1783179923115 0.27069291472435 805
1783179923121 0.21110129356384277 806
1783179923128 0.1751924604177475 807
1783179923134 0.20502489805221558 808
1783179923140 0.315042108297348 809
1783179923150 0.3166077435016632 810
1783179923159 0.2064536064863205 811
1783179923163 0.20732879638671875 812
1783179923169 0.12022466957569122 813
1783179923204 0.30129796266555786 814
1783179923218 0.0989973396062851 815
1783179923223 0.19315487146377563 816
1783179923235 0.13749656081199646 817
1783179923341 0.4295165240764618 818
1783179923447 0.10765206813812256 819
1783179923553 0.32011350989341736 820
1783179923654 0.16552715003490448 821
1783179923756 0.17395049333572388 822
1783179923858 0.6572155952453613 823
1783179923960 0.04135905206203461 824
1783179924062 0.06825327128171921 825
1783179924164 0.2213899791240692 826
1783179924265 0.05192524567246437 827
1783179924368 0.649043619632721 828
1783179924419 0.07790005207061768 829
1783179924524 0.15104961395263672 830
1783179924539 0.20827943086624146 831
1783179924552 0.12899839878082275 832
1783179924563 0.09037907421588898 833
1783179924575 0.305598646402359 834
1783179924580 0.21414819359779358 835
1783179924586 0.182748943567276 836
1783179924593 0.13543854653835297 837
1783179924598 0.24750900268554688 838
1783179924604 0.380682110786438 839
1783179924611 0.38597574830055237 840
1783179924617 0.739761471748352 841
1783179924622 0.37485989928245544 842
1783179924628 0.285426527261734 843
1783179924634 0.11768395453691483 844
1783179924640 0.2715968191623688 845
1783179924646 0.4151037335395813 846
1783179924652 0.5801595449447632 847
1783179924658 0.10946954786777496 848
1783179924665 0.3394174873828888 849
1783179924670 0.13559967279434204 850
1783179924676 0.19835111498832703 851
1783179924682 0.32968828082084656 852
1783179924688 0.2914772927761078 853
1783179924700 0.25658684968948364 854
1783179924706 0.19207608699798584 855
1783179924712 0.2972424328327179 856
1783179924718 0.360612154006958 857
1783179924736 0.1768922060728073 858
1783179924749 0.12253297120332718 859
1783179924757 0.4669739007949829 860
1783179924924 0.10426406562328339 861
1783179924958 0.2533833682537079 862
1783179924992 0.13177603483200073 863
1783179925017 0.14981648325920105 864
1783179925023 0.2272525429725647 865
1783179925028 0.10011111944913864 866
1783179925046 0.5486631989479065 867
1783179925064 0.5233171582221985 868
1783179925105 0.22112183272838593 869
1783179925114 0.09267137944698334 870
1783179925137 0.3034726679325104 871
1783179925147 0.2440297156572342 872
1783179925153 0.31564486026763916 873
1783179925161 0.18077507615089417 874
1783179925176 0.08082180470228195 875
1783179925190 0.11740530282258987 876
1783179925206 0.24681226909160614 877
1783179925212 0.737535834312439 878
1783179925218 0.18993787467479706 879
1783179925222 0.23627498745918274 880
1783179925228 0.32753169536590576 881
1783179925232 0.14084281027317047 882
1783179925241 0.8182600140571594 883
1783179925248 0.177389994263649 884
1783179925275 0.09726813435554504 885
1783179925351 0.23144499957561493 886
1783179925357 0.1777755618095398 887
1783179925364 0.3697318732738495 888
1783179925370 0.152914360165596 889
1783179925382 0.6097049713134766 890
1783179925385 0.08242060989141464 891
1783179925395 0.22032484412193298 892
1783179925399 0.3771020770072937 893
1783179925422 0.490771621465683 894
1783179925428 0.4012223482131958 895
1783179925452 0.10308999568223953 896
1783179925456 0.20162300765514374 897
1783179925465 0.23301583528518677 898
1783179925470 0.23112371563911438 899
1783179925490 0.29219648241996765 900
1783179925533 0.16588851809501648 901
1783179925573 0.15933211147785187 902
1783179925580 0.1372475028038025 903
1783179925597 0.26731204986572266 904
1783179925615 0.7463498711585999 905
1783179925638 0.087554931640625 906
1783179925660 0.1962958723306656 907
1783179925759 0.10692596435546875 908
1783179925843 0.33514609932899475 909
1783179925909 0.5435736179351807 910
1783179925920 0.30055463314056396 911
1783179925943 0.25299814343452454 912
1783179926021 0.24570855498313904 913
1783179926100 0.2292165607213974 914
1783179926106 0.07412335276603699 915
1783179926115 0.08909914642572403 916
1783179926118 0.09680737555027008 917
1783179926124 0.10373096168041229 918
1783179926130 0.28480273485183716 919
1783179926136 0.11768151074647903 920
1783179926143 0.13629081845283508 921
1783179926148 0.1966312825679779 922
1783179926155 0.18286634981632233 923
1783179926167 0.17196758091449738 924
1783179926172 0.15172748267650604 925
1783179926178 0.13607215881347656 926
1783179926190 0.13335177302360535 927
1783179926197 0.30437996983528137 928
1783179926214 0.13588373363018036 929
1783179926220 0.31189724802970886 930
1783179926226 0.2078462392091751 931
1783179926238 0.29558423161506653 932
1783179926245 0.07511787116527557 933
1783179926251 0.23538118600845337 934
1783179926256 0.36248597502708435 935
1783179926263 0.19229719042778015 936
1783179926268 0.41081738471984863 937
1783179926281 0.30099546909332275 938
1783179926366 0.32694771885871887 939
1783179926378 0.23892879486083984 940
1783179926388 0.20375648140907288 941
1783179926436 0.7731323838233948 942
1783179926484 0.1792300045490265 943
1783179926502 0.24267910420894623 944
1783179926523 0.26560765504837036 945
1783179926600 0.14643056690692902 946
1783179926691 0.281046599149704 947
1783179926738 0.2561078667640686 948
1783179926758 0.10886286199092865 949
1783179926770 0.1442922055721283 950
1783179926783 0.39386269450187683 951
1783179926799 0.2821717858314514 952
1783179926819 0.3646758794784546 953
1783179926896 0.2807905375957489 954
1783179926973 0.3535805344581604 955
1783179927042 0.034442730247974396 956
1783179927055 0.4501338303089142 957
1783179927151 0.14482492208480835 958
1783179927240 0.607960045337677 959
1783179927258 0.3758113384246826 960
1783179927282 0.2614309787750244 961
1783179927290 0.16843363642692566 962
1783179927301 0.3169027268886566 963
1783179927314 0.19744805991649628 964
1783179927320 0.1506018191576004 965
1783179927325 0.2901955246925354 966
1783179927333 0.46545645594596863 967
1783179927340 0.08370598405599594 968
1783179927345 0.23323017358779907 969
1783179927351 0.10457512736320496 970
1783179927357 0.29370561242103577 971
1783179927362 0.281299352645874 972
1783179927367 0.3155762851238251 973
1783179927376 0.5251685380935669 974
1783179927381 0.21895143389701843 975
1783179927391 0.1367243081331253 976
1783179927398 0.05989770591259003 977
1783179927404 0.7899577617645264 978
1783179927409 0.2646596133708954 979
1783179927488 0.3788760304450989 980
1783179927589 0.1802397072315216 981
1783179927691 0.23830091953277588 982
1783179927779 0.4170283079147339 983
1783179927788 0.250784307718277 984
1783179927796 0.2511318027973175 985
1783179927802 0.1429385542869568 986
1783179927806 0.24844548106193542 987
1783179927813 0.17078405618667603 988
1783179927826 0.13414986431598663 989
1783179927830 0.2597764730453491 990
1783179927837 0.21074458956718445 991
1783179927843 0.30428266525268555 992
1783179927848 0.19675733149051666 993
1783179927856 0.22715233266353607 994
1783179927911 0.3655051290988922 995
1783179927915 0.31506240367889404 996
1783179928020 0.04602374881505966 997
1783179928123 0.4611187279224396 998
1783179928226 0.2369513213634491 999
1783179928330 0.18647660315036774 1000
1783179928436 0.13051266968250275 1001
1783179928538 0.23478810489177704 1002
1783179928642 0.14494037628173828 1003
1783179928743 0.13055458664894104 1004
1783179928848 0.30396246910095215 1005
1783179928947 0.34493130445480347 1006
1783179929048 0.14614760875701904 1007
1783179929141 0.20305563509464264 1008
1783179929234 0.13196931779384613 1009
1783179929328 0.3579159080982208 1010
1783179929411 0.18463492393493652 1011
1783179929506 0.18604813516139984 1012
1783179929595 0.17617221176624298 1013
1783179929682 0.08339539170265198 1014
1783179929760 0.5390081405639648 1015
1783179929846 0.05184907838702202 1016
1783179929936 0.6362617611885071 1017
1783179930005 0.18959033489227295 1018
1783179930093 0.08723490685224533 1019
1783179930180 0.23021149635314941 1020
1783179930263 0.19148920476436615 1021
1783179930345 0.11637216061353683 1022
1783179930430 0.161659374833107 1023
1783179930518 0.16068223118782043 1024
1783179930558 0.08894474059343338 1025
1783179930564 0.23098835349082947 1026
1783179930569 0.07622077316045761 1027
1783179930575 0.2901746928691864 1028
1783179930581 0.10660266131162643 1029
1783179930588 0.25161615014076233 1030
1783179930596 0.11279512941837311 1031
1783179930601 0.24872986972332 1032
1783179930606 0.2464410811662674 1033
1783179930613 0.22972671687602997 1034
1783179930619 0.17770439386367798 1035
1783179930624 0.15634341537952423 1036
1783179930631 0.25389066338539124 1037
1783179930637 0.33971109986305237 1038
1783179930692 0.17866729199886322 1039
1783179930799 0.13262170553207397 1040
1783179930893 0.4075171947479248 1041
1783179930978 0.2360239326953888 1042
1783179931088 0.31754109263420105 1043
1783179931190 0.6561224460601807 1044
1783179931288 0.1859607696533203 1045
1783179931382 0.11891370266675949 1046
1783179931480 0.42141324281692505 1047
1783179931571 0.3618822395801544 1048
1783179931681 0.35733291506767273 1049
1783179931775 0.27840134501457214 1050
1783179931871 0.39643797278404236 1051
1783179931974 0.5628117918968201 1052
1783179932075 0.2026643007993698 1053
1783179932168 0.06184305623173714 1054
1783179932275 0.07449864596128464 1055
1783179932372 0.10731199383735657 1056
1783179932476 0.18213790655136108 1057
1783179932581 0.2524700164794922 1058
1783179932686 0.08239693939685822 1059
1783179932789 0.19090738892555237 1060
1783179932891 0.1365324705839157 1061
1783179932993 0.2578839361667633 1062
1783179933101 0.31213444471359253 1063
1783179933203 0.18090437352657318 1064
1783179933305 0.20271307229995728 1065
1783179933408 0.3254029154777527 1066
1783179933509 0.60057532787323 1067
1783179933562 0.1937974989414215 1068
1783179933672 0.07855480909347534 1069
1783179933775 0.11032908409833908 1070
1783179933876 0.34357500076293945 1071
1783179933978 0.45491015911102295 1072
1783179934081 0.23093456029891968 1073
1783179934205 0.37589579820632935 1074
1783179934303 0.29844245314598083 1075
1783179934404 0.15289510786533356 1076
1783179934504 0.5286938548088074 1077
1783179934607 0.10374842584133148 1078
1783179934709 0.3137035071849823 1079
1783179934813 0.3186632990837097 1080
1783179934915 0.20794622600078583 1081
1783179935015 0.14775101840496063 1082
1783179935117 0.2233896106481552 1083
1783179935214 0.44988393783569336 1084
1783179935312 0.06328987330198288 1085
1783179935414 0.23749078810214996 1086
1783179935509 0.4159283936023712 1087
1783179935616 0.5501983761787415 1088
1783179935727 0.13842208683490753 1089
1783179935829 0.10208497941493988 1090
1783179935931 0.22164422273635864 1091
1783179936033 0.34223517775535583 1092
1783179936133 0.3270011842250824 1093
1783179936212 0.16921541094779968 1094
1783179936309 0.5675491690635681 1095
1783179936406 0.4706456661224365 1096
1783179936489 0.40170395374298096 1097
1783179936584 0.13249368965625763 1098
1783179936673 0.06981037557125092 1099
1783179936764 0.38289928436279297 1100
1783179936863 0.1532234102487564 1101
1783179936972 0.48647353053092957 1102
1783179937073 0.40312305092811584 1103
1783179937176 0.07528368383646011 1104
1783179937279 0.4613807499408722 1105
1783179937382 0.2584374248981476 1106
1783179937487 0.0949820727109909 1107
1783179937593 0.11265441030263901 1108
1783179937698 0.468281626701355 1109
1783179937807 0.5688620209693909 1110
1783179937905 0.07004112750291824 1111
1783179938007 0.1736897975206375 1112
1783179938109 0.19989529252052307 1113
1783179938211 0.26604413986206055 1114
1783179938314 0.2190648466348648 1115
1783179938416 0.14423039555549622 1116
1783179938518 0.11401583254337311 1117
1783179938609 0.22764727473258972 1118
1783179938705 0.38913050293922424 1119
1783179938818 0.13441069424152374 1120
1783179938923 0.10439298301935196 1121
1783179939027 0.2532474398612976 1122
1783179939131 0.06737904250621796 1123
1783179939235 0.047947149723768234 1124
1783179939341 0.2418680191040039 1125
1783179939453 0.3329305648803711 1126
1783179939552 0.17025387287139893 1127
1783179939654 0.2145572006702423 1128
1783179939735 0.1343170553445816 1129
1783179939818 0.11256629973649979 1130
1783179939895 0.23909153044223785 1131
1783179939961 0.09421887993812561 1132
1783179939981 0.11605491489171982 1133
1783179939990 0.3062458336353302 1134
1783179939998 0.3925415873527527 1135
1783179940009 0.12422612309455872 1136
1783179940020 0.0971473902463913 1137
1783179940155 0.23999878764152527 1138
1783179940260 0.26055288314819336 1139
1783179940328 0.6758146286010742 1140
1783179940338 0.08366665989160538 1141
1783179940347 0.30970892310142517 1142
1783179940356 0.05910465866327286 1143
1783179940364 0.25446468591690063 1144
1783179940371 0.10917499661445618 1145
1783179940377 0.4224543273448944 1146
1783179940383 0.22621741890907288 1147
1783179940388 0.1765224039554596 1148
1783179940394 0.14886140823364258 1149
1783179940399 0.34401994943618774 1150
1783179940406 0.08716706186532974 1151
1783179940412 0.0970686823129654 1152
1783179940418 0.03821244090795517 1153
1783179940425 0.3920977711677551 1154
1783179940430 0.10601198673248291 1155
1783179940435 0.02517586015164852 1156
1783179940441 0.2691118121147156 1157
1783179940447 0.6083059310913086 1158
1783179940453 0.24244309961795807 1159
1783179940460 0.26581645011901855 1160
1783179940465 0.31258299946784973 1161
1783179940472 0.1605120599269867 1162
1783179940478 0.1614874303340912 1163
1783179940484 0.08171863108873367 1164
1783179940490 0.22472023963928223 1165
1783179940496 0.12730582058429718 1166
1783179940502 0.16886647045612335 1167
1783179940509 0.17831595242023468 1168
1783179940513 0.14606647193431854 1169
1783179940520 0.091698557138443 1170
1783179940527 0.4240134060382843 1171
1783179940531 0.04926947131752968 1172
1783179940538 0.5108069181442261 1173
1783179940544 0.2259356826543808 1174
1783179940549 0.22466111183166504 1175
1783179940564 0.585840106010437 1176
1783179940568 0.40201640129089355 1177
1783179940573 0.20021460950374603 1178
1783179940587 0.45554453134536743 1179
1783179940592 0.33032768964767456 1180
1783179940598 0.2575010359287262 1181
1783179940606 0.19931262731552124 1182
1783179940617 0.304487943649292 1183
1783179940629 0.134258434176445 1184
1783179940636 0.0869298204779625 1185
1783179940653 0.17792236804962158 1186
1783179940662 0.3702642023563385 1187
1783179940672 0.19592627882957458 1188
1783179940685 0.18133914470672607 1189
1783179940730 0.32453256845474243 1190
1783179940748 0.3910859227180481 1191
1783179940768 0.33835023641586304 1192
1783179940782 0.09549964964389801 1193
1783179940809 0.49879297614097595 1194
1783179940815 0.218698188662529 1195
1783179940829 0.07955558598041534 1196
1783179940845 0.5677469968795776 1197
1783179940852 0.12357103824615479 1198
1783179940858 0.08924519270658493 1199
1783179940864 0.08888449519872665 1200
1783179940870 0.637782096862793 1201
1783179940876 0.1825067549943924 1202
1783179940923 0.20360137522220612 1203
1783179940932 0.17697706818580627 1204
1783179940947 0.16790202260017395 1205
1783179940952 0.226404070854187 1206
1783179940959 0.11029942333698273 1207
1783179940964 0.15152320265769958 1208
1783179940972 0.19372397661209106 1209
1783179940977 0.2729112505912781 1210
1783179940982 0.0884573832154274 1211
1783179940988 0.08708123862743378 1212
1783179940993 0.15749818086624146 1213
1783179940999 0.19349028170108795 1214
1783179941004 0.07563300430774689 1215
1783179941010 0.5456331968307495 1216
1783179941017 0.2469100058078766 1217
1783179941022 0.13836883008480072 1218
1783179941031 0.23710429668426514 1219
1783179941036 0.22823099792003632 1220
1783179941049 0.23780107498168945 1221
1783179941067 0.2818587124347687 1222
1783179941076 0.24437743425369263 1223
1783179941084 0.1953084021806717 1224
1783179941108 0.3436116576194763 1225
1783179941114 0.0601688027381897 1226
1783179941206 0.38050714135169983 1227
1783179941300 0.1754092574119568 1228
1783179941411 0.41774919629096985 1229
1783179941513 0.17367632687091827 1230
1783179941620 0.2531437277793884 1231
1783179941726 0.05020704120397568 1232
1783179941844 0.2071257382631302 1233
1783179941947 0.21179494261741638 1234
1783179942052 0.09123099595308304 1235
1783179942150 0.4332120418548584 1236
1783179942234 0.23505014181137085 1237
1783179942326 0.42630645632743835 1238
1783179942420 0.1146673932671547 1239
1783179942523 0.2680947184562683 1240
1783179942615 0.14453096687793732 1241
1783179942632 0.38358235359191895 1242
1783179942645 0.1452430784702301 1243
1783179942657 0.35174667835235596 1244
1783179942676 0.15223804116249084 1245
1783179942683 0.25295746326446533 1246
1783179942691 0.3419407904148102 1247
1783179942698 0.45021143555641174 1248
1783179942713 0.09929703921079636 1249
1783179942731 0.314252108335495 1250
1783179942741 0.14023485779762268 1251
1783179942767 0.19777606427669525 1252
1783179942777 0.2736762464046478 1253
1783179942856 0.6836375594139099 1254
1783179942953 0.3116373121738434 1255
1783179943037 0.5768466591835022 1256
1783179943059 0.36956489086151123 1257
1783179943112 0.17091894149780273 1258
1783179943146 0.24481996893882751 1259
1783179943182 0.39399537444114685 1260
1783179943243 0.17122747004032135 1261
1783179943267 0.09702981263399124 1262
1783179943366 0.3753786087036133 1263
1783179943450 0.347021222114563 1264
1783179943500 0.17034606635570526 1265
1783179943594 0.19168275594711304 1266
1783179943680 0.17706334590911865 1267
1783179943779 0.19750560820102692 1268
1783179943833 0.23610185086727142 1269
1783179943850 0.16079643368721008 1270
1783179943860 0.14301344752311707 1271
1783179943868 0.07752356678247452 1272
1783179943884 0.452212929725647 1273
1783179943896 0.28440308570861816 1274
1783179943903 0.03447435423731804 1275
1783179943921 0.18129271268844604 1276
1783179943940 0.2459307461977005 1277
1783179944011 0.14320431649684906 1278
1783179944017 0.4114072024822235 1279
1783179944028 0.06777938455343246 1280
1783179944041 0.3286910951137543 1281
1783179944048 0.10406364500522614 1282
1783179944054 0.2413332760334015 1283
1783179944066 0.2668488323688507 1284
1783179944084 0.34580516815185547 1285
1783179944094 0.06154017522931099 1286
1783179944124 0.15544556081295013 1287
1783179944137 0.07531309872865677 1288
1783179944149 0.5406907796859741 1289
1783179944251 0.3442704975605011 1290
1783179944352 0.09207966923713684 1291
1783179944455 0.33034271001815796 1292
1783179944562 0.11299433559179306 1293
1783179944666 0.33774861693382263 1294
1783179944760 0.3135756254196167 1295
1783179944863 0.2552031874656677 1296
1783179944961 0.5666365623474121 1297
1783179945066 0.21531453728675842 1298
1783179945172 0.15087617933750153 1299
1783179945279 0.23963052034378052 1300
1783179945384 0.10819464921951294 1301
1783179945488 0.32320326566696167 1302
1783179945565 0.16062946617603302 1303
1783179945672 0.19326061010360718 1304
1783179945771 0.23396450281143188 1305
1783179945863 0.2656245529651642 1306
1783179945917 0.06726759672164917 1307
1783179945924 0.0927877128124237 1308
1783179945944 0.07108674943447113 1309
1783179945951 0.6098052859306335 1310
1783179946019 0.1244032233953476 1311
1783179946039 0.10456425696611404 1312
1783179946057 0.2947661280632019 1313
1783179946070 0.14566685259342194 1314
1783179946079 0.22923149168491364 1315
1783179946092 0.15453366935253143 1316
1783179946118 0.18183447420597076 1317
1783179946124 0.12555569410324097 1318
1783179946131 0.3044981360435486 1319
1783179946137 0.28089138865470886 1320
1783179946146 0.09560544788837433 1321
1783179946153 0.1942308396100998 1322
1783179946163 0.2530740201473236 1323
1783179946172 0.22715753316879272 1324
1783179946181 0.07439470291137695 1325
1783179946186 0.1763368397951126 1326
1783179946191 0.08596485108137131 1327
1783179946201 0.43185052275657654 1328
1783179946214 0.0959063246846199 1329
1783179946234 0.08799213916063309 1330
1783179946246 0.11194203048944473 1331
1783179946253 0.24943123757839203 1332
1783179946259 0.020662959665060043 1333
1783179946267 0.19071049988269806 1334
1783179946289 0.1335241198539734 1335
1783179946315 0.22055794298648834 1336
1783179946326 0.3182666599750519 1337
1783179946341 0.19702646136283875 1338
1783179946348 0.20957255363464355 1339
1783179946357 0.14398691058158875 1340
1783179946365 0.5090646743774414 1341
1783179946370 0.2222694307565689 1342
1783179946382 0.1803259402513504 1343
1783179946392 0.08706358820199966 1344
1783179946402 0.4610140323638916 1345
1783179946416 0.3559093773365021 1346
1783179946504 0.08930325508117676 1347
1783179946512 0.08872692286968231 1348
1783179946517 0.18510450422763824 1349
1783179946540 0.06555628776550293 1350
1783179946565 0.11810258775949478 1351
1783179946614 0.07710370421409607 1352
1783179946634 0.14663618803024292 1353
1783179946645 0.16110989451408386 1354
1783179946686 0.1925634890794754 1355
1783179946726 0.18404707312583923 1356
1783179946754 0.16654211282730103 1357
1783179946768 0.2373068779706955 1358
1783179946810 0.19813673198223114 1359
1783179946907 0.22631236910820007 1360
1783179946923 0.2014840841293335 1361
1783179946943 0.08189944922924042 1362
1783179946962 0.4127182364463806 1363
1783179947024 0.34276777505874634 1364
1783179947067 0.37539276480674744 1365
1783179947092 0.1222875565290451 1366
1783179947176 0.16150254011154175 1367
1783179947217 0.3069896399974823 1368
1783179947263 0.3204382359981537 1369
1783179947283 0.28072604537010193 1370
1783179947303 0.4675341248512268 1371
1783179947339 0.056876420974731445 1372
1783179947393 0.04776661843061447 1373
1783179947406 0.17003704607486725 1374
1783179947417 0.23939822614192963 1375
1783179947429 0.3360224664211273 1376
1783179947437 0.271907240152359 1377
1783179947536 0.1797703057527542 1378
1783179947625 0.2418116182088852 1379
1783179947717 0.06687797605991364 1380
1783179947735 0.10877644270658493 1381
1783179947746 0.21910159289836884 1382
1783179947755 0.041180532425642014 1383
1783179947850 0.5607949495315552 1384
1783179947952 0.1964728981256485 1385
1783179948046 0.1072840765118599 1386
1783179948057 0.5988804697990417 1387
1783179948075 0.28015872836112976 1388
1783179948173 0.08545806258916855 1389
1783179948194 0.24471895396709442 1390
1783179948209 0.3945038914680481 1391
1783179948251 0.596881091594696 1392
1783179948260 0.18363501131534576 1393
1783179948268 0.20594178140163422 1394
1783179948274 0.33388224244117737 1395
1783179948285 0.21549002826213837 1396
1783179948292 0.40348029136657715 1397
1783179948306 0.2843579649925232 1398
1783179948311 0.33350059390068054 1399
1783179948358 0.10546952486038208 1400
1783179948384 0.47157788276672363 1401
1783179948390 0.29410189390182495 1402
1783179948401 0.20553800463676453 1403
1783179948407 0.26991358399391174 1404
1783179948413 0.30596235394477844 1405
1783179948419 0.16391205787658691 1406
1783179948424 0.05095149949193001 1407
1783179948431 0.0519629567861557 1408
1783179948437 0.2605029046535492 1409
1783179948535 0.1660860925912857 1410
1783179948583 0.3946990370750427 1411
1783179948598 0.03729800507426262 1412
1783179948683 0.11938173323869705 1413
1783179948712 0.11758948862552643 1414
1783179948718 0.07216032594442368 1415
1783179948809 0.13292726874351501 1416
1783179948832 0.1371479332447052 1417
1783179948841 0.05277951806783676 1418
1783179948919 0.1552041918039322 1419
1783179948930 0.2703382968902588 1420
1783179949032 0.2418808937072754 1421
1783179949044 0.3513287603855133 1422
1783179949054 0.3579515218734741 1423
1783179949069 0.038168806582689285 1424
1783179949075 0.08024588972330093 1425
1783179949170 0.5738144516944885 1426
1783179949185 0.13642258942127228 1427
1783179949194 0.03990057855844498 1428
1783179949291 0.13178813457489014 1429
1783179949302 0.13062284886837006 1430
1783179949309 0.1629558503627777 1431
1783179949315 0.21300387382507324 1432
1783179949321 0.12457499653100967 1433
1783179949328 0.3626247048377991 1434
1783179949333 0.2603057622909546 1435
1783179949339 0.1134566068649292 1436
1783179949345 0.3996666967868805 1437
1783179949352 0.3023301362991333 1438
1783179949358 0.04118916392326355 1439
1783179949363 0.05602377653121948 1440
1783179949370 0.31796392798423767 1441
1783179949376 0.25043851137161255 1442
1783179949383 0.08340292423963547 1443
1783179949388 0.16795727610588074 1444
1783179949393 0.1639663130044937 1445
1783179949399 0.3415120840072632 1446
1783179949406 0.1796724945306778 1447
1783179949411 0.06918631494045258 1448
1783179949418 0.35033223032951355 1449
1783179949424 0.12227831780910492 1450
1783179949429 0.040731195360422134 1451
1783179949436 0.09080369770526886 1452
1783179949442 0.23587273061275482 1453
1783179949449 0.16067804396152496 1454
1783179949454 0.21182434260845184 1455
1783179949459 0.3380163013935089 1456
1783179949465 0.07144352793693542 1457
1783179949471 0.09342722594738007 1458
1783179949480 0.2650514245033264 1459
1783179949486 0.07396889477968216 1460
1783179949492 0.1287413388490677 1461
1783179949497 0.21097421646118164 1462
1783179949503 0.08260850608348846 1463
1783179949598 0.40788739919662476 1464
1783179949663 0.047984469681978226 1465
1783179949670 0.07622046768665314 1466
1783179949686 0.05210254713892937 1467
1783179949693 0.3979962468147278 1468
1783179949795 0.06592600792646408 1469
1783179949889 0.12079775333404541 1470
1783179949989 0.15040281414985657 1471
1783179950087 0.102635957300663 1472
1783179950189 0.14494475722312927 1473
1783179950291 0.12969553470611572 1474
1783179950312 0.09295147657394409 1475
1783179950330 0.15313301980495453 1476
1783179950433 0.17508655786514282 1477
1783179950452 0.06431978940963745 1478
1783179950456 0.24585789442062378 1479
1783179950463 0.02085254341363907 1480
1783179950468 0.32401594519615173 1481
1783179950475 0.606931209564209 1482
1783179950482 0.05287916585803032 1483
1783179950487 0.4937517046928406 1484
1783179950493 0.10958646982908249 1485
1783179950499 0.35813093185424805 1486
1783179950505 0.2186080515384674 1487
1783179950512 0.04239015281200409 1488
1783179950517 0.07505206018686295 1489
1783179950522 0.31866464018821716 1490
1783179950529 0.22017866373062134 1491
1783179950534 0.12814666330814362 1492
1783179950639 0.23685993254184723 1493
1783179950733 0.293532133102417 1494
1783179950803 0.19551120698451996 1495
1783179950812 0.11707542091608047 1496
1783179950818 0.09324312210083008 1497
1783179950826 0.22832156717777252 1498
1783179950838 0.13360799849033356 1499
1783179950846 0.07820134609937668 1500
1783179950854 0.04043880105018616 1501
1783179950870 0.07985217124223709 1502
1783179950877 0.02730834111571312 1503
1783179950886 0.08092339336872101 1504
1783179950890 0.037374403327703476 1505
1783179950897 0.3485713005065918 1506
1783179950900 0.14429710805416107 1507
1783179950914 0.3886331617832184 1508
1783179950922 0.06964948028326035 1509
1783179950930 0.08634982258081436 1510
1783179950944 0.05414398014545441 1511
1783179950955 0.18252336978912354 1512
1783179950964 0.11080023646354675 1513
1783179950974 0.13840577006340027 1514
1783179950987 0.11379095911979675 1515
1783179951083 0.20136134326457977 1516
1783179951176 0.15582165122032166 1517
1783179951227 0.04854881763458252 1518
1783179951326 0.036538224667310715 1519
1783179951431 0.2152666598558426 1520
1783179951519 0.30229321122169495 1521
1783179951619 0.3189745247364044 1522
1783179951703 0.3691406846046448 1523
1783179951716 0.0934397429227829 1524
1783179951727 0.030043654143810272 1525
1783179951752 0.05380697548389435 1526
1783179951854 0.3583920896053314 1527
1783179951951 0.2031906694173813 1528
1783179951983 0.06835688650608063 1529
1783179951997 0.11142093688249588 1530
1783179952003 0.5156807899475098 1531
1783179952009 0.14413981139659882 1532
1783179952015 0.2816546857357025 1533
1783179952021 0.15329575538635254 1534
1783179952027 0.27696657180786133 1535
1783179952033 0.10136866569519043 1536
1783179952045 0.056399259716272354 1537
1783179952051 0.030790990218520164 1538
1783179952073 0.4607522785663605 1539
1783179952087 0.4110785722732544 1540
1783179952112 0.3192242980003357 1541
1783179952127 0.2822137176990509 1542
1783179952136 0.24423687160015106 1543
1783179952144 0.5352817177772522 1544
1783179952154 0.22120100259780884 1545
1783179952158 0.0963137075304985 1546
1783179952164 0.15795889496803284 1547
1783179952177 0.15695980191230774 1548
1783179952182 0.22320643067359924 1549
1783179952188 0.25696372985839844 1550
1783179952194 0.6962931156158447 1551
1783179952204 0.24492639303207397 1552
1783179952221 0.14222970604896545 1553
1783179952268 0.10503719747066498 1554
1783179952282 0.07299286127090454 1555
1783179952295 0.0727752074599266 1556
1783179952301 0.08388402312994003 1557
1783179952391 0.34539902210235596 1558
1783179952493 0.07449282705783844 1559
1783179952590 0.15599291026592255 1560
1783179952687 0.2131924033164978 1561
1783179952783 0.3386140465736389 1562
1783179952885 0.12714354693889618 1563
1783179952980 0.26355502009391785 1564
1783179953082 0.2848944664001465 1565
1783179953178 0.2566453218460083 1566
1783179953283 0.11062141507863998 1567
1783179953380 0.2718285024166107 1568
1783179953483 0.3544665277004242 1569
1783179953581 0.1522700935602188 1570
1783179953679 0.13184092938899994 1571
1783179953771 0.26880449056625366 1572
1783179953777 0.1092422604560852 1573
1783179953781 0.1996653974056244 1574
1783179953786 0.1267559975385666 1575
1783179953793 0.05243407562375069 1576
1783179953799 0.07685431838035583 1577
1783179953804 0.15394116938114166 1578
1783179953818 0.25544077157974243 1579
1783179953830 0.05983917787671089 1580
1783179953835 0.05554559826850891 1581
1783179953839 0.042688850313425064 1582
1783179953845 0.20668604969978333 1583
1783179953855 0.09681306034326553 1584
1783179953860 0.1194148138165474 1585
1783179953951 0.026616830378770828 1586
1783179953986 0.1352805346250534 1587
1783179953996 0.11790098249912262 1588
1783179954009 0.18496739864349365 1589
1783179954015 0.10421210527420044 1590
1783179954025 0.23029392957687378 1591
1783179954028 0.08359488844871521 1592
1783179954041 0.27398550510406494 1593
1783179954053 0.3587132394313812 1594
1783179954059 0.07917913049459457 1595
1783179954066 0.4897615611553192 1596
1783179954110 0.12977267801761627 1597
1783179954117 0.0413910374045372 1598
1783179954121 0.1261659562587738 1599
1783179954129 0.4825628697872162 1600
1783179954133 0.4041878581047058 1601
1783179954137 0.04603548347949982 1602
1783179954145 0.15230485796928406 1603
1783179954151 0.16734068095684052 1604
1783179954157 0.3095352351665497 1605
1783179954163 0.2993277609348297 1606
1783179954172 0.15944235026836395 1607
1783179954177 0.28482627868652344 1608
1783179954183 0.06250261515378952 1609
1783179954187 0.16184450685977936 1610
1783179954194 0.15991593897342682 1611
1783179954200 0.2907906174659729 1612
1783179954210 0.08996224403381348 1613
1783179954214 0.12194667756557465 1614
1783179954222 0.13571912050247192 1615
1783179954228 0.38456061482429504 1616
1783179954233 0.07725097239017487 1617
1783179954240 0.21121959388256073 1618
1783179954248 0.14227809011936188 1619
1783179954253 0.1583261340856552 1620
1783179954259 0.5459940433502197 1621
1783179954265 0.10087950527667999 1622
1783179954271 0.2947407364845276 1623
1783179954277 0.042761072516441345 1624
1783179954284 0.4056664705276489 1625
1783179954324 0.2156037539243698 1626
1783179954330 0.0710541158914566 1627
1783179954336 0.044388219714164734 1628
1783179954343 0.2899848222732544 1629
1783179954346 0.31477686762809753 1630
1783179954350 0.026926996186375618 1631
1783179954354 0.2939992845058441 1632
1783179954361 0.08059222996234894 1633
1783179954368 0.29372918605804443 1634
1783179954373 0.21970747411251068 1635
1783179954380 0.03720257803797722 1636
1783179954384 0.22563771903514862 1637
1783179954389 0.13990285992622375 1638
1783179954392 0.15422110259532928 1639
1783179954397 0.293121874332428 1640
1783179954408 0.10427962988615036 1641
1783179954415 0.20109720528125763 1642
1783179954422 0.22577400505542755 1643
1783179954435 0.4064626693725586 1644
1783179954518 0.07053051888942719 1645
1783179954525 0.16448305547237396 1646
1783179954622 0.0657358169555664 1647
1783179954719 0.13514064252376556 1648
1783179954821 0.18666638433933258 1649
1783179954923 0.08360835164785385 1650
1783179955021 0.1275707632303238 1651
1783179955124 0.18960681557655334 1652
1783179955224 0.1982637494802475 1653
1783179955332 0.15397758781909943 1654
1783179955434 0.17357318103313446 1655
1783179955512 0.11017883569002151 1656
1783179955520 0.1567942500114441 1657
1783179955535 0.04049281030893326 1658
1783179955636 0.28504565358161926 1659
1783179955736 0.5799833536148071 1660
1783179955763 0.088163822889328 1661
1783179955779 0.3244120180606842 1662
1783179955789 0.14867044985294342 1663
1783179955808 0.6734500527381897 1664
1783179955868 0.31454065442085266 1665
1783179955877 0.1602260023355484 1666
1783179955923 0.5576216578483582 1667
1783179955943 0.2128107100725174 1668
1783179955955 0.22132328152656555 1669
1783179955966 0.12624187767505646 1670
1783179955992 0.2079036384820938 1671
1783179955998 0.3418702483177185 1672
1783179956087 0.12458457797765732 1673
1783179956094 0.30852097272872925 1674
1783179956100 0.12195666879415512 1675
1783179956106 0.3217710554599762 1676
1783179956111 0.25716596841812134 1677
1783179956118 0.33496949076652527 1678
1783179956128 0.17333421111106873 1679
1783179956178 0.2924780249595642 1680
1783179956196 0.1438872218132019 1681
1783179956208 0.2853466868400574 1682
1783179956251 0.03816114366054535 1683
1783179956302 0.3397049009799957 1684
1783179956310 0.12043461203575134 1685
1783179956317 0.2629038989543915 1686
1783179956322 0.250625878572464 1687
1783179956327 0.08738314360380173 1688
1783179956333 0.25414779782295227 1689
1783179956369 0.09573151171207428 1690
1783179956430 0.263223797082901 1691
1783179956463 0.05489222705364227 1692
1783179956467 0.3037768602371216 1693
1783179956477 0.05345708131790161 1694
1783179956483 0.04594237357378006 1695
1783179956489 0.1714312732219696 1696
1783179956495 0.14343813061714172 1697
1783179956501 0.22635628283023834 1698
1783179956505 0.3279477059841156 1699
1783179956511 0.1898241639137268 1700
1783179956514 0.22839443385601044 1701
1783179956581 0.04605071246623993 1702
1783179956585 0.17354092001914978 1703
1783179956590 0.06320981681346893 1704
1783179956606 0.0925750806927681 1705
1783179956611 0.39402949810028076 1706
1783179956617 0.254158616065979 1707
1783179956642 0.18259525299072266 1708
1783179956648 0.4025885760784149 1709
1783179956660 0.18029235303401947 1710
1783179956705 0.08784301578998566 1711
1783179956804 0.48391127586364746 1712
1783179956821 0.34816139936447144 1713
1783179956825 0.3086206018924713 1714
1783179956831 0.217119038105011 1715
1783179956842 0.24816350638866425 1716
1783179956849 0.19942593574523926 1717
1783179956855 0.024679306894540787 1718
1783179956861 0.24783611297607422 1719
1783179956867 0.3954414427280426 1720
1783179956873 0.08007530122995377 1721
1783179956879 0.040033891797065735 1722
1783179956885 0.22026090323925018 1723
1783179956924 0.12162960320711136 1724
1783179956930 0.3132557272911072 1725
1783179956942 0.2165084183216095 1726
1783179957038 0.5522792935371399 1727
1783179957130 0.08906196057796478 1728
1783179957143 0.15010173618793488 1729
1783179957149 0.1419239640235901 1730
1783179957155 0.18340131640434265 1731
1783179957162 0.039215996861457825 1732
1783179957255 0.11457110941410065 1733
1783179957325 0.16834954917430878 1734
1783179957397 0.34034019708633423 1735
1783179957416 0.19864951074123383 1736
1783179957422 0.35865235328674316 1737
1783179957428 0.3400462567806244 1738
1783179957434 0.26917731761932373 1739
1783179957444 0.2992148995399475 1740
1783179957454 0.11866403371095657 1741
1783179957461 0.05369287356734276 1742
1783179957473 0.13134728372097015 1743
1783179957479 0.1536915898323059 1744
1783179957485 0.09302657842636108 1745
1783179957491 0.31907373666763306 1746
1783179957497 0.501190185546875 1747
1783179957503 0.07700756937265396 1748
1783179957508 0.07244078814983368 1749
1783179957515 0.33490413427352905 1750
1783179957570 0.1812583953142166 1751
1783179957576 0.14229422807693481 1752
1783179957582 0.4285310208797455 1753
1783179957590 0.32201066613197327 1754
1783179957594 0.10303541272878647 1755
1783179957600 0.05134882405400276 1756
1783179957607 0.033911578357219696 1757
1783179957612 0.20193412899971008 1758
1783179957618 0.17218323051929474 1759
1783179957626 0.22123833000659943 1760
1783179957632 0.044319167733192444 1761
1783179957636 0.23947301506996155 1762
1783179957646 0.05497292801737785 1763
1783179957651 0.15097379684448242 1764
1783179957658 0.034844495356082916 1765
1783179957664 0.1935223937034607 1766
1783179957677 0.23858954012393951 1767
1783179957683 0.31638696789741516 1768
1783179957689 0.15807244181632996 1769
1783179957694 0.10136687010526657 1770
1783179957700 0.3712810277938843 1771
1783179957706 0.1342799812555313 1772
1783179957712 0.24079115688800812 1773
1783179957716 0.15956789255142212 1774
1783179957720 0.2048904001712799 1775
1783179957726 0.2726503908634186 1776
1783179957732 0.046814121305942535 1777
1783179957743 0.02334464155137539 1778
1783179957755 0.058713074773550034 1779
1783179957762 0.24926705658435822 1780
1783179957768 0.29977816343307495 1781
1783179957773 0.07071007788181305 1782
1783179957779 0.07934100925922394 1783
1783179957785 0.3148585557937622 1784
1783179957791 0.04036611318588257 1785
1783179957797 0.28678467869758606 1786
1783179957803 0.04905521497130394 1787
1783179957809 0.013565225526690483 1788
1783179957814 0.23223692178726196 1789
1783179957820 0.14071200788021088 1790
1783179957921 0.11841736733913422 1791
1783179957933 0.5671402215957642 1792
1783179957965 0.10278701037168503 1793
1783179958020 0.04290172830224037 1794
1783179958036 0.0816107839345932 1795
1783179958049 0.2575576603412628 1796
1783179958068 0.058589786291122437 1797
1783179958145 0.15817230939865112 1798
1783179958151 0.08506855368614197 1799
1783179958194 0.1134219691157341 1800
1783179958229 0.12257079780101776 1801
1783179958241 0.12709203362464905 1802
1783179958246 0.22146959602832794 1803
1783179958311 0.2754925489425659 1804
1783179958326 0.2981618642807007 1805
1783179958331 0.3978065550327301 1806
1783179958338 0.3689716160297394 1807
1783179958343 0.07322084158658981 1808
1783179958348 0.34853291511535645 1809
1783179958355 0.23782923817634583 1810
1783179958360 0.12025757879018784 1811
1783179958367 0.07357440888881683 1812
1783179958374 0.41940635442733765 1813
1783179958379 0.19777750968933105 1814
1783179958393 0.13920436799526215 1815
1783179958464 0.15941838920116425 1816
1783179958473 0.14572829008102417 1817
1783179958479 0.06533842533826828 1818
1783179958482 0.15731127560138702 1819
1783179958491 0.13355089724063873 1820
1783179958496 0.09166403859853745 1821
1783179958503 0.4831526279449463 1822
1783179958508 0.11995034664869308 1823
1783179958515 0.39910203218460083 1824
1783179958603 0.3496933877468109 1825
1783179958704 0.16347670555114746 1826
1783179958801 0.10400104522705078 1827
1783179958911 0.08418536186218262 1828
1783179959010 0.0709633082151413 1829
1783179959106 0.07683826237916946 1830
1783179959204 0.11475694924592972 1831
1783179959303 0.09604114294052124 1832
1783179959401 0.20606352388858795 1833
1783179959499 0.02694893628358841 1834
1783179959601 0.22947941720485687 1835
1783179959698 0.27186498045921326 1836
1783179959798 0.30809104442596436 1837
1783179959899 0.4768487811088562 1838
1783179960006 0.38854968547821045 1839
1783179960107 0.194840669631958 1840
1783179960206 0.09059800207614899 1841
1783179960309 0.36396023631095886 1842
1783179960413 0.3430528938770294 1843
1783179960515 0.02174690179526806 1844
1783179960620 0.37153324484825134 1845
1783179960716 0.24429042637348175 1846
1783179960815 0.03672916069626808 1847
1783179960926 0.15316839516162872 1848
1783179961029 0.14112333953380585 1849
1783179961121 0.14461465179920197 1850
1783179961139 0.16104549169540405 1851
1783179961145 0.2344691902399063 1852
1783179961151 0.13132964074611664 1853
1783179961162 0.10489033162593842 1854
1783179961168 0.27545130252838135 1855
1783179961175 0.13269388675689697 1856
1783179961181 0.2145145684480667 1857
1783179961187 0.16612893342971802 1858
1783179961193 0.23210136592388153 1859
1783179961199 0.14107544720172882 1860
1783179961205 0.2708425521850586 1861
1783179961211 0.18568289279937744 1862
1783179961217 0.2096562683582306 1863
1783179961223 0.339538037776947 1864
1783179961229 0.2888316214084625 1865
1783179961235 0.0651802197098732 1866
1783179961250 0.0648779422044754 1867
1783179961256 0.27764472365379333 1868
1783179961262 0.07071603834629059 1869
1783179961268 0.19522175192832947 1870
1783179961274 0.200873464345932 1871
1783179961280 0.27976536750793457 1872
1783179961283 0.34646672010421753 1873
1783179961287 0.05450138822197914 1874
1783179964205 0.19271177053451538 1875
1783179964214 0.1123347282409668 1876
1783179964219 0.23394405841827393 1877
1783179964291 0.03987715393304825 1878
1783179964305 0.06601438671350479 1879
1783179964344 0.15253208577632904 1880
1783179964363 0.26880019903182983 1881
1783179964374 0.20846307277679443 1882
1783179964424 0.3152793049812317 1883
1783179964534 0.3076030910015106 1884
1783179964602 0.03773868829011917 1885
1783179964700 0.12050556391477585 1886
1783179964719 0.09542371332645416 1887
1783179964749 0.36555150151252747 1888
1783179964755 0.09801078587770462 1889
1783179964768 0.08570599555969238 1890
1783179964773 0.15321871638298035 1891
1783179964780 0.030206158757209778 1892
1783179964862 0.15285269916057587 1893
1783179964958 0.059646181762218475 1894
1783179965049 0.1324598789215088 1895
1783179965139 0.41110965609550476 1896
1783179965231 0.1262092888355255 1897
1783179965327 0.22440654039382935 1898
1783179965428 0.04862767085433006 1899
1783179965521 0.3452403247356415 1900
1783179965618 0.03719198703765869 1901
1783179965697 0.12545287609100342 1902
1783179965779 0.283525675535202 1903
1783179965787 0.29334330558776855 1904
1783179965790 0.10905306041240692 1905
1783179965797 0.025344008579850197 1906
1783179965802 0.08948417752981186 1907
1783179965809 0.22938960790634155 1908
1783179965815 0.028135834261775017 1909
1783179965822 0.057495638728141785 1910
1783179965831 0.08755653351545334 1911
1783179965839 0.3369574546813965 1912
1783179965888 0.08357243239879608 1913
1783179965893 0.1718604415655136 1914
1783179965900 0.08590202778577805 1915
1783179965907 0.22731554508209229 1916
1783179965909 0.36646440625190735 1917
1783179965919 0.1664247214794159 1918
1783179965929 0.16314230859279633 1919
1783179965935 0.06829563528299332 1920
1783179965942 0.1713940054178238 1921
1783179965948 0.26083409786224365 1922
1783179965965 0.20813994109630585 1923
1783179965972 0.11393191665410995 1924
1783179965977 0.11543942242860794 1925
1783179965983 0.06054187938570976 1926
1783179965989 0.014557256363332272 1927
1783179965995 0.23561236262321472 1928
1783179966001 0.07630360126495361 1929
1783179966007 0.016195407137274742 1930
1783179966013 0.06583993881940842 1931
1783179966019 0.24856022000312805 1932
1783179966025 0.12229319661855698 1933
1783179966031 0.38841620087623596 1934
1783179966038 0.021996203809976578 1935
1783179966043 0.08453085273504257 1936
1783179966055 0.1952844113111496 1937
1783179966068 0.43886879086494446 1938
1783179966074 0.026269350200891495 1939
1783179966080 0.10483451187610626 1940
1783179966086 0.16143231093883514 1941
1783179966101 0.08859086781740189 1942
1783179966110 0.17732809484004974 1943
1783179966116 0.30761170387268066 1944
1783179966122 0.08393453061580658 1945
1783179966134 0.324555367231369 1946
1783179966140 0.016971193253993988 1947
1783179966152 0.24963952600955963 1948
1783179966158 0.160604327917099 1949
1783179966164 0.14891290664672852 1950
1783179966170 0.1708677113056183 1951
1783179966176 0.15644796192646027 1952
1783179966182 0.07353824377059937 1953
1783179966194 0.07847823947668076 1954
1783179966200 0.07648123800754547 1955
1783179966218 0.278001070022583 1956
1783179966224 0.33685797452926636 1957
1783179966233 0.4925071895122528 1958
1783179966263 0.22337795794010162 1959
1783179966267 0.0964282751083374 1960
1783179966274 0.26416128873825073 1961
1783179966292 0.04216328635811806 1962
1783179966304 0.06887387484312057 1963
1783179966314 0.36901867389678955 1964
1783179966320 0.1948930025100708 1965
1783179966332 0.1132156029343605 1966
1783179966374 0.07679121196269989 1967
1783179966380 0.07740533351898193 1968
1783179966386 0.23689991235733032 1969
1783179966392 0.072465680539608 1970
1783179966398 0.11202623695135117 1971
1783179966404 0.22284039855003357 1972
1783179966410 0.07832755893468857 1973
1783179966416 0.11806774884462357 1974
1783179966422 0.13913102447986603 1975
1783179966433 0.36643749475479126 1976
1783179966440 0.3276331126689911 1977
1783179966447 0.2239139974117279 1978
1783179966452 0.23152780532836914 1979
1783179966458 0.04253487288951874 1980
1783179966469 0.2457146942615509 1981
1783179966500 0.012505319900810719 1982
1783179966507 0.03996576741337776 1983
1783179966517 0.14748425781726837 1984
1783179966524 0.04716413468122482 1985
1783179966530 0.5795454978942871 1986
1783179966536 0.147584930062294 1987
1783179966543 0.17337919771671295 1988
1783179966548 0.03815678134560585 1989
1783179966560 0.04054916277527809 1990
1783179966566 0.16051992774009705 1991
1783179966664 0.5039885640144348 1992
1783179966758 0.09513060003519058 1993
1783179966835 0.10934922099113464 1994
1783179966841 0.1374932825565338 1995
1783179966848 0.10882788896560669 1996
1783179966854 0.16821788251399994 1997
1783179966860 0.18425142765045166 1998
1783179966866 0.1528392881155014 1999
1783179966872 0.12184411287307739 2000
1783179966884 0.09800738096237183 2001
1783179966891 0.07697257399559021 2002
1783179966927 0.08585426956415176 2003
1783179966932 0.2226470708847046 2004
1783179966938 0.1668112874031067 2005
1783179966944 0.19627973437309265 2006
1783179966950 0.08540434390306473 2007
1783179966956 0.18963254988193512 2008
1783179966968 0.18995480239391327 2009
1783179966974 0.07645724713802338 2010
1783179966981 0.22546592354774475 2011
1783179966986 0.17836597561836243 2012
1783179966992 0.09828070551156998 2013
1783179966998 0.050979990512132645 2014
1783179967004 0.049924690276384354 2015
1783179967010 0.05697985365986824 2016
1783179967018 0.16085399687290192 2017
1783179967125 0.09262091666460037 2018
1783179967226 0.13682347536087036 2019
1783179967255 0.091403067111969 2020
1783179967264 0.024337003007531166 2021
1783179967268 0.049534838646650314 2022
1783179967275 0.08636214584112167 2023
1783179967347 0.058374788612127304 2024
1783179967378 0.07198811322450638 2025
1783179967402 0.08733732253313065 2026
1783179967407 0.27780500054359436 2027
1783179967429 0.24522770941257477 2028
1783179967443 0.22350849211215973 2029
1783179967455 0.04401438683271408 2030
1783179967468 0.12359383702278137 2031
1783179967518 0.19967761635780334 2032
1783179967524 0.06024396792054176 2033
1783179967532 0.12908992171287537 2034
1783179967536 0.04918519780039787 2035
1783179967543 0.09947391599416733 2036
1783179967549 0.023890962824225426 2037
1783179967608 0.24458272755146027 2038
1783179967615 0.31540870666503906 2039
1783179967621 0.13456135988235474 2040
1783179967626 0.07768895477056503 2041
1783179967635 0.2361893653869629 2042
1783179967638 0.05554327741265297 2043
1783179967646 0.20496587455272675 2044
1783179967654 0.25031617283821106 2045
1783179967658 0.16486236453056335 2046
1783179967671 0.17191928625106812 2047
1783179967706 0.04265051707625389 2048
1783179967712 0.21534471213817596 2049
1783179967717 0.6429502367973328 2050
1783179967724 0.11974820494651794 2051
1783179967729 0.17793481051921844 2052
1783179967735 0.3272479474544525 2053
1783179967741 0.3909882605075836 2054
1783179967752 0.09413357824087143 2055
1783179967759 0.10493152588605881 2056
1783179967773 0.1137864962220192 2057
1783179967779 0.17620150744915009 2058
1783179967785 0.13904790580272675 2059
1783179967791 0.34712445735931396 2060
1783179967803 0.17397619783878326 2061
1783179967808 0.29122745990753174 2062
1783179967815 0.48428061604499817 2063
1783179967821 0.13696804642677307 2064
1783179967827 0.38342535495758057 2065
1783179967923 0.10468403995037079 2066
1783179968029 0.10699869692325592 2067
1783179968137 0.1815059930086136 2068
1783179968224 0.0912824347615242 2069
1783179968237 0.15648217499256134 2070
1783179968333 0.27123889327049255 2071
1783179968365 0.2179480344057083 2072
1783179968388 0.20394006371498108 2073
1783179968397 0.06693888455629349 2074
1783179968404 0.04239679127931595 2075
1783179968506 0.06160944327712059 2076
1783179968608 0.04158893972635269 2077
1783179968710 0.5243794322013855 2078
1783179968812 0.13857612013816833 2079
1783179968882 0.12049400061368942 2080
1783179968888 0.1703968346118927 2081
1783179968894 0.1381382793188095 2082
1783179968901 0.18048840761184692 2083
1783179968929 0.04297838360071182 2084
1783179969008 0.17049333453178406 2085
1783179969015 0.5426256060600281 2086
1783179969056 0.23499874770641327 2087
1783179969069 0.20065811276435852 2088
1783179969074 0.47985947132110596 2089
1783179969082 0.31173381209373474 2090
1783179969086 0.25521954894065857 2091
1783179969092 0.04845661669969559 2092
1783179969106 0.0996505469083786 2093
1783179969129 0.10912550240755081 2094
1783179969134 0.11546357721090317 2095
1783179969140 0.24522298574447632 2096
1783179969146 0.27309364080429077 2097
1783179969153 0.2839788496494293 2098
1783179969159 0.08036135137081146 2099
1783179969166 0.0909799113869667 2100
1783179969172 0.06745253503322601 2101
1783179969177 0.2603188455104828 2102
1783179969205 0.33081942796707153 2103
1783179969217 0.02699824422597885 2104
1783179969236 0.15934301912784576 2105
1783179969252 0.16051439940929413 2106
1783179969260 0.0512428805232048 2107
1783179969274 0.17407144606113434 2108
1783179969292 0.01410070713609457 2109
1783179969303 0.03850729018449783 2110
1783179969309 0.13105268776416779 2111
1783179969315 0.10552838444709778 2112
1783179969322 0.16379192471504211 2113
1783179969363 0.27453821897506714 2114
1783179969369 0.3278334438800812 2115
1783179969375 0.1105484664440155 2116
1783179969381 0.0708305686712265 2117
1783179969387 0.30622729659080505 2118
1783179969421 0.4118863344192505 2119
1783179969441 0.1538526564836502 2120
1783179969459 0.07055376470088959 2121
1783179969465 0.030177516862750053 2122
1783179969471 0.049800626933574677 2123
1783179969476 0.2901959717273712 2124
1783179969483 0.2965088486671448 2125
1783179969488 0.06521525233983994 2126
1783179969508 0.11026731133460999 2127
1783179969598 0.18776263296604156 2128
1783179969613 0.06639636307954788 2129
1783179969630 0.033837106078863144 2130
1783179969650 0.630943775177002 2131
1783179969661 0.1633366346359253 2132
1783179969667 0.054871559143066406 2133
1783179969674 0.32054403424263 2134
1783179969683 0.08448076248168945 2135
1783179969697 0.15785910189151764 2136
1783179969716 0.04886441305279732 2137
1783179969725 0.042545828968286514 2138
1783179969827 0.21291185915470123 2139
1783179969926 0.15709084272384644 2140
1783179970017 0.23416192829608917 2141
1783179970113 0.34702128171920776 2142
1783179970209 0.14716549217700958 2143
1783179970309 0.07190654426813126 2144
1783179970407 0.21927213668823242 2145
1783179970507 0.24068976938724518 2146
1783179970629 0.4122115671634674 2147
1783179970732 0.3048256039619446 2148
1783179970753 0.028706954792141914 2149
1783179970759 0.11024914681911469 2150
1783179970765 0.12812773883342743 2151
1783179970775 0.25134384632110596 2152
1783179970779 0.21107687056064606 2153
1783179970789 0.28815287351608276 2154
1783179970825 0.028847282752394676 2155
1783179970841 0.11843371391296387 2156
1783179970960 0.20746763050556183 2157
1783179971067 0.1507529318332672 2158
1783179971172 0.5120621919631958 2159
1783179971213 0.023585068061947823 2160
1783179971317 0.09235648065805435 2161
1783179971422 0.09449861943721771 2162
1783179971500 0.1541251689195633 2163
1783179971513 0.17142321169376373 2164
1783179971523 0.11429904401302338 2165
1783179971537 0.069097138941288 2166
1783179971583 0.025861579924821854 2167
1783179971590 0.16850708425045013 2168
1783179971602 0.48940667510032654 2169
1783179971618 0.1621103584766388 2170
1783179971625 0.056392233818769455 2171
1783179971632 0.16030998528003693 2172
1783179971639 0.13288475573062897 2173
1783179971668 0.2091159224510193 2174
1783179971710 0.17409542202949524 2175
1783179971737 0.08845117688179016 2176
1783179971760 0.04382918030023575 2177
1783179971782 0.5763320922851562 2178
1783179971882 0.06788317859172821 2179
1783179971936 0.07865886390209198 2180
1783179971962 0.10387295484542847 2181
1783179971988 0.23633675277233124 2182
1783179972017 0.10183652490377426 2183
1783179972029 0.3151469826698303 2184
1783179972047 0.15935896337032318 2185
1783179972065 0.05741877853870392 2186
1783179972082 0.10359670966863632 2187
1783179972095 0.06395918875932693 2188
1783179972101 0.19717082381248474 2189
1783179972123 0.0678764134645462 2190
1783179972132 0.09007101505994797 2191
1783179972154 0.038015130907297134 2192
1783179972167 0.12583205103874207 2193
1783179972178 0.3893822133541107 2194
1783179972195 0.22083349525928497 2195
1783179972208 0.10886328667402267 2196
1783179972266 0.09026478230953217 2197
1783179972316 0.15374961495399475 2198
1783179972327 0.24062249064445496 2199
1783179972391 0.06369668245315552 2200
1783179972442 0.11849712580442429 2201
1783179972546 0.32353198528289795 2202
1783179972627 0.2833303213119507 2203
1783179972719 0.2791892886161804 2204
1783179972759 0.11150351166725159 2205
1783179972861 0.0550827831029892 2206
1783179972937 0.03259661793708801 2207
1783179973032 0.0972738265991211 2208
1783179973134 0.08706173300743103 2209
1783179973170 0.21168401837348938 2210
1783179973183 0.1485278606414795 2211
1783179973208 0.01692207157611847 2212
1783179973284 0.1623576134443283 2213
1783179973332 0.04724781587719917 2214
1783179973426 0.06601979583501816 2215
1783179973518 0.2324627935886383 2216
1783179973592 0.1510898470878601 2217
1783179973607 0.01746901497244835 2218
1783179973625 0.20973239839076996 2219
1783179973673 0.1295379251241684 2220
1783179973715 0.05132026597857475 2221
1783179973816 0.14027658104896545 2222
1783179973918 0.06606081128120422 2223
1783179974029 0.08672250807285309 2224
1783179974131 0.06781850755214691 2225
1783179974207 0.03665468469262123 2226
1783179974237 0.1505366712808609 2227
1783179974254 0.0861077606678009 2228
1783179974319 0.4434743821620941 2229
1783179974379 0.1330745369195938 2230
1783179974439 0.06333959847688675 2231
1783179974448 0.09657421708106995 2232
1783179974545 0.3129866123199463 2233
1783179974632 0.0448334664106369 2234
1783179974730 0.027816006913781166 2235
1783179974815 0.011826898902654648 2236
1783179974899 0.14704854786396027 2237
1783179974956 0.013406123034656048 2238
1783179974961 0.03248174116015434 2239
1783179974966 0.08131588995456696 2240
1783179974973 0.0824735090136528 2241
1783179975067 0.5113584995269775 2242
1783179975141 0.19429530203342438 2243
1783179975168 0.31096428632736206 2244
1783179975173 0.41268599033355713 2245
1783179975178 0.12538546323776245 2246
1783179975191 0.029713449999690056 2247
1783179975195 0.16164608299732208 2248
1783179975201 0.2828325033187866 2249
1783179975207 0.18764933943748474 2250
1783179975212 0.16239577531814575 2251
1783179975218 0.42281264066696167 2252
1783179975223 0.10849161446094513 2253
1783179975230 0.07430688291788101 2254
1783179975236 0.0952138751745224 2255
1783179975242 0.18312589824199677 2256
1783179975333 0.080987848341465 2257
1783179975372 0.10384716838598251 2258
1783179975380 0.21802139282226562 2259
1783179975389 0.19822697341442108 2260
1783179975396 0.2888653874397278 2261
1783179975430 0.1640385240316391 2262
1783179975436 0.2330055832862854 2263
1783179975441 0.08132003992795944 2264
1783179975447 0.07570654153823853 2265
1783179975485 0.12376061826944351 2266
1783179975495 0.26799139380455017 2267
1783179975510 0.10649120062589645 2268
1783179975524 0.11499057710170746 2269
1783179975529 0.029886990785598755 2270
1783179975532 0.15731129050254822 2271
1783179975538 0.139289990067482 2272
1783179975550 0.3108573853969574 2273
1783179975558 0.20095285773277283 2274
1783179975563 0.09969034790992737 2275
1783179975569 0.10455434024333954 2276
1783179975582 0.06752907484769821 2277
1783179975591 0.1190406084060669 2278
1783179975614 0.022397547960281372 2279
1783179975703 0.2554631531238556 2280
1783179975719 0.3769387900829315 2281
1783179975732 0.04150089994072914 2282
1783179975738 0.20998837053775787 2283
1783179975748 0.05021766573190689 2284
1783179975775 0.08907462656497955 2285
1783179975825 0.2692103087902069 2286
1783179975831 0.19746623933315277 2287
1783179975836 0.09777870029211044 2288
1783179975842 0.020032189786434174 2289
1783179975859 0.06246498227119446 2290
1783179975925 0.09630391001701355 2291
1783179975968 0.09910710901021957 2292
1783179975976 0.08758250623941422 2293
1783179975983 0.3131006360054016 2294
1783179976035 0.003994155675172806 2295
1783179976090 0.3318929076194763 2296
1783179976102 0.08236359804868698 2297
1783179976143 0.26813873648643494 2298
1783179976227 0.48770949244499207 2299
1783179976239 0.04972051829099655 2300
1783179976263 0.052000924944877625 2301
1783179976297 0.1863297075033188 2302
1783179976302 0.037559714168310165 2303
1783179976329 0.19323836266994476 2304
1783179976414 0.16297079622745514 2305
1783179976477 0.1816975325345993 2306
1783179976570 0.13506270945072174 2307
1783179976648 0.18161940574645996 2308
1783179976663 0.05295950174331665 2309
1783179976669 0.12548522651195526 2310
1783179976679 0.19406205415725708 2311
1783179976699 0.19922374188899994 2312
1783179976710 0.07617123425006866 2313
1783179976729 0.11148534715175629 2314
1783179976733 0.02500239387154579 2315
1783179976741 0.0766732320189476 2316
1783179976829 0.3005416989326477 2317
1783179976856 0.10818249732255936 2318
1783179976861 0.2203141748905182 2319
1783179976868 0.20526790618896484 2320
1783179976881 0.015768103301525116 2321
1783179976887 0.05256590619683266 2322
1783179976894 0.06544461101293564 2323
1783179976990 0.09967172890901566 2324
1783179977087 0.055104147642850876 2325
1783179977188 0.11547613143920898 2326
1783179977287 0.20242038369178772 2327
1783179977385 0.15807965397834778 2328
1783179977487 0.027586333453655243 2329
1783179977591 0.03160569816827774 2330
1783179977687 0.03392850607633591 2331
1783179977787 0.05867983400821686 2332
1783179977895 0.1952240914106369 2333
1783179977995 0.15287280082702637 2334
1783179978093 0.17879275977611542 2335
1783179978197 0.016202375292778015 2336
1783179978297 0.09770864993333817 2337
1783179978397 0.12771232426166534 2338
1783179978500 0.09468735754489899 2339
1783179978593 0.11605878174304962 2340
1783179978692 0.08508129417896271 2341
1783179978749 0.059143539518117905 2342
1783179978755 0.16722612082958221 2343
1783179978807 0.08305898308753967 2344
1783179978813 0.34661510586738586 2345
1783179978819 0.10895557701587677 2346
1783179978843 0.07012729346752167 2347
1783179978864 0.14095443487167358 2348
1783179978880 0.05977596715092659 2349
1783179978885 0.30762094259262085 2350
1783179978985 0.10054074972867966 2351
1783179979088 0.016965918242931366 2352
1783179979185 0.01393160317093134 2353
1783179979291 0.03698277100920677 2354
1783179979384 0.292381227016449 2355
1783179979483 0.2178596705198288 2356
1783179979523 0.06631223112344742 2357
1783179979612 0.0934215560555458 2358
1783179979629 0.06127346679568291 2359
1783179979638 0.18795697391033173 2360
1783179979645 0.16030453145503998 2361
1783179979667 0.1199391558766365 2362
1783179979751 0.014291441068053246 2363
1783179979769 0.28466808795928955 2364
1783179979784 0.024403654038906097 2365
1783179979816 0.009928673505783081 2366
1783179979851 0.2340114265680313 2367
1783179979858 0.232622429728508 2368
1783179979872 0.21802295744419098 2369
1783179979961 0.08816994726657867 2370
1783179980060 0.2500012516975403 2371
1783179980160 0.07807205617427826 2372
1783179980249 0.1299588680267334 2373
1783179980306 0.2278645634651184 2374
1783179980411 0.1318141669034958 2375
1783179980509 0.2096145749092102 2376
1783179980570 0.1019657701253891 2377
1783179980577 0.2260877639055252 2378
1783179980615 0.2534349262714386 2379
1783179980623 0.3091922104358673 2380
1783179980631 0.151902973651886 2381
1783179980637 0.0602257177233696 2382
1783179980647 0.19701799750328064 2383
1783179980652 0.08784739673137665 2384
1783179980686 0.004736805334687233 2385
1783179980699 0.24122072756290436 2386
1783179980726 0.32701078057289124 2387
1783179980744 0.347864031791687 2388
1783179980773 0.023025929927825928 2389
1783179980868 0.060897983610630035 2390
1783179980926 0.2621103823184967 2391
1783179980933 0.128043070435524 2392
1783179980949 0.3798695504665375 2393
1783179981015 0.22372891008853912 2394
1783179981020 0.09986953437328339 2395
1783179981038 0.12633584439754486 2396
1783179981052 0.19264426827430725 2397
1783179981063 0.12525103986263275 2398
1783179981089 0.32502317428588867 2399
1783179981100 0.23922978341579437 2400
1783179981107 0.10497599840164185 2401
1783179981112 0.17611055076122284 2402
1783179981126 0.2743178606033325 2403
1783179981135 0.029469193890690804 2404
1783179981144 0.024278344586491585 2405
1783179981163 0.02576090581715107 2406
1783179981169 0.33678120374679565 2407
1783179981174 0.03896342217922211 2408
1783179981183 0.3071451187133789 2409
1783179981188 0.14537759125232697 2410
1783179981195 0.14334408938884735 2411
1783179981200 0.2587016522884369 2412
1783179981219 0.14397455751895905 2413
1783179981279 0.07165084779262543 2414
1783179981285 0.11735183745622635 2415
1783179981291 0.2340254932641983 2416
1783179981296 0.0935555174946785 2417
1783179981303 0.08575187623500824 2418
1783179981310 0.05977844446897507 2419
1783179981315 0.11467130482196808 2420
1783179981408 0.07388707250356674 2421
1783179981421 0.03396536037325859 2422
1783179981431 0.07237820327281952 2423
1783179981438 0.2959873378276825 2424
1783179981530 0.05633743852376938 2425
1783179981536 0.2809501588344574 2426
1783179981544 0.024122880771756172 2427
1783179981550 0.18525004386901855 2428
1783179981555 0.06939743459224701 2429
1783179981565 0.12059980630874634 2430
1783179981576 0.232182115316391 2431
1783179981580 0.2633307874202728 2432
1783179981586 0.24277432262897491 2433
1783179981593 0.05771744251251221 2434
1783179981598 0.16162770986557007 2435
1783179981604 0.18718045949935913 2436
1783179981616 0.057477470487356186 2437
1783179981708 0.08281515538692474 2438
1783179981736 0.0765170007944107 2439
1783179981798 0.14810188114643097 2440
1783179981881 0.045054543763399124 2441
1783179981928 0.17006000876426697 2442
1783179982005 0.15458497405052185 2443
1783179982034 0.3436814844608307 2444
1783179982076 0.06980038434267044 2445
1783179982081 0.09464128315448761 2446
1783179982086 0.09776320308446884 2447
1783179982094 0.102254219353199 2448
1783179982106 0.13309788703918457 2449
1783179982199 0.19276398420333862 2450
1783179982245 0.5001093745231628 2451
1783179982251 0.13518881797790527 2452
1783179982261 0.2634263038635254 2453
1783179982274 0.09710584580898285 2454
1783179982356 0.07182762026786804 2455
1783179982388 0.10525361448526382 2456
1783179982419 0.12494727224111557 2457
1783179982523 0.327099472284317 2458
1783179982609 0.29489123821258545 2459
1783179982707 0.05694327503442764 2460
1783179982803 0.08510413020849228 2461
1783179982897 0.13479948043823242 2462
1783179982998 0.13205932080745697 2463
1783179983102 0.2796148359775543 2464
1783179983203 0.09794770926237106 2465
1783179983303 0.2220955342054367 2466
1783179983400 0.11543507128953934 2467
1783179983498 0.13982155919075012 2468
1783179983600 0.05221656709909439 2469
1783179983717 0.1366003155708313 2470
1783179983814 0.07627787441015244 2471
1783179983920 0.13937154412269592 2472
1783179984019 0.15871013700962067 2473
1783179984117 0.05958420783281326 2474
1783179984144 0.1658647656440735 2475
1783179984150 0.43701061606407166 2476
1783179984155 0.03424162045121193 2477
1783179984160 0.3014432191848755 2478
1783179984167 0.15960843861103058 2479
1783179984172 0.09162220358848572 2480
1783179984177 0.2538013160228729 2481
1783179984182 0.19740088284015656 2482
1783179984187 0.16950859129428864 2483
1783179984192 0.07097020745277405 2484
1783179984197 0.03262617811560631 2485
1783179984202 0.22579067945480347 2486
1783179984207 0.08789220452308655 2487
1783179984215 0.29569196701049805 2488
1783179984221 0.2239152044057846 2489
1783179984227 0.07893488556146622 2490
1783179984233 0.09434898942708969 2491
1783179984239 0.15467269718647003 2492
1783179984246 0.025800909847021103 2493
1783179984257 0.3300323486328125 2494
1783179984270 0.14343567192554474 2495
1783179984316 0.11902788281440735 2496
1783179984324 0.06053357571363449 2497
1783179984338 0.3356074094772339 2498
1783179984346 0.22778023779392242 2499
1783179984351 0.2733108699321747 2500
1783179984359 0.0886382982134819 2501
1783179984375 0.11661224812269211 2502
1783179984383 0.2100197970867157 2503
1783179984391 0.14763428270816803 2504
1783179984396 0.13744215667247772 2505
1783179984405 0.3970389664173126 2506
1783179984417 0.35587644577026367 2507
1783179984423 0.21450498700141907 2508
1783179984429 0.18551526963710785 2509
1783179984435 0.21791717410087585 2510
1783179984440 0.21295498311519623 2511
1783179984449 0.11556503921747208 2512
1783179984454 0.04642327129840851 2513
1783179984460 0.06221146509051323 2514
1783179984469 0.17464904487133026 2515
1783179984484 0.04378083720803261 2516
1783179984497 0.03952127322554588 2517
1783179984502 0.2958463430404663 2518
1783179984514 0.08767136186361313 2519
1783179984530 0.25964537262916565 2520
1783179984541 0.08410045504570007 2521
1783179984560 0.14781612157821655 2522
1783179984585 0.3547244668006897 2523
1783179984620 0.015626035630702972 2524
1783179984633 0.13796772062778473 2525
1783179984655 0.29567331075668335 2526
1783179984670 0.06890705972909927 2527
1783179984698 0.13518790900707245 2528
1783179984716 0.08521410822868347 2529
1783179984735 0.02682332880795002 2530
1783179984741 0.1759001910686493 2531
1783179984754 0.16030678153038025 2532
1783179984760 0.08845984935760498 2533
1783179984765 0.1487162560224533 2534
1783179984782 0.19154977798461914 2535
1783179984804 0.12237925082445145 2536
1783179984810 0.053214848041534424 2537
1783179984827 0.052714601159095764 2538
1783179984837 0.3257776200771332 2539
1783179984847 0.009788515977561474 2540
1783179984872 0.2517741322517395 2541
1783179984978 0.10894065350294113 2542
1783179985026 0.06264384090900421 2543
1783179985046 0.27799269556999207 2544
1783179985058 0.10431984066963196 2545
1783179985072 0.1873510181903839 2546
1783179985077 0.17947231233119965 2547
1783179985089 0.07357503473758698 2548
1783179985101 0.02851293794810772 2549
1783179985133 0.14628934860229492 2550
1783179985141 0.13723546266555786 2551
1783179985152 0.13243968784809113 2552
1783179985161 0.020152218639850616 2553
1783179985200 0.06040274351835251 2554
1783179985214 0.14739106595516205 2555
1783179985324 0.029623879119753838 2556
1783179985414 0.08299653232097626 2557
1783179985514 0.14082694053649902 2558
1783179985604 0.12429577112197876 2559
1783179985710 0.5055974125862122 2560
1783179985813 0.13901104032993317 2561
1783179985914 0.12949541211128235 2562
1783179986018 0.07400116324424744 2563
1783179986122 0.05385884270071983 2564
1783179986221 0.19624243676662445 2565
1783179986316 0.15150682628154755 2566
1783179986326 0.5829707980155945 2567
1783179986333 0.6261042952537537 2568
1783179986342 0.06757684797048569 2569
1783179986348 0.02507556416094303 2570
1783179986355 0.030769241973757744 2571
1783179986363 0.019303778186440468 2572
1783179986368 0.031801797449588776 2573
1783179986374 0.04708166792988777 2574
1783179986379 0.05300837382674217 2575
1783179986383 0.45009079575538635 2576
1783179986395 0.14962370693683624 2577
1783179986398 0.09635184705257416 2578
1783179986417 0.174693763256073 2579
1783179986422 0.061551548540592194 2580
1783179986427 0.11473467946052551 2581
1783179986432 0.10693062096834183 2582
1783179986440 0.1377859115600586 2583
1783179986448 0.24182669818401337 2584
1783179986453 0.05681499466300011 2585
1783179986457 0.05104045197367668 2586
1783179986464 0.01353322435170412 2587
1783179986470 0.060989413410425186 2588
1783179986478 0.01593756303191185 2589
1783179986484 0.34357380867004395 2590
1783179986492 0.14254041016101837 2591
1783179986498 0.11467383056879044 2592
1783179986503 0.019452201202511787 2593
1783179986510 0.2836529314517975 2594
1783179986523 0.22269558906555176 2595
1783179986533 0.03657281771302223 2596
1783179986537 0.09606970846652985 2597
1783179986544 0.04503120481967926 2598
1783179986633 0.055091358721256256 2599
1783179986647 0.24536123871803284 2600
1783179986654 0.20090189576148987 2601
1783179986664 0.09938489645719528 2602
1783179986676 0.4021837115287781 2603
1783179986757 0.0970226302742958 2604
1783179986767 0.2745000720024109 2605
1783179986818 0.22684895992279053 2606
1783179986857 0.40412476658821106 2607
1783179986876 0.3388715982437134 2608
1783179986971 0.2818359136581421 2609
1783179987070 0.21158887445926666 2610
1783179987098 0.24146082997322083 2611
1783179987108 0.191781684756279 2612
1783179987115 0.03664177283644676 2613
1783179987120 0.14000040292739868 2614
1783179987126 0.4299784302711487 2615
1783179987131 0.077057383954525 2616
1783179987137 0.01206532958894968 2617
1783179987141 0.15685151517391205 2618
1783179987147 0.2739035189151764 2619
1783179987151 0.027400121092796326 2620
1783179987155 0.46266230940818787 2621
1783179987163 0.040400926023721695 2622
1783179987169 0.19893410801887512 2623
1783179987177 0.1901453137397766 2624
1783179987184 0.3035232126712799 2625
1783179987191 0.11211995780467987 2626
1783179987204 0.06425587087869644 2627
1783179987216 0.0661330372095108 2628
1783179987224 0.1373453587293625 2629
1783179987228 0.0696038231253624 2630
1783179987233 0.0415869876742363 2631
1783179987238 0.13009525835514069 2632
1783179987243 0.06871236860752106 2633
1783179987247 0.0634172260761261 2634
1783179987252 0.1455371379852295 2635
1783179987257 0.0106907794252038 2636
1783179987353 0.28011831641197205 2637
1783179987431 0.21235473453998566 2638
1783179987437 0.20890673995018005 2639
1783179987443 0.09924819320440292 2640
1783179987454 0.16584043204784393 2641
1783179987465 0.08073709905147552 2642
1783179987471 0.1669459044933319 2643
1783179987482 0.04609089344739914 2644
1783179987493 0.15088962018489838 2645
1783179987500 0.10399806499481201 2646
1783179987505 0.09538198262453079 2647
1783179987508 0.08691664040088654 2648
1783179987516 0.16712376475334167 2649
1783179987521 0.05297365039587021 2650
1783179987533 0.28452175855636597 2651
1783179987539 0.10056682676076889 2652
1783179987548 0.11541611701250076 2653
1783179987561 0.16752561926841736 2654
1783179987566 0.1821332722902298 2655
1783179987572 0.19525809586048126 2656
1783179987578 0.19004596769809723 2657
1783179987584 0.04677136614918709 2658
1783179987590 0.10500653833150864 2659
1783179987597 0.09912773221731186 2660
1783179987603 0.17981861531734467 2661
1783179987608 0.19562795758247375 2662
1783179987614 0.22336246073246002 2663
1783179987620 0.44310101866722107 2664
1783179987626 0.29498156905174255 2665
1783179987633 0.35502171516418457 2666
1783179987638 0.1423122137784958 2667
1783179987644 0.08051762729883194 2668
1783179987650 0.15088936686515808 2669
1783179987656 0.2981720268726349 2670
1783179987663 0.24912433326244354 2671
1783179987668 0.1185978576540947 2672
1783179987675 0.3112984597682953 2673
1783179987682 0.26286494731903076 2674
1783179987686 0.15305626392364502 2675
1783179987692 0.24040846526622772 2676
1783179987698 0.04313245788216591 2677
1783179987706 0.12056993693113327 2678
1783179987710 0.09541496634483337 2679
1783179987717 0.21083515882492065 2680
1783179987722 0.14347203075885773 2681
1783179987729 0.15700067579746246 2682
1783179987735 0.0776294469833374 2683
1783179987741 0.02723686955869198 2684
1783179987778 0.1843973845243454 2685
1783179987788 0.15503694117069244 2686
1783179987794 0.03923742100596428 2687
1783179987800 0.2517237663269043 2688
1783179987806 0.218200221657753 2689
1783179987812 0.17546571791172028 2690
1783179987819 0.2528351843357086 2691
1783179987825 0.14094461500644684 2692
1783179987838 0.04344524070620537 2693
1783179987844 0.18105366826057434 2694
1783179987892 0.10747481137514114 2695
1783179987901 0.12877215445041656 2696
1783179987909 0.04847610741853714 2697
1783179987916 0.2591629922389984 2698
1783179987940 0.3228019177913666 2699
1783179987946 0.16456525027751923 2700
1783179988038 0.18664710223674774 2701
1783179988138 0.12890732288360596 2702
1783179988239 0.0668415054678917 2703
1783179988347 0.1637132316827774 2704
1783179988443 0.24288660287857056 2705
1783179988523 0.34734970331192017 2706
1783179988599 0.2245747596025467 2707
1783179988695 0.20323772728443146 2708
1783179988785 0.3258454501628876 2709
1783179988885 0.03608233854174614 2710
1783179988972 0.146889328956604 2711
1783179989054 0.07304482161998749 2712
1783179989149 0.06494203954935074 2713
1783179989233 0.0964953601360321 2714
1783179989317 0.015197452157735825 2715
1783179989401 0.055327415466308594 2716
1783179989491 0.12564945220947266 2717
1783179989566 0.08699025958776474 2718
1783179989653 0.16998901963233948 2719
1783179989736 0.06632514297962189 2720
1783179989817 0.3247484862804413 2721
1783179989911 0.1426287144422531 2722
1783179990012 0.03823619335889816 2723
1783179990114 0.0282322708517313 2724
1783179990206 0.25066274404525757 2725
1783179990291 0.04611435532569885 2726
1783179990389 0.23998118937015533 2727
1783179990395 0.12020805478096008 2728
1783179990456 0.05855552852153778 2729
1783179990473 0.09433382749557495 2730
1783179990484 0.09446372836828232 2731
1783179990568 0.020246166735887527 2732
1783179990605 0.053435616195201874 2733
1783179990683 0.2464940845966339 2734
1783179990694 0.21308839321136475 2735
1783179990785 0.2813602387905121 2736
1783179990792 0.06512761116027832 2737
1783179990803 0.01981361210346222 2738
1783179990829 0.07337605208158493 2739
1783179990844 0.046556130051612854 2740
1783179990856 0.10964831709861755 2741
1783179990880 0.07690104097127914 2742
1783179990968 0.1766275316476822 2743
1783179991061 0.2861587703227997 2744
1783179991158 0.2476864606142044 2745
1783179991236 0.2653544843196869 2746
1783179991246 0.3763200342655182 2747
1783179991258 0.19293516874313354 2748
1783179991264 0.25530877709388733 2749
1783179991332 0.038667626678943634 2750
1783179991362 0.11055312305688858 2751
1783179991368 0.3901636302471161 2752
1783179991375 0.136771559715271 2753
1783179991381 0.39691656827926636 2754
1783179991387 0.1824723482131958 2755
1783179991399 0.5640510320663452 2756
1783179991411 0.4695248603820801 2757
1783179991429 0.10146557539701462 2758
1783179991437 0.103999562561512 2759
1783179991523 0.13574247062206268 2760
1783179991583 0.1048184186220169 2761
1783179991593 0.11360091716051102 2762
1783179991599 0.1373823583126068 2763
1783179991604 0.04569736868143082 2764
1783179991610 0.08113884180784225 2765
1783179991616 0.3931581974029541 2766
1783179991622 0.14400207996368408 2767
1783179991628 0.22587193548679352 2768
1783179991634 0.01560323778539896 2769
1783179991640 0.043573521077632904 2770
1783179991646 0.10295083373785019 2771
1783179991652 0.19885829091072083 2772
1783179991658 0.25495532155036926 2773
1783179991664 0.1127692312002182 2774
1783179991670 0.29567751288414 2775
1783179991676 0.35553598403930664 2776
1783179991682 0.11677954345941544 2777
1783179991686 0.14455804228782654 2778
1783179991689 0.22208234667778015 2779
1783179991692 0.23151995241641998 2780
1783179991695 0.05509752035140991 2781
1783179991698 0.05890582874417305 2782
1783179991702 0.12167094647884369 2783
1783179991705 0.19721773266792297 2784
1783179991711 0.3239689767360687 2785
1783179991718 0.3974648416042328 2786
1783179991724 0.07095395773649216 2787
1783179991728 0.1623133420944214 2788
1783179991733 0.20599612593650818 2789
1783179991738 0.2174859642982483 2790
1783179991745 0.14272543787956238 2791
1783179991751 0.15616154670715332 2792
1783179991758 0.03099069558084011 2793
1783179991763 0.13972407579421997 2794
1783179991771 0.05361587181687355 2795
1783179991776 0.14458119869232178 2796
1783179991783 0.11458912491798401 2797
1783179991792 0.28721392154693604 2798
1783179991802 0.07207001000642776 2799
1783179991808 0.10863307118415833 2800
1783179991814 0.16839325428009033 2801
1783179991820 0.0700862854719162 2802
1783179991824 0.26603156328201294 2803
1783179991830 0.07324811816215515 2804
1783179991836 0.24802266061306 2805
1783179991842 0.09078555554151535 2806
1783179991847 0.09428001195192337 2807
1783179991853 0.3839666545391083 2808
1783179991860 0.04278859868645668 2809
1783179991866 0.08020554482936859 2810
1783179991872 0.13938793540000916 2811
1783179991876 0.10330052673816681 2812
1783179991882 0.07386831939220428 2813
1783179991889 0.45386552810668945 2814
1783179991895 0.2022983431816101 2815
1783179991899 0.1397402435541153 2816
1783179991904 0.3819354474544525 2817
1783179991909 0.1751680076122284 2818
1783179991913 0.437832236289978 2819
1783179991916 0.05203031376004219 2820
1783179991920 0.11053380370140076 2821
1783179991924 0.19223257899284363 2822
1783179991927 0.16254523396492004 2823
1783179991930 0.3688359558582306 2824
1783179991936 0.03578604757785797 2825
1783179991940 0.4680338203907013 2826
1783179991944 0.17831148207187653 2827
1783179991946 0.03990015760064125 2828
1783179991952 0.04282332956790924 2829
1783179991956 0.17155058681964874 2830
1783179991959 0.22504377365112305 2831
1783179991964 0.1387549340724945 2832
1783179991971 0.22810064256191254 2833
1783179991977 0.19621729850769043 2834
1783179991983 0.11167727410793304 2835
1783179991988 0.09906845539808273 2836
1783179991994 0.23560500144958496 2837
1783179992001 0.21696101129055023 2838
1783179992006 0.20728670060634613 2839
1783179992012 0.17207276821136475 2840
1783179992019 0.1453968584537506 2841
1783179992023 0.20577506721019745 2842
1783179992029 0.03140505403280258 2843
1783179992035 0.13667020201683044 2844
1783179992042 0.2810888886451721 2845
1783179992047 0.2922074794769287 2846
1783179992053 0.11170051246881485 2847
1783179992059 0.14288021624088287 2848
1783179992062 0.18868452310562134 2849
1783179992065 0.1429053544998169 2850
1783179992069 0.10778506100177765 2851
1783179992072 0.0589216910302639 2852
1783179992075 0.04016641899943352 2853
1783179992078 0.03577766194939613 2854
1783179992081 0.08392328768968582 2855
1783179992086 0.16362562775611877 2856
1783179992092 0.07930814474821091 2857
1783179992099 0.11510647088289261 2858
1783179992107 0.02930319681763649 2859
1783179992111 0.16333796083927155 2860
1783179992118 0.26445937156677246 2861
1783179992123 0.09033478796482086 2862
1783179992129 0.08091790229082108 2863
1783179992135 0.10864196717739105 2864
1783179992141 0.0734693631529808 2865
1783179992146 0.08469847589731216 2866
1783179992152 0.047535721212625504 2867
1783179992203 0.1221538633108139 2868
1783179992212 0.034886810928583145 2869
1783179992216 0.09799695014953613 2870
1783179992221 0.2108348160982132 2871
1783179992227 0.2203434258699417 2872
1783179992233 0.08064637333154678 2873
1783179992239 0.19395259022712708 2874
1783179992245 0.2077193707227707 2875
1783179992248 0.01244453527033329 2876
1783179992252 0.06296887248754501 2877
1783179992256 0.019790146499872208 2878
1783179992259 0.02282942272722721 2879
1783179992262 0.3479901850223541 2880
1783179992265 0.017899159342050552 2881
1783179992269 0.035438504070043564 2882
1783179992273 0.025922352448105812 2883
1783179992276 0.42872002720832825 2884
1783179992279 0.1555660367012024 2885
1783179992283 0.05740366503596306 2886
1783179992286 0.1823747307062149 2887
1783179992289 0.10744111239910126 2888
1783179992293 0.1358097642660141 2889
1783179992295 0.009869997389614582 2890
1783179992299 0.21972045302391052 2891
1783179992302 0.05600288510322571 2892
1783179992306 0.10412885993719101 2893
1783179992309 0.11008980125188828 2894
1783179992312 0.3605510890483856 2895
1783179992315 0.19306033849716187 2896
1783179992319 0.08880575001239777 2897
1783179992322 0.3976186215877533 2898
1783179992325 0.17403370141983032 2899
1783179992329 0.09524976462125778 2900
1783179992332 0.08065097779035568 2901
1783179992335 0.1766703873872757 2902
1783179992338 0.023218968883156776 2903
1783179992344 0.2066076397895813 2904
1783179992350 0.18555743992328644 2905
1783179992356 0.25133761763572693 2906
1783179992362 0.09833993762731552 2907
1783179992369 0.15970396995544434 2908
1783179992374 0.04857032373547554 2909
1783179992380 0.03738179802894592 2910
1783179992386 0.04262761399149895 2911
1783179992392 0.40874266624450684 2912
1783179992398 0.47744131088256836 2913
1783179992405 0.17557600140571594 2914
1783179992410 0.06242448464035988 2915
1783179992416 0.2996272146701813 2916
1783179992423 0.06258438527584076 2917
1783179992428 0.1841878592967987 2918
1783179992435 0.42110535502433777 2919
1783179992438 0.01687164232134819 2920
1783179992441 0.18450352549552917 2921
1783179992444 0.012798250652849674 2922
1783179992447 0.0720653161406517 2923
1783179992450 0.059107743203639984 2924
1783179992453 0.0441865548491478 2925
1783179992456 0.06409633159637451 2926
1783179992459 0.5370962619781494 2927
1783179992462 0.36108705401420593 2928
1783179992466 0.2606913149356842 2929
1783179992469 0.24849849939346313 2930
1783179992473 0.11696375161409378 2931
1783179992476 0.049104172736406326 2932
1783179992479 0.16854256391525269 2933
1783179992483 0.04136271774768829 2934
1783179992488 0.1324218362569809 2935
1783179992494 0.04154001176357269 2936
1783179992500 0.07345948368310928 2937
1783179992506 0.07543172687292099 2938
1783179992512 0.3473871052265167 2939
1783179992518 0.04330536350607872 2940
1783179992524 0.12096688151359558 2941
1783179992621 0.058999620378017426 2942
1783179992714 0.15156516432762146 2943
1783179992807 0.043455176055431366 2944
1783179992870 0.11425235867500305 2945
1783179992926 0.07909373193979263 2946
1783179992951 0.32388752698898315 2947
1783179992987 0.3608088791370392 2948
1783179992994 0.21443556249141693 2949
1783179993106 0.2388618141412735 2950
1783179993175 0.06815078854560852 2951
1783179993187 0.15321695804595947 2952
1783179993209 0.16328315436840057 2953
1783179993216 0.09347739815711975 2954
1783179993229 0.09659796208143234 2955
1783179993241 0.037656884640455246 2956
1783179993246 0.037975963205099106 2957
1783179993258 0.1205536499619484 2958
1783179993265 0.051011282950639725 2959
1783179993291 0.13497668504714966 2960
1783179993298 0.32280534505844116 2961
1783179993319 0.22646872699260712 2962
1783179993326 0.026560362428426743 2963
1783179993331 0.09474458545446396 2964
1783179993379 0.04336501657962799 2965
1783179993383 0.1714208871126175 2966
1783179993388 0.2422601729631424 2967
1783179993393 0.14401718974113464 2968
1783179993398 0.07882329076528549 2969
1783179993404 0.15658414363861084 2970
1783179993411 0.022936005145311356 2971
1783179993417 0.14242838323116302 2972
1783179993423 0.096919946372509 2973
1783179993427 0.05165070295333862 2974
1783179993434 0.1963156908750534 2975
1783179993441 0.06997333467006683 2976
1783179993447 0.026872606948018074 2977
1783179993454 0.07658874243497849 2978
1783179993458 0.022025076672434807 2979
1783179993465 0.2039310783147812 2980
1783179993470 0.11655449122190475 2981
1783179993477 0.3114917278289795 2982
1783179993483 0.3813587427139282 2983
1783179993486 0.07466677576303482 2984
1783179993491 0.18076524138450623 2985
1783179993498 0.043085724115371704 2986
1783179993504 0.05609970539808273 2987
1783179993510 0.1354696899652481 2988
1783179993517 0.20307335257530212 2989
1783179993520 0.09997837245464325 2990
1783179993524 0.1767573356628418 2991
1783179993531 0.02861945331096649 2992
1783179993535 0.04360826686024666 2993
1783179993540 0.42332538962364197 2994
1783179993547 0.4550850987434387 2995
1783179993562 0.27857744693756104 2996
1783179993575 0.036215610802173615 2997
1783179993587 0.3064727187156677 2998
1783179993592 0.2749347686767578 2999
1783179993599 0.03118489868938923 3000
1783179993605 0.07970723509788513 3001
1783179993612 0.14123712480068207 3002
1783179993618 0.08655492961406708 3003
1783179993621 0.38730838894844055 3004
1783179993627 0.13198192417621613 3005
1783179993633 0.014684310182929039 3006
1783179993637 0.5497534871101379 3007
1783179993643 0.4573640525341034 3008
1783179993648 0.18753691017627716 3009
1783179993654 0.02215518243610859 3010
1783179993659 0.21653157472610474 3011
1783179993663 0.09422220289707184 3012
1783179993670 0.07198528200387955 3013
1783179993675 0.05138247087597847 3014
1783179993682 0.44244813919067383 3015
1783179993688 0.24298691749572754 3016
1783179993700 0.5497274398803711 3017
1783179993711 0.1672259420156479 3018
1783179993716 0.2874423563480377 3019
1783179993723 0.166551873087883 3020
1783179993773 0.2512461245059967 3021
1783179993779 0.11412718892097473 3022
1783179993786 0.12695610523223877 3023
1783179993791 0.048282090574502945 3024
1783179993797 0.059656284749507904 3025
1783179993804 0.389008104801178 3026
1783179993809 0.07523676753044128 3027
1783179993817 0.16084927320480347 3028
1783179993823 0.04270029067993164 3029
1783179993826 0.03667063266038895 3030
1783179993831 0.04533008486032486 3031
1783179993836 0.2838019132614136 3032
1783179993840 0.14098374545574188 3033
1783179993843 0.2770436108112335 3034
1783179993849 0.17129965126514435 3035
1783179993863 0.06244783103466034 3036
1783179993874 0.046856917440891266 3037
1783179993880 0.051556263118982315 3038
1783179993899 0.031047025695443153 3039
1783179993922 0.222786545753479 3040
1783179993936 0.19824835658073425 3041
1783179993982 0.36712390184402466 3042
1783179993988 0.3142237067222595 3043
1783179993994 0.03370005264878273 3044
1783179994000 0.14143013954162598 3045
1783179994006 0.06722430139780045 3046
1783179994012 0.09218383580446243 3047
1783179994024 0.04854809120297432 3048
1783179994035 0.18771101534366608 3049
1783179994048 0.05920252948999405 3050
1783179994057 0.020528556779026985 3051
1783179994065 0.11427830159664154 3052
1783179994072 0.44370561838150024 3053
1783179994078 0.37987762689590454 3054
1783179994084 0.11414700001478195 3055
1783179994093 0.16074034571647644 3056
1783179994104 0.16739264130592346 3057
1783179994129 0.04163111746311188 3058
1783179994224 0.14417526125907898 3059
1783179994230 0.17576579749584198 3060
1783179994236 0.1930408775806427 3061
1783179994297 0.14305508136749268 3062
1783179994304 0.43535172939300537 3063
1783179994309 0.5038694739341736 3064
1783179994315 0.08827591687440872 3065
1783179994323 0.15501908957958221 3066
1783179994329 0.15514153242111206 3067
1783179994333 0.20215904712677002 3068
1783179994339 0.056866079568862915 3069
1783179994345 0.34011685848236084 3070
1783179994433 0.17523908615112305 3071
1783179994441 0.06027109920978546 3072
1783179994446 0.15219219028949738 3073
1783179994458 0.16556034982204437 3074
1783179994464 0.10037372261285782 3075
1783179994510 0.20779146254062653 3076
1783179994568 0.15119405090808868 3077
1783179994581 0.2136811763048172 3078
1783179994596 0.22538895905017853 3079
1783179994616 0.11062528192996979 3080
1783179994640 0.15325865149497986 3081
1783179994649 0.20754511654376984 3082
1783179994658 0.07763384282588959 3083
1783179994664 0.16143250465393066 3084
1783179994674 0.20419298112392426 3085
1783179994682 0.028634313493967056 3086
1783179994688 0.03596211224794388 3087
1783179994694 0.15096737444400787 3088
1783179994700 0.32921358942985535 3089
1783179994706 0.17962826788425446 3090
1783179994711 0.09211042523384094 3091
1783179994718 0.07444347441196442 3092
1783179994723 0.10307437181472778 3093
1783179994729 0.2678327262401581 3094
1783179994767 0.16393209993839264 3095
1783179994771 0.21604034304618835 3096
1783179994779 0.1305522471666336 3097
1783179994783 0.31585654616355896 3098
1783179994837 0.04406148940324783 3099
1783179994844 0.3219868838787079 3100
1783179994849 0.11016256362199783 3101
1783179994861 0.11561225354671478 3102
1783179994867 0.25494271516799927 3103
1783179994873 0.11917086690664291 3104
1783179994879 0.47923511266708374 3105
1783179994893 0.12511751055717468 3106
1783179994899 0.030246185138821602 3107
1783179994910 0.08836349844932556 3108
1783179994958 0.16035884618759155 3109
1783179994962 0.058205850422382355 3110
1783179994968 0.09222844988107681 3111
1783179994974 0.22436265647411346 3112
1783179994980 0.06286843121051788 3113
1783179994987 0.18583473563194275 3114
1783179994992 0.11158906668424606 3115
1783179994998 0.07992170751094818 3116
1783179995004 0.2029992789030075 3117
1783179995010 0.03133556991815567 3118
1783179995018 0.03616685792803764 3119
1783179995027 0.03586101159453392 3120
1783179995034 0.06648541986942291 3121
1783179995040 0.20033657550811768 3122
1783179995046 0.042714864015579224 3123
1783179995052 0.18388348817825317 3124
1783179995058 0.03587605804204941 3125
1783179995064 0.3208358585834503 3126
1783179995070 0.024387389421463013 3127
1783179995076 0.2853108048439026 3128
1783179995175 0.061540018767118454 3129
1783179995273 0.022744320333003998 3130
1783179995361 0.06981927901506424 3131
1783179995388 0.11016615480184555 3132
1783179995395 0.04047133028507233 3133
1783179995401 0.08148080855607986 3134
1783179995412 0.24180154502391815 3135
1783179995419 0.06115219369530678 3136
1783179995424 0.02922733873128891 3137
1783179995430 0.20701864361763 3138
1783179995438 0.3129626512527466 3139
1783179995443 0.019588228315114975 3140
1783179995448 0.08371160924434662 3141
1783179995456 0.22148612141609192 3142
1783179995540 0.0826203003525734 3143
1783179995546 0.357665091753006 3144
1783179995582 0.1964912712574005 3145
1783179995602 0.004133479669690132 3146
1783179995609 0.045312054455280304 3147
1783179995631 0.10661127418279648 3148
1783179995713 0.1404172033071518 3149
1783179995730 0.15617886185646057 3150
1783179995743 0.18731123208999634 3151
1783179995752 0.054984547197818756 3152
1783179995807 0.20423287153244019 3153
1783179995839 0.05778201296925545 3154
1783179995848 0.041083671152591705 3155
1783179995871 0.04920196160674095 3156
1783179995877 0.30261945724487305 3157
1783179995883 0.046734198927879333 3158
1783179995965 0.05488600954413414 3159
1783179995999 0.03834715485572815 3160
1783179996005 0.0519472099840641 3161
1783179996010 0.3373108506202698 3162
1783179996019 0.34468400478363037 3163
1783179996023 0.00813842099159956 3164
1783179996029 0.09610092639923096 3165
1783179996035 0.07527267932891846 3166
1783179996045 0.15745653212070465 3167
1783179996055 0.18529300391674042 3168
1783179996097 0.062167469412088394 3169
1783179996108 0.23147810995578766 3170
1783179996119 0.2034992277622223 3171
1783179996216 0.014255738817155361 3172
1783179996228 0.026079528033733368 3173
1783179996234 0.046069469302892685 3174
1783179996243 0.047083377838134766 3175
1783179996295 0.23563358187675476 3176
1783179996303 0.07723507285118103 3177
1783179996309 0.12949563562870026 3178
1783179996315 0.04115043208003044 3179
1783179996326 0.0369437038898468 3180
1783179996333 0.17760568857192993 3181
1783179996488 0.11686956137418747 3182
1783179996593 0.10865382105112076 3183
1783179996693 0.038900263607501984 3184
1783179996794 0.05830402672290802 3185
1783179996886 0.05669349431991577 3186
1783179996988 0.06674494594335556 3187
1783179997088 0.10500434786081314 3188
1783179997145 0.21056538820266724 3189
1783179997254 0.15233752131462097 3190
1783179997344 0.05168050900101662 3191
1783179997375 0.21018284559249878 3192
1783179997416 0.019604094326496124 3193
1783179997429 0.09535495191812515 3194
1783179997436 0.21333475410938263 3195
1783179997442 0.2897193133831024 3196
1783179997448 0.053354740142822266 3197
1783179997455 0.3326759934425354 3198
1783179997464 0.09739094972610474 3199
1783179997470 0.2928468585014343 3200
1783179997476 0.4598025679588318 3201
1783179997483 0.16341935098171234 3202
1783179997490 0.07607123255729675 3203
1783179997496 0.21060293912887573 3204
1783179997502 0.12442129850387573 3205
1783179997576 0.036970026791095734 3206
1783179997583 0.327324777841568 3207
1783179997590 0.19923776388168335 3208
1783179997596 0.03156257048249245 3209
1783179997604 0.13833925127983093 3210
1783179997615 0.10278692096471786 3211
1783179997625 0.06430573016405106 3212
1783179997719 0.01583639159798622 3213
1783179997821 0.12854237854480743 3214
1783179997926 0.438798189163208 3215
1783179998030 0.07740379869937897 3216
1783179998140 0.25922682881355286 3217
1783179998247 0.021448815241456032 3218
1783179998355 0.04762708395719528 3219
1783179998460 0.11499914526939392 3220
1783179998572 0.22095035016536713 3221
1783179998681 0.13611459732055664 3222
1783179998783 0.05760413780808449 3223
1783179998887 0.14265871047973633 3224
1783179998931 0.05459940806031227 3225
1783179998944 0.21989034116268158 3226
1783179998956 0.09719077497720718 3227
1783179999065 0.0553269125521183 3228
1783179999148 0.11119812726974487 3229
1783179999245 0.13167817890644073 3230
1783179999341 0.04691474139690399 3231
1783179999401 0.3421364724636078 3232
1783179999413 0.0796707347035408 3233
1783179999429 0.0510270930826664 3234
1783179999437 0.11262405663728714 3235
1783179999484 0.16154462099075317 3236
1783179999496 0.1283036768436432 3237
1783179999507 0.12746429443359375 3238
1783179999518 0.07192273437976837 3239
1783179999525 0.16409698128700256 3240
1783179999535 0.26066452264785767 3241
1783179999548 0.288388729095459 3242
1783179999650 0.051218293607234955 3243
1783179999684 0.4136000871658325 3244
1783179999690 0.14064453542232513 3245
1783179999702 0.24082155525684357 3246
1783179999762 0.12751661241054535 3247
1783179999772 0.11467590183019638 3248
1783179999782 0.18536540865898132 3249
1783179999872 0.44093871116638184 3250
1783179999942 0.36697322130203247 3251
1783179999953 0.16803011298179626 3252
1783179999965 0.1603826880455017 3253
1783179999975 0.14466248452663422 3254
1783179999982 0.09563719481229782 3255
1783179999988 0.0232992023229599 3256
1783180000002 0.13410906493663788 3257
1783180000021 0.01943117380142212 3258
1783180000032 0.13390640914440155 3259
1783180000044 0.04466924071311951 3260
1783180000131 0.08248060196638107 3261
1783180000153 0.05630345642566681 3262
1783180000181 0.11358989030122757 3263
1783180000203 0.06618896126747131 3264
1783180000221 0.051078978925943375 3265
1783180000231 0.07508256286382675 3266
1783180000268 0.2501281499862671 3267
1783180000312 0.10611692816019058 3268
1783180000412 0.07557453960180283 3269
1783180000511 0.37991222739219666 3270
1783180000565 0.1664864420890808 3271
1783180000582 0.04459449276328087 3272
1783180000610 0.034383393824100494 3273
1783180000682 0.16580048203468323 3274
1783180000787 0.08114925026893616 3275
1783180000813 0.4792858958244324 3276
1783180000825 0.09167969226837158 3277
1783180000845 0.051040247082710266 3278
1783180000865 0.11819880455732346 3279
1783180000940 0.3121761381626129 3280
1783180000951 0.08193738013505936 3281
1783180001036 0.28702059388160706 3282
1783180001048 0.05227167531847954 3283
1783180001055 0.0739651694893837 3284
1783180001059 0.06652040779590607 3285
1783180001065 0.0316447839140892 3286
1783180001072 0.13536600768566132 3287
1783180001077 0.057641904801130295 3288
1783180001084 0.087973952293396 3289
1783180001091 0.11285468935966492 3290
1783180001096 0.14497391879558563 3291
1783180001102 0.09180765599012375 3292
1783180001120 0.13153870403766632 3293
1783180001155 0.15181291103363037 3294
1783180001168 0.13483668863773346 3295
1783180001178 0.0451602041721344 3296
1783180001186 0.07281357049942017 3297
1783180001285 0.23297958076000214 3298
1783180001384 0.13286679983139038 3299
1783180001426 0.06997354328632355 3300
1783180001526 0.34322866797447205 3301
1783180001561 0.02010657824575901 3302
1783180001569 0.03298294171690941 3303
1783180001600 0.02044551633298397 3304
1783180001606 0.16975846886634827 3305
1783180001664 0.1855175793170929 3306
1783180001671 0.07266000658273697 3307
1783180001677 0.15980610251426697 3308
1783180001683 0.014161712490022182 3309
1783180001689 0.0526043176651001 3310
1783180001695 0.11811305582523346 3311
1783180001701 0.12151183933019638 3312
1783180001707 0.19624905288219452 3313
1783180001713 0.1455754190683365 3314
1783180001718 0.024037107825279236 3315
1783180001731 0.34473860263824463 3316
1783180001789 0.060528866946697235 3317
1783180001801 0.4418599307537079 3318
1783180001902 0.08454569429159164 3319
1783180001939 0.20711058378219604 3320
1783180001943 0.12857955694198608 3321
1783180001949 0.01649663969874382 3322
1783180001955 0.020183444023132324 3323
1783180001965 0.04179442673921585 3324
1783180001974 0.1416167914867401 3325
1783180001979 0.03692597523331642 3326
1783180001985 0.2932201027870178 3327
1783180002019 0.029625261202454567 3328
1783180002120 0.018686309456825256 3329
1783180002141 0.035320498049259186 3330
1783180002158 0.06225615739822388 3331
1783180002169 0.01700749434530735 3332
1783180002264 0.3423168957233429 3333
1783180002272 0.09118012338876724 3334
1783180002278 0.2066996842622757 3335
1783180002297 0.3171001672744751 3336
1783180002315 0.24802342057228088 3337
1783180002318 0.12767010927200317 3338
1783180002325 0.036142900586128235 3339
1783180002336 0.010445352643728256 3340
1783180002349 0.10075737535953522 3341
1783180002384 0.21873463690280914 3342
1783180002475 0.2003154307603836 3343
1783180002485 0.2032468169927597 3344
1783180002520 0.22418083250522614 3345
1783180002531 0.1304650604724884 3346
1783180002538 0.17751576006412506 3347
1783180002645 0.09146680682897568 3348
1783180002746 0.13825544714927673 3349
1783180002839 0.1537516862154007 3350
1783180002939 0.10045213997364044 3351
1783180003042 0.1617482304573059 3352
1783180003148 0.3341938257217407 3353
1783180003253 0.10510103404521942 3354
1783180003353 0.25832507014274597 3355
1783180003454 0.11060663312673569 3356
1783180003553 0.36048397421836853 3357
1783180003654 0.20558108389377594 3358
1783180003755 0.1854100078344345 3359
1783180003863 0.08921818435192108 3360
1783180003976 0.06966244429349899 3361
1783180004082 0.17872236669063568 3362
1783180004162 0.2566206455230713 3363
1783180004173 0.179008349776268 3364
1783180004187 0.24305973947048187 3365
1783180004192 0.12213760614395142 3366
1783180004210 0.03226432204246521 3367
1783180004223 0.27981674671173096 3368
1783180004320 0.1018362045288086 3369
1783180004332 0.1877048760652542 3370
1783180004359 0.13595251739025116 3371
1783180004366 0.16786855459213257 3372
1783180004372 0.006463806610554457 3373
1783180004388 0.15849174559116364 3374
1783180004414 0.06726892292499542 3375
1783180004419 0.16572265326976776 3376
1783180004427 0.09109330922365189 3377
1783180004436 0.0218547061085701 3378
1783180004461 0.0439080148935318 3379
1783180004474 0.08111517876386642 3380
1783180004480 0.13114497065544128 3381
1783180004486 0.05857003480195999 3382
1783180004497 0.12637700140476227 3383
1783180004601 0.022722961381077766 3384
1783180004702 0.06026889383792877 3385
1783180004715 0.011185499839484692 3386
1783180004734 0.06650178879499435 3387
1783180004746 0.1086268424987793 3388
1783180004780 0.03712537884712219 3389
1783180004786 0.2688031792640686 3390
1783180004791 0.1616571992635727 3391
1783180004797 0.0869622454047203 3392
1783180004806 0.07495756447315216 3393
1783180004835 0.11808643490076065 3394
1783180004904 0.25093862414360046 3395
1783180004908 0.06871028244495392 3396
1783180004918 0.03576403483748436 3397
1783180004932 0.030790066346526146 3398
1783180004941 0.13749712705612183 3399
1783180004948 0.05770739167928696 3400
1783180005010 0.026593659073114395 3401
1783180005024 0.02156493254005909 3402
1783180005034 0.08710912615060806 3403
1783180005040 0.17342272400856018 3404
1783180005047 0.20336604118347168 3405
1783180005054 0.1110880896449089 3406
1783180005059 0.050530415028333664 3407
1783180005066 0.10378231853246689 3408
1783180005070 0.10518443584442139 3409
1783180005081 0.09248842298984528 3410
1783180005138 0.07177020609378815 3411
1783180005150 0.07505089044570923 3412
1783180005164 0.11244826018810272 3413
1783180005171 0.0365012027323246 3414
1783180005183 0.07034337520599365 3415
1783180005188 0.005605926271528006 3416
1783180005193 0.06292012333869934 3417
1783180005205 0.01458691619336605 3418
1783180005267 0.2233334332704544 3419
1783180005272 0.09588029235601425 3420
1783180005278 0.05153622105717659 3421
1783180005289 0.2651168704032898 3422
1783180005295 0.038656946271657944 3423
1783180005302 0.24831221997737885 3424
1783180005307 0.26080700755119324 3425
1783180005314 0.0165399219840765 3426
1783180005320 0.00921535026282072 3427
1783180005325 0.015959782525897026 3428
1783180005331 0.02266138605773449 3429
1783180005385 0.9219136834144592 3430
1783180005392 0.05097748711705208 3431
1783180005398 0.02012317068874836 3432
1783180005403 0.3691271245479584 3433
1783180005409 0.07349371165037155 3434
1783180005487 0.09691327810287476 3435
1783180005513 0.06540980935096741 3436
1783180005593 0.062021348625421524 3437
1783180005599 0.04517737776041031 3438
1783180005607 0.18290354311466217 3439
1783180005619 0.03993694856762886 3440
1783180005625 0.09154415130615234 3441
1783180005634 0.052337609231472015 3442
1783180005712 0.1017175018787384 3443
1783180005769 0.16100561618804932 3444
1783180005775 0.025502335280179977 3445
1783180005784 0.020986786112189293 3446
1783180005795 0.3036450147628784 3447
1783180005804 0.2792944312095642 3448
1783180005809 0.10968747735023499 3449
1783180005815 0.09975330531597137 3450
1783180005820 0.1888739913702011 3451
1783180005826 0.079013392329216 3452
1783180005833 0.00614373991265893 3453
1783180005927 0.09185753762722015 3454
1783180005956 0.054417140781879425 3455
1783180006029 0.08354659378528595 3456
1783180006039 0.034988414496183395 3457
1783180006053 0.0654800534248352 3458
1783180006059 0.1937827467918396 3459
1783180006071 0.19067327678203583 3460
1783180006082 0.10486988723278046 3461
1783180006132 0.21255841851234436 3462
1783180006229 0.07845670729875565 3463
1783180006332 0.08512811362743378 3464
1783180006430 0.10889165848493576 3465
1783180006534 0.059814516454935074 3466
1783180006629 0.0543765090405941 3467
1783180006729 0.2247430980205536 3468
1783180006833 0.2591809928417206 3469
1783180006930 0.06561797857284546 3470
1783180007039 0.005753070581704378 3471
1783180007146 0.049969445914030075 3472
1783180007216 0.16712415218353271 3473
1783180007241 0.003275960683822632 3474
1783180007269 0.115791454911232 3475
1783180007342 0.09616278856992722 3476
1783180007354 0.005938667804002762 3477
1783180007359 0.20013515651226044 3478
1783180007366 0.04579011723399162 3479
1783180007372 0.009871486574411392 3480
1783180007378 0.11715735495090485 3481
1783180007409 0.11009786278009415 3482
1783180007516 0.0639679804444313 3483
1783180007616 0.2984338402748108 3484
1783180007719 0.10885405540466309 3485
1783180007809 0.0677744448184967 3486
1783180007898 0.13896532356739044 3487
1783180007999 0.1561417132616043 3488
1783180008092 0.09039387106895447 3489
1783180008195 0.12476341426372528 3490
1783180008281 0.06233909726142883 3491
1783180008374 0.1437467336654663 3492
1783180008469 0.09860294312238693 3493
1783180008570 0.3191649615764618 3494
1783180008660 0.12399981915950775 3495
1783180008676 0.06193911284208298 3496
1783180008690 0.11463577300310135 3497
1783180008717 0.28455817699432373 3498
1783180008729 0.13875660300254822 3499
1783180008735 0.06891907006502151 3500
1783180008792 0.17374716699123383 3501
1783180008804 0.20833641290664673 3502
1783180008810 0.023212525993585587 3503
1783180008816 0.2958383858203888 3504
1783180008823 0.18247674405574799 3505
1783180008828 0.18360494077205658 3506
1783180008835 0.133609801530838 3507
1783180008840 0.15775132179260254 3508
1783180008846 0.2612876296043396 3509
1783180008895 0.08535740524530411 3510
1783180009008 0.15255188941955566 3511
1783180009104 0.08353415876626968 3512
1783180009192 0.12221688032150269 3513
1783180009288 0.034120116382837296 3514
1783180009313 0.06132763251662254 3515
1783180009330 0.3517671525478363 3516
1783180009436 0.07479815930128098 3517
1783180009534 0.10435961931943893 3518
1783180009638 0.39639562368392944 3519
1783180009744 0.09275593608617783 3520
1783180009845 0.1199183464050293 3521
1783180009943 0.05770077183842659 3522
1783180009986 0.37901097536087036 3523
1783180009991 0.1563796103000641 3524
1783180009997 0.1258077323436737 3525
1783180010008 0.15593847632408142 3526
1783180010016 0.07343016564846039 3527
1783180010021 0.056984033435583115 3528
1783180010054 0.12834204733371735 3529
1783180010151 0.18006783723831177 3530
1783180010159 0.08674323558807373 3531
1783180010166 0.1089281216263771 3532
1783180010199 0.02629590593278408 3533
1783180010294 0.24828188121318817 3534
1783180010394 0.5016047954559326 3535
1783180010479 0.11043708771467209 3536
1783180010508 0.13705824315547943 3537
1783180010513 0.10096067190170288 3538
1783180010519 0.048054181039333344 3539
1783180010526 0.2179930955171585 3540
1783180010629 0.13746894896030426 3541
1783180010679 0.07952088117599487 3542
1783180010695 0.23763824999332428 3543
1783180010751 0.05609549582004547 3544
1783180010757 0.5291497707366943 3545
1783180010762 0.05411025136709213 3546
1783180010809 0.12820643186569214 3547
1783180010851 0.04807325452566147 3548
1783180010872 0.04078930988907814 3549
1783180010878 0.12041918188333511 3550
1783180010889 0.3165093958377838 3551
1783180010897 0.11823558807373047 3552
1783180010985 0.13425609469413757 3553
1783180010991 0.11228477954864502 3554
1783180010996 0.3309125006198883 3555
1783180011009 0.6766657829284668 3556
1783180011017 0.13678482174873352 3557
1783180011028 0.02680632285773754 3558
1783180011116 0.17974388599395752 3559
1783180011199 0.041090838611125946 3560
1783180011286 0.3493306338787079 3561
1783180011376 0.31917208433151245 3562
1783180011448 0.20318801701068878 3563
1783180011512 0.16384321451187134 3564
1783180011525 0.02104574255645275 3565
1783180011531 0.09560675173997879 3566
1783180011537 0.020016197115182877 3567
1783180011577 0.07447714358568192 3568
1783180011657 0.07325445115566254 3569
1783180011663 0.060884956270456314 3570
1783180011674 0.16589106619358063 3571
1783180011692 0.050958700478076935 3572
1783180011704 0.2657278776168823 3573
1783180011714 0.11123627424240112 3574
1783180011726 0.1851927936077118 3575
1783180011738 0.25486013293266296 3576
1783180011750 0.07067017257213593 3577
1783180011762 0.12445082515478134 3578
1783180011779 0.23337510228157043 3579
1783180011791 0.03823096677660942 3580
1783180011798 0.0859188586473465 3581
1783180011808 0.13172569870948792 3582
1783180011841 0.06619978696107864 3583
1783180011862 0.18000055849552155 3584
1783180011880 0.21331627666950226 3585
1783180011892 0.03016473911702633 3586
1783180011909 0.036229003220796585 3587
1783180011928 0.1862402707338333 3588
1783180011940 0.16083188354969025 3589
1783180011952 0.033232610672712326 3590
1783180012046 0.027023768052458763 3591
1783180012087 0.18249046802520752 3592
1783180012097 0.00845818966627121 3593
1783180012135 0.2479865998029709 3594
1783180012149 0.14353249967098236 3595
1783180012161 0.07671105861663818 3596
1783180012245 0.42526623606681824 3597
1783180012253 0.13641168177127838 3598
1783180012293 0.08835608512163162 3599
1783180012388 0.2354944795370102 3600
1783180012410 0.31310346722602844 3601
1783180012503 0.10750249773263931 3602
1783180012536 0.14222323894500732 3603
1783180012547 0.5146269798278809 3604
1783180012565 0.2901999354362488 3605
1783180012672 0.07646606862545013 3606
1783180012721 0.08365683257579803 3607
1783180012784 0.059901971369981766 3608
1783180012825 0.15003067255020142 3609
1783180012853 0.048115961253643036 3610
1783180012873 0.0484413243830204 3611
1783180012890 0.10223674029111862 3612
1783180012906 0.06794422119855881 3613
1783180012912 0.10486501455307007 3614
1783180012919 0.09229424595832825 3615
1783180012925 0.10313650220632553 3616
1783180012930 0.3991239070892334 3617
1783180012947 0.1218613013625145 3618
1783180012959 0.09453485906124115 3619
1783180012971 0.1877755969762802 3620
1783180013000 0.09892115741968155 3621
1783180013108 0.2440701425075531 3622
1783180013218 0.09798816591501236 3623
1783180013248 0.09444282203912735 3624
1783180013258 0.16476023197174072 3625
1783180013271 0.008728977292776108 3626
1783180013356 0.15898962318897247 3627
1783180013363 0.10283958166837692 3628
1783180013368 0.1082262322306633 3629
1783180013374 0.21840514242649078 3630
1783180013380 0.11242182552814484 3631
1783180013387 0.23188602924346924 3632
1783180013394 0.058145806193351746 3633
1783180013400 0.07956501096487045 3634
1783180013407 0.1411643624305725 3635
1783180013412 0.048342425376176834 3636
1783180013425 0.05303085967898369 3637
1783180013431 0.03404639661312103 3638
1783180013436 0.30238935351371765 3639
1783180013462 0.12075059115886688 3640
1783180013566 0.024799058213829994 3641
1783180013675 0.006149881519377232 3642
1783180013780 0.010188274085521698 3643
1783180013885 0.03721010684967041 3644
1783180013985 0.028217904269695282 3645
1783180014090 0.06562315672636032 3646
1783180014192 0.1687464416027069 3647
1783180014301 0.1232229545712471 3648
1783180014403 0.06594738364219666 3649
1783180014506 0.0707625225186348 3650
1783180014606 0.05338497459888458 3651
1783180014708 0.09221158921718597 3652
1783180014813 0.08658957481384277 3653
1783180014867 0.15713270008563995 3654
1783180014886 0.15760453045368195 3655
1783180014915 0.0046701268292963505 3656
1783180014937 0.17154841125011444 3657
1783180014945 0.1147303655743599 3658
1783180015032 0.017644869163632393 3659
1783180015052 0.1469602882862091 3660
1783180015061 0.03733198344707489 3661
1783180015071 0.15319208800792694 3662
1783180015090 0.16298095881938934 3663
1783180015098 0.10306255519390106 3664
1783180015109 0.08113111555576324 3665
1783180015126 0.0590248629450798 3666
1783180015141 0.13131915032863617 3667
1783180015199 0.20713229477405548 3668
1783180015224 0.1035480722784996 3669
1783180015233 0.23392926156520844 3670
1783180015241 0.024643154814839363 3671
1783180015247 0.14550434052944183 3672
1783180015257 0.03171709552407265 3673
1783180015264 0.08391585201025009 3674
1783180015285 0.12855949997901917 3675
1783180015293 0.09168285131454468 3676
1783180015298 0.044078290462493896 3677
1783180015310 0.09361221641302109 3678
1783180015317 0.14795330166816711 3679
1783180015327 0.07863432914018631 3680
1783180015334 0.10499630868434906 3681
1783180015345 0.20981180667877197 3682
1783180015352 0.08144674450159073 3683
1783180015358 0.18022722005844116 3684
1783180015363 0.01578434184193611 3685
1783180015369 0.15794703364372253 3686
1783180015394 0.2708168029785156 3687
1783180015409 0.08579046279191971 3688
1783180015414 0.18318547308444977 3689
1783180015422 0.3585872948169708 3690
1783180015431 0.05454915016889572 3691
1783180015443 0.05030877888202667 3692
1783180015533 0.09231074154376984 3693
1783180015646 0.1794559508562088 3694
1783180015793 0.22951340675354004 3695
1783180015891 0.09325672686100006 3696
1783180015987 0.037768397480249405 3697
1783180016089 0.09524105489253998 3698
1783180016130 0.1038774624466896 3699
1783180016160 0.06284640729427338 3700
1783180016178 0.035138629376888275 3701
1783180016185 0.23889675736427307 3702
1783180016193 0.1130867600440979 3703
1783180016294 0.018066326156258583 3704
1783180016403 0.08800855278968811 3705
1783180016512 0.24963413178920746 3706
1783180016616 0.05204843357205391 3707
1783180016716 0.3962981104850769 3708
1783180016825 0.04918483644723892 3709
1783180016934 0.23225855827331543 3710
1783180017035 0.12141625583171844 3711
1783180017137 0.26528486609458923 3712
1783180017233 0.40292131900787354 3713
1783180017344 0.11779836565256119 3714
1783180017450 0.01955035887658596 3715
1783180017564 0.21153219044208527 3716
1783180017667 0.1720975786447525 3717
1783180017764 0.26573142409324646 3718
1783180017847 0.2778684198856354 3719
1783180017853 0.17407095432281494 3720
1783180017868 0.22690801322460175 3721
1783180017881 0.14305290579795837 3722
1783180017935 0.16819743812084198 3723
1783180017941 0.23433680832386017 3724
1783180017947 0.3049697279930115 3725
1783180017958 0.07178212702274323 3726
1783180017971 0.12196938693523407 3727
1783180017985 0.141081765294075 3728
1783180018055 0.2269209921360016 3729
1783180018061 0.10616312175989151 3730
1783180018092 0.17009393870830536 3731
1783180018110 0.08971815556287766 3732
1783180018186 0.09102606028318405 3733
1783180018273 0.031797461211681366 3734
1783180018383 0.013108078390359879 3735
1783180018487 0.2992671728134155 3736
1783180018591 0.04688544198870659 3737
1783180018695 0.2532249093055725 3738
1783180018800 0.08357956260442734 3739
1783180018901 0.24147987365722656 3740
1783180019009 0.13197293877601624 3741
1783180019115 0.1725994050502777 3742
1783180019219 0.06691864132881165 3743
1783180019321 0.08217287808656693 3744
1783180019432 0.2010948807001114 3745
1783180019540 0.42176684737205505 3746
1783180019643 0.2514214515686035 3747
1783180019744 0.3838156461715698 3748
1783180019840 0.1512850672006607 3749
1783180025103 0.07927245646715164 3750
1783180025191 0.05060116574168205 3751
1783180025266 0.020833449438214302 3752
1783180025365 0.035462602972984314 3753
1783180025385 0.09244076907634735 3754
1783180025484 0.05450532212853432 3755
1783180025520 0.5119109153747559 3756
1783180025564 0.43821728229522705 3757
1783180025672 0.0896073430776596 3758
1783180025764 0.18506142497062683 3759
1783180025853 0.04357083886861801 3760
1783180025901 0.024571647867560387 3761
1783180025931 0.1646471917629242 3762
1783180025941 0.019822942093014717 3763
1783180025955 0.10359562933444977 3764
1783180025959 0.009669201448559761 3765
1783180025969 0.19730859994888306 3766
1783180025978 0.06444266438484192 3767
1783180025986 0.26538440585136414 3768
1783180026002 0.20843428373336792 3769
1783180026009 0.13510353863239288 3770
1783180026110 0.09755672514438629 3771
1783180026214 0.10115376114845276 3772
1783180026228 0.33156436681747437 3773
1783180026232 0.26601874828338623 3774
1783180026245 0.21361160278320312 3775
1783180026333 0.21248522400856018 3776
1783180026409 0.17254339158535004 3777
1783180026424 0.10862649977207184 3778
1783180026427 0.14170533418655396 3779
1783180026435 0.17724405229091644 3780
1783180026439 0.2955731153488159 3781
1783180026448 0.04175937548279762 3782
1783180026452 0.12254444509744644 3783
1783180026459 0.16703978180885315 3784
1783180026471 0.032345376908779144 3785
1783180026477 0.043750885874032974 3786
1783180026484 0.04731125757098198 3787
1783180026490 0.1462014764547348 3788
1783180026496 0.06015767529606819 3789
1783180026502 0.06647306680679321 3790
1783180026514 0.05767520144581795 3791
1783180026525 0.18475864827632904 3792
1783180026531 0.1769064962863922 3793
1783180026535 0.3275502026081085 3794
1783180026550 0.058115266263484955 3795
1783180026583 0.01937156915664673 3796
1783180026587 0.0964382216334343 3797
1783180026594 0.0426749587059021 3798
1783180026635 0.1275629997253418 3799
1783180026642 0.03870189189910889 3800
1783180026654 0.11989566683769226 3801
1783180026659 0.18001462519168854 3802
1783180026671 0.09837538003921509 3803
1783180026679 0.06865987926721573 3804
1783180026684 0.03862199932336807 3805
1783180026689 0.07542433589696884 3806
1783180026695 0.2085242122411728 3807
1783180026702 0.055700890719890594 3808
1783180026708 0.16167901456356049 3809
1783180026714 0.01139479223638773 3810
1783180026720 0.14925982058048248 3811
1783180026737 0.07310614734888077 3812
1783180026747 0.04959108307957649 3813
1783180026874 0.27965429425239563 3814
1783180026992 0.22190313041210175 3815
1783180027075 0.06763791292905807 3816
1783180027116 0.4310886859893799 3817
1783180027204 0.03850267454981804 3818
1783180027216 0.12491794675588608 3819
1783180027222 0.06316483020782471 3820
1783180027228 0.07866337150335312 3821
1783180027236 0.13130415976047516 3822
1783180027259 0.07515590637922287 3823
1783180027264 0.03764433041214943 3824
1783180027284 0.08790507167577744 3825
1783180027291 0.04546361044049263 3826
1783180027297 0.04911844804883003 3827
1783180027303 0.07375594228506088 3828
1783180027309 0.3480072021484375 3829
1783180027317 0.03022608533501625 3830
1783180027323 0.048664189875125885 3831
1783180027395 0.07958799600601196 3832
1783180027400 0.21055419743061066 3833
1783180027416 0.14444097876548767 3834
1783180027429 0.21025949716567993 3835
1783180027435 0.01969529502093792 3836
1783180027538 0.04161879047751427 3837
1783180027594 0.08253464847803116 3838
1783180027610 0.20647569000720978 3839
1783180027625 0.09076489508152008 3840
1783180027668 0.16360129415988922 3841
1783180027675 0.06783749908208847 3842
1783180027681 0.40267854928970337 3843
1783180027690 0.03668687120079994 3844
1783180027718 0.1446961611509323 3845
1783180027742 0.11441759020090103 3846
1783180027745 0.040178973227739334 3847
1783180027759 0.10188377648591995 3848
1783180027764 0.029823213815689087 3849
1783180027773 0.2591898441314697 3850
1783180027833 0.07899792492389679 3851
1783180027933 0.0719577968120575 3852
1783180028035 0.09020563215017319 3853
1783180028135 0.021328192204236984 3854
1783180028237 0.05749547854065895 3855
1783180028331 0.07406146824359894 3856
1783180028433 0.1803596019744873 3857
1783180028529 0.07577703148126602 3858
1783180028631 0.05185192823410034 3859
1783180028758 0.158149853348732 3860
1783180028860 0.11444967985153198 3861
1783180028963 0.09468928724527359 3862
1783180029054 0.08118370175361633 3863
1783180029153 0.015063537284731865 3864
1783180029253 0.29779163002967834 3865
1783180029348 0.11464542895555496 3866
1783180029440 0.1576981246471405 3867
1783180029547 0.024537455290555954 3868
1783180029657 0.2119022011756897 3869
1783180029764 0.03679259866476059 3870
1783180029872 0.06410413980484009 3871
1783180029974 0.13667990267276764 3872
1783180030075 0.040556374937295914 3873
1783180030177 0.05164032429456711 3874
1783180030290 0.020154977217316628 3875
1783180030386 0.14748646318912506 3876
1783180030491 0.10105821490287781 3877
1783180030594 0.09492557495832443 3878
1783180030678 0.02262297458946705 3879
1783180030773 0.17223531007766724 3880
1783180030862 0.03028702922165394 3881
1783180030870 0.21493932604789734 3882
1783180030874 0.10161866992712021 3883
1783180030879 0.3991958498954773 3884
1783180030884 0.07611166685819626 3885
1783180030890 0.022548936307430267 3886
1783180030897 0.028159571811556816 3887
1783180030904 0.09687591344118118 3888
1783180030926 0.03562173992395401 3889
1783180030933 0.07935426384210587 3890
1783180030976 0.05402904003858566 3891
1783180030982 0.06542326509952545 3892
1783180031077 0.0989735797047615 3893
1783180031159 0.05154279246926308 3894
1783180031190 0.14460359513759613 3895
1783180031197 0.24385163187980652 3896
1783180031208 0.049779292196035385 3897
1783180031214 0.06223340705037117 3898
1783180031221 0.16077658534049988 3899
1783180031227 0.28561973571777344 3900
1783180031232 0.24385954439640045 3901
1783180031312 0.02202240377664566 3902
1783180031382 0.23081724345684052 3903
1783180031472 0.12077179551124573 3904
1783180031577 0.1026635393500328 3905
1783180031676 0.0187862366437912 3906
1783180031784 0.007121555972844362 3907
1783180031902 0.34831956028938293 3908
1783180032002 0.09429744631052017 3909
1783180032102 0.03914492204785347 3910
1783180032200 0.21903648972511292 3911
1783180032303 0.2757459878921509 3912
1783180032401 0.14820922911167145 3913
1783180032504 0.050789859145879745 3914
1783180032613 0.017447512596845627 3915
1783180032710 0.02680654637515545 3916
1783180032804 0.16561709344387054 3917
1783180032847 0.1385449320077896 3918
1783180032859 0.3882770240306854 3919
1783180032962 0.0720396637916565 3920
1783180033016 0.08221398293972015 3921
1783180033028 0.05222103372216225 3922
1783180033070 0.1408178061246872 3923
1783180033134 0.032092008739709854 3924
1783180033143 0.11746849119663239 3925
1783180033151 0.027957424521446228 3926
1783180033158 0.042142871767282486 3927
1783180033164 0.13663721084594727 3928
1783180033176 0.034479010850191116 3929
1783180033183 0.02690870501101017 3930
1783180033280 0.041289810091257095 3931
1783180033289 0.09173692762851715 3932
1783180033301 0.0297592394053936 3933
1783180033317 0.07907573133707047 3934
1783180033326 0.30003616213798523 3935
1783180033423 0.04965607449412346 3936
1783180033512 0.1570887714624405 3937
1783180033613 0.1315123289823532 3938
1783180033713 0.02835571952164173 3939
1783180033813 0.026013148948550224 3940
1783180033888 0.19650138914585114 3941
1783180033985 0.03139450028538704 3942
1783180034079 0.2978614866733551 3943
1783180034114 0.02785411663353443 3944
1783180034126 0.09607134014368057 3945
1783180034227 0.10596586018800735 3946
1783180034324 0.08721353858709335 3947
1783180034330 0.007432612590491772 3948
1783180034336 0.3068042993545532 3949
1783180034343 0.17685797810554504 3950
1783180034353 0.28311485052108765 3951
1783180034360 0.10212227702140808 3952
1783180034367 0.05225023999810219 3953
1783180034377 0.051989756524562836 3954
1783180034382 0.05007101595401764 3955
1783180034395 0.375304639339447 3956
1783180034401 0.024678345769643784 3957
1783180034408 0.09605123847723007 3958
1783180034454 0.06652048230171204 3959
1783180034459 0.08914756774902344 3960
1783180034465 0.03465401381254196 3961
1783180034472 0.08741630613803864 3962
1783180034478 0.024023020640015602 3963
1783180034493 0.039992768317461014 3964
1783180034500 0.05020616948604584 3965
1783180034513 0.02515142224729061 3966
1783180034519 0.17261384427547455 3967
1783180034525 0.009226704947650433 3968
1783180034530 0.10709362477064133 3969
1783180034625 0.13707783818244934 3970
1783180034673 0.01712966337800026 3971
1783180034681 0.14036941528320312 3972
1783180034688 0.0925426259636879 3973
1783180034711 0.1166767105460167 3974
1783180034718 0.10612247884273529 3975
1783180034744 0.3669176697731018 3976
1783180034806 0.047559093683958054 3977
1783180034894 0.05903241038322449 3978
1783180034998 0.006851791869848967 3979
1783180035084 0.06400984525680542 3980
1783180035096 0.19705773890018463 3981
1783180035103 0.20386414229869843 3982
1783180035115 0.02891520783305168 3983
1783180035127 0.023530196398496628 3984
1783180035153 0.01099085621535778 3985
1783180035172 0.1042269617319107 3986
1783180035261 0.007319685071706772 3987
1783180035358 0.07670239359140396 3988
1783180035455 0.10433712601661682 3989
1783180035547 0.014537299051880836 3990
1783180035650 0.028009220957756042 3991
1783180035755 0.04285440966486931 3992
1783180035857 0.1565859317779541 3993
1783180035959 0.16601812839508057 3994
1783180036061 0.17440654337406158 3995
1783180036166 0.3471470773220062 3996
1783180036271 0.038604725152254105 3997
1783180036373 0.28375759720802307 3998
1783180036486 0.09987135976552963 3999
1783180036559 0.14912067353725433 4000
1783180036576 0.3550507128238678 4001
1783180036584 0.14317210018634796 4002
1783180036591 0.0838201642036438 4003
1783180036601 0.10462075471878052 4004
1783180036613 0.45959922671318054 4005
1783180036628 0.21205934882164001 4006
1783180036647 0.08082924038171768 4007
1783180036653 0.24890084564685822 4008
1783180036660 0.3535849452018738 4009
1783180036667 0.09918484836816788 4010
1783180036687 0.05945172160863876 4011
1783180036791 0.28314656019210815 4012
1783180036883 0.24234899878501892 4013
1783180037002 0.2494998723268509 4014
1783180037111 0.035484589636325836 4015
1783180037215 0.130986750125885 4016
1783180037315 0.10097850114107132 4017
1783180037425 0.07937618345022202 4018
1783180037530 0.035129763185977936 4019
1783180037633 0.07533900439739227 4020
1783180037734 0.08571027964353561 4021
1783180037827 0.018540242686867714 4022
1783180037928 0.09389111399650574 4023
1783180038043 0.09729521721601486 4024
1783180038103 0.02504362352192402 4025
1783180038138 0.32816779613494873 4026
1783180038168 0.14200066030025482 4027
1783180038193 0.1308988481760025 4028
1783180038222 0.1858491748571396 4029
1783180038244 0.1044834703207016 4030
1783180038278 0.14412108063697815 4031
1783180038284 0.06686897575855255 4032
1783180038289 0.029246263206005096 4033
1783180038310 0.02935313992202282 4034
1783180038318 0.03100103884935379 4035
1783180038411 0.013561852276325226 4036
1783180038491 0.024508275091648102 4037
1783180038496 0.41053375601768494 4038
1783180038509 0.04714377969503403 4039
1783180038560 0.16852350533008575 4040
1783180038575 0.1685095727443695 4041
1783180038581 0.23424406349658966 4042
1783180038592 0.1460188329219818 4043
1783180038602 0.07096759974956512 4044
1783180038608 0.12054068595170975 4045
1783180038706 0.03167625144124031 4046
1783180038800 0.027402034029364586 4047
1783180038874 0.15566864609718323 4048
1783180038975 0.2091817557811737 4049
1783180039010 0.09539933502674103 4050
1783180039107 0.2153601348400116 4051
1783180039149 0.06713993102312088 4052
1783180039243 0.030138416215777397 4053
1783180039269 0.13217030465602875 4054
1783180039370 0.10100427269935608 4055
1783180039405 0.1332429051399231 4056
1783180039412 0.039515845477581024 4057
1783180039419 0.09866460412740707 4058
1783180039431 0.2557571530342102 4059
1783180039448 0.1938735693693161 4060
1783180039455 0.4208070933818817 4061
1783180039460 0.1202680915594101 4062
1783180039471 0.06410447508096695 4063
1783180039477 0.2212967872619629 4064
1783180039527 0.18520262837409973 4065
1783180039544 0.048670485615730286 4066
1783180039558 0.20334073901176453 4067
1783180039563 0.02302468754351139 4068
1783180039660 0.082893967628479 4069
1783180039671 0.44199803471565247 4070
1783180039677 0.07445307821035385 4071
1783180039712 0.17850691080093384 4072
1783180039784 0.25165069103240967 4073
1783180039871 0.11669177561998367 4074
1783180039886 0.20859909057617188 4075
1783180039964 0.2662438154220581 4076
1783180040057 0.0124436030164361 4077
1783180040064 0.17190293967723846 4078
1783180040071 0.050378330051898956 4079
1783180040081 0.09812699258327484 4080
1783180040089 0.03791164234280586 4081
1783180040110 0.2488953173160553 4082
1783180040119 0.21036642789840698 4083
1783180040212 0.10152266919612885 4084
1783180040262 0.18423402309417725 4085
1783180040279 0.08628474175930023 4086
1783180040290 0.30885064601898193 4087
1783180040297 0.011928298510611057 4088
1783180040304 0.0702744573354721 4089
1783180040335 0.03348781168460846 4090
1783180040347 0.16628822684288025 4091
1783180040359 0.08002646267414093 4092
1783180040383 0.03215758875012398 4093
1783180040388 0.11342667788267136 4094
1783180040394 0.13629910349845886 4095
1783180040400 0.23647278547286987 4096
1783180040407 0.08159247040748596 4097
1783180040413 0.07220929116010666 4098
1783180040418 0.01960238441824913 4099
1783180040519 0.25986215472221375 4100
1783180040524 0.18061085045337677 4101
1783180040531 0.20830154418945312 4102
1783180040540 0.18602080643177032 4103
1783180040555 0.246787428855896 4104
1783180040578 0.17217782139778137 4105
1783180040585 0.043454430997371674 4106
1783180040590 0.06714227795600891 4107
1783180040597 0.03952746093273163 4108
1783180040603 0.23217414319515228 4109
1783180040608 0.0366118848323822 4110
1783180040676 0.43110162019729614 4111
1783180040683 0.2852940559387207 4112
1783180040688 0.13111484050750732 4113
1783180040725 0.02835550345480442 4114
1783180040737 0.10913356393575668 4115
1783180040782 0.1698213666677475 4116
1783180040787 0.18881702423095703 4117
1783180040873 0.06610268354415894 4118
1783180040898 0.07930402457714081 4119
1783180040904 0.14098253846168518 4120
1783180040915 0.1819409430027008 4121
1783180040923 0.04593436419963837 4122
1783180040933 0.07297759503126144 4123
1783180040940 0.0693712830543518 4124
1783180040953 0.2273995280265808 4125
1783180040959 0.11877376586198807 4126
1783180040964 0.07857289910316467 4127
1783180040971 0.011027783155441284 4128
1783180040983 0.08995386213064194 4129
1783180041049 0.1994549036026001 4130
1783180041053 0.029670696705579758 4131
1783180041059 0.06360137462615967 4132
1783180041064 0.11358696967363358 4133
1783180041070 0.06596340984106064 4134
1783180041078 0.03543554246425629 4135
1783180041083 0.3521091341972351 4136
1783180041108 0.01015451829880476 4137
1783180041114 0.04052390903234482 4138
1783180041213 0.17120841145515442 4139
1783180041297 0.020227788016200066 4140
1783180041393 0.25827863812446594 4141
1783180041503 0.025983402505517006 4142
1783180041595 0.027222206816077232 4143
1783180041681 0.0571511909365654 4144
1783180041688 0.08331208676099777 4145
1783180041694 0.10818689316511154 4146
1783180041700 0.03322494402527809 4147
1783180041706 0.22039909660816193 4148
1783180041712 0.1204085573554039 4149
1783180041720 0.11103391647338867 4150
1783180041723 0.02237091399729252 4151
1783180041735 0.2232532650232315 4152
1783180041741 0.029141465201973915 4153
1783180041748 0.04084204137325287 4154
1783180041751 0.02999500185251236 4155
1783180041756 0.17216543853282928 4156
1783180041762 0.1120845377445221 4157
1783180041766 0.041670892387628555 4158
1783180041771 0.0824001133441925 4159
1783180041776 0.19789958000183105 4160
1783180041783 0.06909393519163132 4161
1783180041789 0.15727315843105316 4162
1783180041796 0.2524245083332062 4163
1783180041873 0.14259614050388336 4164
1783180041889 0.22909681499004364 4165
1783180041893 0.18954114615917206 4166
1783180041905 0.0641169473528862 4167
1783180041910 0.05149080604314804 4168
1783180041931 0.048812806606292725 4169
1783180041935 0.19264385104179382 4170
1783180041954 0.07989885658025742 4171
1783180041961 0.20962676405906677 4172
1783180041967 0.06544673442840576 4173
1783180041974 0.20564815402030945 4174
1783180041983 0.025613998994231224 4175
1783180041990 0.022851914167404175 4176
1783180042022 0.005897893570363522 4177
1783180042033 0.13551655411720276 4178
1783180042047 0.04456739127635956 4179
1783180042080 0.13606375455856323 4180
1783180042089 0.029361505061388016 4181
1783180042093 0.10785651206970215 4182
1783180042098 0.02275526151061058 4183
1783180042179 0.04646455496549606 4184
1783180042253 0.007936733774840832 4185
1783180042294 0.0579252652823925 4186
1783180042380 0.004723105579614639 4187
1783180042386 0.054133251309394836 4188
1783180042391 0.06396027654409409 4189
1783180042397 0.03214301913976669 4190
1783180042402 0.17776189744472504 4191
1783180042409 0.1110617145895958 4192
1783180042417 0.09553415328264236 4193
1783180042460 0.0757351666688919 4194
1783180042501 0.11930736154317856 4195
1783180042506 0.2361278384923935 4196
1783180042513 0.09292933344841003 4197
1783180042519 0.3631119132041931 4198
1783180042525 0.21484945714473724 4199
1783180042558 0.034949999302625656 4200
1783180042622 0.028817957267165184 4201
1783180042637 0.32374653220176697 4202
1783180042647 0.5014399886131287 4203
1783180042654 0.19600678980350494 4204
1783180042660 0.07193034142255783 4205
1783180042666 0.13394908607006073 4206
1783180042691 0.0653105080127716 4207
1783180042698 0.1568000763654709 4208
1783180042705 0.011295042000710964 4209
1783180042747 0.09033926576375961 4210
1783180042752 0.08156216889619827 4211
1783180042758 0.24215957522392273 4212
1783180042770 0.01168524008244276 4213
1783180042775 0.10725980997085571 4214
1783180042784 0.04656870290637016 4215
1783180042789 0.07423871010541916 4216
1783180042796 0.20337888598442078 4217
1783180042802 0.19775500893592834 4218
1783180042808 0.021719511598348618 4219
1783180042898 0.08703619241714478 4220
1783180042925 0.05851580947637558 4221
1783180042935 0.06233606114983559 4222
1783180042989 0.10670731216669083 4223
1783180043004 0.08008687943220139 4224
1783180043008 0.2015312761068344 4225
1783180043014 0.2539691627025604 4226
1783180043019 0.1892501264810562 4227
1783180043026 0.08448787778615952 4228
1783180043032 0.02120707929134369 4229
1783180043039 0.2445613443851471 4230
1783180043050 0.04319420084357262 4231
1783180043100 0.02188207395374775 4232
1783180043106 0.2627550959587097 4233
1783180043187 0.10750511288642883 4234
1783180043195 0.07403372973203659 4235
1783180043200 0.018378712236881256 4236
1783180043207 0.12930254638195038 4237
1783180043211 0.10044866055250168 4238
1783180043218 0.042839180678129196 4239
1783180043314 0.24100850522518158 4240
1783180043327 0.05965464189648628 4241
1783180043334 0.07574407756328583 4242
1783180043340 0.014325805939733982 4243
1783180043348 0.2767455279827118 4244
1783180043390 0.37858331203460693 4245
1783180043397 0.3839568793773651 4246
1783180043403 0.007633321452885866 4247
1783180043420 0.030125707387924194 4248
1783180043426 0.0456162691116333 4249
1783180043438 0.30141523480415344 4250
1783180043445 0.042767126113176346 4251
1783180043450 0.07510428875684738 4252
1783180043548 0.1265733391046524 4253
1783180043567 0.178103506565094 4254
1783180043572 0.17167694866657257 4255
1783180043578 0.1797812134027481 4256
1783180043679 0.12607543170452118 4257
1783180043696 0.08957250416278839 4258
1783180043703 0.23061414062976837 4259
1783180043793 0.2088613361120224 4260
1783180043903 0.026132119819521904 4261
1783180044006 0.12400912493467331 4262
1783180044111 0.02046920731663704 4263
1783180044212 0.1527262032032013 4264
1783180044323 0.09447541832923889 4265
1783180044423 0.02190268412232399 4266
1783180044441 0.1681445986032486 4267
1783180044448 0.03921252861618996 4268
1783180044455 0.29575487971305847 4269
1783180044485 0.08889079838991165 4270
1783180044489 0.16729742288589478 4271
1783180044498 0.13150319457054138 4272
1783180044505 0.22264161705970764 4273
1783180044511 0.08560582250356674 4274
1783180044519 0.4070811867713928 4275
1783180044524 0.08094154298305511 4276
1783180044536 0.21460868418216705 4277
1783180044541 0.0377933606505394 4278
1783180044548 0.08629054576158524 4279
1783180044554 0.032969534397125244 4280
1783180044560 0.07339846342802048 4281
1783180044566 0.06534689664840698 4282
1783180044573 0.24384371936321259 4283
1783180044593 0.12518738210201263 4284
1783180044602 0.19092223048210144 4285
1783180044607 0.15966705977916718 4286
1783180044612 0.13186006247997284 4287
1783180044617 0.3070355951786041 4288
1783180044625 0.5230706930160522 4289
1783180044641 0.08108654618263245 4290
1783180044653 0.010809162631630898 4291
1783180044667 0.3124319911003113 4292
1783180044673 0.04166990518569946 4293
1783180044679 0.10531334578990936 4294
1783180044716 0.3825646936893463 4295
1783180044743 0.02014630101621151 4296
1783180044754 0.011806491762399673 4297
1783180044825 0.28901156783103943 4298
1783180044881 0.022374048829078674 4299
1783180044969 0.03887590393424034 4300
1783180045077 0.07741935551166534 4301
1783180045184 0.23954449594020844 4302
1783180045237 0.09122218936681747 4303
1783180045345 0.07995441555976868 4304
1783180045444 0.0906003788113594 4305
1783180045550 0.041544776409864426 4306
1783180045578 0.04410601034760475 4307
1783180045684 0.034143853932619095 4308
1783180045780 0.040851887315511703 4309
1783180045822 0.0460817813873291 4310
1783180045828 0.16147789359092712 4311
1783180045855 0.039557136595249176 4312
1783180045873 0.0461205393075943 4313
1783180045913 0.037872932851314545 4314
1783180045941 0.10204971581697464 4315
1783180045986 0.12228759378194809 4316
1783180045993 0.03736790269613266 4317
1783180046004 0.05254671350121498 4318
1783180046100 0.07635937631130219 4319
1783180046122 0.020374717190861702 4320
1783180046151 0.1299077868461609 4321
1783180046178 0.06876498460769653 4322
1783180046195 0.037971045821905136 4323
1783180046298 0.03636959195137024 4324
1783180046401 0.025159498676657677 4325
1783180046501 0.08968133479356766 4326
1783180046513 0.05009477585554123 4327
1783180046613 0.06766755133867264 4328
1783180046656 0.16725976765155792 4329
1783180046751 0.023976007476449013 4330
1783180046856 0.03951109200716019 4331
1783180046958 0.23041987419128418 4332
1783180047067 0.32466161251068115 4333
1783180047168 0.05123690143227577 4334
1783180047268 0.1129227727651596 4335
1783180047351 0.052514854818582535 4336
1783180047446 0.1017395406961441 4337
1783180047550 0.3064980208873749 4338
1783180047638 0.03939032927155495 4339
1783180047738 0.01829339563846588 4340
1783180047831 0.3863446116447449 4341
1783180047935 0.11704511195421219 4342
1783180048038 0.1657753735780716 4343
1783180048142 0.07754828035831451 4344
1783180048244 0.08370958268642426 4345
1783180048325 0.07526662945747375 4346
1783180048342 0.18642929196357727 4347
1783180048358 0.01801891438663006 4348
1783180048394 0.010702996514737606 4349
1783180048449 0.17503592371940613 4350
1783180048474 0.05998169630765915 4351
1783180048490 0.02637135423719883 4352
1783180048495 0.030668191611766815 4353
1783180048505 0.14926695823669434 4354
1783180048528 0.012214108370244503 4355
1783180048539 0.08452843129634857 4356
1783180048571 0.03712032735347748 4357
1783180048588 0.23055927455425262 4358
1783180048594 0.05065568909049034 4359
1783180048606 0.08449719846248627 4360
1783180048613 0.03796818479895592 4361
1783180048621 0.02299845591187477 4362
1783180048625 0.011802480556070805 4363
1783180048638 0.05558416619896889 4364
1783180048642 0.47322362661361694 4365
1783180048653 0.034738052636384964 4366
1783180048703 0.013131780549883842 4367
1783180048729 0.17938241362571716 4368
1783180048741 0.15851587057113647 4369
1783180048761 0.13863565027713776 4370
1783180048824 0.05282152071595192 4371
1783180048920 0.16978615522384644 4372
1783180048957 0.01088846754282713 4373
1783180048967 0.014916724525392056 4374
1783180048976 0.05937262624502182 4375
1783180048988 0.010188354179263115 4376
1783180049068 0.29663217067718506 4377
1783180049088 0.02133612148463726 4378
1783180049113 0.08193156868219376 4379
1783180049124 0.026065360754728317 4380
1783180049142 0.17484012246131897 4381
1783180049154 0.16027012467384338 4382
1783180049170 0.07038699090480804 4383
1783180049191 0.05493488162755966 4384
1783180049255 0.0894225537776947 4385
1783180049261 0.016499290242791176 4386
1783180049268 0.06753958761692047 4387
1783180049286 0.11515045911073685 4388
1783180049291 0.010365531779825687 4389
1783180049389 0.21659910678863525 4390
1783180049476 0.010135059244930744 4391
1783180049577 0.10528062283992767 4392
1783180049674 0.01724701002240181 4393
1783180049774 0.3813909590244293 4394
1783180049869 0.2365773320198059 4395
1783180049960 0.011582767590880394 4396
1783180050051 0.15065334737300873 4397
1783180050151 0.006177459843456745 4398
1783180050245 0.04433176666498184 4399
1783180050347 0.16355453431606293 4400
1783180050435 0.03141969442367554 4401
1783180050447 0.03032821975648403 4402
1783180050455 0.014895197004079819 4403
1783180050460 0.032973650842905045 4404
1783180050473 0.032582659274339676 4405
1783180050485 0.1422056257724762 4406
1783180050540 0.0616719089448452 4407
1783180050574 0.09135429561138153 4408
1783180050578 0.15238773822784424 4409
1783180050626 0.14355477690696716 4410
1783180050636 0.09063580632209778 4411
1783180050650 0.010800482705235481 4412
1783180050656 0.059610381722450256 4413
1783180050745 0.3394024968147278 4414
1783180050752 0.2630058228969574 4415
1783180050757 0.010749966837465763 4416
1783180050763 0.0353691391646862 4417
1783180050773 0.21175915002822876 4418
1783180050834 0.3033715486526489 4419
1783180050862 0.06110236793756485 4420
1783180050868 0.03505086153745651 4421
1783180050872 0.042792145162820816 4422
1783180050879 0.06968291103839874 4423
1783180050931 0.07887934893369675 4424
1783180050964 0.029962606728076935 4425
1783180050975 0.06747957319021225 4426
1783180050982 0.22002984583377838 4427
1783180051010 0.034383244812488556 4428
1783180051026 0.0189680103212595 4429
1783180051032 0.24968275427818298 4430
1783180051038 0.2745303809642792 4431
1783180051043 0.07358544319868088 4432
1783180051049 0.10600879788398743 4433
1783180051053 0.057047393172979355 4434
1783180051059 0.32867375016212463 4435
1783180051071 0.036595236510038376 4436
1783180051079 0.05404697358608246 4437
1783180051089 0.013185861520469189 4438
1783180051151 0.04029928147792816 4439
1783180051157 0.12556418776512146 4440
1783180051162 0.15861298143863678 4441
1783180051168 0.2539355456829071 4442
1783180051175 0.044179338961839676 4443
1783180051180 0.10586608946323395 4444
1783180051186 0.040714167058467865 4445
1783180051191 0.11843856424093246 4446
1783180051197 0.1816401183605194 4447
1783180051204 0.09540244936943054 4448
1783180051304 0.03945789486169815 4449
1783180051422 0.04162420332431793 4450
1783180051486 0.020232779905200005 4451
1783180051509 0.1437564492225647 4452
1783180051537 0.058542318642139435 4453
1783180051560 0.07391951978206635 4454
1783180051587 0.03503613546490669 4455
1783180051653 0.26787710189819336 4456
1783180051663 0.21324487030506134 4457
1783180051704 0.05550295114517212 4458
1783180051796 0.009717573411762714 4459
1783180051859 0.18254077434539795 4460
1783180051865 0.0036596828140318394 4461
1783180051872 0.08872337639331818 4462
1783180051877 0.12349655479192734 4463
1783180051884 0.49326765537261963 4464
1783180051895 0.0692283883690834 4465
1783180051927 0.06834377348423004 4466
1783180051933 0.20852446556091309 4467
1783180051938 0.2134801596403122 4468
1783180051945 0.1411219835281372 4469
1783180051950 0.0533299557864666 4470
1783180051956 0.1078319400548935 4471
1783180051964 0.06069158762693405 4472
1783180051976 0.08921509236097336 4473
1783180051982 0.05751496180891991 4474
1783180052048 0.29592448472976685 4475
1783180052147 0.046206142753362656 4476
1783180052246 0.012042607180774212 4477
1783180052298 0.0901784896850586 4478
1783180052396 0.31617265939712524 4479
1783180052487 0.015334750525653362 4480
1783180052589 0.010930094867944717 4481
1783180052691 0.04131302610039711 4482
1783180052788 0.12813907861709595 4483
1783180052888 0.035341568291187286 4484
1783180052988 0.20228195190429688 4485
1783180053075 0.07266546040773392 4486
1783180053162 0.023399656638503075 4487
1783180053264 0.11530972272157669 4488
1783180053373 0.08786805719137192 4489
1783180053482 0.19219094514846802 4490
1783180053576 0.08708544820547104 4491
1783180053582 0.07666102051734924 4492
1783180053613 0.11098489910364151 4493
1783180053631 0.10682215541601181 4494
1783180053660 0.02775069884955883 4495
1783180053689 0.09641149640083313 4496
1783180053698 0.22974544763565063 4497
1783180053709 0.036745715886354446 4498
1783180053729 0.014980178326368332 4499
1783180053763 0.5445722937583923 4500
1783180053817 0.14987672865390778 4501
1783180053830 0.333360880613327 4502
1783180053835 0.10366404056549072 4503
1783180053843 0.17944751679897308 4504
1783180053851 0.057833027094602585 4505
1783180053860 0.059466734528541565 4506
1783180053926 0.024758730083703995 4507
1783180053937 0.18384577333927155 4508
1783180054030 0.3074972331523895 4509
1783180054130 0.06539401412010193 4510
1783180054225 0.1573936492204666 4511
1783180054233 0.5479945540428162 4512
1783180054302 0.011229232884943485 4513
1783180054309 0.09712108969688416 4514
1783180054314 0.2670360207557678 4515
1783180054321 0.10523174703121185 4516
1783180054329 0.04314802214503288 4517
1783180054335 0.0874369740486145 4518
1783180054343 0.05619695782661438 4519
1783180054360 0.2121129333972931 4520
1783180054370 0.060554973781108856 4521
1783180054377 0.21174979209899902 4522
1783180054418 0.09356621652841568 4523
1783180054515 0.20096202194690704 4524
1783180054549 0.11111779510974884 4525
1783180054617 0.1466749608516693 4526
1783180054627 0.08005363494157791 4527
1783180054642 0.13716532289981842 4528
1783180054656 0.24062016606330872 4529
1783180054758 0.03297505900263786 4530
1783180054861 0.048156194388866425 4531
1783180054898 0.31204211711883545 4532
1783180054902 0.2999555766582489 4533
1783180054909 0.2666984498500824 4534
1783180054920 0.08567753434181213 4535
1783180055012 0.06794287264347076 4536
1783180055021 0.04534938931465149 4537
1783180055033 0.08913000673055649 4538
1783180055043 0.12389784306287766 4539
1783180055055 0.04487664997577667 4540
1783180055061 0.032183703035116196 4541
1783180055067 0.04324683919548988 4542
1783180055074 0.03192112594842911 4543
1783180055127 0.14903920888900757 4544
1783180055133 0.1443360447883606 4545
1783180055143 0.31252074241638184 4546
1783180055150 0.11335618048906326 4547
1783180055156 0.024763327091932297 4548
1783180055161 0.027127176523208618 4549
1783180055167 0.11954362690448761 4550
1783180055175 0.0864022895693779 4551
1783180055243 0.1539452075958252 4552
1783180055263 0.12966510653495789 4553
1783180055270 0.10422100871801376 4554
1783180055275 0.18894097208976746 4555
1783180055282 0.009589798748493195 4556
1783180055288 0.010754825547337532 4557
1783180055294 0.03194797411561012 4558
1783180055300 0.022915085777640343 4559
1783180055377 0.15049922466278076 4560
1783180055390 0.17599032819271088 4561
1783180055400 0.1442999392747879 4562
1783180055413 0.04417852312326431 4563
1783180055420 0.2815660536289215 4564
1783180055426 0.10264702886343002 4565
1783180055495 0.011691277846693993 4566
1783180055514 0.060948844999074936 4567
1783180055525 0.044100645929574966 4568
1783180055535 0.01730850525200367 4569
1783180055547 0.18723444640636444 4570
1783180055555 0.19111774861812592 4571
1783180055564 0.05797219276428223 4572
1783180055663 0.09368859976530075 4573
1783180055760 0.12125132232904434 4574
1783180055860 0.041784293949604034 4575
1783180055961 0.2368861734867096 4576
1783180056062 0.1913115680217743 4577
1783180056159 0.05340905115008354 4578
1783180056260 0.01039157435297966 4579
1783180056361 0.06812949478626251 4580
1783180056459 0.09669827669858932 4581
1783180056557 0.06824623793363571 4582
1783180056654 0.05310748890042305 4583
1783180056750 0.0880427286028862 4584
1783180056812 0.320415735244751 4585
1783180056821 0.12257841974496841 4586
1783180056826 0.42610353231430054 4587
1783180056831 0.28353559970855713 4588
1783180056844 0.02206765115261078 4589
1783180056851 0.22468800842761993 4590
1783180056862 0.026138491928577423 4591
1783180056869 0.025800669565796852 4592
1783180056878 0.20899713039398193 4593
1783180056885 0.09409401565790176 4594
1783180056893 0.1684950739145279 4595
1783180056896 0.15817157924175262 4596
1783180056902 0.013874015770852566 4597
1783180056914 0.07349405437707901 4598
1783180056918 0.010230658575892448 4599
1783180056924 0.1504700928926468 4600
1783180056928 0.06769084930419922 4601
1783180056931 0.0724472776055336 4602
1783180056937 0.1655917465686798 4603
1783180056943 0.12445656955242157 4604
1783180056949 0.01930876448750496 4605
1783180056957 0.03123508393764496 4606
1783180056968 0.017319129779934883 4607
1783180056981 0.23503778874874115 4608
1783180056987 0.11305531114339828 4609
1783180056992 0.18389858305454254 4610
1783180056999 0.0888609066605568 4611
1783180057007 0.028369039297103882 4612
1783180057013 0.19783058762550354 4613
1783180057018 0.30111071467399597 4614
1783180057026 0.05883573740720749 4615
1783180057031 0.08819664269685745 4616
1783180057035 0.30941957235336304 4617
1783180057043 0.048996321856975555 4618
1783180057047 0.03478766605257988 4619
1783180057053 0.03554101288318634 4620
1783180057060 0.19940049946308136 4621
1783180057066 0.044268734753131866 4622
1783180057071 0.019421368837356567 4623
1783180057078 0.22484883666038513 4624
1783180057083 0.11595699191093445 4625
1783180057088 0.2429811954498291 4626
1783180057094 0.4251563549041748 4627
1783180057111 0.08546548336744308 4628
1783180057116 0.27495265007019043 4629
1783180057124 0.34757286310195923 4630
1783180057128 0.09459639340639114 4631
1783180057135 0.04915274307131767 4632
1783180057142 0.3128364682197571 4633
1783180057147 0.057398393750190735 4634
1783180057152 0.039946816861629486 4635
1783180057158 0.023327477276325226 4636
1783180057164 0.08698005974292755 4637
1783180057170 0.10559505224227905 4638
1783180057176 0.09018363058567047 4639
1783180057182 0.08590010553598404 4640
1783180057191 0.20374971628189087 4641
1783180057195 0.01948944851756096 4642
1783180057293 0.021913906559348106 4643
1783180057301 0.10923994332551956 4644
1783180057327 0.1393910050392151 4645
1783180057332 0.251257985830307 4646
1783180057335 0.042244844138622284 4647
1783180057338 0.007765795104205608 4648
1783180057342 0.06680483371019363 4649
1783180057346 0.11396905779838562 4650
1783180057350 0.10365346074104309 4651
1783180057353 0.25757190585136414 4652
1783180057357 0.056171394884586334 4653
1783180057361 0.18980087339878082 4654
1783180057364 0.010570188984274864 4655
1783180057367 0.1795213222503662 4656
1783180057371 0.09972906857728958 4657
1783180057377 0.1125381663441658 4658
1783180057383 0.028424905613064766 4659
1783180057405 0.20235081017017365 4660
1783180057410 0.03114200010895729 4661
1783180057416 0.1784256249666214 4662
1783180057423 0.013442791998386383 4663
1783180057428 0.0352148711681366 4664
1783180057434 0.007990546524524689 4665
1783180057482 0.10718453675508499 4666
1783180057488 0.3869381844997406 4667
1783180057494 0.19154314696788788 4668
1783180057500 0.08301559090614319 4669
1783180057530 0.26364758610725403 4670
1783180057542 0.16392911970615387 4671
1783180057549 0.03129512071609497 4672
1783180057568 0.06575421243906021 4673
1783180057581 0.07087279111146927 4674
1783180057626 0.25157758593559265 4675
1783180057643 0.07218454033136368 4676
1783180057670 0.32076728343963623 4677
1783180057675 0.08214769512414932 4678
1783180057700 0.06318723410367966 4679
1783180057800 0.07468820363283157 4680
1783180057861 0.056194402277469635 4681
1783180057869 0.05846051499247551 4682
1783180057944 0.01049620471894741 4683
1783180057955 0.0062794010154902935 4684
1783180057962 0.01717364229261875 4685
1783180057968 0.10448165237903595 4686
1783180057975 0.01274232566356659 4687
1783180057980 0.06601004302501678 4688
1783180057986 0.06036655604839325 4689
1783180057993 0.04364274442195892 4690
1783180057999 0.11316706985235214 4691
1783180058004 0.0465032197535038 4692
1783180058010 0.03918125852942467 4693
1783180058054 0.042019784450531006 4694
1783180058064 0.031232591718435287 4695
1783180058070 0.2329573780298233 4696
1783180058076 0.25853240489959717 4697
1783180058102 0.2716016173362732 4698
1783180058108 0.13878467679023743 4699
1783180058154 0.04611532390117645 4700
1783180058173 0.302491158246994 4701
1783180058178 0.0332753024995327 4702
1783180058235 0.013143095187842846 4703
1783180058242 0.14264659583568573 4704
1783180058253 0.01877451129257679 4705
1783180058262 0.44732069969177246 4706
1783180058266 0.2209891527891159 4707
1783180058270 0.12005142122507095 4708
1783180058276 0.3174504041671753 4709
1783180058326 0.07016078382730484 4710
1783180058330 0.20060044527053833 4711
1783180058335 0.21867802739143372 4712
1783180058343 0.3550332188606262 4713
1783180058347 0.11924056708812714 4714
1783180058353 0.046985238790512085 4715
1783180058360 0.21649016439914703 4716
1783180058366 0.07208460569381714 4717
1783180058371 0.02404572255909443 4718
1783180058377 0.049493953585624695 4719
1783180058384 0.32385963201522827 4720
1783180058392 0.04017740115523338 4721
1783180058396 0.15464559197425842 4722
1783180058402 0.32726553082466125 4723
1783180058411 0.052227240055799484 4724
1783180058435 0.17890623211860657 4725
1783180058441 0.14202089607715607 4726
1783180058455 0.10586053878068924 4727
1783180058467 0.03667124733328819 4728
1783180058480 0.06862963736057281 4729
1783180058486 0.03461240604519844 4730
1783180058498 0.10735668987035751 4731
1783180058504 0.1991194784641266 4732
1783180058510 0.11375271528959274 4733
1783180058517 0.18864494562149048 4734
1783180058520 0.2430441975593567 4735
1783180058527 0.032743025571107864 4736
1783180058533 0.04109842702746391 4737
1783180058539 0.09982486814260483 4738
1783180058545 0.2459421306848526 4739
1783180058558 0.02683953568339348 4740
1783180058587 0.2706306278705597 4741
1783180058594 0.14021612703800201 4742
1783180058599 0.21492666006088257 4743
1783180058604 0.07006365805864334 4744
1783180058611 0.08672115206718445 4745
1783180058616 0.05546678230166435 4746
1783180058622 0.027063919231295586 4747
1783180058628 0.1337057203054428 4748
1783180058633 0.25492677092552185 4749
1783180058638 0.22844895720481873 4750
1783180058644 0.08860627561807632 4751
1783180058650 0.1678348183631897 4752
1783180058656 0.16185319423675537 4753
1783180058707 0.02194920741021633 4754
1783180058712 0.13229785859584808 4755
1783180058718 0.13512958586215973 4756
1783180058724 0.022322088479995728 4757
1783180058730 0.14106720685958862 4758
1783180058739 0.17334714531898499 4759
1783180058753 0.09622520208358765 4760
1783180058766 0.02879435569047928 4761
1783180058772 0.15908457338809967 4762
1783180058782 0.09397958219051361 4763
1783180058838 0.22984525561332703 4764
1783180058845 0.15709523856639862 4765
1783180058850 0.061886418610811234 4766
1783180058870 0.14699548482894897 4767
1783180058876 0.13561278581619263 4768
1783180058957 0.04973481968045235 4769
1783180059043 0.01982501521706581 4770
1783180059047 0.08437032997608185 4771
1783180059053 0.03454083204269409 4772
1783180059061 0.15050038695335388 4773
1783180059065 0.013336865231394768 4774
1783180059071 0.2661886215209961 4775
1783180059077 0.0854533240199089 4776
1783180059083 0.032904002815485 4777
1783180059099 0.17064081132411957 4778
1783180059105 0.18716779351234436 4779
1783180059206 0.038470711559057236 4780
1783180059307 0.016857514157891273 4781
1783180059404 0.01182771846652031 4782
1783180059507 0.0069168079644441605 4783
1783180059607 0.1380942016839981 4784
1783180059708 0.22979600727558136 4785
1783180059810 0.1635940968990326 4786
1783180059911 0.14043930172920227 4787
1783180060011 0.030824553221464157 4788
1783180060111 0.11181476712226868 4789
1783180060211 0.10113878548145294 4790
1783180060312 0.01984521746635437 4791
1783180060411 0.200992614030838 4792
1783180060437 0.13173729181289673 4793
1783180060455 0.14404720067977905 4794
1783180060484 0.00950445607304573 4795
1783180060499 0.10766973346471786 4796
1783180060502 0.1932060569524765 4797
1783180060522 0.14493589103221893 4798
1783180060528 0.03628290444612503 4799
1783180060531 0.016027281060814857 4800
1783180060614 0.010014856234192848 4801
1783180060713 0.01737932860851288 4802
1783180060815 0.024899369105696678 4803
1783180060908 0.03850638493895531 4804
1783180061006 0.20883305370807648 4805
1783180061108 0.15990212559700012 4806
1783180061212 0.0946572795510292 4807
1783180061294 0.0049726893194019794 4808
1783180061297 0.05690731108188629 4809
1783180061311 0.17007610201835632 4810
1783180061320 0.09761109948158264 4811
1783180061353 0.15542860329151154 4812
1783180061363 0.03385863080620766 4813
1783180061462 0.15560099482536316 4814
1783180061558 0.07560444623231888 4815
1783180061657 0.05970708280801773 4816
1783180061761 0.10051809996366501 4817
1783180061860 0.20446041226387024 4818
1783180061966 0.02856062911450863 4819
1783180062063 0.045377641916275024 4820
1783180062149 0.24363113939762115 4821
1783180062185 0.2058081477880478 4822
1783180062209 0.1015200987458229 4823
1783180062215 0.047189995646476746 4824
1783180062227 0.012091636657714844 4825
1783180062251 0.21673110127449036 4826
1783180062257 0.12202282249927521 4827
1783180062280 0.06359981000423431 4828
1783180062301 0.15808726847171783 4829
1783180062308 0.0433478020131588 4830
1783180062320 0.2982928454875946 4831
1783180062338 0.07642251253128052 4832
1783180062352 0.2467513531446457 4833
1783180062397 0.025475798174738884 4834
1783180062420 0.02757105976343155 4835
1783180062423 0.11241122335195541 4836
1783180062430 0.027667611837387085 4837
1783180062435 0.15468095242977142 4838
1783180062441 0.26018890738487244 4839
1783180062448 0.0881728008389473 4840
1783180062453 0.19650085270404816 4841
1783180062459 0.06284766644239426 4842
1783180062466 0.12543481588363647 4843
1783180062472 0.0689789205789566 4844
1783180062480 0.013005010783672333 4845
1783180062484 0.04158264398574829 4846
1783180062489 0.27233946323394775 4847
1783180062494 0.03229228034615517 4848
1783180062497 0.007976817898452282 4849
1783180062502 0.08292309939861298 4850
1783180062508 0.04240544140338898 4851
1783180062514 0.04429232329130173 4852
1783180062524 0.09942571818828583 4853
1783180062539 0.10149331390857697 4854
1783180062564 0.01891988143324852 4855
1783180062571 0.012927099131047726 4856
1783180062584 0.20380525290966034 4857
1783180062590 0.17546363174915314 4858
1783180062608 0.12861937284469604 4859
1783180062614 0.027129003778100014 4860
1783180062622 0.23138804733753204 4861
1783180062628 0.038437798619270325 4862
1783180062664 0.12165690958499908 4863
1783180062674 0.06383027881383896 4864
1783180062684 0.02258068509399891 4865
1783180062690 0.151999831199646 4866
1783180062787 0.09346127510070801 4867
1783180062889 0.0878579393029213 4868
1783180062987 0.039836544543504715 4869
1783180063084 0.23615480959415436 4870
1783180063119 0.25903788208961487 4871
1783180063124 0.15249304473400116 4872
1783180063130 0.1620708853006363 4873
1783180063201 0.245245561003685 4874
1783180063206 0.08273955434560776 4875
1783180063275 0.04064357280731201 4876
1783180063306 0.05860936641693115 4877
1783180063310 0.1167387068271637 4878
1783180063316 0.08555804193019867 4879
1783180063322 0.03992633894085884 4880
1783180063326 0.07389992475509644 4881
1783180063332 0.1398601531982422 4882
1783180063401 0.09402740746736526 4883
1783180063421 0.07619849592447281 4884
1783180063428 0.06748143583536148 4885
1783180063433 0.16761286556720734 4886
1783180063439 0.14514152705669403 4887
1783180063445 0.1646638661623001 4888
1783180063450 0.09553420543670654 4889
1783180063456 0.008177273906767368 4890
1783180063462 0.06717377156019211 4891
1783180063468 0.1045113056898117 4892
1783180063474 0.1960664540529251 4893
1783180063480 0.26154422760009766 4894
1783180063486 0.03197705000638962 4895
1783180063492 0.17519137263298035 4896
1783180063498 0.24793395400047302 4897
1783180063504 0.18176405131816864 4898
1783180063575 0.031702227890491486 4899
1783180063586 0.004284110385924578 4900
1783180063594 0.08538296818733215 4901
1783180063599 0.08913309127092361 4902
1783180063606 0.3559972643852234 4903
1783180063617 0.02600552886724472 4904
1783180063623 0.041300468146800995 4905
1783180063630 0.02966471202671528 4906
1783180063715 0.0060217054560780525 4907
1783180063731 0.11912941932678223 4908
1783180063740 0.19900833070278168 4909
1783180063793 0.14375494420528412 4910
1783180063840 0.09359366446733475 4911
1783180063850 0.08520015329122543 4912
1783180063854 0.16464056074619293 4913
1783180063860 0.0136412950232625 4914
1783180063870 0.14327406883239746 4915
1783180063873 0.08814350515604019 4916
1783180063967 0.13018308579921722 4917
1783180063993 0.018171023577451706 4918
1783180064036 0.0636758804321289 4919
1783180064074 0.04233685880899429 4920
1783180064140 0.10746864974498749 4921
1783180064143 0.14053496718406677 4922
1783180064149 0.012703301385045052 4923
1783180064156 0.019324081018567085 4924
1783180064162 0.18107715249061584 4925
1783180064168 0.020462138578295708 4926
1783180064174 0.003921672701835632 4927
1783180064181 0.24022334814071655 4928
1783180064185 0.0306407380849123 4929
1783180064191 0.14138290286064148 4930
1783180064197 0.3028624355792999 4931
1783180064203 0.011404001154005527 4932
1783180064209 0.0145563380792737 4933
1783180064215 0.019066650420427322 4934
1783180064232 0.19125309586524963 4935
1783180064255 0.007187236566096544 4936
1783180064276 0.13805845379829407 4937
1783180064304 0.025049898773431778 4938
1783180064381 0.32366129755973816 4939
1783180064449 0.15929897129535675 4940
1783180064471 0.06410162150859833 4941
1783180064570 0.07146184891462326 4942
1783180064672 0.013301028870046139 4943
1783180064726 0.2376236617565155 4944
1783180064735 0.08406565338373184 4945
1783180064749 0.08160162717103958 4946
1783180064842 0.06405772268772125 4947
1783180064868 0.10460618138313293 4948
1783180064873 0.19447003304958344 4949
1783180064888 0.051507219672203064 4950
1783180064897 0.16794638335704803 4951
1783180064904 0.02319151535630226 4952
1783180064910 0.07094118744134903 4953
1783180064926 0.11081207543611526 4954
1783180064939 0.08875183761119843 4955
1783180064945 0.03207078203558922 4956
1783180064970 0.10009906440973282 4957
1783180064975 0.09404441714286804 4958
1783180064980 0.19524677097797394 4959
1783180064985 0.06062453240156174 4960
1783180064992 0.12373711913824081 4961
1783180065000 0.017689675092697144 4962
1783180065090 0.06658370792865753 4963
1783180065096 0.08590930700302124 4964
1783180065099 0.0783328264951706 4965
1783180065102 0.2549598813056946 4966
1783180065105 0.07605082541704178 4967
1783180065108 0.03500961884856224 4968
1783180065110 0.0989714041352272 4969
1783180065113 0.20145121216773987 4970
1783180065116 0.08298109471797943 4971
1783180065119 0.2550397217273712 4972
1783180065125 0.04533914104104042 4973
1783180065131 0.016061438247561455 4974
1783180065135 0.13604509830474854 4975
1783180065141 0.2705675959587097 4976
1783180065147 0.21004192531108856 4977
1783180065153 0.01648360677063465 4978
1783180065159 0.0564163401722908 4979
1783180065165 0.10461320728063583 4980
1783180065181 0.14653721451759338 4981
1783180065186 0.08282823860645294 4982
1783180065192 0.06382747739553452 4983
1783180065198 0.28852537274360657 4984
1783180065205 0.0932382345199585 4985
1783180065210 0.12668420374393463 4986
1783180065216 0.032049618661403656 4987
1783180065224 0.2028755247592926 4988
1783180065229 0.08257175981998444 4989
1783180065235 0.10200606286525726 4990
1783180065241 0.2710157036781311 4991
1783180065248 0.04506774991750717 4992
1783180065253 0.08218598365783691 4993
1783180065259 0.15522508323192596 4994
1783180065266 0.30555295944213867 4995
1783180065273 0.009907472878694534 4996
1783180065279 0.0949459820985794 4997
1783180065284 0.07538583874702454 4998
1783180065290 0.0051237959414720535 4999
1783180065296 0.1235821396112442 5000
1783180065302 0.0866851955652237 5001
1783180065306 0.1156778410077095 5002
1783180065312 0.3026246130466461 5003
1783180065319 0.016851669177412987 5004
1783180065325 0.08327196538448334 5005
1783180065330 0.20144273340702057 5006
1783180065399 0.18377754092216492 5007
1783180065405 0.02726004458963871 5008
1783180065424 0.07336591929197311 5009
1783180065431 0.07661828398704529 5010
1783180065437 0.12732891738414764 5011
1783180065443 0.09086139500141144 5012
1783180065450 0.1352240890264511 5013
1783180065468 0.047596611082553864 5014
1783180065472 0.09183809161186218 5015
1783180065478 0.07645269483327866 5016
1783180065484 0.06018620729446411 5017
1783180065490 0.045822884887456894 5018
1783180065504 0.06542085111141205 5019
1783180065510 0.08174221217632294 5020
1783180065516 0.008642273023724556 5021
1783180065522 0.05009019747376442 5022
1783180065528 0.14173917472362518 5023
1783180065534 0.15557771921157837 5024
1783180065542 0.01035800576210022 5025
1783180065547 0.3158915638923645 5026
1783180065563 0.08350987732410431 5027
1783180065571 0.011331092566251755 5028
1783180065619 0.05557377263903618 5029
1783180065625 0.010080755688250065 5030
1783180065631 0.0722043365240097 5031
1783180065637 0.020556651055812836 5032
1783180065644 0.24077431857585907 5033
1783180065650 0.09699603170156479 5034
1783180065666 0.1089320033788681 5035
1783180065672 0.15340609848499298 5036
1783180065678 0.07829990237951279 5037
1783180065684 0.07630621641874313 5038
1783180065690 0.10088428109884262 5039
1783180065696 0.028644105419516563 5040
1783180065754 0.011937689036130905 5041
1783180065760 0.31093648076057434 5042
1783180065768 0.03430716320872307 5043
1783180065774 0.16889511048793793 5044
1783180065779 0.03433780372142792 5045
1783180065785 0.39919278025627136 5046
1783180065792 0.02036372758448124 5047
1783180065828 0.060288362205028534 5048
1783180065875 0.3175920248031616 5049
1783180065886 0.003283598693087697 5050
1783180065906 0.06044599786400795 5051
1783180065922 0.10364299267530441 5052
1783180065928 0.21281565725803375 5053
1783180065940 0.10094784945249557 5054
1783180066030 0.14722177386283875 5055
1783180066126 0.04669094458222389 5056
1783180066224 0.08005756139755249 5057
1783180066330 0.03030320256948471 5058
1783180066425 0.030632680281996727 5059
1783180066475 0.020933978259563446 5060
1783180066481 0.07565104961395264 5061
1783180066487 0.003475483972579241 5062
1783180066499 0.10574262589216232 5063
1783180066506 0.15578970313072205 5064
1783180066512 0.203229159116745 5065
1783180066522 0.04679876193404198 5066
1783180066527 0.17117217183113098 5067
1783180066534 0.05454074218869209 5068
1783180066542 0.07634128630161285 5069
1783180066545 0.12529973685741425 5070
1783180066559 0.10413461923599243 5071
1783180066570 0.05363786965608597 5072
1783180066578 0.4277019798755646 5073
1783180066584 0.2018233835697174 5074
1783180066593 0.10405571758747101 5075
1783180066597 0.17229802906513214 5076
1783180066602 0.03843269124627113 5077
1783180066607 0.09655632078647614 5078
1783180066619 0.26010724902153015 5079
1783180066626 0.03155004233121872 5080
1783180066630 0.07504503428936005 5081
1783180066634 0.08024679869413376 5082
1783180066641 0.03806426376104355 5083
1783180066647 0.20305989682674408 5084
1783180066665 0.32110393047332764 5085
1783180066670 0.30518582463264465 5086
1783180066676 0.008365578949451447 5087
1783180066683 0.015566295012831688 5088
1783180066689 0.1896703988313675 5089
1783180066694 0.010335426777601242 5090
1783180066701 0.21234220266342163 5091
1783180066706 0.2447621077299118 5092
1783180066720 0.2921530604362488 5093
1783180066724 0.04105202853679657 5094
1783180066735 0.19894477725028992 5095
1783180066742 0.3289836049079895 5096
1783180066748 0.015860306099057198 5097
1783180066754 0.04211759194731712 5098
1783180066760 0.04747309163212776 5099
1783180066767 0.010063406080007553 5100
1783180066772 0.17327651381492615 5101
1783180066792 0.17838092148303986 5102
1783180066806 0.035399314016103745 5103
1783180066813 0.020886994898319244 5104
1783180066820 0.0998053103685379 5105
1783180066826 0.30558133125305176 5106
1783180066832 0.09884876012802124 5107
1783180066839 0.003359493799507618 5108
1783180066844 0.2218119502067566 5109
1783180066850 0.08026279509067535 5110
1783180066856 0.07931022346019745 5111
1783180066864 0.04659249633550644 5112
1783180066874 0.018740780651569366 5113
1783180066886 0.1090446338057518 5114
1783180066894 0.13491007685661316 5115
1783180066904 0.11254111677408218 5116
1783180066910 0.06231280788779259 5117
1783180066916 0.09144964814186096 5118
1783180066922 0.1502985656261444 5119
1783180066928 0.04222073778510094 5120
1783180066934 0.1285480260848999 5121
1783180066940 0.010584148578345776 5122
1783180066946 0.014368298463523388 5123
1783180066954 0.03647492080926895 5124
1783180066958 0.05507348105311394 5125
1783180066964 0.21375106275081635 5126
1783180066972 0.03441948816180229 5127
1783180066976 0.04352809488773346 5128
1783180066982 0.24452582001686096 5129
1783180066988 0.018156573176383972 5130
1783180066994 0.01754169724881649 5131
1783180067000 0.10075283795595169 5132
1783180067006 0.2078898698091507 5133
1783180067018 0.015484710223972797 5134
1783180067025 0.029033388942480087 5135
1783180067038 0.007839680649340153 5136
1783180067143 0.07043289393186569 5137
1783180067230 0.13900035619735718 5138
1783180067236 0.07332538813352585 5139
1783180067243 0.16311700642108917 5140
1783180067248 0.3987213969230652 5141
1783180067255 0.03963922709226608 5142
1783180067271 0.053530577570199966 5143
1783180067364 0.4233635663986206 5144
1783180067399 0.06332755088806152 5145
1783180067416 0.07608692348003387 5146
1783180067423 0.2048228234052658 5147
1783180067429 0.0059893373399972916 5148
1783180067444 0.07494014501571655 5149
1783180067451 0.0877409502863884 5150
1783180067460 0.018330005928874016 5151
1783180067468 0.009421957656741142 5152
1783180067567 0.3310975730419159 5153
1783180067671 0.19711723923683167 5154
1783180067757 0.04412173479795456 5155
1783180067780 0.1272490918636322 5156
1783180067787 0.1655232459306717 5157
1783180067793 0.02724074013531208 5158
1783180067801 0.033704303205013275 5159
1783180067853 0.05417805165052414 5160
1783180067859 0.0645996555685997 5161
1783180067866 0.137473002076149 5162
1783180067872 0.06915687024593353 5163
1783180067880 0.23000675439834595 5164
1783180067885 0.35810139775276184 5165
1783180067890 0.04266443848609924 5166
1783180067896 0.1971091330051422 5167
1783180067903 0.0641033872961998 5168
1783180067908 0.01041728537529707 5169
1783180067929 0.02452978305518627 5170
1783180067939 0.08353263139724731 5171
1783180067944 0.07377765327692032 5172
1783180068043 0.01576457917690277 5173
1783180068142 0.03528060391545296 5174
1783180068248 0.13935501873493195 5175
1783180068320 0.2970468997955322 5176
1783180068330 0.04985855892300606 5177
1783180068434 0.03985338285565376 5178
1783180068533 0.01478266529738903 5179
1783180068558 0.09930725395679474 5180
1783180068655 0.008100542239844799 5181
1783180068743 0.03364124149084091 5182
1783180068768 0.11963044106960297 5183
1783180068776 0.05196321755647659 5184
1783180068780 0.025021586567163467 5185
1783180068798 0.033342983573675156 5186
1783180068810 0.019448474049568176 5187
1783180068816 0.18188974261283875 5188
1783180068824 0.3096247911453247 5189
1783180068829 0.4763193726539612 5190
1783180068835 0.048240385949611664 5191
1783180068840 0.044781412929296494 5192
1783180068848 0.021759754046797752 5193
1783180068859 0.08648799359798431 5194
1783180068866 0.005815789103507996 5195
1783180068876 0.4916624426841736 5196
1783180068894 0.10103829205036163 5197
1783180068902 0.03169744461774826 5198
1783180068918 0.007734293583780527 5199
1783180068927 0.033549964427948 5200
1783180068930 0.01984502375125885 5201
1783180068948 0.026756634935736656 5202
1783180068960 0.06523171812295914 5203
1783180068966 0.12190236896276474 5204
1783180068974 0.09203288704156876 5205
1783180068978 0.3930470645427704 5206
1783180068986 0.0974673330783844 5207
1783180068991 0.03644142299890518 5208
1783180068996 0.36267730593681335 5209
1783180069003 0.05333886668086052 5210
1783180069009 0.042360465973615646 5211
1783180069014 0.1716277003288269 5212
1783180069021 0.06769358366727829 5213
1783180069029 0.016104279085993767 5214
1783180069033 0.07036863267421722 5215
1783180069042 0.15925267338752747 5216
1783180069118 0.08357740193605423 5217
1783180069128 0.09458144754171371 5218
1783180069217 0.06428459286689758 5219
1783180069313 0.15540724992752075 5220
1783180069414 0.0180392824113369 5221
1783180069504 0.19209575653076172 5222
1783180069596 0.10635299235582352 5223
1783180069701 0.005579239223152399 5224
1783180069802 0.14406248927116394 5225
1783180069899 0.09201420098543167 5226
1783180069983 0.018586304038763046 5227
1783180070030 0.08454463630914688 5228
1783180070048 0.058103982359170914 5229
1783180070057 0.309468537569046 5230
1783180070065 0.08858360350131989 5231
1783180070072 0.10630094259977341 5232
1783180070078 0.007242657244205475 5233
1783180070084 0.2090461403131485 5234
1783180070095 0.009203935042023659 5235
1783180070108 0.10625757277011871 5236
1783180070114 0.08036963641643524 5237
1783180070120 0.18009836971759796 5238
1783180070124 0.08055078983306885 5239
1783180070130 0.0864720419049263 5240
1783180070136 0.0540647879242897 5241
1783180070140 0.21994973719120026 5242
1783180070145 0.036209918558597565 5243
1783180070152 0.022532513365149498 5244
1783180070159 0.3206127882003784 5245
1783180070165 0.18265095353126526 5246
1783180070175 0.17035537958145142 5247
1783180070188 0.018094779923558235 5248
1783180070193 0.0749802365899086 5249
1783180070200 0.10577643662691116 5250
1783180070205 0.11029712855815887 5251
1783180070211 0.05929892137646675 5252
1783180070248 0.03542867302894592 5253
1783180070349 0.3747982978820801 5254
1783180070412 0.0396362841129303 5255
1783180070444 0.030046802014112473 5256
1783180070492 0.3364447355270386 5257
1783180070592 0.08069532364606857 5258
1783180070672 0.2469690442085266 5259
1783180070784 0.10431583970785141 5260
1783180070883 0.2624490261077881 5261
1783180070986 0.17467710375785828 5262
1783180071088 0.18347641825675964 5263
1783180071189 0.05286118760704994 5264
1783180071293 0.034427519887685776 5265
1783180071395 0.12705476582050323 5266
1783180071498 0.22327785193920135 5267
1783180071602 0.124198317527771 5268
1783180071707 0.01074242778122425 5269
1783180071808 0.22759687900543213 5270
1783180071911 0.12893891334533691 5271
1783180071977 0.13310343027114868 5272
1783180072059 0.15139105916023254 5273
1783180072164 0.320556104183197 5274
1783180072269 0.20041067898273468 5275
1783180072372 0.08567886054515839 5276
1783180072415 0.02053884230554104 5277
1783180072421 0.04319443553686142 5278
1783180072525 0.13100558519363403 5279
1783180072627 0.06373235583305359 5280
1783180072725 0.30516964197158813 5281
1783180072828 0.1464763879776001 5282
1783180072925 0.08168298751115799 5283
1783180073027 0.09027880430221558 5284
1783180073051 0.07568065822124481 5285
1783180073063 0.1462879478931427 5286
1783180073070 0.02176138386130333 5287
1783180073075 0.1517505794763565 5288
1783180073082 0.27091526985168457 5289
1783180073091 0.0348631851375103 5290
1783180073096 0.05166027694940567 5291
1783180073107 0.011499984189867973 5292
1783180073114 0.12930577993392944 5293
1783180073119 0.17227625846862793 5294
1783180073127 0.026301290839910507 5295
1783180073132 0.026609662920236588 5296
1783180073160 0.22398939728736877 5297
1783180073236 0.02583451010286808 5298
1783180073249 0.03433715179562569 5299
1783180073257 0.10684249550104141 5300
1783180073262 0.06894705444574356 5301
1783180073269 0.03427049517631531 5302
1783180073275 0.09892664104700089 5303
1783180073278 0.02860208787024021 5304
1783180073285 0.1145118996500969 5305
1783180073292 0.039114631712436676 5306
1783180073384 0.22287686169147491 5307
1783180073456 0.030342623591423035 5308
1783180073462 0.26630446314811707 5309
1783180073475 0.022154442965984344 5310
1783180073574 0.021709278225898743 5311
1783180073674 0.15457302331924438 5312
1783180073784 0.21074478328227997 5313
1783180073886 0.17406432330608368 5314
1783180073994 0.13765443861484528 5315
1783180074109 0.12134618312120438 5316
1783180074206 0.26182374358177185 5317
1783180074296 0.1624077409505844 5318
1783180074397 0.36002597212791443 5319
1783180074485 0.09652616828680038 5320
1783180074586 0.057531509548425674 5321
1783180074689 0.08108998090028763 5322
1783180074786 0.014688516966998577 5323
1783180074884 0.0637403205037117 5324
1783180074982 0.14132264256477356 5325
1783180075090 0.00557386688888073 5326
1783180075196 0.034508053213357925 5327
1783180075269 0.005477458704262972 5328
1783180075371 0.16094987094402313 5329
1783180075379 0.044418979436159134 5330
1783180075385 0.02636583149433136 5331
1783180075391 0.01851624622941017 5332
1783180075397 0.04325472190976143 5333
1783180075403 0.2139790952205658 5334
1783180075412 0.0504857636988163 5335
1783180075421 0.05777629837393761 5336
1783180075428 0.1571076363325119 5337
1783180075434 0.014872933737933636 5338
1783180075441 0.19143126904964447 5339
1783180075446 0.016145186498761177 5340
1783180075451 0.02898409217596054 5341
1783180075458 0.010610287077724934 5342
1783180075463 0.018197601661086082 5343
1783180075470 0.215891495347023 5344
1783180075476 0.08160445839166641 5345
1783180075482 0.05419236794114113 5346
1783180075488 0.04972200095653534 5347
1783180075496 0.05986206233501434 5348
1783180075582 0.07994396239519119 5349
1783180075676 0.1251586228609085 5350
1783180075775 0.06186521053314209 5351
1783180075879 0.11187305301427841 5352
1783180075979 0.08983448147773743 5353
1783180076079 0.027905026450753212 5354
1783180076186 0.17290817201137543 5355
1783180076288 0.3782939016819 5356
1783180076382 0.13102154433727264 5357
1783180076488 0.052581075578927994 5358
1783180076587 0.02308068983256817 5359
1783180076689 0.07141947746276855 5360
1783180076787 0.24709326028823853 5361
1783180076888 0.12414228916168213 5362
1783180076939 0.05130913853645325 5363
1783180076950 0.06385268270969391 5364
1783180076960 0.09053332358598709 5365
1783180076971 0.08155945688486099 5366
1783180077032 0.014107009395956993 5367
1783180077048 0.02743174508213997 5368
1783180077053 0.11554655432701111 5369
1783180077061 0.1735752522945404 5370
1783180077072 0.15796536207199097 5371
1783180077084 0.11514712870121002 5372
1783180077090 0.19275766611099243 5373
1783180077160 0.08627261966466904 5374
1783180077189 0.32238295674324036 5375
1783180077198 0.03602663427591324 5376
1783180077301 0.06338562816381454 5377
1783180077392 0.12366338819265366 5378
1783180077437 0.01946636661887169 5379
1783180077451 0.008712636306881905 5380
1783180077476 0.09698989987373352 5381
1783180077486 0.01803622394800186 5382
1783180077500 0.10147520899772644 5383
1783180077580 0.06334154307842255 5384
1783180077596 0.05889897421002388 5385
1783180077614 0.07240577042102814 5386
1783180077621 0.07039079815149307 5387
1783180077697 0.12905578315258026 5388
1783180077728 0.2946508824825287 5389
1783180077822 0.09031880646944046 5390
1783180077911 0.05339731648564339 5391
1783180078005 0.35713857412338257 5392
1783180078103 0.25827428698539734 5393
1783180078204 0.021325767040252686 5394
1783180078300 0.005703458096832037 5395
1783180078395 0.1333564817905426 5396
1783180078420 0.05160936340689659 5397
1783180078434 0.03533168509602547 5398
1783180078447 0.09102697670459747 5399
1783180078458 0.1745356321334839 5400
1783180078470 0.013732642866671085 5401
1783180078479 0.031364556401968 5402
1783180078486 0.005419908557087183 5403
1783180078492 0.025998424738645554 5404
1783180078498 0.049465227872133255 5405
1783180078505 0.016159653663635254 5406
1783180078510 0.06785091012716293 5407
1783180078516 0.2670381963253021 5408
1783180078521 0.12837611138820648 5409
1783180078527 0.009951319545507431 5410
1783180078533 0.09767039120197296 5411
1783180078549 0.1945091187953949 5412
1783180078565 0.23105326294898987 5413
1783180078573 0.1394856572151184 5414
1783180078580 0.04645920544862747 5415
1783180078585 0.09648966789245605 5416
1783180078591 0.3555942475795746 5417
1783180078597 0.16256198287010193 5418
1783180078603 0.03448058292269707 5419
1783180078609 0.042953573167324066 5420
1783180078615 0.21364693343639374 5421
1783180078621 0.009081349708139896 5422
1783180078628 0.008871382102370262 5423
1783180078633 0.20663303136825562 5424
1783180078639 0.125690296292305 5425
1783180078679 0.0679800808429718 5426
1783180078689 0.02697772905230522 5427
1783180078705 0.2252507507801056 5428
1783180078718 0.07825962454080582 5429
1783180078729 0.05695914477109909 5430
1783180078741 0.1961534470319748 5431
1783180078747 0.24715954065322876 5432
1783180078759 0.008179201744496822 5433
1783180078804 0.02806454338133335 5434
1783180078811 0.02563716657459736 5435
1783180078816 0.16579465568065643 5436
1783180078822 0.16500431299209595 5437
1783180078835 0.08752259612083435 5438
1783180078841 0.03137259557843208 5439
1783180078847 0.004579038359224796 5440
1783180078858 0.005090602207928896 5441
1783180078865 0.13428382575511932 5442
1783180078895 0.41243237257003784 5443
1783180078900 0.26184582710266113 5444
1783180078906 0.06567434221506119 5445
1783180078923 0.11608046293258667 5446
1783180079014 0.2778114378452301 5447
1783180079105 0.01680317521095276 5448
1783180079116 0.2927735447883606 5449
1783180079123 0.017604481428861618 5450
1783180079141 0.0959010124206543 5451
1783180079210 0.028230879455804825 5452
1783180079306 0.3214516341686249 5453
1783180079401 0.12943997979164124 5454
1783180079505 0.20886623859405518 5455
1783180079607 0.03362365439534187 5456
1783180079713 0.30631688237190247 5457
1783180079826 0.11266940832138062 5458
1783180079944 0.015064183622598648 5459
1783180080039 0.05422068387269974 5460
1783180080138 0.04912428557872772 5461
1783180080256 0.041858162730932236 5462
1783180080364 0.03881753608584404 5463
1783180080479 0.10040241479873657 5464
1783180080584 0.052583079785108566 5465
1783180080640 0.20402012765407562 5466
1783180080692 0.10795121639966965 5467
1783180080776 0.07743929326534271 5468
1783180080879 0.10708621144294739 5469
1783180080984 0.07765278965234756 5470
1783180081098 0.04345391318202019 5471
1783180081187 0.027733750641345978 5472
1783180081211 0.1474047601222992 5473
1783180081218 0.19691380858421326 5474
1783180081237 0.5233503580093384 5475
1783180081244 0.12316348403692245 5476
1783180081294 0.14280055463314056 5477
1783180081309 0.15686576068401337 5478
1783180081382 0.06031567603349686 5479
1783180081522 0.04540913179516792 5480
1783180081633 0.07874719798564911 5481
1783180081717 0.09772837907075882 5482
1783180081815 0.18720875680446625 5483
1783180081876 0.0818939059972763 5484
1783180081979 0.3348742425441742 5485
1783180082007 0.0652800127863884 5486
1783180082021 0.05415046215057373 5487
1783180082124 0.11896112561225891 5488
1783180082229 0.1725272536277771 5489
1783180082332 0.09556172043085098 5490
1783180082352 0.04959927499294281 5491
1783180082364 0.410036563873291 5492
1783180082377 0.12711384892463684 5493
1783180082423 0.12910394370555878 5494
1783180082434 0.03734157234430313 5495
1783180082441 0.08410301059484482 5496
1783180082448 0.1280001997947693 5497
1783180082454 0.007791348733007908 5498
1783180082459 0.07108768820762634 5499
1783180082475 0.15774129331111908 5500
1783180082478 0.05746544897556305 5501
1783180082522 0.0797543004155159 5502
1783180082535 0.020613430067896843 5503
1783180082565 0.054476894438266754 5504
1783180082666 0.041610535234212875 5505
1783180082753 0.014724996872246265 5506
1783180082761 0.03418390452861786 5507
1783180082784 0.248784139752388 5508
1783180082800 0.12508244812488556 5509
1783180082820 0.04751791059970856 5510
1783180082846 0.19088909029960632 5511
1783180082858 0.030006200075149536 5512
1783180082878 0.06567702442407608 5513
1783180082884 0.17863915860652924 5514
1783180082890 0.09364056587219238 5515
1783180082895 0.0671810582280159 5516
1783180082902 0.12360260635614395 5517
1783180082907 0.11797462403774261 5518
1783180082919 0.0834469273686409 5519
1783180082926 0.03853392228484154 5520
1783180083030 0.09359093010425568 5521
1783180083083 0.03200530260801315 5522
1783180083089 0.09658059477806091 5523
1783180083095 0.04940702021121979 5524
1783180083100 0.24212701618671417 5525
1783180083140 0.2567518651485443 5526
1783180083238 0.22790047526359558 5527
1783180083248 0.08950737118721008 5528
1783180083258 0.08476430177688599 5529
1783180083332 0.03777330368757248 5530
1783180083393 0.06403393298387527 5531
1783180083402 0.029797477647662163 5532
1783180083410 0.0251101553440094 5533
1783180083431 0.1189354732632637 5534
1783180083439 0.18210195004940033 5535
1783180083504 0.05252188444137573 5536
1783180083509 0.0371883325278759 5537
1783180083519 0.05242239683866501 5538
1783180083527 0.112822525203228 5539
1783180083535 0.05485110729932785 5540
1783180083540 0.024059930816292763 5541
1783180083545 0.42259305715560913 5542
1783180083647 0.020387180149555206 5543
1783180083749 0.0024334839545190334 5544
1783180083853 0.154418483376503 5545
1783180083958 0.026708431541919708 5546
1783180084026 0.16090364754199982 5547
1783180084038 0.3278305232524872 5548
1783180084054 0.05203263461589813 5549
1783180084066 0.2863225042819977 5550
1783180084106 0.05138415843248367 5551
1783180084113 0.06581691652536392 5552
1783180084154 0.21555891633033752 5553
1783180084256 0.027524515986442566 5554
1783180084360 0.1903221756219864 5555
1783180084462 0.01918531395494938 5556
1783180084569 0.06559232622385025 5557
1783180084643 0.01469707302749157 5558
1783180084725 0.0956752821803093 5559
1783180084820 0.22234989702701569 5560
1783180084905 0.026717206463217735 5561
1783180084916 0.13521794974803925 5562
1783180084923 0.006690481677651405 5563
1783180085021 0.18970328569412231 5564
1783180085090 0.4729832410812378 5565
1783180085132 0.3212587833404541 5566
1783180085158 0.3113635182380676 5567
1783180085182 0.33884474635124207 5568
1783180085193 0.0285902488976717 5569
1783180085230 0.21090903878211975 5570
1783180085327 0.1089208573102951 5571
1783180085344 0.02660849131643772 5572
1783180085362 0.051653262227773666 5573
1783180085374 0.04578954726457596 5574
1783180085380 0.024382680654525757 5575
1783180085392 0.08641928434371948 5576
1783180085423 0.026282941922545433 5577
1783180085435 0.31320345401763916 5578
1783180085453 0.14972984790802002 5579
1783180085481 0.5316010117530823 5580
1783180085504 0.2758122682571411 5581
1783180085531 0.24503415822982788 5582
1783180085578 0.23549507558345795 5583
1783180085618 0.11305578798055649 5584
1783180085633 0.028328124433755875 5585
1783180085662 0.16906319558620453 5586
1783180085695 0.02724950946867466 5587
1783180085712 0.3173603415489197 5588
1783180085771 0.04501224681735039 5589
1783180085786 0.10661505907773972 5590
1783180085819 0.015731122344732285 5591
1783180085921 0.1769668161869049 5592
1783180085978 0.117560014128685 5593
1783180086044 0.21175189316272736 5594
1783180086085 0.02811962179839611 5595
1783180086145 0.08590113371610641 5596
1783180086158 0.09400669485330582 5597
1783180086163 0.0125199593603611 5598
1783180086170 0.1402064561843872 5599
1783180086188 0.03755670413374901 5600
1783180086193 0.08605287969112396 5601
1783180086202 0.07427886128425598 5602
1783180086207 0.2597208321094513 5603
1783180086212 0.10383336991071701 5604
1783180086219 0.10870063304901123 5605
1783180086226 0.04294813424348831 5606
1783180086257 0.14917944371700287 5607
1783180086263 0.13243384659290314 5608
1783180086270 0.0648718923330307 5609
1783180086275 0.06750870496034622 5610
1783180086282 0.06576848775148392 5611
1783180086288 0.2385866940021515 5612
1783180086295 0.22787117958068848 5613
1783180086307 0.09741959720849991 5614
1783180086314 0.06182587891817093 5615
1783180086317 0.16361108422279358 5616
1783180086329 0.10247498750686646 5617
1783180086337 0.039635222405195236 5618
1783180086343 0.03596138209104538 5619
1783180086349 0.2520946264266968 5620
1783180086354 0.03745210915803909 5621
1783180086360 0.26501622796058655 5622
1783180086368 0.28601184487342834 5623
1783180086373 0.1349847912788391 5624
1783180086781 0.0060475110076367855 5625
1783180086790 0.0066706156358122826 5626
1783180086797 0.049841269850730896 5627
1783180086803 0.05902070924639702 5628
1783180086808 0.08951877057552338 5629
1783180086814 0.033532965928316116 5630
1783180086820 0.45415621995925903 5631
1783180086827 0.18362851440906525 5632
1783180086832 0.10425105690956116 5633
1783180086839 0.045874856412410736 5634
1783180086846 0.14532798528671265 5635
1783180086855 0.005880596581846476 5636
1783180086862 0.014701295644044876 5637
1783180086869 0.010691436938941479 5638
1783180086881 0.0745047852396965 5639
1783180086887 0.01923014409840107 5640
1783180086894 0.3608567714691162 5641
1783180086905 0.2931605279445648 5642
1783180086911 0.04928544908761978 5643
1783180086924 0.11998263001441956 5644
1783180086931 0.031700875610113144 5645
1783180086942 0.07824663072824478 5646
1783180086954 0.04498660936951637 5647
1783180086961 0.01963099092245102 5648
1783180086971 0.05224597826600075 5649
1783180086977 0.17291192710399628 5650
1783180086982 0.2805877923965454 5651
1783180086986 0.007935951463878155 5652
1783180086991 0.2637745440006256 5653
1783180086996 0.12621791660785675 5654
1783180087009 0.06987747550010681 5655
1783180087069 0.09686912596225739 5656
1783180087081 0.1574377864599228 5657
1783180087088 0.2094137966632843 5658
1783180087094 0.10734539479017258 5659
1783180087099 0.053054146468639374 5660
1783180087105 0.12551672756671906 5661
1783180087112 0.029080428183078766 5662
1783180087117 0.06812300533056259 5663
1783180087124 0.0478207990527153 5664
1783180087129 0.16199642419815063 5665
1783180087136 0.00589605700224638 5666
1783180087148 0.03454596549272537 5667
1783180087178 0.06407288461923599 5668
1783180087185 0.007253493182361126 5669
1783180087204 0.10619474947452545 5670
1783180087212 0.23554284870624542 5671
1783180087225 0.12620769441127777 5672
1783180087235 0.09855920076370239 5673
1783180087244 0.0043320972472429276 5674
1783180087251 0.018838224932551384 5675
1783180087255 0.13951191306114197 5676
1783180087261 0.10881990939378738 5677
1783180087275 0.09543895721435547 5678
1783180087281 0.028470229357481003 5679
1783180087290 0.4175512194633484 5680
1783180087299 0.021518567577004433 5681
1783180087302 0.10996443778276443 5682
1783180087310 0.012357786297798157 5683
1783180087345 0.11317478120326996 5684
1783180087403 0.20978613197803497 5685
1783180087413 0.014773000031709671 5686
1783180087421 0.03421896696090698 5687
1783180087427 0.041882555931806564 5688
1783180087433 0.07608185708522797 5689
1783180087438 0.08655575662851334 5690
1783180087445 0.11132151633501053 5691
1783180087452 0.18083663284778595 5692
1783180087457 0.02165595069527626 5693
1783180087463 0.05290549248456955 5694
1783180087494 0.03592023253440857 5695
1783180087569 0.10694129765033722 5696
1783180087581 0.26658302545547485 5697
1783180087587 0.07425346970558167 5698
1783180087594 0.0079674506559968 5699
1783180087599 0.011644521728157997 5700
1783180087696 0.09111173450946808 5701
1783180087794 0.04895219951868057 5702
1783180087851 0.020189253613352776 5703
1783180087861 0.3725770115852356 5704
1783180087869 0.03829042240977287 5705
1783180087881 0.03530311584472656 5706
1783180087888 0.0069522978737950325 5707
1783180087894 0.008855338208377361 5708
1783180087897 0.16948743164539337 5709
1783180087909 0.07964517921209335 5710
1783180087915 0.1141398623585701 5711
1783180087921 0.08002633601427078 5712
1783180087933 0.008251664228737354 5713
1783180087940 0.16355764865875244 5714
1783180088038 0.025368262082338333 5715
1783180088073 0.11032308638095856 5716
1783180088078 0.09800204634666443 5717
1783180088085 0.07417181879281998 5718
1783180088090 0.14947344362735748 5719
1783180088097 0.014700156636536121 5720
1783180088103 0.04277336597442627 5721
1783180088110 0.05729389190673828 5722
1783180088116 0.050752896815538406 5723
1783180088122 0.04583049193024635 5724
1783180088127 0.18003176152706146 5725
1783180088132 0.0447995625436306 5726
1783180088208 0.03844378516077995 5727
1783180088271 0.08166121691465378 5728
1783180088296 0.021292362362146378 5729
1783180088393 0.04530142992734909 5730
1783180088491 0.10009744018316269 5731
1783180088559 0.1366715282201767 5732
1783180088660 0.045805659145116806 5733
1783180088762 0.0984717458486557 5734
1783180088850 0.007831531576812267 5735
1783180088855 0.08879217505455017 5736
1783180088863 0.005382000468671322 5737
1783180088868 0.058762818574905396 5738
1783180088889 0.07430804520845413 5739
1783180088969 0.1548900008201599 5740
1783180088982 0.1353251338005066 5741
1783180088995 0.02892816998064518 5742
1783180089007 0.06822589039802551 5743
1783180089011 0.04021674022078514 5744
1783180089022 0.00426178053021431 5745
1783180089028 0.04822511598467827 5746
1783180089046 0.07050129771232605 5747
1783180089058 0.01876509189605713 5748
1783180089087 0.01688241958618164 5749
1783180089093 0.17210879921913147 5750
1783180089099 0.23868240416049957 5751
1783180089104 0.11476747691631317 5752
1783180089112 0.23451697826385498 5753
1783180089126 0.04265749827027321 5754
1783180089133 0.013507815077900887 5755
1783180089230 0.04604256525635719 5756
1783180089237 0.14627118408679962 5757
1783180089242 0.1771525889635086 5758
1783180089246 0.06684201955795288 5759
1783180089252 0.12237708270549774 5760
1783180089258 0.06734853982925415 5761
1783180089283 0.024533633142709732 5762
1783180089302 0.0040155150927603245 5763
1783180089307 0.009164407849311829 5764
1783180089312 0.15540245175361633 5765
1783180089319 0.12066476792097092 5766
1783180089414 0.015333183109760284 5767
1783180089522 0.05726971849799156 5768
1783180089629 0.018647024407982826 5769
1783180089730 0.23804382979869843 5770
1783180089815 0.04971379041671753 5771
1783180089904 0.02305092103779316 5772
1783180089997 0.04120410978794098 5773
1783180090081 0.09159951657056808 5774
1783180090189 0.04439915716648102 5775
1783180090198 0.08304519951343536 5776
1783180090226 0.17696446180343628 5777
1783180090233 0.033402346074581146 5778
1783180090253 0.02711990475654602 5779
1783180090287 0.04457252100110054 5780
1783180090342 0.07618629187345505 5781
1783180090373 0.08741004765033722 5782
1783180090377 0.037191007286310196 5783
1783180090383 0.12257733196020126 5784
1783180090392 0.12690748274326324 5785
1783180090401 0.21323084831237793 5786
1783180090410 0.007588085252791643 5787
1783180090419 0.141446053981781 5788
1783180090428 0.12898661196231842 5789
1783180090449 0.1458105891942978 5790
1783180090460 0.20508579909801483 5791
1783180090467 0.03765321150422096 5792
1783180090570 0.02181585505604744 5793
1783180090592 0.017117569223046303 5794
1783180090598 0.014454398304224014 5795
1783180090614 0.13702885806560516 5796
1783180090641 0.18451696634292603 5797
1783180090697 0.3347591757774353 5798
1783180090830 0.20190320909023285 5799
1783180090934 0.07376882433891296 5800
1783180090952 0.07963595539331436 5801
1783180091049 0.022332461550831795 5802
1783180091152 0.10698281973600388 5803
1783180091253 0.07008402049541473 5804
1783180091361 0.058566782623529434 5805
1783180091465 0.07320253551006317 5806
1783180091565 0.040515828877687454 5807
1783180091666 0.21491225063800812 5808
1783180091771 0.0018225304083898664 5809
1783180091876 0.11804134398698807 5810
1783180091978 0.019080424681305885 5811
1783180092086 0.06121593341231346 5812
1783180092191 0.012130885384976864 5813
1783180092290 0.15250714123249054 5814
1783180092347 0.02723369002342224 5815
1783180092420 0.011350487358868122 5816
1783180092435 0.06693483144044876 5817
1783180092459 0.22794456779956818 5818
1783180092464 0.09419739991426468 5819
1783180092475 0.020256314426660538 5820
1783180092479 0.17395412921905518 5821
1783180092484 0.21073375642299652 5822
1783180092489 0.03973864018917084 5823
1783180092498 0.13967576622962952 5824
1783180092511 0.02552166022360325 5825
1783180092518 0.013111840933561325 5826
1783180092523 0.030515680089592934 5827
1783180092529 0.06220601499080658 5828
1783180092535 0.0238837581127882 5829
1783180092547 0.0492696575820446 5830
1783180092635 0.05765198916196823 5831
1783180092715 0.012745209969580173 5832
1783180092720 0.15587104856967926 5833
1783180092808 0.007736362982541323 5834
1783180092911 0.11571218818426132 5835
1783180093010 0.21888568997383118 5836
1783180093108 0.04291404038667679 5837
1783180093175 0.08856146037578583 5838
1783180093194 0.06342136114835739 5839
1783180093223 0.1572301685810089 5840
1783180093230 0.4101668894290924 5841
1783180093247 0.11725424230098724 5842
1783180093253 0.16405339539051056 5843
1783180093266 0.14353162050247192 5844
1783180093279 0.08391773700714111 5845
1783180093285 0.06315477937459946 5846
1783180093293 0.006563364062458277 5847
1783180093305 0.19007207453250885 5848
1783180093324 0.18558521568775177 5849
1783180093333 0.010693149641156197 5850
1783180093351 0.07096945494413376 5851
1783180093359 0.16228629648685455 5852
1783180093382 0.06744638085365295 5853
1783180093412 0.05897000804543495 5854
1783180093418 0.24321407079696655 5855
1783180093427 0.036190662533044815 5856
1783180093529 0.009457272477447987 5857
1783180093631 0.06465716660022736 5858
1783180093733 0.07690569758415222 5859
1783180093819 0.11194823682308197 5860
1783180093824 0.03720616549253464 5861
1783180093831 0.19106683135032654 5862
1783180093837 0.07673497498035431 5863
1783180093843 0.04051162302494049 5864
1783180093849 0.0293307825922966 5865
1783180093854 0.050192009657621384 5866
1783180093861 0.022371526807546616 5867
1783180093874 0.07886594533920288 5868
1783180093879 0.04912197217345238 5869
1783180093893 0.12458516657352448 5870
1783180093922 0.5377311110496521 5871
1783180093932 0.10574715584516525 5872
1783180093935 0.08602579683065414 5873
1783180093941 0.014364374801516533 5874
1783180093944 0.2857227623462677 5875
1783180093948 0.03916294127702713 5876
1783180093951 0.013171517290174961 5877
1783180093954 0.0604221448302269 5878
1783180093960 0.1480485051870346 5879
1783180093968 0.23142924904823303 5880
1783180093975 0.06403149664402008 5881
1783180093981 0.023258449509739876 5882
1783180093987 0.07318981736898422 5883
1783180093996 0.07195194810628891 5884
1783180094005 0.09625139832496643 5885
1783180094010 0.18186655640602112 5886
1783180094016 0.022273529320955276 5887
1783180094023 0.08360280841588974 5888
1783180094028 0.0077220075763762 5889
1783180094034 0.08933903276920319 5890
1783180094074 0.018519653007388115 5891
1783180094100 0.02982773445546627 5892
1783180094118 0.038241855800151825 5893
1783180094134 0.17189250886440277 5894
1783180094144 0.006494945380836725 5895
1783180094151 0.027720659971237183 5896
1783180094157 0.06403470039367676 5897
1783180094164 0.17746149003505707 5898
1783180094169 0.05449867621064186 5899
1783180094181 0.017873693257570267 5900
1783180094187 0.07452210038900375 5901
1783180094194 0.010468623600900173 5902
1783180094200 0.029163246974349022 5903
1783180094221 0.005644090473651886 5904
1783180094227 0.28892382979393005 5905
1783180094281 0.010384730063378811 5906
1783180094359 0.03285739943385124 5907
1783180094457 0.02254478447139263 5908
1783180094522 0.14522497355937958 5909
1783180094534 0.09830509126186371 5910
1783180094553 0.004296218045055866 5911
1783180094578 0.028190597891807556 5912
1783180094597 0.0805153101682663 5913
1783180094637 0.10255219042301178 5914
1783180094751 0.0048057003878057 5915
1783180094848 0.11071375757455826 5916
1783180094953 0.19751514494419098 5917
1783180095051 0.05195555090904236 5918
1783180095155 0.10413158684968948 5919
1783180095257 0.05711749941110611 5920
1783180095364 0.14520376920700073 5921
1783180095473 0.30767232179641724 5922
1783180095574 0.09550083428621292 5923
1783180095674 0.009993616491556168 5924
1783180095776 0.030705545097589493 5925
1783180095878 0.09884348511695862 5926
1783180095978 0.07518741488456726 5927
1783180096081 0.13395804166793823 5928
1783180096183 0.002537265419960022 5929
1783180096286 0.1258448362350464 5930
1783180096391 0.23945651948451996 5931
1783180096488 0.12661457061767578 5932
1783180096593 0.2347135841846466 5933
1783180096696 0.06620749831199646 5934
1783180096802 0.06422846019268036 5935
1783180096904 0.09468700736761093 5936
1783180097005 0.04810845106840134 5937
1783180097111 0.042566701769828796 5938
1783180097210 0.06056753918528557 5939
1783180097317 0.06870997697114944 5940
1783180097417 0.047961752861738205 5941
1783180097525 0.017312102019786835 5942
1783180097570 0.005826930515468121 5943
1783180097591 0.011414874345064163 5944
1783180097596 0.010052855126559734 5945
1783180097697 0.08386510610580444 5946
1783180097738 0.031698595732450485 5947
1783180097780 0.2991026043891907 5948
1783180097805 0.01520403753966093 5949
1783180097853 0.07284998893737793 5950
1783180097878 0.020467722788453102 5951
1783180097909 0.037350818514823914 5952
1783180097915 0.2698183059692383 5953
1783180097920 0.0068432181142270565 5954
1783180097939 0.029707828536629677 5955
1783180097958 0.07068844884634018 5956
1783180097982 0.024480976164340973 5957
1783180097993 0.012604919262230396 5958
1783180098006 0.26104891300201416 5959
1783180098079 0.0930238738656044 5960
1783180098090 0.05371629819273949 5961
1783180098101 0.01300995796918869 5962
1783180098114 0.029350250959396362 5963
1783180098139 0.10451661795377731 5964
1783180098164 0.012619183398783207 5965
1783180098181 0.2223532348871231 5966
1783180098192 0.017005696892738342 5967
1783180098289 0.05378946661949158 5968
1783180098369 0.056118082255125046 5969
1783180098462 0.13192218542099 5970
1783180098562 0.16242621839046478 5971
1783180098598 0.05930245667695999 5972
1783180098609 0.02593822218477726 5973
1783180098619 0.0058698635548353195 5974
1783180098634 0.184227854013443 5975
1783180098685 0.030425533652305603 5976
1783180098714 0.06418152153491974 5977
1783180098815 0.0031973186414688826 5978
1783180098904 0.14776283502578735 5979
1783180099012 0.047860726714134216 5980
1783180099048 0.02690283954143524 5981
1783180099055 0.054938558489084244 5982
1783180099066 0.05838687717914581 5983
1783180099076 0.13398894667625427 5984
1783180099085 0.050887078046798706 5985
1783180099091 0.034064676612615585 5986
1783180099119 0.01880292221903801 5987
1783180099125 0.1517520695924759 5988
1783180099162 0.2089814990758896 5989
1783180099170 0.016095483675599098 5990
1783180099273 0.18477436900138855 5991
1783180099368 0.08286596834659576 5992
1783180099470 0.09446350485086441 5993
1783180099580 0.028093375265598297 5994
1783180099675 0.026090649887919426 5995
1783180099775 0.03599373996257782 5996
1783180099878 0.031229104846715927 5997
1783180099965 0.20176255702972412 5998
1783180100061 0.14674851298332214 5999
1783180100147 0.1916191279888153 6000
1783180100232 0.2564865052700043 6001
1783180100329 0.07329615950584412 6002
1783180100424 0.09913408756256104 6003
1783180100532 0.04186958074569702 6004
1783180100637 0.19295890629291534 6005
1783180100677 0.11977346241474152 6006
1783180100731 0.014615243300795555 6007
1783180100839 0.07585694640874863 6008
1783180100922 0.06968273967504501 6009
1783180100931 0.09700756520032883 6010
1783180100938 0.006611676421016455 6011
1783180100950 0.1800781786441803 6012
1783180100955 0.07484760135412216 6013
1783180100977 0.1631685495376587 6014
1783180100989 0.38825368881225586 6015
1783180100997 0.16906194388866425 6016
1783180101069 0.007226858753710985 6017
1783180101080 0.19052323698997498 6018
1783180101099 0.11172614246606827 6019
1783180101138 0.04300065338611603 6020
1783180101159 0.011260801926255226 6021
1783180101169 0.1361270546913147 6022
1783180101189 0.09945148974657059 6023
1783180101208 0.021175049245357513 6024
1783180101214 0.11051236838102341 6025
1783180101233 0.013071967288851738 6026
1783180101237 0.11846556514501572 6027
1783180101244 0.1446746438741684 6028
1783180101297 0.16169950366020203 6029
1783180101308 0.01703013852238655 6030
1783180101318 0.3205804228782654 6031
1783180101385 0.13936637341976166 6032
1783180101475 0.10210844874382019 6033
1783180101507 0.017251085489988327 6034
1783180101513 0.16449590027332306 6035
1783180101517 0.09149258583784103 6036
1783180101527 0.012977886945009232 6037
1783180101533 0.11393700540065765 6038
1783180101545 0.04459042847156525 6039
1783180101548 0.0851341113448143 6040
1783180101555 0.1627545803785324 6041
1783180101562 0.18605217337608337 6042
1783180101569 0.005582201760262251 6043
1783180101575 0.04948289692401886 6044
1783180101580 0.2528829872608185 6045
1783180101587 0.03556500002741814 6046
1783180101591 0.21662835776805878 6047
1783180101598 0.010059176944196224 6048
1783180101603 0.08694176375865936 6049
1783180101609 0.02595662698149681 6050
1783180101617 0.1295098066329956 6051
1783180101621 0.060255467891693115 6052
1783180101664 0.15490999817848206 6053
1783180101697 0.013772289268672466 6054
1783180101715 0.1660129278898239 6055
1783180101813 0.11273694783449173 6056
1783180101892 0.021300453692674637 6057
1783180101897 0.0369408018887043 6058
1783180101904 0.15356634557247162 6059
1783180101998 0.20617718994617462 6060
1783180102067 0.03446968272328377 6061
1783180102083 0.022448036819696426 6062
1783180102159 0.007257513236254454 6063
1783180102169 0.015280427411198616 6064
1783180102174 0.04486775025725365 6065
1783180102178 0.07895895838737488 6066
1783180102189 0.050661373883485794 6067
1783180102201 0.17492644488811493 6068
1783180102216 0.21801963448524475 6069
1783180102286 0.09711816161870956 6070
1783180102292 0.08185914903879166 6071
1783180102299 0.03783062472939491 6072
1783180102311 0.059386588633060455 6073
1783180102335 0.037094369530677795 6074
1783180102397 0.03843184560537338 6075
1783180102411 0.0918569266796112 6076
1783180102441 0.01604330539703369 6077
1783180102472 0.03298041224479675 6078
1783180102479 0.21452781558036804 6079
1783180102489 0.26784899830818176 6080
1783180102496 0.03146756812930107 6081
1783180102503 0.05469703674316406 6082
1783180102510 0.0949532687664032 6083
1783180102515 0.029431061819195747 6084
1783180102607 0.20962630212306976 6085
1783180102617 0.061563849449157715 6086
1783180102620 0.07164402306079865 6087
1783180102627 0.07533568143844604 6088
1783180102638 0.16888034343719482 6089
1783180102738 0.030496012419462204 6090
1783180102806 0.05718173086643219 6091
1783180102828 0.12690506875514984 6092
1783180102840 0.12318519502878189 6093
1783180102847 0.020179543644189835 6094
1783180102851 0.2025214284658432 6095
1783180102857 0.015631934627890587 6096
1783180102862 0.016961123794317245 6097
1783180102869 0.03260880708694458 6098
1783180102876 0.0654909759759903 6099
1783180102931 0.06198817864060402 6100
1783180103028 0.004967660643160343 6101
1783180103130 0.026957450434565544 6102
1783180103227 0.2753988802433014 6103
1783180103322 0.0059684752486646175 6104
1783180103451 0.09639131277799606 6105
1783180103562 0.2095448225736618 6106
1783180103662 0.3131874203681946 6107
1783180103766 0.3944796025753021 6108
1783180103864 0.019849926233291626 6109
1783180103959 0.11173136532306671 6110
1783180104054 0.0677567794919014 6111
1783180104116 0.19265776872634888 6112
1783180104132 0.07030276954174042 6113
1783180104157 0.13063126802444458 6114
1783180104162 0.05867689475417137 6115
1783180104234 0.07422371953725815 6116
1783180104246 0.03831978514790535 6117
1783180104257 0.10069400817155838 6118
1783180104277 0.07382557541131973 6119
1783180104283 0.031052060425281525 6120
1783180104300 0.03776070848107338 6121
1783180104306 0.034212108701467514 6122
1783180104311 0.11057335883378983 6123
1783180104318 0.006859200075268745 6124
1783180104324 0.1830388307571411 6125
1783180104330 0.14386920630931854 6126
1783180104336 0.08070676028728485 6127
1783180104341 0.0066444044932723045 6128
1783180104349 0.1498396396636963 6129
1783180104398 0.22369036078453064 6130
1783180104446 0.2321026623249054 6131
1783180104458 0.012919003143906593 6132
1783180104467 0.2269960343837738 6133
1783180104477 0.05352773889899254 6134
1783180104482 0.08388836681842804 6135
1783180104500 0.19704949855804443 6136
1783180104506 0.10265800356864929 6137
1783180104512 0.2986706495285034 6138
1783180104518 0.08173467963933945 6139
1783180104524 0.1891734004020691 6140
1783180104530 0.17587332427501678 6141
1783180104536 0.0795569196343422 6142
1783180104543 0.3153611123561859 6143
1783180104548 0.2578231394290924 6144
1783180104582 0.03151162713766098 6145
1783180104607 0.09472936391830444 6146
1783180104613 0.2165214866399765 6147
1783180104618 0.031161721795797348 6148
1783180104624 0.1260794848203659 6149
1783180104630 0.07662191987037659 6150
1783180104635 0.20391584932804108 6151
1783180104643 0.28565728664398193 6152
1783180104649 0.1662268042564392 6153
1783180104663 0.02349100634455681 6154
1783180104672 0.12063837796449661 6155
1783180104683 0.04902781918644905 6156
1783180104688 0.26166093349456787 6157
1783180104799 0.08784531056880951 6158
1783180104893 0.08368442952632904 6159
1783180104992 0.17556984722614288 6160
1783180105095 0.053070295602083206 6161
1783180105187 0.10124895721673965 6162
1783180105286 0.018229642882943153 6163
1783180105362 0.09737197309732437 6164
1783180105368 0.3074396550655365 6165
1783180105374 0.22257907688617706 6166
1783180105381 0.47199374437332153 6167
1783180105386 0.02514341101050377 6168
1783180105406 0.12361977994441986 6169
1783180105419 0.00282995100133121 6170
1783180105425 0.0780598372220993 6171
1783180105442 0.26427292823791504 6172
1783180105451 0.14843015372753143 6173
1783180105461 0.0315847285091877 6174
1783180105474 0.3083207309246063 6175
1783180105486 0.07912175357341766 6176
1783180105496 0.09390556067228317 6177
1783180105506 0.1531405746936798 6178
1783180105515 0.12961700558662415 6179
1783180105523 0.016391562297940254 6180
1783180105530 0.24425549805164337 6181
1783180105536 0.019015468657016754 6182
1783180105544 0.21688605844974518 6183
1783180105562 0.00523854186758399 6184
1783180105580 0.1334066390991211 6185
1783180105593 0.09787808358669281 6186
1783180105604 0.017985990270972252 6187
1783180105652 0.05509544909000397 6188
1783180105662 0.024937056005001068 6189
1783180105678 0.16496898233890533 6190
1783180105691 0.03695783391594887 6191
1783180105701 0.05864883214235306 6192
1783180105712 0.04113365709781647 6193
1783180105718 0.01624877192080021 6194
1783180105725 0.012894554995000362 6195
1783180105737 0.025940066203475 6196
1783180105744 0.14502279460430145 6197
1783180105751 0.0043642097152769566 6198
1783180105755 0.2506869435310364 6199
1783180105761 0.1899716556072235 6200
1783180105768 0.12154951691627502 6201
1783180105773 0.09759598225355148 6202
1783180105779 0.04801222309470177 6203
1783180105785 0.25499483942985535 6204
1783180105791 0.17445780336856842 6205
1783180105797 0.06218287721276283 6206
1783180105803 0.08181224763393402 6207
1783180105809 0.006968488451093435 6208
1783180105815 0.07627113163471222 6209
1783180105821 0.018036572262644768 6210
1783180105827 0.17364180088043213 6211
1783180105835 0.005796101875603199 6212
1783180105840 0.18300193548202515 6213
1783180105845 0.030936595052480698 6214
1783180105852 0.08703668415546417 6215
1783180105857 0.48565733432769775 6216
1783180105864 0.08347021788358688 6217
1783180105869 0.019474230706691742 6218
1783180105875 0.029084395617246628 6219
1783180105881 0.27416732907295227 6220
1783180105887 0.09968115389347076 6221
1783180105893 0.07108436524868011 6222
1783180105901 0.03896118700504303 6223
1783180105905 0.07736815512180328 6224
1783180105911 0.04954946041107178 6225
1783180105918 0.12596142292022705 6226
1783180105921 0.14168164134025574 6227
1783180106011 0.1255338191986084 6228
1783180106112 0.09142307937145233 6229
1783180106208 0.17283259332180023 6230
1783180106309 0.30585694313049316 6231
1783180106406 0.014442809857428074 6232
1783180106503 0.04998738318681717 6233
1783180106600 0.08988309651613235 6234
1783180106666 0.038922376930713654 6235
1783180106673 0.0568469762802124 6236
1783180106681 0.06790491193532944 6237
1783180106688 0.11758841574192047 6238
1783180106702 0.1090654656291008 6239
1783180106707 0.15579773485660553 6240
1783180106714 0.051972147077322006 6241
1783180106719 0.023709118366241455 6242
1783180106725 0.04895348101854324 6243
1783180106736 0.11491052806377411 6244
1783180106743 0.023422807455062866 6245
1783180106747 0.008035351522266865 6246
1783180106754 0.10413236171007156 6247
1783180106760 0.02031058445572853 6248
1783180106766 0.009316354990005493 6249
1783180106772 0.1058185026049614 6250
1783180106777 0.08897146582603455 6251
1783180106780 0.07218793034553528 6252
1783180106787 0.24421176314353943 6253
1783180106790 0.03934122249484062 6254
1783180106794 0.09798736125230789 6255
1783180106797 0.07779660820960999 6256
1783180106802 0.17792950570583344 6257
1783180106806 0.018335353583097458 6258
1783180106809 0.02691270411014557 6259
1783180106820 0.05274675041437149 6260
1783180106824 0.2151644229888916 6261
1783180106829 0.10328952968120575 6262
1783180106836 0.062101416289806366 6263
1783180106848 0.07458997517824173 6264
1783180106854 0.23768232762813568 6265
1783180106860 0.09572740644216537 6266
1783180106866 0.0626179426908493 6267
1783180106872 0.02462729439139366 6268
1783180106877 0.08447489887475967 6269
1783180106884 0.07358063757419586 6270
1783180106890 0.0968695804476738 6271
1783180106895 0.24257633090019226 6272
1783180106904 0.2959870398044586 6273
1783180106908 0.08241146057844162 6274
1783180106911 0.4554380476474762 6275
1783180106915 0.034048184752464294 6276
1783180106918 0.07413268089294434 6277
1783180106922 0.10595065355300903 6278
1783180106926 0.020407984033226967 6279
1783180106930 0.16394300758838654 6280
1783180106937 0.059002652764320374 6281
1783180106943 0.043182261288166046 6282
1783180106948 0.09202436357736588 6283
1783180106955 0.1257103979587555 6284
1783180106960 0.10545988380908966 6285
1783180106966 0.04501764476299286 6286
1783180107044 0.0827982947230339 6287
1783180107052 0.007894820533692837 6288
1783180107067 0.037264134734869 6289
1783180107082 0.08976995944976807 6290
1783180107092 0.022285018116235733 6291
1783180107098 0.10923606902360916 6292
1783180107111 0.2295699268579483 6293
1783180107121 0.04594513773918152 6294
1783180107129 0.06485766917467117 6295
1783180107143 0.010647823102772236 6296
1783180107151 0.19784285128116608 6297
1783180107156 0.11818982660770416 6298
1783180107258 0.01237446814775467 6299
1783180107356 0.010986854322254658 6300
1783180107454 0.5157949328422546 6301
1783180107548 0.023314451798796654 6302
1783180107638 0.038489654660224915 6303
1783180107708 0.22509382665157318 6304
1783180107735 0.05865968391299248 6305
1783180107741 0.006311365403234959 6306
1783180107746 0.18288195133209229 6307
1783180107757 0.13547006249427795 6308
1783180107764 0.011221213266253471 6309
1783180107771 0.011435899883508682 6310
1783180107776 0.10943423211574554 6311
1783180107781 0.1228761225938797 6312
1783180107846 0.00820925459265709 6313
1783180107869 0.18276844918727875 6314
1783180107887 0.2534579336643219 6315
1783180107898 0.05117122828960419 6316
1783180107911 0.03643428161740303 6317
1783180107948 0.09892677515745163 6318
1783180108008 0.12433943152427673 6319
1783180108043 0.10260637104511261 6320
1783180108055 0.1782422810792923 6321
1783180108062 0.045002833008766174 6322
1783180108067 0.2541801929473877 6323
1783180108080 0.18165169656276703 6324
1783180108093 0.05391661077737808 6325
1783180108100 0.011142535135149956 6326
1783180108106 0.0184013731777668 6327
1783180108116 0.03472636640071869 6328
1783180108145 0.23356017470359802 6329
1783180108246 0.14712876081466675 6330
1783180108284 0.07335103303194046 6331
1783180108300 0.16033203899860382 6332
1783180108368 0.01329286489635706 6333
1783180108416 0.11135978251695633 6334
1783180108423 0.04584767669439316 6335
1783180108437 0.045549094676971436 6336
1783180108444 0.01245786715298891 6337
1783180108538 0.06022446230053902 6338
1783180108582 0.004705080762505531 6339
1783180108587 0.18924294412136078 6340
1783180108594 0.054840609431266785 6341
1783180108599 0.27815401554107666 6342
1783180108608 0.16521866619586945 6343
1783180108617 0.008280904963612556 6344
1783180108623 0.12045428156852722 6345
1783180108629 0.21978320181369781 6346
1783180108674 0.060631733387708664 6347
1783180108680 0.041207633912563324 6348
1783180108684 0.043926920741796494 6349
1783180108690 0.09786704927682877 6350
1783180108697 0.027996726334095 6351
1783180108746 0.12276063114404678 6352
1783180108767 0.049770500510931015 6353
1783180108778 0.02934577688574791 6354
1783180108800 0.05335263907909393 6355
1783180108806 0.04625730961561203 6356
1783180108812 0.07423824816942215 6357
1783180108818 0.12186042964458466 6358
1783180108824 0.04723102226853371 6359
1783180108917 0.10851985961198807 6360
1783180109017 0.07770820707082748 6361
1783180109112 0.08631376177072525 6362
1783180109154 0.04530607536435127 6363
1783180109256 0.03829281032085419 6364
1783180109360 0.01467482466250658 6365
1783180109461 0.009509362280368805 6366
1783180109473 0.04117254912853241 6367
1783180109479 0.15570974349975586 6368
1783180109484 0.13030514121055603 6369
1783180109490 0.020962418988347054 6370
1783180109500 0.09492854028940201 6371
1783180109568 0.03290387615561485 6372
1783180109575 0.06291760504245758 6373
1783180109581 0.06543964147567749 6374
1783180109593 0.09913809597492218 6375
1783180109599 0.005531361326575279 6376
1783180109605 0.1628001481294632 6377
1783180109611 0.11614028364419937 6378
1783180109617 0.4389987587928772 6379
1783180109623 0.21358923614025116 6380
1783180109630 0.03095247782766819 6381
1783180109636 0.08082020282745361 6382
1783180109642 0.026857981458306313 6383
1783180109647 0.02811277285218239 6384
1783180109653 0.21892522275447845 6385
1783180109659 0.031603045761585236 6386
1783180109665 0.22517529129981995 6387
1783180109682 0.01402644719928503 6388
1783180109713 0.12886075675487518 6389
1783180109812 0.0578160397708416 6390
1783180109863 0.005643573123961687 6391
1783180109926 0.049771226942539215 6392
1783180109938 0.05670659616589546 6393
1783180109956 0.049539580941200256 6394
1783180109962 0.02867901511490345 6395
1783180109972 0.03835047036409378 6396
1783180109998 0.005265059880912304 6397
1783180110011 0.042842376977205276 6398
1783180110030 0.1052674800157547 6399
1783180110130 0.05864490196108818 6400
1783180110153 0.039250366389751434 6401
1783180110213 0.05414348468184471 6402
1783180110237 0.13915133476257324 6403
1783180110243 0.02842095121741295 6404
1783180110248 0.01535044889897108 6405
1783180110304 0.14992210268974304 6406
1783180110334 0.02079581841826439 6407
1783180110432 0.0029536960646510124 6408
1783180110482 0.15719947218894958 6409
1783180110585 0.029754165560007095 6410
1783180110691 0.2840629518032074 6411
1783180110797 0.07313451170921326 6412
1783180110894 0.07420913130044937 6413
1783180110991 0.03216477110981941 6414
1783180111083 0.13163027167320251 6415
1783180111098 0.004285747185349464 6416
1783180111107 0.16327902674674988 6417
1783180111118 0.05527011677622795 6418
1783180111190 0.04851486533880234 6419
1783180111240 0.039850279688835144 6420
1783180111260 0.03373192623257637 6421
1783180111358 0.3731845021247864 6422
1783180111438 0.08299094438552856 6423
1783180111455 0.07971414178609848 6424
1783180111473 0.4796697199344635 6425
1783180111478 0.020614763721823692 6426
1783180111485 0.011276265606284142 6427
1783180111562 0.3090614676475525 6428
1783180111578 0.04281756654381752 6429
1783180111612 0.03834622725844383 6430
1783180111647 0.006902177818119526 6431
1783180111715 0.25887665152549744 6432
1783180111749 0.010096164420247078 6433
1783180111756 0.1822623610496521 6434
1783180111761 0.030178453773260117 6435
1783180111795 0.061550986021757126 6436
1783180111801 0.11731355637311935 6437
1783180111806 0.1140618771314621 6438
1783180111813 0.00891687162220478 6439
1783180111820 0.14313584566116333 6440
1783180111825 0.026241635903716087 6441
1783180111831 0.04403102770447731 6442
1783180111838 0.15704631805419922 6443
1783180111844 0.35045236349105835 6444
1783180111849 0.0210577379912138 6445
1783180111856 0.011270353570580482 6446
1783180111861 0.045579515397548676 6447
1783180111866 0.024406058713793755 6448
1783180111871 0.02483263611793518 6449
1783180111875 0.015799229964613914 6450
1783180111878 0.048951681703329086 6451
1783180111882 0.15042535960674286 6452
1783180111886 0.033066652715206146 6453
1783180111889 0.38049063086509705 6454
1783180111893 0.0268641896545887 6455
1783180111896 0.005809133872389793 6456
1783180111900 0.0929904356598854 6457
1783180111905 0.07113002985715866 6458
1783180111910 0.0253651961684227 6459
1783180111914 0.10763417184352875 6460
1783180111922 0.02832859940826893 6461
1783180111929 0.2588779330253601 6462
1783180112005 0.034529633820056915 6463
1783180112012 0.12621791660785675 6464
1783180112018 0.010301835834980011 6465
1783180112023 0.1547825038433075 6466
1783180112029 0.05290912836790085 6467
1783180112034 0.013927187770605087 6468
1783180112044 0.11474379897117615 6469
1783180112050 0.05748452618718147 6470
1783180112056 0.006950281094759703 6471
1783180112065 0.01489806268364191 6472
1783180112072 0.053906626999378204 6473
1783180112090 0.3230148255825043 6474
1783180112174 0.10024067014455795 6475
1783180112201 0.028577541932463646 6476
1783180112209 0.03711268678307533 6477
1783180112214 0.02041119895875454 6478
1783180112225 0.1636127233505249 6479
1783180112233 0.07839037477970123 6480
1783180112240 0.01004469022154808 6481
1783180112244 0.015018726699054241 6482
1783180112250 0.004507618956267834 6483
1783180112256 0.3786028325557709 6484
1783180112268 0.010407846421003342 6485
1783180112275 0.14258649945259094 6486
1783180112280 0.03317874297499657 6487
1783180112286 0.01609986461699009 6488
1783180112312 0.15207679569721222 6489
1783180112320 0.29114216566085815 6490
1783180112324 0.06426436454057693 6491
1783180112329 0.030607961118221283 6492
1783180112347 0.18578772246837616 6493
1783180112359 0.10332459956407547 6494
1783180112371 0.043607812374830246 6495
1783180112471 0.13144296407699585 6496
1783180112564 0.059448666870594025 6497
1783180112571 0.05994813144207001 6498
1783180112577 0.22016605734825134 6499
1783180112581 0.1454777717590332 6500
1783180112596 0.01723497360944748 6501
1783180112613 0.005834776442497969 6502
1783180112710 0.1007087454199791 6503
1783180112812 0.23317177593708038 6504
1783180112920 0.09481727331876755 6505
1783180113024 0.007372679654508829 6506
1783180113129 0.013948089443147182 6507
1783180113234 0.02302415296435356 6508
1783180113340 0.14384284615516663 6509
1783180113446 0.05561944842338562 6510
1783180113548 0.007240516133606434 6511
1783180113635 0.138137087225914 6512
1783180113723 0.10930219292640686 6513
1783180113759 0.07589690387248993 6514
1783180113768 0.14330759644508362 6515
1783180113796 0.008392163552343845 6516
1783180113889 0.031490206718444824 6517
1783180113989 0.04903382062911987 6518
1783180114018 0.050484806299209595 6519
1783180114037 0.30127739906311035 6520
1783180114054 0.034489698708057404 6521
1783180114060 0.24716924130916595 6522
1783180114178 0.06242235004901886 6523
1783180114283 0.044962573796510696 6524
1783180114378 0.02211177721619606 6525
1783180114451 0.11617297679185867 6526
1783180114463 0.005065047647804022 6527
1783180114467 0.14818717539310455 6528
1783180114472 0.2937983274459839 6529
1783180114478 0.05147845298051834 6530
1783180114484 0.013649934902787209 6531
1783180114495 0.1436450481414795 6532
1783180114582 0.11639398336410522 6533
1783180114684 0.13775502145290375 6534
1783180114786 0.11411543935537338 6535
1783180114885 0.03996378928422928 6536
1783180114988 0.005333985202014446 6537
1783180115088 0.17665153741836548 6538
1783180115185 0.030477793887257576 6539
1783180115291 0.03939325362443924 6540
1783180115386 0.05436500534415245 6541
1783180115489 0.024035468697547913 6542
1783180115591 0.020590392872691154 6543
1783180115697 0.15467040240764618 6544
1783180115798 0.2616802453994751 6545
1783180115897 0.0824066698551178 6546
1783180115999 0.014766941778361797 6547
1783180116095 0.0679037868976593 6548
1783180116193 0.30894801020622253 6549
1783180116299 0.3519413471221924 6550
1783180116394 0.13371175527572632 6551
1783180116505 0.10519935190677643 6552
1783180116606 0.06926053762435913 6553
1783180116702 0.14307883381843567 6554
1783180116805 0.07118192315101624 6555
1783180116894 0.06373967975378036 6556
1783180116989 0.2612728178501129 6557
1783180117090 0.031693339347839355 6558
1783180117188 0.01874680444598198 6559
1783180117286 0.017742732539772987 6560
1783180117369 0.08981527388095856 6561
1783180117459 0.0060792644508183 6562
1783180117547 0.15050002932548523 6563
1783180117635 0.02224007621407509 6564
1783180117733 0.04353758692741394 6565
1783180117828 0.009151090867817402 6566
1783180117917 0.010288432240486145 6567
1783180118010 0.026626650243997574 6568
1783180118095 0.18929509818553925 6569
1783180118182 0.15782269835472107 6570
1783180118276 0.01519671082496643 6571
1783180118378 0.2210346758365631 6572
1783180118488 0.04381503164768219 6573
1783180118591 0.11727989464998245 6574
1783180118694 0.07486754655838013 6575
1783180118820 0.039157684892416 6576
1783180118920 0.09737790375947952 6577
1783180119026 0.0127771170809865 6578
1783180119127 0.04317167028784752 6579
1783180119218 0.04822729527950287 6580
1783180119331 0.046510107815265656 6581
1783180119431 0.07106073200702667 6582
1783180119536 0.04636615142226219 6583
1783180119641 0.4829235374927521 6584
1783180119740 0.003664796007797122 6585
1783180119842 0.08412112295627594 6586
1783180119943 0.27344995737075806 6587
1783180120044 0.3083467185497284 6588
1783180120141 0.059446658939123154 6589
1783180120249 0.015797777101397514 6590
1783180120352 0.3051678538322449 6591
1783180120464 0.011091746389865875 6592
1783180120562 0.1599942147731781 6593
1783180120663 0.02853531949222088 6594
1783180120753 0.19377155601978302 6595
1783180120820 0.08325304090976715 6596
1783180120838 0.06038075312972069 6597
1783180120851 0.06564807891845703 6598
1783180120951 0.1542847901582718 6599
1783180121019 0.09703666716814041 6600
1783180121049 0.014515784569084644 6601
1783180121093 0.15821267664432526 6602
1783180121104 0.028674889355897903 6603
1783180121110 0.09418360143899918 6604
1783180121128 0.12200473994016647 6605
1783180121144 0.03521391749382019 6606
1783180121243 0.019864292815327644 6607
1783180121325 0.05812108889222145 6608
1783180121423 0.0480726882815361 6609
1783180121521 0.21928367018699646 6610
1783180121624 0.2657127380371094 6611
1783180121728 0.08359276503324509 6612
1783180121810 0.18476946651935577 6613
1783180121919 0.026624254882335663 6614
1783180122024 0.1985340565443039 6615
1783180122126 0.15518905222415924 6616
1783180122223 0.223766028881073 6617
1783180122332 0.011786858551204205 6618
1783180122433 0.012908663600683212 6619
1783180122523 0.2063063681125641 6620
1783180122625 0.20297440886497498 6621
1783180122723 0.005251183640211821 6622
1783180122824 0.08500281721353531 6623
1783180122923 0.04342424124479294 6624
1783180123022 0.015278304927051067 6625
1783180123121 0.09835055470466614 6626
1783180123215 0.03314017876982689 6627
1783180123317 0.47405731678009033 6628
1783180123425 0.18958353996276855 6629
1783180123511 0.06354787945747375 6630
1783180123609 0.05165579542517662 6631
1783180123696 0.2748287320137024 6632
1783180123785 0.11399474740028381 6633
1783180123887 0.035543035715818405 6634
1783180123950 0.015382438898086548 6635
1783180124003 0.20729146897792816 6636
1783180124020 0.1426691710948944 6637
1783180124070 0.2733633816242218 6638
1783180124076 0.014801915735006332 6639
1783180124174 0.05563027784228325 6640
1783180124230 0.1274731457233429 6641
1783180124341 0.0177153330296278 6642
1783180124436 0.13538451492786407 6643
1783180124540 0.12306051701307297 6644
1783180124636 0.13987717032432556 6645
1783180124742 0.07423383742570877 6646
1783180124865 0.023422831669449806 6647
1783180125000 0.017443129792809486 6648
1783180125111 0.05370226502418518 6649
1783180125214 0.18970641493797302 6650
1783180125310 0.020137300714850426 6651
1783180125415 0.008262215182185173 6652
1783180125516 0.009473077021539211 6653
1783180125621 0.021711794659495354 6654
1783180125724 0.021148720756173134 6655
1783180125836 0.030681829899549484 6656
1783180125943 0.23822760581970215 6657
1783180126061 0.1542411744594574 6658
1783180126172 0.03838850185275078 6659
1783180126275 0.03556235507130623 6660
1783180126375 0.04369215667247772 6661
1783180126476 0.14530612528324127 6662
1783180126572 0.025261888280510902 6663
1783180126641 0.10051074624061584 6664
1783180126652 0.04654261842370033 6665
1783180126698 0.061463527381420135 6666
1783180126718 0.06958633661270142 6667
1783180126724 0.10800676792860031 6668
1783180126730 0.06236429139971733 6669
1783180126735 0.08457376062870026 6670
1783180126741 0.02162976935505867 6671
1783180126747 0.011024520732462406 6672
1783180126757 0.05385839194059372 6673
1783180126762 0.2649953067302704 6674
1783180126773 0.010651914402842522 6675
1783180126780 0.02618657425045967 6676
1783180126791 0.00824242364615202 6677
1783180126800 0.09687809646129608 6678
1783180126811 0.261576771736145 6679
1783180126830 0.06502409279346466 6680
1783180126836 0.009174119681119919 6681
1783180126847 0.005140669643878937 6682
1783180126854 0.025003856047987938 6683
1783180126860 0.08337900042533875 6684
1783180126870 0.06475630402565002 6685
1783180126876 0.03565448150038719 6686
1783180126950 0.12722022831439972 6687
1783180127055 0.1952657848596573 6688
1783180127080 0.04570544511079788 6689
1783180127101 0.006781947333365679 6690
1783180127114 0.1850787252187729 6691
1783180127124 0.13181814551353455 6692
1783180127131 0.035162296146154404 6693
1783180127137 0.12757174670696259 6694
1783180127144 0.10357890278100967 6695
1783180127150 0.09798679500818253 6696
1783180127154 0.107114776968956 6697
1783180127160 0.06345383822917938 6698
1783180127260 0.023378636687994003 6699
1783180127325 0.016886504366993904 6700
1783180127334 0.1298171877861023 6701
1783180127342 0.07096270471811295 6702
1783180127350 0.023122750222682953 6703
1783180127356 0.014606508426368237 6704
1783180127361 0.01772334985435009 6705
1783180127403 0.005939583759754896 6706
1783180127410 0.04773957282304764 6707
1783180127422 0.03371040150523186 6708
1783180127434 0.060507845133543015 6709
1783180127474 0.020835546776652336 6710
1783180127558 0.013243420980870724 6711
1783180127583 0.1526426076889038 6712
1783180127594 0.2472931146621704 6713
1783180127620 0.11922678351402283 6714
1783180127650 0.10860257595777512 6715
1783180127682 0.06758926808834076 6716
1783180127692 0.005415771622210741 6717
1783180127726 0.016638418659567833 6718
1783180127820 0.13857628405094147 6719
1783180127839 0.018648725003004074 6720
1783180127874 0.03213125094771385 6721
1783180127926 0.15690557658672333 6722
1783180127931 0.3704530894756317 6723
1783180127937 0.19692681729793549 6724
1783180127946 0.00374819478020072 6725
1783180127955 0.28017401695251465 6726
1783180127961 0.05489306524395943 6727
1783180127967 0.03426208719611168 6728
1783180127978 0.076309934258461 6729
1783180127986 0.029798759147524834 6730
1783180127990 0.18410085141658783 6731
1783180128014 0.0030822064727544785 6732
1783180128031 0.022496551275253296 6733
1783180128137 0.03287767618894577 6734
1783180128245 0.06720777601003647 6735
1783180128345 0.21505206823349 6736
1783180128429 0.1353614628314972 6737
1783180128435 0.01953830197453499 6738
1783180128446 0.051446206867694855 6739
1783180128454 0.05056797340512276 6740
1783180128459 0.007761894725263119 6741
1783180128556 0.05830114707350731 6742
1783180128659 0.2059059739112854 6743
1783180128755 0.0056733968667685986 6744
1783180128858 0.09638482332229614 6745
1783180128897 0.016551895067095757 6746
1783180128906 0.10793262720108032 6747
1783180129008 0.06373858451843262 6748
1783180129111 0.043802738189697266 6749
1783180129213 0.03287668526172638 6750
1783180129313 0.17054572701454163 6751
1783180129341 0.047453224658966064 6752
1783180129348 0.2759944796562195 6753
1783180129359 0.07201242446899414 6754
1783180129373 0.03560229763388634 6755
1783180129377 0.11196459084749222 6756
1783180129475 0.19371646642684937 6757
1783180129579 0.1386030614376068 6758
1783180129681 0.003352787345647812 6759
1783180129693 0.059549055993556976 6760
1783180129718 0.12387249618768692 6761
1783180129801 0.07524693012237549 6762
1783180129814 0.06880471110343933 6763
1783180129819 0.02383481338620186 6764
1783180129837 0.13889211416244507 6765
1783180129844 0.02515580877661705 6766
1783180129891 0.07339136302471161 6767
1783180129897 0.2162574678659439 6768
1783180129908 0.23541387915611267 6769
1783180129914 0.25183236598968506 6770
1783180129919 0.09004571288824081 6771
1783180130021 0.10194964706897736 6772
1783180130121 0.07136911898851395 6773
1783180130225 0.1547185629606247 6774
1783180130326 0.04323973134160042 6775
1783180130430 0.07882414758205414 6776
1783180130501 0.10642202943563461 6777
1783180130602 0.21871589124202728 6778
1783180130615 0.10943436622619629 6779
1783180130627 0.049124207347631454 6780
1783180130723 0.03074028342962265 6781
1783180130729 0.16246722638607025 6782
1783180130735 0.01691577583551407 6783
1783180130740 0.13450556993484497 6784
1783180130747 0.06332167983055115 6785
1783180130752 0.19343256950378418 6786
1783180130763 0.14782758057117462 6787
1783180130859 0.006015127059072256 6788
1783180130889 0.137139692902565 6789
1783180130900 0.08133004605770111 6790
1783180130913 0.14302359521389008 6791
1783180130922 0.3337341845035553 6792
1783180130979 0.025580869987607002 6793
1783180131018 0.07125625014305115 6794
1783180131066 0.07344038784503937 6795
1783180131088 0.0527980774641037 6796
1783180131200 0.10633094608783722 6797
1783180131378 0.22589273750782013 6798
1783180131484 0.14155079424381256 6799
1783180131616 0.030603621155023575 6800
1783180131659 0.15629248321056366 6801
1783180131699 0.11144443601369858 6802
1783180131768 0.10256169736385345 6803
1783180131792 0.17062106728553772 6804
1783180131850 0.12440574169158936 6805
1783180131862 0.0427587516605854 6806
1783180131871 0.024517003446817398 6807
1783180131892 0.34129399061203003 6808
1783180131919 0.07339748740196228 6809
1783180131977 0.1398511826992035 6810
1783180132087 0.1318366825580597 6811
1783180132112 0.05158235505223274 6812
1783180132209 0.009422531351447105 6813
1783180132237 0.1014607697725296 6814
1783180132246 0.07576796412467957 6815
1783180132254 0.0627669245004654 6816
1783180132260 0.12190919369459152 6817
1783180132266 0.2608175575733185 6818
1783180132276 0.11498674005270004 6819
1783180132286 0.13934114575386047 6820
1783180132383 0.09198318421840668 6821
1783180132485 0.06327800452709198 6822
1783180132582 0.23013187944889069 6823
1783180132684 0.04113170877099037 6824
1783180132797 0.16926530003547668 6825
1783180132903 0.02987923100590706 6826
1783180133005 0.055886562913656235 6827
1783180133107 0.13647671043872833 6828
1783180133205 0.08573830872774124 6829
1783180133302 0.05830090492963791 6830
1783180133402 0.09530910849571228 6831
1783180133504 0.03344983235001564 6832
1783180133608 0.36136916279792786 6833
1783180133708 0.03945137932896614 6834
1783180133805 0.025230728089809418 6835
1783180133910 0.045821864157915115 6836
1783180134012 0.023628348484635353 6837
1783180134112 0.05407361686229706 6838
1783180134212 0.028935223817825317 6839
1783180134252 0.07354150712490082 6840
1783180134258 0.2760906517505646 6841
1783180134262 0.18975830078125 6842
1783180134269 0.03510235995054245 6843
1783180134275 0.026151975616812706 6844
1783180134281 0.008543905802071095 6845
1783180134298 0.11574302613735199 6846
1783180134309 0.02313237637281418 6847
1783180134318 0.1435580551624298 6848
1783180134329 0.07136504352092743 6849
1783180134336 0.1859290599822998 6850
1783180134440 0.0244815144687891 6851
1783180134545 0.008724221028387547 6852
1783180134657 0.007773575372993946 6853
1783180134756 0.06143835932016373 6854
1783180134864 0.06144294887781143 6855
1783180134970 0.1611682027578354 6856
1783180135070 0.011003721505403519 6857
1783180135169 0.007503720931708813 6858
1783180135184 0.12018756568431854 6859
1783180135196 0.024288631975650787 6860
1783180135207 0.2492835968732834 6861
1783180135217 0.06532429903745651 6862
1783180135224 0.29411184787750244 6863
1783180135230 0.15817005932331085 6864
1783180135238 0.03953012079000473 6865
1783180135250 0.04038751870393753 6866
1783180135261 0.012308215722441673 6867
1783180135331 0.010292750783264637 6868
1783180135336 0.20963983237743378 6869
1783180135349 0.06920348852872849 6870
1783180135355 0.016121305525302887 6871
1783180135366 0.20645181834697723 6872
1783180135389 0.1167101114988327 6873
1783180135451 0.26744455099105835 6874
1783180135468 0.20206594467163086 6875
1783180135481 0.021147632971405983 6876
1783180135490 0.31426703929901123 6877
1783180135499 0.22922079265117645 6878
1783180135517 0.004347075708210468 6879
1783180135533 0.0382278673350811 6880
1783180135542 0.13905371725559235 6881
1783180135566 0.027150701731443405 6882
1783180135570 0.24603474140167236 6883
1783180135575 0.3382919430732727 6884
1783180135581 0.008221518248319626 6885
1783180135601 0.17955370247364044 6886
1783180135608 0.024600204080343246 6887
1783180135627 0.34718939661979675 6888
1783180135638 0.007185472175478935 6889
1783180135649 0.004522097297012806 6890
1783180135719 0.1602056324481964 6891
1783180135768 0.2551696002483368 6892
1783180135874 0.06965451687574387 6893
1783180135956 0.0677688792347908 6894
1783180136050 0.1568777710199356 6895
1783180136139 0.17512106895446777 6896
1783180136202 0.05281730368733406 6897
1783180136208 0.056854166090488434 6898
1783180136216 0.005071460269391537 6899
1783180136232 0.03732502833008766 6900
1783180136238 0.2934257984161377 6901
1783180136244 0.19161874055862427 6902
1783180136256 0.036662936210632324 6903
1783180136263 0.1330825388431549 6904
1783180136274 0.17298607528209686 6905
1783180136284 0.48399320244789124 6906
1783180136290 0.009387306869029999 6907
1783180136298 0.2226216048002243 6908
1783180136302 0.36954936385154724 6909
1783180136308 0.15565332770347595 6910
1783180136314 0.010888746939599514 6911
1783180136320 0.1266462206840515 6912
1783180136332 0.05244746431708336 6913
1783180136339 0.17097565531730652 6914
1783180136350 0.027496986091136932 6915
1783180136358 0.12352883815765381 6916
1783180136374 0.21613486111164093 6917
1783180136379 0.06517170369625092 6918
1783180136388 0.12819457054138184 6919
1783180136397 0.028491096571087837 6920
1783180136412 0.05111134052276611 6921
1783180136418 0.09780996292829514 6922
1783180136422 0.09076042473316193 6923
1783180136428 0.07267194986343384 6924
1783180136433 0.002850731834769249 6925
1783180136461 0.018204445019364357 6926
1783180136471 0.06451407074928284 6927
1783180136493 0.10818702727556229 6928
1783180136516 0.025081701576709747 6929
1783180136581 0.009155185893177986 6930
1783180136686 0.04365747794508934 6931
1783180136785 0.1911223977804184 6932
1783180136819 0.007599559146910906 6933
1783180136918 0.0493953712284565 6934
1783180137019 0.034715551882982254 6935
1783180137051 0.22428610920906067 6936
1783180137144 0.08957917243242264 6937
1783180137198 0.12350292503833771 6938
1783180137210 0.17474040389060974 6939
1783180137222 0.16254110634326935 6940
1783180137315 0.08237568289041519 6941
1783180137428 0.05743739381432533 6942
1783180137527 0.01390279270708561 6943
1783180137625 0.017935195937752724 6944
1783180137669 0.08692222833633423 6945
1783180137763 0.2792721092700958 6946
1783180137859 0.16106705367565155 6947
1783180137877 0.13793839514255524 6948
1783180137885 0.057972781360149384 6949
1783180137915 0.04925554618239403 6950
1783180138017 0.09404595196247101 6951
1783180138036 0.05045751854777336 6952
1783180138139 0.10514182597398758 6953
1783180138238 0.0328623466193676 6954
1783180138335 0.0590209886431694 6955
1783180138370 0.0545085147023201 6956
1783180138389 0.26310768723487854 6957
1783180138491 0.11743646115064621 6958
1783180138514 0.17498809099197388 6959
1783180138546 0.2476375848054886 6960
1783180138649 0.06123901158571243 6961
1783180138749 0.1460503190755844 6962
1783180138758 0.16729232668876648 6963
1783180138874 0.02200150117278099 6964
1783180138975 0.06106249615550041 6965
1783180139077 0.16205085813999176 6966
1783180139183 0.062040138989686966 6967
1783180139254 0.06358451396226883 6968
1783180139273 0.1706583946943283 6969
1783180139326 0.08057329803705215 6970
1783180139338 0.1428813934326172 6971
1783180139389 0.049413956701755524 6972
1783180139408 0.21131645143032074 6973
1783180139510 0.007807983551174402 6974
1783180139636 0.0707847848534584 6975
1783180139730 0.15485361218452454 6976
1783180139827 0.08489111065864563 6977
1783180139928 0.008429491892457008 6978
1783180140031 0.007307045161724091 6979
1783180140117 0.002461093245074153 6980
1783180140134 0.0043272413313388824 6981
1783180140145 0.020892905071377754 6982
1783180140154 0.20459233224391937 6983
1783180140231 0.059533726423978806 6984
1783180140315 0.13650940358638763 6985
1783180140353 0.004101225640624762 6986
1783180140457 0.1510934680700302 6987
1783180140567 0.10912866145372391 6988
1783180140671 0.02856587991118431 6989
1783180140773 0.062396012246608734 6990
1783180140869 0.017482802271842957 6991
1783180140978 0.0024961421731859446 6992
1783180141077 0.2006978988647461 6993
1783180141176 0.1473993957042694 6994
1783180141269 0.11921870708465576 6995
1783180141350 0.16904866695404053 6996
1783180141373 0.018208056688308716 6997
1783180141408 0.1499089151620865 6998
1783180141504 0.08957012742757797 6999
1783180141569 0.043891504406929016 7000
1783180141661 0.08885600417852402 7001
1783180141758 0.023785019293427467 7002
1783180141865 0.15791024267673492 7003
1783180141933 0.3181490898132324 7004
1783180142041 0.013354205526411533 7005
1783180142143 0.00898269284516573 7006
1783180142250 0.01149717066437006 7007
1783180142357 0.13022412359714508 7008
1783180142458 0.12069130688905716 7009
1783180142563 0.09347572922706604 7010
1783180142665 0.15526941418647766 7011
1783180142762 0.013661827892065048 7012
1783180142845 0.09956710040569305 7013
1783180142947 0.19544453918933868 7014
1783180143040 0.007996579632163048 7015
1783180143140 0.06255687028169632 7016
1783180143242 0.06997315585613251 7017
1783180143338 0.072685606777668 7018
1783180143431 0.11307793110609055 7019
1783180143540 0.024758584797382355 7020
1783180143647 0.019381083548069 7021
1783180143748 0.09444629400968552 7022
1783180143856 0.1488567292690277 7023
1783180143955 0.0569714717566967 7024
1783180144057 0.1187344342470169 7025
1783180144164 0.027487054467201233 7026
1783180144267 0.03089183382689953 7027
1783180144372 0.015939999371767044 7028
1783180144476 0.2260597050189972 7029
1783180144580 0.0832604318857193 7030
1783180144676 0.11957821249961853 7031
1783180144775 0.2871076166629791 7032
1783180144876 0.05116669833660126 7033
1783180144973 0.0567120723426342 7034
1783180145086 0.07049255818128586 7035
1783180145191 0.02997478097677231 7036
1783180145293 0.1263197958469391 7037
1783180145402 0.15762417018413544 7038
1783180145503 0.031458016484975815 7039
1783180145609 0.21979863941669464 7040
1783180145715 0.32861053943634033 7041
1783180145829 0.03422664478421211 7042
1783180145935 0.04471899941563606 7043
1783180146027 0.1475091576576233 7044
1783180146097 0.007950736209750175 7045
1783180146156 0.12102089822292328 7046
1783180146179 0.16416168212890625 7047
1783180146277 0.00706294272094965 7048
1783180146295 0.02472231164574623 7049
1783180146316 0.015038150362670422 7050
1783180146407 0.2135171741247177 7051
1783180146425 0.027828356251120567 7052
1783180146438 0.044663459062576294 7053
1783180146450 0.051626820117235184 7054
1783180146469 0.069729745388031 7055
1783180146517 0.12760138511657715 7056
1783180146529 0.010639473795890808 7057
1783180146533 0.03641008585691452 7058
1783180146538 0.19103224575519562 7059
1783180146642 0.013012019917368889 7060
1783180146746 0.010144434869289398 7061
1783180146843 0.2123853713274002 7062
1783180146940 0.01877361163496971 7063
1783180147030 0.004301184788346291 7064
1783180147066 0.16364997625350952 7065
1783180147125 0.06437338888645172 7066
1783180147185 0.08083023130893707 7067
1783180147202 0.03874381631612778 7068
1783180147211 0.030473899096250534 7069
1783180147218 0.19878645241260529 7070
1783180147225 0.10997488349676132 7071
1783180147230 0.20038139820098877 7072
1783180147236 0.11366444826126099 7073
1783180147242 0.07675927132368088 7074
1783180147300 0.09891344606876373 7075
1783180147325 0.5976027250289917 7076
1783180147329 0.02872590720653534 7077
1783180147335 0.029774421826004982 7078
1783180147342 0.18717601895332336 7079
1783180147351 0.23443609476089478 7080
1783180147359 0.04244372993707657 7081
1783180147365 0.15453402698040009 7082
1783180147373 0.06681190431118011 7083
1783180147387 0.038055919110774994 7084
1783180147408 0.03855018690228462 7085
1783180147422 0.2448265552520752 7086
1783180147426 0.13378745317459106 7087
1783180147432 0.10776117444038391 7088
1783180147438 0.017407992854714394 7089
1783180147450 0.2359110414981842 7090
1783180147462 0.020209165289998055 7091
1783180147482 0.1304374486207962 7092
1783180147509 0.12942613661289215 7093
1783180147617 0.02204982005059719 7094
1783180147718 0.019227778539061546 7095
1783180147821 0.12344130873680115 7096
1783180147925 0.18662887811660767 7097
1783180148033 0.18521754443645477 7098
1783180148133 0.05548589304089546 7099
1783180148229 0.09426501393318176 7100
1783180148328 0.005232473369687796 7101
1783180148429 0.02007017657160759 7102
1783180148494 0.18793077766895294 7103
1783180148525 0.15507663786411285 7104
1783180148565 0.020972473546862602 7105
1783180148602 0.13770274817943573 7106
1783180148614 0.141622394323349 7107
1783180148634 0.010255906730890274 7108
1783180148639 0.10080981999635696 7109
1783180148654 0.024483203887939453 7110
1783180148699 0.08167054504156113 7111
1783180148711 0.015296165831387043 7112
1783180148718 0.012519501149654388 7113
1783180148724 0.20597536861896515 7114
1783180148730 0.039391785860061646 7115
1783180148740 0.189778134226799 7116
1783180148831 0.061844490468502045 7117
1783180148926 0.016038374975323677 7118
1783180149026 0.09610958397388458 7119
1783180149051 0.2561825215816498 7120
1783180149064 0.10472141206264496 7121
1783180149157 0.023415671661496162 7122
1783180149171 0.0072639575228095055 7123
1783180149269 0.11856310069561005 7124
1783180149379 0.1010197177529335 7125
1783180149491 0.18669472634792328 7126
1783180149596 0.005684012547135353 7127
1783180149691 0.26850759983062744 7128
1783180149800 0.041438136249780655 7129
1783180149901 0.04543169215321541 7130
1783180150004 0.10985561460256577 7131
1783180150099 0.04680424928665161 7132
1783180150210 0.4189026951789856 7133
1783180150321 0.02970472350716591 7134
1783180150418 0.05670851469039917 7135
1783180150501 0.2553241550922394 7136
1783180150599 0.14040088653564453 7137
1783180150713 0.032314177602529526 7138
1783180150816 0.04806144908070564 7139
1783180150916 0.05770456790924072 7140
1783180151021 0.058194540441036224 7141
1783180151128 0.04098719358444214 7142
1783180151252 0.041029252111911774 7143
1783180151358 0.10972482711076736 7144
1783180151390 0.05598368123173714 7145
1783180151401 0.018912483006715775 7146
1783180151424 0.00987226516008377 7147
1783180151431 0.183925062417984 7148
1783180151459 0.08559085428714752 7149
1783180151479 0.15683327615261078 7150
1783180151492 0.23283424973487854 7151
1783180151498 0.13538071513175964 7152
1783180151517 0.1214747354388237 7153
1783180151616 0.1850118786096573 7154
1783180151719 0.023715190589427948 7155
1783180151813 0.0642140731215477 7156
1783180151917 0.01680518314242363 7157
1783180152000 0.19085857272148132 7158
1783180152101 0.026172233745455742 7159
1783180152179 0.10991333425045013 7160
1783180152215 0.16427583992481232 7161
1783180152221 0.005567202810198069 7162
1783180152229 0.16067053377628326 7163
1783180152239 0.11056450754404068 7164
1783180152249 0.067070871591568 7165
1783180152256 0.035046763718128204 7166
1783180152262 0.011714881286025047 7167
1783180152269 0.10443425178527832 7168
1783180152279 0.315338671207428 7169
1783180152286 0.050777368247509 7170
1783180152296 0.11125252395868301 7171
1783180152314 0.040982864797115326 7172
1783180152320 0.07854929566383362 7173
1783180152327 0.021941473707556725 7174
1783180152394 0.24436883628368378 7175
1783180152401 0.3591034710407257 7176
1783180152407 0.1300601214170456 7177
1783180152415 0.09969377517700195 7178
1783180152422 0.06028587743639946 7179
1783180152438 0.026943668723106384 7180
1783180152464 0.2199154496192932 7181
1783180152510 0.09954289346933365 7182
1783180152546 0.1282067745923996 7183
1783180152593 0.010191084817051888 7184
1783180152615 0.055703893303871155 7185
1783180152708 0.021755293011665344 7186
1783180152723 0.11968737095594406 7187
1783180152835 0.028734538704156876 7188
1783180152939 0.022768817842006683 7189
1783180153046 0.13100285828113556 7190
1783180153150 0.1702493280172348 7191
1783180153250 0.10818508267402649 7192
1783180153347 0.021726783365011215 7193
1783180153451 0.008237233385443687 7194
1783180153554 0.04412873834371567 7195
1783180153634 0.037369344383478165 7196
1783180153640 0.008740107528865337 7197
1783180153651 0.22490331530570984 7198
1783180153657 0.15446896851062775 7199
1783180153663 0.20119205117225647 7200
1783180153679 0.055431023240089417 7201
1783180153712 0.2046089470386505 7202
1783180153734 0.0876348614692688 7203
1783180153774 0.2658865749835968 7204
1783180153785 0.08452166616916656 7205
1783180153885 0.13341152667999268 7206
1783180153988 0.08160463720560074 7207
1783180154084 0.001324488315731287 7208
1783180154187 0.037536054849624634 7209
1783180154229 0.018871624022722244 7210
1783180154235 0.056422632187604904 7211
1783180154245 0.27002376317977905 7212
1783180154255 0.2965252995491028 7213
1783180154266 0.1591440886259079 7214
1783180154272 0.26910582184791565 7215
1783180154279 0.016954923048615456 7216
1783180154285 0.10256832093000412 7217
1783180154311 0.1571190506219864 7218
1783180154402 0.034637197852134705 7219
1783180154498 0.010758773423731327 7220
1783180154601 0.04275549203157425 7221
1783180154635 0.1359814703464508 7222
1783180154646 0.28884565830230713 7223
1783180154673 0.30717694759368896 7224
1783180154708 0.1743444800376892 7225
1783180154814 0.050645679235458374 7226
1783180154913 0.06124677136540413 7227
1783180155001 0.17661042511463165 7228
1783180155108 0.10127800703048706 7229
1783180155213 0.23997412621974945 7230
1783180155317 0.08026818931102753 7231
1783180155419 0.16640153527259827 7232
1783180155487 0.08384089171886444 7233
1783180155519 0.06323299556970596 7234
1783180155600 0.1315990388393402 7235
1783180155667 0.014984226785600185 7236
1783180155707 0.1264936923980713 7237
1783180155720 0.07351204752922058 7238
1783180155732 0.14141075313091278 7239
1783180155749 0.17654436826705933 7240
1783180155762 0.26614779233932495 7241
1783180155780 0.0553940013051033 7242
1783180155786 0.04167335480451584 7243
1783180155799 0.3583279252052307 7244
1783180155822 0.147282674908638 7245
1783180155830 0.14659473299980164 7246
1783180155835 0.01792769506573677 7247
1783180155857 0.010831708088517189 7248
1783180155879 0.05998959019780159 7249
1783180155906 0.22339312732219696 7250
1783180155968 0.07136073708534241 7251
1783180155999 0.014232499524950981 7252
1783180156010 0.03124801628291607 7253
1783180156106 0.1254369616508484 7254
1783180156206 0.01492277067154646 7255
1783180156287 0.08582200855016708 7256
1783180156378 0.24464312195777893 7257
1783180156472 0.09605943411588669 7258
1783180156521 0.16660615801811218 7259
1783180156534 0.09845219552516937 7260
1783180156545 0.023272257298231125 7261
1783180156578 0.008309746161103249 7262
1783180156595 0.024612311273813248 7263
1783180156618 0.06980080157518387 7264
1783180156674 0.08341103792190552 7265
1783180156680 0.008609412238001823 7266
1783180156697 0.2359589785337448 7267
1783180156789 0.07725245505571365 7268
1783180156816 0.09558571875095367 7269
1783180156917 0.15949088335037231 7270
1783180156961 0.05229569971561432 7271
1783180156971 0.01371278241276741 7272
1783180157005 0.06768514215946198 7273
1783180157012 0.00766079081222415 7274
1783180157046 0.06124497205018997 7275
1783180157067 0.04041557013988495 7276
1783180157085 0.384236603975296 7277
1783180157120 0.2572455406188965 7278
1783180157229 0.01826643757522106 7279
1783180157325 0.004683641251176596 7280
1783180157363 0.07487831264734268 7281
1783180157456 0.1746242791414261 7282
1783180157549 0.26512476801872253 7283
1783180157646 0.05356086790561676 7284
1783180157739 0.30367252230644226 7285
1783180157845 0.2519344687461853 7286
1783180157949 0.1518385261297226 7287
1783180158044 0.03015965037047863 7288
1783180158144 0.1179363876581192 7289
1783180158243 0.08816461265087128 7290
1783180158341 0.19350270926952362 7291
1783180158426 0.24041134119033813 7292
1783180158506 0.08986194431781769 7293
1783180158593 0.02276739850640297 7294
1783180158689 0.010541858151555061 7295
1783180158785 0.08035121113061905 7296
1783180158877 0.10883774608373642 7297
1783180158978 0.17732322216033936 7298
1783180159069 0.03554913401603699 7299
1783180159116 0.04107721894979477 7300
1783180159130 0.017853539437055588 7301
1783180159147 0.04412076249718666 7302
1783180159154 0.0832955539226532 7303
1783180159169 0.027673404663801193 7304
1783180159175 0.07408145070075989 7305
1783180159187 0.2145916372537613 7306
1783180159193 0.2001357078552246 7307
1783180159203 0.10390961170196533 7308
1783180159301 0.021613728255033493 7309
1783180159402 0.2501397132873535 7310
1783180159491 0.05116261541843414 7311
1783180159508 0.050528328865766525 7312
1783180159514 0.2149803191423416 7313
1783180159519 0.04043753445148468 7314
1783180159525 0.01820852980017662 7315
1783180159534 0.2684681713581085 7316
1783180159541 0.030494868755340576 7317
1783180159549 0.40136784315109253 7318
1783180159590 0.0398678220808506 7319
1783180159601 0.04042188450694084 7320
1783180159605 0.10765527933835983 7321
1783180159612 0.038650110363960266 7322
1783180159622 0.11346802115440369 7323
1783180159624 0.06395824998617172 7324
1783180159630 0.09866487234830856 7325
1783180159636 0.018257590010762215 7326
1783180159641 0.05354565382003784 7327
1783180159657 0.1700529158115387 7328
1783180159667 0.12213442474603653 7329
1783180159681 0.22549539804458618 7330
1783180159692 0.022166166454553604 7331
1783180159699 0.009155379608273506 7332
1783180159712 0.04587717354297638 7333
1783180159767 0.01648855023086071 7334
1783180159775 0.20720252394676208 7335
1783180159781 0.06033429503440857 7336
1783180159786 0.11364341527223587 7337
1783180159793 0.018545323982834816 7338
1783180159799 0.14009585976600647 7339
1783180159805 0.047056227922439575 7340
1783180159815 0.1346106231212616 7341
1783180159824 0.0031635486520826817 7342
1783180159858 0.08689407259225845 7343
1783180159875 0.014698808081448078 7344
1783180159890 0.10185662657022476 7345
1783180159930 0.08992543071508408 7346
1783180159945 0.19417241215705872 7347
1783180159950 0.136133074760437 7348
1783180159955 0.05208807811141014 7349
1783180159967 0.04234043136239052 7350
1783180159979 0.016138210892677307 7351
1783180160004 0.02289417013525963 7352
1783180160017 0.03994438424706459 7353
1783180160082 0.18569065630435944 7354
1783180160176 0.026241319254040718 7355
1783180160208 0.04355325922369957 7356
1783180160282 0.04331881180405617 7357
1783180160291 0.04068215936422348 7358
1783180160297 0.1192263588309288 7359
1783180160308 0.08707724511623383 7360
1783180160313 0.11716479808092117 7361
1783180160367 0.06140531599521637 7362
1783180160401 0.07643242925405502 7363
1783180160407 0.17977625131607056 7364
1783180160413 0.10933452099561691 7365
1783180160428 0.05878481641411781 7366
1783180160528 0.07058998942375183 7367
1783180160621 0.006986784283071756 7368
1783180160717 0.01696954108774662 7369
1783180160814 0.03452792391180992 7370
1783180160882 0.13914239406585693 7371
1783180160896 0.04086189344525337 7372
1783180160921 0.019343752413988113 7373
1783180160925 0.2503412663936615 7374
1783180160932 0.21296797692775726 7375
1783180160941 0.14367002248764038 7376
1783180160963 0.016051359474658966 7377
1783180161065 0.09607350826263428 7378
1783180161164 0.15535232424736023 7379
1783180161174 0.12489213794469833 7380
1783180161184 0.004044428467750549 7381
1783180161272 0.007945626974105835 7382
1783180161278 0.17156417667865753 7383
1783180161285 0.03186286985874176 7384
1783180161309 0.36914631724357605 7385
1783180161345 0.0271776020526886 7386
1783180161437 0.007128535304218531 7387
1783180161472 0.10200968384742737 7388
1783180161483 0.13516809046268463 7389
1783180161568 0.004297529347240925 7390
1783180161575 0.08045465499162674 7391
1783180161587 0.08959604799747467 7392
1783180161593 0.1617220640182495 7393
1783180161609 0.22623364627361298 7394
1783180161700 0.2157142609357834 7395
1783180161785 0.04663178697228432 7396
1783180161804 0.00652384664863348 7397
1783180161810 0.006668621674180031 7398
1783180161816 0.1280108094215393 7399
1783180161821 0.0128318527713418 7400
1783180161828 0.10977933555841446 7401
1783180161833 0.04722825065255165 7402
1783180161838 0.04503404721617699 7403
1783180161845 0.13968819379806519 7404
1783180161851 0.050628144294023514 7405
1783180161856 0.2878919541835785 7406
1783180161862 0.012170297093689442 7407
1783180161943 0.10953415185213089 7408
1783180161949 0.15201810002326965 7409
1783180161955 0.04845035448670387 7410
1783180161961 0.05345333740115166 7411
1783180161969 0.09794443100690842 7412
1783180162069 0.011592740193009377 7413
1783180162168 0.033758264034986496 7414
1783180162265 0.03558924421668053 7415
1783180162355 0.11819876730442047 7416
1783180162455 0.3109318017959595 7417
1783180162553 0.04744871333241463 7418
1783180162571 0.18842242658138275 7419
1783180162591 0.008120818063616753 7420
1783180162596 0.20382685959339142 7421
1783180162602 0.26983216404914856 7422
1783180162608 0.0503765307366848 7423
1783180162707 0.21527408063411713 7424
1783180162810 0.021512877196073532 7425
1783180162894 0.10031826794147491 7426
1783180162973 0.04000202938914299 7427
1783180163067 0.32285383343696594 7428
1783180163168 0.08880193531513214 7429
1783180163264 0.0924099013209343 7430
1783180163352 0.007102654781192541 7431
1783180163369 0.033672500401735306 7432
1783180163377 0.11591240018606186 7433
1783180163399 0.17231091856956482 7434
1783180163411 0.12273173779249191 7435
1783180163420 0.053369712084531784 7436
1783180163425 0.010665347799658775 7437
1783180163431 0.060906313359737396 7438
1783180163437 0.08447196334600449 7439
1783180163538 0.03462802618741989 7440
1783180163576 0.02810046821832657 7441
1783180163590 0.16799937188625336 7442
1783180163596 0.11771684139966965 7443
1783180163636 0.06563905626535416 7444
1783180163698 0.005203841254115105 7445
1783180163720 0.20303046703338623 7446
1783180163726 0.01688292622566223 7447
1783180163732 0.06679517030715942 7448
1783180163738 0.10656934231519699 7449
1783180163833 0.04602162167429924 7450
1783180163847 0.05217057466506958 7451
1783180163854 0.12217061966657639 7452
1783180163872 0.09402763843536377 7453
1783180163888 0.052487149834632874 7454
1783180163893 0.21362586319446564 7455
1783180163931 0.03746923804283142 7456
1783180163965 0.08281408250331879 7457
1783180163972 0.061821360141038895 7458
1783180163991 0.11764317005872726 7459
1783180164084 0.0611998476088047 7460
1783180164181 0.15278607606887817 7461
1783180164277 0.067170150578022 7462
1783180164320 0.2926871180534363 7463
1783180164324 0.028012841939926147 7464
1783180164342 0.006092124152928591 7465
1783180164450 0.01383853331208229 7466
1783180164552 0.010670706629753113 7467
1783180164602 0.1208057627081871 7468
1783180164617 0.015415621921420097 7469
1783180164621 0.05313483625650406 7470
1783180164625 0.007392380852252245 7471
1783180164719 0.28627321124076843 7472
1783180164817 0.07892172783613205 7473
1783180164893 0.06724187731742859 7474
1783180164924 0.2086997628211975 7475
1783180165009 0.13766257464885712 7476
1783180165016 0.029582489281892776 7477
1783180165020 0.0641801580786705 7478
1783180165121 0.06576952338218689 7479
1783180165217 0.027217786759138107 7480
1783180165275 0.07038218528032303 7481
1783180165317 0.12040600925683975 7482
1783180165324 0.036011360585689545 7483
1783180165327 0.18257178366184235 7484
1783180165377 0.01161813735961914 7485
1783180165398 0.025945639237761497 7486
1783180165415 0.16421955823898315 7487
1783180165422 0.031193681061267853 7488
1783180165430 0.12304644286632538 7489
1783180165436 0.006313605234026909 7490
1783180165442 0.09623181819915771 7491
1783180165458 0.4663611650466919 7492
1783180165462 0.176629438996315 7493
1783180165467 0.04390576481819153 7494
1783180165474 0.05102475732564926 7495
1783180165491 0.015392545610666275 7496
1783180165496 0.016043130308389664 7497
1783180165507 0.0336320586502552 7498
1783180165510 0.07383234798908234 7499
1783180168435 0.02292400598526001 7500
1783180168496 0.038063641637563705 7501
1783180168501 0.16258276998996735 7502
1783180168523 0.011813425458967686 7503
1783180168533 0.016096606850624084 7504
1783180168542 0.21174636483192444 7505
1783180168557 0.023910844698548317 7506
1783180168605 0.08906827867031097 7507
1783180168704 0.012113507837057114 7508
1783180168807 0.02399917133152485 7509
1783180168907 0.0884140208363533 7510
1783180169008 0.05005202442407608 7511
1783180169111 0.1921435445547104 7512
1783180169214 0.1600930541753769 7513
1783180169314 0.03959672152996063 7514
1783180169425 0.1659887135028839 7515
1783180169528 0.2666633725166321 7516
1783180169637 0.02908783033490181 7517
1783180169655 0.1357976794242859 7518
1783180169719 0.02547977864742279 7519
1783180169742 0.04956914857029915 7520
1783180169761 0.0025236529763787985 7521
1783180169787 0.020455842837691307 7522
1783180169802 0.03897538781166077 7523
1783180169901 0.015874754637479782 7524
1783180169998 0.03012954443693161 7525
1783180170098 0.007855182513594627 7526
1783180170143 0.07009171694517136 7527
1783180170147 0.022597558796405792 7528
1783180170151 0.25521546602249146 7529
1783180170156 0.0766938254237175 7530
1783180170163 0.05449499562382698 7531
1783180170168 0.06851756572723389 7532
1783180170173 0.014517953619360924 7533
1783180170177 0.06271059066057205 7534
1783180170183 0.003998718224465847 7535
1783180170192 0.01753545179963112 7536
1783180170197 0.007303123362362385 7537
1783180170200 0.16612491011619568 7538
1783180170223 0.059620752930641174 7539
1783180170227 0.0165683813393116 7540
1783180170234 0.008577322587370872 7541
1783180170245 0.024989409372210503 7542
1783180170273 0.008461873978376389 7543
1783180170279 0.011008627712726593 7544
1783180170283 0.03132975101470947 7545
1783180170300 0.015345909632742405 7546
1783180170319 0.01596318557858467 7547
1783180170330 0.017089828848838806 7548
1783180170336 0.011385174468159676 7549
1783180170346 0.003954705316573381 7550
1783180170357 0.05880654603242874 7551
1783180170363 0.03286685049533844 7552
1783180170366 0.12184568494558334 7553
1783180170371 0.006768425926566124 7554
1783180170377 0.020866092294454575 7555
1783180170386 0.21227042376995087 7556
1783180170391 0.011112106032669544 7557
1783180170398 0.24875470995903015 7558
1783180170404 0.07926822453737259 7559
1783180170411 0.09535721689462662 7560
1783180170418 0.019382286816835403 7561
1783180170430 0.1534304916858673 7562
1783180170437 0.04409362003207207 7563
1783180170443 0.029324611648917198 7564
1783180170449 0.024113871157169342 7565
1783180170461 0.39242023229599 7566
1783180170468 0.008002908900380135 7567
1783180170481 0.056296586990356445 7568
1783180170486 0.15651194751262665 7569
1783180170494 0.14568476378917694 7570
1783180170498 0.1929517388343811 7571
1783180170505 0.02196035534143448 7572
1783180170510 0.05675366148352623 7573
1783180170515 0.20475949347019196 7574
1783180170582 0.12894360721111298 7575
1783180170590 0.049420811235904694 7576
1783180170596 0.15414506196975708 7577
1783180170602 0.06799967586994171 7578
1783180170608 0.075124591588974 7579
1783180170612 0.08997844159603119 7580
1783180170620 0.36769431829452515 7581
1783180170631 0.2639998495578766 7582
1783180170636 0.024569425731897354 7583
1783180170645 0.01961720734834671 7584
1783180170650 0.142103374004364 7585
1783180170655 0.013937743380665779 7586
1783180170663 0.30717313289642334 7587
1783180170680 0.03654602915048599 7588
1783180170774 0.024377141147851944 7589
1783180170805 0.04870264232158661 7590
1783180170813 0.05001484975218773 7591
1783180170823 0.06118229404091835 7592
1783180170830 0.06821190565824509 7593
1783180170837 0.014177198521792889 7594
1783180170842 0.017778299748897552 7595
1783180170846 0.06284024566411972 7596
1783180170853 0.010438568890094757 7597
1783180170859 0.11512897163629532 7598
1783180170864 0.011948345229029655 7599
1783180170870 0.029257360845804214 7600
1783180170876 0.06063896417617798 7601
1783180170882 0.04301053658127785 7602
1783180170887 0.022587893530726433 7603
1783180170893 0.23464906215667725 7604
1783180170921 0.04227300360798836 7605
1783180170928 0.01121255848556757 7606
1783180170947 0.18214505910873413 7607
1783180170953 0.23345547914505005 7608
1783180170962 0.019104188308119774 7609
1783180170969 0.05144874006509781 7610
1783180170976 0.01398763619363308 7611
1783180170980 0.01905386708676815 7612
1783180170987 0.1308945268392563 7613
1783180170993 0.012877754867076874 7614
1783180171001 0.17221783101558685 7615
1783180171005 0.02718827873468399 7616
1783180171033 0.05405087023973465 7617
1783180171039 0.0856403261423111 7618
1783180171046 0.3235197067260742 7619
1783180171053 0.15298329293727875 7620
1783180171058 0.022566532716155052 7621
1783180171069 0.14431777596473694 7622
1783180171077 0.0570361465215683 7623
1783180171082 0.02278786152601242 7624
1783180171089 0.18049803376197815 7625
1783180171095 0.0712023675441742 7626
1783180171100 0.0832008644938469 7627
1783180171109 0.04608976095914841 7628
1783180171114 0.010735428892076015 7629
1783180171121 0.15402965247631073 7630
1783180171128 0.16273052990436554 7631
1783180171146 0.05178447812795639 7632
1783180171154 0.038805074989795685 7633
1783180171172 0.10520312935113907 7634
1783180171195 0.2116858959197998 7635
1783180171203 0.16582278907299042 7636
1783180171208 0.04170260950922966 7637
1783180171212 0.019972844049334526 7638
1783180171265 0.06283849477767944 7639
1783180171311 0.08893409371376038 7640
1783180171318 0.008132502436637878 7641
1783180171335 0.14178067445755005 7642
1783180171366 0.13254405558109283 7643
1783180171396 0.10664215683937073 7644
1783180171402 0.26777708530426025 7645
1783180171412 0.10062402486801147 7646
1783180171420 0.01940162479877472 7647
1783180171427 0.03111564740538597 7648
1783180171434 0.0839075893163681 7649
1783180171439 0.01738167181611061 7650
1783180171446 0.26565051078796387 7651
1783180171451 0.2088521122932434 7652
1783180171457 0.013419054448604584 7653
1783180171462 0.06962302327156067 7654
1783180171468 0.05359385907649994 7655
1783180171471 0.03832853212952614 7656
1783180171475 0.02298816107213497 7657
1783180171480 0.04882102459669113 7658
1783180171488 0.06227962672710419 7659
1783180171493 0.022451071068644524 7660
1783180171497 0.006820401176810265 7661
1783180171502 0.15295162796974182 7662
1783180171505 0.21496745944023132 7663
1783180171511 0.16361103951931 7664
1783180171515 0.06729544699192047 7665
1783180171521 0.043000929057598114 7666
1783180171528 0.15893691778182983 7667
1783180171534 0.05056826025247574 7668
1783180171540 0.024929938837885857 7669
1783180171546 0.11064576357603073 7670
1783180171553 0.16043977439403534 7671
1783180171558 0.026326220482587814 7672
1783180171600 0.09140805155038834 7673
1783180171655 0.021148862317204475 7674
1783180171665 0.0853022038936615 7675
1783180171691 0.2158488780260086 7676
1783180171698 0.031311579048633575 7677
1783180171726 0.04528651386499405 7678
1783180171733 0.17717868089675903 7679
1783180171737 0.040750931948423386 7680
1783180171743 0.005531079135835171 7681
1783180171750 0.0610601007938385 7682
1783180171765 0.08955971151590347 7683
1783180171772 0.00828823633491993 7684
1783180171778 0.02878984436392784 7685
1783180171796 0.010047282092273235 7686
1783180171803 0.03623974695801735 7687
1783180171834 0.04944324865937233 7688
1783180171842 0.03895265609025955 7689
1783180171850 0.005164470057934523 7690
1783180171857 0.11742663383483887 7691
1783180171863 0.028694473206996918 7692
1783180171869 0.44407957792282104 7693
1783180171889 0.044441550970077515 7694
1783180171900 0.019904667511582375 7695
1783180171909 0.06496637314558029 7696
1783180171914 0.01569073088467121 7697
1783180171919 0.056968748569488525 7698
1783180171926 0.23709043860435486 7699
1783180171932 0.08950045704841614 7700
1783180171962 0.07141396403312683 7701
1783180171982 0.016350438818335533 7702
1783180171996 0.027619877830147743 7703
1783180172002 0.21707426011562347 7704
1783180172017 0.21300995349884033 7705
1783180172022 0.07558395713567734 7706
1783180172027 0.03414024040102959 7707
1783180172033 0.043219782412052155 7708
1783180172039 0.010644359514117241 7709
1783180172045 0.04134996235370636 7710
1783180172051 0.006827577482908964 7711
1783180172058 0.03228338807821274 7712
1783180172064 0.07582022249698639 7713
1783180172070 0.05373844876885414 7714
1783180172076 0.18853536248207092 7715
1783180172082 0.008244502358138561 7716
1783180172088 0.01191326230764389 7717
1783180172101 0.2917458415031433 7718
1783180172113 0.024172859266400337 7719
1783180172120 0.17278772592544556 7720
1783180172146 0.020992277190089226 7721
1783180172152 0.12809494137763977 7722
1783180172158 0.028791917487978935 7723
1783180172165 0.02676325850188732 7724
1783180172171 0.006461691111326218 7725
1783180172190 0.08136487007141113 7726
1783180172257 0.16685016453266144 7727
1783180172264 0.02338588982820511 7728
1783180172278 0.0117579884827137 7729
1783180172335 0.024856429547071457 7730
1783180172357 0.0361267551779747 7731
1783180172454 0.21212410926818848 7732
1783180172559 0.011712933890521526 7733
1783180172612 0.19199813902378082 7734
1783180172630 0.006609153468161821 7735
1783180172668 0.060684286057949066 7736
1783180172679 0.10120929032564163 7737
1783180172688 0.055170997977256775 7738
1783180172697 0.010913936421275139 7739
1783180172703 0.009085215628147125 7740
1783180172715 0.17297020554542542 7741
1783180172723 0.07393122464418411 7742
1783180172730 0.0021286355331540108 7743
1783180172736 0.08274009823799133 7744
1783180172748 0.050715815275907516 7745
1783180172755 0.05388060584664345 7746
1783180172770 0.042759861797094345 7747
1783180172778 0.0050817313604056835 7748
1783180172785 0.13459008932113647 7749
1783180172828 0.008166954852640629 7750
1783180172902 0.011065186001360416 7751
1783180172950 0.008510636165738106 7752
1783180172988 0.013922602869570255 7753
1783180173012 0.02158944681286812 7754
1783180173082 0.0019677504897117615 7755
1783180173123 0.14021408557891846 7756
1783180173131 0.1182958111166954 7757
1783180173140 0.023846548050642014 7758
1783180173163 0.15171796083450317 7759
1783180173266 0.018163010478019714 7760
1783180173382 0.14944596588611603 7761
1783180173484 0.5673217177391052 7762
1783180173584 0.18301822245121002 7763
1783180173694 0.1404184103012085 7764
1783180173798 0.03476244956254959 7765
1783180173904 0.005903230048716068 7766
1783180174004 0.012640855275094509 7767
1783180174100 0.17018672823905945 7768
1783180174200 0.10131419450044632 7769
1783180174300 0.053069304674863815 7770
1783180174409 0.0007124511175788939 7771
1783180174510 0.19018898904323578 7772
1783180174608 0.0996389091014862 7773
1783180174709 0.24330322444438934 7774
1783180174812 0.023064948618412018 7775
1783180174912 0.1530260443687439 7776
1783180175016 0.010235810652375221 7777
1783180175116 0.009438815526664257 7778
1783180175222 0.019296543672680855 7779
1783180175332 0.13523639738559723 7780
1783180175434 0.11316021531820297 7781
1783180175533 0.033749863505363464 7782
1783180175631 0.0068078781478106976 7783
1783180175692 0.02215467393398285 7784
1783180175783 0.0069178142584860325 7785
1783180175884 0.10754668712615967 7786
1783180175961 0.06215880811214447 7787
1783180176040 0.005234635900706053 7788
1783180176051 0.029000746086239815 7789
1783180176059 0.06491424143314362 7790
1783180176159 0.0870741605758667 7791
1783180176261 0.006339725572615862 7792
1783180176285 0.06946659088134766 7793
1783180176316 0.015644043684005737 7794
1783180176414 0.015720123425126076 7795
1783180176501 0.18459874391555786 7796
1783180176551 0.014397191815078259 7797
1783180176566 0.01489123422652483 7798
1783180176577 0.008517290465533733 7799
1783180176599 0.1385582983493805 7800
1783180176604 0.11603257060050964 7801
1783180176610 0.02950667403638363 7802
1783180176615 0.041641101241111755 7803
1783180176621 0.25154513120651245 7804
1783180176628 0.049108799546957016 7805
1783180176668 0.05492949113249779 7806
1783180176686 0.08436086028814316 7807
1783180176736 0.07505501061677933 7808
1783180176760 0.1588408648967743 7809
1783180176769 0.04280152916908264 7810
1783180176775 0.03935260698199272 7811
1783180176782 0.08479691296815872 7812
1783180176787 0.020686766132712364 7813
1783180176798 0.03233044967055321 7814
1783180176893 0.23085737228393555 7815
1783180177004 0.2019488364458084 7816
1783180177112 0.004518019501119852 7817
1783180177212 0.00845852680504322 7818
1783180177316 0.23838701844215393 7819
1783180177426 0.01581193134188652 7820
1783180177522 0.037724610418081284 7821
1783180177618 0.09792956709861755 7822
1783180177714 0.188078373670578 7823
1783180177811 0.03441238030791283 7824
1783180177895 0.048660289496183395 7825
1783180177991 0.007996207103133202 7826
1783180178070 0.008487783372402191 7827
1783180178107 0.002757249865680933 7828
1783180178200 0.014452015981078148 7829
1783180178289 0.025683024898171425 7830
1783180178379 0.6826969981193542 7831
1783180178467 0.025614777579903603 7832
1783180178571 0.08018936216831207 7833
1783180178667 0.07841277867555618 7834
1783180178685 0.15670514106750488 7835
1783180178691 0.002312357071787119 7836
1783180178697 0.05290966480970383 7837
1783180178716 0.007598340976983309 7838
1783180178728 0.10374174267053604 7839
1783180178770 0.12798446416854858 7840
1783180178850 0.00693670567125082 7841
1783180178868 0.1294572800397873 7842
1783180178905 0.11252722889184952 7843
1783180179092 0.010511258617043495 7844
1783180179197 0.01063580997288227 7845
1783180179316 0.022958841174840927 7846
1783180179417 0.005730254575610161 7847
1783180179515 0.10066854953765869 7848
1783180179533 0.03134625032544136 7849
1783180179543 0.1536780148744583 7850
1783180179642 0.19081273674964905 7851
1783180179733 0.20071756839752197 7852
1783180179833 0.10516011714935303 7853
1783180179947 0.06665492057800293 7854
1783180180061 0.011971106752753258 7855
1783180180173 0.052001453936100006 7856
1783180180275 0.07157530635595322 7857
1783180180371 0.03030489943921566 7858
1783180180471 0.12057476490736008 7859
1783180180572 0.15977032482624054 7860
1783180180687 0.20453155040740967 7861
1783180180798 0.020739760249853134 7862
1783180181010 0.139043927192688 7863
1783180181137 0.05046021565794945 7864
1783180181241 0.044161926954984665 7865
1783180181338 0.18984253704547882 7866
1783180181432 0.12967096269130707 7867
1783180181527 0.13012856245040894 7868
1783180181635 0.09029218554496765 7869
1783180181726 0.016255369409918785 7870
1783180181781 0.036917317658662796 7871
1783180181889 0.12507203221321106 7872
1783180181996 0.025994563475251198 7873
1783180182106 0.023918163031339645 7874
1783180182206 0.09955773502588272 7875
1783180182314 0.0050989487208426 7876
1783180182413 0.01305459812283516 7877
1783180182523 0.11374292522668839 7878
1783180182634 0.041271377354860306 7879
1783180182736 0.0434323251247406 7880
1783180182842 0.13659484684467316 7881
1783180182941 0.062201738357543945 7882
1783180183046 0.05189797654747963 7883
1783180183153 0.02067100815474987 7884
1783180183256 0.08360720425844193 7885
1783180183363 0.017223741859197617 7886
1783180183465 0.11185812205076218 7887
1783180183577 0.039100565016269684 7888
1783180183675 0.1173151358962059 7889
1783180183779 0.2407594919204712 7890
1783180183874 0.007603374309837818 7891
1783180183890 0.0988045483827591 7892
1783180183896 0.20693688094615936 7893
1783180183900 0.011262192390859127 7894
1783180183907 0.09234606474637985 7895
1783180183915 0.012443016283214092 7896
1783180183961 0.016108158975839615 7897
1783180183983 0.010383122600615025 7898
1783180183989 0.03591352328658104 7899
1783180183995 0.04043123871088028 7900
1783180184092 0.010581444948911667 7901
1783180184183 0.024586433544754982 7902
1783180184198 0.04696698114275932 7903
1783180184210 0.026168055832386017 7904
1783180184216 0.08447513729333878 7905
1783180184228 0.019107993692159653 7906
1783180184233 0.07846610993146896 7907
1783180184239 0.019215060397982597 7908
1783180184245 0.26948732137680054 7909
1783180184266 0.002609901363030076 7910
1783180184272 0.08288740366697311 7911
1783180184278 0.06490840017795563 7912
1783180184290 0.01795419119298458 7913
1783180184296 0.004150313790887594 7914
1783180184308 0.058833085000514984 7915
1783180184314 0.0076277111656963825 7916
1783180184333 0.07590934634208679 7917
1783180184338 0.004640114493668079 7918
1783180184344 0.011053428053855896 7919
1783180184350 0.17565904557704926 7920
1783180184441 0.08958118408918381 7921
1783180184535 0.013891750946640968 7922
1783180184629 0.041314899921417236 7923
1783180184726 0.13328790664672852 7924
1783180184830 0.010052167810499668 7925
1783180184925 0.09372588247060776 7926
1783180185022 0.04051017016172409 7927
1783180185125 0.28811702132225037 7928
1783180185227 0.2173408716917038 7929
1783180185327 0.08455134183168411 7930
1783180185424 0.07930760830640793 7931
1783180185528 0.12239748984575272 7932
1783180185636 0.12370186299085617 7933
1783180185728 0.022135863080620766 7934
1783180185835 0.06411464512348175 7935
1783180185958 0.012607942335307598 7936
1783180186060 0.15973994135856628 7937
1783180186171 0.10620000213384628 7938
1783180186273 0.021900825202465057 7939
1783180186288 0.06005760654807091 7940
1783180186297 0.01732863299548626 7941
1783180186305 0.10551883280277252 7942
1783180186325 0.0722084641456604 7943
1783180186338 0.05361960828304291 7944
1783180186418 0.0418131984770298 7945
1783180186441 0.07601369172334671 7946
1783180186477 0.3635408878326416 7947
1783180186484 0.013046156615018845 7948
1783180186501 0.07173047959804535 7949
1783180186512 0.02797277644276619 7950
1783180186604 0.030736146494746208 7951
1783180186658 0.08123712986707687 7952
1783180186701 0.04809364676475525 7953
1783180186740 0.10259224474430084 7954
1783180186760 0.009256666526198387 7955
1783180186766 0.1877276748418808 7956
1783180186855 0.0546300932765007 7957
1783180186861 0.026939745992422104 7958
1783180186867 0.03270106017589569 7959
1783180186873 0.24295370280742645 7960
1783180186892 0.015769751742482185 7961
1783180186896 0.13588516414165497 7962
1783180186909 0.010482244193553925 7963
1783180186915 0.05349184572696686 7964
1783180186921 0.02632291615009308 7965
1783180186931 0.21709959208965302 7966
1783180186937 0.021190371364355087 7967
1783180186943 0.02905253879725933 7968
1783180186949 0.15312054753303528 7969
1783180187045 0.08170458674430847 7970
1783180187060 0.04135100170969963 7971
1783180187122 0.16601933538913727 7972
1783180187174 0.027538442984223366 7973
1783180187181 0.08873488754034042 7974
1783180187187 0.12336035817861557 7975
1783180187193 0.05441689491271973 7976
1783180187210 0.052475593984127045 7977
1783180187228 0.017138401046395302 7978
1783180187274 0.04430437088012695 7979
1783180187337 0.17129755020141602 7980
1783180187394 0.2489902228116989 7981
1783180187494 0.058932360261678696 7982
1783180187523 0.028157249093055725 7983
1783180187527 0.0075181410647928715 7984
1783180187534 0.045245565474033356 7985
1783180187540 0.044627659022808075 7986
1783180187545 0.0997629463672638 7987
1783180187565 0.03842863440513611 7988
1783180187570 0.12615936994552612 7989
1783180187575 0.07131530344486237 7990
1783180187583 0.0035964108537882566 7991
1783180187590 0.03351299464702606 7992
1783180187595 0.1083475798368454 7993
1783180187601 0.06208040192723274 7994
1783180187607 0.00833880715072155 7995
1783180187648 0.05828636884689331 7996
1783180187742 0.07855693995952606 7997
1783180187781 0.001180934952571988 7998
1783180187791 0.01113576628267765 7999
1783180187809 0.19881081581115723 8000
1783180187822 0.002373739145696163 8001
1783180187913 0.05276722460985184 8002
1783180187918 0.013531963340938091 8003
1783180187924 0.04621012136340141 8004
1783180187932 0.061664335429668427 8005
1783180187937 0.055335626006126404 8006
1783180187950 0.1809101551771164 8007
1783180188041 0.0520002543926239 8008
1783180188052 0.004385738633573055 8009
1783180188059 0.08642742782831192 8010
1783180188079 0.03440529853105545 8011
1783180188092 0.032248515635728836 8012
1783180188098 0.013095276430249214 8013
1783180188105 0.2661748230457306 8014
1783180188111 0.41742074489593506 8015
1783180188116 0.029681215062737465 8016
1783180188123 0.11745457351207733 8017
1783180188129 0.03480617329478264 8018
1783180188136 0.00957640539854765 8019
1783180188141 0.03731149435043335 8020
1783180188159 0.06162247806787491 8021
1783180188166 0.17275720834732056 8022
1783180188181 0.0537005178630352 8023
1783180188193 0.03080667369067669 8024
1783180188206 0.06621699780225754 8025
1783180188212 0.004323343280702829 8026
1783180188218 0.10879971832036972 8027
1783180188223 0.03079931251704693 8028
1783180188230 0.009965842589735985 8029
1783180188235 0.14560890197753906 8030
1783180188244 0.01662314683198929 8031
1783180188250 0.06305496394634247 8032
1783180188256 0.16130724549293518 8033
1783180188261 0.23433396220207214 8034
1783180188267 0.18728862702846527 8035
1783180188273 0.008414093405008316 8036
1783180188280 0.001051524537615478 8037
1783180188327 0.03516019508242607 8038
1783180188334 0.244418203830719 8039
1783180188341 0.051912810653448105 8040
1783180188346 0.07932151108980179 8041
1783180188350 0.1288854330778122 8042
1783180188359 0.003791630733758211 8043
1783180188368 0.09259352833032608 8044
1783180188386 0.0337526760995388 8045
1783180188392 0.00825714785605669 8046
1783180188398 0.032217126339673996 8047
1783180188411 0.10615623742341995 8048
1783180188425 0.075770802795887 8049
1783180188443 0.025131896138191223 8050
1783180188450 0.22093278169631958 8051
1783180188501 0.024647368118166924 8052
1783180188598 0.05710206180810928 8053
1783180188697 0.013698235154151917 8054
1783180188708 0.07413673400878906 8055
1783180188714 0.02292816713452339 8056
1783180188720 0.12374354153871536 8057
1783180188726 0.02305128425359726 8058
1783180188732 0.04810839146375656 8059
1783180188743 0.013330638408660889 8060
1783180188750 0.17218932509422302 8061
1783180188756 0.16809900104999542 8062
1783180188764 0.06934300065040588 8063
1783180188774 0.06358093023300171 8064
1783180188833 0.01064536813646555 8065
1783180188892 0.008697339333593845 8066
1783180188903 0.013064581900835037 8067
1783180188914 0.016889842227101326 8068
1783180188926 0.1826552152633667 8069
1783180188933 0.10858482867479324 8070
1783180188946 0.2266712635755539 8071
1783180188953 0.05922561138868332 8072
1783180188974 0.04881269484758377 8073
1783180188987 0.11691832542419434 8074
1783180188996 0.03686842322349548 8075
1783180188999 0.08085571229457855 8076
1783180189009 0.0473456084728241 8077
1783180189016 0.04917103424668312 8078
1783180189023 0.08223580569028854 8079
1783180189106 0.09645791351795197 8080
1783180189133 0.17466554045677185 8081
1783180189142 0.08005683124065399 8082
1783180189151 0.04075540229678154 8083
1783180189165 0.005094757303595543 8084
1783180189173 0.023039262741804123 8085
1783180189180 0.04846265912055969 8086
1783180189184 0.0475807748734951 8087
1783180189190 0.06278736144304276 8088
1783180189196 0.01787569746375084 8089
1783180189292 0.09393966943025589 8090
1783180189310 0.14571787416934967 8091
1783180189382 0.010274783708155155 8092
1783180189387 0.13614805042743683 8093
1783180189392 0.2808595895767212 8094
1783180189405 0.18244488537311554 8095
1783180189415 0.0051082586869597435 8096
1783180189425 0.03613318130373955 8097
1783180189435 0.040858279913663864 8098
1783180189489 0.09178708493709564 8099
1783180189526 0.00971238687634468 8100
1783180189530 0.007737242616713047 8101
1783180189534 0.2072567492723465 8102
1783180189542 0.2183281034231186 8103
1783180189546 0.12861347198486328 8104
1783180189560 0.23381419479846954 8105
1783180189565 0.16095998883247375 8106
1783180189571 0.2238595336675644 8107
1783180189577 0.12852996587753296 8108
1783180189582 0.0017493644263595343 8109
1783180189589 0.0288418959826231 8110
1783180189595 0.019445542246103287 8111
1783180189601 0.2336641103029251 8112
1783180189654 0.042806413024663925 8113
1783180189678 0.014523196034133434 8114
1783180189712 0.08613922446966171 8115
1783180189718 0.058097999542951584 8116
1783180189723 0.08077230304479599 8117
1783180189730 0.004552144557237625 8118
1783180189736 0.05257873237133026 8119
1783180189744 0.05405963957309723 8120
1783180189749 0.11462415754795074 8121
1783180189755 0.03022000379860401 8122
1783180189768 0.020467016845941544 8123
1783180189773 0.18640296161174774 8124
1783180189778 0.06363534927368164 8125
1783180189791 0.173996701836586 8126
1783180189796 0.01950409635901451 8127
1783180189806 0.03194527328014374 8128
1783180189811 0.05713501572608948 8129
1783180189816 0.015719100832939148 8130
1783180189823 0.004603099077939987 8131
1783180189829 0.03283112868666649 8132
1783180189835 0.034099724143743515 8133
1783180189848 0.03410124033689499 8134
1783180189851 0.11320364475250244 8135
1783180189899 0.04986448958516121 8136
1783180189907 0.019321106374263763 8137
1783180189912 0.09580423682928085 8138
1783180189919 0.005576123483479023 8139
1783180189942 0.00995231419801712 8140
1783180189949 0.011628672480583191 8141
1783180189955 0.17838965356349945 8142
1783180189961 0.0064043570309877396 8143
1783180189966 0.12613864243030548 8144
1783180189973 0.039257295429706573 8145
1783180189978 0.027841780334711075 8146
1783180189984 0.024636855348944664 8147
1783180190006 0.010127867572009563 8148
1783180190015 0.011587203480303288 8149
1783180190020 0.01596217416226864 8150
1783180190042 0.05709218233823776 8151
1783180190049 0.04297587275505066 8152
1783180190060 0.011359385214745998 8153
1783180190067 0.11142276227474213 8154
1783180190084 0.3349582254886627 8155
1783180190089 0.1929486244916916 8156
1783180190100 0.11786750704050064 8157
1783180190103 0.1390470266342163 8158
1783180190109 0.03802233561873436 8159
1783180190114 0.1004643589258194 8160
1783180190120 0.07089810073375702 8161
1783180190126 0.00868650060147047 8162
1783180190132 0.025809070095419884 8163
1783180190162 0.02337174490094185 8164
1783180190168 0.5777361392974854 8165
1783180190179 0.02696438692510128 8166
1783180190186 0.0362992137670517 8167
1783180190203 0.16947248578071594 8168
1783180190208 0.020960424095392227 8169
1783180190237 0.12748609483242035 8170
1783180190249 0.007987632416188717 8171
1783180190255 0.11002390831708908 8172
1783180190261 0.003840420860797167 8173
1783180190267 0.02023051679134369 8174
1783180190272 0.21636871993541718 8175
1783180190346 0.22438746690750122 8176
1783180190359 0.21363919973373413 8177
1783180190460 0.16905832290649414 8178
1783180190512 0.2511618733406067 8179
1783180190525 0.06974100321531296 8180
1783180190542 0.1670219600200653 8181
1783180190599 0.038602374494075775 8182
1783180190606 0.01798836700618267 8183
1783180190611 0.14392028748989105 8184
1783180190618 0.10440399497747421 8185
1783180190624 0.06800398975610733 8186
1783180190629 0.4869953989982605 8187
1783180190637 0.23062777519226074 8188
1783180190643 0.20192739367485046 8189
1783180190647 0.03727022930979729 8190
1783180190729 0.07536789029836655 8191
1783180190780 0.05583692342042923 8192
1783180190787 0.044860951602458954 8193
1783180190793 0.030239764600992203 8194
1783180190799 0.07329995930194855 8195
1783180190825 0.06028487905859947 8196
1783180190828 0.048165783286094666 8197
1783180190839 0.020660437643527985 8198
1783180190846 0.09360627084970474 8199
1783180190853 0.012332390993833542 8200
1783180190866 0.05406695976853371 8201
1783180190870 0.045258812606334686 8202
1783180190884 0.013629091903567314 8203
1783180190898 0.08018313348293304 8204
1783180190911 0.06752506643533707 8205
1783180190919 0.17761553823947906 8206
1783180190973 0.012562737800180912 8207
1783180190986 0.03501755744218826 8208
1783180190996 0.020637860521674156 8209
1783180191002 0.0067687188275158405 8210
1783180191010 0.114932581782341 8211
1783180191020 0.03853851184248924 8212
1783180191030 0.11264549195766449 8213
1783180191035 0.014193580485880375 8214
1783180191043 0.19398312270641327 8215
1783180191049 0.0407746285200119 8216
1783180191059 0.034679654985666275 8217
1783180191066 0.14228428900241852 8218
1783180191072 0.005069130100309849 8219
1783180191078 0.0499257817864418 8220
1783180191087 0.11973938345909119 8221
1783180191096 0.011060541495680809 8222
1783180191102 0.014469108544290066 8223
1783180191110 0.019621368497610092 8224
1783180191116 0.141544371843338 8225
1783180191121 0.006710778456181288 8226
1783180191127 0.002571417484432459 8227
1783180191134 0.08993463218212128 8228
1783180191140 0.1601540744304657 8229
1783180191153 0.08659109473228455 8230
1783180191186 0.003206454450264573 8231
1783180191197 0.06436567008495331 8232
1783180191210 0.037733811885118484 8233
1783180191216 0.01865030825138092 8234
1783180191221 0.00792083702981472 8235
1783180191235 0.015374816954135895 8236
1783180191246 0.05691966414451599 8237
1783180191357 0.0960538312792778 8238
1783180191451 0.010208012536168098 8239
1783180191565 0.0590069554746151 8240
1783180191611 0.03302181512117386 8241
1783180191651 0.0013106134720146656 8242
1783180191665 0.052267465740442276 8243
1783180191675 0.026939934119582176 8244
1783180191686 0.03635670244693756 8245
1783180191732 0.02999645285308361 8246
1783180191740 0.019500358030200005 8247
1783180191759 0.09662597626447678 8248
1783180191770 0.04198154807090759 8249
1783180191782 0.046954043209552765 8250
1783180191800 0.052402839064598083 8251
1783180191849 0.05721263960003853 8252
1783180191888 0.03676464781165123 8253
1783180191935 0.1413695216178894 8254
1783180191972 0.08717790246009827 8255
1783180191982 0.02739957720041275 8256
1783180192013 0.010962041094899178 8257
1783180192064 0.04533936455845833 8258
1783180192076 0.05796169117093086 8259
1783180192084 0.11353293806314468 8260
1783180192090 0.1717924326658249 8261
1783180192097 0.20698843896389008 8262
1783180192107 0.044895146042108536 8263
1783180192196 0.012198607437312603 8264
1783180192203 0.18483848869800568 8265
1783180192215 0.23814521729946136 8266
1783180192250 0.11214490979909897 8267
1783180192325 0.0049878861755132675 8268
1783180192340 0.191983163356781 8269
1783180192348 0.17559899389743805 8270
1783180192356 0.16260100901126862 8271
1783180192369 0.04641735926270485 8272
1783180192391 0.04370652511715889 8273
1783180192486 0.08773913234472275 8274
1783180192508 0.04690489545464516 8275
1783180192528 0.02807929553091526 8276
1783180192545 0.10953300446271896 8277
1783180192576 0.13106656074523926 8278
1783180192591 0.047877468168735504 8279
1783180192599 0.1595168113708496 8280
1783180192610 0.030119935050606728 8281
1783180192622 0.15929901599884033 8282
1783180192649 0.04173840954899788 8283
1783180192678 0.1222928911447525 8284
1783180192781 0.021022900938987732 8285
1783180192889 0.03629099577665329 8286
1783180192980 0.018673989921808243 8287
1783180193057 0.10515812784433365 8288
1783180193089 0.08736556768417358 8289
1783180193139 0.016128582879900932 8290
1783180193190 0.31666237115859985 8291
1783180193201 0.02440490759909153 8292
1783180193212 0.18302775919437408 8293
1783180193221 0.08465814590454102 8294
1783180193314 0.09798035025596619 8295
1783180193356 0.16062480211257935 8296
1783180193389 0.1593519151210785 8297
1783180193483 0.47120410203933716 8298
1783180193538 0.11369135230779648 8299
1783180193627 0.06477871537208557 8300
1783180193738 0.03825380280613899 8301
1783180193833 0.012835202738642693 8302
1783180193932 0.023637846112251282 8303
1783180194036 0.003448055125772953 8304
1783180194140 0.023397134616971016 8305
1783180194245 0.0034017537254840136 8306
1783180194348 0.23231126368045807 8307
1783180194445 0.10924951732158661 8308
1783180194549 0.052589088678359985 8309
1783180194658 0.03874748572707176 8310
1783180194752 0.10190358757972717 8311
1783180194857 0.01811923459172249 8312
1783180194965 0.008517858572304249 8313
1783180195063 0.0053730434738099575 8314
1783180195166 0.1393621265888214 8315
1783180195174 0.022899629548192024 8316
1783180195187 0.008521107025444508 8317
1783180195204 0.03478964418172836 8318
1783180195218 0.003983628004789352 8319
1783180195290 0.38326162099838257 8320
1783180195305 0.003534988034516573 8321
1783180195387 0.15016783773899078 8322
1783180195399 0.024231363087892532 8323
1783180195407 0.007644709665328264 8324
1783180195424 0.062865249812603 8325
1783180195434 0.026232533156871796 8326
1783180195444 0.04396648332476616 8327
1783180195449 0.004151882138103247 8328
1783180195455 0.013253986835479736 8329
1783180195462 0.021041378378868103 8330
1783180195521 0.07407751679420471 8331
1783180195538 0.012792203575372696 8332
1783180195552 0.03497375175356865 8333
1783180195562 0.204999640583992 8334
1783180195568 0.06403201818466187 8335
1783180195573 0.030639976263046265 8336
1783180195580 0.08326421678066254 8337
1783180195586 0.005127970594912767 8338
1783180195682 0.024037634953856468 8339
1783180195701 0.009613772854208946 8340
1783180195706 0.10722167789936066 8341
1783180195713 0.04511917755007744 8342
1783180195726 0.1836508810520172 8343
1783180195790 0.05605136230587959 8344
1783180195800 0.02754400670528412 8345
1783180195807 0.09497765451669693 8346
1783180195814 0.006364094093441963 8347
1783180195822 0.031674984842538834 8348
1783180195831 0.10256577283143997 8349
1783180195834 0.07837875932455063 8350
1783180195852 0.3788886070251465 8351
1783180195879 0.0051566497422754765 8352
1783180195899 0.036709774285554886 8353
1783180195910 0.03655305504798889 8354
1783180195926 0.27335649728775024 8355
1783180195931 0.01465050783008337 8356
1783180195939 0.029260903596878052 8357
1783180195950 0.0023655437398701906 8358
1783180195970 0.12584203481674194 8359
1783180196050 0.03476769104599953 8360
1783180196063 0.014752937480807304 8361
1783180196157 0.011849479749798775 8362
1783180196257 0.006164950784295797 8363
1783180196363 0.07906842231750488 8364
1783180196463 0.0666041150689125 8365
1783180196478 0.07101988792419434 8366
1783180196488 0.022483255714178085 8367
1783180196496 0.041858140379190445 8368
1783180196509 0.03186843544244766 8369
1783180196512 0.03174697235226631 8370
1783180196517 0.049396611750125885 8371
1783180196523 0.03982482850551605 8372
1783180196530 0.05075067654252052 8373
1783180196535 0.19730690121650696 8374
1783180196619 0.08722661435604095 8375
1783180196629 0.2124013602733612 8376
1783180196638 0.013251451775431633 8377
1783180196644 0.06011800467967987 8378
1783180196650 0.15521501004695892 8379
1783180196656 0.04254620522260666 8380
1783180196665 0.3768158555030823 8381
1783180196768 0.09231925010681152 8382
1783180196827 0.006839912850409746 8383
1783180196881 0.002335004275664687 8384
1783180196887 0.024421777576208115 8385
1783180196900 0.06661663949489594 8386
1783180196914 0.022484872490167618 8387
1783180197004 0.0019148626597598195 8388
1783180197013 0.02646571770310402 8389
1783180197019 0.014239841140806675 8390
1783180197025 0.1593979150056839 8391
1783180197032 0.042229171842336655 8392
1783180197037 0.004575545899569988 8393
1783180197132 0.014253158122301102 8394
1783180197142 0.012109493836760521 8395
1783180197150 0.006203591823577881 8396
1783180197157 0.024621812626719475 8397
1783180197216 0.03691047430038452 8398
1783180197256 0.07076852768659592 8399
1783180197295 0.009954259730875492 8400
1783180197352 0.012004298157989979 8401
1783180197369 0.03150906413793564 8402
1783180197376 0.019482538104057312 8403
1783180197484 0.021335536614060402 8404
1783180197580 0.13075630366802216 8405
1783180197685 0.02156110294163227 8406
1783180197759 0.001763792708516121 8407
1783180197765 0.00913950428366661 8408
1783180197773 0.20775777101516724 8409
1783180197796 0.19756875932216644 8410
1783180197802 0.15822145342826843 8411
1783180197805 0.09731943160295486 8412
1783180197811 0.007046458311378956 8413
1783180197818 0.2531205713748932 8414
1783180197826 0.008270666934549809 8415
1783180197850 0.2788550853729248 8416
1783180197860 0.0021444198209792376 8417
1783180197865 0.2928011417388916 8418
1783180197870 0.08265373855829239 8419
1783180197875 0.07917112112045288 8420
1783180197920 0.034914691001176834 8421
1783180197939 0.16147825121879578 8422
1783180197949 0.033681999891996384 8423
1783180197962 0.0026757419109344482 8424
1783180197975 0.006974836345762014 8425
1783180198074 0.10693921148777008 8426
1783180198139 0.016780467703938484 8427
1783180198156 0.14760133624076843 8428
1783180198164 0.01909645088016987 8429
1783180198167 0.022830063477158546 8430
1783180198212 0.005708617623895407 8431
1783180198217 0.02607373334467411 8432
1783180198224 0.04551342874765396 8433
1783180198229 0.04852621257305145 8434
1783180198240 0.10700325667858124 8435
1783180198252 0.07690773904323578 8436
1783180198353 0.1327250748872757 8437
1783180198448 0.12205848097801208 8438
1783180198483 0.03912192955613136 8439
1783180198487 0.001278364914469421 8440
1783180198494 0.00420710863545537 8441
1783180198499 0.18151026964187622 8442
1783180198506 0.11999324709177017 8443
1783180198512 0.03585611656308174 8444
1783180198541 0.00739280367270112 8445
1783180198642 0.2241487205028534 8446
1783180198744 0.012203114107251167 8447
1783180198847 0.026710473001003265 8448
1783180198948 0.04785720258951187 8449
1783180199062 0.10174518078565598 8450
1783180199164 0.006244868040084839 8451
1783180199266 0.28975361585617065 8452
1783180199365 0.01015408243983984 8453
1783180199465 0.07388439029455185 8454
1783180199566 0.06724650412797928 8455
1783180199657 0.11592110991477966 8456
1783180199759 0.17953810095787048 8457
1783180199803 0.1117357537150383 8458
1783180199809 0.1169750839471817 8459
1783180199814 0.009724155999720097 8460
1783180199822 0.06357479095458984 8461
1783180199827 0.02704126387834549 8462
1783180199833 0.002007442992180586 8463
1783180199843 0.03765362128615379 8464
1783180199855 0.00975518673658371 8465
1783180199959 0.07678762823343277 8466
1783180200063 0.0526600107550621 8467
1783180200164 0.012903638184070587 8468
1783180200261 0.14213405549526215 8469
1783180200363 0.015471234917640686 8470
1783180200457 0.10005906969308853 8471
1783180200572 0.021008042618632317 8472
1783180200675 0.23954720795154572 8473
1783180200773 0.011515697464346886 8474
1783180200869 0.12658049166202545 8475
1783180200960 0.3421052396297455 8476
1783180201042 0.015331538394093513 8477
1783180201127 0.2401552051305771 8478
1783180201138 0.21905389428138733 8479
1783180201152 0.07340124249458313 8480
1783180201158 0.15903174877166748 8481
1783180201170 0.3105776906013489 8482
1783180201184 0.06514467298984528 8483
1783180201198 0.022150881588459015 8484
1783180201206 0.16062450408935547 8485
1783180201212 0.07276062667369843 8486
1783180201216 0.08546023815870285 8487
1783180201222 0.00539263803511858 8488
1783180201240 0.026556340977549553 8489
1783180201260 0.014900111593306065 8490
1783180201279 0.0076043810695409775 8491
1783180201288 0.04592745006084442 8492
1783180201320 0.0670829713344574 8493
1783180201327 0.01019231602549553 8494
1783180201338 0.09560047835111618 8495
1783180201346 0.11184138804674149 8496
1783180201351 0.029236052185297012 8497
1783180201355 0.04709606245160103 8498
1783180201362 0.0663393884897232 8499
1783180201397 0.013950414024293423 8500
1783180201404 0.13614125549793243 8501
1783180201411 0.32185593247413635 8502
1783180201417 0.006153621710836887 8503
1783180201424 0.1129835769534111 8504
1783180201455 0.24074552953243256 8505
1783180201460 0.009000114165246487 8506
1783180201467 0.07828223705291748 8507
1783180201480 0.0254821814596653 8508
1783180201485 0.04134582355618477 8509
1783180201490 0.019807886332273483 8510
1783180201586 0.015030457638204098 8511
1783180201689 0.10808487981557846 8512
1783180201783 0.1511940062046051 8513
1783180201877 0.08798005431890488 8514
1783180201973 0.001848640851676464 8515
1783180202075 0.06286521255970001 8516
1783180202172 0.041639067232608795 8517
1783180202268 0.325069397687912 8518
1783180202362 0.20204783976078033 8519
1783180202457 0.024108845740556717 8520
1783180202559 0.053367048501968384 8521
1783180202657 0.19373677670955658 8522
1783180202707 0.1598290055990219 8523
1783180202812 0.010016457177698612 8524
1783180202920 0.016107309609651566 8525
1783180203019 0.11772788316011429 8526
1783180203125 0.0023895392660051584 8527
1783180203226 0.046697843819856644 8528
1783180203328 0.4260047674179077 8529
1783180203425 0.03148994594812393 8530
1783180203525 0.00932286772876978 8531
1783180203632 0.32118621468544006 8532
1783180203735 0.10747615993022919 8533
1783180203839 0.1026686504483223 8534
1783180203912 0.047359105199575424 8535
1783180203927 0.22923818230628967 8536
1783180203938 0.12056363373994827 8537
1783180203965 0.0022285091690719128 8538
1783180203984 0.015350515954196453 8539
1783180203994 0.05180086940526962 8540
1783180204001 0.023881997913122177 8541
1783180204010 0.10538022965192795 8542
1783180204034 0.019604690372943878 8543
1783180204040 0.021007366478443146 8544
1783180204049 0.1090611144900322 8545
1783180204053 0.10837780684232712 8546
1783180204060 0.01601613499224186 8547
1783180204065 0.1897483468055725 8548
1783180204072 0.03418685495853424 8549
1783180204089 0.0033829824533313513 8550
1783180204111 0.03073582611978054 8551
1783180204115 0.026436379179358482 8552
1783180204120 0.05826827138662338 8553
1783180204144 0.07779037207365036 8554
1783180204153 0.1992901861667633 8555
1783180204158 0.010836184956133366 8556
1783180204163 0.08875885605812073 8557
1783180204170 0.011781543493270874 8558
1783180204176 0.10529334098100662 8559
1783180204182 0.1076207309961319 8560
1783180204187 0.0054393187165260315 8561
1783180204196 0.022340595722198486 8562
1783180204203 0.015378538519144058 8563
1783180204207 0.015475145541131496 8564
1783180204213 0.019379058852791786 8565
1783180204219 0.022848263382911682 8566
1783180204225 0.03050115704536438 8567
1783180204231 0.27561721205711365 8568
1783180204247 0.05595129728317261 8569
1783180204253 0.01589522697031498 8570
1783180204258 0.08092880994081497 8571
1783180204264 0.003644414246082306 8572
1783180204269 0.014264088124036789 8573
1783180204274 0.14966095983982086 8574
1783180204279 0.039362046867609024 8575
1783180204293 0.013586597517132759 8576
1783180204299 0.0251927450299263 8577
1783180204305 0.02695581689476967 8578
1783180204310 0.09929026663303375 8579
1783180204317 0.03263188526034355 8580
1783180204323 0.009424826130270958 8581
1783180204335 0.22016151249408722 8582
1783180204340 0.07138331234455109 8583
1783180204353 0.01419245358556509 8584
1783180204359 0.0026168718468397856 8585
1783180204462 0.055164311081171036 8586
1783180204513 0.17961347103118896 8587
1783180204525 0.36755549907684326 8588
1783180204555 0.11596286296844482 8589
1783180204572 0.02149779349565506 8590
1783180204591 0.058599937707185745 8591
1783180204625 0.05204617232084274 8592
1783180204718 0.10718145221471786 8593
1783180204774 0.02701966091990471 8594
1783180204780 0.11917287111282349 8595
1783180204800 0.024532850831747055 8596
1783180204874 0.34319743514060974 8597
1783180204883 0.20301489531993866 8598
1783180204907 0.005779413506388664 8599
1783180204913 0.0580453984439373 8600
1783180204920 0.008113152347505093 8601
1783180204999 0.01883377879858017 8602
1783180205012 0.049338918179273605 8603
1783180205018 0.06797809898853302 8604
1783180205022 0.01408486720174551 8605
1783180205028 0.0387849323451519 8606
1783180205040 0.11876413971185684 8607
1783180205046 0.02660858817398548 8608
1783180205059 0.2575054466724396 8609
1783180205065 0.4104119539260864 8610
1783180205074 0.020520297810435295 8611
1783180205082 0.0072938986122608185 8612
1783180205093 0.05014578625559807 8613
1783180205099 0.03267141431570053 8614
1783180205193 0.11253490298986435 8615
1783180205293 0.12404654920101166 8616
1783180205374 0.007070085499435663 8617
1783180205441 0.05729066580533981 8618
1783180205452 0.01248256303369999 8619
1783180205478 0.06048067286610603 8620
1783180205484 0.011332280933856964 8621
1783180205490 0.013763166032731533 8622
1783180205496 0.05812538042664528 8623
1783180205500 0.018536735326051712 8624
1783180205510 0.011862761341035366 8625
1783180205516 0.015953294932842255 8626
1783180205527 0.007354946807026863 8627
1783180205534 0.21287760138511658 8628
1783180205540 0.20241032540798187 8629
1783180205546 0.20194585621356964 8630
1783180205587 0.08558730036020279 8631
1783180205624 0.1612858921289444 8632
1783180205628 0.0752548798918724 8633
1783180205634 0.028530126437544823 8634
1783180205640 0.006134944502264261 8635
1783180205646 0.04531313106417656 8636
1783180205652 0.00786979217082262 8637
1783180205658 0.13077282905578613 8638
1783180205664 0.0380273275077343 8639
1783180205671 0.10245581716299057 8640
1783180205676 0.07359246164560318 8641
1783180205682 0.06786106526851654 8642
1783180205771 0.014241169206798077 8643
1783180205866 0.12209561467170715 8644
1783180205967 0.045700494199991226 8645
1783180206070 0.11260117590427399 8646
1783180206099 0.11762864887714386 8647
1783180206109 0.0742422565817833 8648
1783180206117 0.09206485748291016 8649
1783180206130 0.08051331341266632 8650
1783180206136 0.11325611174106598 8651
1783180206201 0.0693480595946312 8652
1783180206211 0.010145911946892738 8653
1783180206220 0.01212900597602129 8654
1783180206237 0.2756018340587616 8655
1783180206270 0.001326083205640316 8656
1783180206307 0.04600415751338005 8657
1783180206315 0.06881139427423477 8658
1783180206332 0.1574607789516449 8659
1783180206339 0.003528077155351639 8660
1783180206370 0.2188996821641922 8661
1783180206380 0.038857750594615936 8662
1783180206415 0.04620467498898506 8663
1783180206457 0.47048693895339966 8664
1783180206542 0.000717666931450367 8665
1783180206571 0.06078893691301346 8666
1783180206601 0.33177831768989563 8667
1783180206675 0.016427114605903625 8668
1783180206707 0.011320049874484539 8669
1783180206711 0.06325875222682953 8670
1783180206718 0.3431868553161621 8671
1783180206725 0.05225854367017746 8672
1783180206736 0.44510701298713684 8673
1783180206837 0.02606041170656681 8674
1783180206937 0.020278651267290115 8675
1783180207045 0.0788174644112587 8676
1783180207150 0.026372762396931648 8677
1783180207253 0.008354613557457924 8678
1783180207358 0.015286137349903584 8679
1783180207410 0.13468582928180695 8680
1783180207428 0.007964535616338253 8681
1783180207473 0.17773768305778503 8682
1783180207491 0.21945752203464508 8683
1783180207534 0.04092424735426903 8684
1783180207632 0.135243758559227 8685
1783180207724 0.15698644518852234 8686
1783180207767 0.20370374619960785 8687
1783180207810 0.027548080310225487 8688
1783180207826 0.1348821371793747 8689
1783180207838 0.03499794378876686 8690
1783180207853 0.063029445707798 8691
1783180207867 0.08123673498630524 8692
1783180207960 0.1592794507741928 8693
1783180208063 0.07050235569477081 8694
1783180208178 0.08612377941608429 8695
1783180208281 0.12618549168109894 8696
1783180208373 0.018594492226839066 8697
1783180208464 0.03291625156998634 8698
1783180208570 0.009176760911941528 8699
1783180208682 0.008105370216071606 8700
1783180208791 0.024939190596342087 8701
1783180208891 0.10928777605295181 8702
1783180208994 0.0679038017988205 8703
1783180209093 0.18010403215885162 8704
1783180209193 0.23434467613697052 8705
1783180209291 0.11329380422830582 8706
1783180209388 0.062133945524692535 8707
1783180209486 0.02966182306408882 8708
1783180209582 0.017785463482141495 8709
1783180209682 0.10289567708969116 8710
1783180209794 0.11926654726266861 8711
1783180209901 0.01521849911659956 8712
1783180209999 0.1501474827528 8713
1783180210099 0.014018849469721317 8714
1783180210168 0.2113119512796402 8715
1783180210176 0.18024936318397522 8716
1783180210186 0.17471696436405182 8717
1783180210196 0.09739306569099426 8718
1783180210301 0.18476969003677368 8719
1783180210391 0.027820434421300888 8720
1783180210491 0.012367437593638897 8721
1783180210576 0.03437633067369461 8722
1783180210585 0.019323959946632385 8723
1783180210597 0.06917192786931992 8724
1783180210600 0.011523023247718811 8725
1783180210702 0.1698828637599945 8726
1783180210713 0.04800457879900932 8727
1783180210750 0.016061943024396896 8728
1783180210842 0.062132805585861206 8729
1783180210865 0.075095996260643 8730
1783180210879 0.07938854396343231 8731
1783180210886 0.08940690010786057 8732
1783180210962 0.050729505717754364 8733
1783180210969 0.04562867432832718 8734
1783180210980 0.004749075509607792 8735
1783180210987 0.10890088975429535 8736
1783180210994 0.010864564217627048 8737
1783180210999 0.011988981626927853 8738
1783180211010 0.24047553539276123 8739
1783180211015 0.057591576129198074 8740
1783180211024 0.07739516347646713 8741
1783180211074 0.004148122854530811 8742
1783180211080 0.21731582283973694 8743
1783180211086 0.10772691667079926 8744
1783180211092 0.0825708732008934 8745
1783180211177 0.0578153058886528 8746
1783180211267 0.04061674326658249 8747
1783180211275 0.07169336825609207 8748
1783180211292 0.015482855029404163 8749
1783180211299 0.006934002041816711 8750
1783180211308 0.06377355009317398 8751
1783180211366 0.008807642385363579 8752
1783180211386 0.03671771287918091 8753
1783180211397 0.09185697138309479 8754
1783180211416 0.21905647218227386 8755
1783180211507 0.008132236078381538 8756
1783180211527 0.03786487877368927 8757
1783180211539 0.041454389691352844 8758
1783180211545 0.16231662034988403 8759
1783180211636 0.01805821806192398 8760
1783180211653 0.016303442418575287 8761
1783180211685 0.014992620795965195 8762
1783180211694 0.12083934247493744 8763
1783180211701 0.22721053659915924 8764
1783180211764 0.041846416890621185 8765
1783180211796 0.016772404313087463 8766
1783180211803 0.13141368329524994 8767
1783180211816 0.04603744298219681 8768
1783180211823 0.03901548311114311 8769
1783180211832 0.02163582295179367 8770
1783180211841 0.04132629558444023 8771
1783180211848 0.13843786716461182 8772
1783180211858 0.095921590924263 8773
1783180211948 0.023835191503167152 8774
1783180211957 0.038474418222904205 8775
1783180211964 0.10656354576349258 8776
1783180211976 0.03831220790743828 8777
1783180211981 0.0078035262413322926 8778
1783180212070 0.2659263610839844 8779
1783180212078 0.018781689926981926 8780
1783180212085 0.1351093351840973 8781
1783180212090 0.004441959783434868 8782
1783180212111 0.1267952173948288 8783
1783180212119 0.00924302451312542 8784
1783180212123 0.01500321552157402 8785
1783180212130 0.21919384598731995 8786
1783180212135 0.28079599142074585 8787
1783180212145 0.023845147341489792 8788
1783180212148 0.032915759831666946 8789
1783180212166 0.14156797528266907 8790
1783180212180 0.007461656350642443 8791
1783180212187 0.0068898932076990604 8792
1783180212198 0.10412222892045975 8793
1783180212245 0.059889890253543854 8794
1783180212262 0.009439915418624878 8795
1783180212274 0.11184955388307571 8796
1783180212281 0.004525274503976107 8797
1783180212286 0.08484870195388794 8798
1783180212315 0.005845590494573116 8799
1783180212322 0.21727204322814941 8800
1783180212346 0.008974982425570488 8801
1783180212355 0.028342576697468758 8802
1783180212407 0.022114666178822517 8803
1783180212428 0.028753390535712242 8804
1783180212436 0.11875725537538528 8805
1783180212441 0.10114704817533493 8806
1783180212446 0.056314654648303986 8807
1783180212458 0.05495819076895714 8808
1783180212465 0.04146602377295494 8809
1783180212471 0.18392132222652435 8810
1783180212476 0.0012164507061243057 8811
1783180212485 0.22356589138507843 8812
1783180212601 0.07581478357315063 8813
1783180212708 0.04424377903342247 8814
1783180212813 0.014631161466240883 8815
1783180212929 0.31717753410339355 8816
1783180213030 0.13606801629066467 8817
1783180213136 0.1476285457611084 8818
1783180213239 0.007180253509432077 8819
1783180213341 0.27774855494499207 8820
1783180213441 0.005214775446802378 8821
1783180213542 0.1802835464477539 8822
1783180213647 0.13136151432991028 8823
1783180213747 0.24981603026390076 8824
1783180213855 0.10100953280925751 8825
1783180213966 0.01729765720665455 8826
1783180214074 0.1305457502603531 8827
1783180214177 0.022265708073973656 8828
1783180214269 0.1422671675682068 8829
1783180214374 0.004283222835510969 8830
1783180214482 0.003219898557290435 8831
1783180214525 0.014862648211419582 8832
1783180214542 0.19365087151527405 8833
1783180214549 0.04624021798372269 8834
1783180214578 0.25647926330566406 8835
1783180214616 0.0173666849732399 8836
1783180214623 0.0029797113966196775 8837
1783180214626 0.0044092657044529915 8838
1783180214633 0.05421902984380722 8839
1783180214639 0.10611149668693542 8840
1783180214646 0.049387648701667786 8841
1783180214652 0.0907931923866272 8842
1783180214657 0.01128329336643219 8843
1783180214664 0.13000380992889404 8844
1783180214676 0.004127864260226488 8845
1783180214690 0.01509134192019701 8846
1783180214743 0.05963270366191864 8847
1783180214746 0.08286593854427338 8848
1783180214753 0.039462652057409286 8849
1783180214766 0.02349080704152584 8850
1783180214771 0.16496066749095917 8851
1783180214779 0.03164476156234741 8852
1783180214792 0.1098986491560936 8853
1783180214797 0.029435142874717712 8854
1783180214801 0.4896775186061859 8855
1783180214814 0.0024210456758737564 8856
1783180214821 0.03654005751013756 8857
1783180214828 0.08021614700555801 8858
1783180214834 0.06920939683914185 8859
1783180214840 0.06086510792374611 8860
1783180214845 0.04217815399169922 8861
1783180214850 0.1584278643131256 8862
1783180214857 0.019030293449759483 8863
1783180214869 0.07461334019899368 8864
1783180214888 0.060339733958244324 8865
1783180214893 0.06128133833408356 8866
1783180214912 0.021777240559458733 8867
1783180214927 0.12108073383569717 8868
1783180214952 0.13169793784618378 8869
1783180215013 0.1978905200958252 8870
1783180215075 0.058532360941171646 8871
1783180215091 0.021805791184306145 8872
1783180215098 0.22264614701271057 8873
1783180215104 0.03280157595872879 8874
1783180215187 0.005994326435029507 8875
1783180215192 0.014085868373513222 8876
1783180215200 0.03295154497027397 8877
1783180215222 0.005186361726373434 8878
1783180215230 0.2595149576663971 8879
1783180215312 0.08772604912519455 8880
1783180215318 0.16936573386192322 8881
1783180215324 0.39577800035476685 8882
1783180215330 0.217579185962677 8883
1783180215337 0.3018348813056946 8884
1783180215342 0.32502737641334534 8885
1783180215419 0.005333161912858486 8886
1783180215521 0.032390084117650986 8887
1783180215624 0.07403839379549026 8888
1783180215726 0.0046889521181583405 8889
1783180215828 0.007688248995691538 8890
1783180215933 0.03964746743440628 8891
1783180216026 0.09598346054553986 8892
1783180216124 0.013186977244913578 8893
1783180216219 0.07950761914253235 8894
1783180216321 0.004531602840870619 8895
1783180216422 0.03718610852956772 8896
1783180216518 0.06640931963920593 8897
1783180216620 0.003421628614887595 8898
1783180216708 0.028410034254193306 8899
1783180216813 0.02483733370900154 8900
1783180216820 0.01701144315302372 8901
1783180216831 0.02047213725745678 8902
1783180216899 0.03512644022703171 8903
1783180216906 0.042727116495370865 8904
1783180216911 0.20544637739658356 8905
1783180216916 0.07151933014392853 8906
1783180216921 0.009624069556593895 8907
1783180216931 0.06679196655750275 8908
1783180216935 0.07645932585000992 8909
1783180216941 0.012081586755812168 8910
1783180216948 0.016299279406666756 8911
1783180216953 0.02173738181591034 8912
1783180216965 0.183034285902977 8913
1783180216971 0.00420804787427187 8914
1783180216980 0.009309796616435051 8915
1783180216988 0.00863424688577652 8916
1783180217006 0.0989789292216301 8917
1783180217025 0.19845817983150482 8918
1783180217055 0.009018921293318272 8919
1783180217063 0.21254779398441315 8920
1783180217067 0.01650301367044449 8921
1783180217086 0.07207147032022476 8922
1783180217092 0.00209994544275105 8923
1783180217110 0.2106761783361435 8924
1783180217115 0.03817807883024216 8925
1783180217121 0.06152444705367088 8926
1783180217127 0.007913554087281227 8927
1783180217131 0.04264752194285393 8928
1783180217135 0.03841165080666542 8929
1783180217141 0.07261791825294495 8930
1783180217149 0.26358267664909363 8931
1783180217154 0.14365306496620178 8932
1783180217160 0.051630567759275436 8933
1783180217166 0.028525585308670998 8934
1783180217171 0.09711657464504242 8935
1783180217207 0.09453992545604706 8936
1783180217215 0.031696707010269165 8937
1783180217220 0.12876643240451813 8938
1783180217224 0.3129763901233673 8939
1783180217232 0.012611031532287598 8940
1783180217241 0.04252558946609497 8941
1783180217248 0.013535103760659695 8942
1783180217254 0.07753607630729675 8943
1783180217260 0.17524631321430206 8944
1783180217266 0.2330990880727768 8945
1783180217271 0.0020575756207108498 8946
1783180217277 0.19834905862808228 8947
1783180217282 0.08930286020040512 8948
1783180217287 0.08346593379974365 8949
1783180217293 0.05671858415007591 8950
1783180217299 0.01195895578712225 8951
1783180217305 0.04163266718387604 8952
1783180217311 0.05229686573147774 8953
1783180217320 0.01772681251168251 8954
1783180217370 0.02894248627126217 8955
1783180217459 0.08240590244531631 8956
1783180217466 0.04370175674557686 8957
1783180217472 0.040107764303684235 8958
1783180217494 0.09237257391214371 8959
1783180217558 0.013242569752037525 8960
1783180217605 0.011740939691662788 8961
1783180217663 0.0037152348086237907 8962
1783180217770 0.027290161699056625 8963
1783180217883 0.0065037161111831665 8964
1783180217981 0.05585496127605438 8965
1783180218086 0.018604964017868042 8966
1783180218100 0.006754090078175068 8967
1783180218126 0.012059369124472141 8968
1783180218141 0.05787141993641853 8969
1783180218150 0.011910414323210716 8970
1783180218160 0.28603965044021606 8971
1783180218168 0.04885891452431679 8972
1783180218175 0.05323202162981033 8973
1783180218197 0.08597742021083832 8974
1783180218210 0.12319687008857727 8975
1783180218226 0.016805138438940048 8976
1783180218244 0.2061627060174942 8977
1783180218265 0.011383675038814545 8978
1783180218281 0.010253626853227615 8979
1783180218295 0.024753909558057785 8980
1783180218303 0.006838721688836813 8981
1783180218324 0.05619804933667183 8982
1783180218421 0.04646659642457962 8983
1783180218527 0.0014277308946475387 8984
1783180218638 0.2505682110786438 8985
1783180218732 0.29906952381134033 8986
1783180218776 0.06151100993156433 8987
1783180218813 0.2405235916376114 8988
1783180218820 0.007624169811606407 8989
1783180218829 0.07148808240890503 8990
1783180218836 0.06555095314979553 8991
1783180218845 0.024587655439972878 8992
1783180218851 0.006792011205106974 8993
1783180218854 0.02020714432001114 8994
1783180218866 0.02678227238357067 8995
1783180218885 0.05798472464084625 8996
1783180218889 0.0028300464618951082 8997
1783180218895 0.007657558191567659 8998
1783180218907 0.0036684060469269753 8999
1783180218913 0.05851425230503082 9000
1783180218920 0.039951007813215256 9001
1783180218926 0.004037625156342983 9002
1783180218938 0.02334987372159958 9003
1783180218944 0.08258507400751114 9004
1783180218951 0.002333940239623189 9005
1783180218954 0.15177807211875916 9006
1783180218958 0.0038695945404469967 9007
1783180218964 0.09444362670183182 9008
1783180218970 0.3473970890045166 9009
1783180218975 0.16545240581035614 9010
1783180218983 0.09498220682144165 9011
1783180218990 0.004807699006050825 9012
1783180219045 0.015909383073449135 9013
1783180219064 0.3210349977016449 9014
1783180219073 0.0014952425844967365 9015
1783180219077 0.2760899066925049 9016
1783180219084 0.03584961220622063 9017
1783180219097 0.02933335304260254 9018
1783180219105 0.016295887529850006 9019
1783180219110 0.16128239035606384 9020
1783180219115 0.02546653337776661 9021
1783180219121 0.013567031361162663 9022
1783180219129 0.02655135653913021 9023
1783180219136 0.09168057888746262 9024
1783180219142 0.06029343232512474 9025
1783180219154 0.05191578343510628 9026
1783180219165 0.3641004264354706 9027
1783180219172 0.008632154203951359 9028
1783180219192 0.16904588043689728 9029
1783180219198 0.11675243079662323 9030
1783180219205 0.185540109872818 9031
1783180219210 0.09267659485340118 9032
1783180219216 0.01436479203402996 9033
1783180219222 0.02808295376598835 9034
1783180219228 0.06378348171710968 9035
1783180219235 0.007994890213012695 9036
1783180219240 0.058002907782793045 9037
1783180219246 0.16888126730918884 9038
1783180219254 0.022402329370379448 9039
1783180219260 0.0025563244707882404 9040
1783180219265 0.1840253621339798 9041
1783180219270 0.053080715239048004 9042
1783180219283 0.06002099812030792 9043
1783180219303 0.006147460546344519 9044
1783180219314 0.11799681186676025 9045
1783180219320 0.07092595100402832 9046
1783180219332 0.018231689929962158 9047
1783180219337 0.005252908915281296 9048
1783180219342 0.11361051350831985 9049
1783180219348 0.03370599448680878 9050
1783180219359 0.0717162936925888 9051
1783180219365 0.03067089058458805 9052
1783180219372 0.0173056498169899 9053
1783180219378 0.0916501060128212 9054
1783180219386 0.12885184586048126 9055
1783180219389 0.1301688551902771 9056
1783180219394 0.02224552072584629 9057
1783180219400 0.3242000937461853 9058
1783180219408 0.03735203668475151 9059
1783180219412 0.0532212033867836 9060
1783180219419 0.0021071447990834713 9061
1783180219422 0.007121519651263952 9062
1783180219428 0.03661981597542763 9063
1783180219443 0.01831541396677494 9064
1783180219456 0.09191364794969559 9065
1783180219462 0.022057566791772842 9066
1783180219468 0.013564649038016796 9067
1783180219473 0.008938551880419254 9068
1783180219481 0.050412051379680634 9069
1783180219486 0.1569278985261917 9070
1783180219491 0.036687012761831284 9071
1783180219494 0.0047048539854586124 9072
1783180219498 0.12133175879716873 9073
1783180219596 0.027855589985847473 9074
1783180219670 0.2041103094816208 9075
1783180219707 0.016223859041929245 9076
1783180219713 0.24917618930339813 9077
1783180219733 0.06762710213661194 9078
1783180219739 0.060822341591119766 9079
1783180219745 0.021378545090556145 9080
1783180219761 0.08299765735864639 9081
1783180219769 0.4734173119068146 9082
1783180219774 0.08772614598274231 9083
1783180219787 0.009231073781847954 9084
1783180219791 0.04157862439751625 9085
1783180219808 0.029665464535355568 9086
1783180219814 0.015460122376680374 9087
1783180219821 0.025830281898379326 9088
1783180219824 0.17447718977928162 9089
1783180219836 0.01558172982186079 9090
1783180219843 0.13058173656463623 9091
1783180219847 0.1489284336566925 9092
1783180219853 0.04461340978741646 9093
1783180219859 0.05122162401676178 9094
1783180219865 0.020944371819496155 9095
1783180219871 0.06427650153636932 9096
1783180219877 0.1478918194770813 9097
1783180219885 0.001188633032143116 9098
1783180219888 0.07108347117900848 9099
1783180219890 0.08444981276988983 9100
1783180219893 0.07957445085048676 9101
1783180219899 0.12540394067764282 9102
1783180219906 0.03158486261963844 9103
1783180219910 0.1290767639875412 9104
1783180219917 0.021394863724708557 9105
1783180219921 0.0031196242198348045 9106
1783180219927 0.14080972969532013 9107
1783180219936 0.10486119240522385 9108
1783180219981 0.006450873799622059 9109
1783180220076 0.3934287130832672 9110
1783180220174 0.14669232070446014 9111
1783180220276 0.011303968727588654 9112
1783180220379 0.2844640016555786 9113
1783180220474 0.02140902914106846 9114
1783180220582 0.11653906106948853 9115
1783180220667 0.032397300004959106 9116
1783180220716 0.16138309240341187 9117
1783180220735 0.10899774730205536 9118
1783180220829 0.026064731180667877 9119
1783180220933 0.01573827490210533 9120
1783180221038 0.001994859194383025 9121
1783180221138 0.05737434700131416 9122
1783180221228 0.012788139283657074 9123
1783180221321 0.10991164296865463 9124
1783180221425 0.19310665130615234 9125
1783180221473 0.04774527996778488 9126
1783180221487 0.0035261320881545544 9127
1783180221559 0.012174644507467747 9128
1783180221608 0.1687830686569214 9129
1783180221617 0.12000391632318497 9130
1783180221622 0.037641774863004684 9131
1783180221629 0.05954255908727646 9132
1783180221639 0.1915244162082672 9133
1783180221648 0.07911395281553268 9134
1783180221665 0.07164648920297623 9135
1783180221759 0.5456051230430603 9136
1783180221850 0.17818154394626617 9137
1783180221938 0.12893934547901154 9138
1783180221950 0.2153739333152771 9139
1783180222024 0.024557039141654968 9140
1783180222052 0.02565082721412182 9141
1783180222064 0.05551125481724739 9142
1783180222159 0.16762258112430573 9143
1783180222257 0.02847832255065441 9144
1783180222357 0.2350771129131317 9145
1783180222454 0.1112724021077156 9146
1783180222560 0.19168508052825928 9147
1783180222657 0.2874215841293335 9148
1783180222736 0.18370996415615082 9149
1783180222743 0.2018706351518631 9150
1783180222755 0.041913941502571106 9151
1783180222861 0.013166132383048534 9152
1783180222959 0.01199064590036869 9153
1783180223058 0.026114176958799362 9154
1783180223099 0.04521380737423897 9155
1783180223142 0.05352294072508812 9156
1783180223148 0.0845370888710022 9157
1783180223154 0.0047553470358252525 9158
1783180223160 0.17924201488494873 9159
1783180223166 0.2329818606376648 9160
1783180223172 0.08204299211502075 9161
1783180223178 0.03445236384868622 9162
1783180223209 0.007317503448575735 9163
1783180223223 0.0190501157194376 9164
1783180223314 0.14906291663646698 9165
1783180223340 0.021608605980873108 9166
1783180223351 0.19957564771175385 9167
1783180223387 0.08462362736463547 9168
1783180223487 0.012633737176656723 9169
1783180223591 0.07617291063070297 9170
1783180223699 0.03822403773665428 9171
1783180223811 0.16381613910198212 9172
1783180223918 0.06003284081816673 9173
1783180223964 0.011321086436510086 9174
1783180224057 0.04173516854643822 9175
1783180224125 0.008734428323805332 9176
1783180224145 0.06806585937738419 9177
1783180224157 0.016037829220294952 9178
1783180224197 0.09163865447044373 9179
1783180224212 0.03244428709149361 9180
1783180224240 0.1114012748003006 9181
1783180224337 0.1458955556154251 9182
1783180224410 0.5210446119308472 9183
1783180224418 0.026455679908394814 9184
1783180224428 0.014882258139550686 9185
1783180224447 0.10223311185836792 9186
1783180224457 0.09323301911354065 9187
1783180224464 0.02107289247214794 9188
1783180224561 0.3808140158653259 9189
1783180224599 0.08351486176252365 9190
1783180224612 0.010471160523593426 9191
1783180224620 0.0054768905974924564 9192
1783180224633 0.05761433765292168 9193
1783180224692 0.24013255536556244 9194
1783180224785 0.008561728522181511 9195
1783180224858 0.16545286774635315 9196
1783180224947 0.05315569043159485 9197
1783180225039 0.008656097576022148 9198
1783180225059 0.002255416242405772 9199
1783180225078 0.13022015988826752 9200
1783180225087 0.0028209174051880836 9201
1783180225097 0.12341061979532242 9202
1783180225195 0.09280891716480255 9203
1783180225303 0.018369639292359352 9204
1783180225401 0.014787503518164158 9205
1783180225438 0.015523960813879967 9206
1783180225535 0.0132222231477499 9207
1783180225639 0.07370134443044662 9208
1783180225742 0.031866371631622314 9209
1783180225845 0.07951363176107407 9210
1783180225950 0.02259412780404091 9211
1783180226057 0.08578453958034515 9212
1783180226165 0.015975922346115112 9213
1783180226274 0.038518380373716354 9214
1783180226373 0.1631765365600586 9215
1783180226486 0.24023699760437012 9216
1783180226658 0.07437843829393387 9217
1783180226743 0.05804997682571411 9218
1783180226750 0.060928307473659515 9219
1783180226756 0.02499694935977459 9220
1783180226762 0.0024728341959416866 9221
1783180226767 0.036807142198085785 9222
1783180226774 0.015871992334723473 9223
1783180226780 0.23228336870670319 9224
1783180226786 0.18419279158115387 9225
1783180226802 0.08508630841970444 9226
1783180226908 0.022078299894928932 9227
1783180226962 0.0045490809716284275 9228
1783180226969 0.0406370647251606 9229
1783180226982 0.06631991267204285 9230
1783180227024 0.26883989572525024 9231
1783180227034 0.02443229779601097 9232
1783180227053 0.11178198456764221 9233
1783180227066 0.004352226387709379 9234
1783180227076 0.17015205323696136 9235
1783180227092 0.03584631532430649 9236
1783180227110 0.06857167929410934 9237
1783180227126 0.06352509558200836 9238
1783180227151 0.023219546303153038 9239
1783180227163 0.16111263632774353 9240
1783180227208 0.28099408745765686 9241
1783180227248 0.19103345274925232 9242
1783180227283 0.20506586134433746 9243
1783180227291 0.3198295533657074 9244
1783180227397 0.2967163920402527 9245
1783180227500 0.0809534341096878 9246
1783180227605 0.10754714161157608 9247
1783180227704 0.09147554636001587 9248
1783180227735 0.03580464422702789 9249
1783180227827 0.3951406478881836 9250
1783180227932 0.022337421774864197 9251
1783180228031 0.058533258736133575 9252
1783180228124 0.26698926091194153 9253
1783180228221 0.20036858320236206 9254
1783180228340 0.0620480515062809 9255
1783180228439 0.17263521254062653 9256
1783180228542 0.020215071737766266 9257
1783180228639 0.13998262584209442 9258
1783180228735 0.02540537156164646 9259
1783180228830 0.4469347894191742 9260
1783180228929 0.07350976765155792 9261
1783180229015 0.18412402272224426 9262
1783180229039 0.01487282570451498 9263
1783180229141 0.2219361662864685 9264
1783180229240 0.016767146065831184 9265
1783180229343 0.015489276498556137 9266
1783180229438 0.02480413019657135 9267
1783180229544 0.13803483545780182 9268
1783180229650 0.04938559606671333 9269
1783180229741 0.01610563136637211 9270
1783180229774 0.06874854117631912 9271
1783180229799 0.27717822790145874 9272
1783180229811 0.09284847974777222 9273
1783180229820 0.20287300646305084 9274
1783180229827 0.34972265362739563 9275
1783180229834 0.017163006588816643 9276
1783180229838 0.11927999556064606 9277
1783180229846 0.0490836575627327 9278
1783180229853 0.04932697117328644 9279
1783180229860 0.03631286323070526 9280
1783180229866 0.052835360169410706 9281
1783180229881 0.08529768139123917 9282
1783180229894 0.3497977554798126 9283
1783180229899 0.20148296654224396 9284
1783180229910 0.16474151611328125 9285
1783180229922 0.06179041787981987 9286
1783180229930 0.12734323740005493 9287
1783180229937 0.0617908351123333 9288
1783180229943 0.10241755098104477 9289
1783180229948 0.09618767350912094 9290
1783180229953 0.010102033615112305 9291
1783180229960 0.02025618404150009 9292
1783180229966 0.08473847806453705 9293
1783180229971 0.11021395027637482 9294
1783180229977 0.028645988553762436 9295
1783180229982 0.06649476289749146 9296
1783180229989 0.12913306057453156 9297
1783180229994 0.01142940018326044 9298
1783180230001 0.3109763264656067 9299
1783180230008 0.023617031052708626 9300
1783180230026 0.06489616632461548 9301
1783180230032 0.004701525904238224 9302
1783180230066 0.0757465809583664 9303
1783180230074 0.10046689212322235 9304
1783180230081 0.009374380111694336 9305
1783180230087 0.011234757490456104 9306
1783180230094 0.017778359353542328 9307
1783180230099 0.01242027711123228 9308
1783180230105 0.031218670308589935 9309
1783180230111 0.20113898813724518 9310
1783180230118 0.043226324021816254 9311
1783180230123 0.01680450141429901 9312
1783180230130 0.3146944046020508 9313
1783180230149 0.022674892097711563 9314
1783180230154 0.06545884162187576 9315
1783180230158 0.01542030181735754 9316
1783180230161 0.012634912505745888 9317
1783180230168 0.11396828293800354 9318
1783180230174 0.06109566614031792 9319
1783180230178 0.04565322771668434 9320
1783180230186 0.08433657139539719 9321
1783180230199 0.07007215172052383 9322
1783180230229 0.157747283577919 9323
1783180230290 0.11415916681289673 9324
1783180230302 0.0031391961965709925 9325
1783180230322 0.08450675755739212 9326
1783180230327 0.018377289175987244 9327
1783180230333 0.015872351825237274 9328
1783180230415 0.03426608443260193 9329
1783180230422 0.08799347281455994 9330
1783180230505 0.013544443994760513 9331
1783180230553 0.09464353322982788 9332
1783180230648 0.005471855867654085 9333
1783180230736 0.26951295137405396 9334
1783180230815 0.11243446916341782 9335
1783180230917 0.20806080102920532 9336
1783180230930 0.0271457452327013 9337
1783180231003 0.08049138635396957 9338
1783180231009 0.061141859740018845 9339
1783180231015 0.03551303595304489 9340
1783180231027 0.10696019977331161 9341
1783180231033 0.06094426289200783 9342
1783180231039 0.38516977429389954 9343
1783180231052 0.04156465828418732 9344
1783180231142 0.08491300791501999 9345
1783180231158 0.06364845484495163 9346
1783180231166 0.13758516311645508 9347
1783180231172 0.006697263568639755 9348
1783180231179 0.004895762074738741 9349
1783180231255 0.014818312600255013 9350
1783180231261 0.03606223315000534 9351
1783180231265 0.0346623919904232 9352
1783180231271 0.009400236420333385 9353
1783180231277 0.020914150401949883 9354
1783180231284 0.034380845725536346 9355
1783180231291 0.15073950588703156 9356
1783180231301 0.04047973453998566 9357
1783180231350 0.06981559842824936 9358
1783180231356 0.009378963150084019 9359
1783180231362 0.07777877151966095 9360
1783180231368 0.008178181946277618 9361
1783180231373 0.08044799417257309 9362
1783180231470 0.016231823712587357 9363
1783180231504 0.012660795822739601 9364
1783180231604 0.027185024693608284 9365
1783180231614 0.025850340723991394 9366
1783180231622 0.009266921319067478 9367
1783180231722 0.041200242936611176 9368
1783180231738 0.09237486124038696 9369
1783180231749 0.08275801688432693 9370
1783180231848 0.15254108607769012 9371
1783180231862 0.016753247007727623 9372
1783180231867 0.027714803814888 9373
1783180231873 0.07900442183017731 9374
