1782828225619 2.3841159343719482 0
1782828225622 2.428825855255127 1
1782828225623 2.5344831943511963 2
1782828225625 2.3096039295196533 3
1782828225626 1.796394944190979 4
1782828225628 1.8214024305343628 5
1782828225629 1.651475191116333 6
1782828225630 1.875279426574707 7
1782828225632 1.7801655530929565 8
1782828225633 1.5249210596084595 9
1782828225635 1.2064330577850342 10
1782828225636 1.538116693496704 11
1782828225638 1.361583948135376 12
1782828225639 1.0967704057693481 13
1782828225641 1.212032437324524 14
1782828225642 1.3023145198822021 15
1782828225643 1.4354994297027588 16
1782828225645 1.2627965211868286 17
1782828225646 1.0212974548339844 18
1782828225648 1.062371850013733 19
1782828225649 0.8489049077033997 20
1782828225650 0.8213425278663635 21
1782828225652 1.0130661725997925 22
1782828225653 1.1640100479125977 23
1782828225655 1.2651031017303467 24
1782828225656 0.9010113477706909 25
1782828225658 0.9208635091781616 26
1782828225659 0.734012246131897 27
1782828225660 0.6333940625190735 28
1782828225662 0.8349748253822327 29
1782828225663 0.7455836534500122 30
1782828225665 0.8928231596946716 31
1782828225666 0.9683217406272888 32
1782828225668 0.6742766499519348 33
1782828225669 0.8094179034233093 34
1782828225670 0.8181591629981995 35
1782828225672 0.60269695520401 36
1782828225673 0.46260473132133484 37
1782828225675 0.6473339796066284 38
1782828225676 1.0076760053634644 39
1782828225677 0.6956855654716492 40
1782828225679 0.38579443097114563 41
1782828225680 0.4461677074432373 42
1782828225682 1.07571542263031 43
1782828225683 0.7270050644874573 44
1782828225684 0.867634654045105 45
1782828225686 0.36118051409721375 46
1782828225687 0.5276364088058472 47
1782828225689 0.6977565288543701 48
1782828225690 0.5369240045547485 49
1782828225692 0.6531035304069519 50
1782828225693 0.5295833349227905 51
1782828225694 0.4788355827331543 52
1782828225696 0.34206423163414 53
1782828225697 0.3794158697128296 54
1782828225699 0.3491882383823395 55
1782828225700 0.6854734420776367 56
1782828225701 0.5420427322387695 57
1782828225703 1.1013282537460327 58
1782828225704 0.7344096899032593 59
1782828225706 0.5301070809364319 60
1782828225707 0.9437593221664429 61
1782828225708 0.3340170979499817 62
1782828225710 0.5252862572669983 63
1782828225711 0.3924318850040436 64
1782828225713 0.531819760799408 65
1782828225714 0.33847951889038086 66
1782828225716 0.5868198275566101 67
1782828225717 0.33349043130874634 68
1782828225718 0.3186180889606476 69
1782828225720 0.5734190344810486 70
1782828225721 0.42468953132629395 71
1782828225723 0.5545632839202881 72
1782828225724 0.611504852771759 73
1782828225725 0.3580543100833893 74
1782828225727 0.8203937411308289 75
1782828225728 0.4955796003341675 76
1782828225729 0.23963694274425507 77
1782828225731 0.5367144346237183 78
1782828225732 0.6124811172485352 79
1782828225734 0.5419749021530151 80
1782828225735 0.4527335464954376 81
1782828225736 0.3965378999710083 82
1782828225738 0.7293358445167542 83
1782828225739 0.7024843096733093 84
1782828225740 0.60394287109375 85
1782828225742 0.5896655917167664 86
1782828225743 0.34548884630203247 87
1782828225745 0.8470874428749084 88
1782828225746 0.4175502061843872 89
1782828225748 0.5155047178268433 90
1782828225749 0.6022480726242065 91
1782828225750 0.7156561613082886 92
1782828225752 0.6997499465942383 93
1782828225753 0.8223475217819214 94
1782828225754 0.5362857580184937 95
1782828225756 0.6038667559623718 96
1782828225757 0.4745696187019348 97
1782828225758 0.3083343505859375 98
1782828225760 0.38903215527534485 99
1782828225761 0.7954668402671814 100
1782828225763 0.6739320755004883 101
1782828225764 0.9063143730163574 102
1782828225765 0.44437533617019653 103
1782828225767 0.34442251920700073 104
1782828225768 0.36975806951522827 105
1782828225770 0.6785717606544495 106
1782828225771 0.9423732757568359 107
1782828225772 0.6678009033203125 108
1782828225774 0.5211511850357056 109
1782828225775 0.557762861251831 110
1782828225776 0.6673386693000793 111
1782828225778 0.3917087912559509 112
1782828225779 0.8973228931427002 113
1782828225780 0.3519573509693146 114
1782828225782 0.6795004606246948 115
1782828225783 0.6495946645736694 116
1782828225785 0.27914151549339294 117
1782828225786 0.5646668672561646 118
1782828225787 0.2928469479084015 119
1782828225789 0.4318564832210541 120
1782828225790 0.43901926279067993 121
1782828225792 0.32526296377182007 122
1782828225793 0.5561673045158386 123
1782828225794 0.5808783173561096 124
1782828225796 0.15123586356639862 125
1782828225797 0.3333304524421692 126
1782828225799 0.4040546119213104 127
1782828225800 0.29387667775154114 128
1782828225801 0.6272674798965454 129
1782828225803 0.4069294333457947 130
1782828225804 0.30521267652511597 131
1782828225805 0.3596709072589874 132
1782828225807 0.5430669784545898 133
1782828225808 0.2774525284767151 134
1782828225810 0.5697516202926636 135
1782828225811 0.3623782992362976 136
1782828225812 0.37667331099510193 137
1782828225814 0.5537171363830566 138
1782828225815 0.2686997950077057 139
1782828225817 0.31427913904190063 140
1782828225819 0.2854987680912018 141
1782828225820 0.7165334224700928 142
1782828225822 0.3813806474208832 143
1782828225823 0.16747836768627167 144
1782828225824 0.5174090266227722 145
1782828225826 0.48657912015914917 146
1782828225827 0.3698231279850006 147
1782828225828 0.3495277166366577 148
1782828225830 0.18813151121139526 149
1782828225831 0.3850821256637573 150
1782828225833 0.4380962550640106 151
1782828225834 0.18531104922294617 152
1782828225835 0.2544296681880951 153
1782828225837 0.49437516927719116 154
1782828225838 0.36822378635406494 155
1782828225840 0.24267235398292542 156
1782828225841 0.4462410509586334 157
1782828225842 0.5921428799629211 158
1782828225844 0.2602681517601013 159
1782828225845 0.13784784078598022 160
1782828225846 0.16031572222709656 161
1782828225848 0.25976359844207764 162
1782828225849 0.3752223253250122 163
1782828225851 0.3130902051925659 164
1782828225852 0.44530174136161804 165
1782828225853 0.43108320236206055 166
1782828225855 0.5839394330978394 167
1782828225856 0.372030645608902 168
1782828225857 0.18530529737472534 169
1782828225859 0.22251097857952118 170
1782828225860 0.3925909698009491 171
1782828225862 0.263755738735199 172
1782828225863 0.40032538771629333 173
1782828225864 0.5334163904190063 174
1782828225866 0.2643369436264038 175
1782828225867 0.5566054582595825 176
1782828225869 0.46025678515434265 177
1782828225870 0.2663627862930298 178
1782828225872 0.31031420826911926 179
1782828225873 0.5777653455734253 180
1782828225875 0.6683664917945862 181
1782828225876 0.3981459438800812 182
1782828225877 0.37022215127944946 183
1782828225879 0.47594693303108215 184
1782828225880 0.5414175391197205 185
1782828225882 0.6420756578445435 186
1782828225883 0.23759812116622925 187
1782828225884 0.534116804599762 188
1782828225886 0.17090082168579102 189
1782828225887 0.12726740539073944 190
1782828225889 0.20457211136817932 191
1782828225890 0.41420331597328186 192
1782828225892 0.3075293004512787 193
1782828225893 0.6373058557510376 194
1782828225894 0.32624050974845886 195
1782828225896 0.42420005798339844 196
1782828225897 0.4213080108165741 197
1782828225898 0.5655972361564636 198
1782828225900 0.15878304839134216 199
1782828225901 0.25799527764320374 200
1782828225903 0.25416404008865356 201
1782828225904 0.44716864824295044 202
1782828225905 0.09744811803102493 203
1782828225907 0.14795251190662384 204
1782828225908 0.30215466022491455 205
1782828225909 0.20464324951171875 206
1782828225911 0.48774051666259766 207
1782828225912 0.3650650382041931 208
1782828225914 0.3824189007282257 209
1782828225915 0.3643394112586975 210
1782828225916 0.2097250521183014 211
1782828225918 0.27276724576950073 212
1782828225919 0.5657688975334167 213
1782828225921 0.22410638630390167 214
1782828225922 0.3518982231616974 215
1782828225923 0.5060036182403564 216
1782828225925 0.4206390380859375 217
1782828225926 0.2648929953575134 218
1782828225927 0.3890296220779419 219
1782828225929 0.2907411754131317 220
1782828225930 0.47996848821640015 221
1782828225931 0.19930286705493927 222
1782828225933 0.2767349183559418 223
1782828225934 0.5618874430656433 224
1782828225936 0.33860328793525696 225
1782828225937 0.49223244190216064 226
1782828225938 0.3479868173599243 227
1782828225940 0.2857510447502136 228
1782828225941 0.7380499243736267 229
1782828225942 0.30319538712501526 230
1782828225944 0.32749807834625244 231
1782828225945 0.21574993431568146 232
1782828225947 0.79170161485672 233
1782828225948 0.7471253275871277 234
1782828225949 0.3718257546424866 235
1782828225951 0.22326989471912384 236
1782828225952 0.43198728561401367 237
1782828225954 0.3496124744415283 238
1782828225955 0.2787483036518097 239
1782828225956 0.35716894268989563 240
1782828225958 0.31472015380859375 241
1782828225959 0.35627827048301697 242
1782828225961 0.3736279010772705 243
1782828225962 0.30903732776641846 244
1782828225963 0.25018876791000366 245
1782828225965 0.3774491846561432 246
1782828225966 0.31859076023101807 247
1782828225967 0.27466291189193726 248
1782828225969 0.07733489573001862 249
1782828225971 0.321492075920105 250
1782828225973 0.4197065532207489 251
1782828225974 0.41782528162002563 252
1782828225976 0.2949378788471222 253
1782828225977 0.2977270185947418 254
1782828225979 0.24940700829029083 255
1782828225980 0.2503155767917633 256
1782828225982 0.3871855139732361 257
1782828225983 0.5251240730285645 258
1782828225985 0.512566328048706 259
1782828225986 0.4141319990158081 260
1782828225987 0.3822486698627472 261
1782828225989 0.545455276966095 262
1782828225990 0.3133298456668854 263
1782828225991 0.3469453752040863 264
1782828225993 0.25275707244873047 265
1782828225994 0.3211514949798584 266
1782828225995 0.26418423652648926 267
1782828225997 0.34989145398139954 268
1782828225998 0.5139608383178711 269
1782828225999 0.2405635118484497 270
1782828226001 0.31558793783187866 271
1782828226002 0.7975519895553589 272
1782828226004 0.4199584722518921 273
1782828226005 0.30402979254722595 274
1782828226006 0.6242844462394714 275
1782828226008 0.29334795475006104 276
1782828226009 0.4483609199523926 277
1782828226011 0.41805005073547363 278
1782828226012 0.3536498546600342 279
1782828226013 0.4044247269630432 280
1782828226015 0.6129919290542603 281
1782828226016 0.4427979290485382 282
1782828226017 0.32469725608825684 283
1782828226019 0.3648124635219574 284
1782828226020 0.6212381720542908 285
1782828226022 0.6689881682395935 286
1782828226023 0.37692371010780334 287
1782828226025 0.12302109599113464 288
1782828226026 0.2222834974527359 289
1782828226028 0.5061264038085938 290
1782828226029 0.5607482194900513 291
1782828226030 0.7141852378845215 292
1782828226032 0.6739194989204407 293
1782828226033 0.5849298238754272 294
1782828226034 0.4228532612323761 295
1782828226036 0.50404292345047 296
1782828226037 0.15686185657978058 297
1782828226039 0.4090138375759125 298
1782828226040 0.5490695238113403 299
1782828226041 0.4640617072582245 300
1782828226043 0.13539068400859833 301
1782828226044 0.3218877911567688 302
1782828226045 0.30833321809768677 303
1782828226047 0.1259264051914215 304
1782828226048 0.38885417580604553 305
1782828226050 0.3631727397441864 306
1782828226051 0.2909510135650635 307
1782828226052 0.4770734906196594 308
1782828226054 0.32429084181785583 309
1782828226055 0.3160463273525238 310
1782828226057 0.5919525623321533 311
1782828226058 0.3998132646083832 312
1782828226059 0.5395811796188354 313
1782828226061 0.2029712200164795 314
1782828226062 0.7936374545097351 315
1782828226064 0.14402346312999725 316
1782828226065 0.12621356546878815 317
1782828226067 0.5381290316581726 318
1782828226068 0.2537946105003357 319
1782828226069 0.3095345199108124 320
1782828226071 0.4437374174594879 321
1782828226072 0.3348327577114105 322
1782828226073 0.42634016275405884 323
1782828226075 0.46665090322494507 324
1782828226076 0.29373931884765625 325
1782828226078 0.3284406065940857 326
1782828226079 0.40037357807159424 327
1782828226081 0.5055341720581055 328
1782828226082 0.38249894976615906 329
1782828226083 0.21008339524269104 330
1782828226085 0.23921124637126923 331
1782828226086 0.20977546274662018 332
1782828226087 0.7165784239768982 333
1782828226089 0.23802153766155243 334
1782828226090 0.17671285569667816 335
1782828226092 0.33144691586494446 336
1782828226093 0.4807594120502472 337
1782828226094 0.2991032302379608 338
1782828226096 0.4004436135292053 339
1782828226097 0.09243647009134293 340
1782828226099 0.3913363218307495 341
1782828226100 0.34236493706703186 342
1782828226101 0.23407766222953796 343
1782828226103 0.39732563495635986 344
1782828226104 0.1292136013507843 345
1782828226106 0.23012588918209076 346
1782828226107 0.45337042212486267 347
1782828226108 0.4352773427963257 348
1782828226110 0.26583656668663025 349
1782828226111 0.6871885657310486 350
1782828226112 0.4566477835178375 351
1782828226114 0.5246070027351379 352
1782828226115 0.44204962253570557 353
1782828226117 0.3147471845149994 354
1782828226118 0.3750767707824707 355
1782828226119 0.29828163981437683 356
1782828226121 0.26543647050857544 357
1782828226122 0.5546088218688965 358
1782828226124 0.21997684240341187 359
1782828226125 0.365440309047699 360
1782828226126 0.0704832375049591 361
1782828226128 0.49362075328826904 362
1782828226129 0.519957959651947 363
1782828226130 0.3178052306175232 364
1782828226132 0.3613000810146332 365
1782828226133 0.19988322257995605 366
1782828226135 0.2045467346906662 367
1782828226136 0.33669328689575195 368
1782828226137 0.5248585343360901 369
1782828226139 0.17450058460235596 370
1782828226140 0.4550178349018097 371
1782828226141 0.5358705520629883 372
1782828226143 0.13191065192222595 373
1782828226144 0.26409220695495605 374
1782828226146 0.16108091175556183 375
1782828226147 0.2662297189235687 376
1782828226148 0.32908475399017334 377
1782828226150 0.30475905537605286 378
1782828226151 0.5826469659805298 379
1782828226152 0.2003774791955948 380
1782828226154 0.3221762180328369 381
1782828226155 0.33820009231567383 382
1782828226157 0.6673656702041626 383
1782828226158 0.418885201215744 384
1782828226159 0.21846306324005127 385
1782828226161 0.32018253207206726 386
1782828226162 0.27136385440826416 387
1782828226164 0.28440338373184204 388
1782828226165 0.16267630457878113 389
1782828226166 0.46177148818969727 390
1782828226168 0.4891025125980377 391
1782828226169 0.364526629447937 392
1782828226171 0.18160532414913177 393
1782828226172 0.7485578060150146 394
1782828226173 0.14301790297031403 395
1782828226175 0.40459883213043213 396
1782828226176 0.30752846598625183 397
1782828226177 0.3603733777999878 398
1782828226179 0.3937661349773407 399
1782828226180 0.2455013394355774 400
1782828226182 0.4795711636543274 401
1782828226183 0.15092669427394867 402
1782828226185 0.46830353140830994 403
1782828226186 0.37020930647850037 404
1782828226187 0.37118279933929443 405
1782828226189 0.4879501760005951 406
1782828226190 0.16942915320396423 407
1782828226191 0.10757887363433838 408
1782828226193 0.31931155920028687 409
1782828226194 0.5568051338195801 410
1782828226196 0.2781607508659363 411
1782828226197 0.17957086861133575 412
1782828226199 0.31212595105171204 413
1782828226200 0.2986146807670593 414
1782828226201 0.6686910390853882 415
1782828226203 0.310408353805542 416
1782828226204 0.19015683233737946 417
1782828226205 0.4224932789802551 418
1782828226207 0.08587220311164856 419
1782828226208 0.3305959403514862 420
1782828226209 0.08950196951627731 421
1782828226211 0.6482095122337341 422
1782828226212 0.2657274305820465 423
1782828226214 0.06550390273332596 424
1782828226215 0.5635674595832825 425
1782828226216 0.1816851943731308 426
1782828226218 0.088779978454113 427
1782828226219 0.531424880027771 428
1782828226220 0.22296209633350372 429
1782828226222 0.3268575966358185 430
1782828226223 0.24381600320339203 431
1782828226225 0.33292505145072937 432
1782828226226 0.309921532869339 433
1782828226228 0.42229267954826355 434
1782828226229 0.2575347423553467 435
1782828226230 0.04432180896401405 436
1782828226232 0.406073659658432 437
1782828226233 0.1450793296098709 438
1782828226234 0.4622076749801636 439
1782828226235 0.22547844052314758 440
1782828226237 0.5550588369369507 441
1782828226238 0.19597560167312622 442
1782828226239 0.18758518993854523 443
1782828226241 0.16973517835140228 444
1782828226242 0.2796597480773926 445
1782828226243 0.24463582038879395 446
1782828226244 0.44149577617645264 447
1782828226246 0.2348034828901291 448
1782828226247 0.10880431532859802 449
1782828226248 0.25624555349349976 450
1782828226250 0.22308680415153503 451
1782828226251 0.25278928875923157 452
1782828226252 0.09325309842824936 453
1782828226254 0.2722976803779602 454
1782828226255 0.07840722799301147 455
1782828226256 0.2879927456378937 456
1782828226258 0.16801521182060242 457
1782828226259 0.12525883316993713 458
1782828226260 0.5328434109687805 459
1782828226262 0.2983311414718628 460
1782828226263 0.5424116849899292 461
1782828226264 0.1458299309015274 462
1782828226266 0.19412456452846527 463
1782828226267 0.1992216259241104 464
1782828226269 0.2579226791858673 465
1782828226270 0.17292208969593048 466
1782828226271 0.2585420608520508 467
1782828226272 0.2654120624065399 468
1782828226274 0.22300682961940765 469
1782828226275 0.2446601539850235 470
1782828226277 0.4168044924736023 471
1782828226278 0.3066728413105011 472
1782828226279 0.43025991320610046 473
1782828226280 0.22887343168258667 474
1782828226282 0.13544856011867523 475
1782828226283 0.05005544424057007 476
1782828226284 0.340446799993515 477
1782828226286 0.17097559571266174 478
1782828226287 0.3066839873790741 479
1782828226289 0.311846524477005 480
1782828226290 0.30996185541152954 481
1782828226291 0.2277624011039734 482
1782828226292 0.11409775912761688 483
1782828226294 0.7666687369346619 484
1782828226295 0.35376685857772827 485
1782828226297 0.3206530809402466 486
1782828226298 0.13305585086345673 487
1782828226299 0.5594379901885986 488
1782828226300 0.2708936333656311 489
1782828226302 0.5346420407295227 490
1782828226303 0.6245458126068115 491
1782828226305 0.20724204182624817 492
1782828226306 0.201040580868721 493
1782828226307 0.4399704933166504 494
1782828226309 0.261313259601593 495
1782828226310 0.12082798779010773 496
1782828226311 0.20548275113105774 497
1782828226312 0.37741968035697937 498
1782828226314 0.2927558422088623 499
1782828226315 0.2964459955692291 500
1782828226317 0.198795348405838 501
1782828226318 0.18244776129722595 502
1782828226319 0.3515380024909973 503
1782828226321 0.20271697640419006 504
1782828226322 0.4191815257072449 505
1782828226323 0.3523932993412018 506
1782828226325 0.2384062260389328 507
1782828226326 0.5746543407440186 508
1782828226327 0.4659630060195923 509
1782828226329 0.41930246353149414 510
1782828226330 0.4718889892101288 511
1782828226331 0.5100347995758057 512
1782828226333 0.15768612921237946 513
1782828226334 0.3203945755958557 514
1782828226335 0.09374409914016724 515
1782828226337 0.1985340565443039 516
1782828226338 0.2768338918685913 517
1782828226339 0.24819187819957733 518
1782828226341 0.1319643259048462 519
1782828226342 0.11162392795085907 520
1782828226343 0.3302316665649414 521
1782828226345 0.5739237666130066 522
1782828226346 0.27433067560195923 523
1782828226347 0.21343298256397247 524
1782828226349 0.141466423869133 525
1782828226350 0.29969313740730286 526
1782828226351 0.1939360499382019 527
1782828226353 0.3152090311050415 528
1782828226354 0.43338489532470703 529
1782828226355 0.19058293104171753 530
1782828226357 0.3987303078174591 531
1782828226358 0.2447633296251297 532
1782828226359 0.22358322143554688 533
1782828226361 0.318783164024353 534
1782828226362 0.3001076281070709 535
1782828226364 0.22193367779254913 536
1782828226365 0.1286402940750122 537
1782828226366 0.28090333938598633 538
1782828226368 0.43199899792671204 539
1782828226369 0.22690057754516602 540
1782828226370 0.5842099785804749 541
1782828226372 0.28350815176963806 542
1782828226373 0.19928424060344696 543
1782828226374 0.22024613618850708 544
1782828226376 0.12847013771533966 545
1782828226377 0.17043225467205048 546
1782828226378 0.15819448232650757 547
1782828226379 0.33094489574432373 548
1782828226381 0.2952650785446167 549
1782828226382 0.1984073519706726 550
1782828226384 0.44015610218048096 551
1782828226385 0.2322203814983368 552
1782828226386 0.6237782835960388 553
1782828226388 0.3121497929096222 554
1782828226389 0.10863947123289108 555
1782828226390 0.2493794560432434 556
1782828226392 0.4404151737689972 557
1782828226393 0.5542284250259399 558
1782828226394 0.14917290210723877 559
1782828226396 0.7384046912193298 560
1782828226397 0.47621914744377136 561
1782828226398 0.22466212511062622 562
1782828226400 0.3480827212333679 563
1782828226401 0.4685046672821045 564
1782828226402 0.22016319632530212 565
1782828226404 0.3381892144680023 566
1782828226405 0.2548411190509796 567
1782828226407 0.1835937201976776 568
1782828226408 0.49320971965789795 569
1782828226409 0.31293389201164246 570
1782828226411 0.3244841396808624 571
1782828226412 0.4796648621559143 572
1782828226414 0.5054787397384644 573
1782828226415 0.23504824936389923 574
1782828226416 0.10502295941114426 575
1782828226418 0.25628408789634705 576
1782828226419 0.5142766833305359 577
1782828226420 0.22361242771148682 578
1782828226422 0.2104857861995697 579
1782828226423 0.14189070463180542 580
1782828226425 0.14852112531661987 581
1782828226426 0.33457624912261963 582
1782828226428 0.3188495934009552 583
1782828226429 0.0626588761806488 584
1782828226430 0.12858054041862488 585
1782828226432 0.4782349169254303 586
1782828226433 0.3856455385684967 587
1782828226434 0.21248763799667358 588
1782828226436 0.20393013954162598 589
1782828226437 0.12919671833515167 590
1782828226439 0.41113153100013733 591
1782828226440 0.1801564246416092 592
1782828226441 0.2909465730190277 593
1782828226443 0.23093974590301514 594
1782828226444 0.23089590668678284 595
1782828226445 0.15657684206962585 596
1782828226447 0.1952432245016098 597
1782828226448 0.30937784910202026 598
1782828226450 0.10243791341781616 599
1782828226451 0.199045330286026 600
1782828226452 0.24130506813526154 601
1782828226454 0.22919484972953796 602
1782828226455 0.11379237473011017 603
1782828226457 0.24035809934139252 604
1782828226458 0.6000152230262756 605
1782828226459 0.2779255509376526 606
1782828226461 0.07515303790569305 607
1782828226462 0.8646141290664673 608
1782828226464 0.30715858936309814 609
1782828226465 0.19183750450611115 610
1782828226467 0.41963449120521545 611
1782828226468 0.4309841990470886 612
1782828226469 0.12039569020271301 613
1782828226471 0.34538358449935913 614
1782828226472 0.2994674742221832 615
1782828226473 0.22616562247276306 616
1782828226475 0.24262863397598267 617
1782828226476 0.20028772950172424 618
1782828226478 0.22357890009880066 619
1782828226479 0.08674666285514832 620
1782828226480 0.40164515376091003 621
1782828226482 0.328698992729187 622
1782828226483 0.32948464155197144 623
1782828226485 0.1944057047367096 624
1782828226486 0.2321518361568451 625
1782828226487 0.5534616112709045 626
1782828226489 0.5939754843711853 627
1782828226490 0.12658531963825226 628
1782828226492 0.3078109323978424 629
1782828226493 0.2775571346282959 630
1782828226494 0.3611861765384674 631
1782828226496 0.3060862720012665 632
1782828226497 0.22833769023418427 633
1782828226499 0.5268263816833496 634
1782828226500 0.2275438904762268 635
1782828226501 0.18388275802135468 636
1782828226503 0.6391584277153015 637
1782828226504 0.3496425449848175 638
1782828226506 0.28750836849212646 639
1782828226507 0.6316075921058655 640
1782828226508 0.8787212371826172 641
1782828226510 0.28303757309913635 642
1782828226511 0.3824898600578308 643
1782828226513 0.0629192665219307 644
1782828226514 0.389322966337204 645
1782828226515 0.44024279713630676 646
1782828226517 0.39415737986564636 647
1782828226518 0.2511470913887024 648
1782828226520 0.2364482283592224 649
1782828226521 0.340181440114975 650
1782828226523 0.18289703130722046 651
1782828226524 0.15285782516002655 652
1782828226526 0.3235439360141754 653
1782828226527 0.37893545627593994 654
1782828226528 0.26100802421569824 655
1782828226530 0.37834078073501587 656
1782828226531 0.20254996418952942 657
1782828226533 0.2508966028690338 658
1782828226535 0.24239511787891388 659
1782828226536 0.2662737965583801 660
1782828226538 0.20417484641075134 661
1782828226539 0.4096536338329315 662
1782828226540 0.25106850266456604 663
1782828226542 0.2677914500236511 664
1782828226543 0.39463385939598083 665
1782828226545 0.1452113687992096 666
1782828226546 0.33807697892189026 667
1782828226548 0.40195414423942566 668
1782828226549 0.11865504086017609 669
1782828226550 0.08166183531284332 670
1782828226552 0.20859217643737793 671
1782828226553 0.6229184865951538 672
1782828226555 0.1295982301235199 673
1782828226556 0.3308485448360443 674
1782828226558 0.23394572734832764 675
1782828226559 0.2699950337409973 676
1782828226560 0.09440599381923676 677
1782828226562 0.18874412775039673 678
1782828226563 0.46344563364982605 679
1782828226565 0.21494343876838684 680
1782828226566 0.24119186401367188 681
1782828226568 0.344242662191391 682
1782828226569 0.20931443572044373 683
1782828226571 0.18770341575145721 684
1782828226572 0.27984336018562317 685
1782828226573 0.2750888168811798 686
1782828226575 0.30333930253982544 687
1782828226576 0.29695290327072144 688
1782828226578 0.33901742100715637 689
1782828226579 0.29763785004615784 690
1782828226580 0.2749742567539215 691
1782828226582 0.13526400923728943 692
1782828226583 0.3059903383255005 693
1782828226585 0.22644773125648499 694
1782828226586 0.2995837926864624 695
1782828226587 0.21096885204315186 696
1782828226589 0.5000807642936707 697
1782828226590 0.3727661669254303 698
1782828226592 0.3159935176372528 699
1782828226593 0.24804161489009857 700
1782828226594 0.2510218620300293 701
1782828226596 0.09018188714981079 702
1782828226597 0.13677306473255157 703
1782828226599 0.24176336824893951 704
1782828226600 0.09958816319704056 705
1782828226601 0.18553727865219116 706
1782828226603 0.14219987392425537 707
1782828226604 0.6595807671546936 708
1782828226605 0.395951509475708 709
1782828226607 0.13453499972820282 710
1782828226608 0.30158731341362 711
1782828226610 0.4108189344406128 712
1782828226611 0.6648572087287903 713
1782828226613 0.3965100347995758 714
1782828226614 0.14335784316062927 715
1782828226615 0.15324077010154724 716
1782828226617 0.15537241101264954 717
1782828226618 0.20910899341106415 718
1782828226619 0.1705550104379654 719
1782828226621 0.1665840744972229 720
1782828226622 0.24808281660079956 721
1782828226623 0.4211398959159851 722
1782828226625 0.18297646939754486 723
1782828226626 0.20318709313869476 724
1782828226628 0.15791772305965424 725
1782828226629 0.4742432236671448 726
1782828226630 0.1761590540409088 727
1782828226632 0.08537773787975311 728
1782828226633 0.28914979100227356 729
1782828226635 0.2886391878128052 730
1782828226636 0.44253596663475037 731
1782828226637 0.44989070296287537 732
1782828226639 0.25245603919029236 733
1782828226640 0.2440238893032074 734
1782828226641 0.1551554650068283 735
1782828226643 0.10929354280233383 736
1782828226644 0.4699389934539795 737
1782828226646 0.1538112908601761 738
1782828226647 0.48946917057037354 739
1782828226648 0.20945312082767487 740
1782828226650 0.1388394832611084 741
1782828226651 0.26137441396713257 742
1782828226652 0.452281653881073 743
1782828226654 0.20806829631328583 744
1782828226655 0.29406237602233887 745
1782828226657 0.39237654209136963 746
1782828226658 0.4102071523666382 747
1782828226659 0.2042788863182068 748
1782828226661 0.17673984169960022 749
1782828226663 0.5344672203063965 750
1782828226664 0.08138052374124527 751
1782828226665 0.10121387243270874 752
1782828226667 0.17458157241344452 753
1782828226668 0.5521696209907532 754
1782828226669 0.4957127571105957 755
1782828226671 0.37893515825271606 756
1782828226672 0.19726283848285675 757
1782828226673 0.4770706593990326 758
1782828226675 0.2406928688287735 759
1782828226676 0.19330188632011414 760
1782828226678 0.0991748720407486 761
1782828226679 0.12081287801265717 762
1782828226680 0.4303862452507019 763
1782828226682 0.13155844807624817 764
1782828226683 0.2743164896965027 765
1782828226684 0.29092875123023987 766
1782828226686 0.5760097503662109 767
1782828226687 0.336234450340271 768
1782828226689 0.3447352945804596 769
1782828226690 0.16035999357700348 770
1782828226691 0.11078957468271255 771
1782828226693 0.6956249475479126 772
1782828226694 0.2925000488758087 773
1782828226696 0.3490675389766693 774
1782828226697 0.10810144245624542 775
1782828226698 0.2611677050590515 776
1782828226700 0.2942529320716858 777
1782828226701 0.032836269587278366 778
1782828226703 0.30542197823524475 779
1782828226704 0.2284955233335495 780
1782828226706 0.21075277030467987 781
1782828226707 0.5356073975563049 782
1782828226708 0.1102043017745018 783
1782828226710 0.16618701815605164 784
1782828226713 0.3087884485721588 785
1782828226715 0.4706254005432129 786
1782828226717 0.026943091303110123 787
1782828226718 0.0749627947807312 788
1782828226719 0.35079890489578247 789
1782828226721 0.23231779038906097 790
1782828226722 0.4634466767311096 791
1782828226724 0.21699044108390808 792
1782828226725 0.1502961367368698 793
1782828226726 0.18960563838481903 794
1782828226728 0.07704471796751022 795
1782828226729 0.061751339584589005 796
1782828226731 0.33953723311424255 797
1782828226732 0.29684942960739136 798
1782828226734 0.2213202267885208 799
1782828226735 0.21224316954612732 800
1782828226736 0.1097603365778923 801
1782828226738 0.41224777698516846 802
1782828226739 0.33815276622772217 803
1782828226741 0.34179043769836426 804
1782828226742 0.4004739224910736 805
1782828226744 0.23734426498413086 806
1782828226745 0.3396787643432617 807
1782828226746 0.2153356522321701 808
1782828226748 0.08938588201999664 809
1782828226749 0.15291287004947662 810
1782828226750 0.43965137004852295 811
1782828226752 0.17814579606056213 812
1782828226753 0.4191387891769409 813
1782828226755 0.3652469217777252 814
1782828226756 0.2683664560317993 815
1782828226758 0.3712315559387207 816
1782828226759 0.2664513885974884 817
1782828226761 0.3158036768436432 818
1782828226762 0.801766574382782 819
1782828226763 0.11680503189563751 820
1782828226765 0.18921931087970734 821
1782828226766 0.3817489743232727 822
1782828226768 0.1647152453660965 823
1782828226769 0.3538183271884918 824
1782828226770 0.31080466508865356 825
1782828226772 0.27676013112068176 826
1782828226773 0.22994312644004822 827
1782828226775 0.17703711986541748 828
1782828226776 0.11228875815868378 829
1782828226777 0.10269314050674438 830
1782828226779 0.1443977952003479 831
1782828226780 0.2116379588842392 832
1782828226782 0.16570046544075012 833
1782828226783 0.10831502079963684 834
1782828226785 0.07626694440841675 835
1782828226786 0.3215750753879547 836
1782828226787 0.20890508592128754 837
1782828226789 0.04820098355412483 838
1782828226790 0.10143323242664337 839
1782828226791 0.028467833995819092 840
1782828226793 0.10924488306045532 841
1782828226794 0.14835719764232635 842
1782828226796 0.1295158416032791 843
1782828226797 0.2660457193851471 844
1782828226798 0.045681118965148926 845
1782828226800 0.2857667803764343 846
1782828226801 0.1697886884212494 847
1782828226803 0.5656526684761047 848
1782828226804 0.40609875321388245 849
1782828226805 0.20606814324855804 850
1782828226807 0.3884049654006958 851
1782828226808 0.2160060703754425 852
1782828226810 0.354086697101593 853
1782828226811 0.1516728401184082 854
1782828226813 0.4838869869709015 855
1782828226814 0.15123051404953003 856
1782828226815 0.21418632566928864 857
1782828226817 0.1545640379190445 858
1782828226818 0.06472231447696686 859
1782828226819 0.27160581946372986 860
1782828226821 0.12131105363368988 861
1782828226822 0.2805233597755432 862
1782828226824 0.2019372284412384 863
1782828226825 0.6530199646949768 864
1782828226827 0.348594605922699 865
1782828226828 0.21163396537303925 866
1782828226829 0.13659889996051788 867
1782828226830 0.18471640348434448 868
1782828226831 0.15501433610916138 869
1782828226833 0.15038655698299408 870
1782828226834 0.1303551346063614 871
1782828226836 0.280418336391449 872
1782828226837 0.15046533942222595 873
1782828226838 0.23414699733257294 874
1782828226840 0.4408821165561676 875
1782828226841 0.06268636137247086 876
1782828226843 0.2659144699573517 877
1782828226844 0.06635908782482147 878
1782828226845 0.10768532752990723 879
1782828226847 0.27277955412864685 880
1782828226848 0.22104820609092712 881
1782828226850 0.08136621117591858 882
1782828226851 0.6303319334983826 883
1782828226852 0.10068600624799728 884
1782828226854 0.29407039284706116 885
1782828226855 0.10307148844003677 886
1782828226856 0.5696460008621216 887
1782828226858 0.18587438762187958 888
1782828226859 0.17104457318782806 889
1782828226861 0.47143059968948364 890
1782828226862 0.29664480686187744 891
1782828226864 0.5069547295570374 892
1782828226865 0.3687117397785187 893
1782828226866 0.10763682425022125 894
1782828226868 0.4108925759792328 895
1782828226869 0.11389224976301193 896
1782828226870 0.25631487369537354 897
1782828226872 0.07976305484771729 898
1782828226873 0.18849800527095795 899
1782828226875 0.17007924616336823 900
1782828226876 0.19438882172107697 901
1782828226877 0.13208603858947754 902
1782828226879 0.11246093362569809 903
1782828226880 0.237723246216774 904
1782828226882 0.1693403422832489 905
1782828226883 0.13933345675468445 906
1782828226884 0.5474398732185364 907
1782828226886 0.1978309005498886 908
1782828226887 0.22124989330768585 909
1782828226889 0.2152031511068344 910
1782828226890 0.16194596886634827 911
1782828226891 0.10277348011732101 912
1782828226893 0.18723060190677643 913
1782828226894 0.11281820386648178 914
1782828226895 0.23773598670959473 915
1782828226897 0.30974245071411133 916
1782828226898 0.26117411255836487 917
1782828226900 0.06867361813783646 918
1782828226901 0.5365092754364014 919
1782828226902 0.3595653772354126 920
1782828226904 0.16626451909542084 921
1782828226905 0.26437169313430786 922
1782828226907 0.45223891735076904 923
1782828226908 0.44656839966773987 924
1782828226910 0.22335092723369598 925
1782828226911 0.2693881690502167 926
1782828226912 0.22281129658222198 927
1782828226914 0.11195918172597885 928
1782828226915 0.24336835741996765 929
1782828226916 0.06354701519012451 930
1782828226917 0.25078749656677246 931
1782828226919 0.1201518252491951 932
1782828226920 0.15808194875717163 933
1782828226921 0.21325843036174774 934
1782828226923 0.19023707509040833 935
1782828226924 0.41533586382865906 936
1782828226925 0.3648037314414978 937
1782828226927 0.26413705945014954 938
1782828226928 0.39788833260536194 939
1782828226929 0.1056024432182312 940
1782828226931 0.3329678475856781 941
1782828226932 0.18554021418094635 942
1782828226933 0.06428855657577515 943
1782828226935 0.36356353759765625 944
1782828226936 0.14584551751613617 945
1782828226937 0.20102587342262268 946
1782828226939 0.21349838376045227 947
1782828226940 0.32598263025283813 948
1782828226941 0.09758414328098297 949
1782828226943 0.3633880317211151 950
1782828226944 0.2034931778907776 951
1782828226945 0.32760605216026306 952
1782828226947 0.23900657892227173 953
1782828226948 0.25652146339416504 954
1782828226949 0.2299860417842865 955
1782828226951 0.590508759021759 956
1782828226952 0.26457449793815613 957
1782828226953 0.12571705877780914 958
1782828226955 0.21855482459068298 959
1782828226956 0.24819131195545197 960
1782828226957 0.29139718413352966 961
1782828226959 0.16520348191261292 962
1782828226960 0.06611979007720947 963
1782828226961 0.24010902643203735 964
1782828226963 0.30711910128593445 965
1782828226964 0.36953839659690857 966
1782828226966 0.18716692924499512 967
1782828226967 0.18600010871887207 968
1782828226969 0.07985065132379532 969
1782828226970 0.09875278919935226 970
1782828226971 0.22917954623699188 971
1782828226973 0.18315665423870087 972
1782828226974 0.1051228940486908 973
1782828226975 0.10129617154598236 974
1782828226977 0.02885950729250908 975
1782828226978 0.1659141182899475 976
1782828226979 0.2824326157569885 977
1782828226981 0.08017894625663757 978
1782828226982 0.2141580730676651 979
1782828226984 0.16889779269695282 980
1782828226985 0.2645382285118103 981
1782828226986 0.06578554213047028 982
1782828226987 0.1075931265950203 983
1782828226989 0.17973046004772186 984
1782828226990 0.055751413106918335 985
1782828226992 0.09976960718631744 986
1782828226993 0.33823785185813904 987
1782828226994 0.08594845980405807 988
1782828226996 0.03194771334528923 989
1782828226997 0.09148643910884857 990
1782828226998 0.2486352026462555 991
1782828226999 0.2439674735069275 992
1782828227001 0.026478687301278114 993
1782828227002 0.07968449592590332 994
1782828227005 0.11585618555545807 995
1782828227006 0.25168323516845703 996
1782828227007 0.06488513946533203 997
1782828227009 0.07129483669996262 998
1782828227010 0.06196845695376396 999
1782828227011 0.2189132571220398 1000
1782828227012 0.02512548677623272 1001
1782828227014 0.1601438671350479 1002
1782828227015 0.09133722633123398 1003
1782828227016 0.35832762718200684 1004
1782828227018 0.1323717087507248 1005
1782828227019 0.3776155114173889 1006
1782828227020 0.1349300593137741 1007
1782828227022 0.4511836767196655 1008
1782828227023 0.08218906819820404 1009
1782828227024 0.18123948574066162 1010
1782828227025 0.15408077836036682 1011
1782828227027 0.3961019814014435 1012
1782828227028 0.40581175684928894 1013
1782828227029 0.06632670015096664 1014
1782828227031 0.2078913152217865 1015
1782828227032 0.13466638326644897 1016
1782828227033 0.2074691653251648 1017
1782828227035 0.18405787646770477 1018
1782828227036 0.06718339771032333 1019
1782828227037 0.3780630826950073 1020
1782828227039 0.1055937185883522 1021
1782828227040 0.19611485302448273 1022
1782828227041 0.1584610641002655 1023
1782828227042 0.17607760429382324 1024
1782828227044 0.5847312808036804 1025
1782828227045 0.5403161644935608 1026
1782828227046 0.4368477463722229 1027
1782828227048 0.045954931527376175 1028
1782828227049 0.25549909472465515 1029
1782828227050 0.20349900424480438 1030
1782828227052 0.0753597766160965 1031
1782828227053 0.37000173330307007 1032
1782828227054 0.11855746060609818 1033
1782828227056 0.19657789170742035 1034
1782828227057 0.31816548109054565 1035
1782828227058 0.19522133469581604 1036
1782828227060 0.21471093595027924 1037
1782828227061 0.32511788606643677 1038
1782828227062 0.24297618865966797 1039
1782828227064 0.05491027608513832 1040
1782828227065 0.14737468957901 1041
1782828227066 0.5431289672851562 1042
1782828227068 0.2532609701156616 1043
1782828227069 0.07839121669530869 1044
1782828227070 0.23614221811294556 1045
1782828227071 0.1755552738904953 1046
1782828227073 0.06881630420684814 1047
1782828227074 0.29299721121788025 1048
1782828227075 0.3177533447742462 1049
1782828227077 0.17816749215126038 1050
1782828227078 0.11722875386476517 1051
1782828227080 0.09973880648612976 1052
1782828227081 0.05523384362459183 1053
1782828227082 0.2138507217168808 1054
1782828227083 0.24215607345104218 1055
1782828227085 0.4666735529899597 1056
1782828227086 0.18101496994495392 1057
1782828227087 0.23373198509216309 1058
1782828227089 0.11562158912420273 1059
1782828227090 0.13018524646759033 1060
1782828227091 0.18669064342975616 1061
1782828227093 0.05669116601347923 1062
1782828227094 0.11885146051645279 1063
1782828227095 0.22809575498104095 1064
1782828227097 0.25254786014556885 1065
1782828227098 0.24440494179725647 1066
1782828227099 0.254607617855072 1067
1782828227101 0.17206358909606934 1068
1782828227102 0.1182665005326271 1069
1782828227103 0.23586063086986542 1070
1782828227105 0.3097408711910248 1071
1782828227106 0.33202922344207764 1072
1782828227107 0.06259308755397797 1073
1782828227109 0.1319829672574997 1074
1782828227110 0.28062909841537476 1075
1782828227111 0.18811021745204926 1076
1782828227112 0.08816713839769363 1077
1782828227114 0.3468489348888397 1078
1782828227115 0.03546943888068199 1079
1782828227116 0.369292676448822 1080
1782828227118 0.3564772605895996 1081
1782828227119 0.04522427171468735 1082
1782828227120 0.053552236407995224 1083
1782828227122 0.5192457437515259 1084
1782828227123 0.2346205711364746 1085
1782828227124 0.2947857677936554 1086
1782828227126 0.3315712511539459 1087
1782828227127 0.072549007833004 1088
1782828227128 0.0590699277818203 1089
1782828227130 0.23183317482471466 1090
1782828227131 0.43696460127830505 1091
1782828227132 0.16616708040237427 1092
1782828227134 0.6431282758712769 1093
1782828227135 0.21433910727500916 1094
1782828227137 0.057903606444597244 1095
1782828227138 0.33642417192459106 1096
1782828227139 0.27750125527381897 1097
1782828227141 0.3873513638973236 1098
1782828227142 0.1894657164812088 1099
1782828227143 0.31060224771499634 1100
1782828227144 0.294201523065567 1101
1782828227146 0.500744640827179 1102
1782828227147 0.18994824588298798 1103
1782828227148 0.3348192572593689 1104
1782828227150 0.10631231218576431 1105
1782828227151 0.21949553489685059 1106
1782828227152 0.3029373586177826 1107
1782828227154 0.13161113858222961 1108
1782828227155 0.19317923486232758 1109
1782828227156 0.16266661882400513 1110
1782828227157 0.31212136149406433 1111
1782828227159 0.18035943806171417 1112
1782828227160 0.319835364818573 1113
1782828227161 0.04979880526661873 1114
1782828227163 0.18476830422878265 1115
1782828227164 0.20661763846874237 1116
1782828227166 0.2203899770975113 1117
1782828227167 0.30572423338890076 1118
1782828227169 0.13062214851379395 1119
1782828227171 0.20649386942386627 1120
1782828227172 0.22576904296875 1121
1782828227174 0.20662342011928558 1122
1782828227175 0.1941467672586441 1123
1782828227177 0.34908998012542725 1124
1782828227178 0.23011919856071472 1125
1782828227180 0.375465989112854 1126
1782828227181 0.18021588027477264 1127
1782828227183 0.19408848881721497 1128
1782828227184 0.16366416215896606 1129
1782828227185 0.3727618455886841 1130
1782828227187 0.05992738530039787 1131
1782828227188 0.17543348670005798 1132
1782828227189 0.06949770450592041 1133
1782828227191 0.5710402727127075 1134
1782828227192 0.17957967519760132 1135
1782828227194 0.10676687955856323 1136
1782828227195 0.4145028591156006 1137
1782828227196 0.17610861361026764 1138
1782828227198 0.19128747284412384 1139
1782828227199 0.06572187691926956 1140
1782828227201 0.13057036697864532 1141
1782828227202 0.11567716300487518 1142
1782828227203 0.08440766483545303 1143
1782828227205 0.15653681755065918 1144
1782828227206 0.14395518600940704 1145
1782828227208 0.17634360492229462 1146
1782828227209 0.08713293820619583 1147
1782828227210 0.06473523378372192 1148
1782828227212 0.12009979784488678 1149
1782828227213 0.1823737919330597 1150
1782828227214 0.1468086987733841 1151
1782828227216 0.32204124331474304 1152
1782828227217 0.2182082086801529 1153
1782828227219 0.15901407599449158 1154
1782828227220 0.10459364950656891 1155
1782828227221 0.283297598361969 1156
1782828227223 0.27612897753715515 1157
1782828227224 0.2550487220287323 1158
1782828227225 0.36294710636138916 1159
1782828227227 0.12140326201915741 1160
1782828227228 0.061906781047582626 1161
1782828227230 0.03817275911569595 1162
1782828227231 0.031479399651288986 1163
1782828227232 0.18066298961639404 1164
1782828227234 0.19758006930351257 1165
1782828227235 0.3954208195209503 1166
1782828227237 0.25619757175445557 1167
1782828227238 0.16097679734230042 1168
1782828227239 0.2272728830575943 1169
1782828227241 0.21320131421089172 1170
1782828227242 0.1527833640575409 1171
1782828227243 0.1579892784357071 1172
1782828227245 0.2246341109275818 1173
1782828227246 0.0939902663230896 1174
1782828227247 0.09403153508901596 1175
1782828227249 0.012815027497708797 1176
1782828227250 0.20500601828098297 1177
1782828227252 0.19691672921180725 1178
1782828227253 0.06415138393640518 1179
1782828227254 0.2992580533027649 1180
1782828227256 0.21700844168663025 1181
1782828227257 0.1704901158809662 1182
1782828227259 0.012037512846291065 1183
1782828227260 0.24967074394226074 1184
1782828227261 0.5179554224014282 1185
1782828227263 0.1799321323633194 1186
1782828227264 0.3381366729736328 1187
1782828227266 0.16349387168884277 1188
1782828227267 0.2710077464580536 1189
1782828227268 0.0875796377658844 1190
1782828227270 0.2343847155570984 1191
1782828227271 0.22668130695819855 1192
1782828227272 0.2966757118701935 1193
1782828227274 0.05559508502483368 1194
1782828227275 0.16594107449054718 1195
1782828227277 0.1644599437713623 1196
1782828227278 0.15392637252807617 1197
1782828227279 0.07945458590984344 1198
1782828227281 0.17257019877433777 1199
1782828227282 0.1254657804965973 1200
1782828227283 0.10270073264837265 1201
1782828227285 0.1399758756160736 1202
1782828227286 0.24406056106090546 1203
1782828227287 0.08829613775014877 1204
1782828227289 0.2954200208187103 1205
1782828227290 0.04186512157320976 1206
1782828227292 0.48096054792404175 1207
1782828227293 0.1605120599269867 1208
1782828227295 0.08384528756141663 1209
1782828227296 0.14155201613903046 1210
1782828227297 0.25929775834083557 1211
1782828227299 0.24374708533287048 1212
1782828227300 0.048551883548498154 1213
1782828227301 0.40028801560401917 1214
1782828227303 0.09362025558948517 1215
1782828227304 0.1355188935995102 1216
1782828227306 0.2044757455587387 1217
1782828227307 0.10825180262327194 1218
1782828227308 0.11923866719007492 1219
1782828227310 0.10464487224817276 1220
1782828227311 0.23490998148918152 1221
1782828227312 0.1003432646393776 1222
1782828227314 0.18761464953422546 1223
1782828227315 0.304090291261673 1224
1782828227317 0.07431861013174057 1225
1782828227318 0.07267934083938599 1226
1782828227320 0.2855956554412842 1227
1782828227321 0.4045769274234772 1228
1782828227322 0.059318192303180695 1229
1782828227324 0.06706181168556213 1230
1782828227325 0.31541895866394043 1231
1782828227326 0.12751461565494537 1232
1782828227328 0.19812017679214478 1233
1782828227329 0.162541463971138 1234
1782828227331 0.07507025450468063 1235
1782828227332 0.15798333287239075 1236
1782828227333 0.4145468771457672 1237
1782828227335 0.2044631987810135 1238
1782828227336 0.19990678131580353 1239
1782828227338 0.05680634081363678 1240
1782828227339 0.12977057695388794 1241
1782828227341 0.17669586837291718 1242
1782828227342 0.20506532490253448 1243
1782828227343 0.40791812539100647 1244
1782828227345 0.3547677993774414 1245
1782828227346 0.44356510043144226 1246
1782828227348 0.0980815514922142 1247
1782828227349 0.08644281327724457 1248
1782828227350 0.14433112740516663 1249
1782828227352 0.2374328225851059 1250
1782828227353 0.0717410072684288 1251
1782828227355 0.057901035994291306 1252
1782828227356 0.07456602156162262 1253
1782828227357 0.2049420177936554 1254
1782828227359 0.2018149346113205 1255
1782828227361 0.16181856393814087 1256
1782828227362 0.31301939487457275 1257
1782828227364 0.08539559692144394 1258
1782828227365 0.4411559998989105 1259
1782828227367 0.41552579402923584 1260
1782828227369 0.44285863637924194 1261
1782828227370 0.07066299021244049 1262
1782828227372 0.22637245059013367 1263
1782828227374 0.1936987042427063 1264
1782828227376 0.348807156085968 1265
1782828227378 0.0678873285651207 1266
1782828227380 0.0780281350016594 1267
1782828227382 0.17048832774162292 1268
1782828227384 0.3752283751964569 1269
1782828227386 0.17462769150733948 1270
1782828227388 0.06639539450407028 1271
1782828227390 0.10888703912496567 1272
1782828227392 0.2940201461315155 1273
1782828227394 0.43066415190696716 1274
1782828227396 0.09616688638925552 1275
1782828227397 0.45531991124153137 1276
1782828227399 0.030207134783267975 1277
1782828227400 0.14937400817871094 1278
1782828227402 0.09664281457662582 1279
1782828227403 0.11529836803674698 1280
1782828227405 0.23223549127578735 1281
1782828227406 0.1456495225429535 1282
1782828227408 0.24611671268939972 1283
1782828227409 0.1303085833787918 1284
1782828227411 0.061212923377752304 1285
1782828227412 0.4024863541126251 1286
1782828227414 0.17396828532218933 1287
1782828227415 0.12361475825309753 1288
1782828227417 0.13803178071975708 1289
1782828227418 0.21936529874801636 1290
1782828227420 0.15127353370189667 1291
1782828227421 0.06007152050733566 1292
1782828227423 0.47058722376823425 1293
1782828227424 0.41721946001052856 1294
1782828227426 0.0681573748588562 1295
1782828227427 0.28569740056991577 1296
1782828227429 0.26416850090026855 1297
1782828227430 0.15917684137821198 1298
1782828227431 0.3406921923160553 1299
1782828227433 0.09353671967983246 1300
1782828227434 0.2813900411128998 1301
1782828227436 0.07848547399044037 1302
1782828227437 0.16189412772655487 1303
1782828227439 0.10909772664308548 1304
1782828227440 0.36199989914894104 1305
1782828227441 0.1760411560535431 1306
1782828227443 0.17218142747879028 1307
1782828227444 0.07394058257341385 1308
1782828227446 0.23648980259895325 1309
1782828227447 0.16429930925369263 1310
1782828227449 0.32870665192604065 1311
1782828227450 0.1563839465379715 1312
1782828227452 0.44761812686920166 1313
1782828227453 0.09326372295618057 1314
1782828227454 0.266271710395813 1315
1782828227456 0.14834851026535034 1316
1782828227457 0.17290841042995453 1317
1782828227458 0.06899596005678177 1318
1782828227460 0.4362490177154541 1319
1782828227461 0.3707587420940399 1320
1782828227463 0.17141184210777283 1321
1782828227464 0.186762735247612 1322
1782828227466 0.13501234352588654 1323
1782828227467 0.07955960184335709 1324
1782828227468 0.1942909210920334 1325
1782828227470 0.3968236744403839 1326
1782828227471 0.37721648812294006 1327
1782828227473 0.18070374429225922 1328
1782828227474 0.3428238034248352 1329
1782828227475 0.12630945444107056 1330
1782828227477 0.06353598088026047 1331
1782828227478 0.08340728282928467 1332
1782828227480 0.08176606148481369 1333
1782828227481 0.36952510476112366 1334
1782828227482 0.22208118438720703 1335
1782828227484 0.239511638879776 1336
1782828227485 0.04477602243423462 1337
1782828227487 0.12154113501310349 1338
1782828227488 0.6197735667228699 1339
1782828227490 0.09155836701393127 1340
1782828227491 0.11757954955101013 1341
1782828227492 0.04195065051317215 1342
1782828227494 0.08674675226211548 1343
1782828227495 0.2446552813053131 1344
1782828227496 0.11331337690353394 1345
1782828227498 0.11319546401500702 1346
1782828227499 0.28024590015411377 1347
1782828227501 0.3301661014556885 1348
1782828227502 0.13135647773742676 1349
1782828227504 0.23093317449092865 1350
1782828227505 0.11949758976697922 1351
1782828227506 0.10783210396766663 1352
1782828227508 0.20613139867782593 1353
1782828227509 0.04784366488456726 1354
1782828227511 0.4437106251716614 1355
1782828227512 0.09015686064958572 1356
1782828227513 0.5404701828956604 1357
1782828227515 0.4766524136066437 1358
1782828227516 0.3627064526081085 1359
1782828227518 0.047447558492422104 1360
1782828227519 0.05029594898223877 1361
1782828227521 0.16263285279273987 1362
1782828227522 0.10152765363454819 1363
1782828227524 0.15441425144672394 1364
1782828227525 0.3052258789539337 1365
1782828227526 0.34085819125175476 1366
1782828227528 0.07684755325317383 1367
1782828227529 0.0987703874707222 1368
1782828227531 0.12001193314790726 1369
1782828227532 0.23432564735412598 1370
1782828227534 0.06968608498573303 1371
1782828227535 0.4140555262565613 1372
1782828227537 0.2774691581726074 1373
1782828227538 0.22596310079097748 1374
1782828227539 0.15062405169010162 1375
1782828227541 0.18403883278369904 1376
1782828227542 0.05704697594046593 1377
1782828227544 0.10816551744937897 1378
1782828227545 0.2668626606464386 1379
1782828227547 0.16731932759284973 1380
1782828227548 0.11062046140432358 1381
1782828227549 0.14566516876220703 1382
1782828227551 0.14742544293403625 1383
1782828227552 0.43477535247802734 1384
1782828227554 0.12177830189466476 1385
1782828227555 0.13738857209682465 1386
1782828227557 0.33341285586357117 1387
1782828227558 0.17344646155834198 1388
1782828227559 0.19099140167236328 1389
1782828227561 0.13135413825511932 1390
1782828227562 0.06613893806934357 1391
1782828227564 0.154411181807518 1392
1782828227565 0.0685293897986412 1393
1782828227567 0.1562025099992752 1394
1782828227568 0.24122560024261475 1395
1782828227570 0.10851017385721207 1396
1782828227571 0.28050652146339417 1397
1782828227572 0.06725668162107468 1398
1782828227574 0.34639590978622437 1399
1782828227575 0.09527414292097092 1400
1782828227576 0.22994789481163025 1401
1782828227578 0.04284537211060524 1402
1782828227579 0.23634594678878784 1403
1782828227581 0.17620249092578888 1404
1782828227582 0.11239056289196014 1405
1782828227584 0.27083340287208557 1406
1782828227585 0.19177788496017456 1407
1782828227586 0.07462245970964432 1408
1782828227588 0.16594766080379486 1409
1782828227589 0.5542284846305847 1410
1782828227590 0.2337828278541565 1411
1782828227592 0.4748784005641937 1412
1782828227593 0.08419959247112274 1413
1782828227595 0.05961336940526962 1414
1782828227596 0.23683860898017883 1415
1782828227598 0.17866383492946625 1416
1782828227599 0.2196521759033203 1417
1782828227601 0.1557345688343048 1418
1782828227602 0.3463597595691681 1419
1782828227603 0.07697581499814987 1420
1782828227605 0.10145244002342224 1421
1782828227606 0.3628517985343933 1422
1782828227607 0.3489499092102051 1423
1782828227609 0.11692829430103302 1424
1782828227610 0.10446107387542725 1425
1782828227612 0.13019485771656036 1426
1782828227613 0.2708694040775299 1427
1782828227614 0.23574459552764893 1428
1782828227616 0.2587200105190277 1429
1782828227617 0.10739468038082123 1430
1782828227619 0.19555512070655823 1431
1782828227620 0.10422207415103912 1432
1782828227621 0.2919228672981262 1433
1782828227623 0.1901916116476059 1434
1782828227624 0.2984932065010071 1435
1782828227626 0.3149002492427826 1436
1782828227627 0.14378389716148376 1437
1782828227629 0.1868923455476761 1438
1782828227630 0.1604180932044983 1439
1782828227631 0.3760438561439514 1440
1782828227633 0.42032745480537415 1441
1782828227634 0.04347434639930725 1442
1782828227636 0.05421203747391701 1443
1782828227637 0.17355839908123016 1444
1782828227638 0.11712080240249634 1445
1782828227640 0.2127937376499176 1446
1782828227641 0.17686057090759277 1447
1782828227642 0.12585437297821045 1448
1782828227644 0.034824538975954056 1449
1782828227645 0.24326100945472717 1450
1782828227646 0.09828892350196838 1451
1782828227648 0.019260743632912636 1452
1782828227649 0.09282844513654709 1453
1782828227651 0.10204903036355972 1454
1782828227652 0.1417095959186554 1455
1782828227654 0.4230080246925354 1456
1782828227655 0.2844598591327667 1457
1782828227656 0.09622669965028763 1458
1782828227658 0.14970536530017853 1459
1782828227659 0.13709479570388794 1460
1782828227660 0.2706090211868286 1461
1782828227662 0.021944742649793625 1462
1782828227664 0.3358146548271179 1463
1782828227665 0.15479788184165955 1464
1782828227666 0.11650560051202774 1465
1782828227668 0.10343576967716217 1466
1782828227669 0.19895045459270477 1467
1782828227671 0.25549638271331787 1468
1782828227672 0.21938011050224304 1469
1782828227673 0.15128417313098907 1470
1782828227675 0.04499739781022072 1471
1782828227676 0.13560418784618378 1472
1782828227678 0.31703200936317444 1473
1782828227679 0.08082106709480286 1474
1782828227680 0.35471153259277344 1475
1782828227682 0.14605535566806793 1476
1782828227683 0.12864328920841217 1477
1782828227685 0.2979286313056946 1478
1782828227686 0.22296223044395447 1479
1782828227687 0.2911941707134247 1480
1782828227689 0.32222339510917664 1481
1782828227690 0.03853321447968483 1482
1782828227691 0.1212724819779396 1483
1782828227693 0.17316801846027374 1484
1782828227694 0.13477233052253723 1485
1782828227696 0.24199894070625305 1486
1782828227697 0.23012155294418335 1487
1782828227698 0.11398621648550034 1488
1782828227700 0.21921975910663605 1489
1782828227701 0.08576294034719467 1490
1782828227702 0.05401240289211273 1491
1782828227704 0.05858312174677849 1492
1782828227705 0.19276009500026703 1493
1782828227707 0.12335145473480225 1494
1782828227708 0.24429573118686676 1495
1782828227709 0.11667825281620026 1496
1782828227711 0.5068368911743164 1497
1782828227712 0.28915056586265564 1498
1782828227713 0.10467582941055298 1499
1782828227715 0.5241557359695435 1500
1782828227716 0.35353943705558777 1501
1782828227718 0.22878800332546234 1502
1782828227719 0.21893586218357086 1503
1782828227720 0.12435482442378998 1504
1782828227722 0.252716064453125 1505
1782828227723 0.033870719373226166 1506
1782828227724 0.1806941032409668 1507
1782828227726 0.16128462553024292 1508
1782828227727 0.06971735507249832 1509
1782828227729 0.13742735981941223 1510
1782828227730 0.13427507877349854 1511
1782828227731 0.11143678426742554 1512
1782828227733 0.029978549107909203 1513
1782828227734 0.1277051568031311 1514
1782828227735 0.12114613503217697 1515
1782828227737 0.12191537767648697 1516
1782828227738 0.08738817274570465 1517
1782828227739 0.043254610151052475 1518
1782828227741 0.35962608456611633 1519
1782828227742 0.29768630862236023 1520
1782828227744 0.5070429444313049 1521
1782828227745 0.0915827825665474 1522
1782828227746 0.1559688299894333 1523
1782828227748 0.06883037090301514 1524
1782828227749 0.2301483452320099 1525
1782828227751 0.33904486894607544 1526
1782828227752 0.09851487725973129 1527
1782828227753 0.2895261347293854 1528
1782828227755 0.06339193880558014 1529
1782828227756 0.03530102223157883 1530
1782828227758 0.7684125900268555 1531
1782828227759 0.052723318338394165 1532
1782828227760 0.18278665840625763 1533
1782828227762 0.30165544152259827 1534
1782828227763 0.15050897002220154 1535
1782828227765 0.6131411194801331 1536
1782828227766 0.08872516453266144 1537
1782828227768 0.06379152834415436 1538
1782828227769 0.013226239942014217 1539
1782828227771 0.1562904268503189 1540
1782828227772 0.1195325031876564 1541
1782828227773 0.14459966123104095 1542
1782828227775 0.10665326565504074 1543
1782828227776 0.1883809119462967 1544
1782828227777 0.10961750149726868 1545
1782828227779 0.17109711468219757 1546
1782828227780 0.05591127276420593 1547
1782828227782 0.10310330986976624 1548
1782828227783 0.1462172567844391 1549
1782828227785 0.09160571545362473 1550
1782828227786 0.1891569048166275 1551
1782828227788 0.033671919256448746 1552
1782828227789 0.09431416541337967 1553
1782828227791 0.14003333449363708 1554
1782828227792 0.12780921161174774 1555
1782828227794 0.26368507742881775 1556
1782828227796 0.21143391728401184 1557
1782828227797 0.12698514759540558 1558
1782828227799 0.0839439108967781 1559
1782828227801 0.11568813025951385 1560
1782828227802 0.11520635336637497 1561
1782828227804 0.09361796081066132 1562
1782828227806 0.23882009088993073 1563
1782828227808 0.060183800756931305 1564
1782828227810 0.0873035416007042 1565
1782828227812 0.08711884170770645 1566
1782828227814 0.11378636956214905 1567
1782828227815 0.021844593808054924 1568
1782828227817 0.05226009339094162 1569
1782828227819 0.04856765270233154 1570
1782828227821 0.10061275213956833 1571
1782828227822 0.3084554970264435 1572
1782828227824 0.1914307177066803 1573
1782828227825 0.05687354505062103 1574
1782828227827 0.19720953702926636 1575
1782828227828 0.25380489230155945 1576
1782828227830 0.4860454201698303 1577
1782828227831 0.14846168458461761 1578
1782828227833 0.1515735387802124 1579
1782828227834 0.016860727220773697 1580
1782828227836 0.04878648743033409 1581
1782828227837 0.21970966458320618 1582
1782828227839 0.2205815315246582 1583
1782828227841 0.07959271222352982 1584
1782828227842 0.2156125158071518 1585
1782828227843 0.040691304951906204 1586
1782828227845 0.09080838412046432 1587
1782828227846 0.11701391637325287 1588
1782828227847 0.06795841455459595 1589
1782828227849 0.2818487286567688 1590
1782828227851 0.15229181945323944 1591
1782828227852 0.22620297968387604 1592
1782828227854 0.20248959958553314 1593
1782828227855 0.048804305493831635 1594
1782828227857 0.14184552431106567 1595
1782828227858 0.8092906475067139 1596
1782828227859 0.41919320821762085 1597
1782828227861 0.04004287347197533 1598
1782828227863 0.016654938459396362 1599
1782828227864 0.14518646895885468 1600
1782828227866 0.2355833351612091 1601
1782828227867 0.28906533122062683 1602
1782828227869 0.12001608312129974 1603
1782828227870 0.1871749609708786 1604
1782828227872 0.12942557036876678 1605
1782828227873 0.2633082866668701 1606
1782828227874 0.21773245930671692 1607
1782828227876 0.24673137068748474 1608
1782828227877 0.029417967423796654 1609
1782828227879 0.3821043074131012 1610
1782828227880 0.0814586728811264 1611
1782828227882 0.13793230056762695 1612
1782828227883 0.20731016993522644 1613
1782828227885 0.1235552728176117 1614
1782828227886 0.10479288548231125 1615
1782828227887 0.022193543612957 1616
1782828227889 0.1291443407535553 1617
1782828227891 0.2786041498184204 1618
1782828227892 0.04706975072622299 1619
1782828227893 0.04006266966462135 1620
1782828227895 0.1380777209997177 1621
1782828227896 0.1319056898355484 1622
1782828227898 0.3570365905761719 1623
1782828227899 0.21992464363574982 1624
1782828227901 0.0343564935028553 1625
1782828227902 0.06922478973865509 1626
1782828227904 0.2508409321308136 1627
1782828227905 0.16769245266914368 1628
1782828227907 0.13217471539974213 1629
1782828227908 0.11508884280920029 1630
1782828227909 0.1121555045247078 1631
1782828227911 0.06216713786125183 1632
1782828227913 0.16583497822284698 1633
1782828227914 0.02614041231572628 1634
1782828227915 0.5280002951622009 1635
1782828227917 0.09406763315200806 1636
1782828227918 0.18188367784023285 1637
1782828227919 0.11492573469877243 1638
1782828227921 0.12038203328847885 1639
1782828227922 0.27211031317710876 1640
1782828227923 0.028503071516752243 1641
1782828227925 0.05496031418442726 1642
1782828227926 0.26174911856651306 1643
1782828227927 0.06771480292081833 1644
1782828227929 0.16684283316135406 1645
1782828227930 0.05036379396915436 1646
1782828227931 0.21114253997802734 1647
1782828227933 0.09369933605194092 1648
1782828227934 0.10386735200881958 1649
1782828227935 0.3741801381111145 1650
1782828227937 0.28156140446662903 1651
1782828227938 0.06015253812074661 1652
1782828227939 0.04280425235629082 1653
1782828227941 0.0349864661693573 1654
1782828227942 0.1681562215089798 1655
1782828227943 0.08491745591163635 1656
1782828227945 0.1041681319475174 1657
1782828227946 0.35488826036453247 1658
1782828227947 0.1758597195148468 1659
1782828227949 0.17292237281799316 1660
1782828227950 0.12286065518856049 1661
1782828227952 0.20984746515750885 1662
1782828227953 0.10003926604986191 1663
1782828227954 0.08890527486801147 1664
1782828227956 0.07283712923526764 1665
1782828227957 0.4076135456562042 1666
1782828227958 0.08079015463590622 1667
1782828227960 0.07687969505786896 1668
1782828227961 0.23143480718135834 1669
1782828227962 0.08502174913883209 1670
1782828227964 0.0416010282933712 1671
1782828227965 0.08017667382955551 1672
1782828227967 0.14789646863937378 1673
1782828227969 0.2847764492034912 1674
1782828227971 0.28754299879074097 1675
1782828227973 0.03225770220160484 1676
1782828227975 0.04360036924481392 1677
1782828227976 0.4215480089187622 1678
1782828227978 0.20795394480228424 1679
1782828227979 0.1313643753528595 1680
1782828227980 0.10866887867450714 1681
1782828227982 0.5150342583656311 1682
1782828227983 0.3478206694126129 1683
1782828227985 0.22285370528697968 1684
1782828227986 0.15474911034107208 1685
1782828227988 0.04812627658247948 1686
1782828227989 0.3938712179660797 1687
1782828227990 0.5108451247215271 1688
1782828227992 0.10072950273752213 1689
1782828227993 0.1795259267091751 1690
1782828227995 0.06592796742916107 1691
1782828227996 0.13774119317531586 1692
1782828227997 0.13359200954437256 1693
1782828227999 0.20336715877056122 1694
1782828228000 0.308529257774353 1695
1782828228002 0.28054115176200867 1696
1782828228003 0.3635099232196808 1697
1782828228004 0.1651240736246109 1698
1782828228006 0.2565874755382538 1699
1782828228007 0.12710325419902802 1700
1782828228008 0.2656583786010742 1701
1782828228010 0.15737511217594147 1702
1782828228011 0.22868119180202484 1703
1782828228012 0.0568196177482605 1704
1782828228014 0.14745020866394043 1705
1782828228015 0.17227351665496826 1706
1782828228016 0.18680812418460846 1707
1782828228018 0.10240653157234192 1708
1782828228019 0.23893111944198608 1709
1782828228020 0.17409665882587433 1710
1782828228022 0.09040132164955139 1711
1782828228023 0.06244164705276489 1712
1782828228025 0.15768550336360931 1713
1782828228026 0.15920911729335785 1714
1782828228027 0.11113053560256958 1715
1782828228029 0.544347882270813 1716
1782828228030 0.24300749599933624 1717
1782828228032 0.20777122676372528 1718
1782828228033 0.3705647885799408 1719
1782828228034 0.13058339059352875 1720
1782828228036 0.17054526507854462 1721
1782828228037 0.11138081550598145 1722
1782828228038 0.459868848323822 1723
1782828228040 0.09567089378833771 1724
1782828228041 0.12095094472169876 1725
1782828228042 0.07150063663721085 1726
1782828228044 0.34444767236709595 1727
1782828228045 0.179228276014328 1728
1782828228046 0.05797148123383522 1729
1782828228048 0.1760392189025879 1730
1782828228049 0.11723405867815018 1731
1782828228051 0.17544302344322205 1732
1782828228052 0.3934187889099121 1733
1782828228053 0.1488485187292099 1734
1782828228055 0.13152475655078888 1735
1782828228056 0.14483974874019623 1736
1782828228057 0.15711943805217743 1737
1782828228059 0.08049041032791138 1738
1782828228060 0.1549225151538849 1739
1782828228062 0.048540689051151276 1740
1782828228063 0.04704684019088745 1741
1782828228064 0.5851562023162842 1742
1782828228066 0.12667149305343628 1743
1782828228067 0.04024241864681244 1744
1782828228068 0.04120350629091263 1745
1782828228070 0.5955550670623779 1746
1782828228071 0.44382697343826294 1747
1782828228072 0.1416005939245224 1748
1782828228074 0.23411454260349274 1749
1782828228075 0.02596314251422882 1750
1782828228077 0.16744603216648102 1751
1782828228078 0.17059043049812317 1752
1782828228079 0.29056423902511597 1753
1782828228081 0.15253202617168427 1754
1782828228082 0.16004972159862518 1755
1782828228083 0.4289800524711609 1756
1782828228085 0.179701030254364 1757
1782828228086 0.17319618165493011 1758
1782828228087 0.10447311401367188 1759
1782828228089 0.16409803926944733 1760
1782828228090 0.4701119065284729 1761
1782828228092 0.22902223467826843 1762
1782828228093 0.15899617969989777 1763
1782828228094 0.15447744727134705 1764
1782828228096 0.08885087072849274 1765
1782828228097 0.16828285157680511 1766
1782828228099 0.22044147551059723 1767
1782828228100 0.22648514807224274 1768
1782828228101 0.08710695803165436 1769
1782828228103 0.2061186283826828 1770
1782828228104 0.16139215230941772 1771
1782828228106 0.145721897482872 1772
1782828228107 0.09854179620742798 1773
1782828228108 0.17789258062839508 1774
1782828228110 0.2977709472179413 1775
1782828228111 0.2810378670692444 1776
1782828228113 0.14269563555717468 1777
1782828228114 0.1412530541419983 1778
1782828228115 0.19098064303398132 1779
1782828228117 0.11947301030158997 1780
1782828228118 0.14248336851596832 1781
1782828228120 0.07765960693359375 1782
1782828228121 0.05591856688261032 1783
1782828228122 0.4427495002746582 1784
1782828228124 0.22712823748588562 1785
1782828228125 0.378663569688797 1786
1782828228127 0.20536689460277557 1787
1782828228129 0.09778887033462524 1788
1782828228130 0.28188464045524597 1789
1782828228131 0.2219499796628952 1790
1782828228133 0.08842958509922028 1791
1782828228134 0.17348618805408478 1792
1782828228135 0.20317663252353668 1793
1782828228137 0.01330031268298626 1794
1782828228138 0.33574753999710083 1795
1782828228140 0.015921713784337044 1796
1782828228141 0.3993595242500305 1797
1782828228142 0.28587985038757324 1798
1782828228144 0.1126035526394844 1799
1782828228145 0.15816451609134674 1800
1782828228147 0.14641045033931732 1801
1782828228148 0.20065578818321228 1802
1782828228149 0.15160538256168365 1803
1782828228151 0.055297646671533585 1804
1782828228152 0.18673215806484222 1805
1782828228154 0.13233868777751923 1806
1782828228155 0.3582550883293152 1807
1782828228156 0.09818744659423828 1808
1782828228158 0.03584785759449005 1809
1782828228159 0.15304547548294067 1810
1782828228161 0.03681955114006996 1811
1782828228162 0.12872625887393951 1812
1782828228164 0.08247943967580795 1813
1782828228165 0.3575817048549652 1814
1782828228166 0.23846036195755005 1815
1782828228168 0.2711319625377655 1816
1782828228170 0.08021795749664307 1817
1782828228171 0.19647428393363953 1818
1782828228172 0.019613508135080338 1819
1782828228174 0.13222165405750275 1820
1782828228175 0.03633136302232742 1821
1782828228176 0.2290867567062378 1822
1782828228178 0.15814712643623352 1823
1782828228179 0.17626811563968658 1824
1782828228180 0.3192513585090637 1825
1782828228182 0.12064901739358902 1826
1782828228183 0.076518714427948 1827
1782828228185 0.27064627408981323 1828
1782828228186 0.44091492891311646 1829
1782828228188 0.3092056214809418 1830
1782828228189 0.0787057876586914 1831
1782828228190 0.15650011599063873 1832
1782828228192 0.32109928131103516 1833
1782828228193 0.05300416797399521 1834
1782828228194 0.2040872871875763 1835
1782828228196 0.06258867681026459 1836
1782828228197 0.09658820927143097 1837
1782828228199 0.11911261081695557 1838
1782828228200 0.03747054561972618 1839
1782828228201 0.12491859495639801 1840
1782828228203 0.13090954720973969 1841
1782828228204 0.20539283752441406 1842
1782828228206 0.039853934198617935 1843
1782828228207 0.14037880301475525 1844
1782828228208 0.08413280546665192 1845
1782828228210 0.15447238087654114 1846
1782828228211 0.09941140562295914 1847
1782828228212 0.268310010433197 1848
1782828228214 0.044039901345968246 1849
1782828228215 0.10258456319570541 1850
1782828228217 0.05820634961128235 1851
1782828228218 0.05566034093499184 1852
1782828228219 0.17396286129951477 1853
1782828228221 0.13525249063968658 1854
1782828228222 0.27784815430641174 1855
1782828228224 0.09133432060480118 1856
1782828228225 0.07106032967567444 1857
1782828228226 0.07587280124425888 1858
1782828228228 0.21304883062839508 1859
1782828228229 0.02188524417579174 1860
1782828228230 0.016850456595420837 1861
1782828228232 0.15966267883777618 1862
1782828228233 0.14715535938739777 1863
1782828228235 0.16265805065631866 1864
1782828228236 0.06090226769447327 1865
1782828228237 0.3179004490375519 1866
1782828228239 0.30837512016296387 1867
1782828228240 0.3110511302947998 1868
1782828228241 0.2111462503671646 1869
1782828228243 0.4118597209453583 1870
1782828228244 0.19979362189769745 1871
1782828228246 0.08660324662923813 1872
1782828228247 0.1839013397693634 1873
1782828228249 0.06410965323448181 1874
1782828228377 0.036373138427734375 1875
1782828228378 0.16434703767299652 1876
1782828228380 0.16792002320289612 1877
1782828228381 0.3205370604991913 1878
1782828228383 0.139521524310112 1879
1782828228384 0.13170038163661957 1880
1782828228385 0.0633644163608551 1881
1782828228387 0.06359697878360748 1882
1782828228388 0.04429863765835762 1883
1782828228390 0.11779186874628067 1884
1782828228391 0.019415324553847313 1885
1782828228393 0.1447017788887024 1886
1782828228394 0.13899990916252136 1887
1782828228395 0.18179769814014435 1888
1782828228397 0.06980564445257187 1889
1782828228398 0.19954772293567657 1890
1782828228400 0.16147276759147644 1891
1782828228401 0.07967617362737656 1892
1782828228402 0.004983265418559313 1893
1782828228404 0.2835371494293213 1894
1782828228405 0.2135079801082611 1895
1782828228406 0.17747050523757935 1896
1782828228408 0.14130298793315887 1897
1782828228409 0.15954077243804932 1898
1782828228411 0.15218837559223175 1899
1782828228412 0.25156840682029724 1900
1782828228413 0.030076779425144196 1901
1782828228415 0.58732008934021 1902
1782828228416 0.0574493408203125 1903
1782828228418 0.1992419809103012 1904
1782828228419 0.05158061534166336 1905
1782828228420 0.20518487691879272 1906
1782828228422 0.1500144898891449 1907
1782828228423 0.10082661360502243 1908
1782828228425 0.06879696995019913 1909
1782828228426 0.05442457273602486 1910
1782828228427 0.1148504763841629 1911
1782828228429 0.15304642915725708 1912
1782828228430 0.12875241041183472 1913
1782828228432 0.07262419909238815 1914
1782828228433 0.03204535320401192 1915
1782828228434 0.14207333326339722 1916
1782828228436 0.07321719825267792 1917
1782828228437 0.10259027779102325 1918
1782828228438 0.1859857141971588 1919
1782828228440 0.12780702114105225 1920
1782828228441 0.23525342345237732 1921
1782828228442 0.26875606179237366 1922
1782828228444 0.1883949339389801 1923
1782828228445 0.04212350398302078 1924
1782828228447 0.1696828156709671 1925
1782828228448 0.13280434906482697 1926
1782828228450 0.08378703892230988 1927
1782828228451 0.0965370312333107 1928
1782828228453 0.1258336454629898 1929
1782828228454 0.11974453926086426 1930
1782828228455 0.4478127658367157 1931
1782828228457 0.03501775488257408 1932
1782828228458 0.15580929815769196 1933
1782828228459 0.02303779125213623 1934
1782828228461 0.02532099559903145 1935
1782828228462 0.1415223777294159 1936
1782828228464 0.027981199324131012 1937
1782828228465 0.14886973798274994 1938
1782828228466 0.04535561054944992 1939
1782828228468 0.1631942242383957 1940
1782828228469 0.07320677489042282 1941
1782828228471 0.09134367853403091 1942
1782828228472 0.13007290661334991 1943
1782828228474 0.05195295810699463 1944
1782828228475 0.1313365250825882 1945
1782828228476 0.022277353331446648 1946
1782828228478 0.3475798964500427 1947
1782828228479 0.5090253949165344 1948
1782828228481 0.03713246062397957 1949
1782828228482 0.05660403519868851 1950
1782828228483 0.17557229101657867 1951
1782828228485 0.04342300072312355 1952
1782828228486 0.059683386236429214 1953
1782828228488 0.06089731305837631 1954
1782828228489 0.09561890363693237 1955
1782828228491 0.12902292609214783 1956
1782828228492 0.170282781124115 1957
1782828228493 0.09957293421030045 1958
1782828228495 0.05123989284038544 1959
1782828228497 0.11838819831609726 1960
1782828228498 0.09213470667600632 1961
1782828228500 0.19997720420360565 1962
1782828228501 0.14972838759422302 1963
1782828228502 0.03919345140457153 1964
1782828228504 0.11706598848104477 1965
1782828228505 0.36095213890075684 1966
1782828228507 0.1128976047039032 1967
1782828228508 0.22166205942630768 1968
1782828228509 0.5244410037994385 1969
1782828228511 0.059280868619680405 1970
1782828228512 0.1831486076116562 1971
1782828228513 0.07418955117464066 1972
1782828228515 0.02841215580701828 1973
1782828228516 0.10498983412981033 1974
1782828228517 0.23567546904087067 1975
1782828228519 0.045165013521909714 1976
1782828228520 0.018241558223962784 1977
1782828228522 0.06497355550527573 1978
1782828228523 0.2196701318025589 1979
1782828228524 0.07721586525440216 1980
1782828228526 0.09477420896291733 1981
1782828228527 0.24274015426635742 1982
1782828228529 0.14348448812961578 1983
1782828228530 0.31397339701652527 1984
1782828228531 0.04255637526512146 1985
1782828228533 0.0860786885023117 1986
1782828228534 0.08863495290279388 1987
1782828228535 0.09453731775283813 1988
1782828228536 0.08182891458272934 1989
1782828228538 0.09299996495246887 1990
1782828228539 0.09570293128490448 1991
1782828228540 0.1802562177181244 1992
1782828228542 0.11900246888399124 1993
1782828228543 0.13191595673561096 1994
1782828228544 0.0688030868768692 1995
1782828228546 0.05099800229072571 1996
1782828228547 0.15230631828308105 1997
1782828228548 0.08527558296918869 1998
1782828228550 0.09925875812768936 1999
1782828228551 0.05497925728559494 2000
1782828228552 0.05161723494529724 2001
1782828228553 0.1564941555261612 2002
1782828228555 0.14107543230056763 2003
1782828228556 0.10461606085300446 2004
1782828228557 0.09277389943599701 2005
1782828228559 0.30088910460472107 2006
1782828228560 0.07892738282680511 2007
1782828228561 0.2140929251909256 2008
1782828228563 0.27280741930007935 2009
1782828228564 0.003152818651869893 2010
1782828228565 0.08303683251142502 2011
1782828228567 0.07302694767713547 2012
1782828228568 0.13972380757331848 2013
1782828228570 0.05550018697977066 2014
1782828228571 0.23526985943317413 2015
1782828228572 0.12584051489830017 2016
1782828228573 0.22979013621807098 2017
1782828228575 0.021418539807200432 2018
1782828228576 0.0336528979241848 2019
1782828228577 0.04668838158249855 2020
1782828228579 0.08339378237724304 2021
1782828228580 0.2516276240348816 2022
1782828228581 0.6020776629447937 2023
1782828228583 0.11342751234769821 2024
1782828228584 0.030405743047595024 2025
1782828228585 0.23141252994537354 2026
1782828228587 0.06311757117509842 2027
1782828228588 0.2816009819507599 2028
1782828228589 0.08945874124765396 2029
1782828228591 0.20476071536540985 2030
1782828228592 0.10436145961284637 2031
1782828228593 0.2805634140968323 2032
1782828228595 0.1358398050069809 2033
1782828228596 0.3302153944969177 2034
1782828228597 0.020177505910396576 2035
1782828228599 0.313223659992218 2036
1782828228600 0.11531389504671097 2037
1782828228601 0.1653793603181839 2038
1782828228603 0.1527622938156128 2039
1782828228604 0.03993717208504677 2040
1782828228605 0.3626207411289215 2041
1782828228606 0.4644257724285126 2042
1782828228608 0.0891476646065712 2043
1782828228609 0.1118970736861229 2044
1782828228611 0.11654156446456909 2045
1782828228612 0.23800939321517944 2046
1782828228613 0.6726178526878357 2047
1782828228614 0.08000382035970688 2048
1782828228616 0.13484269380569458 2049
1782828228617 0.26212605834007263 2050
1782828228618 0.11283203959465027 2051
1782828228620 0.11489947885274887 2052
1782828228621 0.0567702054977417 2053
1782828228622 0.31015685200691223 2054
1782828228624 0.20252454280853271 2055
1782828228625 0.21392926573753357 2056
1782828228626 0.1313992738723755 2057
1782828228628 0.07646612823009491 2058
1782828228629 0.1428898721933365 2059
1782828228630 0.10647568106651306 2060
1782828228631 0.17366823554039001 2061
1782828228633 0.28750669956207275 2062
1782828228634 0.17565689980983734 2063
1782828228635 0.2363373339176178 2064
1782828228637 0.06278812885284424 2065
1782828228638 0.11606673896312714 2066
1782828228639 0.16593138873577118 2067
1782828228641 0.2947774827480316 2068
1782828228642 0.12764972448349 2069
1782828228643 0.03509386628866196 2070
1782828228645 0.05327749624848366 2071
1782828228646 0.07868978381156921 2072
1782828228647 0.015411659143865108 2073
1782828228648 0.3213121294975281 2074
1782828228650 0.1940511167049408 2075
1782828228651 0.018871011212468147 2076
1782828228652 0.12757065892219543 2077
1782828228654 0.0908174216747284 2078
1782828228655 0.2021847516298294 2079
1782828228656 0.028141096234321594 2080
1782828228658 0.12254689633846283 2081
1782828228659 0.1438220888376236 2082
1782828228660 0.02771594561636448 2083
1782828228662 0.06340956687927246 2084
1782828228663 0.12105078995227814 2085
1782828228664 0.25107866525650024 2086
1782828228666 0.13612796366214752 2087
1782828228667 0.018960148096084595 2088
1782828228669 0.059241317212581635 2089
1782828228670 0.043293729424476624 2090
1782828228671 0.13205769658088684 2091
1782828228673 0.20419944822788239 2092
1782828228674 0.18081632256507874 2093
1782828228675 0.148392453789711 2094
1782828228677 0.12570826709270477 2095
1782828228678 0.19827930629253387 2096
1782828228680 0.20685264468193054 2097
1782828228681 0.200042262673378 2098
1782828228682 0.21147674322128296 2099
1782828228684 0.05536419153213501 2100
1782828228685 0.2961235046386719 2101
1782828228687 0.24578723311424255 2102
1782828228688 0.2659984529018402 2103
1782828228689 0.2805570960044861 2104
1782828228691 0.07388947904109955 2105
1782828228692 0.42002198100090027 2106
1782828228694 0.12134566903114319 2107
1782828228695 0.09904848039150238 2108
1782828228696 0.394850492477417 2109
1782828228698 0.2740166187286377 2110
1782828228699 0.28654345870018005 2111
1782828228700 0.09691409021615982 2112
1782828228702 0.505203902721405 2113
1782828228703 0.11986232548952103 2114
1782828228705 0.2700543999671936 2115
1782828228706 0.22612640261650085 2116
1782828228707 0.067259781062603 2117
1782828228709 0.0546223483979702 2118
1782828228710 0.05716051161289215 2119
1782828228711 0.25056323409080505 2120
1782828228713 0.2522192895412445 2121
1782828228714 0.22562654316425323 2122
1782828228716 0.2580115497112274 2123
1782828228717 0.47684741020202637 2124
1782828228719 0.050344210118055344 2125
1782828228720 0.05050915852189064 2126
1782828228722 0.2327006757259369 2127
1782828228723 0.03712158650159836 2128
1782828228725 0.5216502547264099 2129
1782828228726 0.22975218296051025 2130
1782828228727 0.066841721534729 2131
1782828228729 0.12715992331504822 2132
1782828228730 0.06481841206550598 2133
1782828228731 0.10871028900146484 2134
1782828228733 0.04956251010298729 2135
1782828228734 0.08837086707353592 2136
1782828228735 0.12312556803226471 2137
1782828228736 0.26748305559158325 2138
1782828228738 0.20237641036510468 2139
1782828228739 0.4160138964653015 2140
1782828228740 0.45536789298057556 2141
1782828228742 0.15536458790302277 2142
1782828228743 0.3380824029445648 2143
1782828228744 0.04208415001630783 2144
1782828228746 0.18450528383255005 2145
1782828228747 0.2314651906490326 2146
1782828228749 0.14710859954357147 2147
1782828228750 0.23965361714363098 2148
1782828228751 0.17571067810058594 2149
1782828228753 0.05708429217338562 2150
1782828228754 0.21498091518878937 2151
1782828228756 0.03714665398001671 2152
1782828228757 0.16546675562858582 2153
1782828228758 0.1698240041732788 2154
1782828228760 0.13842256367206573 2155
1782828228761 0.17977048456668854 2156
1782828228762 0.06374034285545349 2157
1782828228764 0.06706981360912323 2158
1782828228765 0.06632387638092041 2159
1782828228767 0.031102456152439117 2160
1782828228768 0.11224725842475891 2161
1782828228770 0.11458085477352142 2162
1782828228771 0.05244553089141846 2163
1782828228773 0.2265896499156952 2164
1782828228774 0.19469419121742249 2165
1782828228776 0.33592262864112854 2166
1782828228777 0.06178031116724014 2167
1782828228778 0.044574443250894547 2168
1782828228780 0.25918543338775635 2169
1782828228781 0.2438180297613144 2170
1782828228783 0.1287411004304886 2171
1782828228784 0.02431052178144455 2172
1782828228786 0.14566199481487274 2173
1782828228787 0.18269433081150055 2174
1782828228788 0.1022113561630249 2175
1782828228790 0.3553399443626404 2176
1782828228791 0.10758833587169647 2177
1782828228792 0.0798184722661972 2178
1782828228794 0.11478302627801895 2179
1782828228795 0.3029794692993164 2180
1782828228797 0.09681069105863571 2181
1782828228798 0.29827389121055603 2182
1782828228799 0.1356271654367447 2183
1782828228801 0.3016168177127838 2184
1782828228802 0.050356391817331314 2185
1782828228803 0.042887430638074875 2186
1782828228805 0.15082666277885437 2187
1782828228806 0.07266174256801605 2188
1782828228807 0.20034340023994446 2189
1782828228809 0.4605203866958618 2190
1782828228810 0.07425440847873688 2191
1782828228812 0.008406604640185833 2192
1782828228813 0.10077249258756638 2193
1782828228814 0.084177665412426 2194
1782828228816 0.1488497108221054 2195
1782828228817 0.09684915840625763 2196
1782828228818 0.10996764153242111 2197
1782828228820 0.2411312460899353 2198
1782828228821 0.12419109791517258 2199
1782828228823 0.091314896941185 2200
1782828228824 0.04990771785378456 2201
1782828228826 0.1260533183813095 2202
1782828228827 0.34811314940452576 2203
1782828228829 0.6250292062759399 2204
1782828228830 0.2616024613380432 2205
1782828228831 0.20983877778053284 2206
1782828228833 0.020923281088471413 2207
1782828228834 0.054729118943214417 2208
1782828228836 0.07866402715444565 2209
1782828228837 0.022639529779553413 2210
1782828228838 0.1522832065820694 2211
1782828228840 0.15062828361988068 2212
1782828228841 0.07290901988744736 2213
1782828228843 0.05089305713772774 2214
1782828228844 0.05901489406824112 2215
1782828228845 0.12100028991699219 2216
1782828228847 0.03124735876917839 2217
1782828228848 0.0865948274731636 2218
1782828228850 0.058874890208244324 2219
1782828228851 0.10378729552030563 2220
1782828228853 0.12273372709751129 2221
1782828228854 0.14027228951454163 2222
1782828228856 0.3365090787410736 2223
1782828228857 0.15632124245166779 2224
1782828228859 0.09376846253871918 2225
1782828228860 0.05694875121116638 2226
1782828228862 0.17402997612953186 2227
1782828228863 0.12188174575567245 2228
1782828228865 0.07279892265796661 2229
1782828228866 0.07814604789018631 2230
1782828228868 0.03300212323665619 2231
1782828228869 0.041561421006917953 2232
1782828228870 0.06493091583251953 2233
1782828228872 0.056176960468292236 2234
1782828228873 0.25086238980293274 2235
1782828228875 0.017627758905291557 2236
1782828228876 0.011082934215664864 2237
1782828228877 0.18135714530944824 2238
1782828228879 0.0994822159409523 2239
1782828228880 0.08609498292207718 2240
1782828228881 0.22813142836093903 2241
1782828228883 0.014138455502688885 2242
1782828228884 0.11420685797929764 2243
1782828228885 0.024673547595739365 2244
1782828228887 0.2614602744579315 2245
1782828228888 0.019382808357477188 2246
1782828228889 0.17589548230171204 2247
1782828228891 0.015332932583987713 2248
1782828228892 0.05209943279623985 2249
1782828228893 0.07124882936477661 2250
1782828228895 0.21621739864349365 2251
1782828228897 0.16347450017929077 2252
1782828228898 0.059329744428396225 2253
1782828228900 0.1728660762310028 2254
1782828228901 0.055356163531541824 2255
1782828228902 0.19830109179019928 2256
1782828228903 0.10684147477149963 2257
1782828228905 0.10355743765830994 2258
1782828228906 0.09029834717512131 2259
1782828228907 0.15405330061912537 2260
1782828228909 0.15821979939937592 2261
1782828228910 0.040499016642570496 2262
1782828228911 0.049176134169101715 2263
1782828228912 0.14675262570381165 2264
1782828228914 0.32065698504447937 2265
1782828228915 0.04665704444050789 2266
1782828228916 0.021437257528305054 2267
1782828228918 0.1938440054655075 2268
1782828228919 0.2421213835477829 2269
1782828228920 0.03972095623612404 2270
1782828228922 0.1530447006225586 2271
1782828228923 0.0163006279617548 2272
1782828228924 0.38588082790374756 2273
1782828228926 0.030546117573976517 2274
1782828228927 0.12541723251342773 2275
1782828228928 0.0433121882379055 2276
1782828228930 0.02878979779779911 2277
1782828228931 0.010800487361848354 2278
1782828228932 0.025084668770432472 2279
1782828228934 0.1746741533279419 2280
1782828228935 0.06230238825082779 2281
1782828228936 0.19617164134979248 2282
1782828228938 0.2109159231185913 2283
1782828228939 0.3773987293243408 2284
1782828228940 0.3527580797672272 2285
1782828228942 0.026385359466075897 2286
1782828228943 0.09059296548366547 2287
1782828228944 0.13368192315101624 2288
1782828228946 0.40934285521507263 2289
1782828228947 0.10555823892354965 2290
1782828228948 0.08397120982408524 2291
1782828228950 0.3075893521308899 2292
1782828228951 0.3593110740184784 2293
1782828228952 0.13786298036575317 2294
1782828228954 0.11618314683437347 2295
1782828228955 0.21690228581428528 2296
1782828228956 0.06435605883598328 2297
1782828228958 0.11987185478210449 2298
1782828228959 0.07626031339168549 2299
1782828228961 0.03227871656417847 2300
1782828228962 0.1916784942150116 2301
1782828228964 0.4175744950771332 2302
1782828228965 0.04800177738070488 2303
1782828228966 0.13208414614200592 2304
1782828228968 0.07564423233270645 2305
1782828228970 0.04785797744989395 2306
1782828228971 0.22342754900455475 2307
1782828228972 0.032781168818473816 2308
1782828228974 0.11883442848920822 2309
1782828228976 0.045580022037029266 2310
1782828228978 0.22297342121601105 2311
1782828228979 0.01938117854297161 2312
1782828228980 0.051678240299224854 2313
1782828228982 0.07407475262880325 2314
1782828228983 0.037175096571445465 2315
1782828228985 0.1681390106678009 2316
1782828228986 0.022312529385089874 2317
1782828228987 0.1124078705906868 2318
1782828228989 0.06662514805793762 2319
1782828228990 0.37063735723495483 2320
1782828228991 0.04398247227072716 2321
1782828228993 0.1771085411310196 2322
1782828228994 0.1873210072517395 2323
1782828228995 0.3605409562587738 2324
1782828228997 0.235841304063797 2325
1782828228998 0.022368257865309715 2326
1782828228999 0.08278053253889084 2327
1782828229001 0.6390613317489624 2328
1782828229003 0.40483540296554565 2329
1782828229004 0.2911906838417053 2330
1782828229006 0.01638990081846714 2331
1782828229007 0.003158745588734746 2332
1782828229008 0.18454429507255554 2333
1782828229010 0.6078870892524719 2334
1782828229011 0.24037183821201324 2335
1782828229013 0.08906519412994385 2336
1782828229014 0.015622721053659916 2337
1782828229016 0.23009280860424042 2338
1782828229017 0.011253561824560165 2339
1782828229018 0.08244644105434418 2340
1782828229020 0.18772581219673157 2341
1782828229021 0.019038258120417595 2342
1782828229022 0.09277118742465973 2343
1782828229024 0.537893533706665 2344
1782828229025 0.06972867250442505 2345
1782828229026 0.2179253101348877 2346
1782828229028 0.06463704258203506 2347
1782828229029 0.08712867647409439 2348
1782828229031 0.32302382588386536 2349
1782828229032 0.1185254231095314 2350
1782828229033 0.13645154237747192 2351
1782828229035 0.22716659307479858 2352
1782828229036 0.2157556563615799 2353
1782828229037 0.19613471627235413 2354
1782828229039 0.2366546392440796 2355
1782828229040 0.20181816816329956 2356
1782828229042 0.15078410506248474 2357
1782828229043 0.029036611318588257 2358
1782828229045 0.11966780573129654 2359
1782828229046 0.055571384727954865 2360
1782828229047 0.12979286909103394 2361
1782828229049 0.0664898008108139 2362
1782828229050 0.1023666262626648 2363
1782828229051 0.05737742781639099 2364
1782828229053 0.11517470329999924 2365
1782828229054 0.1778753250837326 2366
1782828229055 0.19697712361812592 2367
1782828229057 0.2704679071903229 2368
1782828229058 0.12015977501869202 2369
1782828229059 0.09669912606477737 2370
1782828229061 0.29474616050720215 2371
1782828229062 0.07717911899089813 2372
1782828229064 0.005507851950824261 2373
1782828229065 0.08419200032949448 2374
1782828229067 0.18098565936088562 2375
1782828229068 0.20341460406780243 2376
1782828229069 0.04261869564652443 2377
1782828229071 0.25014713406562805 2378
1782828229072 0.25355222821235657 2379
1782828229073 0.08395666629076004 2380
1782828229075 0.27733534574508667 2381
1782828229076 0.06578550487756729 2382
1782828229077 0.03482789173722267 2383
1782828229078 0.16669857501983643 2384
1782828229080 0.13933096826076508 2385
1782828229081 0.09323809295892715 2386
1782828229082 0.1880035698413849 2387
1782828229084 0.10559531301259995 2388
1782828229085 0.08830270171165466 2389
1782828229087 0.07299651950597763 2390
1782828229088 0.06257642060518265 2391
1782828229089 0.12075753509998322 2392
1782828229091 0.36828750371932983 2393
1782828229092 0.04890717566013336 2394
1782828229093 0.11917777359485626 2395
1782828229094 0.09724338352680206 2396
1782828229096 0.08575619012117386 2397
1782828229097 0.18535016477108002 2398
1782828229099 0.056882236152887344 2399
1782828229100 0.17810823023319244 2400
1782828229101 0.032229918986558914 2401
1782828229103 0.08692627400159836 2402
1782828229104 0.3611794710159302 2403
1782828229105 0.36334413290023804 2404
1782828229107 0.11988744884729385 2405
1782828229108 0.1798391044139862 2406
1782828229109 0.1861121654510498 2407
1782828229110 0.2516927719116211 2408
1782828229112 0.20964810252189636 2409
1782828229113 0.08093513548374176 2410
1782828229115 0.03695806860923767 2411
1782828229116 0.23861385881900787 2412
1782828229117 0.11327330023050308 2413
1782828229119 0.04011429101228714 2414
1782828229120 0.36185333132743835 2415
1782828229121 0.40997514128685 2416
1782828229123 0.10525477677583694 2417
1782828229124 0.0871681421995163 2418
1782828229125 0.21461059153079987 2419
1782828229127 0.43463215231895447 2420
1782828229128 0.09009749442338943 2421
1782828229129 0.06782668083906174 2422
1782828229131 0.07754821330308914 2423
1782828229132 0.25194618105888367 2424
1782828229133 0.06907884031534195 2425
1782828229135 0.06542807072401047 2426
1782828229136 0.1571788191795349 2427
1782828229137 0.06925410777330399 2428
1782828229139 0.016740702092647552 2429
1782828229140 0.03637414425611496 2430
1782828229142 0.14831115305423737 2431
1782828229143 0.040519390255212784 2432
1782828229144 0.15235400199890137 2433
1782828229146 0.1395127773284912 2434
1782828229147 0.1271764189004898 2435
1782828229148 0.13031266629695892 2436
1782828229150 0.09308603405952454 2437
1782828229151 0.15593868494033813 2438
1782828229152 0.17631156742572784 2439
1782828229154 0.3326466381549835 2440
1782828229155 0.046069707721471786 2441
1782828229156 0.028031866997480392 2442
1782828229158 0.07504676282405853 2443
1782828229159 0.11529701203107834 2444
1782828229160 0.09774484485387802 2445
1782828229162 0.051070477813482285 2446
1782828229163 0.051412977278232574 2447
1782828229165 0.04395657032728195 2448
1782828229166 0.023674283176660538 2449
1782828229167 0.08114633709192276 2450
1782828229169 0.12349364161491394 2451
1782828229171 0.07811567187309265 2452
1782828229172 0.06501127779483795 2453
1782828229173 0.30967456102371216 2454
1782828229175 0.06719988584518433 2455
1782828229176 0.10235455632209778 2456
1782828229178 0.04270949214696884 2457
1782828229179 0.19941683113574982 2458
1782828229181 0.14904014766216278 2459
1782828229182 0.07552067935466766 2460
1782828229184 0.09632950276136398 2461
1782828229185 0.3856950104236603 2462
1782828229187 0.06995102018117905 2463
1782828229188 0.08696781098842621 2464
1782828229190 0.18383187055587769 2465
1782828229191 0.05198219418525696 2466
1782828229193 0.21785369515419006 2467
1782828229196 0.1563073843717575 2468
1782828229197 0.21817639470100403 2469
1782828229199 0.1311006247997284 2470
1782828229200 0.030750295147299767 2471
1782828229201 0.045911360532045364 2472
1782828229203 0.2573464512825012 2473
1782828229204 0.12928162515163422 2474
1782828229205 0.014169711619615555 2475
1782828229207 0.048961952328681946 2476
1782828229208 0.07660994678735733 2477
1782828229209 0.08803694695234299 2478
1782828229211 0.03195179998874664 2479
1782828229212 0.18032893538475037 2480
1782828229213 0.17006932199001312 2481
1782828229215 0.12613236904144287 2482
1782828229216 0.3365197777748108 2483
1782828229217 0.08851481229066849 2484
1782828229219 0.10236363857984543 2485
1782828229220 0.12153919041156769 2486
1782828229222 0.15158161520957947 2487
1782828229223 0.2699469327926636 2488
1782828229224 0.12520046532154083 2489
1782828229226 0.22218063473701477 2490
1782828229227 0.014008888974785805 2491
1782828229228 0.07728183269500732 2492
1782828229230 0.07681617885828018 2493
1782828229231 0.10002803057432175 2494
1782828229232 0.33717894554138184 2495
1782828229234 0.194481760263443 2496
1782828229235 0.31793421506881714 2497
1782828229236 0.5286569595336914 2498
1782828229238 0.11530551314353943 2499
1782828229239 0.1021197959780693 2500
1782828229240 0.18596535921096802 2501
1782828229242 0.10460001230239868 2502
1782828229243 0.21334750950336456 2503
1782828229244 0.0293857641518116 2504
1782828229246 0.18313957750797272 2505
1782828229247 0.11945313960313797 2506
1782828229248 0.07294463366270065 2507
1782828229250 0.05401066690683365 2508
1782828229251 0.024056032299995422 2509
1782828229252 0.09895265102386475 2510
1782828229254 0.15705308318138123 2511
1782828229255 0.16405089199543 2512
1782828229256 0.09514397382736206 2513
1782828229257 0.4586077928543091 2514
1782828229259 0.0722254067659378 2515
1782828229260 0.04813208431005478 2516
1782828229261 0.1309116631746292 2517
1782828229263 0.05713867396116257 2518
1782828229264 0.21580079197883606 2519
1782828229266 0.06608685106039047 2520
1782828229267 0.034197039902210236 2521
1782828229268 0.09016268700361252 2522
1782828229270 0.057890962809324265 2523
1782828229271 0.30742236971855164 2524
1782828229272 0.04808065667748451 2525
1782828229274 0.0248040072619915 2526
1782828229275 0.49763286113739014 2527
1782828229276 0.2105705887079239 2528
1782828229278 0.012369777075946331 2529
1782828229279 0.12860001623630524 2530
1782828229280 0.32970309257507324 2531
1782828229281 0.18949612975120544 2532
1782828229283 0.019188450649380684 2533
1782828229284 0.23000355064868927 2534
1782828229285 0.041994769126176834 2535
1782828229287 0.18633124232292175 2536
1782828229288 0.022122735157608986 2537
1782828229289 0.23900511860847473 2538
1782828229291 0.04277975857257843 2539
1782828229292 0.1373698115348816 2540
1782828229293 0.1257404386997223 2541
1782828229295 0.08199024200439453 2542
1782828229296 0.34215226769447327 2543
1782828229297 0.1933286339044571 2544
1782828229299 0.09216707944869995 2545
1782828229300 0.13481272757053375 2546
1782828229301 0.023453406989574432 2547
1782828229303 0.07372332364320755 2548
1782828229304 0.12502329051494598 2549
1782828229305 0.4103694260120392 2550
1782828229306 0.23892532289028168 2551
1782828229308 0.14878028631210327 2552
1782828229309 0.021522467955946922 2553
1782828229310 0.060069382190704346 2554
1782828229312 0.03643902763724327 2555
1782828229313 0.220394566655159 2556
1782828229314 0.28217804431915283 2557
1782828229316 0.3032691776752472 2558
1782828229317 0.15642492473125458 2559
1782828229318 0.17282207310199738 2560
1782828229320 0.035991083830595016 2561
1782828229321 0.17795294523239136 2562
1782828229322 0.08957812935113907 2563
1782828229324 0.2856650650501251 2564
1782828229325 0.15806831419467926 2565
1782828229326 0.08609195798635483 2566
1782828229328 0.13033151626586914 2567
1782828229329 0.06536594778299332 2568
1782828229331 0.04277925565838814 2569
1782828229332 0.3120841383934021 2570
1782828229333 0.2826875150203705 2571
1782828229335 0.18983471393585205 2572
1782828229336 0.37332168221473694 2573
1782828229338 0.1501314640045166 2574
1782828229339 0.0953567773103714 2575
1782828229341 0.0595245286822319 2576
1782828229342 0.03725142404437065 2577
1782828229343 0.36785656213760376 2578
1782828229345 0.26827576756477356 2579
1782828229346 0.1506960541009903 2580
1782828229348 0.15869206190109253 2581
1782828229349 0.18895331025123596 2582
1782828229351 0.09236524999141693 2583
1782828229352 0.04266096279025078 2584
1782828229354 0.15833400189876556 2585
1782828229355 0.11751943081617355 2586
1782828229357 0.07290488481521606 2587
1782828229358 0.05971626937389374 2588
1782828229360 0.20136064291000366 2589
1782828229361 0.25443559885025024 2590
1782828229363 0.16590259969234467 2591
1782828229364 0.07034055888652802 2592
1782828229366 0.07410044223070145 2593
1782828229367 0.09450770169496536 2594
1782828229369 0.04156055673956871 2595
1782828229370 0.05835394188761711 2596
1782828229372 0.17929412424564362 2597
1782828229373 0.3731538951396942 2598
1782828229375 0.2404329627752304 2599
1782828229376 0.06162576749920845 2600
1782828229377 0.050703015178442 2601
1782828229379 0.2357301563024521 2602
1782828229380 0.20199209451675415 2603
1782828229382 0.0632711872458458 2604
1782828229383 0.22865767776966095 2605
1782828229385 0.1730252206325531 2606
1782828229386 0.022883424535393715 2607
1782828229387 0.16690288484096527 2608
1782828229389 0.1603897213935852 2609
1782828229390 0.014272425323724747 2610
1782828229391 0.3596033751964569 2611
1782828229393 0.05805160850286484 2612
1782828229394 0.10242054611444473 2613
1782828229395 0.32117441296577454 2614
1782828229397 0.08519456535577774 2615
1782828229398 0.048217546194791794 2616
1782828229399 0.03705540671944618 2617
1782828229401 0.09316689521074295 2618
1782828229402 0.11603805422782898 2619
1782828229403 0.027713196352124214 2620
1782828229405 0.050070829689502716 2621
1782828229406 0.09133588522672653 2622
1782828229407 0.04315629228949547 2623
1782828229409 0.014542989432811737 2624
1782828229410 0.08860974758863449 2625
1782828229411 0.10562437772750854 2626
1782828229413 0.06924692541360855 2627
1782828229414 0.19843006134033203 2628
1782828229415 0.10143126547336578 2629
1782828229416 0.1786443144083023 2630
1782828229418 0.028530264273285866 2631
1782828229419 0.06372816860675812 2632
1782828229420 0.2952413558959961 2633
1782828229422 0.05032495781779289 2634
1782828229423 0.04605478793382645 2635
1782828229425 0.07095034420490265 2636
1782828229426 0.10257818549871445 2637
1782828229427 0.12439928203821182 2638
1782828229429 0.08821234107017517 2639
1782828229430 0.24129942059516907 2640
1782828229431 0.03943495452404022 2641
1782828229433 0.09697549045085907 2642
1782828229434 0.16532175242900848 2643
1782828229435 0.1564367115497589 2644
1782828229437 0.0910927951335907 2645
1782828229438 0.051050618290901184 2646
1782828229440 0.020926687866449356 2647
1782828229441 0.06224992498755455 2648
1782828229442 0.025857584550976753 2649
1782828229443 0.22028788924217224 2650
1782828229445 0.12146871536970139 2651
1782828229446 0.07135672122240067 2652
1782828229447 0.11414387077093124 2653
1782828229449 0.06420531868934631 2654
1782828229450 0.15807853639125824 2655
1782828229451 0.03554315119981766 2656
1782828229453 0.29851680994033813 2657
1782828229454 0.057093724608421326 2658
1782828229455 0.1258169412612915 2659
1782828229457 0.033090025186538696 2660
1782828229458 0.5019461512565613 2661
1782828229459 0.09336866438388824 2662
1782828229461 0.17249727249145508 2663
1782828229462 0.05997338891029358 2664
1782828229463 0.13655881583690643 2665
1782828229465 0.3064885139465332 2666
1782828229466 0.17086289823055267 2667
1782828229468 0.05851772800087929 2668
1782828229469 0.15350724756717682 2669
1782828229470 0.15876586735248566 2670
1782828229471 0.10799018293619156 2671
1782828229473 0.21726685762405396 2672
1782828229475 0.27972444891929626 2673
1782828229476 0.1816435307264328 2674
1782828229477 0.057628609240055084 2675
1782828229478 0.017115864902734756 2676
1782828229480 0.17266255617141724 2677
1782828229481 0.2526739537715912 2678
1782828229482 0.044619832187891006 2679
1782828229484 0.1072683036327362 2680
1782828229485 0.07623520493507385 2681
1782828229487 0.3189069330692291 2682
1782828229488 0.258616179227829 2683
1782828229489 0.04998723044991493 2684
1782828229490 0.1571163535118103 2685
1782828229491 0.06643199920654297 2686
1782828229493 0.4581449627876282 2687
1782828229494 0.8129084706306458 2688
1782828229495 0.047179508954286575 2689
1782828229497 0.15366502106189728 2690
1782828229498 0.07321338355541229 2691
1782828229499 0.10223663598299026 2692
1782828229501 0.04871109500527382 2693
1782828229502 0.37408334016799927 2694
1782828229503 0.23422829806804657 2695
1782828229505 0.16423508524894714 2696
1782828229506 0.22067891061306 2697
1782828229507 0.32799461483955383 2698
1782828229508 0.5171909928321838 2699
1782828229510 0.3299633264541626 2700
1782828229511 0.08608678728342056 2701
1782828229512 0.03686429187655449 2702
1782828229514 0.13922855257987976 2703
1782828229515 0.057974010705947876 2704
1782828229516 0.03209353983402252 2705
1782828229517 0.2265353798866272 2706
1782828229519 0.534076452255249 2707
1782828229520 0.15733130276203156 2708
1782828229522 0.1329338699579239 2709
1782828229523 0.07197756320238113 2710
1782828229525 0.07134108990430832 2711
1782828229526 0.072549968957901 2712
1782828229528 0.04633275792002678 2713
1782828229529 0.18368639051914215 2714
1782828229530 0.09281370788812637 2715
1782828229532 0.38247358798980713 2716
1782828229533 0.0572967529296875 2717
1782828229535 0.06801696121692657 2718
1782828229536 0.32967251539230347 2719
1782828229537 0.33087611198425293 2720
1782828229539 0.05870676413178444 2721
1782828229540 0.02774462103843689 2722
1782828229542 0.1687147468328476 2723
1782828229544 0.3505706489086151 2724
1782828229545 0.19822822511196136 2725
1782828229547 0.012656663544476032 2726
1782828229548 0.12364789098501205 2727
1782828229549 0.15336480736732483 2728
1782828229551 0.03694763034582138 2729
1782828229552 0.07862943410873413 2730
1782828229554 0.04102623462677002 2731
1782828229555 0.13640747964382172 2732
1782828229556 0.05724305287003517 2733
1782828229558 0.05085998773574829 2734
1782828229559 0.10076717287302017 2735
1782828229561 0.2495284229516983 2736
1782828229562 0.21678543090820312 2737
1782828229563 0.03405153006315231 2738
1782828229565 0.1112341657280922 2739
1782828229566 0.37969970703125 2740
1782828229568 0.06569910794496536 2741
1782828229569 0.05376581847667694 2742
1782828229571 0.03597448766231537 2743
1782828229572 0.04975931718945503 2744
1782828229574 0.21730384230613708 2745
1782828229575 0.10988406091928482 2746
1782828229576 0.1602620631456375 2747
1782828229578 0.08474910259246826 2748
1782828229579 0.15167950093746185 2749
1782828229581 0.08603337407112122 2750
1782828229582 0.054990265518426895 2751
1782828229584 0.15313827991485596 2752
1782828229585 0.15588626265525818 2753
1782828229586 0.11366726458072662 2754
1782828229587 0.18033051490783691 2755
1782828229589 0.02629763074219227 2756
1782828229590 0.18148094415664673 2757
1782828229591 0.05325638875365257 2758
1782828229593 0.07385663688182831 2759
1782828229594 0.14942863583564758 2760
1782828229595 0.013886531814932823 2761
1782828229597 0.05468417704105377 2762
1782828229598 0.1357276439666748 2763
1782828229599 0.05868354067206383 2764
1782828229601 0.0843847319483757 2765
1782828229602 0.27210137248039246 2766
1782828229603 0.0468495711684227 2767
1782828229605 0.0746864452958107 2768
1782828229606 0.03890354186296463 2769
1782828229607 0.05075174197554588 2770
1782828229609 0.11682965606451035 2771
1782828229610 0.19669614732265472 2772
1782828229612 0.07378922402858734 2773
1782828229613 0.25421440601348877 2774
1782828229614 0.027581194415688515 2775
1782828229616 0.048069067299366 2776
1782828229617 0.03281092271208763 2777
1782828229619 0.11377578228712082 2778
1782828229620 0.06620718538761139 2779
1782828229622 0.031231604516506195 2780
1782828229623 0.23703931272029877 2781
1782828229624 0.12971928715705872 2782
1782828229626 0.2193073332309723 2783
1782828229627 0.2264261543750763 2784
1782828229629 0.13052043318748474 2785
1782828229630 0.09695140272378922 2786
1782828229632 0.2932613492012024 2787
1782828229633 0.016477255150675774 2788
1782828229634 0.12842367589473724 2789
1782828229636 0.09435459226369858 2790
1782828229637 0.04430151358246803 2791
1782828229639 0.03511267527937889 2792
1782828229640 0.13780780136585236 2793
1782828229641 0.21451708674430847 2794
1782828229643 0.20618051290512085 2795
1782828229644 0.17824779450893402 2796
1782828229645 0.12725964188575745 2797
1782828229647 0.09343209117650986 2798
1782828229648 0.06327959895133972 2799
1782828229649 0.01417976152151823 2800
1782828229651 0.06389293819665909 2801
1782828229652 0.16018842160701752 2802
1782828229653 0.09769360721111298 2803
1782828229654 0.07007624953985214 2804
1782828229656 0.24182014167308807 2805
1782828229657 0.03999149799346924 2806
1782828229658 0.1387825608253479 2807
1782828229660 0.03830323368310928 2808
1782828229661 0.0837758406996727 2809
1782828229663 0.02719615027308464 2810
1782828229664 0.03747248649597168 2811
1782828229665 0.010318298824131489 2812
1782828229667 0.15404486656188965 2813
1782828229668 0.3856421709060669 2814
1782828229670 0.047107551246881485 2815
1782828229671 0.08247973024845123 2816
1782828229673 0.04340275004506111 2817
1782828229674 0.10704580694437027 2818
1782828229676 0.0898451954126358 2819
1782828229677 0.29408398270606995 2820
1782828229679 0.044496435672044754 2821
1782828229680 0.10651964694261551 2822
1782828229681 0.0242996234446764 2823
1782828229683 0.19832417368888855 2824
1782828229684 0.04122547805309296 2825
1782828229686 0.24658828973770142 2826
1782828229687 0.05591964349150658 2827
1782828229689 0.13502974808216095 2828
1782828229690 0.08259791135787964 2829
1782828229691 0.05574529990553856 2830
1782828229693 0.13870075345039368 2831
1782828229694 0.06187601760029793 2832
1782828229696 0.008408569730818272 2833
1782828229697 0.009008176624774933 2834
1782828229698 0.2303965836763382 2835
1782828229700 0.1627153754234314 2836
1782828229701 0.2069094032049179 2837
1782828229703 0.036942191421985626 2838
1782828229704 0.19192524254322052 2839
1782828229706 0.11776348948478699 2840
1782828229707 0.2695913314819336 2841
1782828229708 0.06773512810468674 2842
1782828229710 0.33406537771224976 2843
1782828229711 0.46267077326774597 2844
1782828229713 0.2278597205877304 2845
1782828229714 0.04751124978065491 2846
1782828229715 0.1865316778421402 2847
1782828229717 0.16005733609199524 2848
1782828229718 0.04899049550294876 2849
1782828229720 0.11700914055109024 2850
1782828229721 0.036475230008363724 2851
1782828229722 0.12870217859745026 2852
1782828229724 0.29005950689315796 2853
1782828229725 0.2181464582681656 2854
1782828229726 0.20828978717327118 2855
1782828229728 0.14519937336444855 2856
1782828229729 0.10253172367811203 2857
1782828229730 0.020694030448794365 2858
1782828229732 0.09962226450443268 2859
1782828229733 0.3257289528846741 2860
1782828229734 0.20785319805145264 2861
1782828229736 0.12005370110273361 2862
1782828229737 0.052272118628025055 2863
1782828229738 0.0732765644788742 2864
1782828229740 0.07306493818759918 2865
1782828229741 0.21662795543670654 2866
1782828229743 0.04833563417196274 2867
1782828229744 0.12489739060401917 2868
1782828229745 0.028086666017770767 2869
1782828229747 0.13233792781829834 2870
1782828229748 0.47585299611091614 2871
1782828229749 0.04026532545685768 2872
1782828229751 0.015759302303195 2873
1782828229752 0.32552799582481384 2874
1782828229753 0.2681582570075989 2875
1782828229755 0.08430389314889908 2876
1782828229756 0.1718750149011612 2877
1782828229757 0.11285363882780075 2878
1782828229759 0.16871830821037292 2879
1782828229760 0.1729259341955185 2880
1782828229762 0.05291348695755005 2881
1782828229763 0.06028531864285469 2882
1782828229766 0.06858259439468384 2883
1782828229767 0.1051817312836647 2884
1782828229769 0.49036991596221924 2885
1782828229770 0.11681763082742691 2886
1782828229772 0.06850963830947876 2887
1782828229774 0.06454208493232727 2888
1782828229775 0.14497816562652588 2889
1782828229777 0.07436584681272507 2890
1782828229778 0.10848233103752136 2891
1782828229779 0.022658847272396088 2892
1782828229781 0.06993964314460754 2893
1782828229782 0.21328338980674744 2894
1782828229784 0.07318707555532455 2895
1782828229785 0.12803395092487335 2896
1782828229786 0.08195481449365616 2897
1782828229788 0.06812014430761337 2898
1782828229789 0.04120156913995743 2899
1782828229790 0.39593467116355896 2900
1782828229792 0.08236412703990936 2901
1782828229793 0.2787371575832367 2902
1782828229795 0.10810913145542145 2903
1782828229796 0.03189042583107948 2904
1782828229797 0.07271047681570053 2905
1782828229799 0.19009798765182495 2906
1782828229800 0.15267783403396606 2907
1782828229801 0.3558764159679413 2908
1782828229803 0.1575762927532196 2909
1782828229804 0.24408593773841858 2910
1782828229805 0.14934083819389343 2911
1782828229807 0.18531379103660583 2912
1782828229808 0.3126794397830963 2913
1782828229809 0.0915488600730896 2914
1782828229811 0.09308094531297684 2915
1782828229812 0.24127377569675446 2916
1782828229814 0.13138407468795776 2917
1782828229815 0.02639295533299446 2918
1782828229816 0.5923856496810913 2919
1782828229818 0.1512354612350464 2920
1782828229819 0.022682009264826775 2921
1782828229821 0.33675169944763184 2922
1782828229822 0.09825744479894638 2923
1782828229823 0.11362483352422714 2924
1782828229825 0.33721229434013367 2925
1782828229826 0.12146678566932678 2926
1782828229827 0.2739962339401245 2927
1782828229829 0.12241126596927643 2928
1782828229830 0.19209451973438263 2929
1782828229831 0.08928155153989792 2930
1782828229833 0.15662728250026703 2931
1782828229834 0.07516883313655853 2932
1782828229835 0.15448831021785736 2933
1782828229837 0.2518310248851776 2934
1782828229838 0.1525477170944214 2935
1782828229839 0.18075530230998993 2936
1782828229841 0.09100431203842163 2937
1782828229842 0.2857889235019684 2938
1782828229843 0.1879149228334427 2939
1782828229845 0.16596195101737976 2940
1782828229846 0.18941186368465424 2941
1782828229848 0.1515672206878662 2942
1782828229849 0.20282870531082153 2943
1782828229850 0.3601914942264557 2944
1782828229852 0.204156756401062 2945
1782828229853 0.3115310072898865 2946
1782828229854 0.3764088451862335 2947
1782828229856 0.2551555335521698 2948
1782828229857 0.29487431049346924 2949
1782828229859 0.12496309727430344 2950
1782828229860 0.2279154360294342 2951
1782828229861 0.1446683406829834 2952
1782828229863 0.24261221289634705 2953
1782828229864 0.11559383571147919 2954
1782828229866 0.04874052479863167 2955
1782828229867 0.1822819858789444 2956
1782828229868 0.0703883245587349 2957
1782828229870 0.14346516132354736 2958
1782828229871 0.04829803481698036 2959
1782828229872 0.2892949879169464 2960
1782828229874 0.05531017482280731 2961
1782828229875 0.22445635497570038 2962
1782828229876 0.0122746666893363 2963
1782828229877 0.11758314818143845 2964
1782828229879 0.02940310910344124 2965
1782828229880 0.24230968952178955 2966
1782828229881 0.14376728236675262 2967
1782828229883 0.528580367565155 2968
1782828229884 0.18590572476387024 2969
1782828229885 0.12087459117174149 2970
1782828229887 0.013344701379537582 2971
1782828229888 0.01985326036810875 2972
1782828229890 0.08605831861495972 2973
1782828229891 0.08033664524555206 2974
1782828229892 0.15854156017303467 2975
1782828229894 0.16006028652191162 2976
1782828229895 0.07135830819606781 2977
1782828229896 0.13741560280323029 2978
1782828229898 0.022463135421276093 2979
1782828229899 0.24673131108283997 2980
1782828229901 0.0368574857711792 2981
1782828229902 0.1061515137553215 2982
1782828229903 0.06536314636468887 2983
1782828229905 0.21905577182769775 2984
1782828229906 0.3481283485889435 2985
1782828229908 0.11441726982593536 2986
1782828229909 0.06748052686452866 2987
1782828229910 0.039355918765068054 2988
1782828229912 0.05430063605308533 2989
1782828229913 0.11577192693948746 2990
1782828229915 0.0537903718650341 2991
1782828229916 0.16979241371154785 2992
1782828229917 0.18341316282749176 2993
1782828229919 0.14169083535671234 2994
1782828229920 0.029768532142043114 2995
1782828229922 0.08435411006212234 2996
1782828229923 0.12624302506446838 2997
1782828229924 0.07465050369501114 2998
1782828229926 0.16301017999649048 2999
1782828229927 0.04171987250447273 3000
1782828229929 0.1270468831062317 3001
1782828229930 0.09338273853063583 3002
1782828229931 0.06762529909610748 3003
1782828229933 0.10623284429311752 3004
1782828229934 0.10861562192440033 3005
1782828229936 0.009561987593770027 3006
1782828229937 0.21462367475032806 3007
1782828229938 0.2807547152042389 3008
1782828229940 0.03506659343838692 3009
1782828229941 0.13738161325454712 3010
1782828229942 0.08723320811986923 3011
1782828229944 0.024851685389876366 3012
1782828229945 0.05567224323749542 3013
1782828229947 0.2229963093996048 3014
1782828229948 0.03023812733590603 3015
1782828229949 0.02429932914674282 3016
1782828229950 0.04968617111444473 3017
1782828229952 0.46529701352119446 3018
1782828229953 0.07771547138690948 3019
1782828229954 0.07208600640296936 3020
1782828229955 0.054424311965703964 3021
1782828229957 0.13210034370422363 3022
1782828229958 0.13569879531860352 3023
1782828229959 0.04220543056726456 3024
1782828229961 0.21630436182022095 3025
1782828229962 0.06309813261032104 3026
1782828229963 0.13010174036026 3027
1782828229965 0.04381341114640236 3028
1782828229966 0.04356343299150467 3029
1782828229967 0.012025165371596813 3030
1782828229969 0.20345249772071838 3031
1782828229971 0.09643317759037018 3032
1782828229972 0.10372158885002136 3033
1782828229974 0.1444123089313507 3034
1782828229975 0.21307367086410522 3035
1782828229977 0.22260798513889313 3036
1782828229978 0.052685391157865524 3037
1782828229979 0.1265454888343811 3038
1782828229981 0.04328189417719841 3039
1782828229982 0.19213351607322693 3040
1782828229983 0.06222895160317421 3041
1782828229985 0.14397357404232025 3042
1782828229986 0.3379993140697479 3043
1782828229988 0.20392285287380219 3044
1782828229989 0.04658019542694092 3045
1782828229990 0.24209800362586975 3046
1782828229992 0.009667833335697651 3047
1782828229993 0.08850468695163727 3048
1782828229995 0.027850832790136337 3049
1782828229996 0.2868610918521881 3050
1782828229997 0.02631787210702896 3051
1782828229999 0.10468829423189163 3052
1782828230000 0.06870238482952118 3053
1782828230002 0.3067707419395447 3054
1782828230003 0.2100156843662262 3055
1782828230004 0.11740097403526306 3056
1782828230006 0.08372706919908524 3057
1782828230007 0.07704117894172668 3058
1782828230008 0.03556251525878906 3059
1782828230010 0.04003099724650383 3060
1782828230011 0.020700868219137192 3061
1782828230013 0.09694487601518631 3062
1782828230014 0.2840198576450348 3063
1782828230016 0.160913348197937 3064
1782828230017 0.14357389509677887 3065
1782828230019 0.03560398146510124 3066
1782828230020 0.302670419216156 3067
1782828230022 0.022409195080399513 3068
1782828230023 0.014081188477575779 3069
1782828230025 0.1693880707025528 3070
1782828230026 0.236810103058815 3071
1782828230028 0.040518566966056824 3072
1782828230029 0.15044185519218445 3073
1782828230031 0.1508159190416336 3074
1782828230032 0.4356538653373718 3075
1782828230033 0.17295575141906738 3076
1782828230035 0.17475195229053497 3077
1782828230036 0.2719416916370392 3078
1782828230038 0.04342257231473923 3079
1782828230039 0.08156033605337143 3080
1782828230040 0.03682459145784378 3081
1782828230042 0.037512924522161484 3082
1782828230043 0.040714532136917114 3083
1782828230045 0.011901249177753925 3084
1782828230046 0.016089223325252533 3085
1782828230047 0.05052429810166359 3086
1782828230049 0.2347804307937622 3087
1782828230050 0.09661369025707245 3088
1782828230052 0.10571517050266266 3089
1782828230053 0.02757241763174534 3090
1782828230054 0.03977229446172714 3091
1782828230056 0.015505338087677956 3092
1782828230057 0.06927983462810516 3093
1782828230059 0.02743816003203392 3094
1782828230060 0.136299729347229 3095
1782828230061 0.26083317399024963 3096
1782828230063 0.03142493590712547 3097
1782828230064 0.32508617639541626 3098
1782828230066 0.13959085941314697 3099
1782828230067 0.03906171768903732 3100
1782828230068 0.06234278902411461 3101
1782828230070 0.11006312072277069 3102
1782828230071 0.0646984726190567 3103
1782828230073 0.35027647018432617 3104
1782828230074 0.16893167793750763 3105
1782828230075 0.14644384384155273 3106
1782828230077 0.21789708733558655 3107
1782828230078 0.35475099086761475 3108
1782828230079 0.01642479933798313 3109
1782828230081 0.08187540620565414 3110
1782828230082 0.07105647027492523 3111
1782828230084 0.049560025334358215 3112
1782828230085 0.24794112145900726 3113
1782828230086 0.060057494789361954 3114
1782828230088 0.32429617643356323 3115
1782828230089 0.26377391815185547 3116
1782828230090 0.10989528894424438 3117
1782828230092 0.12281511723995209 3118
1782828230093 0.12912039458751678 3119
1782828230095 0.023113010451197624 3120
1782828230096 0.1881343424320221 3121
1782828230097 0.09675068408250809 3122
1782828230099 0.27357250452041626 3123
1782828230100 0.06792441755533218 3124
1782828230101 0.14369015395641327 3125
1782828230103 0.015803717076778412 3126
1782828230104 0.19481027126312256 3127
1782828230105 0.06385235488414764 3128
1782828230107 0.07205262780189514 3129
1782828230108 0.2901850938796997 3130
1782828230109 0.10404520481824875 3131
1782828230111 0.07352226227521896 3132
1782828230112 0.054191045463085175 3133
1782828230113 0.0584375262260437 3134
1782828230115 0.18489563465118408 3135
1782828230116 0.10337657481431961 3136
1782828230118 0.08980540186166763 3137
1782828230119 0.083005391061306 3138
1782828230120 0.4094776213169098 3139
1782828230122 0.0714590921998024 3140
1782828230123 0.03480127453804016 3141
1782828230125 0.12942460179328918 3142
1782828230126 0.06770545244216919 3143
1782828230127 0.10117164254188538 3144
1782828230129 0.1025342121720314 3145
1782828230130 0.31811821460723877 3146
1782828230131 0.25694456696510315 3147
1782828230133 0.029289331287145615 3148
1782828230134 0.2933740019798279 3149
1782828230135 0.10895140469074249 3150
1782828230137 0.12066521495580673 3151
1782828230138 0.03382940962910652 3152
1782828230140 0.036253027617931366 3153
1782828230141 0.1378137469291687 3154
1782828230142 0.2833794951438904 3155
1782828230144 0.13303743302822113 3156
1782828230145 0.10854106396436691 3157
1782828230147 0.15080393850803375 3158
1782828230148 0.11573155969381332 3159
1782828230149 0.14077351987361908 3160
1782828230151 0.2981472611427307 3161
1782828230152 0.17238980531692505 3162
1782828230153 0.10183683037757874 3163
1782828230155 0.0775238499045372 3164
1782828230156 0.1643114686012268 3165
1782828230158 0.10579963028430939 3166
1782828230159 0.04827362671494484 3167
1782828230160 0.16475166380405426 3168
1782828230162 0.07719828188419342 3169
1782828230163 0.05071236565709114 3170
1782828230165 0.06914769113063812 3171
1782828230166 0.047814417630434036 3172
1782828230168 0.14994513988494873 3173
1782828230169 0.16746950149536133 3174
1782828230170 0.23668064177036285 3175
1782828230172 0.04584208130836487 3176
1782828230173 0.059205926954746246 3177
1782828230174 0.13096503913402557 3178
1782828230176 0.1018606647849083 3179
1782828230177 0.28848996758461 3180
1782828230179 0.06344341486692429 3181
1782828230180 0.11142373830080032 3182
1782828230181 0.2405112385749817 3183
1782828230183 0.06554773449897766 3184
1782828230184 0.0701255276799202 3185
1782828230186 0.05606500431895256 3186
1782828230187 0.02326218970119953 3187
1782828230188 0.0928734838962555 3188
1782828230190 0.09760339558124542 3189
1782828230191 0.04670053347945213 3190
1782828230193 0.21703696250915527 3191
1782828230194 0.2106654942035675 3192
1782828230196 0.07556222379207611 3193
1782828230197 0.19467271864414215 3194
1782828230199 0.0587303452193737 3195
1782828230200 0.06587255746126175 3196
1782828230202 0.055524978786706924 3197
1782828230203 0.05631859973073006 3198
1782828230204 0.08026210218667984 3199
1782828230206 0.1413675844669342 3200
1782828230208 0.05116816237568855 3201
1782828230209 0.059014253318309784 3202
1782828230211 0.11771881580352783 3203
1782828230212 0.04244830086827278 3204
1782828230214 0.013095466420054436 3205
1782828230215 0.03964793682098389 3206
1782828230217 0.19707287847995758 3207
1782828230218 0.14219239354133606 3208
1782828230220 0.029161928221583366 3209
1782828230221 0.19132594764232635 3210
1782828230223 0.08584669977426529 3211
1782828230224 0.0434831827878952 3212
1782828230225 0.435091495513916 3213
1782828230227 0.07568476349115372 3214
1782828230228 0.05322290584445 3215
1782828230229 0.11851626634597778 3216
1782828230231 0.20608022809028625 3217
1782828230232 0.4347670078277588 3218
1782828230234 0.058589790016412735 3219
1782828230235 0.08734901249408722 3220
1782828230236 0.05431468039751053 3221
1782828230238 0.09071022272109985 3222
1782828230239 0.04101036489009857 3223
1782828230240 0.18259777128696442 3224
1782828230242 0.22461993992328644 3225
1782828230243 0.09527722746133804 3226
1782828230244 0.017169350758194923 3227
1782828230246 0.14949694275856018 3228
1782828230247 0.16544251143932343 3229
1782828230249 0.018078507855534554 3230
1782828230250 0.08070855587720871 3231
1782828230251 0.10110503435134888 3232
1782828230253 0.216106116771698 3233
1782828230254 0.1965719610452652 3234
1782828230255 0.057719886302948 3235
1782828230257 0.045716892927885056 3236
1782828230258 0.143865168094635 3237
1782828230259 0.07412664592266083 3238
1782828230261 0.03764450550079346 3239
1782828230262 0.0760539323091507 3240
1782828230264 0.21467332541942596 3241
1782828230265 0.18962834775447845 3242
1782828230266 0.03050619177520275 3243
1782828230268 0.04068563133478165 3244
1782828230269 0.03738978132605553 3245
1782828230270 0.010116090066730976 3246
1782828230272 0.1226722002029419 3247
1782828230273 0.05805949866771698 3248
1782828230275 0.18966248631477356 3249
1782828230276 0.19181297719478607 3250
1782828230277 0.034516602754592896 3251
1782828230279 0.13201196491718292 3252
1782828230280 0.04720090329647064 3253
1782828230281 0.10074859112501144 3254
1782828230283 0.1823505312204361 3255
1782828230284 0.037534866482019424 3256
1782828230285 0.1829976737499237 3257
1782828230287 0.12192141264677048 3258
1782828230288 0.018884746357798576 3259
1782828230290 0.31762635707855225 3260
1782828230291 0.05836305767297745 3261
1782828230292 0.25840887427330017 3262
1782828230294 0.31549960374832153 3263
1782828230295 0.15248064696788788 3264
1782828230296 0.02217983640730381 3265
1782828230298 0.17022109031677246 3266
1782828230299 0.0879199206829071 3267
1782828230300 0.026020031422376633 3268
1782828230302 0.015080899931490421 3269
1782828230303 0.24439001083374023 3270
1782828230304 0.2945559322834015 3271
1782828230306 0.12476363778114319 3272
1782828230307 0.2941267788410187 3273
1782828230308 0.2785504460334778 3274
1782828230310 0.22135628759860992 3275
1782828230311 0.1832956075668335 3276
1782828230312 0.2445993423461914 3277
1782828230314 0.11545966565608978 3278
1782828230315 0.10685162991285324 3279
1782828230316 0.09896192699670792 3280
1782828230318 0.030670639127492905 3281
1782828230319 0.27646321058273315 3282
1782828230321 0.017656486481428146 3283
1782828230322 0.1387326568365097 3284
1782828230323 0.09313984215259552 3285
1782828230325 0.22214509546756744 3286
1782828230326 0.16638782620429993 3287
1782828230327 0.03767823800444603 3288
1782828230329 0.06643098592758179 3289
1782828230330 0.1906157284975052 3290
1782828230331 0.24245423078536987 3291
1782828230333 0.32895463705062866 3292
1782828230334 0.14507979154586792 3293
1782828230336 0.10654281079769135 3294
1782828230337 0.10317201912403107 3295
1782828230338 0.02863803133368492 3296
1782828230340 0.09606814384460449 3297
1782828230341 0.08640511333942413 3298
1782828230343 0.3056115508079529 3299
1782828230344 0.028947288170456886 3300
1782828230345 0.08477740734815598 3301
1782828230347 0.04444730281829834 3302
1782828230348 0.068425253033638 3303
1782828230349 0.08814768493175507 3304
1782828230351 0.1489318609237671 3305
1782828230352 0.16937735676765442 3306
1782828230353 0.1049947664141655 3307
1782828230355 0.16027362644672394 3308
1782828230356 0.02544916607439518 3309
1782828230358 0.06559061259031296 3310
1782828230359 0.14451029896736145 3311
1782828230360 0.03574332222342491 3312
1782828230362 0.31060147285461426 3313
1782828230363 0.12940655648708344 3314
1782828230364 0.3047488033771515 3315
1782828230366 0.09635261446237564 3316
1782828230368 0.0027307390701025724 3317
1782828230369 0.037270475178956985 3318
1782828230370 0.047233615070581436 3319
1782828230372 0.20148026943206787 3320
1782828230373 0.23933739960193634 3321
1782828230374 0.1355770379304886 3322
1782828230376 0.06705714017152786 3323
1782828230377 0.02524823695421219 3324
1782828230379 0.2571870982646942 3325
1782828230380 0.4612184464931488 3326
1782828230381 0.05142483487725258 3327
1782828230383 0.06288392841815948 3328
1782828230384 0.022363761439919472 3329
1782828230386 0.039983898401260376 3330
1782828230387 0.15368247032165527 3331
1782828230388 0.08280965685844421 3332
1782828230390 0.08195286244153976 3333
1782828230391 0.08943285048007965 3334
1782828230392 0.1292862892150879 3335
1782828230394 0.2250981479883194 3336
1782828230395 0.1102428138256073 3337
1782828230397 0.16549617052078247 3338
1782828230398 0.09305299073457718 3339
1782828230399 0.12709268927574158 3340
1782828230401 0.014472497627139091 3341
1782828230402 0.03103243187069893 3342
1782828230404 0.07199093699455261 3343
1782828230405 0.07031488418579102 3344
1782828230406 0.23749321699142456 3345
1782828230408 0.13263800740242004 3346
1782828230409 0.08452647924423218 3347
1782828230411 0.017143940553069115 3348
1782828230412 0.13674290478229523 3349
1782828230413 0.01762480102479458 3350
1782828230415 0.10273488610982895 3351
1782828230416 0.0365229956805706 3352
1782828230417 0.022453302517533302 3353
1782828230419 0.11095108836889267 3354
1782828230420 0.09524852782487869 3355
1782828230422 0.18545414507389069 3356
1782828230423 0.2547154724597931 3357
1782828230424 0.0634823590517044 3358
1782828230426 0.17409726977348328 3359
1782828230427 0.22628919780254364 3360
1782828230429 0.12820881605148315 3361
1782828230430 0.006533083971589804 3362
1782828230431 0.04578624665737152 3363
1782828230433 0.14924663305282593 3364
1782828230434 0.05163048580288887 3365
1782828230436 0.22986191511154175 3366
1782828230437 0.12705254554748535 3367
1782828230438 0.018393680453300476 3368
1782828230440 0.08809181302785873 3369
1782828230441 0.13394643366336823 3370
1782828230442 0.2763168513774872 3371
1782828230444 0.062288589775562286 3372
1782828230445 0.08145110309123993 3373
1782828230447 0.12400056421756744 3374
1782828230448 0.16184689104557037 3375
1782828230449 0.01683180220425129 3376
1782828230451 0.06528116017580032 3377
1782828230452 0.17169742286205292 3378
1782828230453 0.11072569340467453 3379
1782828230455 0.09373123943805695 3380
1782828230456 0.22075170278549194 3381
1782828230457 0.2552952170372009 3382
1782828230459 0.03840551897883415 3383
1782828230460 0.1348452866077423 3384
1782828230462 0.03989656642079353 3385
1782828230463 0.0503821037709713 3386
1782828230464 0.1804935187101364 3387
1782828230466 0.0933600664138794 3388
1782828230467 0.3003405034542084 3389
1782828230469 0.13551683723926544 3390
1782828230470 0.025478271767497063 3391
1782828230472 0.022944046184420586 3392
1782828230473 0.3754351735115051 3393
1782828230474 0.14909766614437103 3394
1782828230476 0.13594204187393188 3395
1782828230477 0.16734105348587036 3396
1782828230479 0.22442516684532166 3397
1782828230480 0.1247994676232338 3398
1782828230482 0.03593127802014351 3399
1782828230483 0.02697114832699299 3400
1782828230485 0.032607533037662506 3401
1782828230486 0.04433209449052811 3402
1782828230488 0.01752840168774128 3403
1782828230490 0.019226552918553352 3404
1782828230491 0.0036257740575820208 3405
1782828230492 0.168983593583107 3406
1782828230494 0.21584638953208923 3407
1782828230495 0.029262086376547813 3408
1782828230497 0.02277446538209915 3409
1782828230498 0.043834246695041656 3410
1782828230500 0.032314788550138474 3411
1782828230502 0.03612324967980385 3412
1782828230504 0.12160180509090424 3413
1782828230505 0.03442983701825142 3414
1782828230507 0.2470739781856537 3415
1782828230509 0.19880874454975128 3416
1782828230510 0.015475430525839329 3417
1782828230512 0.10436440259218216 3418
1782828230513 0.17068816721439362 3419
1782828230514 0.05869082361459732 3420
1782828230516 0.059141650795936584 3421
1782828230517 0.42229583859443665 3422
1782828230519 0.026220139116048813 3423
1782828230520 0.08784114569425583 3424
1782828230522 0.24316193163394928 3425
1782828230523 0.25337743759155273 3426
1782828230525 0.30508288741111755 3427
1782828230526 0.21073763072490692 3428
1782828230527 0.24901647865772247 3429
1782828230529 0.28908973932266235 3430
1782828230530 0.09011079370975494 3431
1782828230532 0.028062010183930397 3432
1782828230533 0.2698102295398712 3433
1782828230534 0.25856882333755493 3434
1782828230536 0.10662750154733658 3435
1782828230537 0.02908136136829853 3436
1782828230539 0.1296326071023941 3437
1782828230540 0.4617699682712555 3438
1782828230541 0.332282692193985 3439
1782828230543 0.14636211097240448 3440
1782828230544 0.044126614928245544 3441
1782828230545 0.2174978256225586 3442
1782828230547 0.16622291505336761 3443
1782828230548 0.47066864371299744 3444
1782828230550 0.07516233623027802 3445
1782828230551 0.12015755474567413 3446
1782828230553 0.15481045842170715 3447
1782828230554 0.19077551364898682 3448
1782828230555 0.09204399585723877 3449
1782828230557 0.41515740752220154 3450
1782828230558 0.10027425736188889 3451
1782828230559 0.13964128494262695 3452
1782828230561 0.119896799325943 3453
1782828230562 0.03686525672674179 3454
1782828230564 0.11763660609722137 3455
1782828230565 0.08882451802492142 3456
1782828230567 0.33053097128868103 3457
1782828230568 0.32527685165405273 3458
1782828230569 0.11796501278877258 3459
1782828230571 0.054094042629003525 3460
1782828230572 0.2841970920562744 3461
1782828230573 0.09335397183895111 3462
1782828230575 0.07767168432474136 3463
1782828230576 0.08045769482851028 3464
1782828230577 0.24011950194835663 3465
1782828230579 0.026507442817091942 3466
1782828230580 0.04336509108543396 3467
1782828230581 0.14378465712070465 3468
1782828230583 0.1194532960653305 3469
1782828230584 0.0628037378191948 3470
1782828230585 0.23760144412517548 3471
1782828230586 0.26594308018684387 3472
1782828230588 0.05890969932079315 3473
1782828230589 0.009827747941017151 3474
1782828230590 0.060918305069208145 3475
1782828230592 0.11213777214288712 3476
1782828230593 0.3321647644042969 3477
1782828230594 0.12025012075901031 3478
1782828230596 0.05241258442401886 3479
1782828230597 0.010683659464120865 3480
1782828230598 0.034083448350429535 3481
1782828230600 0.264858216047287 3482
1782828230601 0.018382620066404343 3483
1782828230602 0.04987824335694313 3484
1782828230604 0.12022712826728821 3485
1782828230605 0.1129075139760971 3486
1782828230607 0.08947387337684631 3487
1782828230608 0.029554879292845726 3488
1782828230609 0.04408284276723862 3489
1782828230610 0.018330426886677742 3490
1782828230612 0.5236019492149353 3491
1782828230613 0.08686551451683044 3492
1782828230614 0.110916368663311 3493
1782828230615 0.10456378757953644 3494
1782828230617 0.0448332279920578 3495
1782828230618 0.028014441952109337 3496
1782828230619 0.06109776720404625 3497
1782828230621 0.17483150959014893 3498
1782828230622 0.10182354599237442 3499
1782828230623 0.1269037127494812 3500
1782828230625 0.006830133497714996 3501
1782828230626 0.15049555897712708 3502
1782828230627 0.19327393174171448 3503
1782828230629 0.04430194944143295 3504
1782828230630 0.08705736696720123 3505
1782828230631 0.06937146186828613 3506
1782828230633 0.04244591295719147 3507
1782828230634 0.08549165725708008 3508
1782828230635 0.18456535041332245 3509
1782828230637 0.02129182033240795 3510
1782828230638 0.13345788419246674 3511
1782828230639 0.23198114335536957 3512
1782828230641 0.3265344500541687 3513
1782828230642 0.044937118887901306 3514
1782828230643 0.19575397670269012 3515
1782828230645 0.03129396215081215 3516
1782828230646 0.10412272810935974 3517
1782828230647 0.06855905801057816 3518
1782828230649 0.04727254435420036 3519
1782828230650 0.1445934772491455 3520
1782828230651 0.11411300301551819 3521
1782828230653 0.08544234931468964 3522
1782828230654 0.3922792375087738 3523
1782828230655 0.03395942971110344 3524
1782828230656 0.16371522843837738 3525
1782828230658 0.14478939771652222 3526
1782828230659 0.04598412662744522 3527
1782828230660 0.20369337499141693 3528
1782828230662 0.12629355490207672 3529
1782828230663 0.09231284260749817 3530
1782828230664 0.12788452208042145 3531
1782828230666 0.006543973460793495 3532
1782828230667 0.19266414642333984 3533
1782828230669 0.09290440380573273 3534
1782828230670 0.1991633176803589 3535
1782828230671 0.18710856139659882 3536
1782828230674 0.053093887865543365 3537
1782828230679 0.18161946535110474 3538
1782828230680 0.027747467160224915 3539
1782828230681 0.0685851201415062 3540
1782828230683 0.011105739511549473 3541
1782828230684 0.06848965585231781 3542
1782828230685 0.2564253509044647 3543
1782828230686 0.08692953735589981 3544
1782828230688 0.0509234294295311 3545
1782828230689 0.1873597800731659 3546
1782828230690 0.1683170348405838 3547
1782828230692 0.06393451988697052 3548
1782828230693 0.21906258165836334 3549
1782828230694 0.08307301998138428 3550
1782828230696 0.19927993416786194 3551
1782828230697 0.08232229948043823 3552
1782828230698 0.030222782865166664 3553
1782828230699 0.15532727539539337 3554
1782828230701 0.20958706736564636 3555
1782828230702 0.009918545372784138 3556
1782828230703 0.0346841923892498 3557
1782828230705 0.12890610098838806 3558
1782828230706 0.039797112345695496 3559
1782828230707 0.08197097480297089 3560
1782828230709 0.03942761570215225 3561
1782828230710 0.08098943531513214 3562
1782828230711 0.894956111907959 3563
1782828230713 0.5779692530632019 3564
1782828230714 0.25551626086235046 3565
1782828230715 0.2154465615749359 3566
1782828230717 0.7042194604873657 3567
1782828230718 0.4528128504753113 3568
1782828230719 0.1317647248506546 3569
1782828230720 0.45462337136268616 3570
1782828230722 0.1070592924952507 3571
1782828230723 0.22138242423534393 3572
1782828230724 0.2775568962097168 3573
1782828230726 0.19899402558803558 3574
1782828230727 0.2883963882923126 3575
1782828230728 0.08130373060703278 3576
1782828230730 0.0629991814494133 3577
1782828230731 0.0348990298807621 3578
1782828230732 0.23435191810131073 3579
1782828230734 0.10487207770347595 3580
1782828230735 0.0971895381808281 3581
1782828230736 0.19780199229717255 3582
1782828230738 0.16961751878261566 3583
1782828230739 0.2851458191871643 3584
1782828230740 0.04876396805047989 3585
1782828230742 0.13480186462402344 3586
1782828230743 0.03588121756911278 3587
1782828230744 0.04146581143140793 3588
1782828230746 0.07154906541109085 3589
1782828230747 0.152815580368042 3590
1782828230748 0.2714008092880249 3591
1782828230750 0.26944708824157715 3592
1782828230751 0.07707775384187698 3593
1782828230752 0.07017779350280762 3594
1782828230754 0.05652131140232086 3595
1782828230755 0.3895697295665741 3596
1782828230756 0.18352842330932617 3597
1782828230758 0.020634567365050316 3598
1782828230759 0.1706361472606659 3599
1782828230760 0.026660898700356483 3600
1782828230762 0.09431031346321106 3601
1782828230763 0.07877006381750107 3602
1782828230766 0.3693276643753052 3603
1782828230767 0.13763552904129028 3604
1782828230768 0.10673175752162933 3605
1782828230770 0.12964048981666565 3606
1782828230771 0.3372654318809509 3607
1782828230772 0.19032926857471466 3608
1782828230774 0.10781531780958176 3609
1782828230775 0.35389000177383423 3610
1782828230776 0.061897046864032745 3611
1782828230778 0.16064633429050446 3612
1782828230779 0.014339705929160118 3613
1782828230780 0.04595806449651718 3614
1782828230781 0.09373250603675842 3615
1782828230783 0.27456533908843994 3616
1782828230784 0.08487668633460999 3617
1782828230785 0.441938579082489 3618
1782828230787 0.19277460873126984 3619
1782828230788 0.06781203299760818 3620
1782828230789 0.08125583082437515 3621
1782828230791 0.15368784964084625 3622
1782828230792 0.08857040852308273 3623
1782828230793 0.13285280764102936 3624
1782828230795 0.16669973731040955 3625
1782828230796 0.46155479550361633 3626
1782828230797 0.15997040271759033 3627
1782828230799 0.058876946568489075 3628
1782828230800 0.13853603601455688 3629
1782828230801 0.08136186748743057 3630
1782828230803 0.019750650972127914 3631
1782828230804 0.025090638548135757 3632
1782828230805 0.08201619237661362 3633
1782828230807 0.15917956829071045 3634
1782828230808 0.6770095229148865 3635
1782828230809 0.12339909374713898 3636
1782828230811 0.035339437425136566 3637
1782828230812 0.023880507797002792 3638
1782828230813 0.05750494450330734 3639
1782828230815 0.029574327170848846 3640
1782828230816 0.05415073037147522 3641
1782828230817 0.1105993315577507 3642
1782828230819 0.0893862396478653 3643
1782828230820 0.21865497529506683 3644
1782828230821 0.046363960951566696 3645
1782828230823 0.2019723355770111 3646
1782828230824 0.03796937316656113 3647
1782828230825 0.04237334057688713 3648
1782828230827 0.26495808362960815 3649
1782828230828 0.012245225720107555 3650
1782828230829 0.04884469136595726 3651
1782828230831 0.0072717973962426186 3652
1782828230832 0.15703995525836945 3653
1782828230833 0.11118671298027039 3654
1782828230834 0.0941588506102562 3655
1782828230836 0.04462135210633278 3656
1782828230837 0.07285887748003006 3657
1782828230838 0.10599427670240402 3658
1782828230840 0.10776620358228683 3659
1782828230841 0.1665920466184616 3660
1782828230842 0.02212526649236679 3661
1782828230844 0.07846707105636597 3662
1782828230845 0.10081198811531067 3663
1782828230846 0.17172440886497498 3664
1782828230848 0.26423409581184387 3665
1782828230849 0.07981446385383606 3666
1782828230850 0.14946292340755463 3667
1782828230852 0.09666503965854645 3668
1782828230853 0.07191009074449539 3669
1782828230855 0.07418104261159897 3670
1782828230856 0.04742879793047905 3671
1782828230857 0.24589690566062927 3672
1782828230859 0.11331818252801895 3673
1782828230860 0.16345266997814178 3674
1782828230861 0.17000725865364075 3675
1782828230863 0.29918330907821655 3676
1782828230864 0.2159179002046585 3677
1782828230866 0.13804076611995697 3678
1782828230867 0.40343138575553894 3679
1782828230869 0.1418299674987793 3680
1782828230870 0.2440795600414276 3681
1782828230871 0.059542279690504074 3682
1782828230873 0.49089375138282776 3683
1782828230874 0.11697952449321747 3684
1782828230875 0.054273612797260284 3685
1782828230877 0.0341840460896492 3686
1782828230878 0.04305693134665489 3687
1782828230879 0.06366080045700073 3688
1782828230881 0.04643309488892555 3689
1782828230882 0.13359497487545013 3690
1782828230883 0.08475391566753387 3691
1782828230885 0.13110728561878204 3692
1782828230886 0.19707529246807098 3693
1782828230887 0.013705925084650517 3694
1782828230889 0.04629462584853172 3695
1782828230890 0.08226393163204193 3696
1782828230892 0.24120232462882996 3697
1782828230893 0.17223702371120453 3698
1782828230894 0.0603136271238327 3699
1782828230896 0.3730210065841675 3700
1782828230897 0.05974497273564339 3701
1782828230898 0.0999024286866188 3702
1782828230900 0.011358858086168766 3703
1782828230901 0.05555050075054169 3704
1782828230902 0.20976446568965912 3705
1782828230904 0.1988426297903061 3706
1782828230905 0.014658608473837376 3707
1782828230906 0.04646696522831917 3708
1782828230908 0.03625856712460518 3709
1782828230909 0.18872249126434326 3710
1782828230910 0.0658404752612114 3711
1782828230912 0.15972065925598145 3712
1782828230913 0.029102306813001633 3713
1782828230915 0.029204946011304855 3714
1782828230916 0.08052447438240051 3715
1782828230918 0.1634259968996048 3716
1782828230919 0.16253118216991425 3717
1782828230920 0.1330489218235016 3718
1782828230921 0.06000952795147896 3719
1782828230923 0.05229156091809273 3720
1782828230924 0.029731765389442444 3721
1782828230926 0.1101771742105484 3722
1782828230927 0.18949365615844727 3723
1782828230928 0.02403506264090538 3724
1782828230930 0.013666972517967224 3725
1782828230931 0.14327888190746307 3726
1782828230932 0.060757968574762344 3727
1782828230934 0.05798600986599922 3728
1782828230935 0.45654770731925964 3729
1782828230936 0.09164941310882568 3730
1782828230938 0.03501740097999573 3731
1782828230939 0.11354801803827286 3732
1782828230940 0.10860314965248108 3733
1782828230942 0.19410739839076996 3734
1782828230943 0.06615426391363144 3735
1782828230944 0.0764639675617218 3736
1782828230946 0.2740461528301239 3737
1782828230947 0.06247810646891594 3738
1782828230948 0.06225843355059624 3739
1782828230950 0.07391329109668732 3740
1782828230951 0.1427779197692871 3741
1782828230952 0.1608533263206482 3742
1782828230954 0.16203629970550537 3743
1782828230955 0.06732643395662308 3744
1782828230957 0.019000645726919174 3745
1782828230958 0.1062859296798706 3746
1782828230959 0.057120177894830704 3747
1782828230960 0.10675164312124252 3748
1782828230962 0.023672478273510933 3749
1782828231083 0.11562124639749527 3750
1782828231084 0.034243032336235046 3751
1782828231086 0.18610124289989471 3752
1782828231087 0.06198330968618393 3753
1782828231089 0.01624164916574955 3754
1782828231090 0.07564354687929153 3755
1782828231091 0.18173381686210632 3756
1782828231093 0.2659015655517578 3757
1782828231094 0.026403523981571198 3758
1782828231095 0.06766314804553986 3759
1782828231097 0.09063003212213516 3760
1782828231098 0.15538707375526428 3761
1782828231099 0.01970866695046425 3762
1782828231101 0.07236487418413162 3763
1782828231102 0.007481650449335575 3764
1782828231103 0.021957630291581154 3765
1782828231105 0.028383126482367516 3766
1782828231106 0.12326700240373611 3767
1782828231107 0.017756646499037743 3768
1782828231109 0.10588439553976059 3769
1782828231110 0.04104189947247505 3770
1782828231111 0.24233467876911163 3771
1782828231113 0.008720051497220993 3772
1782828231114 0.15379951894283295 3773
1782828231115 0.11429278552532196 3774
1782828231117 0.10235828906297684 3775
1782828231118 0.020091839134693146 3776
1782828231119 0.010054118931293488 3777
1782828231121 0.09482396394014359 3778
1782828231122 0.07768929749727249 3779
1782828231124 0.11249411106109619 3780
1782828231125 0.02727336436510086 3781
1782828231126 0.15713046491146088 3782
1782828231128 0.007909337989985943 3783
1782828231129 0.15646673738956451 3784
1782828231130 0.3109124004840851 3785
1782828231132 0.04813530296087265 3786
1782828231133 0.1877651959657669 3787
1782828231134 0.0885903537273407 3788
1782828231136 0.10408378392457962 3789
1782828231137 0.10066627711057663 3790
1782828231138 0.1541018933057785 3791
1782828231140 0.17740871012210846 3792
1782828231141 0.20055291056632996 3793
1782828231142 0.039289865642786026 3794
1782828231144 0.12208998948335648 3795
1782828231145 0.051586735993623734 3796
1782828231146 0.10865342617034912 3797
1782828231148 0.018756676465272903 3798
1782828231149 0.12653584778308868 3799
1782828231150 0.12702903151512146 3800
1782828231152 0.03572732210159302 3801
1782828231153 0.08097068965435028 3802
1782828231154 0.019765285775065422 3803
1782828231156 0.012181613594293594 3804
1782828231157 0.2032284289598465 3805
1782828231158 0.0388491190969944 3806
1782828231160 0.05996524542570114 3807
1782828231161 0.008195639587938786 3808
1782828231162 0.21287836134433746 3809
1782828231164 0.2348998486995697 3810
1782828231165 0.14228063821792603 3811
1782828231167 0.446739137172699 3812
1782828231168 0.028242601081728935 3813
1782828231170 0.03692493215203285 3814
1782828231172 0.017890293151140213 3815
1782828231173 0.005932483822107315 3816
1782828231174 0.16166667640209198 3817
1782828231176 0.07765723019838333 3818
1782828231177 0.10899045318365097 3819
1782828231178 0.15722382068634033 3820
1782828231180 0.12364666163921356 3821
1782828231181 0.007701557129621506 3822
1782828231183 0.10101169347763062 3823
1782828231185 0.09011626243591309 3824
1782828231187 0.041718993335962296 3825
1782828231188 0.01381000503897667 3826
1782828231190 0.17032666504383087 3827
1782828231191 0.054362449795007706 3828
1782828231192 0.012544366531074047 3829
1782828231194 0.2458363026380539 3830
1782828231195 0.013160175643861294 3831
1782828231197 0.02654801495373249 3832
1782828231198 0.09533427655696869 3833
1782828231200 0.07301264256238937 3834
1782828231202 0.03712951019406319 3835
1782828231203 0.08936016261577606 3836
1782828231205 0.008765161037445068 3837
1782828231206 0.3632028102874756 3838
1782828231208 0.12452360987663269 3839
1782828231210 0.05458585172891617 3840
1782828231211 0.1713840812444687 3841
1782828231213 0.33795249462127686 3842
1782828231214 0.1783137023448944 3843
1782828231216 0.05167103186249733 3844
1782828231218 0.013070260174572468 3845
1782828231219 0.0541095994412899 3846
1782828231221 0.02457159385085106 3847
1782828231222 0.11828345060348511 3848
1782828231224 0.21947099268436432 3849
1782828231225 0.067020945250988 3850
1782828231227 0.0641741082072258 3851
1782828231229 0.22314393520355225 3852
1782828231230 0.006015074905008078 3853
1782828231232 0.015478931367397308 3854
1782828231233 0.14366888999938965 3855
1782828231235 0.08535461872816086 3856
1782828231236 0.1414041966199875 3857
1782828231237 0.18145759403705597 3858
1782828231239 0.11073614656925201 3859
1782828231240 0.24970652163028717 3860
1782828231241 0.02557363361120224 3861
1782828231243 0.068910151720047 3862
1782828231244 0.22765599191188812 3863
1782828231245 0.041486117988824844 3864
1782828231247 0.07969707995653152 3865
1782828231248 0.18279646337032318 3866
1782828231250 0.15910805761814117 3867
1782828231251 0.029210515320301056 3868
1782828231252 0.10176485031843185 3869
1782828231254 0.11341657489538193 3870
1782828231255 0.05225493386387825 3871
1782828231256 0.4195890426635742 3872
1782828231258 0.22148971259593964 3873
1782828231259 0.013950026594102383 3874
1782828231260 0.11071061342954636 3875
1782828231262 0.0635962188243866 3876
1782828231264 0.3474530279636383 3877
1782828231265 0.13804633915424347 3878
1782828231266 0.09913922846317291 3879
1782828231267 0.13932080566883087 3880
1782828231269 0.11329995840787888 3881
1782828231270 0.1837552934885025 3882
1782828231271 0.07321199774742126 3883
1782828231273 0.14083878695964813 3884
1782828231274 0.028166264295578003 3885
1782828231275 0.14086195826530457 3886
1782828231276 0.057983145117759705 3887
1782828231278 0.18983948230743408 3888
1782828231279 0.0651753693819046 3889
1782828231280 0.037163157016038895 3890
1782828231282 0.1434716284275055 3891
1782828231283 0.03933676704764366 3892
1782828231284 0.3680317997932434 3893
1782828231286 0.13891932368278503 3894
1782828231287 0.22221171855926514 3895
1782828231288 0.02017080783843994 3896
1782828231290 0.026621686294674873 3897
1782828231291 0.04419002681970596 3898
1782828231292 0.015475052408874035 3899
1782828231294 0.05568699538707733 3900
1782828231295 0.2295854687690735 3901
1782828231297 0.006800536066293716 3902
1782828231298 0.09201657027006149 3903
1782828231299 0.023875871673226357 3904
1782828231300 0.020001109689474106 3905
1782828231302 0.1660488098859787 3906
1782828231303 0.25164708495140076 3907
1782828231304 0.022738318890333176 3908
1782828231305 0.18165776133537292 3909
1782828231307 0.09327942132949829 3910
1782828231308 0.07397737354040146 3911
1782828231309 0.20386509597301483 3912
1782828231311 0.010412371717393398 3913
1782828231312 0.021979089826345444 3914
1782828231313 0.01296741608530283 3915
1782828231315 0.08553284406661987 3916
1782828231316 0.11842917650938034 3917
1782828231317 0.2474154829978943 3918
1782828231319 0.13008245825767517 3919
1782828231320 0.22325973212718964 3920
1782828231321 0.16686037182807922 3921
1782828231322 0.08249449729919434 3922
1782828231324 0.05047913268208504 3923
1782828231325 0.03923018276691437 3924
1782828231327 0.20828017592430115 3925
1782828231328 0.21345080435276031 3926
1782828231329 0.013205219060182571 3927
1782828231330 0.26459288597106934 3928
1782828231332 0.018868055194616318 3929
1782828231333 0.036779798567295074 3930
1782828231334 0.036366742104291916 3931
1782828231336 0.05703960359096527 3932
1782828231337 0.2404540777206421 3933
1782828231338 0.12305957823991776 3934
1782828231340 0.025296084582805634 3935
1782828231341 0.03781784698367119 3936
1782828231342 0.006815004628151655 3937
1782828231344 0.3156640827655792 3938
1782828231345 0.14709016680717468 3939
1782828231346 0.012424902990460396 3940
1782828231348 0.10601361840963364 3941
1782828231349 0.09039563685655594 3942
1782828231350 0.004454267676919699 3943
1782828231352 0.02011251635849476 3944
1782828231353 0.1657484769821167 3945
1782828231354 0.24102783203125 3946
1782828231356 0.24413210153579712 3947
1782828231357 0.03410538658499718 3948
1782828231358 0.0970582365989685 3949
1782828231360 0.288963258266449 3950
1782828231361 0.05391203239560127 3951
1782828231362 0.13103175163269043 3952
1782828231364 0.11609109491109848 3953
1782828231365 0.17890186607837677 3954
1782828231366 0.03343096747994423 3955
1782828231368 0.2013494372367859 3956
1782828231369 0.02131381630897522 3957
1782828231371 0.06443042308092117 3958
1782828231372 0.1178470104932785 3959
1782828231373 0.08548423647880554 3960
1782828231375 0.07891129702329636 3961
1782828231376 0.03235045447945595 3962
1782828231377 0.14093047380447388 3963
1782828231379 0.21784742176532745 3964
1782828231380 0.05392659083008766 3965
1782828231381 0.05098992586135864 3966
1782828231383 0.03829873725771904 3967
1782828231384 0.07654441893100739 3968
1782828231385 0.38980570435523987 3969
1782828231387 0.044368065893650055 3970
1782828231388 0.0128142349421978 3971
1782828231389 0.04112190380692482 3972
1782828231391 0.1310817003250122 3973
1782828231392 0.01431079488247633 3974
1782828231393 0.11069982498884201 3975
1782828231395 0.21131367981433868 3976
1782828231396 0.07052360475063324 3977
1782828231397 0.04304909706115723 3978
1782828231399 0.011271745897829533 3979
1782828231400 0.19487272202968597 3980
1782828231401 0.10820603370666504 3981
1782828231403 0.025713808834552765 3982
1782828231404 0.1611407995223999 3983
1782828231405 0.11493717133998871 3984
1782828231407 0.09490291029214859 3985
1782828231408 0.04626785218715668 3986
1782828231409 0.20337165892124176 3987
1782828231411 0.18887300789356232 3988
1782828231412 0.09130878746509552 3989
1782828231413 0.09420878440141678 3990
1782828231415 0.12160926312208176 3991
1782828231416 0.015608041547238827 3992
1782828231417 0.3479926884174347 3993
1782828231419 0.010556347668170929 3994
1782828231420 0.16020265221595764 3995
1782828231421 0.057302266359329224 3996
1782828231423 0.0692870244383812 3997
1782828231424 0.054188795387744904 3998
1782828231425 0.11096036434173584 3999
1782828231427 0.019354427233338356 4000
1782828231428 0.08758240193128586 4001
1782828231429 0.10978889465332031 4002
1782828231431 0.20107893645763397 4003
1782828231432 0.1411256343126297 4004
1782828231433 0.09741053730249405 4005
1782828231435 0.0077996524050831795 4006
1782828231436 0.11783748865127563 4007
1782828231437 0.03667566552758217 4008
1782828231439 0.033296145498752594 4009
1782828231440 0.2109655737876892 4010
1782828231441 0.37335649132728577 4011
1782828231443 0.0789005309343338 4012
1782828231444 0.11981600522994995 4013
1782828231445 0.10607175529003143 4014
1782828231447 0.24642686545848846 4015
1782828231448 0.16546159982681274 4016
1782828231449 0.12380246818065643 4017
1782828231451 0.08450882881879807 4018
1782828231452 0.11624228209257126 4019
1782828231453 0.03154900297522545 4020
1782828231455 0.01906881108880043 4021
1782828231456 0.0848826989531517 4022
1782828231458 0.05384243279695511 4023
1782828231459 0.02162199467420578 4024
1782828231460 0.1489631086587906 4025
1782828231462 0.3456387519836426 4026
1782828231463 0.05235714465379715 4027
1782828231464 0.03771883621811867 4028
1782828231466 0.1289612203836441 4029
1782828231467 0.2372736632823944 4030
1782828231469 0.01769563928246498 4031
1782828231470 0.11173345148563385 4032
1782828231471 0.2458772361278534 4033
1782828231473 0.10056483000516891 4034
1782828231474 0.1920272707939148 4035
1782828231475 0.10581938177347183 4036
1782828231477 0.010226989164948463 4037
1782828231478 0.4356018006801605 4038
1782828231480 0.04437611624598503 4039
1782828231481 0.22588662803173065 4040
1782828231483 0.15344344079494476 4041
1782828231484 0.060041509568691254 4042
1782828231485 0.33088916540145874 4043
1782828231487 0.022939762100577354 4044
1782828231488 0.10400167852640152 4045
1782828231489 0.0705425813794136 4046
1782828231491 0.08145591616630554 4047
1782828231492 0.15692126750946045 4048
1782828231494 0.2591172158718109 4049
1782828231495 0.08688027411699295 4050
1782828231496 0.041954342275857925 4051
1782828231498 0.045684754848480225 4052
1782828231499 0.06637399643659592 4053
1782828231500 0.18784008920192719 4054
1782828231502 0.017493870109319687 4055
1782828231504 0.05764208361506462 4056
1782828231505 0.057682543992996216 4057
1782828231506 0.08403966575860977 4058
1782828231507 0.17577704787254333 4059
1782828231509 0.0523182712495327 4060
1782828231510 0.08322961628437042 4061
1782828231511 0.127046138048172 4062
1782828231513 0.036513231694698334 4063
1782828231514 0.04551493749022484 4064
1782828231515 0.2558286786079407 4065
1782828231517 0.06048287823796272 4066
1782828231518 0.1435427963733673 4067
1782828231520 0.01582932472229004 4068
1782828231521 0.24973216652870178 4069
1782828231523 0.030769502744078636 4070
1782828231524 0.010295365937054157 4071
1782828231525 0.30794376134872437 4072
1782828231527 0.011728981509804726 4073
1782828231528 0.23215346038341522 4074
1782828231529 0.12405562400817871 4075
1782828231531 0.08285060524940491 4076
1782828231532 0.23415407538414001 4077
1782828231533 0.03992487117648125 4078
1782828231535 0.11144886165857315 4079
1782828231536 0.15018810331821442 4080
1782828231537 0.08867739140987396 4081
1782828231539 0.1610099822282791 4082
1782828231540 0.06042168289422989 4083
1782828231541 0.4117618203163147 4084
1782828231543 0.15450778603553772 4085
1782828231544 0.20685508847236633 4086
1782828231545 0.18419602513313293 4087
1782828231547 0.08013824373483658 4088
1782828231548 0.26655617356300354 4089
1782828231549 0.0907285138964653 4090
1782828231550 0.03306104242801666 4091
1782828231552 0.08907902240753174 4092
1782828231553 0.05816970020532608 4093
1782828231554 0.1685616374015808 4094
1782828231556 0.15226255357265472 4095
1782828231557 0.10553429275751114 4096
1782828231559 0.10873209685087204 4097
1782828231560 0.05002852529287338 4098
1782828231561 0.018195362761616707 4099
1782828231562 0.008444336242973804 4100
1782828231563 0.06996919959783554 4101
1782828231565 0.10961154103279114 4102
1782828231566 0.08726325631141663 4103
1782828231568 0.01710054837167263 4104
1782828231569 0.14543922245502472 4105
1782828231570 0.11478672921657562 4106
1782828231571 0.11425326764583588 4107
1782828231573 0.18460962176322937 4108
1782828231574 0.10993567854166031 4109
1782828231575 0.03267723694443703 4110
1782828231577 0.2055557370185852 4111
1782828231578 0.08106733858585358 4112
1782828231580 0.0057615009136497974 4113
1782828231581 0.17513000965118408 4114
1782828231582 0.07583392411470413 4115
1782828231584 0.06864698231220245 4116
1782828231585 0.04543878138065338 4117
1782828231586 0.022042442113161087 4118
1782828231588 0.05077642574906349 4119
1782828231589 0.12395519018173218 4120
1782828231590 0.16808679699897766 4121
1782828231591 0.006234091706573963 4122
1782828231593 0.07504385709762573 4123
1782828231594 0.028972188010811806 4124
1782828231595 0.6169952154159546 4125
1782828231597 0.004171124193817377 4126
1782828231598 0.007134389132261276 4127
1782828231599 0.08732251077890396 4128
1782828231601 0.13062995672225952 4129
1782828231602 0.0654238685965538 4130
1782828231603 0.2414814531803131 4131
1782828231604 0.03142305091023445 4132
1782828231606 0.09202432632446289 4133
1782828231607 0.01438808348029852 4134
1782828231608 0.0326242558658123 4135
1782828231610 0.02212289720773697 4136
1782828231611 0.08160824328660965 4137
1782828231612 0.06991777569055557 4138
1782828231614 0.006064766552299261 4139
1782828231615 0.12609267234802246 4140
1782828231616 0.2056715190410614 4141
1782828231618 0.0598427839577198 4142
1782828231619 0.05957622453570366 4143
1782828231620 0.029899125918745995 4144
1782828231622 0.04587005078792572 4145
1782828231624 0.24079163372516632 4146
1782828231625 0.007443991489708424 4147
1782828231627 0.07153812050819397 4148
1782828231628 0.0539347305893898 4149
1782828231630 0.3463391661643982 4150
1782828231632 0.013821191154420376 4151
1782828231634 0.0165456160902977 4152
1782828231635 0.13143886625766754 4153
1782828231637 0.005031895823776722 4154
1782828231639 0.0027232421562075615 4155
1782828231640 0.05786794424057007 4156
1782828231641 0.005753440782427788 4157
1782828231643 0.20319803059101105 4158
1782828231644 0.045827850699424744 4159
1782828231645 0.01187287736684084 4160
1782828231647 0.04913302883505821 4161
1782828231648 0.13587190210819244 4162
1782828231649 0.08699294179677963 4163
1782828231651 0.1377134919166565 4164
1782828231652 0.032555337995290756 4165
1782828231653 0.17379045486450195 4166
1782828231655 0.16503004729747772 4167
1782828231656 0.10865991562604904 4168
1782828231657 0.16928771138191223 4169
1782828231659 0.17924964427947998 4170
1782828231660 0.09461057931184769 4171
1782828231661 0.12949120998382568 4172
1782828231663 0.09767981618642807 4173
1782828231664 0.25371208786964417 4174
1782828231665 0.10700276494026184 4175
1782828231667 0.15243422985076904 4176
1782828231668 0.017383426427841187 4177
1782828231670 0.013108686544001102 4178
1782828231671 0.052829042077064514 4179
1782828231672 0.10520309954881668 4180
1782828231673 0.007664111442863941 4181
1782828231675 0.013468736782670021 4182
1782828231676 0.8977237343788147 4183
1782828231678 0.17615842819213867 4184
1782828231679 0.10461446642875671 4185
1782828231680 0.13697241246700287 4186
1782828231682 0.10057371854782104 4187
1782828231683 0.10422932356595993 4188
1782828231684 0.0340774767100811 4189
1782828231686 0.022725583985447884 4190
1782828231687 0.16345930099487305 4191
1782828231688 0.06188017129898071 4192
1782828231690 0.17846134305000305 4193
1782828231691 0.13801604509353638 4194
1782828231692 0.053209736943244934 4195
1782828231694 0.33505725860595703 4196
1782828231695 0.053665775805711746 4197
1782828231696 0.11464544385671616 4198
1782828231698 0.061173077672719955 4199
1782828231699 0.13916726410388947 4200
1782828231700 0.018827859312295914 4201
1782828231702 0.00822463259100914 4202
1782828231703 0.1963118314743042 4203
1782828231704 0.09953252971172333 4204
1782828231706 0.017277296632528305 4205
1782828231707 0.016102012246847153 4206
1782828231708 0.24717393517494202 4207
1782828231710 0.1950349658727646 4208
1782828231711 0.037821728736162186 4209
1782828231712 0.14402689039707184 4210
1782828231714 0.17912934720516205 4211
1782828231715 0.2082723081111908 4212
1782828231716 0.09759897738695145 4213
1782828231718 0.02991632930934429 4214
1782828231719 0.023709366098046303 4215
1782828231720 0.17192330956459045 4216
1782828231722 0.014283914119005203 4217
1782828231723 0.09796451777219772 4218
1782828231724 0.010670282877981663 4219
1782828231726 0.01621348410844803 4220
1782828231727 0.06723523885011673 4221
1782828231728 0.1395726203918457 4222
1782828231730 0.34569525718688965 4223
1782828231731 0.028597591444849968 4224
1782828231732 0.06309804320335388 4225
1782828231734 0.10807602107524872 4226
1782828231735 0.2265341728925705 4227
1782828231736 0.13552585244178772 4228
1782828231738 0.07336227595806122 4229
1782828231739 0.06466438621282578 4230
1782828231740 0.21101316809654236 4231
1782828231742 0.1696779578924179 4232
1782828231743 0.06688674539327621 4233
1782828231744 0.03957706317305565 4234
1782828231746 0.05496690422296524 4235
1782828231747 0.01585943065583706 4236
1782828231748 0.15683774650096893 4237
1782828231750 0.06827250123023987 4238
1782828231751 0.16938768327236176 4239
1782828231752 0.03836110979318619 4240
1782828231754 0.0351458340883255 4241
1782828231755 0.24090081453323364 4242
1782828231756 0.01504784170538187 4243
1782828231758 0.09177452325820923 4244
1782828231759 0.2231060266494751 4245
1782828231760 0.09553469717502594 4246
1782828231762 0.039142243564128876 4247
1782828231763 0.08517849445343018 4248
1782828231766 0.3236501216888428 4249
1782828231767 0.026490822434425354 4250
1782828231769 0.06736163049936295 4251
1782828231770 0.2321692854166031 4252
1782828231771 0.026989338919520378 4253
1782828231772 0.12759879231452942 4254
1782828231774 0.12960241734981537 4255
1782828231775 0.15587218105793 4256
1782828231776 0.1563451737165451 4257
1782828231778 0.051414571702480316 4258
1782828231779 0.10115568339824677 4259
1782828231781 0.08870810270309448 4260
1782828231782 0.1307239830493927 4261
1782828231783 0.004169224761426449 4262
1782828231785 0.1794617623090744 4263
1782828231786 0.1760917454957962 4264
1782828231787 0.10600471496582031 4265
1782828231789 0.00937152374535799 4266
1782828231790 0.037462268024683 4267
1782828231791 0.21588854491710663 4268
1782828231793 0.23979872465133667 4269
1782828231794 0.11805308610200882 4270
1782828231795 0.016123276203870773 4271
1782828231797 0.13949009776115417 4272
1782828231798 0.11098135262727737 4273
1782828231799 0.24969720840454102 4274
1782828231801 0.05796414986252785 4275
1782828231802 0.018645066767930984 4276
1782828231803 0.09397877752780914 4277
1782828231805 0.0364559106528759 4278
1782828231806 0.012886883690953255 4279
1782828231807 0.030635688453912735 4280
1782828231809 0.1635659784078598 4281
1782828231810 0.13730445504188538 4282
1782828231811 0.02063271962106228 4283
1782828231813 0.02012603171169758 4284
1782828231814 0.03029613196849823 4285
1782828231815 0.04670724645256996 4286
1782828231817 0.07732846587896347 4287
1782828231818 0.15965783596038818 4288
1782828231819 0.037111058831214905 4289
1782828231821 0.09797823429107666 4290
1782828231822 0.03170599043369293 4291
1782828231823 0.022843142971396446 4292
1782828231825 0.03892853856086731 4293
1782828231826 0.2687213718891144 4294
1782828231827 0.03587352856993675 4295
1782828231829 0.13984082639217377 4296
1782828231830 0.011443249881267548 4297
1782828231831 0.012068219482898712 4298
1782828231833 0.06033853814005852 4299
1782828231834 0.055768419057130814 4300
1782828231835 0.016913415864109993 4301
1782828231837 0.10976290702819824 4302
1782828231838 0.020866265520453453 4303
1782828231839 0.03496022894978523 4304
1782828231841 0.02636897563934326 4305
1782828231842 0.09869677573442459 4306
1782828231843 0.2853049337863922 4307
1782828231844 0.17377538979053497 4308
1782828231846 0.05397487431764603 4309
1782828231847 0.030216552317142487 4310
1782828231848 0.025282999500632286 4311
1782828231850 0.20072343945503235 4312
1782828231851 0.14622315764427185 4313
1782828231852 0.24253970384597778 4314
1782828231854 0.02784724161028862 4315
1782828231855 0.03361542522907257 4316
1782828231856 0.3816582262516022 4317
1782828231858 0.19852814078330994 4318
1782828231859 0.06973342597484589 4319
1782828231861 0.12449996918439865 4320
1782828231862 0.023145239800214767 4321
1782828231863 0.14699122309684753 4322
1782828231865 0.006326697766780853 4323
1782828231866 0.30172714591026306 4324
1782828231868 0.022142212837934494 4325
1782828231869 0.09418710321187973 4326
1782828231870 0.15195021033287048 4327
1782828231872 0.12169953435659409 4328
1782828231873 0.0797555074095726 4329
1782828231875 0.07454897463321686 4330
1782828231876 0.012510073371231556 4331
1782828231878 0.033960383385419846 4332
1782828231879 0.17863133549690247 4333
1782828231881 0.01508764922618866 4334
1782828231882 0.049492690712213516 4335
1782828231883 0.036423686891794205 4336
1782828231885 0.06542877107858658 4337
1782828231886 0.08772452920675278 4338
1782828231887 0.08594438433647156 4339
1782828231889 0.1576484739780426 4340
1782828231891 0.009267300367355347 4341
1782828231893 0.0055526806972920895 4342
1782828231894 0.12403465062379837 4343
1782828231895 0.15861541032791138 4344
1782828231897 0.07485710829496384 4345
1782828231898 0.05764274671673775 4346
1782828231899 0.09320417046546936 4347
1782828231901 0.3213036358356476 4348
1782828231902 0.11304828524589539 4349
1782828231903 0.08882463723421097 4350
1782828231905 0.04794389009475708 4351
1782828231906 0.12527956068515778 4352
1782828231907 0.2629670798778534 4353
1782828231909 0.1448989361524582 4354
1782828231910 0.028486115857958794 4355
1782828231911 0.10001588612794876 4356
1782828231913 0.2443770170211792 4357
1782828231914 0.07958636432886124 4358
1782828231916 0.06666415184736252 4359
1782828231917 0.11787916719913483 4360
1782828231918 0.052220068871974945 4361
1782828231920 0.13702641427516937 4362
1782828231921 0.03033110313117504 4363
1782828231922 0.17919649183750153 4364
1782828231924 0.003899700241163373 4365
1782828231925 0.37297937273979187 4366
1782828231926 0.2677091360092163 4367
1782828231928 0.13802170753479004 4368
1782828231929 0.20397494733333588 4369
1782828231931 0.04250999912619591 4370
1782828231932 0.12140527367591858 4371
1782828231933 0.011885067448019981 4372
1782828231935 0.34400367736816406 4373
1782828231936 0.0631628930568695 4374
1782828231937 0.08046593517065048 4375
1782828231939 0.06497158110141754 4376
1782828231940 0.015061413869261742 4377
1782828231942 0.37993118166923523 4378
1782828231943 0.013798526488244534 4379
1782828231944 0.22702157497406006 4380
1782828231946 0.010187746956944466 4381
1782828231947 0.3244023025035858 4382
1782828231948 0.005915987771004438 4383
1782828231950 0.18893113732337952 4384
1782828231951 0.40385401248931885 4385
1782828231952 0.19808971881866455 4386
1782828231954 0.2905126214027405 4387
1782828231955 0.2541000545024872 4388
1782828231956 0.13147595524787903 4389
1782828231958 0.2811814546585083 4390
1782828231959 0.2971670925617218 4391
1782828231960 0.10923221707344055 4392
1782828231962 0.18155927956104279 4393
1782828231963 0.368539035320282 4394
1782828231964 0.006521645933389664 4395
1782828231966 0.08803615719079971 4396
1782828231967 0.15915150940418243 4397
1782828231970 0.07998619228601456 4398
1782828231972 0.05297493562102318 4399
1782828231973 0.07908716052770615 4400
1782828231975 0.0705067366361618 4401
1782828231976 0.14320506155490875 4402
1782828231978 0.1258447915315628 4403
1782828231979 0.06992960721254349 4404
1782828231980 0.07810549437999725 4405
1782828231982 0.036698631942272186 4406
1782828231983 0.05599718913435936 4407
1782828231985 0.14266479015350342 4408
1782828231987 0.026439739391207695 4409
1782828231989 0.025917349383234978 4410
1782828231991 0.2331371158361435 4411
1782828231993 0.14302606880664825 4412
1782828231994 0.13699600100517273 4413
1782828231996 0.1455485075712204 4414
1782828231997 0.054516661912202835 4415
1782828231998 0.013867992907762527 4416
1782828232000 0.004976731725037098 4417
1782828232001 0.16478262841701508 4418
1782828232002 0.14817853271961212 4419
1782828232004 0.18172267079353333 4420
1782828232005 0.009450169280171394 4421
1782828232006 0.20365549623966217 4422
1782828232008 0.21299289166927338 4423
1782828232009 0.23714779317378998 4424
1782828232011 0.12017276883125305 4425
1782828232012 0.030378252267837524 4426
1782828232013 0.051560863852500916 4427
1782828232014 0.045984942466020584 4428
1782828232016 0.2786533534526825 4429
1782828232017 0.05677250772714615 4430
1782828232018 0.08939682692289352 4431
1782828232020 0.04060516133904457 4432
1782828232021 0.028000036254525185 4433
1782828232022 0.3432786464691162 4434
1782828232024 0.18777891993522644 4435
1782828232025 0.03627936169505119 4436
1782828232027 0.19624008238315582 4437
1782828232028 0.1550200879573822 4438
1782828232029 0.1881091147661209 4439
1782828232030 0.018750157207250595 4440
1782828232032 0.01344215963035822 4441
1782828232033 0.02328498102724552 4442
1782828232034 0.1659347116947174 4443
1782828232036 0.2912561595439911 4444
1782828232037 0.18519791960716248 4445
1782828232038 0.10893804579973221 4446
1782828232040 0.26594531536102295 4447
1782828232041 0.007536209188401699 4448
1782828232043 0.05622292682528496 4449
1782828232044 0.4935789704322815 4450
1782828232045 0.08640459179878235 4451
1782828232046 0.04449921101331711 4452
1782828232048 0.10322324186563492 4453
1782828232049 0.023708311840891838 4454
1782828232050 0.08117766678333282 4455
1782828232052 0.12767921388149261 4456
1782828232053 0.026774683967232704 4457
1782828232054 0.0567389540374279 4458
1782828232056 0.04253045842051506 4459
1782828232057 0.010684316046535969 4460
1782828232058 0.05627855658531189 4461
1782828232060 0.0751485824584961 4462
1782828232061 0.09926208108663559 4463
1782828232062 0.11907113343477249 4464
1782828232064 0.09730634838342667 4465
1782828232065 0.026902489364147186 4466
1782828232066 0.26137372851371765 4467
1782828232068 0.2652517259120941 4468
1782828232069 0.1807682365179062 4469
1782828232070 0.1702234447002411 4470
1782828232072 0.0208330936729908 4471
1782828232073 0.08531724661588669 4472
1782828232074 0.26985475420951843 4473
1782828232076 0.20311708748340607 4474
1782828232077 0.06462119519710541 4475
1782828232078 0.051482975482940674 4476
1782828232080 0.259583055973053 4477
1782828232081 0.02752447873353958 4478
1782828232082 0.032104507088661194 4479
1782828232083 0.029112473130226135 4480
1782828232085 0.017293749377131462 4481
1782828232086 0.030680730938911438 4482
1782828232087 0.14110234379768372 4483
1782828232089 0.040342070162296295 4484
1782828232090 0.3566678464412689 4485
1782828232091 0.24368837475776672 4486
1782828232093 0.04408964142203331 4487
1782828232094 0.08976297080516815 4488
1782828232095 0.33629193902015686 4489
1782828232097 0.025424769148230553 4490
1782828232098 0.04637879505753517 4491
1782828232099 0.041419241577386856 4492
1782828232101 0.15732471644878387 4493
1782828232102 0.14092175662517548 4494
1782828232103 0.0745023787021637 4495
1782828232105 0.01815364696085453 4496
1782828232106 0.22102338075637817 4497
1782828232107 0.07686125487089157 4498
1782828232109 0.05781365558505058 4499
1782828232110 0.21847344934940338 4500
1782828232111 0.04109245538711548 4501
1782828232112 0.1019258052110672 4502
1782828232114 0.07000253349542618 4503
1782828232115 0.10964325815439224 4504
1782828232116 0.04724542051553726 4505
1782828232118 0.06785854697227478 4506
1782828232119 0.07535668462514877 4507
1782828232120 0.3822329044342041 4508
1782828232122 0.020580442622303963 4509
1782828232123 0.07864448428153992 4510
1782828232124 0.018864594399929047 4511
1782828232126 0.06492456793785095 4512
1782828232127 0.36636584997177124 4513
1782828232128 0.364577054977417 4514
1782828232129 0.10224990546703339 4515
1782828232131 0.22908437252044678 4516
1782828232132 0.031144268810749054 4517
1782828232133 0.013613656163215637 4518
1782828232135 0.11251852661371231 4519
1782828232136 0.029592327773571014 4520
1782828232137 0.0407174676656723 4521
1782828232138 0.02373068779706955 4522
1782828232140 0.023084087297320366 4523
1782828232141 0.036288678646087646 4524
1782828232142 0.04538056626915932 4525
1782828232144 0.041214719414711 4526
1782828232145 0.06724879890680313 4527
1782828232146 0.008298316970467567 4528
1782828232148 0.0196794755756855 4529
1782828232149 0.08861659467220306 4530
1782828232150 0.03380056470632553 4531
1782828232152 0.03881637006998062 4532
1782828232153 0.06990762054920197 4533
1782828232154 0.055534180253744125 4534
1782828232156 0.15982459485530853 4535
1782828232157 0.16125765442848206 4536
1782828232158 0.09374991059303284 4537
1782828232160 0.07097291946411133 4538
1782828232161 0.040104012936353683 4539
1782828232162 0.06896130740642548 4540
1782828232163 0.09170974791049957 4541
1782828232165 0.0341218039393425 4542
1782828232166 0.04529346153140068 4543
1782828232168 0.07526290416717529 4544
1782828232169 0.049069639295339584 4545
1782828232171 0.09225453436374664 4546
1782828232172 0.07441636919975281 4547
1782828232173 0.2415226697921753 4548
1782828232175 0.031004033982753754 4549
1782828232176 0.07579564303159714 4550
1782828232177 0.03164374455809593 4551
1782828232179 0.048071350902318954 4552
1782828232180 0.0013561425730586052 4553
1782828232181 0.2505662441253662 4554
1782828232183 0.011411098763346672 4555
1782828232184 0.0057027824223041534 4556
1782828232185 0.09004797041416168 4557
1782828232187 0.13328099250793457 4558
1782828232188 0.03014279343187809 4559
1782828232189 0.1252869814634323 4560
1782828232191 0.14721418917179108 4561
1782828232192 0.06329881399869919 4562
1782828232193 0.11186596751213074 4563
1782828232195 0.005556121002882719 4564
1782828232196 0.02312386967241764 4565
1782828232197 0.0647951140999794 4566
1782828232199 0.1650351881980896 4567
1782828232200 0.39923515915870667 4568
1782828232201 0.28382155299186707 4569
1782828232203 0.1377757340669632 4570
1782828232204 0.08143915981054306 4571
1782828232205 0.08254291862249374 4572
1782828232207 0.0465594157576561 4573
1782828232208 0.03788958862423897 4574
1782828232209 0.028615828603506088 4575
1782828232211 0.12727798521518707 4576
1782828232212 0.16454161703586578 4577
1782828232213 0.13164930045604706 4578
1782828232214 0.25041335821151733 4579
1782828232216 0.02702435664832592 4580
1782828232217 0.03239450603723526 4581
1782828232218 0.04553293436765671 4582
1782828232220 0.02414962649345398 4583
1782828232221 0.03011275827884674 4584
1782828232222 0.05485045909881592 4585
1782828232224 0.035438451915979385 4586
1782828232225 0.029902733862400055 4587
1782828232226 0.2986913323402405 4588
1782828232228 0.028698178008198738 4589
1782828232229 0.1337996870279312 4590
1782828232230 0.04649288207292557 4591
1782828232232 0.37353911995887756 4592
1782828232233 0.02312241680920124 4593
1782828232234 0.00803021714091301 4594
1782828232235 0.07276938110589981 4595
1782828232237 0.16464607417583466 4596
1782828232238 0.39944952726364136 4597
1782828232239 0.0357937254011631 4598
1782828232241 0.0058441502042114735 4599
1782828232242 0.1320575773715973 4600
1782828232243 0.0464409664273262 4601
1782828232245 0.15112891793251038 4602
1782828232246 0.17752550542354584 4603
1782828232247 0.036173611879348755 4604
1782828232249 0.20558395981788635 4605
1782828232250 0.23609144985675812 4606
1782828232251 0.08007431775331497 4607
1782828232253 0.04574938863515854 4608
1782828232254 0.22190797328948975 4609
1782828232255 0.039603374898433685 4610
1782828232256 0.25511622428894043 4611
1782828232258 0.13199351727962494 4612
1782828232259 0.15821696817874908 4613
1782828232260 0.12884333729743958 4614
1782828232262 0.19897747039794922 4615
1782828232263 0.11421163380146027 4616
1782828232264 0.07506375759840012 4617
1782828232266 0.042158760130405426 4618
1782828232267 0.2027439922094345 4619
1782828232269 0.2054232954978943 4620
1782828232270 0.09832083433866501 4621
1782828232271 0.09600653499364853 4622
1782828232272 0.08606719970703125 4623
1782828232274 0.07203758507966995 4624
1782828232275 0.050061993300914764 4625
1782828232276 0.04663341864943504 4626
1782828232278 0.2035721242427826 4627
1782828232279 0.15692536532878876 4628
1782828232280 0.1305757611989975 4629
1782828232281 0.016933731734752655 4630
1782828232283 0.024708477780222893 4631
1782828232284 0.10482554882764816 4632
1782828232286 0.042396899312734604 4633
1782828232288 0.43486663699150085 4634
1782828232289 0.3517860174179077 4635
1782828232291 0.09360826015472412 4636
1782828232292 0.38204526901245117 4637
1782828232293 0.05276232957839966 4638
1782828232295 0.06598285585641861 4639
1782828232296 0.06817951053380966 4640
1782828232297 0.14559856057167053 4641
1782828232299 0.08097590506076813 4642
1782828232300 0.21278998255729675 4643
1782828232301 0.17793357372283936 4644
1782828232303 0.015241042710840702 4645
1782828232304 0.05087185651063919 4646
1782828232305 0.2381884604692459 4647
1782828232307 0.16751828789710999 4648
1782828232308 0.07000691443681717 4649
1782828232309 0.04460803419351578 4650
1782828232311 0.10412487387657166 4651
1782828232312 0.01474606804549694 4652
1782828232313 0.15241776406764984 4653
1782828232315 0.004936279729008675 4654
1782828232316 0.013142457231879234 4655
1782828232317 0.06478827446699142 4656
1782828232319 0.26035353541374207 4657
1782828232320 0.15729691088199615 4658
1782828232321 0.09185189753770828 4659
1782828232323 0.04457804933190346 4660
1782828232324 0.09262195974588394 4661
1782828232325 0.032873790711164474 4662
1782828232327 0.16099295020103455 4663
1782828232328 0.1116601750254631 4664
1782828232329 0.04328644275665283 4665
1782828232331 0.10945505648851395 4666
1782828232332 0.09909331053495407 4667
1782828232333 0.23938237130641937 4668
1782828232335 0.19915318489074707 4669
1782828232336 0.11004328727722168 4670
1782828232337 0.02551870420575142 4671
1782828232338 0.03189651668071747 4672
1782828232340 0.21768693625926971 4673
1782828232341 0.070896677672863 4674
1782828232342 0.03685016185045242 4675
1782828232344 0.1469874382019043 4676
1782828232345 0.008784441277384758 4677
1782828232347 0.14719852805137634 4678
1782828232348 0.042530741542577744 4679
1782828232349 0.2872316837310791 4680
1782828232351 0.8155965805053711 4681
1782828232352 0.051019337028265 4682
1782828232353 0.044181451201438904 4683
1782828232354 0.06271679699420929 4684
1782828232356 0.03952765092253685 4685
1782828232357 0.04064255580306053 4686
1782828232358 0.011252899654209614 4687
1782828232360 0.03525523841381073 4688
1782828232361 0.10229254513978958 4689
1782828232362 0.022390805184841156 4690
1782828232364 0.003527197055518627 4691
1782828232365 0.20512284338474274 4692
1782828232367 0.19500194489955902 4693
1782828232368 0.335261732339859 4694
1782828232369 0.07371927052736282 4695
1782828232371 0.03397930786013603 4696
1782828232372 0.013954860158264637 4697
1782828232373 0.02406373620033264 4698
1782828232375 0.24402663111686707 4699
1782828232376 0.03100183606147766 4700
1782828232377 0.1741226762533188 4701
1782828232379 0.06700830161571503 4702
1782828232380 0.14524070918560028 4703
1782828232381 0.10043807327747345 4704
1782828232383 0.17685076594352722 4705
1782828232384 0.15146633982658386 4706
1782828232385 0.17143504321575165 4707
1782828232387 0.09742778539657593 4708
1782828232388 0.21857857704162598 4709
1782828232389 0.04271378368139267 4710
1782828232390 0.13817399740219116 4711
1782828232392 0.23583881556987762 4712
1782828232393 0.15693575143814087 4713
1782828232394 0.00951828621327877 4714
1782828232396 0.2509613037109375 4715
1782828232397 0.12523026764392853 4716
1782828232398 0.0686083436012268 4717
1782828232400 0.15025116503238678 4718
1782828232401 0.05807499587535858 4719
1782828232402 0.22693441808223724 4720
1782828232404 0.0845704898238182 4721
1782828232405 0.030170254409313202 4722
1782828232406 0.11832553893327713 4723
1782828232408 0.434535413980484 4724
1782828232409 0.024355076253414154 4725
1782828232410 0.016788681969046593 4726
1782828232412 0.08281955122947693 4727
1782828232413 0.2254103422164917 4728
1782828232414 0.13781236112117767 4729
1782828232415 0.07904558628797531 4730
1782828232417 0.021099712699651718 4731
1782828232418 0.052131447941064835 4732
1782828232419 0.03539717569947243 4733
1782828232421 0.08417312800884247 4734
1782828232422 0.0433075986802578 4735
1782828232423 0.09397207945585251 4736
1782828232425 0.408956915140152 4737
1782828232426 0.16689014434814453 4738
1782828232427 0.07834412157535553 4739
1782828232429 0.058200202882289886 4740
1782828232430 0.05861207842826843 4741
1782828232431 0.2581459581851959 4742
1782828232433 0.2412208467721939 4743
1782828232434 0.00902077928185463 4744
1782828232435 0.017240198329091072 4745
1782828232437 0.05888622999191284 4746
1782828232438 0.056168992072343826 4747
1782828232439 0.3462897837162018 4748
1782828232441 0.01115109957754612 4749
1782828232442 0.16274644434452057 4750
1782828232443 0.14367932081222534 4751
1782828232445 0.06802147626876831 4752
1782828232446 0.13668231666088104 4753
1782828232447 0.22542241215705872 4754
1782828232449 0.13509348034858704 4755
1782828232450 0.01179557479918003 4756
1782828232451 0.05658600106835365 4757
1782828232452 0.07971597462892532 4758
1782828232454 0.4299962818622589 4759
1782828232455 0.028520263731479645 4760
1782828232456 0.1999720335006714 4761
1782828232458 0.1641240268945694 4762
1782828232459 0.01159854419529438 4763
1782828232460 0.32975155115127563 4764
1782828232462 0.09615698456764221 4765
1782828232463 0.10608794540166855 4766
1782828232464 0.20338010787963867 4767
1782828232466 0.05845503881573677 4768
1782828232467 0.08007358014583588 4769
1782828232468 0.0489814318716526 4770
1782828232470 0.045996952801942825 4771
1782828232471 0.09549866616725922 4772
1782828232472 0.07334642112255096 4773
1782828232474 0.02776685729622841 4774
1782828232475 0.2967594265937805 4775
1782828232476 0.06806377321481705 4776
1782828232477 0.07236070930957794 4777
1782828232479 0.171433687210083 4778
1782828232480 0.03385607898235321 4779
1782828232481 0.09897905588150024 4780
1782828232483 0.22583532333374023 4781
1782828232484 0.015503664501011372 4782
1782828232485 0.07566257566213608 4783
1782828232487 0.012698267586529255 4784
1782828232488 0.0711350366473198 4785
1782828232489 0.03704278543591499 4786
1782828232490 0.05643931403756142 4787
1782828232492 0.3267423212528229 4788
1782828232493 0.08106648921966553 4789
1782828232494 0.01495642401278019 4790
1782828232496 0.08122461289167404 4791
1782828232497 0.02315584570169449 4792
1782828232498 0.02457728236913681 4793
1782828232500 0.033273037523031235 4794
1782828232501 0.013980861753225327 4795
1782828232502 0.004524040501564741 4796
1782828232504 0.15482114255428314 4797
1782828232505 0.015600736252963543 4798
1782828232506 0.15038694441318512 4799
1782828232508 0.10855699330568314 4800
1782828232509 0.2233177125453949 4801
1782828232510 0.23410148918628693 4802
1782828232512 0.14383898675441742 4803
1782828232513 0.05200709402561188 4804
1782828232514 0.01736435852944851 4805
1782828232516 0.06265183538198471 4806
1782828232517 0.019469983875751495 4807
1782828232518 0.0327795073390007 4808
1782828232520 0.005993578117340803 4809
1782828232521 0.052314694970846176 4810
1782828232522 0.0735015794634819 4811
1782828232524 0.06789861619472504 4812
1782828232525 0.008905904367566109 4813
1782828232526 0.017989307641983032 4814
1782828232528 0.16161444783210754 4815
1782828232529 0.3113720417022705 4816
1782828232530 0.07125859707593918 4817
1782828232532 0.06119454279541969 4818
1782828232533 0.02138471230864525 4819
1782828232534 0.025058725848793983 4820
1782828232536 0.10950223356485367 4821
1782828232537 0.07677557319402695 4822
1782828232538 0.11095964908599854 4823
1782828232540 0.048385895788669586 4824
1782828232541 0.30486860871315 4825
1782828232543 0.03751261904835701 4826
1782828232544 0.01921030506491661 4827
1782828232546 0.10687922686338425 4828
1782828232547 0.1275322437286377 4829
1782828232548 0.012876234017312527 4830
1782828232549 0.011183870024979115 4831
1782828232550 0.05741583928465843 4832
1782828232552 0.11303605884313583 4833
1782828232553 0.1327977329492569 4834
1782828232554 0.05733874812722206 4835
1782828232556 0.31751492619514465 4836
1782828232557 0.0361274853348732 4837
1782828232558 0.10200528800487518 4838
1782828232559 0.1223120391368866 4839
1782828232561 0.08046280592679977 4840
1782828232562 0.5403752326965332 4841
1782828232563 0.026692377403378487 4842
1782828232565 0.13565672934055328 4843
1782828232566 0.17727892100811005 4844
1782828232567 0.03236036375164986 4845
1782828232569 0.03278866410255432 4846
1782828232570 0.07026657462120056 4847
1782828232571 0.0109460623934865 4848
1782828232573 0.15509118139743805 4849
1782828232574 0.07888304442167282 4850
1782828232575 0.045201048254966736 4851
1782828232577 0.014365761540830135 4852
1782828232578 0.21472112834453583 4853
1782828232579 0.0689748227596283 4854
1782828232581 0.03480327129364014 4855
1782828232582 0.12720099091529846 4856
1782828232583 0.0623152032494545 4857
1782828232584 0.017842834815382957 4858
1782828232586 0.03418957069516182 4859
1782828232587 0.062105171382427216 4860
1782828232588 0.04616735875606537 4861
1782828232590 0.08209337294101715 4862
1782828232591 0.10934406518936157 4863
1782828232593 0.11169668287038803 4864
1782828232595 0.01662679761648178 4865
1782828232597 0.16094925999641418 4866
1782828232598 0.04418915882706642 4867
1782828232599 0.04564546421170235 4868
1782828232601 0.03848734870553017 4869
1782828232602 0.14456865191459656 4870
1782828232603 0.3178420066833496 4871
1782828232605 0.06155402213335037 4872
1782828232606 0.10979694873094559 4873
1782828232608 0.031275615096092224 4874
1782828232609 0.022703904658555984 4875
1782828232610 0.08668430149555206 4876
1782828232612 0.02640574797987938 4877
1782828232613 0.04194558039307594 4878
1782828232614 0.004531417973339558 4879
1782828232615 0.04809720441699028 4880
1782828232617 0.011029889807105064 4881
1782828232618 0.03289513289928436 4882
1782828232619 0.03535153716802597 4883
1782828232621 0.1660354882478714 4884
1782828232622 0.13689547777175903 4885
1782828232623 0.265469491481781 4886
1782828232625 0.0195405725389719 4887
1782828232626 0.08827141672372818 4888
1782828232627 0.015435469336807728 4889
1782828232629 0.1474083662033081 4890
1782828232630 0.12144216895103455 4891
1782828232631 0.0040551843121647835 4892
1782828232633 0.1044621467590332 4893
1782828232634 0.005478933919221163 4894
1782828232635 0.1161305159330368 4895
1782828232637 0.2117522954940796 4896
1782828232638 0.0045240819454193115 4897
1782828232639 0.012006383389234543 4898
1782828232640 0.17754779756069183 4899
1782828232642 0.2359900176525116 4900
1782828232643 0.13626812398433685 4901
1782828232644 0.09146644920110703 4902
1782828232646 0.024000708013772964 4903
1782828232647 0.19559605419635773 4904
1782828232648 0.06758632510900497 4905
1782828232650 0.29549264907836914 4906
1782828232651 0.13781674206256866 4907
1782828232652 0.0867912694811821 4908
1782828232654 0.2551414668560028 4909
1782828232655 0.08280768990516663 4910
1782828232656 0.0462452732026577 4911
1782828232658 0.0624559186398983 4912
1782828232659 0.0532853938639164 4913
1782828232660 0.20657505095005035 4914
1782828232662 0.1264435052871704 4915
1782828232663 0.1285635530948639 4916
1782828232664 0.024874454364180565 4917
1782828232665 0.0445847250521183 4918
1782828232667 0.288124144077301 4919
1782828232668 0.04196036234498024 4920
1782828232670 0.11139136552810669 4921
1782828232671 0.3707672357559204 4922
1782828232672 0.49056145548820496 4923
1782828232673 0.017147285863757133 4924
1782828232675 0.031503040343523026 4925
1782828232676 0.051591888070106506 4926
1782828232677 0.06556042283773422 4927
1782828232679 0.09631363302469254 4928
1782828232680 0.04284500330686569 4929
1782828232681 0.11171608418226242 4930
1782828232683 0.1183767020702362 4931
1782828232684 0.11072177439928055 4932
1782828232685 0.0276340264827013 4933
1782828232687 0.10945381224155426 4934
1782828232688 0.019324306398630142 4935
1782828232689 0.09989926964044571 4936
1782828232691 0.16943557560443878 4937
1782828232692 0.09554561972618103 4938
1782828232693 0.0694250836968422 4939
1782828232694 0.0634445771574974 4940
1782828232696 0.5828749537467957 4941
1782828232697 0.16872285306453705 4942
1782828232699 0.05802244320511818 4943
1782828232700 0.2754373550415039 4944
1782828232701 0.05838972330093384 4945
1782828232702 0.19262751936912537 4946
1782828232704 0.056015606969594955 4947
1782828232705 0.032515525817871094 4948
1782828232706 0.2206568419933319 4949
1782828232708 0.022002212703227997 4950
1782828232709 0.010598480701446533 4951
1782828232710 0.06497097760438919 4952
1782828232712 0.17482465505599976 4953
1782828232713 0.23585602641105652 4954
1782828232714 0.06001918390393257 4955
1782828232716 0.11593993753194809 4956
1782828232717 0.0337495356798172 4957
1782828232718 0.002954506315290928 4958
1782828232719 0.020613985136151314 4959
1782828232721 0.007324399892240763 4960
1782828232722 0.045327600091695786 4961
1782828232723 0.08587487041950226 4962
1782828232725 0.010401049628853798 4963
1782828232726 0.18752430379390717 4964
1782828232727 0.10703448206186295 4965
1782828232729 0.40950968861579895 4966
1782828232730 0.061045486479997635 4967
1782828232731 0.12277544289827347 4968
1782828232732 0.05173346400260925 4969
1782828232734 0.07301080971956253 4970
1782828232735 0.035986244678497314 4971
1782828232736 0.0933484137058258 4972
1782828232738 0.1693050116300583 4973
1782828232739 0.007635843940079212 4974
1782828232740 0.034568291157484055 4975
1782828232742 0.08337769657373428 4976
1782828232743 0.8427000641822815 4977
1782828232744 0.247716024518013 4978
1782828232746 0.08386367559432983 4979
1782828232747 0.012983120046555996 4980
1782828232748 0.015866730362176895 4981
1782828232749 0.2660239040851593 4982
1782828232751 0.06785160303115845 4983
1782828232752 0.10344471037387848 4984
1782828232753 0.09682051837444305 4985
1782828232755 0.03587250038981438 4986
1782828232756 0.04238103702664375 4987
1782828232757 0.17823627591133118 4988
1782828232758 0.17313863337039948 4989
1782828232760 0.15611979365348816 4990
1782828232761 0.17903676629066467 4991
1782828232762 0.07912902534008026 4992
1782828232764 0.03214699402451515 4993
1782828232765 0.01872449740767479 4994
1782828232766 0.04723528027534485 4995
1782828232768 0.37277552485466003 4996
1782828232770 0.02194899134337902 4997
1782828232772 0.12494034320116043 4998
1782828232773 0.09813649207353592 4999
1782828232774 0.06388898938894272 5000
1782828232776 0.14016517996788025 5001
1782828232777 0.06006666645407677 5002
1782828232778 0.03352387994527817 5003
1782828232779 0.008248601108789444 5004
1782828232781 0.23696772754192352 5005
1782828232782 0.03396046161651611 5006
1782828232783 0.05612123757600784 5007
1782828232785 0.14366674423217773 5008
1782828232786 0.006699589546769857 5009
1782828232787 0.07586327195167542 5010
1782828232788 0.07666262239217758 5011
1782828232790 0.09931033104658127 5012
1782828232791 0.09970949590206146 5013
1782828232792 0.10464242845773697 5014
1782828232794 0.1415453851222992 5015
1782828232795 0.028458990156650543 5016
1782828232796 0.13207681477069855 5017
1782828232798 0.27022379636764526 5018
1782828232799 0.1727095991373062 5019
1782828232800 0.10622488707304001 5020
1782828232801 0.11028314381837845 5021
1782828232803 0.014643823727965355 5022
1782828232804 0.040294844657182693 5023
1782828232805 0.05228765681385994 5024
1782828232807 0.27700161933898926 5025
1782828232808 0.0501088909804821 5026
1782828232809 0.06639602035284042 5027
1782828232811 0.05238582193851471 5028
1782828232812 0.02157183177769184 5029
1782828232813 0.05925261229276657 5030
1782828232814 0.004904488567262888 5031
1782828232816 0.09019318968057632 5032
1782828232817 0.022903313860297203 5033
1782828232818 0.1254669576883316 5034
1782828232820 0.040046196430921555 5035
1782828232821 0.09106432646512985 5036
1782828232822 0.0047338553704321384 5037
1782828232824 0.037791695445775986 5038
1782828232825 0.1442342847585678 5039
1782828232826 0.013457250781357288 5040
1782828232828 0.028565682470798492 5041
1782828232829 0.044157929718494415 5042
1782828232830 0.07305826246738434 5043
1782828232831 0.04285163804888725 5044
1782828232833 0.08645270019769669 5045
1782828232834 0.12666451930999756 5046
1782828232835 0.400332510471344 5047
1782828232837 0.04681934788823128 5048
1782828232838 0.06309905648231506 5049
1782828232839 0.01020784117281437 5050
1782828232841 0.008389869704842567 5051
1782828232842 0.07636521756649017 5052
1782828232843 0.21882253885269165 5053
1782828232845 0.04633419215679169 5054
1782828232846 0.24123089015483856 5055
1782828232847 0.1927887201309204 5056
1782828232849 0.038492169231176376 5057
1782828232850 0.010213340632617474 5058
1782828232851 0.05125432461500168 5059
1782828232852 0.12621021270751953 5060
1782828232854 0.022739583626389503 5061
1782828232855 0.12684859335422516 5062
1782828232857 0.20044603943824768 5063
1782828232858 0.039127569645643234 5064
1782828232860 0.049146153032779694 5065
1782828232861 0.03821209818124771 5066
1782828232863 0.03189634531736374 5067
1782828232864 0.006918375845998526 5068
1782828232866 0.08539556711912155 5069
1782828232868 0.11775855720043182 5070
1782828232869 0.0745556578040123 5071
1782828232871 0.2541136145591736 5072
1782828232872 0.0491148866713047 5073
1782828232873 0.02462661825120449 5074
1782828232875 0.07989786565303802 5075
1782828232876 0.01691257208585739 5076
1782828232877 0.022977590560913086 5077
1782828232878 0.008865281008183956 5078
1782828232880 0.05076003447175026 5079
1782828232881 0.4028772711753845 5080
1782828232882 0.03481602668762207 5081
1782828232884 0.20067012310028076 5082
1782828232885 0.026608344167470932 5083
1782828232887 0.02070148102939129 5084
1782828232888 0.012657465413212776 5085
1782828232889 0.09190614521503448 5086
1782828232891 0.020013129338622093 5087
1782828232892 0.13605225086212158 5088
1782828232894 0.05866768956184387 5089
1782828232895 0.10768353939056396 5090
1782828232896 0.04951747879385948 5091
1782828232898 0.16321414709091187 5092
1782828232899 0.030794231221079826 5093
1782828232900 0.09489760547876358 5094
1782828232902 0.04251054674386978 5095
1782828232903 0.0736745074391365 5096
1782828232904 0.33094415068626404 5097
1782828232906 0.12846937775611877 5098
1782828232907 0.0540284626185894 5099
1782828232909 0.07619047164916992 5100
1782828232910 0.048714686185121536 5101
1782828232911 0.09832316637039185 5102
1782828232912 0.022672904655337334 5103
1782828232914 0.049245357513427734 5104
1782828232915 0.23536500334739685 5105
1782828232916 0.033570267260074615 5106
1782828232918 0.00870366021990776 5107
1782828232919 0.04598423093557358 5108
1782828232921 0.022112391889095306 5109
1782828232922 0.01823815517127514 5110
1782828232923 0.18844053149223328 5111
1782828232925 0.011999002657830715 5112
1782828232926 0.007699045352637768 5113
1782828232927 0.04304596409201622 5114
1782828232929 0.14906597137451172 5115
1782828232930 0.03598969057202339 5116
1782828232932 0.02406265400350094 5117
1782828232933 0.02920166589319706 5118
1782828232935 0.07506781071424484 5119
1782828232936 0.077374167740345 5120
1782828232937 0.24914109706878662 5121
1782828232939 0.15465663373470306 5122
1782828232940 0.08180752396583557 5123
1782828232941 0.13355329632759094 5124
1782828232942 0.006801411509513855 5125
1782828232944 0.010854816995561123 5126
1782828232945 0.029022280126810074 5127
1782828232947 0.11637523025274277 5128
1782828232948 0.021508391946554184 5129
1782828232949 0.062367577105760574 5130
1782828232951 0.0639125257730484 5131
1782828232952 0.1187363937497139 5132
1782828232953 0.196435809135437 5133
1782828232954 0.2549288272857666 5134
1782828232956 0.02790050022304058 5135
1782828232957 0.027606431394815445 5136
1782828232958 0.04395797848701477 5137
1782828232960 0.15704971551895142 5138
1782828232961 0.005600549280643463 5139
1782828232962 0.14389191567897797 5140
1782828232964 0.08751924335956573 5141
1782828232965 0.14002802968025208 5142
1782828232966 0.2132752388715744 5143
1782828232968 0.06655524671077728 5144
1782828232970 0.08508574962615967 5145
1782828232972 0.033396054059267044 5146
1782828232974 0.1463470160961151 5147
1782828232975 0.10503652691841125 5148
1782828232976 0.03870350122451782 5149
1782828232978 0.14776138961315155 5150
1782828232979 0.02541036531329155 5151
1782828232980 0.05666163191199303 5152
1782828232982 0.1412164270877838 5153
1782828232983 0.0012349390890449286 5154
1782828232985 0.12816646695137024 5155
1782828232986 0.1487543284893036 5156
1782828232987 0.14100579917430878 5157
1782828232989 0.04229269549250603 5158
1782828232990 0.19053654372692108 5159
1782828232991 0.37145641446113586 5160
1782828232993 0.18952442705631256 5161
1782828232994 0.05213551223278046 5162
1782828232995 0.02534104511141777 5163
1782828232997 0.08747570961713791 5164
1782828232998 0.03251500055193901 5165
1782828232999 0.10084394365549088 5166
1782828233001 0.05982949212193489 5167
1782828233002 0.10642202943563461 5168
1782828233003 0.14557157456874847 5169
1782828233005 0.22566652297973633 5170
1782828233006 0.062337566167116165 5171
1782828233007 0.05685258284211159 5172
1782828233009 0.006401699502021074 5173
1782828233010 0.10721723735332489 5174
1782828233011 0.11866860836744308 5175
1782828233013 0.11950935423374176 5176
1782828233014 0.016900427639484406 5177
1782828233015 0.10840761661529541 5178
1782828233016 0.1006610244512558 5179
1782828233018 0.06547084450721741 5180
1782828233019 0.021411985158920288 5181
1782828233020 0.20251338183879852 5182
1782828233022 0.025032788515090942 5183
1782828233023 0.10821297764778137 5184
1782828233024 0.09651827812194824 5185
1782828233026 0.009991135448217392 5186
1782828233027 0.08760269731283188 5187
1782828233028 0.028608394786715508 5188
1782828233030 0.02900051511824131 5189
1782828233031 0.08909979462623596 5190
1782828233032 0.23081938922405243 5191
1782828233034 0.13791359961032867 5192
1782828233035 0.01720934547483921 5193
1782828233036 0.07615865767002106 5194
1782828233038 0.13606083393096924 5195
1782828233039 0.034636277705430984 5196
1782828233040 0.043978188186883926 5197
1782828233042 0.10180521756410599 5198
1782828233043 0.1813102662563324 5199
1782828233044 0.20667150616645813 5200
1782828233045 0.1929617077112198 5201
1782828233047 0.03441152349114418 5202
1782828233048 0.2716812193393707 5203
1782828233049 0.25120165944099426 5204
1782828233051 0.22030897438526154 5205
1782828233052 0.07142478227615356 5206
1782828233053 0.1027039885520935 5207
1782828233055 0.006928338669240475 5208
1782828233056 0.2358473688364029 5209
1782828233057 0.1478903889656067 5210
1782828233058 0.23563291132450104 5211
1782828233060 0.4176553785800934 5212
1782828233061 0.10127976536750793 5213
1782828233062 0.011120012030005455 5214
1782828233064 0.29228106141090393 5215
1782828233065 0.12710978090763092 5216
1782828233066 0.11542749404907227 5217
1782828233068 0.030933111906051636 5218
1782828233069 0.08777357637882233 5219
1782828233071 0.13041260838508606 5220
1782828233072 0.032743096351623535 5221
1782828233073 0.13069653511047363 5222
1782828233074 0.007325677666813135 5223
1782828233076 0.10928096622228622 5224
1782828233077 0.1660667508840561 5225
1782828233078 0.2358679473400116 5226
1782828233080 0.020856626331806183 5227
1782828233081 0.032997459173202515 5228
1782828233082 0.018660740926861763 5229
1782828233084 0.19177745282649994 5230
1782828233085 0.03364605829119682 5231
1782828233086 0.09156714379787445 5232
1782828233087 0.05705379694700241 5233
1782828233089 0.09091456234455109 5234
1782828233090 0.030401986092329025 5235
1782828233091 0.012327626347541809 5236
1782828233093 0.0711006224155426 5237
1782828233094 0.356283038854599 5238
1782828233095 0.14013934135437012 5239
1782828233096 0.3928309381008148 5240
1782828233098 0.033641666173934937 5241
1782828233099 0.13526879251003265 5242
1782828233100 0.00666608102619648 5243
1782828233102 0.2191750854253769 5244
1782828233103 0.06043458357453346 5245
1782828233104 0.005767235532402992 5246
1782828233106 0.3127985894680023 5247
1782828233107 0.1692504733800888 5248
1782828233108 0.2556387186050415 5249
1782828233109 0.02425878308713436 5250
1782828233111 0.013116258196532726 5251
1782828233112 0.008627474308013916 5252
1782828233113 0.16948547959327698 5253
1782828233115 0.06857267022132874 5254
1782828233116 0.040019549429416656 5255
1782828233117 0.0675911009311676 5256
1782828233119 0.18713457882404327 5257
1782828233120 0.02705361507833004 5258
1782828233121 0.07551654428243637 5259
1782828233122 0.23160523176193237 5260
1782828233124 0.022834107279777527 5261
1782828233125 0.07743729650974274 5262
1782828233126 0.03642646595835686 5263
1782828233128 0.009617622010409832 5264
1782828233129 0.3352082669734955 5265
1782828233130 0.0036261931527405977 5266
1782828233131 0.021892886608839035 5267
1782828233133 0.07699748873710632 5268
1782828233134 0.05583938956260681 5269
1782828233135 0.009616434574127197 5270
1782828233137 0.2542797029018402 5271
1782828233138 0.011032871901988983 5272
1782828233139 0.14471416175365448 5273
1782828233141 0.18532560765743256 5274
1782828233142 0.04266544058918953 5275
1782828233143 0.05821090191602707 5276
1782828233144 0.09057173877954483 5277
1782828233146 0.24642053246498108 5278
1782828233147 0.012686226516962051 5279
1782828233148 0.24770694971084595 5280
1782828233150 0.0857468992471695 5281
1782828233151 0.005495656747370958 5282
1782828233152 0.0373421274125576 5283
1782828233154 0.0027739200741052628 5284
1782828233155 0.10524572432041168 5285
1782828233156 0.09293228387832642 5286
1782828233158 0.024750951677560806 5287
1782828233159 0.03431900590658188 5288
1782828233160 0.006802711635828018 5289
1782828233161 0.08989138901233673 5290
1782828233163 0.015378862619400024 5291
1782828233164 0.010168579407036304 5292
1782828233165 0.04713530093431473 5293
1782828233167 0.12853080034255981 5294
1782828233171 0.21492578089237213 5295
1782828233173 0.0915294662117958 5296
1782828233174 0.004888184368610382 5297
1782828233175 0.07195312529802322 5298
1782828233177 0.18944717943668365 5299
1782828233178 0.06643912941217422 5300
1782828233180 0.27000775933265686 5301
1782828233181 0.0525088869035244 5302
1782828233182 0.017685962840914726 5303
1782828233184 0.00956188514828682 5304
1782828233185 0.06197304278612137 5305
1782828233186 0.16594189405441284 5306
1782828233188 0.24394230544567108 5307
1782828233189 0.015040572732686996 5308
1782828233190 0.09786230325698853 5309
1782828233192 0.29026031494140625 5310
1782828233193 0.055900733917951584 5311
1782828233194 0.017557978630065918 5312
1782828233196 0.011339069344103336 5313
1782828233197 0.18636208772659302 5314
1782828233198 0.07705488801002502 5315
1782828233200 0.028125405311584473 5316
1782828233201 0.0019774436950683594 5317
1782828233202 0.007372602820396423 5318
1782828233204 0.39518284797668457 5319
1782828233205 0.007066414691507816 5320
1782828233206 0.05963115394115448 5321
1782828233208 0.19927369058132172 5322
1782828233209 0.09042083472013474 5323
1782828233210 0.00766480527818203 5324
1782828233212 0.014171075075864792 5325
1782828233213 0.11250843107700348 5326
1782828233214 0.4517241418361664 5327
1782828233216 0.300870418548584 5328
1782828233217 0.08272390067577362 5329
1782828233218 0.116366907954216 5330
1782828233220 0.05265754461288452 5331
1782828233221 0.0402555912733078 5332
1782828233222 0.1607590913772583 5333
1782828233224 0.05785457789897919 5334
1782828233225 0.16771741211414337 5335
1782828233226 0.07562264055013657 5336
1782828233228 0.020724529400467873 5337
1782828233229 0.019849030300974846 5338
1782828233230 0.07127055525779724 5339
1782828233232 0.33517706394195557 5340
1782828233233 0.02898244559764862 5341
1782828233234 0.04070163890719414 5342
1782828233236 0.07487483322620392 5343
1782828233237 0.01079022977501154 5344
1782828233238 0.06505012512207031 5345
1782828233240 0.11075064539909363 5346
1782828233241 0.08190646022558212 5347
1782828233242 0.07915075868368149 5348
1782828233243 0.07999862730503082 5349
1782828233245 0.21842367947101593 5350
1782828233246 0.21009552478790283 5351
1782828233248 0.05475766956806183 5352
1782828233249 0.15250328183174133 5353
1782828233251 0.28071311116218567 5354
1782828233252 0.06137273833155632 5355
1782828233253 0.022437836974859238 5356
1782828233255 0.1373218446969986 5357
1782828233256 0.1281590312719345 5358
1782828233257 0.10501354187726974 5359
1782828233259 0.08804531395435333 5360
1782828233260 0.05632994323968887 5361
1782828233261 0.12935087084770203 5362
1782828233263 0.32114657759666443 5363
1782828233266 0.12573100626468658 5364
1782828233267 0.12598395347595215 5365
1782828233269 0.17373859882354736 5366
1782828233270 0.01896624080836773 5367
1782828233271 0.4005235731601715 5368
1782828233273 0.2017815113067627 5369
1782828233274 0.10428689420223236 5370
1782828233275 0.3931284248828888 5371
1782828233277 0.0087217316031456 5372
1782828233278 0.007259639911353588 5373
1782828233279 0.011686508543789387 5374
1782828233281 0.194736510515213 5375
1782828233282 0.010111521929502487 5376
1782828233283 0.4172554910182953 5377
1782828233285 0.30980727076530457 5378
1782828233286 0.16778339445590973 5379
1782828233287 0.050820037722587585 5380
1782828233289 0.04312348738312721 5381
1782828233290 0.07369259744882584 5382
1782828233291 0.070318304002285 5383
1782828233293 0.01334531418979168 5384
1782828233294 0.09089674800634384 5385
1782828233295 0.17865926027297974 5386
1782828233297 0.16004198789596558 5387
1782828233298 0.03425297886133194 5388
1782828233299 0.21513116359710693 5389
1782828233300 0.09446151554584503 5390
1782828233302 0.15524834394454956 5391
1782828233303 0.02891961671411991 5392
1782828233304 0.1121203750371933 5393
1782828233306 0.017968833446502686 5394
1782828233307 0.01669497601687908 5395
1782828233308 0.2278081178665161 5396
1782828233310 0.006280418019741774 5397
1782828233311 0.14633314311504364 5398
1782828233312 0.0597568042576313 5399
1782828233314 0.18541163206100464 5400
1782828233315 0.24103903770446777 5401
1782828233316 0.22071774303913116 5402
1782828233317 0.07395363599061966 5403
1782828233319 0.04941270500421524 5404
1782828233320 0.333429753780365 5405
1782828233321 0.1200907975435257 5406
1782828233323 0.23541507124900818 5407
1782828233324 0.12653985619544983 5408
1782828233325 0.08693000674247742 5409
1782828233327 0.2822762727737427 5410
1782828233328 0.20216117799282074 5411
1782828233329 0.11844484508037567 5412
1782828233331 0.0069849686697125435 5413
1782828233332 0.24650365114212036 5414
1782828233333 0.014783837832510471 5415
1782828233335 0.07714539766311646 5416
1782828233336 0.0825386568903923 5417
1782828233337 0.1125820055603981 5418
1782828233338 0.03630543872714043 5419
1782828233340 0.036772143095731735 5420
1782828233341 0.02491053007543087 5421
1782828233342 0.006256261374801397 5422
1782828233344 0.06942658126354218 5423
1782828233345 0.09791608899831772 5424
1782828233346 0.07982105761766434 5425
1782828233348 0.19827115535736084 5426
1782828233349 0.21493332087993622 5427
1782828233350 0.02142057754099369 5428
1782828233352 0.018359070643782616 5429
1782828233353 0.1862853765487671 5430
1782828233354 0.09917207062244415 5431
1782828233355 0.2850927710533142 5432
1782828233357 0.24334020912647247 5433
1782828233358 0.07299208641052246 5434
1782828233359 0.4877292513847351 5435
1782828233361 0.0443292036652565 5436
1782828233362 0.2236764281988144 5437
1782828233364 0.11904879659414291 5438
1782828233365 0.2019309401512146 5439
1782828233366 0.06952381134033203 5440
1782828233368 0.06566879153251648 5441
1782828233369 0.08162815868854523 5442
1782828233370 0.0683203712105751 5443
1782828233372 0.093353271484375 5444
1782828233373 0.2572888731956482 5445
1782828233374 0.025264976546168327 5446
1782828233376 0.10389067232608795 5447
1782828233377 0.1404033899307251 5448
1782828233378 0.07713527977466583 5449
1782828233380 0.18979495763778687 5450
1782828233381 0.03467930853366852 5451
1782828233382 0.1324647068977356 5452
1782828233384 0.041106440126895905 5453
1782828233385 0.04461716488003731 5454
1782828233387 0.21084736287593842 5455
1782828233388 0.01926841400563717 5456
1782828233389 0.343505322933197 5457
1782828233391 0.28466758131980896 5458
1782828233392 0.04297971725463867 5459
1782828233393 0.009790175594389439 5460
1782828233395 0.04304631054401398 5461
1782828233396 0.07107814401388168 5462
1782828233398 0.13518890738487244 5463
1782828233399 0.016728784888982773 5464
1782828233400 0.039611928164958954 5465
1782828233402 0.06114739924669266 5466
1782828233403 0.014018088579177856 5467
1782828233405 0.12800638377666473 5468
1782828233406 0.033638205379247665 5469
1782828233407 0.05854460224509239 5470
1782828233409 0.14273662865161896 5471
1782828233410 0.04245791211724281 5472
1782828233412 0.045857984572649 5473
1782828233413 0.016021722927689552 5474
1782828233414 0.10521683096885681 5475
1782828233416 0.009834951721131802 5476
1782828233417 0.011479616165161133 5477
1782828233419 0.01043795607984066 5478
1782828233420 0.08050675690174103 5479
1782828233422 0.28044408559799194 5480
1782828233423 0.11856101453304291 5481
1782828233424 0.3156757056713104 5482
1782828233426 0.11982084065675735 5483
1782828233427 0.051620714366436005 5484
1782828233429 0.056569572538137436 5485
1782828233430 0.020472031086683273 5486
1782828233431 0.019328448921442032 5487
1782828233433 0.04121413826942444 5488
1782828233434 0.1486148089170456 5489
1782828233436 0.018189717084169388 5490
1782828233437 0.10720325261354446 5491
1782828233438 0.09268545359373093 5492
1782828233440 0.06775832176208496 5493
1782828233441 0.15069186687469482 5494
1782828233443 0.012803236022591591 5495
1782828233444 0.018448729068040848 5496
1782828233445 0.0653841644525528 5497
1782828233447 0.0945892333984375 5498
1782828233448 0.030840041115880013 5499
1782828233450 0.010711368173360825 5500
1782828233451 0.2332681566476822 5501
1782828233452 0.09537215530872345 5502
1782828233454 0.03866558521986008 5503
1782828233455 0.1652430146932602 5504
1782828233457 0.010587140917778015 5505
1782828233458 0.16546182334423065 5506
1782828233460 0.11731041222810745 5507
1782828233461 0.11215459555387497 5508
1782828233463 0.09122240543365479 5509
1782828233464 0.0330621711909771 5510
1782828233466 0.34017494320869446 5511
1782828233468 0.1070641577243805 5512
1782828233469 0.012807630933821201 5513
1782828233471 0.13916997611522675 5514
1782828233472 0.03922194615006447 5515
1782828233474 0.00807612482458353 5516
1782828233475 0.04905755817890167 5517
1782828233477 0.014386222697794437 5518
1782828233478 0.01023670844733715 5519
1782828233480 0.08038192987442017 5520
1782828233481 0.005718523170799017 5521
1782828233483 0.005048487335443497 5522
1782828233485 0.15957032144069672 5523
1782828233486 0.3811687231063843 5524
1782828233488 0.09380202740430832 5525
1782828233489 0.017334049567580223 5526
1782828233491 0.04657817259430885 5527
1782828233492 0.41597652435302734 5528
1782828233494 0.40125229954719543 5529
1782828233495 0.20534737408161163 5530
1782828233497 0.07571589201688766 5531
1782828233498 0.032469362020492554 5532
1782828233500 0.15058133006095886 5533
1782828233501 0.08887004852294922 5534
1782828233503 0.15693067014217377 5535
1782828233504 0.17324858903884888 5536
1782828233506 0.03224295377731323 5537
1782828233507 0.1096869483590126 5538
1782828233509 0.017714424058794975 5539
1782828233510 0.3708692789077759 5540
1782828233512 0.1400243639945984 5541
1782828233514 0.03905005007982254 5542
1782828233515 0.03598573058843613 5543
1782828233517 0.47122135758399963 5544
1782828233518 0.025942493230104446 5545
1782828233520 0.006736000068485737 5546
1782828233521 0.09211154282093048 5547
1782828233523 0.3010335862636566 5548
1782828233524 0.05535578355193138 5549
1782828233526 0.11155683547258377 5550
1782828233528 0.007400043308734894 5551
1782828233529 0.04802601411938667 5552
1782828233531 0.05786360055208206 5553
1782828233532 0.03093288280069828 5554
1782828233534 0.02008918859064579 5555
1782828233535 0.17357823252677917 5556
1782828233537 0.0815478265285492 5557
1782828233538 0.13436925411224365 5558
1782828233540 0.03936293348670006 5559
1782828233542 0.029566671699285507 5560
1782828233543 0.05457624793052673 5561
1782828233545 0.09254472702741623 5562
1782828233546 0.02844477817416191 5563
1782828233548 0.03985540568828583 5564
1782828233549 0.07321232557296753 5565
1782828233551 0.04081229865550995 5566
1782828233552 0.13120612502098083 5567
1782828233554 0.23543758690357208 5568
1782828233555 0.033154238015413284 5569
1782828233557 0.0594441220164299 5570
1782828233558 0.1880084127187729 5571
1782828233560 0.016202574595808983 5572
1782828233561 0.07051516324281693 5573
1782828233563 0.03535629063844681 5574
1782828233564 0.2806888520717621 5575
1782828233566 0.014741810970008373 5576
1782828233567 0.1782560795545578 5577
1782828233569 0.17012616991996765 5578
1782828233571 0.0638430267572403 5579
1782828233572 0.05565286800265312 5580
1782828233574 0.04776432737708092 5581
1782828233576 0.055716633796691895 5582
1782828233577 0.04362139105796814 5583
1782828233579 0.02660032920539379 5584
1782828233581 0.054035257548093796 5585
1782828233582 0.11723169684410095 5586
1782828233584 0.04191214591264725 5587
1782828233585 0.25020483136177063 5588
1782828233587 0.17986860871315002 5589
1782828233589 0.07077118009328842 5590
1782828233590 0.3504736125469208 5591
1782828233592 0.12470841407775879 5592
1782828233594 0.10957621037960052 5593
1782828233595 0.02999875135719776 5594
1782828233597 0.0849757045507431 5595
1782828233598 0.0373557023704052 5596
1782828233600 0.19426187872886658 5597
1782828233602 0.07901786267757416 5598
1782828233603 0.36466407775878906 5599
1782828233605 0.018195865675807 5600
1782828233606 0.20131458342075348 5601
1782828233608 0.18051350116729736 5602
1782828233610 0.2195044308900833 5603
1782828233611 0.19752730429172516 5604
1782828233613 0.08548816293478012 5605
1782828233614 0.044834621250629425 5606
1782828233616 0.008093812502920628 5607
1782828233617 0.04216539487242699 5608
1782828233619 0.13708701729774475 5609
1782828233621 0.3417782187461853 5610
1782828233622 0.008694161660969257 5611
1782828233624 0.15934136509895325 5612
1782828233625 0.045139625668525696 5613
1782828233627 0.1098276749253273 5614
1782828233628 0.05207636579871178 5615
1782828233630 0.2714180052280426 5616
1782828233631 0.13619810342788696 5617
1782828233633 0.2581399381160736 5618
1782828233634 0.03755919635295868 5619
1782828233636 0.00818109791725874 5620
1782828233637 0.14480876922607422 5621
1782828233638 0.05673590302467346 5622
1782828233640 0.36770546436309814 5623
1782828233641 0.1136343777179718 5624
1782828233758 0.06933901458978653 5625
1782828233759 0.10738907009363174 5626
1782828233761 0.020988980308175087 5627
1782828233762 0.18241648375988007 5628
1782828233764 0.029774997383356094 5629
1782828233765 0.025899332016706467 5630
1782828233766 0.06419597566127777 5631
1782828233768 0.09390481561422348 5632
1782828233769 0.07119625806808472 5633
1782828233771 0.04051125422120094 5634
1782828233772 0.12738099694252014 5635
1782828233773 0.04329188913106918 5636
1782828233775 0.06976760178804398 5637
1782828233776 0.23878297209739685 5638
1782828233778 0.03807869926095009 5639
1782828233779 0.09153781086206436 5640
1782828233781 0.09682125598192215 5641
1782828233782 0.13082528114318848 5642
1782828233783 0.19894251227378845 5643
1782828233785 0.01420572865754366 5644
1782828233786 0.07149254530668259 5645
1782828233788 0.26665306091308594 5646
1782828233789 0.06131093576550484 5647
1782828233790 0.0295412540435791 5648
1782828233792 0.03131229802966118 5649
1782828233793 0.13550908863544464 5650
1782828233795 0.010179201140999794 5651
1782828233796 0.16205090284347534 5652
1782828233797 0.27083855867385864 5653
1782828233799 0.13505171239376068 5654
1782828233800 0.04733450338244438 5655
1782828233802 0.08157719671726227 5656
1782828233803 0.1308676302433014 5657
1782828233804 0.10024729371070862 5658
1782828233806 0.026445455849170685 5659
1782828233807 0.19679756462574005 5660
1782828233809 0.01473295409232378 5661
1782828233810 0.06011149659752846 5662
1782828233811 0.04970504716038704 5663
1782828233813 0.07147480547428131 5664
1782828233814 0.06079580634832382 5665
1782828233816 0.1685832440853119 5666
1782828233817 0.06859898567199707 5667
1782828233818 0.08401323109865189 5668
1782828233820 0.03499864414334297 5669
1782828233821 0.03973587602376938 5670
1782828233823 0.07538583129644394 5671
1782828233824 0.11286859959363937 5672
1782828233825 0.010700726881623268 5673
1782828233827 0.1371040940284729 5674
1782828233828 0.017130794003605843 5675
1782828233830 0.06761107593774796 5676
1782828233831 0.10321906954050064 5677
1782828233833 0.023737408220767975 5678
1782828233834 0.02255506068468094 5679
1782828233836 0.01203555054962635 5680
1782828233837 0.020151130855083466 5681
1782828233838 0.19564788043498993 5682
1782828233840 0.02310253493487835 5683
1782828233841 0.04113573580980301 5684
1782828233843 0.10410340875387192 5685
1782828233844 0.043036215007305145 5686
1782828233845 0.07402743399143219 5687
1782828233847 0.015108593739569187 5688
1782828233848 0.006223231554031372 5689
1782828233850 0.0310569666326046 5690
1782828233851 0.00863113533705473 5691
1782828233852 0.022060217335820198 5692
1782828233854 0.014674589969217777 5693
1782828233855 0.014584911987185478 5694
1782828233857 0.016642389819025993 5695
1782828233858 0.0726301521062851 5696
1782828233859 0.011728523299098015 5697
1782828233861 0.03082658164203167 5698
1782828233862 0.012381636537611485 5699
1782828233864 0.052681226283311844 5700
1782828233865 0.07626296579837799 5701
1782828233867 0.026406342163681984 5702
1782828233868 0.02537965029478073 5703
1782828233870 0.17573946714401245 5704
1782828233871 0.0784708634018898 5705
1782828233872 0.24804890155792236 5706
1782828233874 0.3364611268043518 5707
1782828233875 0.005286808591336012 5708
1782828233877 0.011024652048945427 5709
1782828233878 0.3060767650604248 5710
1782828233879 0.10733099281787872 5711
1782828233881 0.24131891131401062 5712
1782828233882 0.009087745100259781 5713
1782828233883 0.008790615946054459 5714
1782828233885 0.07892435789108276 5715
1782828233886 0.01673349365592003 5716
1782828233887 0.11468526721000671 5717
1782828233889 0.07682254910469055 5718
1782828233890 0.24112746119499207 5719
1782828233892 0.22431549429893494 5720
1782828233893 0.16575181484222412 5721
1782828233894 0.027782833203673363 5722
1782828233896 0.06715242564678192 5723
1782828233897 0.0039456915110349655 5724
1782828233899 0.0185080673545599 5725
1782828233900 0.18352897465229034 5726
1782828233902 0.012195798568427563 5727
1782828233903 0.16914188861846924 5728
1782828233905 0.08093442767858505 5729
1782828233906 0.03470266982913017 5730
1782828233907 0.07526003569364548 5731
1782828233909 0.09890373051166534 5732
1782828233910 0.03639497235417366 5733
1782828233912 0.11742150038480759 5734
1782828233913 0.10059301555156708 5735
1782828233914 0.20984353125095367 5736
1782828233916 0.2622983753681183 5737
1782828233917 0.023582128807902336 5738
1782828233919 0.08973024785518646 5739
1782828233920 0.018650799989700317 5740
1782828233922 0.07484522461891174 5741
1782828233923 0.04601883143186569 5742
1782828233924 0.08643633872270584 5743
1782828233926 0.10804703831672668 5744
1782828233927 0.20344862341880798 5745
1782828233929 0.14700593054294586 5746
1782828233930 0.10247359424829483 5747
1782828233932 0.010163849219679832 5748
1782828233933 0.1238333061337471 5749
1782828233935 0.022905435413122177 5750
1782828233936 0.012170780450105667 5751
1782828233937 0.0807737335562706 5752
1782828233939 0.019327733665704727 5753
1782828233940 0.05792494863271713 5754
1782828233942 0.10140620917081833 5755
1782828233943 0.016641123220324516 5756
1782828233944 0.01900075376033783 5757
1782828233946 0.011760677210986614 5758
1782828233947 0.006595981307327747 5759
1782828233949 0.08649440854787827 5760
1782828233950 0.04983077943325043 5761
1782828233951 0.05372031778097153 5762
1782828233953 0.025703279301524162 5763
1782828233954 0.10753047466278076 5764
1782828233956 0.188113272190094 5765
1782828233957 0.03402328863739967 5766
1782828233958 0.14556583762168884 5767
1782828233960 0.07179348915815353 5768
1782828233961 0.03434024006128311 5769
1782828233963 0.07832016050815582 5770
1782828233964 0.002993212081491947 5771
1782828233966 0.030106255784630775 5772
1782828233968 0.002500808099284768 5773
1782828233970 0.11792037636041641 5774
1782828233971 0.02572154626250267 5775
1782828233972 0.06420484185218811 5776
1782828233974 0.05952474847435951 5777
1782828233976 0.029397139325737953 5778
1782828233977 0.08277564495801926 5779
1782828233979 0.05059901997447014 5780
1782828233980 0.017661433666944504 5781
1782828233982 0.20449012517929077 5782
1782828233983 0.10010595619678497 5783
1782828233985 0.04812486097216606 5784
1782828233986 0.023521941155195236 5785
1782828233987 0.12686747312545776 5786
1782828233989 0.004000091925263405 5787
1782828233990 0.054499268531799316 5788
1782828233992 0.08867735415697098 5789
1782828233993 0.09514986723661423 5790
1782828233994 0.1595754772424698 5791
1782828233996 0.12522470951080322 5792
1782828233997 0.0562080442905426 5793
1782828233999 0.06057696044445038 5794
1782828234000 0.33122628927230835 5795
1782828234002 0.05125780776143074 5796
1782828234003 0.15078333020210266 5797
1782828234004 0.06824253499507904 5798
1782828234006 0.009343600831925869 5799
1782828234007 0.0020202260930091143 5800
1782828234009 0.0582907497882843 5801
1782828234010 0.14470522105693817 5802
1782828234011 0.01614578440785408 5803
1782828234013 0.04646662622690201 5804
1782828234014 0.15963754057884216 5805
1782828234016 0.0707901120185852 5806
1782828234017 0.040818970650434494 5807
1782828234019 0.015920747071504593 5808
1782828234020 0.045360125601291656 5809
1782828234021 0.06401194632053375 5810
1782828234023 0.0335485078394413 5811
1782828234024 0.17675307393074036 5812
1782828234026 0.05316833034157753 5813
1782828234027 0.020201997831463814 5814
1782828234029 0.2004440873861313 5815
1782828234030 0.10255040973424911 5816
1782828234031 0.13938890397548676 5817
1782828234033 0.027791131287813187 5818
1782828234034 0.16509278118610382 5819
1782828234036 0.02651944011449814 5820
1782828234037 0.026487767696380615 5821
1782828234039 0.03819429874420166 5822
1782828234040 0.11243917793035507 5823
1782828234041 0.059644851833581924 5824
1782828234043 0.28497645258903503 5825
1782828234044 0.0708814412355423 5826
1782828234046 0.08411301672458649 5827
1782828234047 0.06750348955392838 5828
1782828234048 0.09850489348173141 5829
1782828234050 0.11596424877643585 5830
1782828234051 0.13277293741703033 5831
1782828234053 0.1405840516090393 5832
1782828234054 0.08900859951972961 5833
1782828234056 0.034496746957302094 5834
1782828234057 0.0170828178524971 5835
1782828234059 0.040254995226860046 5836
1782828234060 0.05239027366042137 5837
1782828234062 0.06286799162626266 5838
1782828234063 0.1745726615190506 5839
1782828234065 0.16148871183395386 5840
1782828234066 0.31056439876556396 5841
1782828234068 0.009623490273952484 5842
1782828234069 0.08015543222427368 5843
1782828234071 0.15215077996253967 5844
1782828234072 0.2666420340538025 5845
1782828234073 0.006924506742507219 5846
1782828234075 0.016741320490837097 5847
1782828234076 0.13204622268676758 5848
1782828234078 0.01933864876627922 5849
1782828234079 0.09354525059461594 5850
1782828234080 0.13386103510856628 5851
1782828234082 0.1988178789615631 5852
1782828234083 0.24254393577575684 5853
1782828234085 0.09220623224973679 5854
1782828234086 0.03048636019229889 5855
1782828234087 0.14432267844676971 5856
1782828234089 0.0343417227268219 5857
1782828234090 0.13190270960330963 5858
1782828234091 0.11726368963718414 5859
1782828234093 0.06358905881643295 5860
1782828234094 0.019555797800421715 5861
1782828234095 0.023837700486183167 5862
1782828234097 0.016152529045939445 5863
1782828234098 0.043198686093091965 5864
1782828234099 0.011458617635071278 5865
1782828234101 0.028330760076642036 5866
1782828234102 0.0677676796913147 5867
1782828234103 0.12628357112407684 5868
1782828234105 0.012501257471740246 5869
1782828234106 0.05753298103809357 5870
1782828234107 0.02075251005589962 5871
1782828234108 0.07765811681747437 5872
1782828234110 0.010601977817714214 5873
1782828234111 0.017314432188868523 5874
1782828234112 0.07285482436418533 5875
1782828234114 0.08966518938541412 5876
1782828234115 0.07723136246204376 5877
1782828234116 0.11506515741348267 5878
1782828234118 0.03187737613916397 5879
1782828234119 0.004030851647257805 5880
1782828234120 0.0065520829521119595 5881
1782828234122 0.015917638316750526 5882
1782828234123 0.02324906922876835 5883
1782828234124 0.050754349678754807 5884
1782828234126 0.042300958186388016 5885
1782828234127 0.07459329813718796 5886
1782828234128 0.06791030615568161 5887
1782828234130 0.07718595117330551 5888
1782828234131 0.02025286853313446 5889
1782828234133 0.09723681211471558 5890
1782828234134 0.16477085649967194 5891
1782828234135 0.12296593189239502 5892
1782828234137 0.06144905462861061 5893
1782828234138 0.03503589332103729 5894
1782828234140 0.1835600733757019 5895
1782828234141 0.15231993794441223 5896
1782828234142 0.016286002472043037 5897
1782828234144 0.020102139562368393 5898
1782828234145 0.1240495815873146 5899
1782828234147 0.08857707679271698 5900
1782828234148 0.02827773615717888 5901
1782828234149 0.09186255186796188 5902
1782828234151 0.09080207347869873 5903
1782828234152 0.018753843382000923 5904
1782828234154 0.09118558466434479 5905
1782828234155 0.00843197014182806 5906
1782828234156 0.19939684867858887 5907
1782828234158 0.034010861068964005 5908
1782828234159 0.03771881386637688 5909
1782828234161 0.12962768971920013 5910
1782828234162 0.05433419719338417 5911
1782828234164 0.010046296752989292 5912
1782828234165 0.0796351283788681 5913
1782828234166 0.0931674987077713 5914
1782828234168 0.04788722097873688 5915
1782828234169 0.33123138546943665 5916
1782828234171 0.12474414706230164 5917
1782828234172 0.08382196724414825 5918
1782828234174 0.03530057147145271 5919
1782828234175 0.3070029318332672 5920
1782828234177 0.03142492473125458 5921
1782828234178 0.002092797541990876 5922
1782828234180 0.17591628432273865 5923
1782828234181 0.06348694115877151 5924
1782828234183 0.001852316316217184 5925
1782828234184 0.14906594157218933 5926
1782828234186 0.10477764159440994 5927
1782828234187 0.3919852674007416 5928
1782828234189 0.10522537678480148 5929
1782828234190 0.10204192996025085 5930
1782828234192 0.03085939958691597 5931
1782828234193 0.10241564363241196 5932
1782828234195 0.20798718929290771 5933
1782828234196 0.13538312911987305 5934
1782828234198 0.025510966777801514 5935
1782828234199 0.07599743455648422 5936
1782828234201 0.17573249340057373 5937
1782828234202 0.026343798264861107 5938
1782828234204 0.004425173159688711 5939
1782828234205 0.04275570437312126 5940
1782828234207 0.07467252016067505 5941
1782828234208 0.033785153180360794 5942
1782828234210 0.03080337680876255 5943
1782828234211 0.15913605690002441 5944
1782828234213 0.027833351865410805 5945
1782828234214 0.036740098148584366 5946
1782828234216 0.19879527390003204 5947
1782828234217 0.005701983813196421 5948
1782828234219 0.19466859102249146 5949
1782828234220 0.11103428155183792 5950
1782828234222 0.2350284606218338 5951
1782828234223 0.1422775685787201 5952
1782828234225 0.03436208516359329 5953
1782828234226 0.006411687005311251 5954
1782828234228 0.027532456442713737 5955
1782828234229 0.02128952369093895 5956
1782828234231 0.051764097064733505 5957
1782828234232 0.11334095895290375 5958
1782828234233 0.016855863854289055 5959
1782828234235 0.037545669823884964 5960
1782828234236 0.010083255358040333 5961
1782828234238 0.14515909552574158 5962
1782828234239 0.19875144958496094 5963
1782828234241 0.03703853115439415 5964
1782828234242 0.013777527958154678 5965
1782828234244 0.017985530197620392 5966
1782828234245 0.034144021570682526 5967
1782828234247 0.04972725361585617 5968
1782828234248 0.008325406350195408 5969
1782828234249 0.03141114488244057 5970
1782828234251 0.08142627775669098 5971
1782828234252 0.2107650488615036 5972
1782828234254 0.355895072221756 5973
1782828234255 0.06509926915168762 5974
1782828234256 0.02336583286523819 5975
1782828234258 0.01610923558473587 5976
1782828234259 0.17992044985294342 5977
1782828234260 0.007216298021376133 5978
1782828234262 0.30153539776802063 5979
1782828234263 0.1873510777950287 5980
1782828234265 0.009584779851138592 5981
1782828234266 0.14026960730552673 5982
1782828234267 0.0719059556722641 5983
1782828234269 0.09228169173002243 5984
1782828234270 0.11314324289560318 5985
1782828234272 0.27228716015815735 5986
1782828234273 0.0721328854560852 5987
1782828234275 0.1683913767337799 5988
1782828234276 0.45717573165893555 5989
1782828234277 0.07256752252578735 5990
1782828234279 0.4626142680644989 5991
1782828234280 0.021106205880641937 5992
1782828234281 0.018628237769007683 5993
1782828234283 0.029722843319177628 5994
1782828234284 0.016936689615249634 5995
1782828234286 0.02215465158224106 5996
1782828234287 0.10813358426094055 5997
1782828234288 0.1487860381603241 5998
1782828234290 0.2691420018672943 5999
1782828234291 0.03706209361553192 6000
1782828234292 0.10676893591880798 6001
1782828234294 0.0167328342795372 6002
1782828234295 0.08694404363632202 6003
1782828234297 0.005804632790386677 6004
1782828234298 0.005089858081191778 6005
1782828234299 0.049404993653297424 6006
1782828234301 0.03002634458243847 6007
1782828234302 0.0372920036315918 6008
1782828234304 0.062247201800346375 6009
1782828234305 0.3575458228588104 6010
1782828234306 0.06436510384082794 6011
1782828234308 0.06784188747406006 6012
1782828234309 0.028003858402371407 6013
1782828234310 0.12657178938388824 6014
1782828234312 0.1556977480649948 6015
1782828234313 0.006359778344631195 6016
1782828234314 0.011472918093204498 6017
1782828234316 0.08350802212953568 6018
1782828234317 0.21170340478420258 6019
1782828234319 0.08712161332368851 6020
1782828234320 0.004573094192892313 6021
1782828234321 0.07775647193193436 6022
1782828234323 0.018123367801308632 6023
1782828234324 0.041719913482666016 6024
1782828234325 0.01506413146853447 6025
1782828234327 0.021678484976291656 6026
1782828234328 0.20264650881290436 6027
1782828234330 0.007659557741135359 6028
1782828234331 0.1925019472837448 6029
1782828234332 0.007714435923844576 6030
1782828234334 0.019415980204939842 6031
1782828234335 0.10006923228502274 6032
1782828234337 0.032042477279901505 6033
1782828234338 0.26241806149482727 6034
1782828234339 0.17430002987384796 6035
1782828234341 0.07814343273639679 6036
1782828234342 0.012611598707735538 6037
1782828234343 0.09731891006231308 6038
1782828234345 0.049919888377189636 6039
1782828234346 0.05571717396378517 6040
1782828234347 0.007588026579469442 6041
1782828234349 0.07229523360729218 6042
1782828234350 0.047111038118600845 6043
1782828234351 0.060648828744888306 6044
1782828234353 0.035443998873233795 6045
1782828234354 0.09423559159040451 6046
1782828234356 0.017583824694156647 6047
1782828234357 0.019433168694376945 6048
1782828234358 0.012811699882149696 6049
1782828234360 0.1282748579978943 6050
1782828234361 0.00543058430776 6051
1782828234363 0.025222359225153923 6052
1782828234364 0.23074740171432495 6053
1782828234365 0.16408637166023254 6054
1782828234367 0.027958130463957787 6055
1782828234368 0.006271291524171829 6056
1782828234370 0.08520088344812393 6057
1782828234371 0.023457027971744537 6058
1782828234373 0.023898668587207794 6059
1782828234374 0.18462346494197845 6060
1782828234375 0.06850152462720871 6061
1782828234377 0.019498100504279137 6062
1782828234378 0.03324968367815018 6063
1782828234380 0.013113947585225105 6064
1782828234381 0.1450677514076233 6065
1782828234383 0.026805413886904716 6066
1782828234384 0.009337012656033039 6067
1782828234386 0.0276844073086977 6068
1782828234387 0.027989814057946205 6069
1782828234389 0.013627281412482262 6070
1782828234391 0.19269229471683502 6071
1782828234393 0.0057894145138561726 6072
1782828234395 0.17720384895801544 6073
1782828234396 0.168212428689003 6074
1782828234398 0.028284944593906403 6075
1782828234399 0.00974489189684391 6076
1782828234401 0.3174709379673004 6077
1782828234402 0.1063578724861145 6078
1782828234404 0.03826048970222473 6079
1782828234405 0.009005466476082802 6080
1782828234406 0.028672877699136734 6081
1782828234408 0.0008704923093318939 6082
1782828234409 0.3202438950538635 6083
1782828234411 0.04029834270477295 6084
1782828234412 0.015513299964368343 6085
1782828234414 0.3561328947544098 6086
1782828234416 0.3670526146888733 6087
1782828234417 0.07317015528678894 6088
1782828234419 0.023005180060863495 6089
1782828234421 0.03868408501148224 6090
1782828234422 0.06935332715511322 6091
1782828234424 0.0056688543409109116 6092
1782828234426 0.06434749811887741 6093
1782828234427 0.17364463210105896 6094
1782828234429 0.06344648450613022 6095
1782828234430 0.0405193530023098 6096
1782828234432 0.03972494974732399 6097
1782828234433 0.01548928115516901 6098
1782828234435 0.06019921973347664 6099
1782828234436 0.21417242288589478 6100
1782828234438 0.06687040627002716 6101
1782828234439 0.05904364213347435 6102
1782828234441 0.028954997658729553 6103
1782828234443 0.14766132831573486 6104
1782828234444 0.043749596923589706 6105
1782828234446 0.07114490121603012 6106
1782828234447 0.06201609596610069 6107
1782828234449 0.023059219121932983 6108
1782828234450 0.00422318372875452 6109
1782828234452 0.016199827194213867 6110
1782828234453 0.06775250285863876 6111
1782828234455 0.09283991903066635 6112
1782828234456 0.11413028836250305 6113
1782828234458 0.08505667001008987 6114
1782828234459 0.1537906676530838 6115
1782828234461 0.06233293190598488 6116
1782828234462 0.04839559271931648 6117
1782828234464 0.036910172551870346 6118
1782828234465 0.018673067912459373 6119
1782828234467 0.015848662704229355 6120
1782828234469 0.10519357770681381 6121
1782828234472 0.014419658109545708 6122
1782828234474 0.08610644191503525 6123
1782828234476 0.02405828982591629 6124
1782828234478 0.09228665381669998 6125
1782828234480 0.030576929450035095 6126
1782828234482 0.1858265995979309 6127
1782828234483 0.04723880812525749 6128
1782828234484 0.034731268882751465 6129
1782828234486 0.014225889928638935 6130
1782828234487 0.021839424967765808 6131
1782828234489 0.013221300207078457 6132
1782828234490 0.008951500058174133 6133
1782828234492 0.01702379435300827 6134
1782828234493 0.020835494622588158 6135
1782828234495 0.40809500217437744 6136
1782828234496 0.010548314079642296 6137
1782828234498 0.015013594180345535 6138
1782828234499 0.14150679111480713 6139
1782828234501 0.026332808658480644 6140
1782828234502 0.07087121903896332 6141
1782828234504 0.10837537795305252 6142
1782828234505 0.02693260833621025 6143
1782828234507 0.21920989453792572 6144
1782828234508 0.029632840305566788 6145
1782828234510 0.04197341576218605 6146
1782828234511 0.11700790375471115 6147
1782828234512 0.16673846542835236 6148
1782828234514 0.13032445311546326 6149
1782828234515 0.2748246192932129 6150
1782828234517 0.18639123439788818 6151
1782828234518 0.04450087994337082 6152
1782828234519 0.06826420873403549 6153
1782828234521 0.13458970189094543 6154
1782828234523 0.002856200560927391 6155
1782828234524 0.025623902678489685 6156
1782828234525 0.11922754347324371 6157
1782828234527 0.17192354798316956 6158
1782828234528 0.033082932233810425 6159
1782828234530 0.1204754039645195 6160
1782828234531 0.0806477889418602 6161
1782828234533 0.08150862157344818 6162
1782828234534 0.018602076917886734 6163
1782828234535 0.03454054519534111 6164
1782828234537 0.06333942711353302 6165
1782828234538 0.20128488540649414 6166
1782828234540 0.07123773545026779 6167
1782828234541 0.027534669265151024 6168
1782828234542 0.053178634494543076 6169
1782828234544 0.026791393756866455 6170
1782828234545 0.0323060117661953 6171
1782828234547 0.43496042490005493 6172
1782828234548 0.05076600983738899 6173
1782828234549 0.11055602878332138 6174
1782828234551 0.04038497433066368 6175
1782828234552 0.11145833134651184 6176
1782828234554 0.015666132792830467 6177
1782828234555 0.17002637684345245 6178
1782828234557 0.08685946464538574 6179
1782828234558 0.00497105997055769 6180
1782828234559 0.10066568106412888 6181
1782828234561 0.005008201580494642 6182
1782828234562 0.22999627888202667 6183
1782828234563 0.24440187215805054 6184
1782828234565 0.015902109444141388 6185
1782828234566 0.13077454268932343 6186
1782828234568 0.004851607605814934 6187
1782828234569 0.004087292589247227 6188
1782828234571 0.07544905692338943 6189
1782828234572 0.12698909640312195 6190
1782828234574 0.40622496604919434 6191
1782828234575 0.18634511530399323 6192
1782828234577 0.30804887413978577 6193
1782828234578 0.01757894828915596 6194
1782828234579 0.023106368258595467 6195
1782828234581 0.04064085707068443 6196
1782828234582 0.22521887719631195 6197
1782828234584 0.010284768417477608 6198
1782828234585 0.022817952558398247 6199
1782828234586 0.07038796693086624 6200
1782828234588 0.0045105768367648125 6201
1782828234589 0.03669591248035431 6202
1782828234590 0.10302010178565979 6203
1782828234592 0.10511665046215057 6204
1782828234593 0.14105696976184845 6205
1782828234595 0.3802693486213684 6206
1782828234596 0.06630311906337738 6207
1782828234598 0.05496814846992493 6208
1782828234599 0.15541306138038635 6209
1782828234600 0.026845721527934074 6210
1782828234602 0.1428557187318802 6211
1782828234603 0.1822674572467804 6212
1782828234605 0.12992331385612488 6213
1782828234606 0.04433775693178177 6214
1782828234608 0.019990816712379456 6215
1782828234609 0.13098622858524323 6216
1782828234611 0.2039816677570343 6217
1782828234612 0.016041502356529236 6218
1782828234613 0.03597891330718994 6219
1782828234615 0.054268401116132736 6220
1782828234616 0.0243187565356493 6221
1782828234617 0.021997109055519104 6222
1782828234619 0.04937009513378143 6223
1782828234620 0.06704147905111313 6224
1782828234621 0.02041977271437645 6225
1782828234623 0.07636374235153198 6226
1782828234624 0.033743806183338165 6227
1782828234626 0.009139236994087696 6228
1782828234627 0.14499559998512268 6229
1782828234629 0.08069450408220291 6230
1782828234631 0.010261339135468006 6231
1782828234633 0.05828334018588066 6232
1782828234635 0.026046408340334892 6233
1782828234637 0.005887662526220083 6234
1782828234639 0.13048101961612701 6235
1782828234641 0.2295495867729187 6236
1782828234643 0.18284998834133148 6237
1782828234645 0.05909670516848564 6238
1782828234646 0.005479490850120783 6239
1782828234648 0.30625003576278687 6240
1782828234649 0.2614297866821289 6241
1782828234650 0.2877834439277649 6242
1782828234652 0.03693343326449394 6243
1782828234653 0.010857710614800453 6244
1782828234655 0.2430868148803711 6245
1782828234656 0.032099951058626175 6246
1782828234657 0.32244664430618286 6247
1782828234659 0.07213656604290009 6248
1782828234660 0.010698635131120682 6249
1782828234662 0.04432770609855652 6250
1782828234663 0.030691446736454964 6251
1782828234664 0.15419220924377441 6252
1782828234666 0.008685728535056114 6253
1782828234667 0.22152647376060486 6254
1782828234668 0.02426970563828945 6255
1782828234670 0.09000459313392639 6256
1782828234671 0.3825302720069885 6257
1782828234673 0.12017236649990082 6258
1782828234675 0.25093331933021545 6259
1782828234676 0.01497592031955719 6260
1782828234677 0.020671697333455086 6261
1782828234679 0.02621190994977951 6262
1782828234680 0.04819387197494507 6263
1782828234682 0.1121709868311882 6264
1782828234684 0.0180935300886631 6265
1782828234686 0.04255386069417 6266
1782828234688 0.03240520507097244 6267
1782828234690 0.018954528495669365 6268
1782828234692 0.13102859258651733 6269
1782828234694 0.12294740974903107 6270
1782828234695 0.06662073731422424 6271
1782828234697 0.07950754463672638 6272
1782828234698 0.3658723831176758 6273
1782828234699 0.10712418705224991 6274
1782828234701 0.019830670207738876 6275
1782828234702 0.04802797734737396 6276
1782828234704 0.1304953247308731 6277
1782828234705 0.02525322698056698 6278
1782828234706 0.22990505397319794 6279
1782828234708 0.06840145587921143 6280
1782828234710 0.13266952335834503 6281
1782828234712 0.053204089403152466 6282
1782828234714 0.11398445069789886 6283
1782828234716 0.09177177399396896 6284
1782828234718 0.37618255615234375 6285
1782828234720 0.08977311849594116 6286
1782828234722 0.019659623503684998 6287
1782828234724 0.04561254382133484 6288
1782828234725 0.03795182332396507 6289
1782828234727 0.11327387392520905 6290
1782828234728 0.08945586532354355 6291
1782828234730 0.040952641516923904 6292
1782828234731 0.11433803290128708 6293
1782828234732 0.02510431781411171 6294
1782828234734 0.01202654279768467 6295
1782828234735 0.16117890179157257 6296
1782828234736 0.045085031539201736 6297
1782828234738 0.2715000808238983 6298
1782828234739 0.07303780317306519 6299
1782828234741 0.04566888511180878 6300
1782828234742 0.10357663035392761 6301
1782828234744 0.03743358328938484 6302
1782828234745 0.12324024736881256 6303
1782828234746 0.11970600485801697 6304
1782828234748 0.08294820040464401 6305
1782828234749 0.33378997445106506 6306
1782828234750 0.18257717788219452 6307
1782828234752 0.16163437068462372 6308
1782828234753 0.14384126663208008 6309
1782828234754 0.03922174498438835 6310
1782828234756 0.022191381081938744 6311
1782828234757 0.14259667694568634 6312
1782828234758 0.04459899291396141 6313
1782828234760 0.1598414182662964 6314
1782828234761 0.12261587381362915 6315
1782828234763 0.1206340417265892 6316
1782828234764 0.09926078468561172 6317
1782828234765 0.032031912356615067 6318
1782828234767 0.05826512351632118 6319
1782828234768 0.009340503253042698 6320
1782828234769 0.01745358295738697 6321
1782828234771 0.02872781828045845 6322
1782828234772 0.08318234235048294 6323
1782828234774 0.06030385196208954 6324
1782828234775 0.053688716143369675 6325
1782828234777 0.004620532039552927 6326
1782828234778 0.003569590160623193 6327
1782828234779 0.027938222512602806 6328
1782828234781 0.04031473025679588 6329
1782828234782 0.1390373408794403 6330
1782828234783 0.16022361814975739 6331
1782828234785 0.03937457129359245 6332
1782828234786 0.0436595119535923 6333
1782828234788 0.08098815381526947 6334
1782828234789 0.044036075472831726 6335
1782828234790 0.09130992740392685 6336
1782828234792 0.19491133093833923 6337
1782828234793 0.02042362466454506 6338
1782828234794 0.018300365656614304 6339
1782828234796 0.1786419153213501 6340
1782828234797 0.19497227668762207 6341
1782828234798 0.14282362163066864 6342
1782828234800 0.11547260731458664 6343
1782828234801 0.03331226110458374 6344
1782828234803 0.06276186555624008 6345
1782828234804 0.020435616374015808 6346
1782828234805 0.15631014108657837 6347
1782828234807 0.06108270585536957 6348
1782828234808 0.019594233483076096 6349
1782828234809 0.19464294612407684 6350
1782828234811 0.23727282881736755 6351
1782828234812 0.14505977928638458 6352
1782828234813 0.02666281722486019 6353
1782828234815 0.11288080364465714 6354
1782828234816 0.05577775835990906 6355
1782828234817 0.11468782275915146 6356
1782828234819 0.05069714039564133 6357
1782828234820 0.1635710895061493 6358
1782828234822 0.19071654975414276 6359
1782828234823 0.04792548716068268 6360
1782828234824 0.004942369647324085 6361
1782828234826 0.220096617937088 6362
1782828234827 0.09852582961320877 6363
1782828234828 0.08425816148519516 6364
1782828234830 0.03509989753365517 6365
1782828234832 0.26883989572525024 6366
1782828234833 0.009914636611938477 6367
1782828234834 0.16751731932163239 6368
1782828234836 0.2636803984642029 6369
1782828234837 0.045195236802101135 6370
1782828234839 0.12766216695308685 6371
1782828234840 0.009150736965239048 6372
1782828234841 0.044527728110551834 6373
1782828234843 0.1107320711016655 6374
1782828234844 0.07481943815946579 6375
1782828234846 0.11727239936590195 6376
1782828234847 0.19785216450691223 6377
1782828234848 0.03169940412044525 6378
1782828234850 0.018159637227654457 6379
1782828234851 0.029370712116360664 6380
1782828234852 0.004584037233144045 6381
1782828234854 0.10729530453681946 6382
1782828234855 0.20868293941020966 6383
1782828234857 0.12169589102268219 6384
1782828234858 0.07677223533391953 6385
1782828234860 0.027096828445792198 6386
1782828234861 0.0346386693418026 6387
1782828234862 0.02500290982425213 6388
1782828234864 0.233391672372818 6389
1782828234865 0.0107008907943964 6390
1782828234866 0.2753135561943054 6391
1782828234868 0.009378195740282536 6392
1782828234869 0.032100457698106766 6393
1782828234871 0.009039048105478287 6394
1782828234872 0.015952538698911667 6395
1782828234873 0.025881942361593246 6396
1782828234875 0.06324151903390884 6397
1782828234876 0.030652228742837906 6398
1782828234877 0.1344205141067505 6399
1782828234879 0.032854244112968445 6400
1782828234880 0.042255595326423645 6401
1782828234882 0.39305660128593445 6402
1782828234883 0.07767922431230545 6403
1782828234884 0.03619060665369034 6404
1782828234886 0.06174217537045479 6405
1782828234887 0.04654122516512871 6406
1782828234888 0.02135341987013817 6407
1782828234890 0.04459644854068756 6408
1782828234891 0.015647293999791145 6409
1782828234893 0.1716279834508896 6410
1782828234894 0.02812139317393303 6411
1782828234895 0.004763892386108637 6412
1782828234897 0.029692821204662323 6413
1782828234898 0.1365741789340973 6414
1782828234899 0.09873777627944946 6415
1782828234901 0.022956229746341705 6416
1782828234902 0.006530132610350847 6417
1782828234904 0.43105316162109375 6418
1782828234905 0.054368261247873306 6419
1782828234906 0.012088199146091938 6420
1782828234908 0.18016746640205383 6421
1782828234909 0.08861830085515976 6422
1782828234910 0.22428274154663086 6423
1782828234912 0.05038771033287048 6424
1782828234913 0.03183121234178543 6425
1782828234914 0.04029073938727379 6426
1782828234916 0.01650095544755459 6427
1782828234917 0.05941097065806389 6428
1782828234919 0.026220638304948807 6429
1782828234920 0.025315089151263237 6430
1782828234921 0.013441480696201324 6431
1782828234922 0.05722782760858536 6432
1782828234924 0.06354852020740509 6433
1782828234925 0.028150100260972977 6434
1782828234926 0.03496629372239113 6435
1782828234928 0.08321677893400192 6436
1782828234930 0.15141960978507996 6437
1782828234931 0.020013047382235527 6438
1782828234933 0.05068198963999748 6439
1782828234934 0.014563612639904022 6440
1782828234936 0.028605880215764046 6441
1782828234937 0.01892618089914322 6442
1782828234939 0.09285096824169159 6443
1782828234940 0.03398993983864784 6444
1782828234941 0.15313993394374847 6445
1782828234943 0.09751105308532715 6446
1782828234944 0.10479547828435898 6447
1782828234945 0.09457407146692276 6448
1782828234947 0.025314411148428917 6449
1782828234948 0.20349739491939545 6450
1782828234949 0.0027385998982936144 6451
1782828234951 0.15915775299072266 6452
1782828234952 0.029738202691078186 6453
1782828234953 0.043916020542383194 6454
1782828234955 0.0493784174323082 6455
1782828234956 0.07995741069316864 6456
1782828234957 0.07398729771375656 6457
1782828234959 0.00407036580145359 6458
1782828234960 0.1609034240245819 6459
1782828234961 0.18031467497348785 6460
1782828234963 0.002050583017989993 6461
1782828234964 0.015407957136631012 6462
1782828234965 0.18646971881389618 6463
1782828234967 0.11128930002450943 6464
1782828234968 0.032751455903053284 6465
1782828234970 0.03432086482644081 6466
1782828234971 0.04749029874801636 6467
1782828234973 0.019497664645314217 6468
1782828234974 0.03652551397681236 6469
1782828234976 0.04718814417719841 6470
1782828234977 0.0891989916563034 6471
1782828234978 0.10017693042755127 6472
1782828234980 0.1127961128950119 6473
1782828234981 0.041051946580410004 6474
1782828234982 0.05945679172873497 6475
1782828234984 0.009814214892685413 6476
1782828234985 0.03113873489201069 6477
1782828234987 0.1672237068414688 6478
1782828234988 0.006044907961040735 6479
1782828234989 0.1484246850013733 6480
1782828234991 0.019290557131171227 6481
1782828234992 0.05667026713490486 6482
1782828234993 0.15244761109352112 6483
1782828234995 0.09646601974964142 6484
1782828234996 0.13042613863945007 6485
1782828234998 0.031743232160806656 6486
1782828234999 0.0354442298412323 6487
1782828235000 0.1801515817642212 6488
1782828235002 0.04315248131752014 6489
1782828235003 0.18679307401180267 6490
1782828235004 0.2862730324268341 6491
1782828235006 0.08062034100294113 6492
1782828235007 0.06585631519556046 6493
1782828235008 0.007393559906631708 6494
1782828235010 0.12213768810033798 6495
1782828235011 0.005347852129489183 6496
1782828235013 0.2586178779602051 6497
1782828235014 0.18657641112804413 6498
1782828235015 0.07991007715463638 6499
1782828235017 0.14950932562351227 6500
1782828235018 0.02041435055434704 6501
1782828235019 0.1425291895866394 6502
1782828235021 0.03163250908255577 6503
1782828235022 0.10973533242940903 6504
1782828235024 0.26803916692733765 6505
1782828235025 0.06960391253232956 6506
1782828235026 0.025122512131929398 6507
1782828235028 0.1345076858997345 6508
1782828235029 0.24804285168647766 6509
1782828235030 0.07111549377441406 6510
1782828235032 0.025753336027264595 6511
1782828235033 0.1767343133687973 6512
1782828235034 0.33729732036590576 6513
1782828235036 0.009669848717749119 6514
1782828235037 0.0025778370909392834 6515
1782828235038 0.0515635721385479 6516
1782828235040 0.029486481100320816 6517
1782828235041 0.05368310958147049 6518
1782828235042 0.019323835149407387 6519
1782828235044 0.026444215327501297 6520
1782828235045 0.02287297137081623 6521
1782828235046 0.04000598192214966 6522
1782828235048 0.010556519031524658 6523
1782828235049 0.02944149076938629 6524
1782828235050 0.03614489361643791 6525
1782828235052 0.0302449818700552 6526
1782828235053 0.2513684928417206 6527
1782828235054 0.07831019908189774 6528
1782828235056 0.028134450316429138 6529
1782828235057 0.2646770179271698 6530
1782828235058 0.14128832519054413 6531
1782828235060 0.051866695284843445 6532
1782828235061 0.12792785465717316 6533
1782828235063 0.22055532038211823 6534
1782828235064 0.00930102914571762 6535
1782828235065 0.23068425059318542 6536
1782828235066 0.022189369425177574 6537
1782828235068 0.1751219779253006 6538
1782828235069 0.016529738903045654 6539
1782828235071 0.17057918012142181 6540
1782828235072 0.012213111855089664 6541
1782828235073 0.019588017836213112 6542
1782828235075 0.0352151095867157 6543
1782828235076 0.021846402436494827 6544
1782828235077 0.0073003885336220264 6545
1782828235079 0.13489124178886414 6546
1782828235080 0.019088467583060265 6547
1782828235082 0.18050028383731842 6548
1782828235084 0.041443582624197006 6549
1782828235086 0.04689581319689751 6550
1782828235087 0.0187850259244442 6551
1782828235089 0.1393834799528122 6552
1782828235091 0.007229821290820837 6553
1782828235093 0.049345627427101135 6554
1782828235095 0.3285704255104065 6555
1782828235097 0.14351396262645721 6556
1782828235099 0.06407289952039719 6557
1782828235100 0.13602347671985626 6558
1782828235102 0.08423538506031036 6559
1782828235104 0.32694047689437866 6560
1782828235106 0.1310354620218277 6561
1782828235108 0.005486414767801762 6562
1782828235110 0.0959169790148735 6563
1782828235112 0.061802323907613754 6564
1782828235113 0.07502441853284836 6565
1782828235115 0.10102759301662445 6566
1782828235117 0.01227960642427206 6567
1782828235119 0.06346092373132706 6568
1782828235121 0.12772634625434875 6569
1782828235123 0.004845153074711561 6570
1782828235125 0.03208323195576668 6571
1782828235126 0.15066702663898468 6572
1782828235128 0.07726655155420303 6573
1782828235130 0.05283031985163689 6574
1782828235132 0.18078652024269104 6575
1782828235134 0.12823094427585602 6576
1782828235136 0.004191139247268438 6577
1782828235137 0.054906249046325684 6578
1782828235139 0.03124256432056427 6579
1782828235140 0.10813281685113907 6580
1782828235141 0.009660175070166588 6581
1782828235143 0.004784711170941591 6582
1782828235144 0.27731943130493164 6583
1782828235145 0.08121290802955627 6584
1782828235147 0.45272040367126465 6585
1782828235148 0.03234778717160225 6586
1782828235149 0.010978365316987038 6587
1782828235151 0.03724300488829613 6588
1782828235152 0.09330976754426956 6589
1782828235153 0.009929888881742954 6590
1782828235155 0.035676583647727966 6591
1782828235156 0.17241041362285614 6592
1782828235157 0.019384831190109253 6593
1782828235159 0.06013862416148186 6594
1782828235160 0.11462350934743881 6595
1782828235162 0.006668620277196169 6596
1782828235163 0.14620061218738556 6597
1782828235164 0.19500373303890228 6598
1782828235166 0.1439397782087326 6599
1782828235167 0.06939853727817535 6600
1782828235169 0.018153848126530647 6601
1782828235171 0.27514177560806274 6602
1782828235172 0.13394759595394135 6603
1782828235174 0.010150324553251266 6604
1782828235176 0.21369564533233643 6605
1782828235178 0.1991155594587326 6606
1782828235180 0.19915063679218292 6607
1782828235182 0.14290274679660797 6608
1782828235184 0.007641206495463848 6609
1782828235185 0.08002045750617981 6610
1782828235187 0.019724389538168907 6611
1782828235188 0.09583407640457153 6612
1782828235189 0.01821081154048443 6613
1782828235191 0.02706584893167019 6614
1782828235192 0.05587489902973175 6615
1782828235193 0.0026261082384735346 6616
1782828235195 0.05560516566038132 6617
1782828235196 0.04780668392777443 6618
1782828235197 0.00903327576816082 6619
1782828235199 0.01260352786630392 6620
1782828235200 0.1853829324245453 6621
1782828235201 0.06042025238275528 6622
1782828235203 0.14936700463294983 6623
1782828235204 0.027452757582068443 6624
1782828235205 0.01784747838973999 6625
1782828235207 0.2329961359500885 6626
1782828235208 0.05490085482597351 6627
1782828235209 0.03183451294898987 6628
1782828235211 0.008934506215155125 6629
1782828235212 0.1024116575717926 6630
1782828235213 0.017315365374088287 6631
1782828235215 0.0850360095500946 6632
1782828235216 0.14761966466903687 6633
1782828235217 0.25531303882598877 6634
1782828235218 0.04529234394431114 6635
1782828235220 0.0799444168806076 6636
1782828235221 0.10187208652496338 6637
1782828235222 0.047291260212659836 6638
1782828235224 0.08081860840320587 6639
1782828235225 0.006384129635989666 6640
1782828235226 0.011254777200520039 6641
1782828235228 0.209679514169693 6642
1782828235229 0.1856507658958435 6643
1782828235230 0.007743751164525747 6644
1782828235232 0.10406023263931274 6645
1782828235233 0.03692765161395073 6646
1782828235234 0.003273965325206518 6647
1782828235236 0.026392219588160515 6648
1782828235237 0.15700176358222961 6649
1782828235238 0.050972480326890945 6650
1782828235239 0.09722140431404114 6651
1782828235241 0.3382791578769684 6652
1782828235242 0.009195910766720772 6653
1782828235243 0.07915393263101578 6654
1782828235245 0.016998430714011192 6655
1782828235246 0.08501987159252167 6656
1782828235247 0.07486055046319962 6657
1782828235249 0.07553356140851974 6658
1782828235250 0.008116248995065689 6659
1782828235252 0.04288652911782265 6660
1782828235253 0.3067171573638916 6661
1782828235254 0.036711256951093674 6662
1782828235256 0.06616391986608505 6663
1782828235257 0.12697680294513702 6664
1782828235258 0.08631299436092377 6665
1782828235260 0.06512083858251572 6666
1782828235261 0.08598141372203827 6667
1782828235263 0.280879408121109 6668
1782828235264 0.4323171079158783 6669
1782828235265 0.03009907528758049 6670
1782828235266 0.019308991730213165 6671
1782828235268 0.30700287222862244 6672
1782828235269 0.3850594460964203 6673
1782828235270 0.20819592475891113 6674
1782828235272 0.01047631073743105 6675
1782828235273 0.09844790399074554 6676
1782828235274 0.0045061493292450905 6677
1782828235276 0.042642101645469666 6678
1782828235277 0.07320308685302734 6679
1782828235278 0.07802534103393555 6680
1782828235280 0.0657365471124649 6681
1782828235281 0.04915256425738335 6682
1782828235282 0.014605033211410046 6683
1782828235284 0.08806832134723663 6684
1782828235285 0.23312564194202423 6685
1782828235287 0.27176210284233093 6686
1782828235288 0.09512296319007874 6687
1782828235289 0.01421667542308569 6688
1782828235291 0.1748618632555008 6689
1782828235292 0.015054954215884209 6690
1782828235293 0.008986411616206169 6691
1782828235295 0.14771400392055511 6692
1782828235296 0.014325705356895924 6693
1782828235297 0.06142760440707207 6694
1782828235299 0.0032099413219839334 6695
1782828235300 0.17765119671821594 6696
1782828235302 0.05264442041516304 6697
1782828235303 0.29150399565696716 6698
1782828235304 0.08934175223112106 6699
1782828235306 0.003862561658024788 6700
1782828235307 0.05981704965233803 6701
1782828235308 0.13845036923885345 6702
1782828235310 0.2866343557834625 6703
1782828235311 0.03187282010912895 6704
1782828235312 0.013251937925815582 6705
1782828235314 0.045017778873443604 6706
1782828235315 0.028385864570736885 6707
1782828235316 0.11091842502355576 6708
1782828235318 0.03728512302041054 6709
1782828235319 0.007138096261769533 6710
1782828235321 0.08749488741159439 6711
1782828235322 0.17645159363746643 6712
1782828235323 0.00816436018794775 6713
1782828235325 0.12088067829608917 6714
1782828235326 0.02646161988377571 6715
1782828235328 0.0605747252702713 6716
1782828235329 0.027704128995537758 6717
1782828235330 0.1821732223033905 6718
1782828235332 0.28275927901268005 6719
1782828235333 0.007501787971705198 6720
1782828235334 0.1634308099746704 6721
1782828235336 0.027325158938765526 6722
1782828235337 0.18038061261177063 6723
1782828235338 0.009299282915890217 6724
1782828235340 0.08124364167451859 6725
1782828235341 0.0024524920154362917 6726
1782828235342 0.07212371379137039 6727
1782828235344 0.2064542919397354 6728
1782828235345 0.21546891331672668 6729
1782828235347 0.013217932544648647 6730
1782828235348 0.007199876941740513 6731
1782828235349 0.08767680823802948 6732
1782828235351 0.21839922666549683 6733
1782828235352 0.03730400651693344 6734
1782828235353 0.012637334875762463 6735
1782828235354 0.03765007108449936 6736
1782828235356 0.045326754450798035 6737
1782828235357 0.01098091434687376 6738
1782828235358 0.016105813905596733 6739
1782828235360 0.05326805263757706 6740
1782828235361 0.0669914036989212 6741
1782828235362 0.08808546513319016 6742
1782828235364 0.03223443031311035 6743
1782828235365 0.02899068593978882 6744
1782828235366 0.1260160356760025 6745
1782828235368 0.04640860855579376 6746
1782828235369 0.010867366567254066 6747
1782828235370 0.022643031552433968 6748
1782828235372 0.004362216219305992 6749
1782828235373 0.043609704822301865 6750
1782828235374 0.030590904876589775 6751
1782828235376 0.02325764298439026 6752
1782828235377 0.023275136947631836 6753
1782828235378 0.008413025178015232 6754
1782828235380 0.28579914569854736 6755
1782828235381 0.03589856997132301 6756
1782828235382 0.4117417335510254 6757
1782828235384 0.0050633009523153305 6758
1782828235385 0.14685426652431488 6759
1782828235386 0.16499535739421844 6760
1782828235388 0.006062626838684082 6761
1782828235389 0.09125476330518723 6762
1782828235390 0.025435952469706535 6763
1782828235392 0.05265888199210167 6764
1782828235393 0.16222821176052094 6765
1782828235394 0.11671482771635056 6766
1782828235396 0.02153506688773632 6767
1782828235397 0.10676933079957962 6768
1782828235398 0.14682871103286743 6769
1782828235399 0.06096068024635315 6770
1782828235401 0.14172250032424927 6771
1782828235402 0.04565971717238426 6772
1782828235404 0.09890127182006836 6773
1782828235405 0.031219447031617165 6774
1782828235406 0.08530405163764954 6775
1782828235408 0.008544429205358028 6776
1782828235409 0.1804831624031067 6777
1782828235410 0.012119699269533157 6778
1782828235412 0.2858806848526001 6779
1782828235413 0.3306635320186615 6780
1782828235415 0.0716651901602745 6781
1782828235416 0.116056427359581 6782
1782828235417 0.059379059821367264 6783
1782828235419 0.009809741750359535 6784
1782828235420 0.15252473950386047 6785
1782828235421 0.11854982376098633 6786
1782828235423 0.08499877154827118 6787
1782828235424 0.28895747661590576 6788
1782828235425 0.00851877499371767 6789
1782828235427 0.07028020173311234 6790
1782828235428 0.03769708797335625 6791
1782828235429 0.16408365964889526 6792
1782828235431 0.004322171211242676 6793
1782828235432 0.06091004237532616 6794
1782828235433 0.04300043359398842 6795
1782828235435 0.07175339758396149 6796
1782828235436 0.038543831557035446 6797
1782828235438 0.011953234672546387 6798
1782828235439 0.12994346022605896 6799
1782828235440 0.03492205962538719 6800
1782828235442 0.19807635247707367 6801
1782828235443 0.04818742349743843 6802
1782828235444 0.12057904154062271 6803
1782828235446 0.008921080268919468 6804
1782828235447 0.1158527061343193 6805
1782828235449 0.13047684729099274 6806
1782828235450 0.10326502472162247 6807
1782828235451 0.05140009894967079 6808
1782828235453 0.0768752321600914 6809
1782828235454 0.1252332180738449 6810
1782828235455 0.016504094004631042 6811
1782828235457 0.04009442776441574 6812
1782828235458 0.29009339213371277 6813
1782828235460 0.060856182128190994 6814
1782828235461 0.053739868104457855 6815
1782828235462 0.03792862221598625 6816
1782828235464 0.09076420962810516 6817
1782828235465 0.0179912056773901 6818
1782828235466 0.43508610129356384 6819
1782828235468 0.04384437948465347 6820
1782828235469 0.30952849984169006 6821
1782828235470 0.08708906918764114 6822
1782828235472 0.01780114322900772 6823
1782828235473 0.06211739405989647 6824
1782828235475 0.027801034972071648 6825
1782828235476 0.10609994828701019 6826
1782828235477 0.3558829724788666 6827
1782828235479 0.047376275062561035 6828
1782828235481 0.026034032925963402 6829
1782828235483 0.04497859627008438 6830
1782828235485 0.042001157999038696 6831
1782828235487 0.18891745805740356 6832
1782828235488 0.0026457253843545914 6833
1782828235489 0.019640574231743813 6834
1782828235491 0.015923740342259407 6835
1782828235492 0.03654565289616585 6836
1782828235494 0.0324215441942215 6837
1782828235496 0.06446456909179688 6838
1782828235498 0.12068860232830048 6839
1782828235500 0.010659824125468731 6840
1782828235501 0.18551230430603027 6841
1782828235503 0.1415420025587082 6842
1782828235504 0.04642627760767937 6843
1782828235506 0.04552490636706352 6844
1782828235508 0.11916036158800125 6845
1782828235510 0.10017740726470947 6846
1782828235512 0.07720105350017548 6847
1782828235513 0.07531732320785522 6848
1782828235515 0.19486834108829498 6849
1782828235516 0.09342687577009201 6850
1782828235518 0.11926637589931488 6851
1782828235519 0.06091887503862381 6852
1782828235522 0.01649453490972519 6853
1782828235524 0.009562985971570015 6854
1782828235526 0.05642283707857132 6855
1782828235528 0.044333361089229584 6856
1782828235529 0.010725836269557476 6857
1782828235531 0.04986737668514252 6858
1782828235532 0.02679472602903843 6859
1782828235534 0.04225482791662216 6860
1782828235536 0.16888321936130524 6861
1782828235538 0.007529977709054947 6862
1782828235540 0.009898367337882519 6863
1782828235541 0.18160180747509003 6864
1782828235543 0.16930902004241943 6865
1782828235544 0.07254398614168167 6866
1782828235546 0.07497358322143555 6867
1782828235548 0.007266689091920853 6868
1782828235550 0.07183656096458435 6869
1782828235552 0.034562379121780396 6870
1782828235554 0.00933520682156086 6871
1782828235555 0.06558604538440704 6872
1782828235556 0.007943208329379559 6873
1782828235558 0.18373969197273254 6874
1782828235560 0.10240136086940765 6875
1782828235561 0.025995740666985512 6876
1782828235563 0.06336532533168793 6877
1782828235565 0.03251905366778374 6878
1782828235567 0.03860906511545181 6879
1782828235569 0.10183756053447723 6880
1782828235570 0.1321762204170227 6881
1782828235571 0.010827562771737576 6882
1782828235573 0.00840297807008028 6883
1782828235575 0.1100165992975235 6884
1782828235577 0.013439984060823917 6885
1782828235579 0.24934536218643188 6886
1782828235581 0.224264457821846 6887
1782828235582 0.014239474199712276 6888
1782828235583 0.006557624787092209 6889
1782828235585 0.043840911239385605 6890
1782828235587 0.01650746539235115 6891
1782828235589 0.09873764961957932 6892
1782828235591 0.004484637640416622 6893
1782828235593 0.03839476779103279 6894
1782828235594 0.10781143605709076 6895
1782828235596 0.0023991959169507027 6896
1782828235597 0.1599118709564209 6897
1782828235599 0.024766763672232628 6898
1782828235600 0.19454340636730194 6899
1782828235602 0.08857821673154831 6900
1782828235604 0.10569150000810623 6901
1782828235606 0.06973522901535034 6902
1782828235608 0.08760712295770645 6903
1782828235609 0.14386038482189178 6904
1782828235611 0.007413291372358799 6905
1782828235612 0.09195886552333832 6906
1782828235614 0.01057380810379982 6907
1782828235615 0.03276968002319336 6908
1782828235617 0.03469910845160484 6909
1782828235619 0.3392138183116913 6910
1782828235621 0.030036168172955513 6911
1782828235623 0.04533233866095543 6912
1782828235625 0.029482506215572357 6913
1782828235626 0.010053161531686783 6914
1782828235629 0.036752257496118546 6915
1782828235631 0.06455320119857788 6916
1782828235632 0.037833072245121 6917
1782828235633 0.02626858837902546 6918
1782828235635 0.10499092191457748 6919
1782828235636 0.08597670495510101 6920
1782828235637 0.02530970610678196 6921
1782828235638 0.018374597653746605 6922
1782828235640 0.12364045530557632 6923
1782828235641 0.019806934520602226 6924
1782828235642 0.09250990301370621 6925
1782828235644 0.15393009781837463 6926
1782828235645 0.04926890879869461 6927
1782828235646 0.06683502346277237 6928
1782828235648 0.015450972132384777 6929
1782828235649 0.004826385993510485 6930
1782828235650 0.027354013174772263 6931
1782828235651 0.018440838903188705 6932
1782828235653 0.10195618867874146 6933
1782828235654 0.1910729855298996 6934
1782828235655 0.07274197041988373 6935
1782828235657 0.26094353199005127 6936
1782828235658 0.09869074076414108 6937
1782828235659 0.003826336469501257 6938
1782828235661 0.1883411705493927 6939
1782828235662 0.24099327623844147 6940
1782828235663 0.11847535520792007 6941
1782828235664 0.02603244036436081 6942
1782828235666 0.0456010177731514 6943
1782828235667 0.0312761552631855 6944
1782828235668 0.07917418330907822 6945
1782828235670 0.1631641387939453 6946
1782828235671 0.02034572884440422 6947
1782828235672 0.00884599331766367 6948
1782828235674 0.11254070699214935 6949
1782828235675 0.07317771762609482 6950
1782828235676 0.003119784640148282 6951
1782828235678 0.16761432588100433 6952
1782828235679 0.027905771508812904 6953
1782828235680 0.07983231544494629 6954
1782828235682 0.02776387520134449 6955
1782828235683 0.010442645289003849 6956
1782828235684 0.09746598452329636 6957
1782828235686 0.14659221470355988 6958
1782828235687 0.017842067405581474 6959
1782828235688 0.011612257920205593 6960
1782828235689 0.13585853576660156 6961
1782828235691 0.2719617486000061 6962
1782828235692 0.08541034162044525 6963
1782828235693 0.23390032351016998 6964
1782828235695 0.11133328825235367 6965
1782828235696 0.12091558426618576 6966
1782828235697 0.016668211668729782 6967
1782828235699 0.09605846554040909 6968
1782828235700 0.05592912435531616 6969
1782828235701 0.014773977920413017 6970
1782828235703 0.0553881973028183 6971
1782828235704 0.16990278661251068 6972
1782828235705 0.24246110022068024 6973
1782828235707 0.13809578120708466 6974
1782828235708 0.012263129465281963 6975
1782828235709 0.3697834610939026 6976
1782828235711 0.028926007449626923 6977
1782828235712 0.17438623309135437 6978
1782828235713 0.19390003383159637 6979
1782828235714 0.028835266828536987 6980
1782828235716 0.07288596779108047 6981
1782828235717 0.14860586822032928 6982
1782828235718 0.041710421442985535 6983
1782828235720 0.09490285068750381 6984
1782828235721 0.004016195423901081 6985
1782828235722 0.08085688948631287 6986
1782828235724 0.006814048625528812 6987
1782828235725 0.24700132012367249 6988
1782828235726 0.10175926238298416 6989
1782828235728 0.1357911080121994 6990
1782828235729 0.011067320592701435 6991
1782828235730 0.18886755406856537 6992
1782828235732 0.24421295523643494 6993
1782828235733 0.009305223822593689 6994
1782828235734 0.1443856954574585 6995
1782828235736 0.2065006047487259 6996
1782828235737 0.4515872299671173 6997
1782828235738 0.033910121768713 6998
1782828235740 0.2482476830482483 6999
1782828235741 0.08549319207668304 7000
1782828235742 0.11740449070930481 7001
1782828235744 0.07444659620523453 7002
1782828235745 0.1433362513780594 7003
1782828235746 0.10065830498933792 7004
1782828235748 0.047671280801296234 7005
1782828235749 0.08224207907915115 7006
1782828235750 0.01842457242310047 7007
1782828235752 0.015302319079637527 7008
1782828235753 0.035641346126794815 7009
1782828235754 0.06366778910160065 7010
1782828235755 0.008211261592805386 7011
1782828235757 0.03332458809018135 7012
1782828235758 0.027352210134267807 7013
1782828235759 0.029999924823641777 7014
1782828235761 0.004492851439863443 7015
1782828235762 0.04172426089644432 7016
1782828235763 0.05886333808302879 7017
1782828235765 0.01573498360812664 7018
1782828235766 0.2116982638835907 7019
1782828235768 0.02782958373427391 7020
1782828235769 0.018803801387548447 7021
1782828235770 0.19783921539783478 7022
1782828235772 0.11905459314584732 7023
1782828235773 0.019044119864702225 7024
1782828235774 0.10777581483125687 7025
1782828235776 0.031037023290991783 7026
1782828235777 0.013596992008388042 7027
1782828235778 0.06393281370401382 7028
1782828235780 0.02480708621442318 7029
1782828235781 0.09279457479715347 7030
1782828235782 0.08436565101146698 7031
1782828235784 0.1491619348526001 7032
1782828235785 0.056016091257333755 7033
1782828235786 0.033741094172000885 7034
1782828235788 0.017884688451886177 7035
1782828235789 0.1726694256067276 7036
1782828235790 0.12645089626312256 7037
1782828235792 0.12393233925104141 7038
1782828235793 0.08331376314163208 7039
1782828235794 0.011202405206859112 7040
1782828235795 0.08836669474840164 7041
1782828235797 0.13033299148082733 7042
1782828235798 0.006149108987301588 7043
1782828235799 0.49813926219940186 7044
1782828235801 0.08876265585422516 7045
1782828235802 0.022849716246128082 7046
1782828235803 0.026234040036797523 7047
1782828235805 0.033755648881196976 7048
1782828235806 0.19900867342948914 7049
1782828235807 0.07232115417718887 7050
1782828235809 0.06616730242967606 7051
1782828235810 0.2442059963941574 7052
1782828235811 0.0889074057340622 7053
1782828235812 0.1357743889093399 7054
1782828235814 0.03313010558485985 7055
1782828235815 0.0027958734426647425 7056
1782828235816 0.026632161810994148 7057
1782828235818 0.04185319319367409 7058
1782828235819 0.09493959695100784 7059
1782828235820 0.01075707282871008 7060
1782828235822 0.1449405699968338 7061
1782828235823 0.008480548858642578 7062
1782828235824 0.011994949541985989 7063
1782828235825 0.023912856355309486 7064
1782828235827 0.24532482028007507 7065
1782828235828 0.013111801818013191 7066
1782828235829 0.07419376075267792 7067
1782828235831 0.049651723355054855 7068
1782828235832 0.04472946375608444 7069
1782828235833 0.06661283224821091 7070
1782828235835 0.08500656485557556 7071
1782828235836 0.019937405362725258 7072
1782828235837 0.03602955862879753 7073
1782828235839 0.0022500494960695505 7074
1782828235840 0.01099034957587719 7075
1782828235841 0.04163921996951103 7076
1782828235843 0.012553777545690536 7077
1782828235844 0.0062192101031541824 7078
1782828235845 0.02222345396876335 7079
1782828235847 0.4000191390514374 7080
1782828235848 0.03077336587011814 7081
1782828235850 0.021087300032377243 7082
1782828235851 0.1261824667453766 7083
1782828235852 0.06898678094148636 7084
1782828235854 0.030170416459441185 7085
1782828235855 0.02912548929452896 7086
1782828235856 0.06086018681526184 7087
1782828235858 0.1425049751996994 7088
1782828235859 0.08885900676250458 7089
1782828235860 0.2708519697189331 7090
1782828235862 0.030960557982325554 7091
1782828235863 0.019504213705658913 7092
1782828235864 0.010601584799587727 7093
1782828235866 0.024547943845391273 7094
1782828235867 0.18109185993671417 7095
1782828235869 0.133891761302948 7096
1782828235870 0.28518998622894287 7097
1782828235871 0.012990305200219154 7098
1782828235873 0.11290276795625687 7099
1782828235874 0.21720610558986664 7100
1782828235875 0.10353124141693115 7101
1782828235877 0.5835860967636108 7102
1782828235878 0.06646221876144409 7103
1782828235879 0.013778658583760262 7104
1782828235881 0.008361714892089367 7105
1782828235882 0.09020908921957016 7106
1782828235883 0.07288036495447159 7107
1782828235885 0.17528192698955536 7108
1782828235886 0.05605031177401543 7109
1782828235887 0.1857868880033493 7110
1782828235889 0.007610624190419912 7111
1782828235890 0.058834951370954514 7112
1782828235891 0.08903626352548599 7113
1782828235893 0.04560121148824692 7114
1782828235894 0.055590324103832245 7115
1782828235895 0.07537444680929184 7116
1782828235897 0.009967605583369732 7117
1782828235898 0.025519471615552902 7118
1782828235899 0.06949175894260406 7119
1782828235901 0.019545352086424828 7120
1782828235902 0.08976396918296814 7121
1782828235903 0.035702385008335114 7122
1782828235905 0.028834247961640358 7123
1782828235906 0.3279575705528259 7124
1782828235907 0.006061022635549307 7125
1782828235909 0.013433021493256092 7126
1782828235910 0.03623604774475098 7127
1782828235911 0.0161259938031435 7128
1782828235913 0.08533849567174911 7129
1782828235914 0.13993634283542633 7130
1782828235915 0.028349054977297783 7131
1782828235917 0.05308535322546959 7132
1782828235918 0.03352474421262741 7133
1782828235920 0.11054249107837677 7134
1782828235921 0.23868803679943085 7135
1782828235922 0.25150442123413086 7136
1782828235923 0.0726017877459526 7137
1782828235925 0.020629169419407845 7138
1782828235926 0.019235387444496155 7139
1782828235927 0.03961162641644478 7140
1782828235929 0.007051936816424131 7141
1782828235930 0.07054977118968964 7142
1782828235931 0.03397107496857643 7143
1782828235932 0.2013898342847824 7144
1782828235934 0.22336643934249878 7145
1782828235935 0.03157681226730347 7146
1782828235937 0.019124718382954597 7147
1782828235938 0.07851852476596832 7148
1782828235939 0.09947042167186737 7149
1782828235941 0.09555275738239288 7150
1782828235942 0.1450672298669815 7151
1782828235943 0.21258866786956787 7152
1782828235945 0.20585043728351593 7153
1782828235946 0.02375837229192257 7154
1782828235947 0.03837231919169426 7155
1782828235949 0.1131572499871254 7156
1782828235950 0.02866707183420658 7157
1782828235951 0.008386367000639439 7158
1782828235953 0.05991670861840248 7159
1782828235954 0.15918654203414917 7160
1782828235955 0.049265164881944656 7161
1782828235957 0.28811949491500854 7162
1782828235958 0.015960050746798515 7163
1782828235959 0.45511338114738464 7164
1782828235961 0.11058452725410461 7165
1782828235962 0.024234600365161896 7166
1782828235963 0.006496949587017298 7167
1782828235965 0.00511196767911315 7168
1782828235966 0.03039621189236641 7169
1782828235967 0.08293230831623077 7170
1782828235970 0.2903958559036255 7171
1782828235971 0.20950810611248016 7172
1782828235973 0.149796262383461 7173
1782828235974 0.05832995846867561 7174
1782828235976 0.16550225019454956 7175
1782828235977 0.24104946851730347 7176
1782828235979 0.03639597445726395 7177
1782828235980 0.0035049805883318186 7178
1782828235982 0.006486636120826006 7179
1782828235983 0.21119940280914307 7180
1782828235985 0.018637387081980705 7181
1782828235986 0.19377388060092926 7182
1782828235988 0.04242642968893051 7183
1782828235989 0.04245627298951149 7184
1782828235991 0.12729360163211823 7185
1782828235992 0.043826211243867874 7186
1782828235994 0.014132080599665642 7187
1782828235995 0.13934554159641266 7188
1782828235997 0.13703832030296326 7189
1782828235998 0.05637843534350395 7190
1782828235999 0.09721352905035019 7191
1782828236001 0.02916550263762474 7192
1782828236002 0.031491056084632874 7193
1782828236004 0.0028079242911189795 7194
1782828236005 0.4456809163093567 7195
1782828236007 0.13599726557731628 7196
1782828236008 0.07064585387706757 7197
1782828236010 0.06852281093597412 7198
1782828236011 0.03255169838666916 7199
1782828236013 0.268266499042511 7200
1782828236014 0.40575507283210754 7201
1782828236015 0.015071863308548927 7202
1782828236017 0.005905234720557928 7203
1782828236018 0.17853590846061707 7204
1782828236020 0.033886708319187164 7205
1782828236021 0.07254839688539505 7206
1782828236023 0.006491686217486858 7207
1782828236024 0.02130356803536415 7208
1782828236026 0.054762035608291626 7209
1782828236027 0.01123005896806717 7210
1782828236029 0.06392510235309601 7211
1782828236030 0.019090168178081512 7212
1782828236031 0.08098401874303818 7213
1782828236033 0.14143508672714233 7214
1782828236034 0.07460273057222366 7215
1782828236036 0.029963959008455276 7216
1782828236037 0.12631984055042267 7217
1782828236039 0.007919128984212875 7218
1782828236040 0.24546822905540466 7219
1782828236041 0.13696865737438202 7220
1782828236043 0.01439617294818163 7221
1782828236044 0.010102655738592148 7222
1782828236046 0.08712731301784515 7223
1782828236047 0.03649333491921425 7224
1782828236049 0.07123972475528717 7225
1782828236050 0.06785101443529129 7226
1782828236051 0.10264195501804352 7227
1782828236053 0.033494383096694946 7228
1782828236054 0.0443628691136837 7229
1782828236056 0.02151678130030632 7230
1782828236057 0.2111372947692871 7231
1782828236059 0.16180992126464844 7232
1782828236060 0.11022453010082245 7233
1782828236061 0.013363202102482319 7234
1782828236063 0.01242914516478777 7235
1782828236064 0.13524504005908966 7236
1782828236066 0.18954867124557495 7237
1782828236067 0.11592619121074677 7238
1782828236068 0.033166736364364624 7239
1782828236070 0.02562534064054489 7240
1782828236071 0.07174349576234818 7241
1782828236073 0.12056586146354675 7242
1782828236074 0.12945926189422607 7243
1782828236076 0.1578856110572815 7244
1782828236077 0.03593951091170311 7245
1782828236079 0.05372815579175949 7246
1782828236080 0.23581911623477936 7247
1782828236081 0.06885752826929092 7248
1782828236083 0.007406546268612146 7249
1782828236084 0.09707948565483093 7250
1782828236086 0.009991391561925411 7251
1782828236087 0.030786089599132538 7252
1782828236089 0.06289026886224747 7253
1782828236090 0.04062071442604065 7254
1782828236092 0.045308828353881836 7255
1782828236093 0.11993741244077682 7256
1782828236094 0.06638363003730774 7257
1782828236096 0.14549626410007477 7258
1782828236097 0.11420392245054245 7259
1782828236099 0.06866489350795746 7260
1782828236100 0.05981339514255524 7261
1782828236102 0.009719577617943287 7262
1782828236103 0.06667237728834152 7263
1782828236104 0.0716605931520462 7264
1782828236106 0.07847843319177628 7265
1782828236107 0.01248958706855774 7266
1782828236109 0.18429666757583618 7267
1782828236110 0.3181193172931671 7268
1782828236112 0.08832937479019165 7269
1782828236113 0.06914345175027847 7270
1782828236115 0.07757053524255753 7271
1782828236116 0.11886967718601227 7272
1782828236117 0.06160833314061165 7273
1782828236119 0.00600768905133009 7274
1782828236120 0.011393433436751366 7275
1782828236122 0.08148781955242157 7276
1782828236123 0.019527103751897812 7277
1782828236125 0.03789622709155083 7278
1782828236126 0.08409912884235382 7279
1782828236128 0.03735380619764328 7280
1782828236129 0.11710375547409058 7281
1782828236130 0.09841103106737137 7282
1782828236132 0.13676828145980835 7283
1782828236133 0.06325998902320862 7284
1782828236135 0.04372989758849144 7285
1782828236136 0.019547365605831146 7286
1782828236138 0.03331766650080681 7287
1782828236139 0.16234758496284485 7288
1782828236141 0.1446983814239502 7289
1782828236142 0.105234295129776 7290
1782828236144 0.043238382786512375 7291
1782828236145 0.1765056997537613 7292
1782828236146 0.06598209589719772 7293
1782828236148 0.0686013326048851 7294
1782828236149 0.18853828310966492 7295
1782828236151 0.06784266233444214 7296
1782828236152 0.123481884598732 7297
1782828236154 0.03350256383419037 7298
1782828236155 0.06575611978769302 7299
1782828236156 0.004988702479749918 7300
1782828236158 0.016313113272190094 7301
1782828236159 0.017650211229920387 7302
1782828236161 0.20176808536052704 7303
1782828236162 0.06748757511377335 7304
1782828236164 0.03304139897227287 7305
1782828236165 0.17424508929252625 7306
1782828236167 0.05462871119379997 7307
1782828236168 0.013537624850869179 7308
1782828236170 0.005754618905484676 7309
1782828236171 0.08208172768354416 7310
1782828236173 0.06595767289400101 7311
1782828236175 0.18065093457698822 7312
1782828236176 0.08000057190656662 7313
1782828236177 0.09066340327262878 7314
1782828236179 0.11463385820388794 7315
1782828236180 0.03135771304368973 7316
1782828236182 0.013120954856276512 7317
1782828236183 0.06082066893577576 7318
1782828236188 0.011119781993329525 7319
1782828236191 0.26361629366874695 7320
1782828236193 0.057416655123233795 7321
1782828236194 0.011322004720568657 7322
1782828236197 0.022318407893180847 7323
1782828236199 0.005473279859870672 7324
1782828236201 0.02372736483812332 7325
1782828236203 0.005982331000268459 7326
1782828236204 0.19063399732112885 7327
1782828236206 0.036630675196647644 7328
1782828236208 0.015662821009755135 7329
1782828236210 0.056185077875852585 7330
1782828236212 0.026769928634166718 7331
1782828236213 0.023223618045449257 7332
1782828236215 0.031886547803878784 7333
1782828236216 0.013836433179676533 7334
1782828236218 0.7416309118270874 7335
1782828236219 0.08061552792787552 7336
1782828236220 0.08770229667425156 7337
1782828236222 0.06085619330406189 7338
1782828236223 0.10101722925901413 7339
1782828236225 0.19251658022403717 7340
1782828236226 0.19341367483139038 7341
1782828236227 0.15007546544075012 7342
1782828236229 0.09980381280183792 7343
1782828236230 0.009246790781617165 7344
1782828236232 0.023547422140836716 7345
1782828236233 0.0994424894452095 7346
1782828236234 0.05960547924041748 7347
1782828236236 0.24420391023159027 7348
1782828236237 0.013197273015975952 7349
1782828236238 0.23234322667121887 7350
1782828236240 0.13474814593791962 7351
1782828236241 0.15767522156238556 7352
1782828236243 0.033165186643600464 7353
1782828236244 0.10881797224283218 7354
1782828236245 0.4245481789112091 7355
1782828236247 0.18093858659267426 7356
1782828236248 0.07364121824502945 7357
1782828236250 0.1406184434890747 7358
1782828236251 0.5201375484466553 7359
1782828236253 0.055277563631534576 7360
1782828236254 0.17721909284591675 7361
1782828236256 0.11999733000993729 7362
1782828236257 0.1038116067647934 7363
1782828236258 0.12429141253232956 7364
1782828236260 0.17722736299037933 7365
1782828236261 0.04467170313000679 7366
1782828236263 0.12385262548923492 7367
1782828236264 0.06690419465303421 7368
1782828236267 0.20349180698394775 7369
1782828236268 0.009790359064936638 7370
1782828236269 0.437463641166687 7371
1782828236271 0.059647608548402786 7372
1782828236272 0.36588340997695923 7373
1782828236274 0.026601260527968407 7374
1782828236275 0.04155122861266136 7375
1782828236277 0.01723666489124298 7376
1782828236278 0.030592622235417366 7377
1782828236280 0.03745314106345177 7378
1782828236281 0.02654389664530754 7379
1782828236283 0.0343136340379715 7380
1782828236284 0.06438234448432922 7381
1782828236285 0.046059250831604004 7382
1782828236287 0.03729900345206261 7383
1782828236288 0.12235137075185776 7384
1782828236290 0.04192265495657921 7385
1782828236291 0.21039490401744843 7386
1782828236293 0.007346722297370434 7387
1782828236294 0.0070349988527596 7388
1782828236295 0.050160955637693405 7389
1782828236297 0.014482378959655762 7390
1782828236298 0.2048172652721405 7391
1782828236300 0.05200003832578659 7392
1782828236301 0.19282613694667816 7393
1782828236303 0.02269865572452545 7394
1782828236304 0.028144676238298416 7395
1782828236306 0.136151984333992 7396
1782828236307 0.16064326465129852 7397
1782828236308 0.051190026104450226 7398
1782828236310 0.07366596907377243 7399
1782828236311 0.09146114438772202 7400
1782828236313 0.1419166922569275 7401
1782828236314 0.051190465688705444 7402
1782828236316 0.0213178563863039 7403
1782828236317 0.11754697561264038 7404
1782828236318 0.051755622029304504 7405
1782828236320 0.13181091845035553 7406
1782828236321 0.045168232172727585 7407
1782828236323 0.06017870455980301 7408
1782828236324 0.06741835922002792 7409
1782828236326 0.034662067890167236 7410
1782828236327 0.13401588797569275 7411
1782828236328 0.01940835267305374 7412
1782828236330 0.02009609527885914 7413
1782828236331 0.03259963542222977 7414
1782828236333 0.15666194260120392 7415
1782828236334 0.15609823167324066 7416
1782828236335 0.170973539352417 7417
1782828236337 0.031455688178539276 7418
1782828236338 0.09248039871454239 7419
1782828236340 0.0021666742395609617 7420
1782828236341 0.12915974855422974 7421
1782828236342 0.07266543060541153 7422
1782828236344 0.016967829316854477 7423
1782828236345 0.15878872573375702 7424
1782828236347 0.20926880836486816 7425
1782828236348 0.08470034599304199 7426
1782828236349 0.01806515082716942 7427
1782828236351 0.05441932752728462 7428
1782828236352 0.32806840538978577 7429
1782828236354 0.01460698526352644 7430
1782828236355 0.009844357147812843 7431
1782828236357 0.03065568581223488 7432
1782828236358 0.214570552110672 7433
1782828236360 0.07195614278316498 7434
1782828236361 0.09613547474145889 7435
1782828236362 0.01103025022894144 7436
1782828236364 0.06184693053364754 7437
1782828236365 0.01856965757906437 7438
1782828236367 0.14886637032032013 7439
1782828236368 0.0038881124928593636 7440
1782828236369 0.10722014307975769 7441
1782828236371 0.1761789470911026 7442
1782828236372 0.23627325892448425 7443
1782828236374 0.4366205632686615 7444
1782828236375 0.03076854906976223 7445
1782828236377 0.05784682556986809 7446
1782828236378 0.20887607336044312 7447
1782828236379 0.0883176401257515 7448
1782828236381 0.10346698015928268 7449
1782828236382 0.08216782659292221 7450
1782828236384 0.3544440269470215 7451
1782828236385 0.24232786893844604 7452
1782828236387 0.039893198758363724 7453
1782828236388 0.03814701363444328 7454
1782828236389 0.02485566958785057 7455
1782828236391 0.08887261897325516 7456
1782828236392 0.0233635101467371 7457
1782828236394 0.31417116522789 7458
1782828236395 0.038347143679857254 7459
1782828236397 0.02714371494948864 7460
1782828236398 0.10717944800853729 7461
1782828236399 0.060767725110054016 7462
1782828236401 0.1695629209280014 7463
1782828236402 0.01573396846652031 7464
1782828236404 0.03875473141670227 7465
1782828236405 0.06768570840358734 7466
1782828236407 0.012849556282162666 7467
1782828236408 0.041885893791913986 7468
1782828236409 0.13805945217609406 7469
1782828236411 0.060652364045381546 7470
1782828236412 0.10359504818916321 7471
1782828236414 0.1921011358499527 7472
1782828236415 0.021507112309336662 7473
1782828236417 0.06807281821966171 7474
1782828236418 0.04617824777960777 7475
1782828236420 0.029948046430945396 7476
1782828236421 0.09708563983440399 7477
1782828236422 0.05594565346837044 7478
1782828236424 0.05641698092222214 7479
1782828236425 0.13370521366596222 7480
1782828236427 0.04056989401578903 7481
1782828236428 0.1921781301498413 7482
1782828236430 0.11992320418357849 7483
1782828236431 0.010976231656968594 7484
1782828236432 0.06506964564323425 7485
1782828236434 0.07754853367805481 7486
1782828236435 0.0030768432188779116 7487
1782828236437 0.27924206852912903 7488
1782828236438 0.06536965072154999 7489
1782828236440 0.025009730830788612 7490
1782828236441 0.11056651920080185 7491
1782828236442 0.07793744653463364 7492
1782828236444 0.005752189550548792 7493
1782828236445 0.05210697278380394 7494
1782828236447 0.028216945007443428 7495
1782828236448 0.08334019035100937 7496
1782828236450 0.028765836730599403 7497
1782828236451 0.1494600623846054 7498
1782828236453 0.06407612562179565 7499
1782828236578 0.010218167677521706 7500
1782828236580 0.08111549913883209 7501
1782828236581 0.05664072930812836 7502
1782828236583 0.3155078589916229 7503
1782828236584 0.0660284087061882 7504
1782828236586 0.03036499209702015 7505
1782828236587 0.01671639271080494 7506
1782828236589 0.041775476187467575 7507
1782828236590 0.12080793082714081 7508
1782828236592 0.04499540850520134 7509
1782828236593 0.007192323449999094 7510
1782828236595 0.24778994917869568 7511
1782828236597 0.16988520324230194 7512
1782828236598 0.2944234013557434 7513
1782828236600 0.018422188237309456 7514
1782828236601 0.05371323600411415 7515
1782828236602 0.0671980082988739 7516
1782828236604 0.223246231675148 7517
1782828236605 0.013016586191952229 7518
1782828236607 0.13629744946956635 7519
1782828236608 0.0035716223064810038 7520
1782828236610 0.18305082619190216 7521
1782828236611 0.08900107443332672 7522
1782828236612 0.025055430829524994 7523
1782828236614 0.1136237233877182 7524
1782828236615 0.1258494257926941 7525
1782828236617 0.04419369995594025 7526
1782828236618 0.16090399026870728 7527
1782828236620 0.15822875499725342 7528
1782828236621 0.07344923168420792 7529
1782828236622 0.045318398624658585 7530
1782828236624 0.06683196872472763 7531
1782828236625 0.04982978105545044 7532
1782828236627 0.038442786782979965 7533
1782828236628 0.07402676343917847 7534
1782828236630 0.005836824420839548 7535
1782828236631 0.03928949683904648 7536
1782828236632 0.005530883092433214 7537
1782828236634 0.039047908037900925 7538
1782828236635 0.2814534604549408 7539
1782828236636 0.10576098412275314 7540
1782828236638 0.09676564484834671 7541
1782828236640 0.05482247844338417 7542
1782828236641 0.1544889509677887 7543
1782828236643 0.01125201117247343 7544
1782828236645 0.06149677559733391 7545
1782828236647 0.025038033723831177 7546
1782828236649 0.09805026650428772 7547
1782828236651 0.03054025210440159 7548
1782828236653 0.005327161867171526 7549
1782828236655 0.05629422888159752 7550
1782828236657 0.09394460916519165 7551
1782828236659 0.017818748950958252 7552
1782828236661 0.015827955678105354 7553
1782828236663 0.005197158548980951 7554
1782828236665 0.07327482849359512 7555
1782828236667 0.06845967471599579 7556
1782828236669 0.03235263377428055 7557
1782828236671 0.11734847724437714 7558
1782828236673 0.0020607225596904755 7559
1782828236675 0.05755643546581268 7560
1782828236676 0.06425351649522781 7561
1782828236678 0.03559325262904167 7562
1782828236679 0.08318767696619034 7563
1782828236680 0.03130721300840378 7564
1782828236682 0.04071381315588951 7565
1782828236683 0.012588562443852425 7566
1782828236685 0.03423701599240303 7567
1782828236686 0.013978173024952412 7568
1782828236688 0.23283185064792633 7569
1782828236689 0.012472927570343018 7570
1782828236691 0.22619621455669403 7571
1782828236692 0.07053261250257492 7572
1782828236693 0.060630690306425095 7573
1782828236695 0.11317747086286545 7574
1782828236696 0.1834568977355957 7575
1782828236698 0.015329206362366676 7576
1782828236699 0.019979510456323624 7577
1782828236700 0.017282333225011826 7578
1782828236702 0.05100029334425926 7579
1782828236703 0.013505742885172367 7580
1782828236705 0.045967403799295425 7581
1782828236706 0.14953073859214783 7582
1782828236708 0.053786750882864 7583
1782828236709 0.03208501636981964 7584
1782828236710 0.1142040491104126 7585
1782828236712 0.07954239100217819 7586
1782828236713 0.0012714846525341272 7587
1782828236715 0.006826094817370176 7588
1782828236716 0.01446826197206974 7589
1782828236717 0.015865659341216087 7590
1782828236719 0.08414708822965622 7591
1782828236720 0.05800621211528778 7592
1782828236721 0.014917046763002872 7593
1782828236723 0.223080113530159 7594
1782828236724 0.04538603872060776 7595
1782828236726 0.08896220475435257 7596
1782828236727 0.05223254859447479 7597
1782828236728 0.03808683902025223 7598
1782828236730 0.02864638715982437 7599
1782828236731 0.031008368358016014 7600
1782828236732 0.06011208891868591 7601
1782828236734 0.018918678164482117 7602
1782828236735 0.22624802589416504 7603
1782828236736 0.14714987576007843 7604
1782828236738 0.006369480397552252 7605
1782828236739 0.07358741015195847 7606
1782828236740 0.058815304189920425 7607
1782828236742 0.03711126744747162 7608
1782828236743 0.009185848757624626 7609
1782828236745 0.0036378279328346252 7610
1782828236746 0.06547866761684418 7611
1782828236747 0.05354919657111168 7612
1782828236749 0.04405684396624565 7613
1782828236750 0.007266842760145664 7614
1782828236752 0.024345533922314644 7615
1782828236753 0.010967053472995758 7616
1782828236755 0.10042877495288849 7617
1782828236756 0.05486486852169037 7618
1782828236758 0.011163451708853245 7619
1782828236759 0.03742806240916252 7620
1782828236760 0.13384169340133667 7621
1782828236762 0.1588343381881714 7622
1782828236763 0.04931802675127983 7623
1782828236764 0.020490707829594612 7624
1782828236766 0.004844931419938803 7625
1782828236767 0.024758249521255493 7626
1782828236768 0.032317448407411575 7627
1782828236770 0.02958972007036209 7628
1782828236771 0.10757426917552948 7629
1782828236773 0.05998622998595238 7630
1782828236774 0.04295208677649498 7631
1782828236775 0.24363136291503906 7632
1782828236776 0.036517247557640076 7633
1782828236778 0.007333910092711449 7634
1782828236779 0.003360976930707693 7635
1782828236780 0.40012645721435547 7636
1782828236782 0.10403254628181458 7637
1782828236783 0.040469586849212646 7638
1782828236785 0.003819775767624378 7639
1782828236786 0.017276624217629433 7640
1782828236788 0.1514468491077423 7641
1782828236789 0.08210383355617523 7642
1782828236790 0.1325104832649231 7643
1782828236792 0.053297363221645355 7644
1782828236793 0.038105953484773636 7645
1782828236795 0.01784832961857319 7646
1782828236796 0.023283280432224274 7647
1782828236797 0.07641029357910156 7648
1782828236799 0.11697909981012344 7649
1782828236800 0.020885789766907692 7650
1782828236802 0.009221094660460949 7651
1782828236803 0.01069122925400734 7652
1782828236805 0.012762694619596004 7653
1782828236806 0.07426279038190842 7654
1782828236807 0.0024614674039185047 7655
1782828236809 0.07435378432273865 7656
1782828236810 0.16447079181671143 7657
1782828236812 0.1906895637512207 7658
1782828236813 0.0615360364317894 7659
1782828236815 0.008905358612537384 7660
1782828236816 0.02446141466498375 7661
1782828236817 0.026002516970038414 7662
1782828236819 0.018199678510427475 7663
1782828236820 0.09298098832368851 7664
1782828236822 0.03526432812213898 7665
1782828236823 0.011398136615753174 7666
1782828236825 0.010876771062612534 7667
1782828236826 0.10393038392066956 7668
1782828236827 0.07165595889091492 7669
1782828236829 0.023081349208950996 7670
1782828236830 0.05682859197258949 7671
1782828236832 0.037681568413972855 7672
1782828236833 0.08987782150506973 7673
1782828236834 0.012432578951120377 7674
1782828236836 0.009332358837127686 7675
1782828236837 0.025071358308196068 7676
1782828236839 0.04306893050670624 7677
1782828236840 0.024597514420747757 7678
1782828236842 0.028840774670243263 7679
1782828236843 0.15199145674705505 7680
1782828236844 0.011740603484213352 7681
1782828236846 0.0021731508895754814 7682
1782828236847 0.03154054284095764 7683
1782828236849 0.14340171217918396 7684
1782828236850 0.0025004229974001646 7685
1782828236851 0.10940026491880417 7686
1782828236853 0.127555251121521 7687
1782828236854 0.5280047655105591 7688
1782828236856 0.017388220876455307 7689
1782828236857 0.0574546679854393 7690
1782828236858 0.025439247488975525 7691
1782828236860 0.06093793734908104 7692
1782828236861 0.1814195066690445 7693
1782828236863 0.010375000536441803 7694
1782828236864 0.017812106758356094 7695
1782828236866 0.09282992780208588 7696
1782828236867 0.030108153820037842 7697
1782828236868 0.035233478993177414 7698
1782828236870 0.012912353500723839 7699
1782828236871 0.31069207191467285 7700
1782828236873 0.009208324365317822 7701
1782828236874 0.10683316737413406 7702
1782828236875 0.00496521545574069 7703
1782828236877 0.027170637622475624 7704
1782828236878 0.06911247968673706 7705
1782828236879 0.05810604989528656 7706
1782828236881 0.11630123108625412 7707
1782828236882 0.01777808926999569 7708
1782828236883 0.014776510186493397 7709
1782828236885 0.010535068809986115 7710
1782828236886 0.02204340510070324 7711
1782828236887 0.0776309072971344 7712
1782828236889 0.11276323348283768 7713
1782828236890 0.23101936280727386 7714
1782828236891 0.04816998913884163 7715
1782828236893 0.025430859997868538 7716
1782828236894 0.019134096801280975 7717
1782828236895 0.16899001598358154 7718
1782828236897 0.0054297964088618755 7719
1782828236898 0.045585997402668 7720
1782828236899 0.0700000450015068 7721
1782828236901 0.08715954422950745 7722
1782828236902 0.004455018788576126 7723
1782828236903 0.042466066777706146 7724
1782828236905 0.09424115717411041 7725
1782828236906 0.041560906916856766 7726
1782828236907 0.0034253308549523354 7727
1782828236909 0.031024975702166557 7728
1782828236910 0.08007591217756271 7729
1782828236911 0.06735152006149292 7730
1782828236913 0.07787363231182098 7731
1782828236914 0.10434409976005554 7732
1782828236915 0.18876194953918457 7733
1782828236917 0.2651849687099457 7734
1782828236918 0.02210489846765995 7735
1782828236919 0.05852986127138138 7736
1782828236921 0.03595191240310669 7737
1782828236922 0.15783807635307312 7738
1782828236923 0.03816443681716919 7739
1782828236925 0.07107103615999222 7740
1782828236926 0.16132956743240356 7741
1782828236927 0.01587919518351555 7742
1782828236928 0.015769261866807938 7743
1782828236930 0.27289146184921265 7744
1782828236931 0.00966388639062643 7745
1782828236932 0.06816338002681732 7746
1782828236934 0.010570690035820007 7747
1782828236935 0.020459847524762154 7748
1782828236936 0.21167701482772827 7749
1782828236938 0.09955812245607376 7750
1782828236939 0.03793134540319443 7751
1782828236940 0.020671620965003967 7752
1782828236942 0.017560239881277084 7753
1782828236943 0.013724179938435555 7754
1782828236945 0.03294435888528824 7755
1782828236946 0.06308355182409286 7756
1782828236947 0.0345144048333168 7757
1782828236949 0.032137446105480194 7758
1782828236950 0.026020970195531845 7759
1782828236951 0.043972332030534744 7760
1782828236953 0.13817591965198517 7761
1782828236954 0.038806408643722534 7762
1782828236955 0.14677909016609192 7763
1782828236957 0.03434070199728012 7764
1782828236958 0.25419461727142334 7765
1782828236960 0.02490256167948246 7766
1782828236961 0.006214552093297243 7767
1782828236962 0.0429924800992012 7768
1782828236964 0.08857472240924835 7769
1782828236965 0.02587396837770939 7770
1782828236967 0.12310826033353806 7771
1782828236968 0.08478192985057831 7772
1782828236970 0.054960064589977264 7773
1782828236971 0.005636688321828842 7774
1782828236973 0.0023482469841837883 7775
1782828236974 0.04242773726582527 7776
1782828236976 0.07062128931283951 7777
1782828236977 0.1421661376953125 7778
1782828236979 0.0685763731598854 7779
1782828236980 0.04942451789975166 7780
1782828236981 0.012177801690995693 7781
1782828236983 0.07685542106628418 7782
1782828236984 0.016899846494197845 7783
1782828236986 0.17548537254333496 7784
1782828236987 0.030701616778969765 7785
1782828236989 0.01466217078268528 7786
1782828236990 0.022160833701491356 7787
1782828236991 0.003964280243963003 7788
1782828236993 0.061948347836732864 7789
1782828236994 0.08571916818618774 7790
1782828236996 0.10812415927648544 7791
1782828236997 0.05348992347717285 7792
1782828236998 0.03762436285614967 7793
1782828237000 0.1790304183959961 7794
1782828237001 0.1383104771375656 7795
1782828237003 0.009102645330131054 7796
1782828237004 0.03259570896625519 7797
1782828237006 0.008163157850503922 7798
1782828237007 0.04218297451734543 7799
1782828237008 0.012476366013288498 7800
1782828237010 0.0878797098994255 7801
1782828237011 0.019403614103794098 7802
1782828237013 0.04938540980219841 7803
1782828237014 0.2612471878528595 7804
1782828237016 0.16027458012104034 7805
1782828237017 0.04427032172679901 7806
1782828237019 0.010789560154080391 7807
1782828237021 0.2250293642282486 7808
1782828237022 0.005332581698894501 7809
1782828237023 0.2145175039768219 7810
1782828237025 0.1189047247171402 7811
1782828237026 0.002395360032096505 7812
1782828237028 0.10057839006185532 7813
1782828237029 0.029316961765289307 7814
1782828237031 0.028838559985160828 7815
1782828237032 0.13330301642417908 7816
1782828237033 0.02339205890893936 7817
1782828237035 0.15799593925476074 7818
1782828237036 0.08609979599714279 7819
1782828237038 0.07245341688394547 7820
1782828237039 0.09830570966005325 7821
1782828237040 0.2274949699640274 7822
1782828237042 0.009357294999063015 7823
1782828237043 0.04163162410259247 7824
1782828237045 0.022360360249876976 7825
1782828237046 0.08721379935741425 7826
1782828237047 0.08962991088628769 7827
1782828237049 0.00974226463586092 7828
1782828237050 0.0047137499786913395 7829
1782828237052 0.03695277124643326 7830
1782828237053 0.06524061411619186 7831
1782828237054 0.1414942592382431 7832
1782828237056 0.1362762153148651 7833
1782828237057 0.052064210176467896 7834
1782828237059 0.05669402331113815 7835
1782828237060 0.005591029766947031 7836
1782828237062 0.01219722256064415 7837
1782828237063 0.19534677267074585 7838
1782828237064 0.015837430953979492 7839
1782828237066 0.11699366569519043 7840
1782828237067 0.11903674900531769 7841
1782828237069 0.01666932925581932 7842
1782828237070 0.15787002444267273 7843
1782828237071 0.04256753250956535 7844
1782828237073 0.03699186071753502 7845
1782828237074 0.01829877495765686 7846
1782828237076 0.004836606793105602 7847
1782828237077 0.046818993985652924 7848
1782828237078 0.004164343699812889 7849
1782828237080 0.058994390070438385 7850
1782828237081 0.024261094629764557 7851
1782828237082 0.02496081218123436 7852
1782828237084 0.32987305521965027 7853
1782828237085 0.2703430652618408 7854
1782828237086 0.019014235585927963 7855
1782828237088 0.008322734385728836 7856
1782828237089 0.2194424867630005 7857
1782828237090 0.13986912369728088 7858
1782828237092 0.08105648308992386 7859
1782828237098 0.1307428926229477 7860
1782828237099 0.009670202620327473 7861
1782828237100 0.04525010287761688 7862
1782828237101 0.06993473321199417 7863
1782828237103 0.008381546474993229 7864
1782828237104 0.0024897833354771137 7865
1782828237105 0.0729200541973114 7866
1782828237107 0.29798561334609985 7867
1782828237108 0.04393870010972023 7868
1782828237109 0.06799805909395218 7869
1782828237110 0.012035897932946682 7870
1782828237112 0.0364244282245636 7871
1782828237113 0.035432275384664536 7872
1782828237114 0.01786154881119728 7873
1782828237116 0.05068095773458481 7874
1782828237117 0.0059767188504338264 7875
1782828237118 0.1809806078672409 7876
1782828237119 0.03699081018567085 7877
1782828237121 0.007369965314865112 7878
1782828237122 0.052463337779045105 7879
1782828237123 0.3074396848678589 7880
1782828237125 0.11049021780490875 7881
1782828237126 0.062491703778505325 7882
1782828237127 0.02790945954620838 7883
1782828237129 0.025871483609080315 7884
1782828237130 0.053267352283000946 7885
1782828237131 0.2767658829689026 7886
1782828237133 0.004938121885061264 7887
1782828237134 0.05420218035578728 7888
1782828237135 0.039828140288591385 7889
1782828237137 0.14643993973731995 7890
1782828237138 0.017087187618017197 7891
1782828237139 0.038658224046230316 7892
1782828237140 0.05590080842375755 7893
1782828237142 0.06019572913646698 7894
1782828237143 0.020150575786828995 7895
1782828237144 0.09757430106401443 7896
1782828237146 0.03048187680542469 7897
1782828237147 0.008573056198656559 7898
1782828237148 0.01807532273232937 7899
1782828237150 0.06993914395570755 7900
1782828237151 0.24171799421310425 7901
1782828237152 0.17538705468177795 7902
1782828237153 0.0049916161224246025 7903
1782828237155 0.07413742691278458 7904
1782828237156 0.037512585520744324 7905
1782828237157 0.06688925623893738 7906
1782828237159 0.12350010126829147 7907
1782828237160 0.01488685142248869 7908
1782828237161 0.010867075994610786 7909
1782828237163 0.009907908737659454 7910
1782828237164 0.1081644743680954 7911
1782828237165 0.11279656738042831 7912
1782828237167 0.08681286871433258 7913
1782828237168 0.0007503034430555999 7914
1782828237170 0.10262339562177658 7915
1782828237172 0.09199634939432144 7916
1782828237173 0.06372491270303726 7917
1782828237175 0.11350893974304199 7918
1782828237176 0.10468859225511551 7919
1782828237177 0.0032209763303399086 7920
1782828237179 0.06930679827928543 7921
1782828237180 0.16538378596305847 7922
1782828237182 0.2052583396434784 7923
1782828237183 0.14080189168453217 7924
1782828237185 0.007745847105979919 7925
1782828237186 0.03416282311081886 7926
1782828237187 0.05864816531538963 7927
1782828237189 0.0035438667982816696 7928
1782828237190 0.00555756501853466 7929
1782828237192 0.0787922814488411 7930
1782828237193 0.20908230543136597 7931
1782828237195 0.06031864508986473 7932
1782828237196 0.15456748008728027 7933
1782828237197 0.01851358450949192 7934
1782828237199 0.04493529722094536 7935
1782828237200 0.12332405149936676 7936
1782828237202 0.0599292516708374 7937
1782828237203 0.0658203586935997 7938
1782828237205 0.027070188894867897 7939
1782828237206 0.1594727635383606 7940
1782828237208 0.08607441931962967 7941
1782828237209 0.329696923494339 7942
1782828237210 0.12133346498012543 7943
1782828237212 0.026018135249614716 7944
1782828237213 0.10620692372322083 7945
1782828237215 0.1620931178331375 7946
1782828237216 0.2263462096452713 7947
1782828237217 0.05724870041012764 7948
1782828237219 0.030621076002717018 7949
1782828237220 0.0763218104839325 7950
1782828237222 0.009936519898474216 7951
1782828237223 0.0823802500963211 7952
1782828237224 0.038232751190662384 7953
1782828237226 0.1687898337841034 7954
1782828237227 0.06890089064836502 7955
1782828237229 0.1390620619058609 7956
1782828237230 0.12541042268276215 7957
1782828237232 0.013725792989134789 7958
1782828237233 0.028074875473976135 7959
1782828237234 0.00946857687085867 7960
1782828237236 0.16674765944480896 7961
1782828237237 0.02457667700946331 7962
1782828237239 0.034490447491407394 7963
1782828237240 0.15208198130130768 7964
1782828237241 0.1346910297870636 7965
1782828237243 0.4311552941799164 7966
1782828237244 0.19719849526882172 7967
1782828237246 0.03106115758419037 7968
1782828237247 0.02999735437333584 7969
1782828237249 0.004540727473795414 7970
1782828237250 0.03029095195233822 7971
1782828237251 0.42790132761001587 7972
1782828237253 0.07647811621427536 7973
1782828237254 0.005174567922949791 7974
1782828237255 0.24873627722263336 7975
1782828237257 0.09930945187807083 7976
1782828237258 0.06019659712910652 7977
1782828237260 0.21175333857536316 7978
1782828237261 0.1745329350233078 7979
1782828237263 0.05145765841007233 7980
1782828237264 0.07460972666740417 7981
1782828237267 0.11827461421489716 7982
1782828237268 0.018625473603606224 7983
1782828237270 0.27205100655555725 7984
1782828237271 0.06821237504482269 7985
1782828237273 0.05587143078446388 7986
1782828237274 0.011419142596423626 7987
1782828237275 0.030731556937098503 7988
1782828237277 0.011832090094685555 7989
1782828237278 0.1636689007282257 7990
1782828237279 0.028051454573869705 7991
1782828237281 0.0981263816356659 7992
1782828237282 0.020618226379156113 7993
1782828237283 0.3785157799720764 7994
1782828237284 0.018605155870318413 7995
1782828237286 0.10713259875774384 7996
1782828237287 0.06719464808702469 7997
1782828237288 0.22494947910308838 7998
1782828237290 0.07857804000377655 7999
1782828237291 0.1761031150817871 8000
1782828237293 0.06038840860128403 8001
1782828237294 0.037135619670152664 8002
1782828237296 0.06629776209592819 8003
1782828237297 0.003749375930055976 8004
1782828237299 0.08058745414018631 8005
1782828237300 0.03597692400217056 8006
1782828237301 0.24654513597488403 8007
1782828237303 0.03159068524837494 8008
1782828237304 0.006578477565199137 8009
1782828237305 0.034166403114795685 8010
1782828237307 0.014421988278627396 8011
1782828237308 0.07849309593439102 8012
1782828237309 0.006400011479854584 8013
1782828237311 0.07844244688749313 8014
1782828237312 0.010170808993279934 8015
1782828237313 0.11050737649202347 8016
1782828237315 0.005474751349538565 8017
1782828237316 0.06799637526273727 8018
1782828237317 0.08099833875894547 8019
1782828237319 0.05210395157337189 8020
1782828237320 0.036869850009679794 8021
1782828237321 0.017912229523062706 8022
1782828237323 0.04228827357292175 8023
1782828237324 0.017680181190371513 8024
1782828237325 0.004568504635244608 8025
1782828237327 0.048576902598142624 8026
1782828237328 0.14798639714717865 8027
1782828237329 0.026569947600364685 8028
1782828237331 0.02367972768843174 8029
1782828237332 0.005251169670373201 8030
1782828237334 0.022121887654066086 8031
1782828237335 0.05017026886343956 8032
1782828237336 0.04185359179973602 8033
1782828237338 0.032810792326927185 8034
1782828237339 0.03395858779549599 8035
1782828237341 0.04625969007611275 8036
1782828237342 0.08084315806627274 8037
1782828237344 0.04493522271513939 8038
1782828237345 0.13686414062976837 8039
1782828237347 0.18377655744552612 8040
1782828237348 0.017553096637129784 8041
1782828237350 0.15610714256763458 8042
1782828237351 0.22495856881141663 8043
1782828237353 0.0021807076409459114 8044
1782828237354 0.06371701508760452 8045
1782828237356 0.23897361755371094 8046
1782828237357 0.002413457026705146 8047
1782828237359 0.14315910637378693 8048
1782828237360 0.13045836985111237 8049
1782828237362 0.0064069973304867744 8050
1782828237363 0.19529004395008087 8051
1782828237365 0.16372543573379517 8052
1782828237366 0.025431886315345764 8053
1782828237368 0.005879621487110853 8054
1782828237369 0.032861337065696716 8055
1782828237371 0.04688454419374466 8056
1782828237372 0.079787477850914 8057
1782828237374 0.10703231394290924 8058
1782828237375 0.03341884911060333 8059
1782828237377 0.12181936949491501 8060
1782828237378 0.22479191422462463 8061
1782828237380 0.03654065728187561 8062
1782828237381 0.12984490394592285 8063
1782828237383 0.09421046078205109 8064
1782828237384 0.04370494186878204 8065
1782828237386 0.029366130009293556 8066
1782828237387 0.00831204280257225 8067
1782828237389 0.052046168595552444 8068
1782828237390 0.21270304918289185 8069
1782828237392 0.01498956698924303 8070
1782828237393 0.01801208220422268 8071
1782828237395 0.08116492629051208 8072
1782828237396 0.005159121938049793 8073
1782828237397 0.0025516741443425417 8074
1782828237399 0.032858289778232574 8075
1782828237400 0.24911776185035706 8076
1782828237402 0.01379249058663845 8077
1782828237403 0.1109176054596901 8078
1782828237405 0.057505663484334946 8079
1782828237406 0.02245788462460041 8080
1782828237407 0.40127480030059814 8081
1782828237409 0.024672389030456543 8082
1782828237410 0.06644657254219055 8083
1782828237412 0.09220167994499207 8084
1782828237413 0.08100729435682297 8085
1782828237414 0.3028827905654907 8086
1782828237416 0.03184237331151962 8087
1782828237417 0.041496165096759796 8088
1782828237419 0.254408597946167 8089
1782828237420 0.018170127645134926 8090
1782828237422 0.0877690389752388 8091
1782828237423 0.016201619058847427 8092
1782828237424 0.1984325498342514 8093
1782828237426 0.028284575790166855 8094
1782828237427 0.10035446286201477 8095
1782828237428 0.026373369619250298 8096
1782828237430 0.055582620203495026 8097
1782828237431 0.2547912895679474 8098
1782828237433 0.12439075112342834 8099
1782828237434 0.10522761195898056 8100
1782828237435 0.03185863047838211 8101
1782828237437 0.00936070829629898 8102
1782828237438 0.18048420548439026 8103
1782828237440 0.08576609939336777 8104
1782828237441 0.0052076103165745735 8105
1782828237442 0.03083810955286026 8106
1782828237444 0.0073959557339549065 8107
1782828237445 0.006579241249710321 8108
1782828237447 0.008931418880820274 8109
1782828237448 0.266252338886261 8110
1782828237450 0.06202707439661026 8111
1782828237451 0.2416999340057373 8112
1782828237452 0.011193891055881977 8113
1782828237454 0.05127514898777008 8114
1782828237455 0.18842437863349915 8115
1782828237457 0.033009275794029236 8116
1782828237458 0.08146008849143982 8117
1782828237459 0.1596357226371765 8118
1782828237461 0.02799157425761223 8119
1782828237462 0.005633905064314604 8120
1782828237464 0.08110197633504868 8121
1782828237465 0.09020601212978363 8122
1782828237466 0.05198517069220543 8123
1782828237468 0.16195735335350037 8124
1782828237469 0.052842557430267334 8125
1782828237471 0.007852006703615189 8126
1782828237472 0.02247145213186741 8127
1782828237473 0.032676469534635544 8128
1782828237475 0.016574455425143242 8129
1782828237476 0.04833793267607689 8130
1782828237478 0.12560461461544037 8131
1782828237480 0.011003981344401836 8132
1782828237481 0.1411263346672058 8133
1782828237483 0.10957720875740051 8134
1782828237484 0.04899171367287636 8135
1782828237486 0.01385763194411993 8136
1782828237487 0.32966190576553345 8137
1782828237488 0.14450611174106598 8138
1782828237490 0.3982692062854767 8139
1782828237492 0.1845930963754654 8140
1782828237493 0.006293507758527994 8141
1782828237495 0.09643974900245667 8142
1782828237496 0.11239262670278549 8143
1782828237498 0.005856390576809645 8144
1782828237499 0.05522887036204338 8145
1782828237500 0.06184588745236397 8146
1782828237502 0.055071499198675156 8147
1782828237503 0.04383501037955284 8148
1782828237505 0.21971851587295532 8149
1782828237506 0.020353393629193306 8150
1782828237508 0.3187643885612488 8151
1782828237509 0.008522185496985912 8152
1782828237510 0.20295457541942596 8153
1782828237512 0.012026826851069927 8154
1782828237513 0.08953857421875 8155
1782828237515 0.014759795740246773 8156
1782828237516 0.02051648497581482 8157
1782828237517 0.028117740526795387 8158
1782828237519 0.12568449974060059 8159
1782828237520 0.022091006860136986 8160
1782828237522 0.030727285891771317 8161
1782828237523 0.11757566034793854 8162
1782828237525 0.06191103532910347 8163
1782828237526 0.06876607984304428 8164
1782828237528 0.008482336066663265 8165
1782828237529 0.025328509509563446 8166
1782828237531 0.06943809241056442 8167
1782828237532 0.0751606822013855 8168
1782828237534 0.09760722517967224 8169
1782828237536 0.21540436148643494 8170
1782828237537 0.12545911967754364 8171
1782828237539 0.11187799274921417 8172
1782828237540 0.03193344175815582 8173
1782828237542 0.022642983123660088 8174
1782828237543 0.012542969547212124 8175
1782828237545 0.016958432272076607 8176
1782828237546 0.03511929512023926 8177
1782828237548 0.022416764870285988 8178
1782828237549 0.21543432772159576 8179
1782828237551 0.22792097926139832 8180
1782828237552 0.009357497096061707 8181
1782828237553 0.27378788590431213 8182
1782828237555 0.040521323680877686 8183
1782828237557 0.047424137592315674 8184
1782828237558 0.22626113891601562 8185
1782828237560 0.1499689519405365 8186
1782828237561 0.013732248917222023 8187
1782828237563 0.291546493768692 8188
1782828237564 0.08263766765594482 8189
1782828237566 0.010114528238773346 8190
1782828237567 0.23467528820037842 8191
1782828237569 0.05190727114677429 8192
1782828237570 0.08582888543605804 8193
1782828237572 0.04406362771987915 8194
1782828237573 0.02389104850590229 8195
1782828237575 0.08065585047006607 8196
1782828237576 0.003895568661391735 8197
1782828237577 0.09174583852291107 8198
1782828237579 0.04545525833964348 8199
1782828237580 0.06925071775913239 8200
1782828237581 0.06965238600969315 8201
1782828237582 0.06538205593824387 8202
1782828237584 0.005013454705476761 8203
1782828237585 0.15431606769561768 8204
1782828237587 0.026656437665224075 8205
1782828237588 0.012599187903106213 8206
1782828237590 0.030142556875944138 8207
1782828237591 0.006193679757416248 8208
1782828237593 0.05625282973051071 8209
1782828237594 0.0024913207162171602 8210
1782828237596 0.02700398676097393 8211
1782828237597 0.028122181072831154 8212
1782828237599 0.06367980688810349 8213
1782828237600 0.02096603438258171 8214
1782828237602 0.03308393061161041 8215
1782828237603 0.023407043889164925 8216
1782828237605 0.012927987612783909 8217
1782828237606 0.06617267429828644 8218
1782828237608 0.004605607129633427 8219
1782828237609 0.017449602484703064 8220
1782828237611 0.1557607650756836 8221
1782828237612 0.1320854127407074 8222
1782828237614 0.07403777539730072 8223
1782828237615 0.009869560599327087 8224
1782828237617 0.06224173307418823 8225
1782828237618 0.11313436925411224 8226
1782828237620 0.14051368832588196 8227
1782828237621 0.01377016119658947 8228
1782828237623 0.01878710463643074 8229
1782828237625 0.04942039027810097 8230
1782828237626 0.021025126799941063 8231
1782828237628 0.022399814799427986 8232
1782828237630 0.2230578362941742 8233
1782828237631 0.033016446977853775 8234
1782828237633 0.23630796372890472 8235
1782828237634 0.004145144484937191 8236
1782828237636 0.2525053918361664 8237
1782828237638 0.03388121724128723 8238
1782828237640 0.03051845356822014 8239
1782828237641 0.092032790184021 8240
1782828237643 0.04232780262827873 8241
1782828237645 0.0038123466074466705 8242
1782828237646 0.06244918704032898 8243
1782828237648 0.008958022110164165 8244
1782828237650 0.13806317746639252 8245
1782828237651 0.009996263310313225 8246
1782828237653 0.05325862020254135 8247
1782828237654 0.06895416229963303 8248
1782828237656 0.024675613269209862 8249
1782828237657 0.08036940544843674 8250
1782828237659 0.15605303645133972 8251
1782828237660 0.01437355950474739 8252
1782828237662 0.14869481325149536 8253
1782828237663 0.19486622512340546 8254
1782828237665 0.14404216408729553 8255
1782828237666 0.006704241968691349 8256
1782828237668 0.03925435245037079 8257
1782828237669 0.07438276708126068 8258
1782828237671 0.02849538065493107 8259
1782828237672 0.0045564984902739525 8260
1782828237674 0.1529678851366043 8261
1782828237675 0.09071559458971024 8262
1782828237677 0.010601705871522427 8263
1782828237679 0.1529155820608139 8264
1782828237680 0.006710519082844257 8265
1782828237681 0.0056907194666564465 8266
1782828237683 0.14401495456695557 8267
1782828237684 0.030182989314198494 8268
1782828237686 0.0578191764652729 8269
1782828237687 0.007929163984954357 8270
1782828237689 0.013802565634250641 8271
1782828237691 0.1536744087934494 8272
1782828237692 0.0048288325779139996 8273
1782828237694 0.040289007127285004 8274
1782828237695 0.23275285959243774 8275
1782828237697 0.05497528240084648 8276
1782828237698 0.04853343218564987 8277
1782828237700 0.01808718778192997 8278
1782828237701 0.1109023466706276 8279
1782828237703 0.01132838986814022 8280
1782828237704 0.014274637214839458 8281
1782828237706 0.05535930022597313 8282
1782828237707 0.006059626117348671 8283
1782828237709 0.0928286612033844 8284
1782828237710 0.08065391331911087 8285
1782828237712 0.14015452563762665 8286
1782828237714 0.024561502039432526 8287
1782828237715 0.05899263545870781 8288
1782828237717 0.005280886311084032 8289
1782828237718 0.046490415930747986 8290
1782828237720 0.03363066166639328 8291
1782828237721 0.03681780770421028 8292
1782828237723 0.018387235701084137 8293
1782828237725 0.04596082121133804 8294
1782828237726 0.02776527963578701 8295
1782828237728 0.10954562574625015 8296
1782828237730 0.06494355201721191 8297
1782828237731 0.1885702759027481 8298
1782828237733 0.03725073114037514 8299
1782828237734 0.016262833029031754 8300
1782828237736 0.04821394383907318 8301
1782828237738 0.06622260063886642 8302
1782828237739 0.08485112339258194 8303
1782828237741 0.011560630984604359 8304
1782828237743 0.12135039269924164 8305
1782828237744 0.05194944515824318 8306
1782828237746 0.16763409972190857 8307
1782828237747 0.04334685578942299 8308
1782828237749 0.006519530434161425 8309
1782828237751 0.16526341438293457 8310
1782828237752 0.06771377474069595 8311
1782828237754 0.09668676555156708 8312
1782828237756 0.013824854046106339 8313
1782828237757 0.009079164825379848 8314
1782828237759 0.1667771339416504 8315
1782828237761 0.09682760387659073 8316
1782828237762 0.009695570915937424 8317
1782828237764 0.03973394259810448 8318
1782828237767 0.04027839004993439 8319
1782828237769 0.04856874421238899 8320
1782828237770 0.05080220848321915 8321
1782828237772 0.0165911503136158 8322
1782828237773 0.017716646194458008 8323
1782828237775 0.06710393726825714 8324
1782828237776 0.10333671420812607 8325
1782828237778 0.20287705957889557 8326
1782828237779 0.06374098360538483 8327
1782828237780 0.05064569413661957 8328
1782828237782 0.017271632328629494 8329
1782828237783 0.4679858684539795 8330
1782828237785 0.05828846991062164 8331
1782828237786 0.02699422836303711 8332
1782828237788 0.02397586964070797 8333
1782828237789 0.00676754442974925 8334
1782828237790 0.06362361460924149 8335
1782828237792 0.06744897365570068 8336
1782828237793 0.1816478818655014 8337
1782828237795 0.4080953001976013 8338
1782828237796 0.02788359485566616 8339
1782828237797 0.00316306808963418 8340
1782828237799 0.02001529186964035 8341
1782828237800 0.00411958945915103 8342
1782828237802 0.0695004090666771 8343
1782828237803 0.003053010441362858 8344
1782828237805 0.0017336838645860553 8345
1782828237806 0.021002132445573807 8346
1782828237807 0.013663174584507942 8347
1782828237809 0.1741037219762802 8348
1782828237810 0.050705257803201675 8349
1782828237812 0.18183137476444244 8350
1782828237813 0.1471932977437973 8351
1782828237814 0.2487516701221466 8352
1782828237816 0.07550950348377228 8353
1782828237817 0.2267254739999771 8354
1782828237819 0.001936433487571776 8355
1782828237820 0.013263752683997154 8356
1782828237822 0.010141135193407536 8357
1782828237823 0.009520391002297401 8358
1782828237824 0.07314245402812958 8359
1782828237826 0.10787570476531982 8360
1782828237827 0.5538063049316406 8361
1782828237829 0.20802100002765656 8362
1782828237830 0.123446524143219 8363
1782828237831 0.059028539806604385 8364
1782828237833 0.0011475562350824475 8365
1782828237834 0.1869792491197586 8366
1782828237836 0.19142571091651917 8367
1782828237837 0.16853125393390656 8368
1782828237838 0.025272207334637642 8369
1782828237840 0.20345965027809143 8370
1782828237841 0.10964430868625641 8371
1782828237843 0.22791217267513275 8372
1782828237844 0.23873421549797058 8373
1782828237846 0.13340075314044952 8374
1782828237847 0.011769603006541729 8375
1782828237848 0.13552725315093994 8376
1782828237850 0.012646276503801346 8377
1782828237851 0.018932189792394638 8378
1782828237853 0.02481471560895443 8379
1782828237854 0.2501504719257355 8380
1782828237856 0.11561154574155807 8381
1782828237857 0.15090608596801758 8382
1782828237858 0.29055872559547424 8383
1782828237860 0.17680123448371887 8384
1782828237861 0.015669766813516617 8385
1782828237863 0.17339396476745605 8386
1782828237864 0.06219802051782608 8387
1782828237865 0.11869939416646957 8388
1782828237867 0.06606241315603256 8389
1782828237868 0.005178254563361406 8390
1782828237869 0.03701891750097275 8391
1782828237870 0.3003675937652588 8392
1782828237872 0.01952214352786541 8393
1782828237873 0.01979736238718033 8394
1782828237875 0.2844163477420807 8395
1782828237876 0.050230972468853 8396
1782828237877 0.032433439046144485 8397
1782828237879 0.10029766708612442 8398
1782828237880 0.04556902498006821 8399
1782828237881 0.008856786414980888 8400
1782828237882 0.11481910943984985 8401
1782828237884 0.11227814108133316 8402
1782828237885 0.023761222139000893 8403
1782828237886 0.009340244345366955 8404
1782828237888 0.058346353471279144 8405
1782828237889 0.15156404674053192 8406
1782828237890 0.2107228934764862 8407
1782828237892 0.07725625485181808 8408
1782828237893 0.06911039352416992 8409
1782828237895 0.04784500598907471 8410
1782828237896 0.18621712923049927 8411
1782828237897 0.21654832363128662 8412
1782828237898 0.08251253515481949 8413
1782828237900 0.044061679393053055 8414
1782828237901 0.0160796158015728 8415
1782828237903 0.1943991482257843 8416
1782828237904 0.05501379817724228 8417
1782828237905 0.07007865607738495 8418
1782828237907 0.06606964766979218 8419
1782828237908 0.07797539234161377 8420
1782828237909 0.02685566246509552 8421
1782828237910 0.031175684183835983 8422
1782828237912 0.020088324323296547 8423
1782828237913 0.18791751563549042 8424
1782828237915 0.01140607986599207 8425
1782828237916 0.03272130340337753 8426
1782828237917 0.11799665540456772 8427
1782828237919 0.06692175567150116 8428
1782828237920 0.01063663512468338 8429
1782828237921 0.035560812801122665 8430
1782828237923 0.015358271077275276 8431
1782828237924 0.005172597710043192 8432
1782828237925 0.040985576808452606 8433
1782828237927 0.019491249695420265 8434
1782828237928 0.019082212820649147 8435
1782828237930 0.18335309624671936 8436
1782828237931 0.013577528297901154 8437
1782828237932 0.03199274092912674 8438
1782828237934 0.12741760909557343 8439
1782828237935 0.18245744705200195 8440
1782828237936 0.24282236397266388 8441
1782828237938 0.25952383875846863 8442
1782828237939 0.022072985768318176 8443
1782828237940 0.030843086540699005 8444
1782828237942 0.03029862605035305 8445
1782828237943 0.21699166297912598 8446
1782828237944 0.0727115049958229 8447
1782828237946 0.09653383493423462 8448
1782828237947 0.2169904112815857 8449
1782828237949 0.22805465757846832 8450
1782828237950 0.05297698825597763 8451
1782828237951 0.027601521462202072 8452
1782828237953 0.19537676870822906 8453
1782828237954 0.10042271763086319 8454
1782828237955 0.0030282631050795317 8455
1782828237957 0.04765833541750908 8456
1782828237958 0.6992301940917969 8457
1782828237959 0.02280951663851738 8458
1782828237961 0.046436913311481476 8459
1782828237962 0.17546023428440094 8460
1782828237963 0.4151168763637543 8461
1782828237965 0.04600737616419792 8462
1782828237967 0.027814945206046104 8463
1782828237969 0.2903786897659302 8464
1782828237970 0.08434377610683441 8465
1782828237972 0.11473730206489563 8466
1782828237974 0.026125196367502213 8467
1782828237975 0.16801191866397858 8468
1782828237977 0.5260847210884094 8469
1782828237978 0.02552230842411518 8470
1782828237980 0.37743568420410156 8471
1782828237981 0.03086482174694538 8472
1782828237982 0.04105488955974579 8473
1782828237984 0.03264378011226654 8474
1782828237985 0.06277838349342346 8475
1782828237987 0.007412857376039028 8476
1782828237988 0.03890097141265869 8477
1782828237990 0.005729528609663248 8478
1782828237991 0.010740755125880241 8479
1782828237993 0.28852027654647827 8480
1782828237994 0.08866589516401291 8481
1782828237996 0.16880853474140167 8482
1782828237997 0.016803240403532982 8483
1782828237999 0.03164315223693848 8484
1782828238000 0.06323840469121933 8485
1782828238002 0.07236824184656143 8486
1782828238004 0.006088377442210913 8487
1782828238005 0.10222725570201874 8488
1782828238007 0.04243965074419975 8489
1782828238008 0.03446384519338608 8490
1782828238010 0.23255036771297455 8491
1782828238011 0.022642971947789192 8492
1782828238013 0.05000705271959305 8493
1782828238014 0.11647699028253555 8494
1782828238016 0.021047666668891907 8495
1782828238018 0.06813067942857742 8496
1782828238019 0.04880166053771973 8497
1782828238021 0.020660871639847755 8498
1782828238022 0.011352702975273132 8499
1782828238024 0.2643120586872101 8500
1782828238026 0.19913598895072937 8501
1782828238027 0.05470692366361618 8502
1782828238029 0.16020824015140533 8503
1782828238031 0.008291659876704216 8504
1782828238032 0.21100245416164398 8505
1782828238034 0.007992847822606564 8506
1782828238035 0.11793401837348938 8507
1782828238037 0.27474355697631836 8508
1782828238039 0.11299818754196167 8509
1782828238040 0.06198643520474434 8510
1782828238041 0.06274670362472534 8511
1782828238042 0.25190380215644836 8512
1782828238044 0.07947956025600433 8513
1782828238045 0.08817847073078156 8514
1782828238046 0.01055312529206276 8515
1782828238047 0.09629025310277939 8516
1782828238049 0.0688551813364029 8517
1782828238050 0.008041645400226116 8518
1782828238051 0.10681653022766113 8519
1782828238053 0.15360191464424133 8520
1782828238054 0.37253767251968384 8521
1782828238055 0.1241491287946701 8522
1782828238057 0.02959373965859413 8523
1782828238058 0.15243518352508545 8524
1782828238059 0.06553991138935089 8525
1782828238061 0.012639734894037247 8526
1782828238062 0.00632031075656414 8527
1782828238063 0.010395167395472527 8528
1782828238065 0.1596013456583023 8529
1782828238066 0.09464568644762039 8530
1782828238067 0.05148065835237503 8531
1782828238068 0.22415809333324432 8532
1782828238070 0.0033409600146114826 8533
1782828238071 0.125615194439888 8534
1782828238072 0.034765440970659256 8535
1782828238074 0.0774397999048233 8536
1782828238075 0.05337956175208092 8537
1782828238076 0.14788547158241272 8538
1782828238078 0.19043608009815216 8539
1782828238079 0.0661950558423996 8540
1782828238080 0.06094486638903618 8541
1782828238082 0.005407709628343582 8542
1782828238083 0.00328848441131413 8543
1782828238084 0.048172079026699066 8544
1782828238085 0.1439671665430069 8545
1782828238087 0.021423185244202614 8546
1782828238088 0.021015863865613937 8547
1782828238089 0.005461470689624548 8548
1782828238091 0.09600356221199036 8549
1782828238092 0.0860181450843811 8550
1782828238093 0.004332799930125475 8551
1782828238094 0.0319146104156971 8552
1782828238096 0.005520875100046396 8553
1782828238097 0.18328800797462463 8554
1782828238098 0.004184151068329811 8555
1782828238100 0.005554194562137127 8556
1782828238101 0.07176139205694199 8557
1782828238102 0.015449736267328262 8558
1782828238104 0.06736153364181519 8559
1782828238105 0.03708592802286148 8560
1782828238106 0.2276799976825714 8561
1782828238108 0.03989848494529724 8562
1782828238109 0.009578421711921692 8563
1782828238110 0.18729905784130096 8564
1782828238111 0.01751626841723919 8565
1782828238113 0.11437492072582245 8566
1782828238114 0.044166069477796555 8567
1782828238115 0.011869451962411404 8568
1782828238117 0.014511136338114738 8569
1782828238118 0.20309507846832275 8570
1782828238119 0.04989194869995117 8571
1782828238121 0.09608243405818939 8572
1782828238122 0.046751342713832855 8573
1782828238123 0.07240380346775055 8574
1782828238125 0.05749071016907692 8575
1782828238127 0.032515041530132294 8576
1782828238128 0.014131966978311539 8577
1782828238129 0.1084236353635788 8578
1782828238130 0.020217396318912506 8579
1782828238132 0.20331299304962158 8580
1782828238133 0.053084325045347214 8581
1782828238135 0.004131466615945101 8582
1782828238136 0.2543174624443054 8583
1782828238137 0.013871894218027592 8584
1782828238139 0.06113818660378456 8585
1782828238140 0.1554701328277588 8586
1782828238142 0.034882161766290665 8587
1782828238143 0.012770533561706543 8588
1782828238144 0.3131663501262665 8589
1782828238146 0.03689374402165413 8590
1782828238147 0.2801814675331116 8591
1782828238148 0.03624503314495087 8592
1782828238150 0.012804467231035233 8593
1782828238151 0.005735097452998161 8594
1782828238152 0.006398762110620737 8595
1782828238154 0.009348474442958832 8596
1782828238155 0.002914729295298457 8597
1782828238157 0.004531508777290583 8598
1782828238159 0.004590150434523821 8599
1782828238160 0.14275114238262177 8600
1782828238162 0.19171011447906494 8601
1782828238163 0.09427536278963089 8602
1782828238165 0.13935448229312897 8603
1782828238166 0.18657752871513367 8604
1782828238168 0.036411188542842865 8605
1782828238170 0.07607762515544891 8606
1782828238172 0.09877115488052368 8607
1782828238173 0.0643894374370575 8608
1782828238175 0.27138838171958923 8609
1782828238176 0.20447544753551483 8610
1782828238177 0.04076226428151131 8611
1782828238179 0.02532130666077137 8612
1782828238180 0.06871680170297623 8613
1782828238182 0.0426020510494709 8614
1782828238184 0.29486948251724243 8615
1782828238185 0.015156056731939316 8616
1782828238187 0.05435693636536598 8617
1782828238188 0.013003578409552574 8618
1782828238190 0.14881080389022827 8619
1782828238192 0.07714713364839554 8620
1782828238193 0.05476920306682587 8621
1782828238195 0.10888362675905228 8622
1782828238197 0.0150243379175663 8623
1782828238198 0.15368697047233582 8624
1782828238200 0.11397871375083923 8625
1782828238201 0.19498619437217712 8626
1782828238203 0.16846390068531036 8627
1782828238204 0.1295921951532364 8628
1782828238205 0.024734681472182274 8629
1782828238207 0.015157699584960938 8630
1782828238208 0.05551858991384506 8631
1782828238210 0.07883398979902267 8632
1782828238211 0.012974932789802551 8633
1782828238212 0.32837599515914917 8634
1782828238214 0.48602187633514404 8635
1782828238215 0.020083656534552574 8636
1782828238217 0.01501258835196495 8637
1782828238218 0.014169561676681042 8638
1782828238219 0.18907809257507324 8639
1782828238221 0.022648809477686882 8640
1782828238222 0.09050767868757248 8641
1782828238224 0.0819307193160057 8642
1782828238225 0.030648401007056236 8643
1782828238227 0.009354587644338608 8644
1782828238228 0.13476793467998505 8645
1782828238229 0.07138984650373459 8646
1782828238231 0.015959639102220535 8647
1782828238232 0.0815262496471405 8648
1782828238234 0.2368268519639969 8649
1782828238235 0.03984043747186661 8650
1782828238236 0.17995376884937286 8651
1782828238238 0.1019849181175232 8652
1782828238239 0.1202089786529541 8653
1782828238241 0.06818099319934845 8654
1782828238242 0.02365540713071823 8655
1782828238243 0.0025545074604451656 8656
1782828238245 0.06426279246807098 8657
1782828238246 0.13961555063724518 8658
1782828238248 0.00505089433863759 8659
1782828238249 0.028692634776234627 8660
1782828238251 0.20395971834659576 8661
1782828238252 0.005591964814811945 8662
1782828238253 0.002665045903995633 8663
1782828238255 0.04191368818283081 8664
1782828238256 0.004167868755757809 8665
1782828238257 0.0389711931347847 8666
1782828238259 0.14590300619602203 8667
1782828238260 0.045214708894491196 8668
1782828238261 0.08821365237236023 8669
1782828238263 0.026219762861728668 8670
1782828238264 0.013164457865059376 8671
1782828238267 0.004768433049321175 8672
1782828238268 0.015613817609846592 8673
1782828238270 0.007464738562703133 8674
1782828238271 0.014733057469129562 8675
1782828238273 0.11491180211305618 8676
1782828238274 0.016729947179555893 8677
1782828238275 0.10777473449707031 8678
1782828238277 0.023335358127951622 8679
1782828238278 0.013022150844335556 8680
1782828238279 0.026407897472381592 8681
1782828238281 0.10923391580581665 8682
1782828238282 0.039078596979379654 8683
1782828238283 0.03482137992978096 8684
1782828238285 0.0026039998047053814 8685
1782828238286 0.01626952551305294 8686
1782828238288 0.029290437698364258 8687
1782828238290 0.32313409447669983 8688
1782828238291 0.11805453896522522 8689
1782828238293 0.05974652245640755 8690
1782828238294 0.2734642028808594 8691
1782828238296 0.02067977376282215 8692
1782828238298 0.01362654846161604 8693
1782828238300 0.011807773262262344 8694
1782828238301 0.02091853879392147 8695
1782828238303 0.053996387869119644 8696
1782828238304 0.028536217287182808 8697
1782828238306 0.0640016570687294 8698
1782828238308 0.02398015186190605 8699
1782828238309 0.0689176470041275 8700
1782828238311 0.01622294820845127 8701
1782828238313 0.01606879197061062 8702
1782828238314 0.07944831252098083 8703
1782828238316 0.0013638936216011643 8704
1782828238318 0.0930188000202179 8705
1782828238319 0.028787482529878616 8706
1782828238321 0.010954512283205986 8707
1782828238323 0.07311396300792694 8708
1782828238324 0.04005108028650284 8709
1782828238326 0.010420085862278938 8710
1782828238328 0.03278810530900955 8711
1782828238329 0.11188022047281265 8712
1782828238331 0.08963236212730408 8713
1782828238332 0.009168675169348717 8714
1782828238334 0.030280305072665215 8715
1782828238336 0.03315266966819763 8716
1782828238337 0.09125060588121414 8717
1782828238339 0.06164431944489479 8718
1782828238340 0.35519278049468994 8719
1782828238342 0.005388900637626648 8720
1782828238343 0.01144732628017664 8721
1782828238345 0.07194417715072632 8722
1782828238347 0.018690157681703568 8723
1782828238348 0.020211435854434967 8724
1782828238350 0.03742622956633568 8725
1782828238351 0.08677627891302109 8726
1782828238353 0.025383640080690384 8727
1782828238354 0.18355895578861237 8728
1782828238356 0.03712873533368111 8729
1782828238357 0.0800883024930954 8730
1782828238359 0.08136411011219025 8731
1782828238361 0.10734539479017258 8732
1782828238362 0.0016990562435239553 8733
1782828238364 0.06935209035873413 8734
1782828238365 0.22142785787582397 8735
1782828238367 0.04286786913871765 8736
1782828238368 0.14358803629875183 8737
1782828238370 0.11032052338123322 8738
1782828238372 0.0008751009008847177 8739
1782828238373 0.2789323031902313 8740
1782828238375 0.0361388698220253 8741
1782828238376 0.0353945828974247 8742
1782828238378 0.2013958990573883 8743
1782828238380 0.21644482016563416 8744
1782828238381 0.06368039548397064 8745
1782828238383 0.01128365844488144 8746
1782828238384 0.05828229337930679 8747
1782828238386 0.0017871001036837697 8748
1782828238388 0.03524094447493553 8749
1782828238389 0.007855232805013657 8750
1782828238391 0.00324642239138484 8751
1782828238392 0.03920144960284233 8752
1782828238394 0.09517736732959747 8753
1782828238395 0.02816895768046379 8754
1782828238397 0.0072705913335084915 8755
1782828238399 0.057992711663246155 8756
1782828238400 0.055627673864364624 8757
1782828238402 0.04366976395249367 8758
1782828238403 0.1860491782426834 8759
1782828238405 0.008712537586688995 8760
1782828238406 0.008143442682921886 8761
1782828238408 0.02617260068655014 8762
1782828238409 0.012531779706478119 8763
1782828238411 0.06704707443714142 8764
1782828238413 0.004252145998179913 8765
1782828238414 0.03539130091667175 8766
1782828238416 0.029746003448963165 8767
1782828238417 0.004660843405872583 8768
1782828238419 0.1423906534910202 8769
1782828238421 0.023127419874072075 8770
1782828238422 0.02009105309844017 8771
1782828238424 0.1364711970090866 8772
1782828238425 0.1715044230222702 8773
1782828238427 0.04571300745010376 8774
1782828238428 0.18814416229724884 8775
1782828238430 0.06490980088710785 8776
1782828238431 0.010057044215500355 8777
1782828238433 0.6368063688278198 8778
1782828238435 0.010949329473078251 8779
1782828238436 0.08046402782201767 8780
1782828238438 0.10042180120944977 8781
1782828238439 0.02025238424539566 8782
1782828238441 0.5077236294746399 8783
1782828238443 0.0773722305893898 8784
1782828238444 0.01685948483645916 8785
1782828238446 0.1185099333524704 8786
1782828238447 0.0774858221411705 8787
1782828238449 0.023766102269291878 8788
1782828238450 0.07468695938587189 8789
1782828238452 0.012072429992258549 8790
1782828238453 0.059292033314704895 8791
1782828238455 0.05384807661175728 8792
1782828238456 0.05909409373998642 8793
1782828238458 0.03044111095368862 8794
1782828238459 0.023489320650696754 8795
1782828238461 0.0750279426574707 8796
1782828238462 0.06362070143222809 8797
1782828238463 0.009994231164455414 8798
1782828238465 0.008215202949941158 8799
1782828238466 0.005269918590784073 8800
1782828238467 0.022009216248989105 8801
1782828238469 0.04990317299962044 8802
1782828238470 0.044675037264823914 8803
1782828238471 0.14603830873966217 8804
1782828238473 0.00702052703127265 8805
1782828238474 0.0527886301279068 8806
1782828238475 0.0432293526828289 8807
1782828238477 0.0017268442315980792 8808
1782828238478 0.18823586404323578 8809
1782828238480 0.11880647391080856 8810
1782828238481 0.028305256739258766 8811
1782828238482 0.04983674734830856 8812
1782828238483 0.1028737798333168 8813
1782828238485 0.0163246002048254 8814
1782828238486 0.057546623051166534 8815
1782828238487 0.003397248685359955 8816
1782828238489 0.0075490339659154415 8817
1782828238490 0.088273786008358 8818
1782828238491 0.1491115838289261 8819
1782828238493 0.05410321056842804 8820
1782828238494 0.30663660168647766 8821
1782828238496 0.12540113925933838 8822
1782828238497 0.015428325161337852 8823
1782828238498 0.03176925331354141 8824
1782828238499 0.1723664104938507 8825
1782828238501 0.09770175069570541 8826
1782828238502 0.10699964314699173 8827
1782828238503 0.014161321334540844 8828
1782828238505 0.048598434776067734 8829
1782828238506 0.17627345025539398 8830
1782828238507 0.07008698582649231 8831
1782828238509 0.06679781526327133 8832
1782828238510 0.014322766102850437 8833
1782828238511 0.07921060174703598 8834
1782828238513 0.005302394274622202 8835
1782828238514 0.10169805586338043 8836
1782828238515 0.022838978096842766 8837
1782828238517 0.04472242295742035 8838
1782828238518 0.035443536937236786 8839
1782828238520 0.05077669769525528 8840
1782828238522 0.20307716727256775 8841
1782828238523 0.015064374543726444 8842
1782828238524 0.024541430175304413 8843
1782828238526 0.06742877513170242 8844
1782828238527 0.08103978633880615 8845
1782828238528 0.03157803788781166 8846
1782828238529 0.09124576300382614 8847
1782828238531 0.18734943866729736 8848
1782828238532 0.1990160495042801 8849
1782828238534 0.06569322198629379 8850
1782828238535 0.022248566150665283 8851
1782828238536 0.010820944793522358 8852
1782828238537 0.021211111918091774 8853
1782828238539 0.019136151298880577 8854
1782828238540 0.14430271089076996 8855
1782828238541 0.22201840579509735 8856
1782828238543 0.027251986786723137 8857
1782828238544 0.044968750327825546 8858
1782828238545 0.029872793704271317 8859
1782828238547 0.002944083884358406 8860
1782828238548 0.044076595455408096 8861
1782828238549 0.06106805056333542 8862
1782828238550 0.23442135751247406 8863
1782828238552 0.01745358482003212 8864
1782828238553 0.13615714013576508 8865
1782828238554 0.02365746721625328 8866
1782828238556 0.027497481554746628 8867
1782828238557 0.012990766204893589 8868
1782828238558 0.10172361880540848 8869
1782828238559 0.10638567805290222 8870
1782828238561 0.04170835018157959 8871
1782828238562 0.012858272530138493 8872
1782828238563 0.007573885843157768 8873
1782828238565 0.002147953025996685 8874
1782828238566 0.17608825862407684 8875
1782828238567 0.23605571687221527 8876
1782828238569 0.028853269293904305 8877
1782828238570 0.1268635094165802 8878
1782828238571 0.07906852662563324 8879
1782828238573 0.01741636171936989 8880
1782828238574 0.01669236458837986 8881
1782828238575 0.006058393511921167 8882
1782828238577 0.009435702115297318 8883
1782828238578 0.008830786682665348 8884
1782828238579 0.015931129455566406 8885
1782828238581 0.009109536185860634 8886
1782828238582 0.0014281467301771045 8887
1782828238583 0.06670050323009491 8888
1782828238584 0.08671588450670242 8889
1782828238586 0.06854091584682465 8890
1782828238587 0.09627540409564972 8891
1782828238588 0.08190678805112839 8892
1782828238589 0.017462924122810364 8893
1782828238591 0.00559655949473381 8894
1782828238592 0.10716797411441803 8895
1782828238593 0.023365270346403122 8896
1782828238595 0.07528351247310638 8897
1782828238596 0.27002397179603577 8898
1782828238597 0.029177406802773476 8899
1782828238598 0.010123037733137608 8900
1782828238600 0.15589818358421326 8901
1782828238601 0.003046247409656644 8902
1782828238602 0.05782315880060196 8903
1782828238603 0.009877040982246399 8904
1782828238605 0.04427330568432808 8905
1782828238606 0.013120698742568493 8906
1782828238607 0.13021694123744965 8907
1782828238609 0.04618266224861145 8908
1782828238610 0.14942972362041473 8909
1782828238611 0.021999744698405266 8910
1782828238612 0.12867474555969238 8911
1782828238614 0.018967684358358383 8912
1782828238615 0.006365198642015457 8913
1782828238616 0.008275040425360203 8914
1782828238617 0.0012671001022681594 8915
1782828238619 0.14568237960338593 8916
1782828238620 0.003118891967460513 8917
1782828238621 0.06071839854121208 8918
1782828238622 0.004012898541986942 8919
1782828238624 0.08619428426027298 8920
1782828238625 0.25478050112724304 8921
1782828238626 0.16187545657157898 8922
1782828238628 0.06247008964419365 8923
1782828238629 0.12832482159137726 8924
1782828238630 0.013986880891025066 8925
1782828238631 0.058306314051151276 8926
1782828238633 0.06508976966142654 8927
1782828238634 0.3048967123031616 8928
1782828238635 0.05206935852766037 8929
1782828238637 0.28009194135665894 8930
1782828238638 0.42242345213890076 8931
1782828238639 0.012565482407808304 8932
1782828238640 0.1728699952363968 8933
1782828238642 0.17887277901172638 8934
1782828238643 0.008573613129556179 8935
1782828238644 0.031739622354507446 8936
1782828238646 0.010440140031278133 8937
1782828238647 0.06145043298602104 8938
1782828238648 0.03382725641131401 8939
1782828238649 0.10149382054805756 8940
1782828238651 0.0787791907787323 8941
1782828238652 0.015170829370617867 8942
1782828238653 0.24869239330291748 8943
1782828238655 0.04695358872413635 8944
1782828238656 0.026915987953543663 8945
1782828238657 0.016543135046958923 8946
1782828238658 0.09768883138895035 8947
1782828238660 0.02514805644750595 8948
1782828238661 0.12892493605613708 8949
1782828238662 0.012872586958110332 8950
1782828238664 0.06674207001924515 8951
1782828238665 0.004988290835171938 8952
1782828238666 0.05107341706752777 8953
1782828238667 0.02285967580974102 8954
1782828238669 0.0030770213343203068 8955
1782828238670 0.020890288054943085 8956
1782828238671 0.1139385774731636 8957
1782828238673 0.07362140715122223 8958
1782828238674 0.04987303167581558 8959
1782828238675 0.023366542533040047 8960
1782828238677 0.03334605321288109 8961
1782828238678 0.007537989877164364 8962
1782828238680 0.10414581745862961 8963
1782828238681 0.012977593578398228 8964
1782828238682 0.16995202004909515 8965
1782828238684 0.06942155212163925 8966
1782828238685 0.2604959309101105 8967
1782828238686 0.0344168022274971 8968
1782828238688 0.031090684235095978 8969
1782828238689 0.02900529094040394 8970
1782828238690 0.15005739033222198 8971
1782828238692 0.16043835878372192 8972
1782828238693 0.10295406728982925 8973
1782828238694 0.048155155032873154 8974
1782828238696 0.10735366493463516 8975
1782828238697 0.13369661569595337 8976
1782828238698 0.03647688776254654 8977
1782828238699 0.01865621842443943 8978
1782828238701 0.02142476662993431 8979
1782828238702 0.009574266150593758 8980
1782828238703 0.0015293332980945706 8981
1782828238705 0.1225307434797287 8982
1782828238706 0.002158476272597909 8983
1782828238707 0.3653891980648041 8984
1782828238709 0.022323012351989746 8985
1782828238710 0.15065322816371918 8986
1782828238711 0.08907988667488098 8987
1782828238712 0.024335185065865517 8988
1782828238714 0.0007267895853146911 8989
1782828238715 0.12834961712360382 8990
1782828238717 0.002369181253015995 8991
1782828238718 0.051744818687438965 8992
1782828238719 0.007728791330009699 8993
1782828238721 0.0751752033829689 8994
1782828238722 0.00460804533213377 8995
1782828238723 0.017911676317453384 8996
1782828238725 0.14236973226070404 8997
1782828238726 0.2629925012588501 8998
1782828238727 0.3101414144039154 8999
1782828238729 0.09327246248722076 9000
1782828238730 0.013860095292329788 9001
1782828238731 0.006551755592226982 9002
1782828238733 0.12274348735809326 9003
1782828238734 0.11235322803258896 9004
1782828238735 0.01405403297394514 9005
1782828238737 0.03175584226846695 9006
1782828238738 0.10045919567346573 9007
1782828238740 0.007944498211145401 9008
1782828238741 0.0022181514650583267 9009
1782828238742 0.035721227526664734 9010
1782828238744 0.010320547968149185 9011
1782828238745 0.09953899681568146 9012
1782828238746 0.045936230570077896 9013
1782828238748 0.15183182060718536 9014
1782828238749 0.030208345502614975 9015
1782828238750 0.081545390188694 9016
1782828238752 0.01886090263724327 9017
1782828238753 0.2570493519306183 9018
1782828238755 0.018795909360051155 9019
1782828238756 0.018505370244383812 9020
1782828238757 0.09072266519069672 9021
1782828238759 0.005586901213973761 9022
1782828238760 0.0140523761510849 9023
1782828238762 0.016867032274603844 9024
1782828238763 0.1932307630777359 9025
1782828238764 0.10111803561449051 9026
1782828238766 0.08194158226251602 9027
1782828238767 0.006514238193631172 9028
1782828238769 0.05985500290989876 9029
1782828238770 0.16636596620082855 9030
1782828238772 0.047828856855630875 9031
1782828238773 0.1766691952943802 9032
1782828238775 0.05927329882979393 9033
1782828238776 0.11402787268161774 9034
1782828238777 0.020813189446926117 9035
1782828238779 0.004403574392199516 9036
1782828238780 0.008257834240794182 9037
1782828238782 0.022273430600762367 9038
1782828238783 0.004951877985149622 9039
1782828238784 0.1459856480360031 9040
1782828238786 0.003142701229080558 9041
1782828238787 0.21500864624977112 9042
1782828238788 0.18168391287326813 9043
1782828238790 0.026313932612538338 9044
1782828238791 0.0022106687538325787 9045
1782828238792 0.026835039258003235 9046
1782828238794 0.10260163992643356 9047
1782828238795 0.006542821414768696 9048
1782828238797 0.019842633977532387 9049
1782828238798 0.3421589732170105 9050
1782828238799 0.02088053710758686 9051
1782828238801 0.15125137567520142 9052
1782828238802 0.029311714693903923 9053
1782828238803 0.06476292759180069 9054
1782828238805 0.05604737997055054 9055
1782828238806 0.011890366673469543 9056
1782828238807 0.01607314497232437 9057
1782828238809 0.10607407987117767 9058
1782828238810 0.009899058379232883 9059
1782828238812 0.0395083948969841 9060
1782828238813 0.011186916381120682 9061
1782828238814 0.09050115942955017 9062
1782828238815 0.02022700570523739 9063
1782828238817 0.10899501293897629 9064
1782828238818 0.0195999126881361 9065
1782828238820 0.006548834033310413 9066
1782828238821 0.1502566784620285 9067
1782828238822 0.004988924600183964 9068
1782828238824 0.021819433197379112 9069
1782828238825 0.07305049896240234 9070
1782828238826 0.12509149312973022 9071
1782828238828 0.2437152862548828 9072
1782828238829 0.14698417484760284 9073
1782828238830 0.008817602880299091 9074
1782828238832 0.008949647657573223 9075
1782828238833 0.06449830532073975 9076
1782828238834 0.04002147912979126 9077
1782828238836 0.022139087319374084 9078
1782828238837 0.02353321574628353 9079
1782828238839 0.015497869811952114 9080
1782828238840 0.05959049612283707 9081
1782828238841 0.030334806069731712 9082
1782828238843 0.01085278857499361 9083
1782828238844 0.012564328499138355 9084
1782828238845 0.0017599244602024555 9085
1782828238847 0.052453018724918365 9086
1782828238848 0.013369014486670494 9087
1782828238850 0.19576673209667206 9088
1782828238851 0.019798075780272484 9089
1782828238852 0.03652859479188919 9090
1782828238854 0.001695356797426939 9091
1782828238855 0.0026430499274283648 9092
1782828238857 0.045467570424079895 9093
1782828238858 0.014319087378680706 9094
1782828238860 0.163544163107872 9095
1782828238861 0.21591384708881378 9096
1782828238863 0.1586276739835739 9097
1782828238864 0.4366866946220398 9098
1782828238865 0.06842802464962006 9099
1782828238867 0.08364241570234299 9100
1782828238868 0.130222886800766 9101
1782828238870 0.12378111481666565 9102
1782828238871 0.03712775558233261 9103
1782828238872 0.004913880489766598 9104
1782828238874 0.029648030176758766 9105
1782828238875 0.07420050352811813 9106
1782828238876 0.038305241614580154 9107
1782828238878 0.26747357845306396 9108
1782828238879 0.0356394499540329 9109
1782828238880 0.15783193707466125 9110
1782828238882 0.12924839556217194 9111
1782828238883 0.029225975275039673 9112
1782828238884 0.03498265519738197 9113
1782828238886 0.07507780939340591 9114
1782828238887 0.07154955714941025 9115
1782828238888 0.1147773489356041 9116
1782828238890 0.03789645805954933 9117
1782828238891 0.05696190893650055 9118
1782828238892 0.32346367835998535 9119
1782828238894 0.07020837813615799 9120
1782828238895 0.1620190441608429 9121
1782828238896 0.021861745044589043 9122
1782828238898 0.08160773664712906 9123
1782828238899 0.02052936516702175 9124
1782828238900 0.014546697027981281 9125
1782828238902 0.016379058361053467 9126
1782828238903 0.05584724619984627 9127
1782828238905 0.1498909741640091 9128
1782828238906 0.052508510649204254 9129
1782828238907 0.05932542309165001 9130
1782828238908 0.02541373297572136 9131
1782828238910 0.0107763996347785 9132
1782828238911 0.013945385813713074 9133
1782828238912 0.0717550739645958 9134
1782828238914 0.03265146166086197 9135
1782828238915 0.07070682942867279 9136
1782828238916 0.11330822110176086 9137
1782828238918 0.07434999197721481 9138
1782828238919 0.04019540920853615 9139
1782828238920 0.003313042689114809 9140
1782828238922 0.09433179348707199 9141
1782828238923 0.08112742751836777 9142
1782828238925 0.06078236922621727 9143
1782828238926 0.047660551965236664 9144
1782828238928 0.05041319504380226 9145
1782828238929 0.28012219071388245 9146
1782828238930 0.04307269677519798 9147
1782828238931 0.07666944712400436 9148
1782828238933 0.031895413994789124 9149
1782828238934 0.011310040019452572 9150
1782828238935 0.17808972299098969 9151
1782828238937 0.0027608745731413364 9152
1782828238938 0.2938159704208374 9153
1782828238939 0.04654025286436081 9154
1782828238940 0.179562509059906 9155
1782828238942 0.032900191843509674 9156
1782828238943 0.05398587882518768 9157
1782828238944 0.037138067185878754 9158
1782828238946 0.025548206642270088 9159
1782828238947 0.10879013687372208 9160
1782828238948 0.21374276280403137 9161
1782828238950 0.08167418092489243 9162
1782828238951 0.04929197207093239 9163
1782828238952 0.004280444234609604 9164
1782828238953 0.08930101990699768 9165
1782828238955 0.16829577088356018 9166
1782828238956 0.3629242479801178 9167
1782828238957 0.1839408129453659 9168
1782828238959 0.010551637038588524 9169
1782828238960 0.06499842554330826 9170
1782828238961 0.013600094243884087 9171
1782828238963 0.0182719174772501 9172
1782828238964 0.0711580365896225 9173
1782828238965 0.040548235177993774 9174
1782828238967 0.20906008780002594 9175
1782828238968 0.0305292047560215 9176
1782828238970 0.0448087714612484 9177
1782828238971 0.08012673258781433 9178
1782828238973 0.0011927400482818484 9179
1782828238974 0.03311903029680252 9180
1782828238976 0.035764824599027634 9181
1782828238977 0.08091163635253906 9182
1782828238978 0.025655310600996017 9183
1782828238980 0.06852025538682938 9184
1782828238981 0.1214819923043251 9185
1782828238982 0.35113775730133057 9186
1782828238984 0.06868940591812134 9187
1782828238985 0.07465513795614243 9188
1782828238986 0.056634776294231415 9189
1782828238988 0.02501438930630684 9190
1782828238989 0.10701937228441238 9191
1782828238990 0.1966392546892166 9192
1782828238991 0.02523178979754448 9193
1782828238993 0.02594597637653351 9194
1782828238994 0.06600687652826309 9195
1782828238995 0.31948038935661316 9196
1782828238997 0.011059064418077469 9197
1782828238998 0.014585073105990887 9198
1782828238999 0.03469070419669151 9199
1782828239001 0.13559287786483765 9200
1782828239002 0.04492311179637909 9201
1782828239003 0.24564576148986816 9202
1782828239005 0.10684502124786377 9203
1782828239006 0.067276231944561 9204
1782828239007 0.10072945058345795 9205
1782828239008 0.20159365236759186 9206
1782828239010 0.07800722122192383 9207
1782828239011 0.05640829727053642 9208
1782828239012 0.06260817497968674 9209
1782828239014 0.3653254508972168 9210
1782828239015 0.17987005412578583 9211
1782828239016 0.0251854807138443 9212
1782828239018 0.004898508079349995 9213
1782828239019 0.11707159876823425 9214
1782828239020 0.174026221036911 9215
1782828239022 0.028965100646018982 9216
1782828239023 0.024086639285087585 9217
1782828239024 0.03179910406470299 9218
1782828239026 0.09100370109081268 9219
1782828239027 0.05952119827270508 9220
1782828239028 0.0006041134474799037 9221
1782828239029 0.011990956962108612 9222
1782828239031 0.01844482682645321 9223
1782828239032 0.05355915054678917 9224
1782828239033 0.05276879668235779 9225
1782828239035 0.007933102548122406 9226
1782828239036 0.32366999983787537 9227
1782828239037 0.18454547226428986 9228
1782828239039 0.03319794684648514 9229
1782828239040 0.03249043598771095 9230
1782828239041 0.0821443721652031 9231
1782828239042 0.4131028652191162 9232
1782828239044 0.02007031813263893 9233
1782828239045 0.023932045325636864 9234
1782828239046 0.0674496442079544 9235
1782828239048 0.08262255042791367 9236
1782828239049 0.014125162735581398 9237
1782828239050 0.011605096980929375 9238
1782828239051 0.006199235562235117 9239
1782828239053 0.08340484648942947 9240
1782828239054 0.015076424926519394 9241
1782828239055 0.025296837091445923 9242
1782828239057 0.02285582199692726 9243
1782828239058 0.08983643352985382 9244
1782828239059 0.1626189798116684 9245
1782828239061 0.08715348690748215 9246
1782828239062 0.02017875388264656 9247
1782828239063 0.03811478987336159 9248
1782828239064 0.006513342726975679 9249
1782828239066 0.03715558722615242 9250
1782828239067 0.10981494188308716 9251
1782828239069 0.010972673073410988 9252
1782828239071 0.07549037039279938 9253
1782828239073 0.030225373804569244 9254
1782828239074 0.030383095145225525 9255
1782828239076 0.10403801500797272 9256
1782828239077 0.02367648482322693 9257
1782828239079 0.007525063585489988 9258
1782828239080 0.030765019357204437 9259
1782828239081 0.12409277260303497 9260
1782828239083 0.03288361802697182 9261
1782828239084 0.028859511017799377 9262
1782828239085 0.21071885526180267 9263
1782828239087 0.0033806078135967255 9264
1782828239088 0.05881902202963829 9265
1782828239089 0.23238380253314972 9266
1782828239091 0.023626094684004784 9267
1782828239092 0.005128308665007353 9268
1782828239093 0.012234190478920937 9269
1782828239094 0.05527115240693092 9270
1782828239096 0.06754182279109955 9271
1782828239097 0.21920141577720642 9272
1782828239098 0.061455633491277695 9273
1782828239100 0.0491127073764801 9274
1782828239101 0.10231391340494156 9275
1782828239102 0.30689913034439087 9276
1782828239104 0.2582690119743347 9277
1782828239105 0.029043275862932205 9278
1782828239106 0.046971265226602554 9279
1782828239108 0.06850555539131165 9280
1782828239109 0.030923232436180115 9281
1782828239110 0.007323076017200947 9282
1782828239111 0.028744732961058617 9283
1782828239113 0.018908577039837837 9284
1782828239114 0.5340198278427124 9285
1782828239115 0.02386121079325676 9286
1782828239117 0.005896016489714384 9287
1782828239118 0.05765945091843605 9288
1782828239119 0.019552098587155342 9289
1782828239121 0.035644132643938065 9290
1782828239122 0.06758446246385574 9291
1782828239123 0.0013336504343897104 9292
1782828239124 0.18148258328437805 9293
1782828239126 0.01203911192715168 9294
1782828239127 0.009958061389625072 9295
1782828239128 0.16175146400928497 9296
1782828239130 0.08069706708192825 9297
1782828239131 0.051715459674596786 9298
1782828239132 0.003866019658744335 9299
1782828239133 0.16376394033432007 9300
1782828239135 0.013541411608457565 9301
1782828239136 0.0566423162817955 9302
1782828239137 0.010143387131392956 9303
1782828239139 0.012680885381996632 9304
1782828239140 0.0016254264628514647 9305
1782828239141 0.039310671389102936 9306
1782828239142 0.06764690577983856 9307
1782828239144 0.043013639748096466 9308
1782828239145 0.007352294400334358 9309
1782828239146 0.21365459263324738 9310
1782828239148 0.1537976711988449 9311
1782828239149 0.1485198736190796 9312
1782828239150 0.05845584347844124 9313
1782828239151 0.17027781903743744 9314
1782828239153 0.17192530632019043 9315
1782828239154 0.1217968538403511 9316
1782828239155 0.022775497287511826 9317
1782828239156 0.0930737555027008 9318
1782828239158 0.01512983813881874 9319
1782828239159 0.03396333381533623 9320
1782828239160 0.025457514449954033 9321
1782828239162 0.25618770718574524 9322
1782828239163 0.05294172838330269 9323
1782828239164 0.07601862400770187 9324
1782828239165 0.13617505133152008 9325
1782828239167 0.05515681952238083 9326
1782828239168 0.0687478631734848 9327
1782828239170 0.21823251247406006 9328
1782828239172 0.14453132450580597 9329
1782828239173 0.026932165026664734 9330
1782828239175 0.24537645280361176 9331
1782828239177 0.07391340285539627 9332
1782828239179 0.03241274133324623 9333
1782828239180 0.02052164077758789 9334
1782828239182 0.013443812727928162 9335
1782828239183 0.11972041428089142 9336
1782828239185 0.09818211197853088 9337
1782828239186 0.07444798946380615 9338
1782828239187 0.008130626752972603 9339
1782828239189 0.06965220719575882 9340
1782828239190 0.031041892245411873 9341
1782828239192 0.2024722695350647 9342
1782828239193 0.13153140246868134 9343
1782828239194 0.093348927795887 9344
1782828239196 0.022688167169690132 9345
1782828239197 0.016151143237948418 9346
1782828239199 0.05542587861418724 9347
1782828239200 0.12197921425104141 9348
1782828239201 0.03968435898423195 9349
1782828239203 0.10228902846574783 9350
1782828239204 0.011111916974186897 9351
1782828239206 0.45892879366874695 9352
1782828239207 0.03062248043715954 9353
1782828239208 0.20593807101249695 9354
1782828239210 0.14172150194644928 9355
1782828239211 0.043821223080158234 9356
1782828239213 0.009843706153333187 9357
1782828239214 0.1450040191411972 9358
1782828239215 0.16836947202682495 9359
1782828239217 0.010483608581125736 9360
1782828239218 0.026521198451519012 9361
1782828239219 0.05631904676556587 9362
1782828239221 0.05941164121031761 9363
1782828239222 0.12932734191417694 9364
1782828239223 0.08236546069383621 9365
1782828239225 0.08994309604167938 9366
1782828239226 0.03334352374076843 9367
1782828239227 0.061637964099645615 9368
1782828239229 0.066311776638031 9369
1782828239230 0.3086536228656769 9370
1782828239231 0.009793585166335106 9371
1782828239233 0.04134100303053856 9372
1782828239234 0.0805794894695282 9373
1782828239235 0.020961834117770195 9374
